{
  "type": "FeatureCollection",
  "schema": "bgwf-disturbed-mining-sites-v1",
  "generatedAt": "2026-10-04T09:47:31Z",
  "runtimeDependency": false,
  "featureCount": 19,
  "semantics": "Physical developed/disturbed mining, quarry, tailings, spoil/waste or related footprints. Not legal concession boundaries. Retained independently of current concession status.",
  "features": [
    {
      "type": "Feature",
      "properties": {
        "parent_id": "MINE-ELATSITE",
        "name": "Рудник „Елаците“",
        "component": "рудник",
        "osm_key": "R18451229",
        "osm_type": "R",
        "osm_id": 18451229,
        "geometry_status": "repository-snapshot-verified-osm",
        "source_kind": "OpenStreetMap snapshot",
        "source_url": "https://www.openstreetmap.org/relation/18451229",
        "inventory_revision": "2026-08-18.1",
        "snapshot_at": "2026-10-04T09:47:31Z",
        "legacy_or_historical": false
      },
      "geometry": {
        "type": "Polygon",
        "coordinates": [
          [
            [
              24.005812,
              42.7543659
            ],
            [
              24.0065639,
              42.7536265
            ],
            [
              24.0074255,
              42.7536957
            ],
            [
              24.0078937,
              42.7538263
            ],
            [
              24.0082399,
              42.7543031
            ],
            [
              24.0102859,
              42.7533809
            ],
            [
              24.0106512,
              42.75231
            ],
            [
              24.0114783,
              42.7519391
            ],
            [
              24.0119479,
              42.7518359
            ],
            [
              24.0123695,
              42.75151
            ],
            [
              24.0137385,
              42.752225
            ],
            [
              24.0152943,
              42.7528576
            ],
            [
              24.0158676,
              42.7508983
            ],
            [
              24.0161256,
              42.7499124
            ],
            [
              24.015413,
              42.7486762
            ],
            [
              24.015174,
              42.7481915
            ],
            [
              24.0151382,
              42.7462747
            ],
            [
              24.0152697,
              42.745249
            ],
            [
              24.0154055,
              42.7439647
            ],
            [
              24.0157862,
              42.7434627
            ],
            [
              24.0169636,
              42.7436214
            ],
            [
              24.0174664,
              42.7432753
            ],
            [
              24.0180826,
              42.7432126
            ],
            [
              24.0186482,
              42.7438273
            ],
            [
              24.0190813,
              42.7440086
            ],
            [
              24.0200273,
              42.744698
            ],
            [
              24.0204039,
              42.7449015
            ],
            [
              24.0206964,
              42.7447845
            ],
            [
              24.0216506,
              42.7442689
            ],
            [
              24.0226347,
              42.7439586
            ],
            [
              24.0230793,
              42.7436079
            ],
            [
              24.0227007,
              42.7430228
            ],
            [
              24.02249,
              42.7425412
            ],
            [
              24.0224276,
              42.7413075
            ],
            [
              24.0226753,
              42.7407695
            ],
            [
              24.0232283,
              42.7400434
            ],
            [
              24.023419,
              42.7398538
            ],
            [
              24.0244585,
              42.7400741
            ],
            [
              24.025343,
              42.7407043
            ],
            [
              24.0257336,
              42.7406781
            ],
            [
              24.0262027,
              42.7403169
            ],
            [
              24.0270714,
              42.7392871
            ],
            [
              24.0278324,
              42.7389295
            ],
            [
              24.0287652,
              42.7392637
            ],
            [
              24.0294917,
              42.7397485
            ],
            [
              24.0301505,
              42.7403942
            ],
            [
              24.031495,
              42.74148
            ],
            [
              24.0323634,
              42.742044
            ],
            [
              24.0329307,
              42.7430096
            ],
            [
              24.0337998,
              42.7429269
            ],
            [
              24.0341109,
              42.7433839
            ],
            [
              24.0350765,
              42.7436084
            ],
            [
              24.0358722,
              42.7443182
            ],
            [
              24.0369219,
              42.744743
            ],
            [
              24.0373886,
              42.745204
            ],
            [
              24.0380055,
              42.745074
            ],
            [
              24.038304,
              42.7455177
            ],
            [
              24.0413706,
              42.7467952
            ],
            [
              24.0425828,
              42.7482704
            ],
            [
              24.0430036,
              42.7486808
            ],
            [
              24.0439478,
              42.7494056
            ],
            [
              24.0445486,
              42.7496598
            ],
            [
              24.0444923,
              42.7505517
            ],
            [
              24.0458193,
              42.7524162
            ],
            [
              24.0467279,
              42.7532295
            ],
            [
              24.0477043,
              42.7541539
            ],
            [
              24.048942,
              42.754577
            ],
            [
              24.0491632,
              42.7547807
            ],
            [
              24.049779,
              42.7555961
            ],
            [
              24.0500751,
              42.7562413
            ],
            [
              24.0511073,
              42.7575212
            ],
            [
              24.0514825,
              42.7578583
            ],
            [
              24.0524912,
              42.7582117
            ],
            [
              24.052485,
              42.758558
            ],
            [
              24.0525682,
              42.7589287
            ],
            [
              24.052219,
              42.759137
            ],
            [
              24.051705,
              42.759451
            ],
            [
              24.051172,
              42.760109
            ],
            [
              24.050705,
              42.760297
            ],
            [
              24.050089,
              42.760414
            ],
            [
              24.048582,
              42.760472
            ],
            [
              24.0483812,
              42.7605984
            ],
            [
              24.0487932,
              42.7609632
            ],
            [
              24.0487706,
              42.7615719
            ],
            [
              24.0487632,
              42.7622741
            ],
            [
              24.0490994,
              42.7625338
            ],
            [
              24.0493895,
              42.7636116
            ],
            [
              24.0487451,
              42.7640848
            ],
            [
              24.0479076,
              42.7644264
            ],
            [
              24.0467614,
              42.7640423
            ],
            [
              24.046591,
              42.7642396
            ],
            [
              24.04646,
              42.764824
            ],
            [
              24.0459426,
              42.7647398
            ],
            [
              24.0456258,
              42.7649254
            ],
            [
              24.045698,
              42.7655692
            ],
            [
              24.045989,
              42.7659474
            ],
            [
              24.0459834,
              42.7663168
            ],
            [
              24.0452432,
              42.7663847
            ],
            [
              24.044639,
              42.766039
            ],
            [
              24.044021,
              42.766048
            ],
            [
              24.043381,
              42.766238
            ],
            [
              24.042719,
              42.766555
            ],
            [
              24.041959,
              42.766963
            ],
            [
              24.041341,
              42.76699
            ],
            [
              24.040675,
              42.76695
            ],
            [
              24.039666,
              42.767242
            ],
            [
              24.039021,
              42.767436
            ],
            [
              24.037866,
              42.7683
            ],
            [
              24.03692,
              42.768929
            ],
            [
              24.0368899,
              42.7692672
            ],
            [
              24.0362419,
              42.7694145
            ],
            [
              24.0354807,
              42.7694992
            ],
            [
              24.0351735,
              42.7694896
            ],
            [
              24.033973,
              42.768414
            ],
            [
              24.03312,
              42.767577
            ],
            [
              24.032448,
              42.767244
            ],
            [
              24.031901,
              42.767053
            ],
            [
              24.031381,
              42.766988
            ],
            [
              24.030938,
              42.767121
            ],
            [
              24.030154,
              42.767547
            ],
            [
              24.029635,
              42.767573
            ],
            [
              24.029213,
              42.767416
            ],
            [
              24.028938,
              42.767203
            ],
            [
              24.028785,
              42.766898
            ],
            [
              24.028929,
              42.766625
            ],
            [
              24.029419,
              42.766365
            ],
            [
              24.029922,
              42.766064
            ],
            [
              24.03129,
              42.765767
            ],
            [
              24.032088,
              42.764753
            ],
            [
              24.032599,
              42.763847
            ],
            [
              24.032512,
              42.763063
            ],
            [
              24.032336,
              42.762354
            ],
            [
              24.032322,
              42.762169
            ],
            [
              24.03222,
              42.761935
            ],
            [
              24.032045,
              42.761793
            ],
            [
              24.031649,
              42.761799
            ],
            [
              24.031329,
              42.761875
            ],
            [
              24.031136,
              42.762149
            ],
            [
              24.031007,
              42.763434
            ],
            [
              24.030912,
              42.763688
            ],
            [
              24.030691,
              42.763818
            ],
            [
              24.030372,
              42.763949
            ],
            [
              24.029976,
              42.763882
            ],
            [
              24.02967,
              42.76329
            ],
            [
              24.029517,
              42.762967
            ],
            [
              24.029318,
              42.76288
            ],
            [
              24.028977,
              42.76321
            ],
            [
              24.028491,
              42.763759
            ],
            [
              24.02815,
              42.764071
            ],
            [
              24.027828,
              42.764094
            ],
            [
              24.02758,
              42.764007
            ],
            [
              24.027502,
              42.763755
            ],
            [
              24.027567,
              42.763158
            ],
            [
              24.02783,
              42.762522
            ],
            [
              24.028341,
              42.762027
            ],
            [
              24.028928,
              42.761566
            ],
            [
              24.030348,
              42.760715
            ],
            [
              24.030788,
              42.760366
            ],
            [
              24.0306548,
              42.7601092
            ],
            [
              24.0304451,
              42.759771
            ],
            [
              24.0301435,
              42.75959
            ],
            [
              24.0297788,
              42.7592589
            ],
            [
              24.0294049,
              42.7594925
            ],
            [
              24.028981,
              42.7595983
            ],
            [
              24.0284277,
              42.7601632
            ],
            [
              24.0283062,
              42.7604046
            ],
            [
              24.027577,
              42.760543
            ],
            [
              24.026963,
              42.761631
            ],
            [
              24.0267347,
              42.7623957
            ],
            [
              24.0261421,
              42.7629547
            ],
            [
              24.0260353,
              42.7633631
            ],
            [
              24.0263648,
              42.7641639
            ],
            [
              24.0263522,
              42.7646329
            ],
            [
              24.0259816,
              42.7646548
            ],
            [
              24.0256562,
              42.7645492
            ],
            [
              24.0254841,
              42.7646952
            ],
            [
              24.0252673,
              42.7647682
            ],
            [
              24.024804,
              42.7645922
            ],
            [
              24.0244416,
              42.7645384
            ],
            [
              24.0242511,
              42.7645664
            ],
            [
              24.0240885,
              42.7646767
            ],
            [
              24.0236753,
              42.7646267
            ],
            [
              24.0219072,
              42.7640721
            ],
            [
              24.0214036,
              42.7638096
            ],
            [
              24.0210771,
              42.7635754
            ],
            [
              24.0209138,
              42.7633486
            ],
            [
              24.0207201,
              42.7627621
            ],
            [
              24.0202123,
              42.762462
            ],
            [
              24.0190787,
              42.7622373
            ],
            [
              24.0184701,
              42.7618777
            ],
            [
              24.0157694,
              42.7602632
            ],
            [
              24.0151056,
              42.759882
            ],
            [
              24.0148188,
              42.7596755
            ],
            [
              24.0145684,
              42.759322
            ],
            [
              24.0142633,
              42.7585089
            ],
            [
              24.0140549,
              42.7581889
            ],
            [
              24.0138393,
              42.7578599
            ],
            [
              24.0132321,
              42.7575844
            ],
            [
              24.0128894,
              42.7575598
            ],
            [
              24.012545,
              42.7574071
            ],
            [
              24.0123364,
              42.75707
            ],
            [
              24.0120186,
              42.7568399
            ],
            [
              24.0101533,
              42.7569483
            ],
            [
              24.0091455,
              42.7570711
            ],
            [
              24.0079505,
              42.7570639
            ],
            [
              24.0066431,
              42.7563334
            ],
            [
              24.00584,
              42.7549668
            ],
            [
              24.005812,
              42.7543659
            ]
          ]
        ]
      }
    },
    {
      "type": "Feature",
      "properties": {
        "parent_id": "ELSHITSA-RED-LAKE-OSM",
        "name": "Елшица · „Червеното езеро“",
        "component": "минно засегната водна площ",
        "osm_key": "W1238912175",
        "osm_type": "W",
        "osm_id": 1238912175,
        "geometry_status": "repository-snapshot-verified-osm",
        "source_kind": "OpenStreetMap snapshot",
        "source_url": "https://www.openstreetmap.org/way/1238912175",
        "inventory_revision": "2026-10-01.1",
        "snapshot_at": "2026-10-04T09:47:31Z",
        "legacy_or_historical": false
      },
      "geometry": {
        "type": "Polygon",
        "coordinates": [
          [
            [
              24.2127037,
              42.3592932
            ],
            [
              24.2127199,
              42.3592396
            ],
            [
              24.2128372,
              42.3591844
            ],
            [
              24.2130078,
              42.3591293
            ],
            [
              24.2131038,
              42.3590071
            ],
            [
              24.2130718,
              42.3588771
            ],
            [
              24.2130558,
              42.3587668
            ],
            [
              24.2131091,
              42.3586407
            ],
            [
              24.2131944,
              42.3585935
            ],
            [
              24.2132744,
              42.3586132
            ],
            [
              24.2133064,
              42.358688
            ],
            [
              24.2133224,
              42.3587826
            ],
            [
              24.213381,
              42.3588732
            ],
            [
              24.213493,
              42.3589205
            ],
            [
              24.2135195,
              42.3589501
            ],
            [
              24.2135007,
              42.3589898
            ],
            [
              24.2134551,
              42.3590354
            ],
            [
              24.2133585,
              42.3591583
            ],
            [
              24.2132942,
              42.359293
            ],
            [
              24.2132733,
              42.3593329
            ],
            [
              24.2132352,
              42.3593446
            ],
            [
              24.2131064,
              42.3593485
            ],
            [
              24.2129401,
              42.3593247
            ],
            [
              24.2127899,
              42.3593208
            ],
            [
              24.2127265,
              42.3593178
            ],
            [
              24.2127037,
              42.3592932
            ]
          ]
        ]
      }
    },
    {
      "type": "Feature",
      "properties": {
        "parent_id": "MINE-ELSHITSA-OSM",
        "name": "Изоставен меден рудник „Елшица“",
        "component": "рудник",
        "osm_key": "W124105233",
        "osm_type": "W",
        "osm_id": 124105233,
        "geometry_status": "repository-snapshot-verified-osm",
        "source_kind": "OpenStreetMap snapshot",
        "source_url": "https://www.openstreetmap.org/way/124105233",
        "inventory_revision": "2026-10-01.1",
        "snapshot_at": "2026-10-04T09:47:31Z",
        "legacy_or_historical": false
      },
      "geometry": {
        "type": "Polygon",
        "coordinates": [
          [
            [
              24.206996,
              42.350114
            ],
            [
              24.207224,
              42.349845
            ],
            [
              24.207272,
              42.349683
            ],
            [
              24.207522,
              42.34884
            ],
            [
              24.207934,
              42.348876
            ],
            [
              24.208325,
              42.348411
            ],
            [
              24.209353,
              42.347031
            ],
            [
              24.209455,
              42.346438
            ],
            [
              24.212008,
              42.346167
            ],
            [
              24.212102,
              42.346531
            ],
            [
              24.214155,
              42.347589
            ],
            [
              24.215102,
              42.34836
            ],
            [
              24.215296,
              42.34813
            ],
            [
              24.215785,
              42.348838
            ],
            [
              24.21622,
              42.349655
            ],
            [
              24.217091,
              42.350165
            ],
            [
              24.217945,
              42.350305
            ],
            [
              24.218668,
              42.350398
            ],
            [
              24.218994,
              42.350249
            ],
            [
              24.219315,
              42.349712
            ],
            [
              24.218852,
              42.349423
            ],
            [
              24.218582,
              42.348841
            ],
            [
              24.218581,
              42.348125
            ],
            [
              24.219827,
              42.345847
            ],
            [
              24.22066,
              42.344581
            ],
            [
              24.220955,
              42.344122
            ],
            [
              24.22141,
              42.343377
            ],
            [
              24.221991,
              42.342302
            ],
            [
              24.222833,
              42.341665
            ],
            [
              24.224241,
              42.341126
            ],
            [
              24.224364,
              42.342087
            ],
            [
              24.224421,
              42.342636
            ],
            [
              24.22566,
              42.342994
            ],
            [
              24.226208,
              42.34332
            ],
            [
              24.226019,
              42.344018
            ],
            [
              24.226665,
              42.344343
            ],
            [
              24.228251,
              42.344771
            ],
            [
              24.229646,
              42.344795
            ],
            [
              24.229736,
              42.344932
            ],
            [
              24.230431,
              42.345269
            ],
            [
              24.2306,
              42.34553
            ],
            [
              24.230824,
              42.345647
            ],
            [
              24.230994,
              42.345974
            ],
            [
              24.23089,
              42.346106
            ],
            [
              24.23082,
              42.346311
            ],
            [
              24.230527,
              42.346706
            ],
            [
              24.230495,
              42.346844
            ],
            [
              24.229565,
              42.347071
            ],
            [
              24.229218,
              42.347088
            ],
            [
              24.228728,
              42.347297
            ],
            [
              24.228492,
              42.348141
            ],
            [
              24.228552,
              42.34891
            ],
            [
              24.22855,
              42.349245
            ],
            [
              24.227865,
              42.349763
            ],
            [
              24.227021,
              42.350147
            ],
            [
              24.225751,
              42.350534
            ],
            [
              24.225133,
              42.350622
            ],
            [
              24.224956,
              42.350464
            ],
            [
              24.224143,
              42.350308
            ],
            [
              24.222846,
              42.350326
            ],
            [
              24.222651,
              42.350311
            ],
            [
              24.222275,
              42.35027
            ],
            [
              24.221525,
              42.350562
            ],
            [
              24.221033,
              42.350764
            ],
            [
              24.220637,
              42.350906
            ],
            [
              24.220223,
              42.351156
            ],
            [
              24.219832,
              42.35182
            ],
            [
              24.219659,
              42.352393
            ],
            [
              24.219363,
              42.3532
            ],
            [
              24.219215,
              42.35372
            ],
            [
              24.219227,
              42.353915
            ],
            [
              24.219131,
              42.354033
            ],
            [
              24.21929,
              42.354838
            ],
            [
              24.219841,
              42.355421
            ],
            [
              24.220491,
              42.356076
            ],
            [
              24.22099,
              42.356439
            ],
            [
              24.22138,
              42.356686
            ],
            [
              24.220187,
              42.358186
            ],
            [
              24.219653,
              42.358186
            ],
            [
              24.219143,
              42.35815
            ],
            [
              24.218829,
              42.357935
            ],
            [
              24.218685,
              42.357612
            ],
            [
              24.218394,
              42.357594
            ],
            [
              24.217666,
              42.357611
            ],
            [
              24.217302,
              42.357468
            ],
            [
              24.217425,
              42.357199
            ],
            [
              24.217742,
              42.356912
            ],
            [
              24.217719,
              42.356625
            ],
            [
              24.217454,
              42.356373
            ],
            [
              24.21697,
              42.356104
            ],
            [
              24.216581,
              42.356086
            ],
            [
              24.216459,
              42.356391
            ],
            [
              24.216287,
              42.35666
            ],
            [
              24.215922,
              42.356785
            ],
            [
              24.215702,
              42.357126
            ],
            [
              24.21529,
              42.357162
            ],
            [
              24.215359,
              42.357843
            ],
            [
              24.215067,
              42.358005
            ],
            [
              24.214313,
              42.35822
            ],
            [
              24.213705,
              42.358417
            ],
            [
              24.213545,
              42.358414
            ],
            [
              24.213431,
              42.358068
            ],
            [
              24.213328,
              42.357993
            ],
            [
              24.213217,
              42.357167
            ],
            [
              24.212606,
              42.356984
            ],
            [
              24.210923,
              42.356995
            ],
            [
              24.210875,
              42.356319
            ],
            [
              24.211173,
              42.355829
            ],
            [
              24.211102,
              42.355528
            ],
            [
              24.211539,
              42.355158
            ],
            [
              24.211349,
              42.354494
            ],
            [
              24.210576,
              42.353812
            ],
            [
              24.210398,
              42.353699
            ],
            [
              24.209898,
              42.353381
            ],
            [
              24.209852,
              42.35304
            ],
            [
              24.209733,
              42.352591
            ],
            [
              24.209542,
              42.352412
            ],
            [
              24.209449,
              42.352325
            ],
            [
              24.209657,
              42.352081
            ],
            [
              24.207922,
              42.351116
            ],
            [
              24.207153,
              42.35037
            ],
            [
              24.206996,
              42.350114
            ]
          ]
        ]
      }
    },
    {
      "type": "Feature",
      "properties": {
        "parent_id": "PERNIK-MINES",
        "name": "Мина „Бела вода“",
        "component": "рудник/кариера",
        "osm_key": "W124105239",
        "osm_type": "W",
        "osm_id": 124105239,
        "geometry_status": "repository-snapshot-verified-osm",
        "source_kind": "OpenStreetMap snapshot",
        "source_url": "https://www.openstreetmap.org/way/124105239",
        "inventory_revision": "2026-10-01.1",
        "snapshot_at": "2026-10-04T09:47:31Z",
        "legacy_or_historical": false
      },
      "geometry": {
        "type": "Polygon",
        "coordinates": [
          [
            [
              22.9633148,
              42.6034656
            ],
            [
              22.9644322,
              42.6026173
            ],
            [
              22.96418,
              42.6022213
            ],
            [
              22.9636383,
              42.6016548
            ],
            [
              22.9641819,
              42.6006967
            ],
            [
              22.964488,
              42.6005083
            ],
            [
              22.9652983,
              42.6005053
            ],
            [
              22.9658449,
              42.5997509
            ],
            [
              22.9664178,
              42.5995923
            ],
            [
              22.9669133,
              42.5995506
            ],
            [
              22.9676636,
              42.5998319
            ],
            [
              22.9681382,
              42.6000328
            ],
            [
              22.9685013,
              42.5999802
            ],
            [
              22.9691683,
              42.5995456
            ],
            [
              22.9697302,
              42.5994151
            ],
            [
              22.9701012,
              42.599168
            ],
            [
              22.9709133,
              42.5990406
            ],
            [
              22.972131,
              42.599001
            ],
            [
              22.972897,
              42.5989608
            ],
            [
              22.9734455,
              42.5988858
            ],
            [
              22.9740802,
              42.5987802
            ],
            [
              22.9746291,
              42.5986795
            ],
            [
              22.9750874,
              42.5987076
            ],
            [
              22.975476,
              42.598802
            ],
            [
              22.975817,
              42.598795
            ],
            [
              22.9759027,
              42.5991114
            ],
            [
              22.9775634,
              42.5991315
            ],
            [
              22.9783962,
              42.5992037
            ],
            [
              22.9796191,
              42.5992909
            ],
            [
              22.9803521,
              42.5995084
            ],
            [
              22.98078,
              42.599599
            ],
            [
              22.9820182,
              42.5998649
            ],
            [
              22.9820996,
              42.6001435
            ],
            [
              22.982563,
              42.6004029
            ],
            [
              22.9834789,
              42.6006833
            ],
            [
              22.9853624,
              42.6009395
            ],
            [
              22.9865072,
              42.6010488
            ],
            [
              22.9888068,
              42.6017092
            ],
            [
              22.9900716,
              42.6017054
            ],
            [
              22.9909119,
              42.6016995
            ],
            [
              22.9922893,
              42.602061
            ],
            [
              22.9935919,
              42.6018368
            ],
            [
              22.9941649,
              42.601991
            ],
            [
              22.9948976,
              42.6021647
            ],
            [
              22.9958569,
              42.6023251
            ],
            [
              22.9967669,
              42.6024028
            ],
            [
              22.9978027,
              42.602426
            ],
            [
              22.9987577,
              42.6023681
            ],
            [
              23.000356,
              42.6026288
            ],
            [
              23.0007372,
              42.6025972
            ],
            [
              23.0015565,
              42.6027428
            ],
            [
              23.002126,
              42.6026
            ],
            [
              23.00438,
              42.602146
            ],
            [
              23.0052429,
              42.6029529
            ],
            [
              23.0059273,
              42.6031902
            ],
            [
              23.0064389,
              42.6029617
            ],
            [
              23.0073819,
              42.6033154
            ],
            [
              23.0077369,
              42.6041502
            ],
            [
              23.0071594,
              42.6045138
            ],
            [
              23.0077096,
              42.6049429
            ],
            [
              23.009515,
              42.6047142
            ],
            [
              23.0104281,
              42.6039219
            ],
            [
              23.0108442,
              42.6033744
            ],
            [
              23.0115248,
              42.603151
            ],
            [
              23.012071,
              42.602684
            ],
            [
              23.0129252,
              42.602123
            ],
            [
              23.013794,
              42.602195
            ],
            [
              23.0146384,
              42.6017782
            ],
            [
              23.0148755,
              42.6021662
            ],
            [
              23.0145942,
              42.6028444
            ],
            [
              23.0143002,
              42.6030071
            ],
            [
              23.0146412,
              42.6032785
            ],
            [
              23.01462,
              42.6037197
            ],
            [
              23.0143678,
              42.6040533
            ],
            [
              23.0146575,
              42.604435
            ],
            [
              23.0145545,
              42.6047646
            ],
            [
              23.0143284,
              42.6052604
            ],
            [
              23.0139664,
              42.6056203
            ],
            [
              23.0134779,
              42.6060997
            ],
            [
              23.0131356,
              42.6061974
            ],
            [
              23.0124683,
              42.6062162
            ],
            [
              23.0118316,
              42.6064454
            ],
            [
              23.0114293,
              42.6069215
            ],
            [
              23.0112133,
              42.6070713
            ],
            [
              23.010096,
              42.608265
            ],
            [
              23.010094,
              42.608586
            ],
            [
              23.009866,
              42.6091109
            ],
            [
              23.0088766,
              42.6095295
            ],
            [
              23.0079287,
              42.6102533
            ],
            [
              23.0074676,
              42.6110202
            ],
            [
              23.0065791,
              42.6114965
            ],
            [
              23.0053632,
              42.6114182
            ],
            [
              23.0045217,
              42.6112438
            ],
            [
              23.004287,
              42.6113828
            ],
            [
              23.0041704,
              42.6116483
            ],
            [
              23.0038535,
              42.6116237
            ],
            [
              23.0037042,
              42.6116574
            ],
            [
              23.0035669,
              42.6117778
            ],
            [
              23.003336,
              42.6116279
            ],
            [
              23.0030867,
              42.6114042
            ],
            [
              23.0025989,
              42.6114254
            ],
            [
              23.002465,
              42.6113789
            ],
            [
              23.0022967,
              42.6114137
            ],
            [
              23.0020521,
              42.6113543
            ],
            [
              23.0017477,
              42.6113396
            ],
            [
              23.0015499,
              42.6109183
            ],
            [
              23.0007593,
              42.6100395
            ],
            [
              23.0003233,
              42.6088967
            ],
            [
              22.996622,
              42.6087409
            ],
            [
              22.9952599,
              42.6078033
            ],
            [
              22.9945287,
              42.6078049
            ],
            [
              22.993759,
              42.608362
            ],
            [
              22.9924974,
              42.6086864
            ],
            [
              22.9916342,
              42.6084705
            ],
            [
              22.99131,
              42.6076
            ],
            [
              22.990261,
              42.6073416
            ],
            [
              22.989819,
              42.607715
            ],
            [
              22.989693,
              42.607983
            ],
            [
              22.988388,
              42.608424
            ],
            [
              22.987106,
              42.60842
            ],
            [
              22.9862876,
              42.6078081
            ],
            [
              22.9851687,
              42.6070474
            ],
            [
              22.9840516,
              42.6065494
            ],
            [
              22.9827635,
              42.6063306
            ],
            [
              22.9811374,
              42.6058448
            ],
            [
              22.9803936,
              42.605367
            ],
            [
              22.9792017,
              42.6038107
            ],
            [
              22.9787996,
              42.6037988
            ],
            [
              22.9778319,
              42.6038621
            ],
            [
              22.977581,
              42.604923
            ],
            [
              22.9776919,
              42.6058047
            ],
            [
              22.9775911,
              42.606015
            ],
            [
              22.9757839,
              42.6066488
            ],
            [
              22.9748455,
              42.6064294
            ],
            [
              22.9731765,
              42.605147
            ],
            [
              22.9723367,
              42.60432
            ],
            [
              22.9688373,
              42.6038817
            ],
            [
              22.9662415,
              42.6029611
            ],
            [
              22.9656635,
              42.6033185
            ],
            [
              22.9659385,
              42.6039717
            ],
            [
              22.9650079,
              42.6045997
            ],
            [
              22.9643431,
              42.6046634
            ],
            [
              22.9633715,
              42.6040438
            ],
            [
              22.9633148,
              42.6034656
            ]
          ]
        ]
      }
    },
    {
      "type": "Feature",
      "properties": {
        "parent_id": "MINE-BOBOV-DOL",
        "name": "Мина „Бобов дол“",
        "component": "рудник",
        "osm_key": "W124105282",
        "osm_type": "W",
        "osm_id": 124105282,
        "geometry_status": "repository-snapshot-verified-osm",
        "source_kind": "OpenStreetMap snapshot",
        "source_url": "https://www.openstreetmap.org/way/124105282",
        "inventory_revision": "2026-08-18.1",
        "snapshot_at": "2026-10-04T09:47:31Z",
        "legacy_or_historical": false
      },
      "geometry": {
        "type": "Polygon",
        "coordinates": [
          [
            [
              22.9877097,
              42.3906523
            ],
            [
              22.9881005,
              42.3898539
            ],
            [
              22.9884721,
              42.3895943
            ],
            [
              22.989027,
              42.3893613
            ],
            [
              22.9897241,
              42.3885684
            ],
            [
              22.9906139,
              42.3884219
            ],
            [
              22.992935,
              42.387379
            ],
            [
              22.993555,
              42.387382
            ],
            [
              22.993869,
              42.387546
            ],
            [
              22.994208,
              42.387638
            ],
            [
              22.994561,
              42.387658
            ],
            [
              22.994951,
              42.387606
            ],
            [
              22.995428,
              42.387401
            ],
            [
              22.996454,
              42.386632
            ],
            [
              22.996854,
              42.385676
            ],
            [
              22.997175,
              42.384741
            ],
            [
              22.997504,
              42.384465
            ],
            [
              22.997916,
              42.38412
            ],
            [
              22.9977098,
              42.383527
            ],
            [
              22.9980142,
              42.3827828
            ],
            [
              22.9986248,
              42.3816673
            ],
            [
              22.9992449,
              42.3811829
            ],
            [
              22.9988948,
              42.3795192
            ],
            [
              22.9995512,
              42.3791206
            ],
            [
              23.0002415,
              42.3782917
            ],
            [
              23.0008861,
              42.3778932
            ],
            [
              23.0023429,
              42.3770634
            ],
            [
              23.0024288,
              42.3767618
            ],
            [
              23.0028092,
              42.3764338
            ],
            [
              23.0031234,
              42.3762963
            ],
            [
              23.0035041,
              42.376173
            ],
            [
              23.0037461,
              42.3760702
            ],
            [
              23.0040128,
              42.375737
            ],
            [
              23.0049936,
              42.3749213
            ],
            [
              23.0050397,
              42.3748829
            ],
            [
              23.0063678,
              42.3740503
            ],
            [
              23.0065641,
              42.3740091
            ],
            [
              23.0070251,
              42.3739125
            ],
            [
              23.0085794,
              42.3750606
            ],
            [
              23.0094276,
              42.3750228
            ],
            [
              23.0116937,
              42.3732989
            ],
            [
              23.0122338,
              42.3726167
            ],
            [
              23.012597,
              42.371935
            ],
            [
              23.013536,
              42.371322
            ],
            [
              23.015968,
              42.369857
            ],
            [
              23.0166916,
              42.3686115
            ],
            [
              23.0151166,
              42.3682081
            ],
            [
              23.0144403,
              42.3678577
            ],
            [
              23.0145301,
              42.3670972
            ],
            [
              23.0145805,
              42.3663262
            ],
            [
              23.0150234,
              42.3662815
            ],
            [
              23.0152289,
              42.3648698
            ],
            [
              23.0150431,
              42.3647392
            ],
            [
              23.0148543,
              42.3643384
            ],
            [
              23.0149075,
              42.3640487
            ],
            [
              23.0152096,
              42.3638824
            ],
            [
              23.0154612,
              42.3630973
            ],
            [
              23.0167773,
              42.3623082
            ],
            [
              23.0175814,
              42.3617729
            ],
            [
              23.0181368,
              42.3615783
            ],
            [
              23.019193,
              42.36159
            ],
            [
              23.019715,
              42.362215
            ],
            [
              23.020029,
              42.36245
            ],
            [
              23.020554,
              42.362452
            ],
            [
              23.020879,
              42.362303
            ],
            [
              23.020977,
              42.362064
            ],
            [
              23.021824,
              42.361131
            ],
            [
              23.022247,
              42.360743
            ],
            [
              23.022251,
              42.36011
            ],
            [
              23.022577,
              42.358328
            ],
            [
              23.023214,
              42.357316
            ],
            [
              23.023328,
              42.355914
            ],
            [
              23.023754,
              42.35498
            ],
            [
              23.024788,
              42.354265
            ],
            [
              23.02489,
              42.354068
            ],
            [
              23.025757,
              42.354051
            ],
            [
              23.027124,
              42.353978
            ],
            [
              23.02807,
              42.353981
            ],
            [
              23.028065,
              42.354682
            ],
            [
              23.027536,
              42.355304
            ],
            [
              23.027637,
              42.355928
            ],
            [
              23.027632,
              42.356708
            ],
            [
              23.028365,
              42.357256
            ],
            [
              23.028996,
              42.35718
            ],
            [
              23.029526,
              42.356402
            ],
            [
              23.029951,
              42.355702
            ],
            [
              23.029956,
              42.354845
            ],
            [
              23.029752,
              42.353909
            ],
            [
              23.030387,
              42.353131
            ],
            [
              23.031335,
              42.352745
            ],
            [
              23.032071,
              42.352669
            ],
            [
              23.032389,
              42.352281
            ],
            [
              23.032606,
              42.351268
            ],
            [
              23.03272,
              42.349787
            ],
            [
              23.032695,
              42.349573
            ],
            [
              23.03241,
              42.348929
            ],
            [
              23.031678,
              42.348303
            ],
            [
              23.03126,
              42.347911
            ],
            [
              23.030528,
              42.347285
            ],
            [
              23.030671,
              42.347086
            ],
            [
              23.0309005,
              42.3469311
            ],
            [
              23.030951,
              42.346897
            ],
            [
              23.031898,
              42.346666
            ],
            [
              23.032635,
              42.346357
            ],
            [
              23.033268,
              42.345969
            ],
            [
              23.034214,
              42.34605
            ],
            [
              23.03442,
              42.346675
            ],
            [
              23.034416,
              42.347298
            ],
            [
              23.034308,
              42.347766
            ],
            [
              23.034724,
              42.348469
            ],
            [
              23.03451,
              42.34917
            ],
            [
              23.034193,
              42.34948
            ],
            [
              23.03398,
              42.349947
            ],
            [
              23.033769,
              42.350712
            ],
            [
              23.033735,
              42.352359
            ],
            [
              23.034961,
              42.352422
            ],
            [
              23.035816,
              42.352353
            ],
            [
              23.036321,
              42.352312
            ],
            [
              23.036503,
              42.352348
            ],
            [
              23.036769,
              42.352485
            ],
            [
              23.03695,
              42.352684
            ],
            [
              23.037021,
              42.352883
            ],
            [
              23.036996,
              42.35309
            ],
            [
              23.037186,
              42.353656
            ],
            [
              23.036625,
              42.354008
            ],
            [
              23.036501,
              42.354458
            ],
            [
              23.036738,
              42.355289
            ],
            [
              23.036784,
              42.355392
            ],
            [
              23.03678,
              42.356037
            ],
            [
              23.036673,
              42.356349
            ],
            [
              23.036038,
              42.357126
            ],
            [
              23.036344,
              42.358764
            ],
            [
              23.03592,
              42.35923
            ],
            [
              23.035917,
              42.359698
            ],
            [
              23.036123,
              42.3604
            ],
            [
              23.036031,
              42.360927
            ],
            [
              23.035171,
              42.361411
            ],
            [
              23.03454,
              42.361564
            ],
            [
              23.034327,
              42.361953
            ],
            [
              23.034744,
              42.3625
            ],
            [
              23.035161,
              42.363125
            ],
            [
              23.034858,
              42.363607
            ],
            [
              23.034563,
              42.363807
            ],
            [
              23.034524,
              42.364215
            ],
            [
              23.034205,
              42.364759
            ],
            [
              23.033678,
              42.364991
            ],
            [
              23.033158,
              42.365285
            ],
            [
              23.03303,
              42.366124
            ],
            [
              23.033086,
              42.366394
            ],
            [
              23.033145,
              42.366679
            ],
            [
              23.03326,
              42.367143
            ],
            [
              23.032983,
              42.367577
            ],
            [
              23.033164,
              42.368555
            ],
            [
              23.032945,
              42.369192
            ],
            [
              23.03219,
              42.369589
            ],
            [
              23.031542,
              42.370065
            ],
            [
              23.031109,
              42.370462
            ],
            [
              23.031102,
              42.371658
            ],
            [
              23.030991,
              42.372216
            ],
            [
              23.030559,
              42.372533
            ],
            [
              23.03009,
              42.372532
            ],
            [
              23.029276,
              42.372697
            ],
            [
              23.02877,
              42.372434
            ],
            [
              23.028422,
              42.371708
            ],
            [
              23.02831,
              42.370896
            ],
            [
              23.028198,
              42.370587
            ],
            [
              23.02764,
              42.370462
            ],
            [
              23.026837,
              42.370679
            ],
            [
              23.026093,
              42.371018
            ],
            [
              23.025224,
              42.371266
            ],
            [
              23.024593,
              42.371289
            ],
            [
              23.023809,
              42.371576
            ],
            [
              23.02361,
              42.372097
            ],
            [
              23.023613,
              42.372438
            ],
            [
              23.024104,
              42.37291
            ],
            [
              23.025284,
              42.373472
            ],
            [
              23.025387,
              42.37411
            ],
            [
              23.024522,
              42.374905
            ],
            [
              23.024519,
              42.375463
            ],
            [
              23.024513,
              42.37634
            ],
            [
              23.023867,
              42.376497
            ],
            [
              23.023009,
              42.376096
            ],
            [
              23.022041,
              42.376092
            ],
            [
              23.021503,
              42.37617
            ],
            [
              23.02107,
              42.376727
            ],
            [
              23.020635,
              42.377443
            ],
            [
              23.019665,
              42.377759
            ],
            [
              23.018807,
              42.377357
            ],
            [
              23.017736,
              42.376715
            ],
            [
              23.016876,
              42.376633
            ],
            [
              23.016001,
              42.377347
            ],
            [
              23.016278,
              42.378321
            ],
            [
              23.015399,
              42.378731
            ],
            [
              23.015394,
              42.379221
            ],
            [
              23.014769,
              42.379582
            ],
            [
              23.014541,
              42.38019
            ],
            [
              23.01413,
              42.380749
            ],
            [
              23.013388,
              42.381682
            ],
            [
              23.012648,
              42.38238
            ],
            [
              23.012431,
              42.383315
            ],
            [
              23.012111,
              42.384094
            ],
            [
              23.011508,
              42.385374
            ],
            [
              23.011703,
              42.386196
            ],
            [
              23.011464,
              42.386586
            ],
            [
              23.010934,
              42.387285
            ],
            [
              23.011036,
              42.387754
            ],
            [
              23.011242,
              42.388456
            ],
            [
              23.010713,
              42.388922
            ],
            [
              23.010186,
              42.389076
            ],
            [
              23.009661,
              42.388918
            ],
            [
              23.00956,
              42.388294
            ],
            [
              23.008932,
              42.387824
            ],
            [
              23.008301,
              42.387822
            ],
            [
              23.007984,
              42.388132
            ],
            [
              23.007558,
              42.388988
            ],
            [
              23.007028,
              42.389532
            ],
            [
              23.006396,
              42.389686
            ],
            [
              23.004293,
              42.389678
            ],
            [
              23.003343,
              42.390298
            ],
            [
              23.004911,
              42.391707
            ],
            [
              23.004693,
              42.392798
            ],
            [
              23.005108,
              42.393813
            ],
            [
              23.004573,
              42.395058
            ],
            [
              23.00392,
              42.395512
            ],
            [
              23.00232,
              42.394547
            ],
            [
              23.001402,
              42.394337
            ],
            [
              23.00119,
              42.394313
            ],
            [
              23.000925,
              42.39399
            ],
            [
              23.0004,
              42.393911
            ],
            [
              22.999452,
              42.394219
            ],
            [
              22.998997,
              42.394595
            ],
            [
              22.998674,
              42.394694
            ],
            [
              22.995842,
              42.395494
            ],
            [
              22.995213,
              42.395102
            ],
            [
              22.994904,
              42.394243
            ],
            [
              22.994754,
              42.393905
            ],
            [
              22.993998,
              42.393865
            ],
            [
              22.992497,
              42.393222
            ],
            [
              22.9904348,
              42.3924943
            ],
            [
              22.98917,
              42.392093
            ],
            [
              22.9887272,
              42.3917756
            ],
            [
              22.988276,
              42.391476
            ],
            [
              22.9878456,
              42.3910693
            ],
            [
              22.9877097,
              42.3906523
            ]
          ]
        ]
      }
    },
    {
      "type": "Feature",
      "properties": {
        "parent_id": "PERNIK-MINES",
        "name": "Кариера „Калкас“",
        "component": "кариера",
        "osm_key": "W124105560",
        "osm_type": "W",
        "osm_id": 124105560,
        "geometry_status": "repository-snapshot-verified-osm",
        "source_kind": "OpenStreetMap snapshot",
        "source_url": "https://www.openstreetmap.org/way/124105560",
        "inventory_revision": "2026-10-01.1",
        "snapshot_at": "2026-10-04T09:47:31Z",
        "legacy_or_historical": false
      },
      "geometry": {
        "type": "Polygon",
        "coordinates": [
          [
            [
              23.044881,
              42.579699
            ],
            [
              23.044957,
              42.57935
            ],
            [
              23.045217,
              42.579074
            ],
            [
              23.046229,
              42.578497
            ],
            [
              23.047388,
              42.57801
            ],
            [
              23.047714,
              42.577892
            ],
            [
              23.048026,
              42.578273
            ],
            [
              23.048529,
              42.578625
            ],
            [
              23.049179,
              42.578942
            ],
            [
              23.049817,
              42.579116
            ],
            [
              23.050947,
              42.579525
            ],
            [
              23.051807,
              42.579745
            ],
            [
              23.053112,
              42.579733
            ],
            [
              23.0534384,
              42.5793892
            ],
            [
              23.053415,
              42.579064
            ],
            [
              23.0535207,
              42.5789707
            ],
            [
              23.0532269,
              42.5780809
            ],
            [
              23.0530355,
              42.577755
            ],
            [
              23.0534102,
              42.5776758
            ],
            [
              23.0537185,
              42.5778323
            ],
            [
              23.0548714,
              42.5787833
            ],
            [
              23.0553506,
              42.5788751
            ],
            [
              23.0555766,
              42.579007
            ],
            [
              23.0554536,
              42.5792467
            ],
            [
              23.0554994,
              42.5793469
            ],
            [
              23.0556779,
              42.5794759
            ],
            [
              23.0556222,
              42.5801778
            ],
            [
              23.0568131,
              42.5801284
            ],
            [
              23.0577078,
              42.5803012
            ],
            [
              23.058253,
              42.580495
            ],
            [
              23.0585684,
              42.5806131
            ],
            [
              23.0584308,
              42.5811639
            ],
            [
              23.0582329,
              42.5815378
            ],
            [
              23.057616,
              42.5815716
            ],
            [
              23.0571195,
              42.5815898
            ],
            [
              23.0569333,
              42.5818139
            ],
            [
              23.0569007,
              42.5821995
            ],
            [
              23.0575576,
              42.5826059
            ],
            [
              23.058721,
              42.582972
            ],
            [
              23.058881,
              42.5834021
            ],
            [
              23.0593544,
              42.583987
            ],
            [
              23.0588616,
              42.5843524
            ],
            [
              23.0589753,
              42.584624
            ],
            [
              23.05888,
              42.5847477
            ],
            [
              23.0586917,
              42.5847598
            ],
            [
              23.0583774,
              42.5843939
            ],
            [
              23.0583079,
              42.584116
            ],
            [
              23.0581524,
              42.5839362
            ],
            [
              23.0578422,
              42.5837473
            ],
            [
              23.0576024,
              42.5835693
            ],
            [
              23.05719,
              42.583431
            ],
            [
              23.056824,
              42.583178
            ],
            [
              23.0561876,
              42.5829396
            ],
            [
              23.0559587,
              42.5830261
            ],
            [
              23.055754,
              42.5830507
            ],
            [
              23.0555493,
              42.5829884
            ],
            [
              23.0551076,
              42.5827295
            ],
            [
              23.0545475,
              42.5825514
            ],
            [
              23.0541162,
              42.5824759
            ],
            [
              23.0535936,
              42.5824201
            ],
            [
              23.0533377,
              42.582416
            ],
            [
              23.0530657,
              42.5824473
            ],
            [
              23.0525922,
              42.5823567
            ],
            [
              23.052055,
              42.5821415
            ],
            [
              23.0516845,
              42.5820062
            ],
            [
              23.0513193,
              42.5819184
            ],
            [
              23.0502458,
              42.5816219
            ],
            [
              23.0496473,
              42.5813926
            ],
            [
              23.0489844,
              42.5812661
            ],
            [
              23.0479914,
              42.5807421
            ],
            [
              23.0477976,
              42.5806567
            ],
            [
              23.0475881,
              42.5806218
            ],
            [
              23.0471264,
              42.580591
            ],
            [
              23.0463587,
              42.5806043
            ],
            [
              23.0461814,
              42.5805035
            ],
            [
              23.0461888,
              42.5803062
            ],
            [
              23.0463336,
              42.5800335
            ],
            [
              23.0461549,
              42.5799545
            ],
            [
              23.0459617,
              42.5799833
            ],
            [
              23.0456789,
              42.5800836
            ],
            [
              23.0454341,
              42.5800865
            ],
            [
              23.0451772,
              42.5800518
            ],
            [
              23.0449813,
              42.5799602
            ],
            [
              23.044881,
              42.579699
            ]
          ]
        ]
      }
    },
    {
      "type": "Feature",
      "properties": {
        "parent_id": "MINE-ASAREL",
        "name": "Хвостохранилище „Люляковица“",
        "component": "хвостохранилище",
        "osm_key": "W124105571",
        "osm_type": "W",
        "osm_id": 124105571,
        "geometry_status": "repository-snapshot-verified-osm",
        "source_kind": "OpenStreetMap snapshot",
        "source_url": "https://www.openstreetmap.org/way/124105571",
        "inventory_revision": "2026-10-01.1",
        "snapshot_at": "2026-10-04T09:47:31Z",
        "legacy_or_historical": false
      },
      "geometry": {
        "type": "Polygon",
        "coordinates": [
          [
            [
              24.0783056,
              42.5665979
            ],
            [
              24.0786057,
              42.5651582
            ],
            [
              24.0796337,
              42.5641814
            ],
            [
              24.0805782,
              42.5638732
            ],
            [
              24.0827807,
              42.5638623
            ],
            [
              24.0849108,
              42.5632789
            ],
            [
              24.0891048,
              42.5625462
            ],
            [
              24.0929063,
              42.5616208
            ],
            [
              24.0942589,
              42.5608315
            ],
            [
              24.0950934,
              42.560031
            ],
            [
              24.0963724,
              42.5590672
            ],
            [
              24.0971416,
              42.5588156
            ],
            [
              24.0993313,
              42.5576867
            ],
            [
              24.101698,
              42.556207
            ],
            [
              24.105727,
              42.551894
            ],
            [
              24.1082838,
              42.5499581
            ],
            [
              24.1107458,
              42.549425
            ],
            [
              24.1135651,
              42.5501735
            ],
            [
              24.114552,
              42.5509729
            ],
            [
              24.114379,
              42.5516299
            ],
            [
              24.1138633,
              42.553943
            ],
            [
              24.1141162,
              42.5555912
            ],
            [
              24.115801,
              42.556583
            ],
            [
              24.1177263,
              42.5570793
            ],
            [
              24.1184622,
              42.558098
            ],
            [
              24.1186392,
              42.5584465
            ],
            [
              24.1167,
              42.559648
            ],
            [
              24.112559,
              42.562218
            ],
            [
              24.1090605,
              42.5655913
            ],
            [
              24.1057885,
              42.5676923
            ],
            [
              24.1014453,
              42.5690198
            ],
            [
              24.0998177,
              42.5702068
            ],
            [
              24.0972597,
              42.5703112
            ],
            [
              24.0944064,
              42.5686122
            ],
            [
              24.0913718,
              42.5689298
            ],
            [
              24.0910175,
              42.5702113
            ],
            [
              24.089696,
              42.571314
            ],
            [
              24.0843387,
              42.5714877
            ],
            [
              24.082428,
              42.5700149
            ],
            [
              24.0822378,
              42.5682884
            ],
            [
              24.0814409,
              42.5672614
            ],
            [
              24.0794664,
              42.5673806
            ],
            [
              24.0783056,
              42.5665979
            ]
          ]
        ]
      }
    },
    {
      "type": "Feature",
      "properties": {
        "parent_id": "MINE-TSAR-ASEN-OSM",
        "name": "Рудник „Цар Асен“",
        "component": "рудник",
        "osm_key": "W124105629",
        "osm_type": "W",
        "osm_id": 124105629,
        "geometry_status": "repository-snapshot-verified-osm",
        "source_kind": "OpenStreetMap snapshot",
        "source_url": "https://www.openstreetmap.org/way/124105629",
        "inventory_revision": "2026-10-01.1",
        "snapshot_at": "2026-10-04T09:47:31Z",
        "legacy_or_historical": false
      },
      "geometry": {
        "type": "Polygon",
        "coordinates": [
          [
            [
              24.328329,
              42.35285
            ],
            [
              24.328355,
              42.352489
            ],
            [
              24.328956,
              42.352022
            ],
            [
              24.329485,
              42.351838
            ],
            [
              24.329879,
              42.351778
            ],
            [
              24.329874,
              42.351667
            ],
            [
              24.329852,
              42.351004
            ],
            [
              24.331368,
              42.350923
            ],
            [
              24.332221,
              42.350847
            ],
            [
              24.332433,
              42.3508
            ],
            [
              24.333112,
              42.351023
            ],
            [
              24.334038,
              42.351025
            ],
            [
              24.334574,
              42.350937
            ],
            [
              24.335566,
              42.35172
            ],
            [
              24.335682,
              42.352463
            ],
            [
              24.335965,
              42.353017
            ],
            [
              24.336691,
              42.353368
            ],
            [
              24.337514,
              42.353578
            ],
            [
              24.338216,
              42.352833
            ],
            [
              24.340229,
              42.352844
            ],
            [
              24.340694,
              42.352845
            ],
            [
              24.341376,
              42.352864
            ],
            [
              24.342231,
              42.353223
            ],
            [
              24.342792,
              42.3536
            ],
            [
              24.343232,
              42.353941
            ],
            [
              24.343672,
              42.354605
            ],
            [
              24.3436398,
              42.3553746
            ],
            [
              24.3435887,
              42.3555306
            ],
            [
              24.3434272,
              42.3560237
            ],
            [
              24.3428998,
              42.3565234
            ],
            [
              24.3426798,
              42.3567318
            ],
            [
              24.3420846,
              42.3570932
            ],
            [
              24.341508,
              42.357254
            ],
            [
              24.341021,
              42.357576
            ],
            [
              24.340413,
              42.357718
            ],
            [
              24.339487,
              42.357806
            ],
            [
              24.338829,
              42.357823
            ],
            [
              24.338248,
              42.357752
            ],
            [
              24.336293,
              42.355926
            ],
            [
              24.33549,
              42.355355
            ],
            [
              24.332925,
              42.356932
            ],
            [
              24.332643,
              42.356665
            ],
            [
              24.332107,
              42.356431
            ],
            [
              24.331791,
              42.356412
            ],
            [
              24.331281,
              42.356679
            ],
            [
              24.330722,
              42.356947
            ],
            [
              24.330334,
              42.357089
            ],
            [
              24.32992,
              42.356998
            ],
            [
              24.329863,
              42.356872
            ],
            [
              24.330003,
              42.355708
            ],
            [
              24.329574,
              42.355089
            ],
            [
              24.328986,
              42.354316
            ],
            [
              24.328367,
              42.353628
            ],
            [
              24.328329,
              42.35285
            ]
          ]
        ]
      }
    },
    {
      "type": "Feature",
      "properties": {
        "parent_id": "PERNIK-MINES",
        "name": "Мина „Куциян“",
        "component": "рудник/кариера",
        "osm_key": "W124105760",
        "osm_type": "W",
        "osm_id": 124105760,
        "geometry_status": "repository-snapshot-verified-osm",
        "source_kind": "OpenStreetMap snapshot",
        "source_url": "https://www.openstreetmap.org/way/124105760",
        "inventory_revision": "2026-10-01.1",
        "snapshot_at": "2026-10-04T09:47:31Z",
        "legacy_or_historical": false
      },
      "geometry": {
        "type": "Polygon",
        "coordinates": [
          [
            [
              23.0661271,
              42.5859407
            ],
            [
              23.0667934,
              42.5858145
            ],
            [
              23.0676599,
              42.5857931
            ],
            [
              23.0683725,
              42.5858008
            ],
            [
              23.0693722,
              42.5856777
            ],
            [
              23.0701335,
              42.5857343
            ],
            [
              23.0706662,
              42.5856873
            ],
            [
              23.071202,
              42.5855429
            ],
            [
              23.0716983,
              42.5854672
            ],
            [
              23.0725111,
              42.5854925
            ],
            [
              23.0730278,
              42.5854417
            ],
            [
              23.0732327,
              42.5853459
            ],
            [
              23.073425,
              42.5853491
            ],
            [
              23.0737092,
              42.5852617
            ],
            [
              23.0741569,
              42.5853061
            ],
            [
              23.0746803,
              42.5852566
            ],
            [
              23.0750436,
              42.5850821
            ],
            [
              23.0759146,
              42.5853496
            ],
            [
              23.0762283,
              42.5857974
            ],
            [
              23.0761585,
              42.5861055
            ],
            [
              23.0766439,
              42.5867865
            ],
            [
              23.0771634,
              42.5873859
            ],
            [
              23.0764173,
              42.5881968
            ],
            [
              23.076343,
              42.5891479
            ],
            [
              23.0763141,
              42.5901911
            ],
            [
              23.0758035,
              42.5904373
            ],
            [
              23.0751886,
              42.5906066
            ],
            [
              23.0778554,
              42.5932606
            ],
            [
              23.0782099,
              42.5949488
            ],
            [
              23.0777438,
              42.5963541
            ],
            [
              23.0775419,
              42.5969016
            ],
            [
              23.0769896,
              42.5972732
            ],
            [
              23.076895,
              42.6001097
            ],
            [
              23.0765178,
              42.6001137
            ],
            [
              23.0766084,
              42.6013365
            ],
            [
              23.0765253,
              42.6015086
            ],
            [
              23.0749953,
              42.6016596
            ],
            [
              23.0748208,
              42.6015461
            ],
            [
              23.0745957,
              42.6013998
            ],
            [
              23.0744586,
              42.6013106
            ],
            [
              23.0742569,
              42.6005033
            ],
            [
              23.0721638,
              42.5996612
            ],
            [
              23.0718541,
              42.5995955
            ],
            [
              23.0709735,
              42.5998956
            ],
            [
              23.0706064,
              42.5997533
            ],
            [
              23.0712568,
              42.5991362
            ],
            [
              23.0712113,
              42.598808
            ],
            [
              23.0711007,
              42.5985075
            ],
            [
              23.0712772,
              42.5981869
            ],
            [
              23.0724889,
              42.5983349
            ],
            [
              23.0720979,
              42.5972404
            ],
            [
              23.071986,
              42.597115
            ],
            [
              23.071868,
              42.596935
            ],
            [
              23.071377,
              42.596751
            ],
            [
              23.070764,
              42.59663
            ],
            [
              23.069599,
              42.596306
            ],
            [
              23.069252,
              42.596025
            ],
            [
              23.069145,
              42.595836
            ],
            [
              23.0693991,
              42.5958669
            ],
            [
              23.0698638,
              42.5958576
            ],
            [
              23.0704202,
              42.5956079
            ],
            [
              23.0710128,
              42.5959395
            ],
            [
              23.0722062,
              42.5955054
            ],
            [
              23.0725411,
              42.5948148
            ],
            [
              23.072544,
              42.594428
            ],
            [
              23.072618,
              42.594249
            ],
            [
              23.072608,
              42.594061
            ],
            [
              23.07242,
              42.593727
            ],
            [
              23.07214,
              42.5934507
            ],
            [
              23.0712397,
              42.5933218
            ],
            [
              23.0712757,
              42.5929468
            ],
            [
              23.0716323,
              42.5925459
            ],
            [
              23.0722331,
              42.5922296
            ],
            [
              23.0722469,
              42.5916086
            ],
            [
              23.071908,
              42.591228
            ],
            [
              23.071622,
              42.591038
            ],
            [
              23.0711601,
              42.590677
            ],
            [
              23.0702561,
              42.5902029
            ],
            [
              23.0698684,
              42.5897622
            ],
            [
              23.0695402,
              42.5891543
            ],
            [
              23.0688602,
              42.5887523
            ],
            [
              23.0679149,
              42.5875271
            ],
            [
              23.0661271,
              42.5859407
            ]
          ]
        ]
      }
    },
    {
      "type": "Feature",
      "properties": {
        "parent_id": "MINE-ASAREL",
        "name": "Рудник „Асарел“",
        "component": "рудник",
        "osm_key": "W124105802",
        "osm_type": "W",
        "osm_id": 124105802,
        "geometry_status": "repository-snapshot-verified-osm",
        "source_kind": "OpenStreetMap snapshot",
        "source_url": "https://www.openstreetmap.org/way/124105802",
        "inventory_revision": "2026-08-18.1",
        "snapshot_at": "2026-10-04T09:47:31Z",
        "legacy_or_historical": false
      },
      "geometry": {
        "type": "Polygon",
        "coordinates": [
          [
            [
              24.1222584,
              42.5453372
            ],
            [
              24.1227098,
              42.5431665
            ],
            [
              24.1235168,
              42.5424543
            ],
            [
              24.129575,
              42.5395493
            ],
            [
              24.1311172,
              42.5385079
            ],
            [
              24.1344796,
              42.5378233
            ],
            [
              24.1354718,
              42.5380293
            ],
            [
              24.1362079,
              42.5385452
            ],
            [
              24.1374418,
              42.5387262
            ],
            [
              24.1376824,
              42.538408
            ],
            [
              24.136789,
              42.536883
            ],
            [
              24.1377684,
              42.5357812
            ],
            [
              24.1371143,
              42.5351456
            ],
            [
              24.137339,
              42.5343725
            ],
            [
              24.1376011,
              42.5327839
            ],
            [
              24.1391547,
              42.5315065
            ],
            [
              24.1397581,
              42.5311571
            ],
            [
              24.1412952,
              42.5311887
            ],
            [
              24.1430742,
              42.5319534
            ],
            [
              24.143571,
              42.532927
            ],
            [
              24.144327,
              42.534128
            ],
            [
              24.14424,
              42.534429
            ],
            [
              24.14419,
              42.534877
            ],
            [
              24.144603,
              42.535632
            ],
            [
              24.144991,
              42.536114
            ],
            [
              24.143915,
              42.536578
            ],
            [
              24.142601,
              42.53785
            ],
            [
              24.14308,
              42.538268
            ],
            [
              24.144227,
              42.538235
            ],
            [
              24.144123,
              42.538751
            ],
            [
              24.144128,
              42.539232
            ],
            [
              24.143189,
              42.539735
            ],
            [
              24.142665,
              42.539889
            ],
            [
              24.142176,
              42.540334
            ],
            [
              24.141858,
              42.540799
            ],
            [
              24.141759,
              42.541139
            ],
            [
              24.141876,
              42.541614
            ],
            [
              24.1436322,
              42.5450902
            ],
            [
              24.145289,
              42.541071
            ],
            [
              24.146214,
              42.541033
            ],
            [
              24.14633,
              42.541867
            ],
            [
              24.146446,
              42.542549
            ],
            [
              24.14741,
              42.542616
            ],
            [
              24.147559,
              42.542832
            ],
            [
              24.148369,
              42.543273
            ],
            [
              24.148285,
              42.543736
            ],
            [
              24.148859,
              42.544154
            ],
            [
              24.150028,
              42.545191
            ],
            [
              24.151056,
              42.545185
            ],
            [
              24.153109,
              42.544025
            ],
            [
              24.152828,
              42.543879
            ],
            [
              24.152699,
              42.543392
            ],
            [
              24.153832,
              42.542823
            ],
            [
              24.154927,
              42.543659
            ],
            [
              24.159096,
              42.543669
            ],
            [
              24.159285,
              42.543904
            ],
            [
              24.159406,
              42.544263
            ],
            [
              24.159259,
              42.544675
            ],
            [
              24.159087,
              42.544961
            ],
            [
              24.159087,
              42.545194
            ],
            [
              24.160703,
              42.545566
            ],
            [
              24.161288,
              42.545802
            ],
            [
              24.161849,
              42.545876
            ],
            [
              24.162581,
              42.545664
            ],
            [
              24.163262,
              42.545417
            ],
            [
              24.164089,
              42.545446
            ],
            [
              24.164464,
              42.546195
            ],
            [
              24.164349,
              42.54641
            ],
            [
              24.164508,
              42.546697
            ],
            [
              24.164537,
              42.549194
            ],
            [
              24.164901,
              42.549634
            ],
            [
              24.16593,
              42.54988
            ],
            [
              24.166194,
              42.550151
            ],
            [
              24.166363,
              42.551193
            ],
            [
              24.166703,
              42.551787
            ],
            [
              24.1669015,
              42.551873
            ],
            [
              24.166996,
              42.551914
            ],
            [
              24.167289,
              42.5517
            ],
            [
              24.167478,
              42.551579
            ],
            [
              24.16767,
              42.551338
            ],
            [
              24.167967,
              42.551248
            ],
            [
              24.168812,
              42.551905
            ],
            [
              24.168518,
              42.552305
            ],
            [
              24.168402,
              42.552659
            ],
            [
              24.168354,
              42.553587
            ],
            [
              24.1681876,
              42.5539087
            ],
            [
              24.168131,
              42.554018
            ],
            [
              24.168015,
              42.554592
            ],
            [
              24.1679956,
              42.5546213
            ],
            [
              24.1676,
              42.555218
            ],
            [
              24.166817,
              42.555985
            ],
            [
              24.16628,
              42.556413
            ],
            [
              24.165377,
              42.556766
            ],
            [
              24.165253,
              42.556882
            ],
            [
              24.164633,
              42.557014
            ],
            [
              24.164153,
              42.557279
            ],
            [
              24.162831,
              42.557168
            ],
            [
              24.161904,
              42.557192
            ],
            [
              24.161728,
              42.557158
            ],
            [
              24.161031,
              42.556888
            ],
            [
              24.15984,
              42.556667
            ],
            [
              24.158994,
              42.556822
            ],
            [
              24.156716,
              42.555682
            ],
            [
              24.156923,
              42.554472
            ],
            [
              24.15593,
              42.553447
            ],
            [
              24.155049,
              42.552972
            ],
            [
              24.154383,
              42.552224
            ],
            [
              24.154237,
              42.55174
            ],
            [
              24.154026,
              42.551493
            ],
            [
              24.153835,
              42.55127
            ],
            [
              24.1537636,
              42.5511036
            ],
            [
              24.153665,
              42.550874
            ],
            [
              24.153275,
              42.550854
            ],
            [
              24.1522708,
              42.5508633
            ],
            [
              24.1516786,
              42.5507602
            ],
            [
              24.1510225,
              42.5506791
            ],
            [
              24.1506964,
              42.5507175
            ],
            [
              24.1501154,
              42.550825
            ],
            [
              24.149859,
              42.551284
            ],
            [
              24.1492,
              42.55171
            ],
            [
              24.148321,
              42.552189
            ],
            [
              24.147913,
              42.552282
            ],
            [
              24.147916,
              42.552564
            ],
            [
              24.147146,
              42.552587
            ],
            [
              24.147045,
              42.553122
            ],
            [
              24.14695,
              42.553886
            ],
            [
              24.146281,
              42.554043
            ],
            [
              24.145765,
              42.554046
            ],
            [
              24.144832,
              42.553747
            ],
            [
              24.1445,
              42.553462
            ],
            [
              24.1423867,
              42.555379
            ],
            [
              24.1410645,
              42.5562118
            ],
            [
              24.1396999,
              42.5563526
            ],
            [
              24.1364777,
              42.5556235
            ],
            [
              24.1337249,
              42.5576571
            ],
            [
              24.1310561,
              42.5574659
            ],
            [
              24.1297199,
              42.5558742
            ],
            [
              24.1272469,
              42.5549781
            ],
            [
              24.125129,
              42.556061
            ],
            [
              24.124133,
              42.556067
            ],
            [
              24.122538,
              42.556077
            ],
            [
              24.122922,
              42.554748
            ],
            [
              24.124718,
              42.554958
            ],
            [
              24.1259582,
              42.5536468
            ],
            [
              24.1256799,
              42.5528901
            ],
            [
              24.1252364,
              42.551585
            ],
            [
              24.1248188,
              42.5502491
            ],
            [
              24.1261736,
              42.5484338
            ],
            [
              24.1222584,
              42.5453372
            ]
          ]
        ]
      }
    },
    {
      "type": "Feature",
      "properties": {
        "parent_id": "MINE-MARITSA-EAST",
        "name": "Открит минен комплекс „Марица-изток“",
        "component": "рудник",
        "osm_key": "W137246419",
        "osm_type": "W",
        "osm_id": 137246419,
        "geometry_status": "repository-snapshot-verified-osm",
        "source_kind": "OpenStreetMap snapshot",
        "source_url": "https://www.openstreetmap.org/way/137246419",
        "inventory_revision": "2026-08-18.1",
        "snapshot_at": "2026-10-04T09:47:31Z",
        "legacy_or_historical": false
      },
      "geometry": {
        "type": "Polygon",
        "coordinates": [
          [
            [
              25.9509362,
              42.2282031
            ],
            [
              25.9523445,
              42.2245629
            ],
            [
              25.9535969,
              42.2197973
            ],
            [
              25.9552897,
              42.2146681
            ],
            [
              25.9564305,
              42.2114022
            ],
            [
              25.9607741,
              42.2119171
            ],
            [
              25.9618484,
              42.2124344
            ],
            [
              25.9669201,
              42.2093814
            ],
            [
              25.971244,
              42.2061021
            ],
            [
              25.9727892,
              42.204989
            ],
            [
              25.9754868,
              42.2050362
            ],
            [
              25.9676481,
              42.2033302
            ],
            [
              25.968638,
              42.2013656
            ],
            [
              25.9665864,
              42.1923219
            ],
            [
              25.9630276,
              42.1877771
            ],
            [
              25.9653391,
              42.1822129
            ],
            [
              25.9665203,
              42.1807288
            ],
            [
              25.968144,
              42.1794321
            ],
            [
              25.9728614,
              42.1778809
            ],
            [
              25.9773296,
              42.1770653
            ],
            [
              25.9822233,
              42.1767364
            ],
            [
              25.9836071,
              42.1755411
            ],
            [
              25.9837907,
              42.1731882
            ],
            [
              25.985025,
              42.164189
            ],
            [
              25.9858587,
              42.1575905
            ],
            [
              25.9873348,
              42.1543862
            ],
            [
              25.990875,
              42.1527488
            ],
            [
              25.9999433,
              42.1513956
            ],
            [
              26.0013332,
              42.1503892
            ],
            [
              26.0091045,
              42.1492727
            ],
            [
              26.0158813,
              42.1485562
            ],
            [
              26.0371636,
              42.1465036
            ],
            [
              26.0390613,
              42.1467636
            ],
            [
              26.0534282,
              42.1508711
            ],
            [
              26.0553696,
              42.1498338
            ],
            [
              26.0658857,
              42.1495253
            ],
            [
              26.0668338,
              42.1503217
            ],
            [
              26.0685853,
              42.1522195
            ],
            [
              26.0685853,
              42.1555156
            ],
            [
              26.06864,
              42.1578715
            ],
            [
              26.0673054,
              42.1598602
            ],
            [
              26.0687874,
              42.160809
            ],
            [
              26.0707528,
              42.161556
            ],
            [
              26.0711638,
              42.1631841
            ],
            [
              26.0725911,
              42.1626192
            ],
            [
              26.0843398,
              42.1598985
            ],
            [
              26.0840351,
              42.1639431
            ],
            [
              26.0871893,
              42.1669017
            ],
            [
              26.0889056,
              42.1718182
            ],
            [
              26.087491,
              42.1763604
            ],
            [
              26.0903737,
              42.1853572
            ],
            [
              26.0874741,
              42.1869556
            ],
            [
              26.0812847,
              42.1881848
            ],
            [
              26.0752969,
              42.1901754
            ],
            [
              26.0688354,
              42.1949352
            ],
            [
              26.0658855,
              42.1954998
            ],
            [
              26.0657,
              42.1947824
            ],
            [
              26.0675925,
              42.1941706
            ],
            [
              26.0692412,
              42.1831733
            ],
            [
              26.0667886,
              42.1868112
            ],
            [
              26.0650445,
              42.1885135
            ],
            [
              26.0640113,
              42.1902209
            ],
            [
              26.0643069,
              42.1919585
            ],
            [
              26.0646373,
              42.1935067
            ],
            [
              26.0642979,
              42.1952449
            ],
            [
              26.064756,
              42.1959396
            ],
            [
              26.067134,
              42.1962836
            ],
            [
              26.0691196,
              42.196834
            ],
            [
              26.0700739,
              42.1982037
            ],
            [
              26.0691128,
              42.1988468
            ],
            [
              26.068454,
              42.2005755
            ],
            [
              26.0601736,
              42.2079194
            ],
            [
              26.0568989,
              42.2134624
            ],
            [
              26.0568679,
              42.2156958
            ],
            [
              26.0546703,
              42.2186282
            ],
            [
              26.0558417,
              42.2213005
            ],
            [
              26.0567622,
              42.2224791
            ],
            [
              26.0584518,
              42.2233685
            ],
            [
              26.0620675,
              42.2252018
            ],
            [
              26.0643991,
              42.2277635
            ],
            [
              26.0619228,
              42.2323276
            ],
            [
              26.0625898,
              42.2344706
            ],
            [
              26.0611325,
              42.2355375
            ],
            [
              26.0605526,
              42.236742
            ],
            [
              26.0600601,
              42.2393291
            ],
            [
              26.0589703,
              42.2438675
            ],
            [
              26.0595871,
              42.2462952
            ],
            [
              26.0586153,
              42.2515262
            ],
            [
              26.0549529,
              42.2521415
            ],
            [
              26.0488315,
              42.2515832
            ],
            [
              26.0399988,
              42.2519298
            ],
            [
              26.0394322,
              42.2548122
            ],
            [
              26.0389853,
              42.2567723
            ],
            [
              26.0426498,
              42.258083
            ],
            [
              26.0444378,
              42.2580116
            ],
            [
              26.0468336,
              42.2630193
            ],
            [
              26.0480564,
              42.265555
            ],
            [
              26.0500954,
              42.2671266
            ],
            [
              26.0549071,
              42.2652799
            ],
            [
              26.0532115,
              42.2682196
            ],
            [
              26.0508853,
              42.2704726
            ],
            [
              26.04783,
              42.2679528
            ],
            [
              26.0455646,
              42.2687789
            ],
            [
              26.043515,
              42.2717852
            ],
            [
              26.0414459,
              42.2768878
            ],
            [
              26.0415103,
              42.2817593
            ],
            [
              26.0342924,
              42.2826687
            ],
            [
              26.0320702,
              42.2849975
            ],
            [
              26.0266475,
              42.2856546
            ],
            [
              26.0231139,
              42.287667
            ],
            [
              26.0202172,
              42.2880159
            ],
            [
              26.0171858,
              42.2875673
            ],
            [
              26.0138849,
              42.2869693
            ],
            [
              26.0116618,
              42.287368
            ],
            [
              26.0109882,
              42.2883647
            ],
            [
              26.0109882,
              42.2897102
            ],
            [
              26.0111229,
              42.2913547
            ],
            [
              26.0104493,
              42.2926005
            ],
            [
              26.0097083,
              42.2943446
            ],
            [
              26.0076873,
              42.294494
            ],
            [
              26.0058011,
              42.2951917
            ],
            [
              26.0036454,
              42.2949923
            ],
            [
              25.9954611,
              42.2926926
            ],
            [
              25.9914651,
              42.2894843
            ],
            [
              25.9912083,
              42.2877826
            ],
            [
              25.9921172,
              42.2865451
            ],
            [
              25.9891495,
              42.2843399
            ],
            [
              25.9874484,
              42.2841318
            ],
            [
              25.9882862,
              42.2794935
            ],
            [
              25.9909134,
              42.2776992
            ],
            [
              25.9942817,
              42.2754562
            ],
            [
              25.9986604,
              42.2735123
            ],
            [
              26.0002098,
              42.2714685
            ],
            [
              26.0006813,
              42.2695244
            ],
            [
              26.0027023,
              42.2671815
            ],
            [
              26.0049253,
              42.2659352
            ],
            [
              26.0056663,
              42.2638413
            ],
            [
              26.0051948,
              42.2621463
            ],
            [
              26.0031065,
              42.2602019
            ],
            [
              26.0022307,
              42.2585566
            ],
            [
              26.0010182,
              42.2579583
            ],
            [
              25.998049,
              42.2558358
            ],
            [
              25.9946779,
              42.256972
            ],
            [
              25.9930017,
              42.2574597
            ],
            [
              25.9904418,
              42.2568116
            ],
            [
              25.9817517,
              42.2537701
            ],
            [
              25.9792592,
              42.2534709
            ],
            [
              25.9758236,
              42.2534709
            ],
            [
              25.9715029,
              42.2526164
            ],
            [
              25.9693566,
              42.2552659
            ],
            [
              25.9679859,
              42.2517305
            ],
            [
              25.9665991,
              42.2518664
            ],
            [
              25.9675,
              42.2537459
            ],
            [
              25.9652473,
              42.2542188
            ],
            [
              25.9641695,
              42.2533213
            ],
            [
              25.9626468,
              42.2523607
            ],
            [
              25.9590714,
              42.2521016
            ],
            [
              25.9600095,
              42.2507659
            ],
            [
              25.9540735,
              42.2423992
            ],
            [
              25.9524268,
              42.2375843
            ],
            [
              25.9519233,
              42.235729
            ],
            [
              25.9509362,
              42.2282031
            ]
          ]
        ]
      }
    },
    {
      "type": "Feature",
      "properties": {
        "parent_id": "PERNIK-MINES",
        "name": "Шлакохранилище · Перник",
        "component": "шлакохранилище",
        "osm_key": "W176656977",
        "osm_type": "W",
        "osm_id": 176656977,
        "geometry_status": "repository-snapshot-verified-osm",
        "source_kind": "OpenStreetMap snapshot",
        "source_url": "https://www.openstreetmap.org/way/176656977",
        "inventory_revision": "2026-10-01.1",
        "snapshot_at": "2026-10-04T09:47:31Z",
        "legacy_or_historical": false
      },
      "geometry": {
        "type": "Polygon",
        "coordinates": [
          [
            [
              23.060809,
              42.5884998
            ],
            [
              23.0612315,
              42.5872431
            ],
            [
              23.0611701,
              42.5869598
            ],
            [
              23.0613304,
              42.5863995
            ],
            [
              23.0615046,
              42.5862054
            ],
            [
              23.0628418,
              42.5861724
            ],
            [
              23.0653184,
              42.5858047
            ],
            [
              23.0657181,
              42.5855717
            ],
            [
              23.0680625,
              42.5880311
            ],
            [
              23.0688559,
              42.589067
            ],
            [
              23.06949,
              42.5903055
            ],
            [
              23.0696286,
              42.5907669
            ],
            [
              23.0695987,
              42.5909079
            ],
            [
              23.0692201,
              42.591039
            ],
            [
              23.0666208,
              42.5930705
            ],
            [
              23.0661722,
              42.5939307
            ],
            [
              23.0655595,
              42.5947472
            ],
            [
              23.0653212,
              42.5949133
            ],
            [
              23.0650441,
              42.594968
            ],
            [
              23.063138,
              42.5942521
            ],
            [
              23.0629118,
              42.5940572
            ],
            [
              23.060858,
              42.5888191
            ],
            [
              23.060809,
              42.5884998
            ]
          ]
        ]
      }
    },
    {
      "type": "Feature",
      "properties": {
        "parent_id": "MINE-RADKA-OSM",
        "name": "Бивша медна мина „Радка“",
        "component": "закрит рудник",
        "osm_key": "W200360355",
        "osm_type": "W",
        "osm_id": 200360355,
        "geometry_status": "repository-snapshot-verified-osm",
        "source_kind": "OpenStreetMap snapshot",
        "source_url": "https://www.openstreetmap.org/way/200360355",
        "inventory_revision": "2026-10-01.1",
        "snapshot_at": "2026-10-04T09:47:31Z",
        "legacy_or_historical": false
      },
      "geometry": {
        "type": "Polygon",
        "coordinates": [
          [
            [
              24.2849993,
              42.4012614
            ],
            [
              24.2860722,
              42.4006909
            ],
            [
              24.2856645,
              42.399962
            ],
            [
              24.2859617,
              42.3992791
            ],
            [
              24.2859863,
              42.3987736
            ],
            [
              24.2855143,
              42.3981715
            ],
            [
              24.2879787,
              42.3978054
            ],
            [
              24.2892694,
              42.3972524
            ],
            [
              24.2910042,
              42.3972033
            ],
            [
              24.2922273,
              42.3972191
            ],
            [
              24.2907467,
              42.4002932
            ],
            [
              24.2924204,
              42.4011013
            ],
            [
              24.2941585,
              42.4017985
            ],
            [
              24.2946123,
              42.4028776
            ],
            [
              24.2943301,
              42.4040802
            ],
            [
              24.292724,
              42.4040342
            ],
            [
              24.2920589,
              42.4023071
            ],
            [
              24.2916726,
              42.4016575
            ],
            [
              24.2903637,
              42.4008177
            ],
            [
              24.2890762,
              42.4010078
            ],
            [
              24.2874455,
              42.4023071
            ],
            [
              24.2867374,
              42.4025448
            ],
            [
              24.2856859,
              42.4024814
            ],
            [
              24.2856645,
              42.4021804
            ],
            [
              24.2849993,
              42.4012614
            ]
          ]
        ]
      }
    },
    {
      "type": "Feature",
      "properties": {
        "parent_id": "MINE-ELATSITE",
        "name": "Хвостохранилище „Чавдар“",
        "component": "хвостохранилище",
        "osm_key": "W25220328",
        "osm_type": "W",
        "osm_id": 25220328,
        "geometry_status": "repository-snapshot-verified-osm",
        "source_kind": "OpenStreetMap snapshot",
        "source_url": "https://www.openstreetmap.org/way/25220328",
        "inventory_revision": "2026-08-18.1",
        "snapshot_at": "2026-10-04T09:47:31Z",
        "legacy_or_historical": false
      },
      "geometry": {
        "type": "Polygon",
        "coordinates": [
          [
            [
              24.0752692,
              42.6763744
            ],
            [
              24.0756578,
              42.67305
            ],
            [
              24.0760414,
              42.6702222
            ],
            [
              24.0776751,
              42.6666617
            ],
            [
              24.0806655,
              42.6654198
            ],
            [
              24.0821253,
              42.6643689
            ],
            [
              24.0831337,
              42.6638588
            ],
            [
              24.0839109,
              42.662979
            ],
            [
              24.0845839,
              42.6628106
            ],
            [
              24.0853734,
              42.66276
            ],
            [
              24.0876085,
              42.6639608
            ],
            [
              24.0880307,
              42.6643075
            ],
            [
              24.088964,
              42.6659177
            ],
            [
              24.0888105,
              42.6682218
            ],
            [
              24.0878037,
              42.669297
            ],
            [
              24.0881414,
              42.6717998
            ],
            [
              24.0874392,
              42.6737238
            ],
            [
              24.0839789,
              42.6747302
            ],
            [
              24.0834331,
              42.6751788
            ],
            [
              24.082749,
              42.6767296
            ],
            [
              24.0820003,
              42.6770774
            ],
            [
              24.0801035,
              42.6770061
            ],
            [
              24.0755149,
              42.6784554
            ],
            [
              24.0752692,
              42.6763744
            ]
          ]
        ]
      }
    },
    {
      "type": "Feature",
      "properties": {
        "parent_id": "MINE-ELATSITE",
        "name": "Хвостохранилище „Калето“",
        "component": "хвостохранилище",
        "osm_key": "W25238366",
        "osm_type": "W",
        "osm_id": 25238366,
        "geometry_status": "repository-snapshot-verified-osm",
        "source_kind": "OpenStreetMap snapshot",
        "source_url": "https://www.openstreetmap.org/way/25238366",
        "inventory_revision": "2026-08-18.1",
        "snapshot_at": "2026-10-04T09:47:31Z",
        "legacy_or_historical": false
      },
      "geometry": {
        "type": "Polygon",
        "coordinates": [
          [
            [
              24.1539148,
              42.661453
            ],
            [
              24.1543229,
              42.6598813
            ],
            [
              24.1572838,
              42.6564994
            ],
            [
              24.1593198,
              42.6554735
            ],
            [
              24.1607917,
              42.6563073
            ],
            [
              24.1603084,
              42.6571089
            ],
            [
              24.15921,
              42.6574775
            ],
            [
              24.1615135,
              42.6582261
            ],
            [
              24.1630019,
              42.6571702
            ],
            [
              24.1695112,
              42.650887
            ],
            [
              24.1688532,
              42.6534866
            ],
            [
              24.1660623,
              42.657171
            ],
            [
              24.1673868,
              42.6582046
            ],
            [
              24.1688102,
              42.6593702
            ],
            [
              24.1699673,
              42.6600128
            ],
            [
              24.1737027,
              42.6598284
            ],
            [
              24.173961,
              42.6604873
            ],
            [
              24.1748859,
              42.6609434
            ],
            [
              24.1759759,
              42.6624913
            ],
            [
              24.1767956,
              42.6634649
            ],
            [
              24.1785723,
              42.663457
            ],
            [
              24.1785947,
              42.6622179
            ],
            [
              24.1803082,
              42.664541
            ],
            [
              24.18256,
              42.66315
            ],
            [
              24.18381,
              42.66307
            ],
            [
              24.1853164,
              42.6639414
            ],
            [
              24.1861876,
              42.6648755
            ],
            [
              24.1867477,
              42.6661836
            ],
            [
              24.1885737,
              42.6687995
            ],
            [
              24.1859023,
              42.6704056
            ],
            [
              24.18286,
              42.67126
            ],
            [
              24.18153,
              42.67156
            ],
            [
              24.1802914,
              42.671674
            ],
            [
              24.179264,
              42.6721336
            ],
            [
              24.1789127,
              42.6720183
            ],
            [
              24.1786498,
              42.6722867
            ],
            [
              24.1783542,
              42.6725386
            ],
            [
              24.178348,
              42.6730255
            ],
            [
              24.1785398,
              42.6733622
            ],
            [
              24.1784408,
              42.6734305
            ],
            [
              24.1780633,
              42.6730983
            ],
            [
              24.17789,
              42.673071
            ],
            [
              24.17776,
              42.6731938
            ],
            [
              24.1776053,
              42.6728617
            ],
            [
              24.176974,
              42.672666
            ],
            [
              24.178088,
              42.6711052
            ],
            [
              24.1784647,
              42.6707288
            ],
            [
              24.1779271,
              42.6707957
            ],
            [
              24.1777167,
              42.6704317
            ],
            [
              24.1774756,
              42.6704284
            ],
            [
              24.176844,
              42.6708367
            ],
            [
              24.1767084,
              42.6708475
            ],
            [
              24.1764386,
              42.6712398
            ],
            [
              24.1758724,
              42.6710096
            ],
            [
              24.17561,
              42.67109
            ],
            [
              24.1751606,
              42.6717513
            ],
            [
              24.1751916,
              42.671897
            ],
            [
              24.1748697,
              42.671947
            ],
            [
              24.1744489,
              42.6724976
            ],
            [
              24.1741518,
              42.6724339
            ],
            [
              24.1739909,
              42.6722064
            ],
            [
              24.1735515,
              42.6722519
            ],
            [
              24.1731682,
              42.6725078
            ],
            [
              24.1730269,
              42.6722003
            ],
            [
              24.1727964,
              42.6720608
            ],
            [
              24.1728212,
              42.671988
            ],
            [
              24.1731739,
              42.6718196
            ],
            [
              24.1733844,
              42.671542
            ],
            [
              24.1735143,
              42.6712553
            ],
            [
              24.1734401,
              42.6708321
            ],
            [
              24.172685,
              42.6704772
            ],
            [
              24.1728803,
              42.6699941
            ],
            [
              24.1719316,
              42.6692593
            ],
            [
              24.171581,
              42.6689887
            ],
            [
              24.1714054,
              42.6685962
            ],
            [
              24.1709655,
              42.6681724
            ],
            [
              24.1705001,
              42.6681436
            ],
            [
              24.1698582,
              42.6686966
            ],
            [
              24.169476,
              42.6690317
            ],
            [
              24.1694169,
              42.6691823
            ],
            [
              24.1691041,
              42.6691797
            ],
            [
              24.1690472,
              42.6689641
            ],
            [
              24.1688116,
              42.6688862
            ],
            [
              24.1691084,
              42.668652
            ],
            [
              24.1691757,
              42.6674586
            ],
            [
              24.1691453,
              42.6670459
            ],
            [
              24.1685007,
              42.6670665
            ],
            [
              24.1685806,
              42.6668988
            ],
            [
              24.1693122,
              42.6653952
            ],
            [
              24.1687254,
              42.6652069
            ],
            [
              24.1692962,
              42.6644432
            ],
            [
              24.168646,
              42.6634034
            ],
            [
              24.167998,
              42.6628716
            ],
            [
              24.1665045,
              42.6625434
            ],
            [
              24.1653007,
              42.6619485
            ],
            [
              24.1637923,
              42.6628716
            ],
            [
              24.1632127,
              42.6631857
            ],
            [
              24.1615672,
              42.6631942
            ],
            [
              24.1610318,
              42.6665338
            ],
            [
              24.1579853,
              42.6653539
            ],
            [
              24.1559481,
              42.6640271
            ],
            [
              24.1539148,
              42.661453
            ]
          ]
        ]
      }
    },
    {
      "type": "Feature",
      "properties": {
        "parent_id": "PERNIK-QUARRIES",
        "name": "Кариера „Студена“",
        "component": "кариера",
        "osm_key": "W583515098",
        "osm_type": "W",
        "osm_id": 583515098,
        "geometry_status": "repository-snapshot-verified-osm",
        "source_kind": "OpenStreetMap snapshot",
        "source_url": "https://www.openstreetmap.org/way/583515098",
        "inventory_revision": "2026-10-01.1",
        "snapshot_at": "2026-10-04T09:47:31Z",
        "legacy_or_historical": false
      },
      "geometry": {
        "type": "Polygon",
        "coordinates": [
          [
            [
              23.1155626,
              42.5136463
            ],
            [
              23.1156665,
              42.5133569
            ],
            [
              23.115909,
              42.5131271
            ],
            [
              23.1161168,
              42.5127355
            ],
            [
              23.1163593,
              42.5126249
            ],
            [
              23.1166249,
              42.5126419
            ],
            [
              23.1168212,
              42.5125823
            ],
            [
              23.1170521,
              42.5126589
            ],
            [
              23.1171214,
              42.5127696
            ],
            [
              23.1171214,
              42.5130079
            ],
            [
              23.1172138,
              42.5131101
            ],
            [
              23.1173283,
              42.5130216
            ],
            [
              23.117469,
              42.5128298
            ],
            [
              23.1180035,
              42.5125239
            ],
            [
              23.1182427,
              42.5124565
            ],
            [
              23.118728,
              42.5124824
            ],
            [
              23.1195439,
              42.5121558
            ],
            [
              23.1194454,
              42.5120106
            ],
            [
              23.1194595,
              42.5118551
            ],
            [
              23.119361,
              42.5116269
            ],
            [
              23.1194524,
              42.5115855
            ],
            [
              23.119572,
              42.5115958
            ],
            [
              23.1200784,
              42.5119276
            ],
            [
              23.1200292,
              42.5120002
            ],
            [
              23.1200081,
              42.5120728
            ],
            [
              23.1201909,
              42.5123009
            ],
            [
              23.1203668,
              42.5123631
            ],
            [
              23.1205918,
              42.5125446
            ],
            [
              23.1206411,
              42.5126639
            ],
            [
              23.1207466,
              42.5126846
            ],
            [
              23.1208521,
              42.5127468
            ],
            [
              23.1208872,
              42.5128349
            ],
            [
              23.1210701,
              42.5129283
            ],
            [
              23.1211615,
              42.5130631
            ],
            [
              23.1214288,
              42.5131719
            ],
            [
              23.1221743,
              42.5132912
            ],
            [
              23.1226456,
              42.5134519
            ],
            [
              23.1229762,
              42.513623
            ],
            [
              23.1234966,
              42.5138718
            ],
            [
              23.1235599,
              42.5140066
            ],
            [
              23.1238694,
              42.5142658
            ],
            [
              23.1238694,
              42.514468
            ],
            [
              23.1241085,
              42.5145665
            ],
            [
              23.1241789,
              42.5146702
            ],
            [
              23.1241085,
              42.5147376
            ],
            [
              23.1241859,
              42.514888
            ],
            [
              23.1243195,
              42.5150228
            ],
            [
              23.1243055,
              42.5151524
            ],
            [
              23.1244743,
              42.5152975
            ],
            [
              23.1244602,
              42.515479
            ],
            [
              23.1243688,
              42.5155723
            ],
            [
              23.1242492,
              42.5155982
            ],
            [
              23.1243477,
              42.5158315
            ],
            [
              23.1243688,
              42.5160596
            ],
            [
              23.1243406,
              42.5162255
            ],
            [
              23.124207,
              42.5163655
            ],
            [
              23.1240663,
              42.5164432
            ],
            [
              23.1241015,
              42.5166299
            ],
            [
              23.1240523,
              42.5167232
            ],
            [
              23.1238835,
              42.5168787
            ],
            [
              23.1236936,
              42.5169098
            ],
            [
              23.1236373,
              42.5169928
            ],
            [
              23.1239397,
              42.5173505
            ],
            [
              23.1233419,
              42.5176097
            ],
            [
              23.1235388,
              42.518154
            ],
            [
              23.1229837,
              42.5182873
            ],
            [
              23.1227328,
              42.518295
            ],
            [
              23.1226118,
              42.518404
            ],
            [
              23.1226604,
              42.5187818
            ],
            [
              23.1217164,
              42.518758
            ],
            [
              23.1218487,
              42.5184988
            ],
            [
              23.1213822,
              42.518455
            ],
            [
              23.1211512,
              42.5181741
            ],
            [
              23.1208975,
              42.5180493
            ],
            [
              23.1207355,
              42.5178167
            ],
            [
              23.1207933,
              42.5176975
            ],
            [
              23.1213475,
              42.5172465
            ],
            [
              23.1211512,
              42.5167443
            ],
            [
              23.1208857,
              42.5166507
            ],
            [
              23.1206894,
              42.5164975
            ],
            [
              23.1205854,
              42.5162762
            ],
            [
              23.1205854,
              42.5159528
            ],
            [
              23.1204469,
              42.5157315
            ],
            [
              23.1201582,
              42.5155613
            ],
            [
              23.1197541,
              42.5154932
            ],
            [
              23.1189573,
              42.5154336
            ],
            [
              23.1185532,
              42.5155358
            ],
            [
              23.118253,
              42.5154421
            ],
            [
              23.1182299,
              42.5156549
            ],
            [
              23.1176295,
              42.5156038
            ],
            [
              23.1173523,
              42.5154762
            ],
            [
              23.1172715,
              42.5152974
            ],
            [
              23.1173292,
              42.5151613
            ],
            [
              23.1175486,
              42.5150336
            ],
            [
              23.1172831,
              42.5148208
            ],
            [
              23.1169597,
              42.5146506
            ],
            [
              23.1165556,
              42.5142676
            ],
            [
              23.1163362,
              42.5139952
            ],
            [
              23.1163131,
              42.513842
            ],
            [
              23.1162092,
              42.5138165
            ],
            [
              23.1160129,
              42.5139782
            ],
            [
              23.1158628,
              42.5140718
            ],
            [
              23.115678,
              42.5140548
            ],
            [
              23.1155626,
              42.5139101
            ],
            [
              23.1155626,
              42.5136463
            ]
          ]
        ]
      }
    },
    {
      "type": "Feature",
      "properties": {
        "parent_id": "PERNIK-QUARRIES",
        "name": "Кариера за инертни материали · Студена",
        "component": "кариера",
        "osm_key": "W583515099",
        "osm_type": "W",
        "osm_id": 583515099,
        "geometry_status": "repository-snapshot-verified-osm",
        "source_kind": "OpenStreetMap snapshot",
        "source_url": "https://www.openstreetmap.org/way/583515099",
        "inventory_revision": "2026-10-01.1",
        "snapshot_at": "2026-10-04T09:47:31Z",
        "legacy_or_historical": false
      },
      "geometry": {
        "type": "Polygon",
        "coordinates": [
          [
            [
              23.1116184,
              42.5117809
            ],
            [
              23.1135562,
              42.5107381
            ],
            [
              23.1136614,
              42.5101381
            ],
            [
              23.1139687,
              42.5099584
            ],
            [
              23.1146144,
              42.510024
            ],
            [
              23.1151488,
              42.5101984
            ],
            [
              23.1155795,
              42.5102367
            ],
            [
              23.115575,
              42.5099691
            ],
            [
              23.1153994,
              42.5096356
            ],
            [
              23.115391,
              42.5095275
            ],
            [
              23.1153113,
              42.5094455
            ],
            [
              23.1151979,
              42.5092544
            ],
            [
              23.1152547,
              42.5091582
            ],
            [
              23.1151917,
              42.5091678
            ],
            [
              23.1151771,
              42.5090719
            ],
            [
              23.1152376,
              42.5090359
            ],
            [
              23.1153174,
              42.5090786
            ],
            [
              23.1154249,
              42.5090371
            ],
            [
              23.1153539,
              42.5089454
            ],
            [
              23.1150099,
              42.508865
            ],
            [
              23.1150132,
              42.5087593
            ],
            [
              23.1150555,
              42.5084636
            ],
            [
              23.1163091,
              42.507502
            ],
            [
              23.1182331,
              42.5071707
            ],
            [
              23.1188934,
              42.5067627
            ],
            [
              23.1187983,
              42.5064421
            ],
            [
              23.1184044,
              42.5065043
            ],
            [
              23.1180106,
              42.5063644
            ],
            [
              23.117673,
              42.5063851
            ],
            [
              23.1174479,
              42.506354
            ],
            [
              23.1173354,
              42.5062295
            ],
            [
              23.1173213,
              42.5061103
            ],
            [
              23.1174831,
              42.5055347
            ],
            [
              23.1175182,
              42.5050784
            ],
            [
              23.1174844,
              42.504953
            ],
            [
              23.1175064,
              42.5048765
            ],
            [
              23.1176266,
              42.5048686
            ],
            [
              23.1177178,
              42.5047396
            ],
            [
              23.1180611,
              42.5046674
            ],
            [
              23.1183798,
              42.5046525
            ],
            [
              23.1185892,
              42.5045601
            ],
            [
              23.1184545,
              42.5043217
            ],
            [
              23.1180906,
              42.5044731
            ],
            [
              23.1179245,
              42.5044618
            ],
            [
              23.1178999,
              42.5043033
            ],
            [
              23.1180494,
              42.5041852
            ],
            [
              23.1180018,
              42.5040233
            ],
            [
              23.1183449,
              42.5040827
            ],
            [
              23.1187116,
              42.503973
            ],
            [
              23.1190325,
              42.5039869
            ],
            [
              23.1192921,
              42.5039175
            ],
            [
              23.1198053,
              42.5038792
            ],
            [
              23.1193415,
              42.5037732
            ],
            [
              23.1188019,
              42.5038229
            ],
            [
              23.1184534,
              42.5038382
            ],
            [
              23.1182777,
              42.5038523
            ],
            [
              23.1179196,
              42.5038191
            ],
            [
              23.1176649,
              42.503836
            ],
            [
              23.1173669,
              42.503723
            ],
            [
              23.1169597,
              42.503654
            ],
            [
              23.1168841,
              42.5035987
            ],
            [
              23.1169299,
              42.5034685
            ],
            [
              23.1172766,
              42.5030396
            ],
            [
              23.1175501,
              42.5027983
            ],
            [
              23.117756,
              42.50264
            ],
            [
              23.118017,
              42.5026868
            ],
            [
              23.1182773,
              42.5028175
            ],
            [
              23.1182598,
              42.5027503
            ],
            [
              23.1185836,
              42.5025231
            ],
            [
              23.1189086,
              42.5025258
            ],
            [
              23.1189828,
              42.502152
            ],
            [
              23.1193521,
              42.5019876
            ],
            [
              23.1194879,
              42.5019606
            ],
            [
              23.119804,
              42.5021035
            ],
            [
              23.1199503,
              42.5021318
            ],
            [
              23.1201539,
              42.5023866
            ],
            [
              23.1203597,
              42.5023917
            ],
            [
              23.1204516,
              42.5023379
            ],
            [
              23.1203935,
              42.50217
            ],
            [
              23.1201451,
              42.5019982
            ],
            [
              23.1200231,
              42.5018262
            ],
            [
              23.119601,
              42.5017151
            ],
            [
              23.1190929,
              42.5015025
            ],
            [
              23.1190048,
              42.5013902
            ],
            [
              23.1191763,
              42.5012944
            ],
            [
              23.1192116,
              42.501159
            ],
            [
              23.119356,
              42.5011482
            ],
            [
              23.1197695,
              42.500837
            ],
            [
              23.1203105,
              42.5014021
            ],
            [
              23.1204301,
              42.501708
            ],
            [
              23.1207114,
              42.5020088
            ],
            [
              23.1207466,
              42.5023458
            ],
            [
              23.1206516,
              42.5023784
            ],
            [
              23.1207291,
              42.502615
            ],
            [
              23.1208099,
              42.5026155
            ],
            [
              23.12084,
              42.502721
            ],
            [
              23.1206897,
              42.5028304
            ],
            [
              23.1207069,
              42.502909
            ],
            [
              23.1213056,
              42.5031414
            ],
            [
              23.1210966,
              42.5028788
            ],
            [
              23.12139,
              42.5025933
            ],
            [
              23.1210702,
              42.5021553
            ],
            [
              23.121356,
              42.5016982
            ],
            [
              23.1217924,
              42.5017771
            ],
            [
              23.1216266,
              42.5020458
            ],
            [
              23.1218108,
              42.5028021
            ],
            [
              23.1220677,
              42.5029295
            ],
            [
              23.1219766,
              42.5028096
            ],
            [
              23.1219725,
              42.5024375
            ],
            [
              23.1219274,
              42.5022103
            ],
            [
              23.1222625,
              42.5021848
            ],
            [
              23.1223482,
              42.5021236
            ],
            [
              23.122431,
              42.5021172
            ],
            [
              23.1226359,
              42.5019411
            ],
            [
              23.1225162,
              42.5017965
            ],
            [
              23.1223051,
              42.5016461
            ],
            [
              23.1222917,
              42.5012277
            ],
            [
              23.1224001,
              42.5009811
            ],
            [
              23.122601,
              42.5008988
            ],
            [
              23.1228082,
              42.5008987
            ],
            [
              23.12286,
              42.5016878
            ],
            [
              23.1232535,
              42.5017276
            ],
            [
              23.1235347,
              42.501627
            ],
            [
              23.1237178,
              42.5016418
            ],
            [
              23.12383,
              42.5017682
            ],
            [
              23.1238673,
              42.5016221
            ],
            [
              23.1243277,
              42.5012524
            ],
            [
              23.1246934,
              42.501145
            ],
            [
              23.1248172,
              42.5012409
            ],
            [
              23.125061,
              42.5010368
            ],
            [
              23.1252954,
              42.5010041
            ],
            [
              23.1250384,
              42.5008101
            ],
            [
              23.1241782,
              42.50081
            ],
            [
              23.1238389,
              42.5010231
            ],
            [
              23.123655,
              42.5009501
            ],
            [
              23.123196,
              42.5010566
            ],
            [
              23.123624,
              42.5006616
            ],
            [
              23.1235053,
              42.500183
            ],
            [
              23.1239189,
              42.5001497
            ],
            [
              23.1241335,
              42.4999659
            ],
            [
              23.1242867,
              42.4998106
            ],
            [
              23.1244614,
              42.4999472
            ],
            [
              23.1255104,
              42.5003777
            ],
            [
              23.1261254,
              42.5008006
            ],
            [
              23.1264458,
              42.5008097
            ],
            [
              23.1270435,
              42.5012742
            ],
            [
              23.1271534,
              42.5012713
            ],
            [
              23.1274975,
              42.5015335
            ],
            [
              23.1274743,
              42.5016731
            ],
            [
              23.1276932,
              42.5018704
            ],
            [
              23.1281397,
              42.5023893
            ],
            [
              23.1285038,
              42.5025793
            ],
            [
              23.1286259,
              42.5025558
            ],
            [
              23.1288592,
              42.5027135
            ],
            [
              23.12942,
              42.5027674
            ],
            [
              23.1295249,
              42.5028384
            ],
            [
              23.1299457,
              42.5031245
            ],
            [
              23.1299136,
              42.5032047
            ],
            [
              23.1300128,
              42.5033791
            ],
            [
              23.1300144,
              42.5036136
            ],
            [
              23.1298561,
              42.5038327
            ],
            [
              23.1296838,
              42.5038121
            ],
            [
              23.1296192,
              42.5038428
            ],
            [
              23.1295415,
              42.5038486
            ],
            [
              23.1294938,
              42.5039044
            ],
            [
              23.1293919,
              42.5038816
            ],
            [
              23.1293136,
              42.5039146
            ],
            [
              23.1291287,
              42.5039118
            ],
            [
              23.1290263,
              42.5040051
            ],
            [
              23.1287741,
              42.5039036
            ],
            [
              23.1286903,
              42.5039416
            ],
            [
              23.1285054,
              42.5038881
            ],
            [
              23.1285479,
              42.5037896
            ],
            [
              23.1284133,
              42.5037519
            ],
            [
              23.1281801,
              42.5039819
            ],
            [
              23.1280434,
              42.503861
            ],
            [
              23.128113,
              42.5037831
            ],
            [
              23.1279935,
              42.5037401
            ],
            [
              23.1276856,
              42.5038432
            ],
            [
              23.1278602,
              42.5039486
            ],
            [
              23.1278354,
              42.5040337
            ],
            [
              23.1279318,
              42.5040937
            ],
            [
              23.1270702,
              42.5046787
            ],
            [
              23.1269823,
              42.5047131
            ],
            [
              23.126952,
              42.504647
            ],
            [
              23.1265984,
              42.5047362
            ],
            [
              23.1264647,
              42.5047777
            ],
            [
              23.1264999,
              42.5051303
            ],
            [
              23.1264366,
              42.5052236
            ],
            [
              23.1266757,
              42.5052755
            ],
            [
              23.1267179,
              42.5050422
            ],
            [
              23.1268586,
              42.504871
            ],
            [
              23.1269852,
              42.5048347
            ],
            [
              23.1272384,
              42.5048814
            ],
            [
              23.1277167,
              42.504674
            ],
            [
              23.1284341,
              42.5049333
            ],
            [
              23.1286943,
              42.5050992
            ],
            [
              23.1293695,
              42.5050629
            ],
            [
              23.1296157,
              42.5051666
            ],
            [
              23.1296227,
              42.5052859
            ],
            [
              23.1295383,
              42.5054466
            ],
            [
              23.1294117,
              42.5055503
            ],
            [
              23.1293976,
              42.5056696
            ],
            [
              23.1294891,
              42.5057577
            ],
            [
              23.1294187,
              42.5058044
            ],
            [
              23.1293062,
              42.5057473
            ],
            [
              23.1291585,
              42.5057888
            ],
            [
              23.1290882,
              42.5058873
            ],
            [
              23.1291374,
              42.5060844
            ],
            [
              23.12906,
              42.5062192
            ],
            [
              23.1288139,
              42.5062969
            ],
            [
              23.1286873,
              42.5064784
            ],
            [
              23.1287787,
              42.5065614
            ],
            [
              23.1290249,
              42.5064629
            ],
            [
              23.1290811,
              42.5063695
            ],
            [
              23.1292499,
              42.5063332
            ],
            [
              23.1294398,
              42.5061932
            ],
            [
              23.1297071,
              42.5064629
            ],
            [
              23.1297423,
              42.5066184
            ],
            [
              23.1299047,
              42.5068192
            ],
            [
              23.1299398,
              42.5066504
            ],
            [
              23.1300605,
              42.5065199
            ],
            [
              23.1303715,
              42.5066821
            ],
            [
              23.1311631,
              42.5064507
            ],
            [
              23.1314458,
              42.5064201
            ],
            [
              23.1315412,
              42.5064407
            ],
            [
              23.1316515,
              42.5065423
            ],
            [
              23.1318107,
              42.5067815
            ],
            [
              23.1317734,
              42.5068802
            ],
            [
              23.1318907,
              42.5071066
            ],
            [
              23.1320253,
              42.5072883
            ],
            [
              23.1321859,
              42.5076201
            ],
            [
              23.132267,
              42.5078071
            ],
            [
              23.1322655,
              42.508018
            ],
            [
              23.13228,
              42.5081759
            ],
            [
              23.1323518,
              42.508227
            ],
            [
              23.1325094,
              42.5082676
            ],
            [
              23.1325474,
              42.5083409
            ],
            [
              23.1324973,
              42.5083628
            ],
            [
              23.132526,
              42.5084156
            ],
            [
              23.1326071,
              42.508388
            ],
            [
              23.1327215,
              42.5086419
            ],
            [
              23.1327325,
              42.5089061
            ],
            [
              23.1328835,
              42.5091066
            ],
            [
              23.1329012,
              42.5091728
            ],
            [
              23.1329897,
              42.5091753
            ],
            [
              23.1330268,
              42.5091954
            ],
            [
              23.1329815,
              42.5094493
            ],
            [
              23.1328755,
              42.5096201
            ],
            [
              23.1327489,
              42.5097957
            ],
            [
              23.1323868,
              42.5101338
            ],
            [
              23.132163,
              42.5100336
            ],
            [
              23.132251,
              42.5098488
            ],
            [
              23.132088,
              42.5098198
            ],
            [
              23.1315006,
              42.5099782
            ],
            [
              23.13136,
              42.5099367
            ],
            [
              23.1311701,
              42.5099419
            ],
            [
              23.1301872,
              42.5102066
            ],
            [
              23.1299174,
              42.5103493
            ],
            [
              23.1296787,
              42.5105423
            ],
            [
              23.1290198,
              42.5110003
            ],
            [
              23.1288151,
              42.5110663
            ],
            [
              23.1285718,
              42.5109761
            ],
            [
              23.1288227,
              42.5108404
            ],
            [
              23.1289615,
              42.5106907
            ],
            [
              23.1291958,
              42.5105549
            ],
            [
              23.1294474,
              42.5105023
            ],
            [
              23.1294965,
              42.5103849
            ],
            [
              23.1290952,
              42.5104604
            ],
            [
              23.1288139,
              42.5107041
            ],
            [
              23.1285747,
              42.5107352
            ],
            [
              23.1283637,
              42.5109115
            ],
            [
              23.1284974,
              42.5110826
            ],
            [
              23.1285185,
              42.5111655
            ],
            [
              23.1284622,
              42.511347
            ],
            [
              23.1283075,
              42.5114144
            ],
            [
              23.1281598,
              42.5113107
            ],
            [
              23.1279488,
              42.5113677
            ],
            [
              23.1278925,
              42.5115855
            ],
            [
              23.1275901,
              42.5118914
            ],
            [
              23.1272525,
              42.5121091
            ],
            [
              23.1271821,
              42.512275
            ],
            [
              23.127147,
              42.5124513
            ],
            [
              23.1271188,
              42.5125653
            ],
            [
              23.1270133,
              42.5127001
            ],
            [
              23.1271892,
              42.5130423
            ],
            [
              23.1271329,
              42.5132549
            ],
            [
              23.1268867,
              42.5135763
            ],
            [
              23.1267179,
              42.513737
            ],
            [
              23.1264788,
              42.5138148
            ],
            [
              23.1262537,
              42.5138096
            ],
            [
              23.1259302,
              42.5136956
            ],
            [
              23.1258739,
              42.5138304
            ],
            [
              23.1255574,
              42.5138615
            ],
            [
              23.1253042,
              42.5139963
            ],
            [
              23.1250369,
              42.514017
            ],
            [
              23.124425,
              42.5139237
            ],
            [
              23.1242773,
              42.5139911
            ],
            [
              23.1241226,
              42.5139755
            ],
            [
              23.1222236,
              42.5132549
            ],
            [
              23.1216257,
              42.5130423
            ],
            [
              23.1212389,
              42.5128142
            ],
            [
              23.1208521,
              42.5124202
            ],
            [
              23.1203668,
              42.5121402
            ],
            [
              23.1203386,
              42.511995
            ],
            [
              23.1201839,
              42.5118395
            ],
            [
              23.1200714,
              42.5117669
            ],
            [
              23.1199377,
              42.5116166
            ],
            [
              23.1198885,
              42.5114558
            ],
            [
              23.1196142,
              42.511321
            ],
            [
              23.1190093,
              42.5110774
            ],
            [
              23.1175863,
              42.5116941
            ],
            [
              23.1169644,
              42.5119297
            ],
            [
              23.116739,
              42.5118239
            ],
            [
              23.1164034,
              42.5112741
            ],
            [
              23.1152293,
              42.5104442
            ],
            [
              23.1149193,
              42.5103837
            ],
            [
              23.114354,
              42.5107865
            ],
            [
              23.1145343,
              42.511537
            ],
            [
              23.1154179,
              42.5123099
            ],
            [
              23.1154307,
              42.5131558
            ],
            [
              23.1155353,
              42.5132852
            ],
            [
              23.1153669,
              42.5135685
            ],
            [
              23.1150795,
              42.5136409
            ],
            [
              23.1147397,
              42.5132148
            ],
            [
              23.1143998,
              42.5130016
            ],
            [
              23.1121852,
              42.5126825
            ],
            [
              23.1120795,
              42.5119277
            ],
            [
              23.1116184,
              42.5117809
            ]
          ]
        ]
      }
    },
    {
      "type": "Feature",
      "properties": {
        "parent_id": "PERNIK-QUARRIES",
        "name": "Кариера „Пери“",
        "component": "кариера",
        "osm_key": "W583516429",
        "osm_type": "W",
        "osm_id": 583516429,
        "geometry_status": "repository-snapshot-verified-osm",
        "source_kind": "OpenStreetMap snapshot",
        "source_url": "https://www.openstreetmap.org/way/583516429",
        "inventory_revision": "2026-10-01.1",
        "snapshot_at": "2026-10-04T09:47:31Z",
        "legacy_or_historical": false
      },
      "geometry": {
        "type": "Polygon",
        "coordinates": [
          [
            [
              23.1132073,
              42.5172877
            ],
            [
              23.1132604,
              42.5171651
            ],
            [
              23.1133972,
              42.5171957
            ],
            [
              23.1133153,
              42.5169625
            ],
            [
              23.1138366,
              42.5169469
            ],
            [
              23.1146112,
              42.5169067
            ],
            [
              23.1150249,
              42.5172063
            ],
            [
              23.1155841,
              42.5172894
            ],
            [
              23.1159382,
              42.5176203
            ],
            [
              23.1162667,
              42.5175864
            ],
            [
              23.1169753,
              42.518034
            ],
            [
              23.1171865,
              42.5184236
            ],
            [
              23.1171687,
              42.5186001
            ],
            [
              23.1175047,
              42.5192137
            ],
            [
              23.1177418,
              42.519187
            ],
            [
              23.1180628,
              42.5191991
            ],
            [
              23.1182879,
              42.5192723
            ],
            [
              23.1184488,
              42.5192319
            ],
            [
              23.1186982,
              42.5193258
            ],
            [
              23.1189871,
              42.5196982
            ],
            [
              23.1192213,
              42.5200528
            ],
            [
              23.1190379,
              42.5203147
            ],
            [
              23.1195818,
              42.52044
            ],
            [
              23.119694,
              42.5204685
            ],
            [
              23.1197673,
              42.5205718
            ],
            [
              23.1196886,
              42.520618
            ],
            [
              23.119421,
              42.520695
            ],
            [
              23.1193715,
              42.5208192
            ],
            [
              23.1194785,
              42.5210654
            ],
            [
              23.1195717,
              42.5212938
            ],
            [
              23.1195395,
              42.5215693
            ],
            [
              23.118989,
              42.5217363
            ],
            [
              23.117705,
              42.5218094
            ],
            [
              23.1145607,
              42.5218212
            ],
            [
              23.1138141,
              42.5213309
            ],
            [
              23.1133716,
              42.5207428
            ],
            [
              23.1136535,
              42.5206764
            ],
            [
              23.1134174,
              42.5195497
            ],
            [
              23.1137891,
              42.5195776
            ],
            [
              23.1136309,
              42.5186777
            ],
            [
              23.1133535,
              42.517374
            ],
            [
              23.1132073,
              42.5172877
            ]
          ]
        ]
      }
    },
    {
      "type": "Feature",
      "properties": {
        "parent_id": "MINE-CHELOPECH",
        "name": "Рудник „Челопеч“ — надземна площадка",
        "component": "рудник/обогатяване",
        "osm_key": "W853545188",
        "osm_type": "W",
        "osm_id": 853545188,
        "geometry_status": "repository-snapshot-verified-osm",
        "source_kind": "OpenStreetMap snapshot",
        "source_url": "https://www.openstreetmap.org/way/853545188",
        "inventory_revision": "2026-08-18.1",
        "snapshot_at": "2026-10-04T09:47:31Z",
        "legacy_or_historical": false
      },
      "geometry": {
        "type": "Polygon",
        "coordinates": [
          [
            [
              24.0701718,
              42.694252
            ],
            [
              24.0703636,
              42.6940992
            ],
            [
              24.0704857,
              42.6939809
            ],
            [
              24.0706788,
              42.693905
            ],
            [
              24.0713333,
              42.693633
            ],
            [
              24.0718107,
              42.6933648
            ],
            [
              24.0723364,
              42.6930761
            ],
            [
              24.0758219,
              42.6948227
            ],
            [
              24.0775734,
              42.6955619
            ],
            [
              24.0764851,
              42.6979216
            ],
            [
              24.0754887,
              42.6974859
            ],
            [
              24.0731873,
              42.6962149
            ],
            [
              24.0701718,
              42.694252
            ]
          ]
        ]
      }
    }
  ]
}
