{"type":"FeatureCollection","name":"ЕПМ България – линии 110/220/400 kV — част 2/3","metadata":{"generated_at":"2026-09-25","source":"OpenStreetMap contributors via Overpass API","license":"ODbL 1.0","voltage_filter_kv":[110,220,400],"qualification":"Индикативни трасета. Наличието на линия не доказва свободен капацитет; присъединяването на ФЕЦ над 10 MWp изисква проучване и становище на ЕСО.","part":2,"parts":3},"features":[{"type":"Feature","properties":{"osm_id":562590256,"voltage":"110000","circuits":"1","cables":"3","name":"","operator":"","ref":""},"geometry":{"type":"LineString","coordinates":[[23.729003,41.588952],[23.72557,41.59168],[23.722564,41.594056],[23.720644,41.595576],[23.718375,41.597336],[23.716527,41.598792],[23.712918,41.601603],[23.7105,41.603515],[23.709377,41.605021],[23.706045,41.609328],[23.703647,41.61246],[23.702146,41.614454],[23.700134,41.617119],[23.69876,41.618863],[23.697282,41.620807],[23.69611,41.622332],[23.69383,41.62529],[23.692601,41.626869],[23.690301,41.63127],[23.688778,41.635415],[23.687617,41.638813],[23.686786,41.641191],[23.685878,41.64386],[23.685082,41.64617],[23.683108,41.649187],[23.681001,41.652451],[23.67933,41.654915],[23.67779,41.657261],[23.676947,41.658506],[23.674845,41.661708],[23.673509,41.663738],[23.673709,41.66684],[23.674035,41.671586],[23.674238,41.674401],[23.67446,41.677591],[23.674647,41.680259],[23.675164,41.687886],[23.67538,41.691094],[23.675506,41.692948],[23.675683,41.695708],[23.675753,41.696687],[23.676091,41.701921],[23.676178,41.703384],[23.676385,41.706516],[23.676737,41.711833],[23.676814,41.713039],[23.676857,41.714626],[23.676905,41.716565],[23.676923,41.718187],[23.676955,41.71982],[23.677021,41.722759],[23.677051,41.724867],[23.677147,41.728759],[23.677195,41.731132],[23.677373,41.737863],[23.677368,41.738736],[23.677479,41.745455],[23.677561,41.747633],[23.677588,41.749637],[23.677669,41.753442],[23.67772,41.755801],[23.677816,41.760279],[23.677944,41.764438],[23.677834,41.767173],[23.67769,41.770761],[23.67774,41.777064],[23.677644,41.778342],[23.677365,41.78203],[23.677293,41.785051],[23.673784,41.787656],[23.669399,41.790809],[23.666953,41.792619],[23.662574,41.79579],[23.655933,41.800667],[23.652414,41.802171],[23.650238,41.803099],[23.636612,41.809307],[23.633597,41.81056],[23.630984,41.811333],[23.628415,41.81243],[23.624731,41.813905],[23.623385,41.816003],[23.621571,41.818822],[23.618197,41.82412],[23.617589,41.825081],[23.614597,41.825147],[23.612197,41.822917],[23.609515,41.820409],[23.607541,41.818702],[23.605907,41.817153],[23.604687,41.816027],[23.602847,41.814903],[23.594589,41.809856],[23.591812,41.808176],[23.58883,41.806357],[23.587357,41.805446],[23.585404,41.804266],[23.584742,41.803861],[23.582424,41.804559],[23.577313,41.806164],[23.574182,41.807131],[23.571148,41.808016],[23.567132,41.808841],[23.562296,41.809805],[23.557768,41.81084],[23.554051,41.811674],[23.549048,41.812809],[23.54518,41.813697],[23.54179,41.814461],[23.537517,41.814512],[23.533403,41.814651],[23.530609,41.814668],[23.526172,41.816012],[23.521741,41.817272],[23.518334,41.818278],[23.51685,41.818718],[23.513396,41.821261],[23.509954,41.823809],[23.508267,41.825726],[23.506231,41.828049],[23.504129,41.830426],[23.502645,41.832118],[23.501994,41.832204]]}},{"type":"Feature","properties":{"osm_id":562590258,"voltage":"110000","circuits":"1","cables":"3","name":"","operator":"","ref":""},"geometry":{"type":"LineString","coordinates":[[23.523814,41.872234],[23.522761,41.872178],[23.521713,41.872133],[23.518408,41.870913],[23.516713,41.867957],[23.515022,41.865705],[23.513258,41.863483],[23.511507,41.861193],[23.509801,41.858994],[23.508417,41.857172],[23.506542,41.854727],[23.504738,41.852351],[23.50285,41.84989],[23.500948,41.847419],[23.499139,41.845089],[23.497361,41.842737],[23.498173,41.840842],[23.500834,41.83921],[23.503538,41.837538],[23.506189,41.835909],[23.504564,41.833676],[23.50293,41.832512],[23.502165,41.832597]]}},{"type":"Feature","properties":{"osm_id":562590259,"voltage":"110000","circuits":"2","cables":"6","name":"","operator":"","ref":""},"geometry":{"type":"LineString","coordinates":[[23.518618,41.873962],[23.522772,41.872406],[23.522788,41.871968],[23.52103,41.870712],[23.519349,41.869546],[23.516982,41.867694],[23.515488,41.865925],[23.513671,41.863556],[23.511861,41.861209],[23.510058,41.858842],[23.50825,41.856495],[23.506494,41.854213],[23.504737,41.851909],[23.502952,41.849586],[23.499328,41.844784],[23.497689,41.842705],[23.499478,41.840455],[23.502167,41.838677],[23.504678,41.837138],[23.506592,41.835965],[23.504959,41.833686],[23.503042,41.832352]]}},{"type":"Feature","properties":{"osm_id":562602710,"voltage":"110000","circuits":"1","cables":"3","name":"","operator":"","ref":""},"geometry":{"type":"LineString","coordinates":[[23.523814,41.872234],[23.524888,41.872164],[23.525408,41.872125],[23.527518,41.871949],[23.52757,41.871944],[23.527855,41.871917],[23.528369,41.871867],[23.530096,41.871709],[23.533859,41.87139],[23.538442,41.870986],[23.541689,41.8707],[23.544277,41.870472],[23.547912,41.870126],[23.55032,41.869939],[23.552626,41.869759],[23.554819,41.869561],[23.557869,41.869287],[23.560432,41.869032],[23.562091,41.868877],[23.56472,41.868711],[23.566556,41.868601],[23.569496,41.868424],[23.572059,41.868271],[23.573997,41.868154],[23.576199,41.868022],[23.578005,41.867913],[23.580555,41.86776],[23.583739,41.867569],[23.585149,41.867484],[23.586826,41.867384],[23.587856,41.867345],[23.590377,41.867197],[23.59211,41.86705],[23.596286,41.866794],[23.59845,41.866028],[23.602316,41.864593],[23.604865,41.863629],[23.607882,41.862515],[23.609191,41.862023],[23.61325,41.860634],[23.614802,41.860188],[23.615492,41.860158],[23.616569,41.860101],[23.618279,41.860038],[23.618944,41.860303],[23.619289,41.860446]]}},{"type":"Feature","properties":{"osm_id":562602711,"voltage":"110000","circuits":"1","cables":"3","name":"","operator":"","ref":""},"geometry":{"type":"LineString","coordinates":[[23.489085,41.8864],[23.489238,41.885901],[23.48993,41.884934],[23.4931,41.8837],[23.496179,41.882497],[23.49814,41.881731],[23.501337,41.880478],[23.504329,41.879314],[23.506978,41.87825],[23.509749,41.877169],[23.512702,41.876017],[23.515407,41.874956],[23.517347,41.874192],[23.518618,41.873962]]}},{"type":"Feature","properties":{"osm_id":562602714,"voltage":"110000","circuits":"1","cables":"3","name":"","operator":"","ref":""},"geometry":{"type":"LineString","coordinates":[[23.31449,41.899127],[23.316649,41.898041],[23.319683,41.897688],[23.320823,41.897516],[23.32416,41.896781],[23.325517,41.896022],[23.326383,41.895557],[23.327631,41.894173],[23.329004,41.892718],[23.330404,41.891199],[23.332145,41.890113],[23.333643,41.889349],[23.335556,41.888369],[23.337068,41.887568],[23.339643,41.886254],[23.342684,41.885116],[23.34659,41.884458],[23.350729,41.883752],[23.352407,41.883466],[23.355039,41.883016],[23.356374,41.882789],[23.357842,41.882538],[23.361501,41.881914],[23.363094,41.881642],[23.368606,41.880701],[23.372651,41.880011],[23.37647,41.879359],[23.38272,41.878294],[23.38556,41.877809],[23.387523,41.877475],[23.389449,41.877146],[23.391574,41.876784],[23.393555,41.876446],[23.397985,41.875655],[23.399945,41.875362],[23.403302,41.874489],[23.405354,41.873966],[23.409972,41.87279],[23.412826,41.872064],[23.415211,41.871456],[23.418119,41.87152],[23.420075,41.871564],[23.424926,41.871671],[23.426891,41.871714],[23.429298,41.871767],[23.431829,41.871823],[23.434394,41.871879],[23.437132,41.87194],[23.439701,41.871992],[23.441962,41.872041],[23.444536,41.872085],[23.446611,41.872129],[23.448817,41.872192],[23.451233,41.87224],[23.470627,41.872679],[23.473447,41.872731],[23.475997,41.872785],[23.477538,41.874192],[23.479139,41.87558],[23.480264,41.876589],[23.482002,41.878254],[23.483427,41.879401],[23.484854,41.880715],[23.486449,41.882159],[23.487636,41.883351],[23.488931,41.884399],[23.489032,41.885865],[23.488873,41.886401]]}},{"type":"Feature","properties":{"osm_id":562609606,"voltage":"110000","circuits":"1","cables":"3","name":"","operator":"","ref":""},"geometry":{"type":"LineString","coordinates":[[23.6394,42.701616],[23.639684,42.701966]]}},{"type":"Feature","properties":{"osm_id":562609608,"voltage":"110000","circuits":"2","cables":"6","name":"","operator":"","ref":""},"geometry":{"type":"LineString","coordinates":[[23.6394,42.701616],[23.640725,42.699814],[23.642677,42.697098],[23.644599,42.694452],[23.646643,42.691627],[23.648537,42.68901],[23.650426,42.686399],[23.652321,42.683755],[23.653985,42.681451],[23.65563,42.679148],[23.657617,42.676423],[23.658901,42.674626],[23.659567,42.6737],[23.658371,42.672256],[23.657824,42.670304],[23.657137,42.667322],[23.65652,42.664928],[23.658682,42.665618],[23.660973,42.66634],[23.663397,42.66705],[23.665543,42.667961],[23.667571,42.66886],[23.669518,42.669716],[23.671455,42.67062]]}},{"type":"Feature","properties":{"osm_id":562612599,"voltage":"110000","circuits":"1","cables":"3","name":"","operator":"","ref":""},"geometry":{"type":"LineString","coordinates":[[23.935065,42.241543],[23.933723,42.242382],[23.93231,42.243141]]}},{"type":"Feature","properties":{"osm_id":562612600,"voltage":"110000","circuits":"2","cables":"6","name":"","operator":"","ref":""},"geometry":{"type":"LineString","coordinates":[[23.861192,42.326076],[23.862053,42.324952],[23.863262,42.323419],[23.864968,42.321244],[23.865821,42.320171],[23.867255,42.318351],[23.868931,42.316224],[23.86984,42.315067],[23.870593,42.314094],[23.871946,42.312398],[23.872722,42.311394],[23.873958,42.30979],[23.875193,42.308273],[23.876081,42.307121],[23.877516,42.305309],[23.878685,42.30374],[23.879782,42.302442],[23.881091,42.300745],[23.882429,42.299042],[23.883242,42.298018],[23.884884,42.295917],[23.886209,42.294286],[23.887571,42.292469],[23.888977,42.29066],[23.890444,42.288818],[23.891809,42.287144],[23.893201,42.285296],[23.894584,42.283553],[23.896101,42.281675],[23.89756,42.279841],[23.899013,42.277928],[23.900117,42.276508],[23.901446,42.274798],[23.902744,42.273109],[23.90389,42.271688],[23.905188,42.269926],[23.90787,42.266462],[23.909308,42.264614],[23.910294,42.263348],[23.911436,42.26188],[23.913741,42.259044],[23.914586,42.258122],[23.916208,42.256098],[23.918535,42.253194],[23.919446,42.252107],[23.920834,42.250425],[23.922346,42.248594],[23.923727,42.24789],[23.925135,42.247067],[23.9276,42.245695],[23.929926,42.244418],[23.93231,42.243141]]}},{"type":"Feature","properties":{"osm_id":562612601,"voltage":"400000","circuits":"1","cables":"3","name":"","operator":"","ref":""},"geometry":{"type":"LineString","coordinates":[[23.86122,42.16052],[23.861927,42.161272],[23.865554,42.163865],[23.869981,42.166931],[23.871908,42.168744],[23.87412,42.171644],[23.875319,42.175228],[23.874227,42.177124],[23.871532,42.181839],[23.870987,42.183977],[23.873173,42.185468],[23.872122,42.187734],[23.871837,42.190548],[23.870081,42.195086],[23.868418,42.199306],[23.872484,42.202748],[23.874705,42.205128],[23.879203,42.209631],[23.88038,42.210802],[23.884012,42.214621],[23.888228,42.218899],[23.891147,42.221772],[23.895278,42.224064],[23.900585,42.227],[23.902862,42.228214],[23.905574,42.229586],[23.908109,42.230948],[23.911137,42.232621],[23.914672,42.234475],[23.917429,42.235957],[23.920965,42.237863],[23.928909,42.240784],[23.93396,42.242776],[23.934537,42.243574]]}},{"type":"Feature","properties":{"osm_id":563226926,"voltage":"400000","circuits":"1","cables":"1","name":"Отечество","operator":"Електроенергиен системен оператор ЕАД","ref":""},"geometry":{"type":"LineString","coordinates":[[25.53208,43.090455],[25.535237,43.089453],[25.535213,43.087333]]}},{"type":"Feature","properties":{"osm_id":564829162,"voltage":"400000","circuits":"1","cables":"1","name":"","operator":"","ref":""},"geometry":{"type":"LineString","coordinates":[[27.569849,43.333158],[27.573193,43.335151],[27.574163,43.335428]]}},{"type":"Feature","properties":{"osm_id":571824961,"voltage":"110000","circuits":"1","cables":"3","name":"","operator":"","ref":""},"geometry":{"type":"LineString","coordinates":[[27.551069,43.130676],[27.548046,43.131106],[27.544457,43.131433],[27.54185,43.131681],[27.539096,43.131965],[27.534506,43.132402],[27.531693,43.132691],[27.529252,43.13293],[27.526393,43.132255],[27.523276,43.131532],[27.519853,43.130712],[27.516109,43.129831],[27.512665,43.129021],[27.5091,43.128191],[27.505879,43.128984],[27.502518,43.129839],[27.499241,43.130665],[27.495813,43.131481],[27.49316,43.131961],[27.490918,43.132396],[27.488313,43.132901],[27.48642,43.133958],[27.483501,43.135571],[27.480927,43.137011],[27.478049,43.135928],[27.475205,43.134857],[27.47325,43.134458],[27.472879,43.134234]]}},{"type":"Feature","properties":{"osm_id":576051035,"voltage":"110000","circuits":"1","cables":"3","name":"","operator":"","ref":""},"geometry":{"type":"LineString","coordinates":[[22.509968,42.237887],[22.509603,42.238182],[22.507659,42.237125],[22.505022,42.235755],[22.502183,42.234239],[22.498682,42.23325],[22.495199,42.232247],[22.491985,42.23128],[22.48901,42.230422],[22.486493,42.229702],[22.485008,42.228498],[22.482922,42.226806],[22.480833,42.226313],[22.47863,42.225747],[22.475173,42.223873],[22.473764,42.223094],[22.46989,42.223008],[22.466032,42.222846],[22.465091,42.222299],[22.463581,42.221376],[22.462583,42.220742],[22.460502,42.221996],[22.459638,42.223405],[22.458847,42.224735],[22.456859,42.225931],[22.456264,42.225833],[22.452718,42.225358],[22.450006,42.2251],[22.446514,42.224723],[22.443673,42.224441],[22.439492,42.222655],[22.437411,42.221743],[22.434219,42.220446],[22.43152,42.219288],[22.426615,42.217236],[22.424555,42.21635],[22.423015,42.215729],[22.421307,42.215709],[22.418874,42.215627],[22.41359,42.215596],[22.410717,42.215542],[22.406136,42.2155],[22.403127,42.215423],[22.397727,42.215329],[22.396048,42.215284],[22.392733,42.213559],[22.390002,42.212161],[22.386119,42.210176],[22.382755,42.20846],[22.381293,42.207717],[22.377978,42.206795],[22.375484,42.206097],[22.370624,42.20474],[22.365978,42.203447],[22.363711,42.202813],[22.360525,42.201921],[22.35751,42.201472],[22.351137,42.200484],[22.348109,42.200023],[22.343941,42.199396],[22.341932,42.199088],[22.337386,42.197055],[22.332853,42.195016],[22.329465,42.193504],[22.326914,42.192331],[22.32232,42.190277],[22.318623,42.19095],[22.31675,42.193114],[22.316321,42.193686]]}},{"type":"Feature","properties":{"osm_id":580794743,"voltage":"110000","circuits":"1","cables":"3","name":"","operator":"","ref":""},"geometry":{"type":"LineString","coordinates":[[24.739775,42.182553],[24.739599,42.182461],[24.736955,42.181984],[24.733635,42.181266],[24.730007,42.180444],[24.72665,42.179714],[24.723494,42.178994]]}},{"type":"Feature","properties":{"osm_id":580796358,"voltage":"110000","circuits":"1","cables":"3","name":"","operator":"","ref":""},"geometry":{"type":"LineString","coordinates":[[24.740125,42.181825],[24.740562,42.181336],[24.741434,42.180869],[24.743335,42.181125],[24.745913,42.181901],[24.746943,42.182204],[24.748681,42.180376],[24.748611,42.179426]]}},{"type":"Feature","properties":{"osm_id":583549789,"voltage":"110000","circuits":"1","cables":"3","name":"","operator":"","ref":""},"geometry":{"type":"LineString","coordinates":[[27.820365,42.894925],[27.823042,42.897996],[27.824987,42.900211],[27.826727,42.902204],[27.828773,42.904564],[27.8305,42.906559],[27.832554,42.908873],[27.834141,42.910743],[27.836772,42.913715],[27.835267,42.916117],[27.833809,42.918427],[27.8323,42.920891],[27.8308,42.923295],[27.829389,42.9256],[27.828032,42.927791],[27.826715,42.929931],[27.82611,42.932374],[27.82555,42.934682],[27.825022,42.937162],[27.824389,42.939644],[27.8211,42.940814],[27.818072,42.941896],[27.814934,42.94301],[27.81237,42.943946],[27.808518,42.945342],[27.806466,42.946065],[27.803006,42.947372],[27.80004,42.948476],[27.79695,42.949544],[27.793281,42.950863],[27.790175,42.951962],[27.786731,42.953266],[27.784402,42.954102],[27.78241,42.954785],[27.782305,42.957769],[27.782227,42.960354],[27.782171,42.962839],[27.782112,42.965095],[27.78197,42.967513],[27.781897,42.970368],[27.781854,42.972806],[27.781712,42.978049],[27.781637,42.98136],[27.781583,42.984144],[27.781519,42.986279],[27.781469,42.989058],[27.781601,42.989685]]}},{"type":"Feature","properties":{"osm_id":624247770,"voltage":"110000","circuits":"1","cables":"3","name":"","operator":"","ref":""},"geometry":{"type":"LineString","coordinates":[[24.799403,41.74833],[24.799619,41.748307],[24.799715,41.747939],[24.796572,41.745725],[24.794732,41.742691],[24.794217,41.74123],[24.793203,41.738292],[24.792693,41.736887],[24.791202,41.734554],[24.789834,41.732476],[24.788423,41.730338],[24.788493,41.729654],[24.788772,41.726275],[24.788981,41.723904],[24.790151,41.722811],[24.790033,41.721534],[24.789797,41.719508],[24.789636,41.717938],[24.789437,41.716072],[24.789244,41.714371],[24.788563,41.713366],[24.787592,41.711948],[24.786819,41.710859],[24.785961,41.709645],[24.785382,41.708792],[24.784695,41.707771],[24.783574,41.706141],[24.782463,41.704539],[24.782648,41.703348],[24.782901,41.702052],[24.783214,41.70066],[24.783574,41.6992],[24.783804,41.698095],[24.784073,41.696881],[24.783676,41.695603],[24.783193,41.693989],[24.783075,41.693572],[24.782774,41.692575],[24.782565,41.691782],[24.782431,41.691369],[24.782313,41.690937],[24.78219,41.69048],[24.782061,41.690027],[24.781771,41.689098],[24.781482,41.688076],[24.781085,41.686714],[24.780602,41.68502],[24.779615,41.681675],[24.779309,41.680665],[24.778601,41.678157],[24.777651,41.675011],[24.777378,41.674062],[24.776514,41.671049],[24.775624,41.66983],[24.774427,41.668151],[24.773258,41.666581],[24.772359,41.665372],[24.770495,41.662822],[24.768382,41.659934],[24.767435,41.658625],[24.766831,41.657802],[24.765716,41.656277],[24.765067,41.655359],[24.764133,41.654124],[24.763135,41.652637],[24.762368,41.651082],[24.76328,41.648689],[24.764058,41.647122],[24.764857,41.645727],[24.763811,41.644208],[24.762687,41.642704],[24.761547,41.641165],[24.760845,41.639221],[24.759396,41.63536],[24.75857,41.633058],[24.757704,41.630584],[24.757004,41.628391],[24.758723,41.624512],[24.760273,41.620965],[24.760971,41.619379],[24.76166,41.61776],[24.762626,41.613513],[24.763366,41.610273],[24.763784,41.608548],[24.763956,41.605395],[24.764141,41.602956],[24.764216,41.601855],[24.764332,41.600114],[24.764525,41.597493],[24.764576,41.596734],[24.764621,41.59586]]}},{"type":"Feature","properties":{"osm_id":625783733,"voltage":"220000","circuits":"2","cables":"6","name":"","operator":"","ref":""},"geometry":{"type":"LineString","coordinates":[[23.331396,42.73139],[23.329569,42.728747],[23.327582,42.725852],[23.325946,42.723511],[23.323901,42.722563],[23.322148,42.722398]]}},{"type":"Feature","properties":{"osm_id":633091910,"voltage":"110000","circuits":"2","cables":"6","name":"","operator":"","ref":""},"geometry":{"type":"LineString","coordinates":[[23.41683,42.637467],[23.417096,42.636816],[23.417683,42.635338],[23.418286,42.633825],[23.418973,42.632106],[23.419735,42.630167],[23.420385,42.628546],[23.421012,42.626985],[23.421777,42.625055],[23.422304,42.623754],[23.422498,42.623245],[23.422889,42.62227],[23.423399,42.620987],[23.423919,42.619674],[23.423721,42.618334],[23.423435,42.616282],[23.423155,42.614321],[23.422907,42.612553],[23.422599,42.610435],[23.422342,42.608615],[23.422149,42.607195],[23.421945,42.605717],[23.421714,42.604171],[23.422337,42.602005],[23.423034,42.599772],[23.423828,42.597101],[23.424397,42.594828],[23.425013,42.592905],[23.425228,42.591991],[23.425756,42.590205],[23.426314,42.588298],[23.427025,42.585792],[23.427102,42.584151]]}},{"type":"Feature","properties":{"osm_id":641142495,"voltage":"110000","circuits":"1","cables":"3","name":"","operator":"","ref":""},"geometry":{"type":"LineString","coordinates":[[24.947093,41.467404],[24.947569,41.467742],[24.948221,41.468223],[24.949678,41.47034],[24.950853,41.471659],[24.951869,41.472619],[24.953574,41.473899],[24.9546,41.474961],[24.95701,41.476678],[24.95877,41.478217],[24.960418,41.479814],[24.961364,41.480528],[24.965523,41.484072],[24.968281,41.486352],[24.969598,41.48744],[24.971334,41.488874],[24.972935,41.490213],[24.974176,41.491302],[24.977578,41.494166],[24.978914,41.495331],[24.984192,41.499631],[24.985689,41.50098],[24.987003,41.502037],[24.987838,41.502746],[24.988487,41.503264],[24.990772,41.505171],[24.993763,41.507635],[24.998572,41.511693],[25.000272,41.513147],[25.004081,41.516288],[25.005916,41.51786],[25.008963,41.520375],[25.01032,41.521534],[25.014185,41.524837],[25.014823,41.525391],[25.016328,41.526658],[25.019799,41.529512],[25.022948,41.532186],[25.025308,41.534136],[25.027304,41.535828],[25.030203,41.538242],[25.032475,41.540155],[25.035374,41.542622],[25.036482,41.543495],[25.037611,41.544463],[25.038875,41.545509],[25.040361,41.546772],[25.04473,41.550411],[25.047262,41.552542],[25.048608,41.553638],[25.04988,41.554714],[25.051586,41.555152],[25.056137,41.55579],[25.062044,41.556523],[25.064694,41.556822],[25.065761,41.556948],[25.068961,41.557556],[25.071037,41.557976],[25.07348,41.558487],[25.074843,41.558787],[25.07969,41.55974],[25.083209,41.56045],[25.088675,41.561522],[25.092736,41.562329],[25.095499,41.562819],[25.097258,41.563248],[25.100531,41.563942],[25.102344,41.564304],[25.104683,41.564797],[25.108985,41.565684],[25.110498,41.566001],[25.113443,41.566587],[25.114537,41.5668],[25.119783,41.5678],[25.12454,41.568734],[25.128109,41.569481],[25.131239,41.570071],[25.13489,41.570797],[25.136289,41.571139]]}},{"type":"Feature","properties":{"osm_id":641142497,"voltage":"110000","circuits":"2","cables":"6","name":"","operator":"","ref":""},"geometry":{"type":"LineString","coordinates":[[25.133626,41.578593],[25.133635,41.577959],[25.133932,41.576385]]}},{"type":"Feature","properties":{"osm_id":654199656,"voltage":"110000","circuits":"1","cables":"3","name":"","operator":"","ref":""},"geometry":{"type":"LineString","coordinates":[[24.986027,41.637789],[24.988373,41.636719],[24.991697,41.635215],[24.995267,41.633588],[24.998054,41.632725],[25.000978,41.631799],[25.004874,41.630576],[25.006897,41.629871],[25.01504,41.625858],[25.017154,41.624818],[25.019855,41.623504],[25.023639,41.620251],[25.028017,41.616253],[25.032078,41.612705],[25.034486,41.610497],[25.036232,41.608947],[25.038724,41.606769],[25.044647,41.599322],[25.046908,41.596486],[25.048407,41.594618],[25.054343,41.591892],[25.056269,41.591004],[25.059823,41.59049],[25.063961,41.589888],[25.067692,41.589375],[25.070648,41.588945],[25.073958,41.588476],[25.078359,41.588185],[25.083608,41.58658],[25.084998,41.58648],[25.087669,41.586273],[25.090703,41.586054],[25.094919,41.585727],[25.097996,41.585491],[25.100198,41.585324],[25.104098,41.584698],[25.10843,41.583982],[25.109551,41.583789],[25.113472,41.58317],[25.116734,41.582632],[25.120113,41.581249],[25.123297,41.579949],[25.12618,41.577993],[25.129595,41.57568],[25.133455,41.576575],[25.133932,41.576385]]}},{"type":"Feature","properties":{"osm_id":661583259,"voltage":"110000","circuits":"1","cables":"3","name":"","operator":"","ref":""},"geometry":{"type":"LineString","coordinates":[[25.945029,42.305095],[25.945412,42.305142],[25.948382,42.303936],[25.95159,42.302611],[25.954825,42.301262],[25.958183,42.299842],[25.961005,42.298691],[25.963912,42.297485],[25.966058,42.298647],[25.968633,42.300051],[25.971959,42.30181],[25.974524,42.303182],[25.97757,42.302464],[25.981282,42.301613],[25.986223,42.300478],[25.989996,42.299609],[25.993726,42.298754],[25.997575,42.297867],[26.00172,42.296937],[26.004724,42.296239],[26.009316,42.295181],[26.012969,42.294318],[26.017051,42.293387],[26.021756,42.292316],[26.026004,42.291332],[26.031005,42.290187],[26.035296,42.289191],[26.039625,42.288209],[26.044217,42.287124],[26.046899,42.286505],[26.0486,42.287076],[26.050547,42.286628],[26.053567,42.285917],[26.056973,42.285145],[26.059527,42.284556],[26.062981,42.283768],[26.066378,42.282981],[26.068176,42.282557],[26.071235,42.281819],[26.073796,42.281129],[26.076699,42.280349],[26.079392,42.279611],[26.083532,42.278485],[26.086387,42.277714],[26.088637,42.277113],[26.091478,42.276334],[26.094992,42.27537],[26.097646,42.274632],[26.100626,42.273838],[26.103725,42.272994],[26.106455,42.272269],[26.109291,42.271483],[26.112693,42.270549],[26.116347,42.269537],[26.119129,42.268782],[26.121923,42.268025],[26.124385,42.267365],[26.127119,42.266617],[26.131127,42.265523],[26.133674,42.264805],[26.136318,42.264096],[26.137858,42.26279],[26.139393,42.261423],[26.139226,42.259414],[26.139062,42.257039],[26.138948,42.256419]]}},{"type":"Feature","properties":{"osm_id":661589520,"voltage":"110000","circuits":"2","cables":"6","name":"","operator":"","ref":""},"geometry":{"type":"LineString","coordinates":[[23.07547,42.610899],[23.075121,42.609898],[23.074314,42.607513],[23.074622,42.605509],[23.077092,42.605588]]}},{"type":"Feature","properties":{"osm_id":661601898,"voltage":"220000","circuits":"1","cables":"3","name":"","operator":"","ref":""},"geometry":{"type":"LineString","coordinates":[[23.915647,42.208494],[23.915591,42.209304],[23.915405,42.210429],[23.91512,42.212022],[23.914734,42.214371],[23.914363,42.216486],[23.914096,42.21799],[23.913554,42.221148],[23.911886,42.222975],[23.908213,42.227072],[23.907084,42.228267],[23.90456,42.230966],[23.901656,42.234169],[23.899175,42.236914],[23.8979,42.238199],[23.89517,42.241209],[23.893245,42.243334],[23.88885,42.248184],[23.887297,42.249898],[23.883361,42.254241],[23.878171,42.259937],[23.873745,42.264794],[23.870973,42.267835],[23.868436,42.270618],[23.866174,42.2731],[23.861519,42.278208],[23.858562,42.281452],[23.856409,42.283813],[23.853516,42.286986],[23.851609,42.289078],[23.848107,42.292919],[23.845989,42.295242],[23.843153,42.298352],[23.841264,42.300424],[23.840493,42.302252],[23.839181,42.305345],[23.83803,42.308058],[23.836398,42.311902],[23.835161,42.314997],[23.833941,42.317914],[23.832891,42.320424],[23.831843,42.322928],[23.83067,42.32573],[23.829466,42.328608],[23.828263,42.331482],[23.826915,42.334724],[23.825532,42.338131],[23.824191,42.341331],[23.822757,42.344754],[23.821294,42.348244],[23.82028,42.350662],[23.81852,42.355061],[23.816546,42.359808],[23.813987,42.362193],[23.8116,42.364416],[23.811526,42.366186],[23.811364,42.37005],[23.811231,42.373213],[23.811148,42.375187],[23.811107,42.376183],[23.810457,42.378529],[23.810025,42.379928],[23.80938,42.382017],[23.808824,42.383819],[23.80816,42.385967],[23.807775,42.387214],[23.807249,42.38892],[23.806564,42.391137],[23.805329,42.395136],[23.804911,42.396662],[23.803617,42.401099],[23.805102,42.403868],[23.806296,42.406093],[23.807541,42.408415],[23.809012,42.411156],[23.809425,42.411928],[23.812048,42.412374],[23.815263,42.41292],[23.815873,42.415323],[23.816729,42.41869],[23.817539,42.421877],[23.821651,42.42178],[23.825996,42.421679],[23.828171,42.423776],[23.829947,42.425488],[23.827779,42.426941],[23.827227,42.429557],[23.830497,42.431126],[23.834297,42.432951],[23.837535,42.434505],[23.840928,42.436134],[23.843578,42.437406],[23.841013,42.440601],[23.838937,42.443253],[23.836542,42.446271],[23.833417,42.448644],[23.830674,42.450726],[23.827967,42.452782],[23.82538,42.454746],[23.822353,42.457044],[23.819127,42.459493],[23.815771,42.462028],[23.812925,42.464178],[23.80982,42.466523],[23.807261,42.468455],[23.803793,42.471075],[23.801402,42.472881],[23.798336,42.475196],[23.795775,42.47713],[23.793653,42.479499],[23.791444,42.481966],[23.78918,42.484518],[23.78617,42.487865],[23.784497,42.48972],[23.782877,42.491555],[23.780709,42.493964],[23.778413,42.496539],[23.775779,42.499462],[23.774068,42.501372],[23.771799,42.503884],[23.769396,42.506557],[23.7678,42.50828],[23.76578,42.510543],[23.763296,42.513311],[23.762124,42.514555],[23.760899,42.515885],[23.758431,42.518614],[23.756843,42.520381],[23.754912,42.522492],[23.753485,42.524129],[23.750143,42.52775],[23.748239,42.529857],[23.746345,42.531968],[23.743829,42.534708],[23.741927,42.536814],[23.739784,42.539166],[23.738186,42.540933],[23.737644,42.542645],[23.737029,42.54461],[23.736431,42.546589],[23.735825,42.548502],[23.735182,42.550557],[23.734581,42.552568],[23.733889,42.554754],[23.73324,42.556789],[23.732703,42.558515],[23.732236,42.559958],[23.731459,42.562526],[23.730675,42.565054],[23.729959,42.567139],[23.729214,42.569648],[23.72861,42.571613],[23.728042,42.573469],[23.72728,42.575788],[23.726507,42.578214],[23.725134,42.582361],[23.723804,42.586493],[23.723181,42.588388],[23.722334,42.590932],[23.72169,42.592827],[23.720998,42.595138],[23.720022,42.598135],[23.718989,42.601296],[23.718396,42.603173],[23.717463,42.605967],[23.716551,42.608811],[23.715693,42.611485],[23.714853,42.61398],[23.713756,42.61744]]}},{"type":"Feature","properties":{"osm_id":661601900,"voltage":"220000","circuits":"1","cables":"3","name":"","operator":"","ref":""},"geometry":{"type":"LineString","coordinates":[[23.867125,42.201886],[23.864138,42.201036],[23.863336,42.200684],[23.861744,42.199986],[23.859514,42.199007],[23.858809,42.199308]]}},{"type":"Feature","properties":{"osm_id":661601901,"voltage":"220000","circuits":"1","cables":"3","name":"","operator":"","ref":""},"geometry":{"type":"LineString","coordinates":[[23.867125,42.201886],[23.863901,42.201123],[23.862448,42.201047],[23.858402,42.200721],[23.858443,42.199887]]}},{"type":"Feature","properties":{"osm_id":661609186,"voltage":"220000","circuits":"","cables":"3","name":"","operator":"","ref":""},"geometry":{"type":"LineString","coordinates":[[24.425762,41.720677],[24.424598,41.721286],[24.42009,41.721071],[24.419199,41.720693],[24.415709,41.719285],[24.413552,41.718411],[24.411895,41.717679],[24.410103,41.716949],[24.407812,41.716849],[24.406107,41.716774],[24.403161,41.716673],[24.400034,41.716534],[24.397647,41.716434],[24.397284,41.716594]]}},{"type":"Feature","properties":{"osm_id":661723096,"voltage":"110000","circuits":"","cables":"","name":"","operator":"","ref":""},"geometry":{"type":"LineString","coordinates":[[25.623848,42.046106],[25.626005,42.044786],[25.627697,42.043724],[25.631431,42.044022],[25.635865,42.044437],[25.639349,42.044739],[25.641194,42.044336],[25.647143,42.043089],[25.651432,42.04214],[25.655109,42.041319]]}},{"type":"Feature","properties":{"osm_id":662946312,"voltage":"110000","circuits":"2","cables":"6","name":"","operator":"","ref":""},"geometry":{"type":"LineString","coordinates":[[23.693721,43.142019],[23.692492,43.141092],[23.691768,43.140575],[23.689565,43.138915],[23.687893,43.137712],[23.685306,43.135783],[23.684024,43.134819],[23.682209,43.133494],[23.680569,43.132303],[23.678968,43.131129],[23.666079,43.127916],[23.663157,43.127242],[23.660426,43.126597],[23.657409,43.125825],[23.653786,43.124906],[23.646525,43.123149],[23.639138,43.118431],[23.637381,43.11728],[23.634982,43.11575],[23.624899,43.111619],[23.624255,43.109727],[23.622714,43.10521],[23.620946,43.102901],[23.615181,43.097234],[23.602987,43.091926],[23.599242,43.090941],[23.59644,43.090133],[23.576331,43.083639],[23.534722,43.085466],[23.511479,43.085505],[23.49564,43.082998],[23.494497,43.082647],[23.489469,43.081003],[23.444399,43.066349],[23.442675,43.065798],[23.44207,43.065622],[23.440909,43.065232],[23.440067,43.064971],[23.439154,43.064697],[23.438106,43.064265],[23.43668,43.063706],[23.434454,43.062835],[23.430586,43.061387],[23.425985,43.05953],[23.42481,43.058972],[23.423344,43.058286],[23.418197,43.055912],[23.416128,43.054981],[23.41169,43.052905],[23.394242,43.038612],[23.386268,43.028724]]}},{"type":"Feature","properties":{"osm_id":666639312,"voltage":"110000","circuits":"1","cables":"3","name":"","operator":"","ref":""},"geometry":{"type":"LineString","coordinates":[[24.997949,41.44796],[25.002324,41.445372],[25.001477,41.443949],[25.001042,41.443245],[25.000865,41.442935],[24.999923,41.441156],[24.995522,41.438281],[24.990544,41.434885],[24.984646,41.432413],[24.985756,41.430009],[24.983478,41.428075],[24.979705,41.42347],[24.977269,41.418249],[24.977669,41.417228],[24.977956,41.416847]]}},{"type":"Feature","properties":{"osm_id":668456625,"voltage":"110000","circuits":"1","cables":"3","name":"","operator":"","ref":""},"geometry":{"type":"LineString","coordinates":[[24.997949,41.44796],[24.99581,41.44926],[24.99306,41.450821],[24.989596,41.452877],[24.987035,41.454369],[24.985908,41.455032],[24.983162,41.45728],[24.979842,41.459985],[24.977817,41.461648],[24.975765,41.463316],[24.974539,41.464058],[24.973241,41.464906],[24.971216,41.466158],[24.969292,41.467368],[24.968324,41.467441],[24.967128,41.467513],[24.963116,41.467755],[24.960613,41.467906],[24.956185,41.468173],[24.9535,41.468374],[24.949257,41.467881],[24.947702,41.467638],[24.94716,41.467342]]}},{"type":"Feature","properties":{"osm_id":670221305,"voltage":"110000","circuits":"","cables":"","name":"","operator":"","ref":""},"geometry":{"type":"LineString","coordinates":[[25.655109,42.041319],[25.655599,42.04247],[25.657,42.045801],[25.658594,42.049448],[25.659674,42.051942],[25.657207,42.053085],[25.652744,42.055178],[25.650702,42.057285],[25.646525,42.062688],[25.645676,42.063742],[25.641801,42.062029],[25.638147,42.060384],[25.635548,42.059213],[25.632514,42.058332],[25.62861,42.057198],[25.624233,42.055928],[25.62431,42.054347],[25.624146,42.053908]]}},{"type":"Feature","properties":{"osm_id":673310672,"voltage":"110000","circuits":"","cables":"","name":"","operator":"","ref":""},"geometry":{"type":"LineString","coordinates":[[24.767743,42.119664],[24.767884,42.119564]]}},{"type":"Feature","properties":{"osm_id":673310675,"voltage":"110000","circuits":"2","cables":"6","name":"","operator":"","ref":""},"geometry":{"type":"LineString","coordinates":[[24.769398,42.11431],[24.770964,42.11408],[24.772932,42.113993],[24.774933,42.11373],[24.77717,42.114128],[24.780539,42.114737],[24.784031,42.116301],[24.787534,42.117899],[24.790675,42.119219]]}},{"type":"Feature","properties":{"osm_id":673310678,"voltage":"110000","circuits":"1","cables":"3","name":"","operator":"","ref":""},"geometry":{"type":"LineString","coordinates":[[24.76876,42.113958],[24.768562,42.11432],[24.767727,42.116798],[24.767541,42.118501],[24.767187,42.119508],[24.767095,42.12063],[24.767763,42.121741],[24.765634,42.122938],[24.763422,42.124463],[24.762085,42.126403],[24.761156,42.127509],[24.76008,42.128671],[24.757753,42.127932],[24.757576,42.127872]]}},{"type":"Feature","properties":{"osm_id":673310681,"voltage":"110000","circuits":"","cables":"","name":"","operator":"","ref":""},"geometry":{"type":"LineString","coordinates":[[24.767884,42.119564],[24.767957,42.11968]]}},{"type":"Feature","properties":{"osm_id":673310684,"voltage":"110000","circuits":"2","cables":"6","name":"","operator":"","ref":""},"geometry":{"type":"LineString","coordinates":[[24.768811,42.114322],[24.768469,42.115401],[24.768115,42.117841],[24.767884,42.119564]]}},{"type":"Feature","properties":{"osm_id":673310686,"voltage":"110000","circuits":"2","cables":"6","name":"","operator":"","ref":""},"geometry":{"type":"LineString","coordinates":[[24.76966,42.11418],[24.770961,42.11394],[24.771927,42.113915]]}},{"type":"Feature","properties":{"osm_id":673372921,"voltage":"110000","circuits":"1","cables":"3","name":"","operator":"","ref":""},"geometry":{"type":"LineString","coordinates":[[24.794414,42.096161],[24.798171,42.09603],[24.801498,42.095774],[24.804906,42.095485],[24.807153,42.095292],[24.810752,42.095119],[24.814414,42.094857],[24.816699,42.094767],[24.818461,42.094615],[24.823417,42.094213],[24.826603,42.094064],[24.830724,42.093771],[24.833452,42.093556],[24.837944,42.093269],[24.841994,42.092987],[24.845434,42.092885],[24.848226,42.09256]]}},{"type":"Feature","properties":{"osm_id":675407496,"voltage":"400000","circuits":"1","cables":"3","name":"","operator":"","ref":""},"geometry":{"type":"LineString","coordinates":[[25.237911,42.134258],[25.242099,42.134214],[25.246915,42.134199],[25.251506,42.134171],[25.256062,42.134195],[25.260862,42.134133],[25.265508,42.134123],[25.27015,42.134118],[25.274784,42.134148],[25.279715,42.134141],[25.28501,42.134124],[25.289744,42.134123],[25.294074,42.134125],[25.298318,42.134128],[25.302696,42.134099],[25.307607,42.134137],[25.311401,42.134133],[25.314061,42.133894],[25.318446,42.133446],[25.322992,42.132938],[25.327617,42.132478],[25.331375,42.13209],[25.335843,42.13163],[25.340023,42.131195],[25.344576,42.130785],[25.348626,42.13033],[25.352215,42.129982],[25.356818,42.129502],[25.360669,42.12911],[25.364969,42.128683],[25.369847,42.128151],[25.374511,42.12767],[25.377659,42.127348],[25.381794,42.126914],[25.385169,42.126547],[25.389629,42.126138],[25.395468,42.125441],[25.399744,42.124986],[25.404666,42.124389],[25.408369,42.123939],[25.413613,42.123303],[25.41766,42.122812],[25.422105,42.122273],[25.426193,42.121777],[25.430347,42.121314],[25.435046,42.120738],[25.439664,42.120172],[25.44333,42.119723],[25.446749,42.119304],[25.449921,42.118915],[25.455648,42.118189],[25.46011,42.117623],[25.464048,42.117158],[25.467327,42.117107],[25.47127,42.117073],[25.475487,42.11703],[25.479297,42.117003],[25.482633,42.116957],[25.486331,42.116856],[25.490537,42.11674],[25.493278,42.116665],[25.499642,42.11649],[25.50294,42.117031],[25.507718,42.117917],[25.511983,42.118709],[25.516408,42.119529],[25.520602,42.120307],[25.525467,42.121209],[25.529043,42.121872],[25.533392,42.122679],[25.536514,42.123258],[25.5407,42.124034],[25.543827,42.124614],[25.550035,42.125765],[25.555712,42.126818],[25.559427,42.127507],[25.562075,42.127998],[25.566616,42.12884],[25.569779,42.129427],[25.576018,42.130584],[25.578436,42.131039],[25.580509,42.130986],[25.583953,42.130828],[25.587169,42.130734],[25.591168,42.130616],[25.594639,42.130514],[25.598346,42.130406],[25.602922,42.130271],[25.608461,42.130109],[25.61302,42.129975],[25.61734,42.129848],[25.62129,42.129732],[25.625857,42.129598],[25.632287,42.129409],[25.636351,42.12929],[25.639031,42.129211],[25.643409,42.129082],[25.650343,42.128879],[25.653441,42.128788],[25.656915,42.128686],[25.661385,42.128554],[25.666272,42.128411],[25.668954,42.128332],[25.672922,42.128216],[25.676073,42.128073],[25.681582,42.127908],[25.685374,42.127795],[25.690614,42.127638],[25.695869,42.127481],[25.699103,42.127384],[25.702876,42.127272],[25.708128,42.127115],[25.711274,42.12701],[25.714619,42.126909],[25.718993,42.126778],[25.723339,42.126648],[25.727817,42.126483],[25.733219,42.12632],[25.737536,42.12619],[25.741475,42.126071],[25.74539,42.125953],[25.749212,42.125768],[25.753368,42.125582],[25.757506,42.125405],[25.760487,42.125097],[25.766079,42.124519]]}},{"type":"Feature","properties":{"osm_id":675407497,"voltage":"400000","circuits":"1","cables":"3","name":"","operator":"","ref":""},"geometry":{"type":"LineString","coordinates":[[25.080374,42.088441],[25.083916,42.089436],[25.087974,42.090578],[25.092223,42.091788],[25.096472,42.093062],[25.100455,42.094258],[25.104501,42.095445],[25.108706,42.096702],[25.112912,42.097905],[25.116892,42.099067],[25.121087,42.100276],[25.125438,42.101538],[25.128721,42.102473],[25.132481,42.103588],[25.136643,42.104758],[25.140007,42.105682],[25.143445,42.106681],[25.14742,42.107839],[25.151739,42.109168],[25.155671,42.110258],[25.159758,42.111428],[25.163047,42.112344],[25.166099,42.113219],[25.168134,42.113813],[25.172338,42.115065],[25.176203,42.116388],[25.178883,42.117194],[25.1823,42.118165],[25.185621,42.119132],[25.190414,42.120505],[25.194812,42.121764],[25.199683,42.123165],[25.204693,42.124637],[25.20847,42.125735],[25.212129,42.126865],[25.214843,42.127637],[25.218823,42.12879],[25.222202,42.129713],[25.225679,42.130724],[25.229778,42.131917],[25.233779,42.133095],[25.237911,42.134258]]}},{"type":"Feature","properties":{"osm_id":675990769,"voltage":"110000","circuits":"2","cables":"6","name":"","operator":"","ref":""},"geometry":{"type":"LineString","coordinates":[[24.708926,42.128608],[24.711443,42.127298]]}},{"type":"Feature","properties":{"osm_id":676028819,"voltage":"110000","circuits":"2","cables":"6","name":"","operator":"","ref":""},"geometry":{"type":"LineString","coordinates":[[24.35227,42.172121],[24.354402,42.173068],[24.356631,42.175385],[24.354619,42.17675],[24.352313,42.178311],[24.353761,42.180991],[24.35497,42.182887],[24.355553,42.184044],[24.356916,42.186778],[24.360225,42.186962],[24.363051,42.187138],[24.3629,42.189268],[24.362179,42.192406],[24.36141,42.19573],[24.360691,42.199044],[24.35993,42.202375],[24.359307,42.20514],[24.356153,42.20681],[24.353353,42.208287],[24.351701,42.209193],[24.34898,42.209694],[24.344663,42.210489],[24.340575,42.211236],[24.336584,42.211991],[24.334181,42.212149],[24.330061,42.212483],[24.327196,42.213715],[24.323532,42.215284],[24.321209,42.214998],[24.319053,42.214776],[24.317358,42.213206],[24.315266,42.211283],[24.313378,42.209567],[24.311693,42.208045],[24.310747,42.206506],[24.310035,42.205328],[24.310837,42.204161]]}},{"type":"Feature","properties":{"osm_id":676294430,"voltage":"110000","circuits":"1","cables":"3","name":"","operator":"","ref":""},"geometry":{"type":"LineString","coordinates":[[24.772547,42.112858],[24.773042,42.110811],[24.773694,42.108187],[24.776152,42.106058],[24.778299,42.10425],[24.780764,42.10215],[24.783232,42.100041],[24.785356,42.098183],[24.790223,42.09668]]}},{"type":"Feature","properties":{"osm_id":676294431,"voltage":"110000","circuits":"2","cables":"6","name":"","operator":"","ref":""},"geometry":{"type":"LineString","coordinates":[[24.851085,42.022267],[24.850468,42.023594],[24.849052,42.026691],[24.847705,42.029675],[24.848202,42.032838],[24.848639,42.035688],[24.846268,42.037931],[24.84356,42.040532],[24.840832,42.043159],[24.838127,42.04575],[24.835471,42.048368],[24.832796,42.050891],[24.830126,42.053491],[24.827515,42.055983],[24.826073,42.058781],[24.823267,42.061372],[24.818921,42.065359],[24.818498,42.066668],[24.818032,42.067984],[24.815801,42.070428],[24.813597,42.072868],[24.811531,42.075184],[24.809181,42.077798],[24.807148,42.08002],[24.805056,42.082355],[24.802812,42.084891],[24.80087,42.086959],[24.798376,42.089797],[24.795924,42.092532],[24.793283,42.095337],[24.789286,42.095411],[24.786812,42.09538],[24.785948,42.097117],[24.783889,42.09902],[24.781111,42.10133],[24.778522,42.103475],[24.775956,42.105691],[24.773247,42.108026],[24.772353,42.110207],[24.7723,42.111926],[24.772173,42.112821]]}},{"type":"Feature","properties":{"osm_id":676294432,"voltage":"110000","circuits":"2","cables":"6","name":"","operator":"","ref":""},"geometry":{"type":"LineString","coordinates":[[24.773305,42.112979],[24.7738,42.111549],[24.774282,42.110201],[24.774778,42.108784],[24.776135,42.108058],[24.778598,42.106718],[24.781305,42.107338],[24.783585,42.107736],[24.786872,42.108506],[24.789676,42.109216],[24.793923,42.11006],[24.797945,42.110915],[24.801821,42.111756],[24.806141,42.112759],[24.810673,42.113789],[24.814903,42.114709],[24.819154,42.115624],[24.823415,42.116557],[24.827306,42.117375],[24.83109,42.11824],[24.833449,42.118745],[24.837623,42.118983],[24.841819,42.119229],[24.845533,42.119446],[24.848686,42.119583],[24.849203,42.12021],[24.849573,42.120678],[24.85247,42.120924],[24.856402,42.121211],[24.859267,42.121458],[24.862373,42.121712],[24.86652,42.121549],[24.870092,42.121418],[24.873413,42.121282],[24.877871,42.121095],[24.882393,42.120924],[24.886915,42.120757],[24.891309,42.120626],[24.895895,42.120511],[24.900155,42.120391],[24.904773,42.120272],[24.909344,42.120152],[24.913378,42.120001],[24.916736,42.119914],[24.921344,42.119766],[24.925705,42.119667],[24.929096,42.119552],[24.932958,42.12108],[24.937035,42.122711],[24.94064,42.124147],[24.944078,42.125507],[24.947077,42.126694],[24.948343,42.128349],[24.950509,42.131315],[24.952667,42.134133],[24.954637,42.136777],[24.955684,42.138196],[24.95787,42.140402],[24.960284,42.14294],[24.962977,42.14578],[24.964801,42.147673],[24.966003,42.150235],[24.965395,42.154803],[24.965131,42.156813],[24.964121,42.159754],[24.96315,42.162541],[24.962265,42.165117],[24.961331,42.167794],[24.96045,42.170313],[24.960117,42.173602],[24.959767,42.176898],[24.959417,42.180228],[24.959073,42.183441],[24.958836,42.1857],[24.957802,42.188184],[24.956566,42.19105],[24.955471,42.193588],[24.954331,42.196223],[24.954833,42.198247],[24.955251,42.199824],[24.955745,42.201763],[24.958652,42.202934],[24.962612,42.204511],[24.966576,42.206116],[24.970224,42.207574],[24.974241,42.209179],[24.977796,42.210614],[24.980834,42.211839],[24.98423,42.21322],[24.986241,42.214041],[24.988119,42.214763],[24.991229,42.215596],[24.993663,42.21629],[24.996618,42.217045],[24.999766,42.21787],[25.000781,42.219801],[25.002094,42.222225],[25.003457,42.224705],[25.004864,42.226374],[25.008107,42.227605],[25.010648,42.228538]]}},{"type":"Feature","properties":{"osm_id":676294433,"voltage":"110000","circuits":"1","cables":"3","name":"","operator":"","ref":""},"geometry":{"type":"LineString","coordinates":[[24.785256,42.098647],[24.783044,42.100613],[24.780848,42.102414],[24.778712,42.1043],[24.77626,42.106347],[24.773957,42.108316],[24.773326,42.110614],[24.772726,42.112875]]}},{"type":"Feature","properties":{"osm_id":676474093,"voltage":"400000","circuits":"1","cables":"3","name":"","operator":"","ref":""},"geometry":{"type":"LineString","coordinates":[[24.769754,42.111636],[24.770069,42.111312],[24.771096,42.110433]]}},{"type":"Feature","properties":{"osm_id":677866179,"voltage":"110000","circuits":"1","cables":"3","name":"","operator":"","ref":""},"geometry":{"type":"LineString","coordinates":[[25.370791,41.612584],[25.370229,41.612761],[25.365626,41.614649],[25.365827,41.616313],[25.363317,41.616491],[25.36045,41.616686],[25.354305,41.617091],[25.350907,41.616378],[25.346365,41.61545],[25.342281,41.614645],[25.338802,41.613906],[25.331812,41.612485],[25.322138,41.61049],[25.3178,41.609583],[25.312428,41.608487],[25.30992,41.607782],[25.307347,41.607068],[25.305159,41.606643],[25.303254,41.606244],[25.300838,41.60578],[25.298228,41.605285],[25.294162,41.604452],[25.290927,41.603751],[25.287845,41.603067],[25.284908,41.602431],[25.281572,41.6017],[25.277151,41.600694],[25.27317,41.599836],[25.265636,41.598175],[25.262458,41.597467],[25.259159,41.596749],[25.256538,41.596157],[25.254797,41.59579],[25.25329,41.595435],[25.248266,41.594321],[25.244637,41.593525],[25.241346,41.592851],[25.235749,41.591533],[25.232801,41.590841],[25.230846,41.590388],[25.228649,41.589944],[25.226911,41.589578],[25.224671,41.589138],[25.222335,41.588668],[25.218118,41.587795],[25.214396,41.587023],[25.211858,41.586499],[25.209278,41.585966],[25.207172,41.585549],[25.205081,41.585108],[25.202017,41.583482],[25.199938,41.582415],[25.195938,41.580319],[25.193468,41.579011],[25.19107,41.577737],[25.189155,41.576754],[25.18713,41.575703],[25.185474,41.574814],[25.184255,41.574192],[25.182281,41.573153],[25.180121,41.573245],[25.178764,41.573503],[25.177011,41.573654],[25.175238,41.573595],[25.173569,41.573456],[25.171794,41.573416],[25.171075,41.573555],[25.168052,41.574056],[25.165512,41.574478],[25.162865,41.574897],[25.160963,41.575238],[25.158855,41.575595],[25.15738,41.575296],[25.155746,41.574955],[25.153013,41.574379]]}},{"type":"Feature","properties":{"osm_id":677866199,"voltage":"110000","circuits":"2","cables":"6","name":"","operator":"","ref":""},"geometry":{"type":"LineString","coordinates":[[25.370318,41.612854],[25.365924,41.614811],[25.366136,41.616507],[25.362818,41.616918],[25.362196,41.618942],[25.361445,41.621672],[25.360906,41.623443],[25.361045,41.62359]]}},{"type":"Feature","properties":{"osm_id":677889060,"voltage":"110000","circuits":"2","cables":"6","name":"","operator":"","ref":""},"geometry":{"type":"LineString","coordinates":[[25.337984,41.633549],[25.338853,41.633912],[25.341459,41.633811],[25.343928,41.631838],[25.346496,41.630598],[25.349639,41.629115],[25.353009,41.627449],[25.354194,41.626876],[25.356325,41.625857],[25.357401,41.625329],[25.361045,41.62359]]}},{"type":"Feature","properties":{"osm_id":680468866,"voltage":"400000","circuits":"1","cables":"3","name":"","operator":"","ref":""},"geometry":{"type":"LineString","coordinates":[[24.793557,42.107687],[24.789716,42.108606],[24.786186,42.107735],[24.781626,42.106704],[24.778451,42.106051],[24.775328,42.10772],[24.773154,42.109152],[24.771579,42.109948],[24.771096,42.110433]]}},{"type":"Feature","properties":{"osm_id":680468867,"voltage":"400000","circuits":"1","cables":"3","name":"","operator":"","ref":""},"geometry":{"type":"LineString","coordinates":[[24.771096,42.110433],[24.769805,42.111327],[24.769497,42.111641]]}},{"type":"Feature","properties":{"osm_id":686334634,"voltage":"110000","circuits":"1","cables":"3","name":"","operator":"","ref":""},"geometry":{"type":"LineString","coordinates":[[23.202892,43.40934],[23.205318,43.407416],[23.207563,43.405641],[23.209465,43.404366],[23.211106,43.403293],[23.214653,43.402768],[23.215779,43.398029],[23.215207,43.398606]]}},{"type":"Feature","properties":{"osm_id":686334636,"voltage":"110000","circuits":"","cables":"3","name":"","operator":"","ref":""},"geometry":{"type":"LineString","coordinates":[[23.219898,43.400942],[23.218485,43.401396],[23.216548,43.402022],[23.214408,43.402719],[23.211055,43.403139],[23.208647,43.403119],[23.207325,43.403264],[23.204638,43.403535],[23.202565,43.403749],[23.200117,43.403943],[23.197497,43.404226],[23.194312,43.404534],[23.191805,43.404764],[23.188067,43.40511],[23.185854,43.405322],[23.183255,43.405562],[23.18065,43.405807],[23.177972,43.406063],[23.174799,43.406361],[23.172765,43.406533],[23.170563,43.406742],[23.167762,43.407011],[23.16437,43.407279],[23.16105,43.407652],[23.156588,43.408058],[23.151113,43.408559],[23.148251,43.408824],[23.142005,43.409434],[23.138068,43.40981],[23.135292,43.410087],[23.131436,43.41047],[23.128446,43.41076],[23.126128,43.41099],[23.123356,43.411267],[23.120036,43.411606],[23.113275,43.412098],[23.109621,43.412144],[23.107218,43.412194],[23.104961,43.41226],[23.102044,43.412301],[23.098764,43.412347],[23.096136,43.412407],[23.090105,43.41251],[23.085552,43.412632],[23.080854,43.412742],[23.076197,43.412811],[23.072431,43.412915],[23.070099,43.412938],[23.064031,43.413334],[23.061234,43.413558],[23.058642,43.413723],[23.051736,43.41416],[23.049021,43.414346],[23.045001,43.414575],[23.041055,43.414886],[23.038309,43.415085],[23.036413,43.415265],[23.033282,43.41555],[23.030324,43.415843],[23.027653,43.416099],[23.025411,43.416314],[23.022656,43.416549],[23.020093,43.416814],[23.016955,43.417129],[23.014243,43.417436],[23.010697,43.417755],[23.00587,43.418228],[23.004234,43.418221],[23.001888,43.418256],[22.998665,43.418303],[22.995352,43.418351],[22.991385,43.418409],[22.987369,43.418478],[22.985002,43.418514],[22.980756,43.418584],[22.978342,43.418623],[22.976076,43.41866],[22.971782,43.418731],[22.968789,43.41878],[22.965594,43.418832],[22.958856,43.418942],[22.952263,43.41905],[22.950261,43.417742],[22.948111,43.416474],[22.945777,43.41499],[22.943586,43.4136],[22.941685,43.412396],[22.939928,43.411244],[22.937702,43.409862],[22.937361,43.407931],[22.937015,43.40587],[22.936712,43.404019],[22.934628,43.401501],[22.932552,43.399045],[22.931452,43.397753],[22.930068,43.396064],[22.929011,43.394767],[22.927654,43.393074],[22.926694,43.391885],[22.925731,43.390721],[22.92454,43.38924],[22.922882,43.387191],[22.921574,43.385593],[22.920385,43.384139],[22.918899,43.382297],[22.917236,43.380222],[22.915965,43.378686],[22.912285,43.378865],[22.909919,43.378982],[22.907889,43.37909],[22.905896,43.379193],[22.902372,43.379337],[22.900387,43.379466],[22.898456,43.379544],[22.895079,43.379712],[22.893051,43.379834],[22.890259,43.38],[22.888022,43.380101],[22.885683,43.380213],[22.883948,43.380277],[22.882252,43.379717],[22.879927,43.378943],[22.877685,43.378168],[22.875858,43.377598],[22.871652,43.378963],[22.869498,43.379618],[22.867683,43.380176],[22.863936,43.381363],[22.860725,43.382363],[22.859623,43.382965],[22.858021,43.383874],[22.855897,43.385035],[22.853014,43.386642],[22.850675,43.38795],[22.848035,43.389423],[22.847174,43.389906],[22.845876,43.390606],[22.842405,43.392555],[22.841247,43.393187],[22.838173,43.394863],[22.835402,43.39642],[22.832602,43.397952],[22.830861,43.398932],[22.82863,43.399981],[22.826425,43.401],[22.823705,43.40229],[22.822149,43.403031],[22.820886,43.403613],[22.818064,43.405712],[22.815704,43.407417],[22.814258,43.408469],[22.811772,43.408941],[22.811359,43.408898],[22.811349,43.408609]]}},{"type":"Feature","properties":{"osm_id":688012830,"voltage":"110000","circuits":"1","cables":"3","name":"","operator":"","ref":""},"geometry":{"type":"LineString","coordinates":[[23.221741,43.441471],[23.224794,43.442182],[23.229905,43.443288],[23.232403,43.443867],[23.233622,43.445371],[23.235577,43.447723],[23.237473,43.450037],[23.239855,43.452901],[23.240865,43.454101],[23.245097,43.455618],[23.249716,43.457223],[23.253411,43.458443],[23.260517,43.46089],[23.264858,43.462404],[23.272498,43.46502],[23.274767,43.464871],[23.27695,43.464743],[23.28158,43.464437],[23.285533,43.464137],[23.289036,43.463921],[23.292164,43.463779],[23.294253,43.463586],[23.298614,43.463259],[23.300602,43.463123],[23.304236,43.462872],[23.307785,43.462642],[23.312398,43.462317],[23.315587,43.462107],[23.319662,43.461811],[23.321853,43.462475],[23.324779,43.463459],[23.326912,43.463997],[23.328092,43.464361],[23.329755,43.464381],[23.331962,43.464453],[23.334135,43.464514]]}},{"type":"Feature","properties":{"osm_id":693021374,"voltage":"110000","circuits":"2","cables":"6","name":"","operator":"","ref":""},"geometry":{"type":"LineString","coordinates":[[25.413566,42.617872],[25.41346,42.617561],[25.412583,42.617143],[25.411892,42.615177],[25.412013,42.612897]]}},{"type":"Feature","properties":{"osm_id":693021382,"voltage":"110000","circuits":"1","cables":"3","name":"","operator":"","ref":""},"geometry":{"type":"LineString","coordinates":[[25.413566,42.617998],[25.413566,42.617872]]}},{"type":"Feature","properties":{"osm_id":693021386,"voltage":"110000","circuits":"1","cables":"3","name":"","operator":"","ref":""},"geometry":{"type":"LineString","coordinates":[[25.4132,42.618404],[25.412793,42.618413]]}},{"type":"Feature","properties":{"osm_id":693021400,"voltage":"110000","circuits":"1","cables":"3","name":"","operator":"","ref":""},"geometry":{"type":"LineString","coordinates":[[25.327708,42.709241],[25.32521,42.708107],[25.322806,42.70687],[25.320135,42.705632],[25.317839,42.704662],[25.315544,42.703587],[25.313192,42.702568],[25.31093,42.701556],[25.31196,42.699442],[25.313035,42.69729],[25.31414,42.695184],[25.312094,42.692463],[25.310769,42.690589],[25.310502,42.687834],[25.310468,42.685335],[25.310321,42.683119],[25.309372,42.681354],[25.308224,42.67933],[25.307057,42.677198],[25.3059,42.675089],[25.30632,42.673613],[25.305274,42.671305],[25.302461,42.671515],[25.29913,42.671715],[25.296201,42.671889],[25.291853,42.672185],[25.289415,42.672322],[25.285764,42.672528],[25.282655,42.672696],[25.278897,42.672951],[25.275536,42.673132],[25.27234,42.673358],[25.269044,42.673563],[25.265951,42.674672],[25.259573,42.676869],[25.256555,42.677991],[25.254004,42.676654],[25.251225,42.675248],[25.248401,42.67381],[25.24559,42.672375],[25.241341,42.668643]]}},{"type":"Feature","properties":{"osm_id":693021413,"voltage":"110000","circuits":"1","cables":"3","name":"","operator":"","ref":""},"geometry":{"type":"LineString","coordinates":[[25.664446,43.143519],[25.664478,43.143882],[25.66364,43.144373],[25.660799,43.144123],[25.659859,43.143722]]}},{"type":"Feature","properties":{"osm_id":693384034,"voltage":"110000","circuits":"","cables":"","name":"","operator":"","ref":""},"geometry":{"type":"LineString","coordinates":[[25.666913,42.438281],[25.666364,42.438724]]}},{"type":"Feature","properties":{"osm_id":693384049,"voltage":"110000","circuits":"1","cables":"3","name":"","operator":"","ref":""},"geometry":{"type":"LineString","coordinates":[[25.574563,42.414835],[25.574476,42.414766],[25.576139,42.411994],[25.577734,42.409373],[25.580177,42.407948],[25.582759,42.406449],[25.585523,42.40483],[25.587122,42.405783],[25.590365,42.407801],[25.59313,42.409512],[25.595939,42.411232],[25.598931,42.41307],[25.600863,42.414262],[25.60295,42.415517],[25.601599,42.417154],[25.600572,42.418425],[25.598151,42.421415],[25.59502,42.423446],[25.591106,42.425967],[25.588605,42.428624],[25.586264,42.43115],[25.584963,42.432543],[25.585146,42.435194],[25.585391,42.438856],[25.585492,42.440571],[25.585596,42.442013],[25.587209,42.443412],[25.589399,42.445302],[25.591194,42.446855],[25.592544,42.448014],[25.59517,42.448717],[25.596602,42.449107],[25.600183,42.450047],[25.605503,42.451472],[25.606743,42.451821],[25.612643,42.453376],[25.616503,42.454428],[25.61805,42.454832],[25.622664,42.456083],[25.624192,42.456489],[25.62607,42.458533],[25.627956,42.460607],[25.633243,42.460428]]}},{"type":"Feature","properties":{"osm_id":693384050,"voltage":"110000","circuits":"","cables":"","name":"","operator":"","ref":""},"geometry":{"type":"LineString","coordinates":[[25.66576,42.439498],[25.666358,42.438996]]}},{"type":"Feature","properties":{"osm_id":693384051,"voltage":"110000","circuits":"","cables":"","name":"","operator":"","ref":""},"geometry":{"type":"LineString","coordinates":[[25.666271,42.439965],[25.666376,42.439875],[25.666828,42.439485]]}},{"type":"Feature","properties":{"osm_id":693384053,"voltage":"110000","circuits":"","cables":"","name":"","operator":"","ref":""},"geometry":{"type":"LineString","coordinates":[[25.666432,42.439041],[25.665842,42.439549]]}},{"type":"Feature","properties":{"osm_id":693384054,"voltage":"110000","circuits":"1","cables":"3","name":"","operator":"","ref":""},"geometry":{"type":"LineString","coordinates":[[25.666013,42.439655],[25.66587,42.439807]]}},{"type":"Feature","properties":{"osm_id":693823663,"voltage":"110000","circuits":"1","cables":"3","name":"","operator":"","ref":""},"geometry":{"type":"LineString","coordinates":[[26.138492,42.256578],[26.138639,42.257154],[26.138771,42.258695],[26.138736,42.259884],[26.138269,42.26091],[26.135552,42.261605],[26.133465,42.261789],[26.128156,42.260653],[26.125708,42.2601],[26.122057,42.259287],[26.119459,42.258688],[26.116287,42.257963],[26.113813,42.257399],[26.10745,42.256031],[26.104396,42.255316],[26.101081,42.254601],[26.099085,42.253275],[26.099031,42.253239],[26.097139,42.251973],[26.095238,42.250698],[26.093284,42.249319],[26.092837,42.24696]]}},{"type":"Feature","properties":{"osm_id":693823664,"voltage":"110000","circuits":"1","cables":"3","name":"","operator":"","ref":""},"geometry":{"type":"LineString","coordinates":[[26.086273,42.24127],[26.088044,42.243946],[26.089726,42.246602],[26.092998,42.248888],[26.095794,42.250789],[26.098351,42.25247],[26.101117,42.254399],[26.106284,42.255559],[26.109325,42.256245],[26.114192,42.257319],[26.118079,42.258147],[26.121827,42.259063],[26.122116,42.259135],[26.126137,42.259969],[26.12918,42.260692],[26.130678,42.261022],[26.13352,42.261634],[26.135804,42.261331],[26.137923,42.260434],[26.138476,42.257207],[26.138334,42.25663]]}},{"type":"Feature","properties":{"osm_id":693823669,"voltage":"110000","circuits":"1","cables":"3","name":"","operator":"","ref":""},"geometry":{"type":"LineString","coordinates":[[26.09144,42.248175],[26.093058,42.249434],[26.095983,42.251434],[26.098521,42.253153],[26.100872,42.254746],[26.105558,42.255819],[26.109343,42.256669],[26.113703,42.257629],[26.115833,42.259116],[26.118724,42.259847],[26.122378,42.260574],[26.127043,42.261634],[26.130489,42.26234],[26.133295,42.261953],[26.137859,42.26116],[26.139106,42.260962],[26.139052,42.258923],[26.138819,42.2571],[26.13864,42.256529]]}},{"type":"Feature","properties":{"osm_id":693823672,"voltage":"110000","circuits":"1","cables":"3","name":"","operator":"","ref":""},"geometry":{"type":"LineString","coordinates":[[26.090394,42.241872],[26.090244,42.2416],[26.089805,42.240206],[26.089525,42.237121],[26.088509,42.235164],[26.087565,42.233134],[26.086055,42.23139],[26.08487,42.22986],[26.084411,42.228437],[26.083729,42.225988],[26.083419,42.225993]]}},{"type":"Feature","properties":{"osm_id":693823689,"voltage":"110000","circuits":"1","cables":"3","name":"","operator":"","ref":""},"geometry":{"type":"LineString","coordinates":[[26.058584,42.221958],[26.05875,42.221793],[26.061151,42.222925],[26.064219,42.224309]]}},{"type":"Feature","properties":{"osm_id":693823690,"voltage":"110000","circuits":"1","cables":"3","name":"","operator":"","ref":""},"geometry":{"type":"LineString","coordinates":[[26.086273,42.24127],[26.084795,42.239058],[26.084451,42.237828],[26.084001,42.236172],[26.083496,42.234535],[26.082936,42.232875],[26.082268,42.231598]]}},{"type":"Feature","properties":{"osm_id":693823694,"voltage":"110000","circuits":"1","cables":"3","name":"","operator":"","ref":""},"geometry":{"type":"LineString","coordinates":[[26.102984,42.162497],[26.105294,42.164119],[26.107601,42.165736],[26.109808,42.167298],[26.111557,42.168517],[26.113593,42.169956],[26.116074,42.171711],[26.1186,42.173465],[26.12066,42.174942],[26.12378,42.177116],[26.12617,42.178802],[26.127618,42.179835],[26.129053,42.180829],[26.128806,42.183455],[26.128629,42.185746],[26.128455,42.188066],[26.1282,42.190846],[26.126057,42.191933],[26.123994,42.19297],[26.123013,42.193487],[26.120242,42.194906],[26.118439,42.19583],[26.116401,42.196877],[26.113212,42.198514],[26.11135,42.199772],[26.10951,42.201038],[26.107673,42.202292],[26.105326,42.203893],[26.103269,42.205298],[26.100573,42.207147],[26.097931,42.208953],[26.09548,42.210616],[26.092975,42.212329],[26.090834,42.213791],[26.088592,42.215344],[26.08636,42.21687],[26.083828,42.21867],[26.081693,42.220084],[26.080218,42.221029],[26.078661,42.221999],[26.078896,42.2255]]}},{"type":"Feature","properties":{"osm_id":693823695,"voltage":"110000","circuits":"1","cables":"3","name":"","operator":"","ref":""},"geometry":{"type":"LineString","coordinates":[[26.082754,42.232944],[26.080994,42.231736],[26.07924,42.230624]]}},{"type":"Feature","properties":{"osm_id":693833045,"voltage":"110000","circuits":"1","cables":"3","name":"","operator":"","ref":""},"geometry":{"type":"LineString","coordinates":[[26.083102,42.226069],[26.083076,42.226337],[26.083023,42.228189]]}},{"type":"Feature","properties":{"osm_id":693833047,"voltage":"110000","circuits":"1","cables":"3","name":"","operator":"","ref":""},"geometry":{"type":"LineString","coordinates":[[26.083023,42.228189],[26.079302,42.228539],[26.076436,42.228903],[26.074622,42.229131],[26.072848,42.22832],[26.070828,42.227581],[26.069911,42.22718],[26.068811,42.226664],[26.067132,42.225673],[26.064219,42.224309]]}},{"type":"Feature","properties":{"osm_id":694330457,"voltage":"110000","circuits":"2","cables":"6","name":"","operator":"","ref":""},"geometry":{"type":"LineString","coordinates":[[27.480221,42.431265],[27.480212,42.434589],[27.480273,42.437746],[27.477092,42.438808],[27.473349,42.440065],[27.469667,42.441339],[27.465409,42.442435],[27.463143,42.443029],[27.45998,42.444692],[27.456228,42.446658],[27.453096,42.448297],[27.449651,42.450101],[27.447381,42.451324],[27.446103,42.45171],[27.445087,42.452591],[27.442814,42.453686],[27.44004,42.45514],[27.44039,42.457011],[27.439634,42.459376],[27.438823,42.461986]]}},{"type":"Feature","properties":{"osm_id":694330458,"voltage":"110000","circuits":"2","cables":"6","name":"","operator":"","ref":""},"geometry":{"type":"LineString","coordinates":[[27.544312,42.449124],[27.546679,42.447582],[27.549025,42.446051],[27.54678,42.444607],[27.543559,42.442501],[27.539985,42.440156]]}},{"type":"Feature","properties":{"osm_id":694762969,"voltage":"110000","circuits":"1","cables":"3","name":"","operator":"","ref":""},"geometry":{"type":"LineString","coordinates":[[25.960233,42.200095],[25.959867,42.200177],[25.959438,42.201328],[25.95881,42.202816],[25.958065,42.204688],[25.95726,42.204942],[25.953634,42.205594],[25.949809,42.206341],[25.944831,42.207306],[25.94166,42.207879],[25.938662,42.208443],[25.936484,42.210847],[25.93371,42.21389],[25.932115,42.215616]]}},{"type":"Feature","properties":{"osm_id":694762994,"voltage":"110000","circuits":"1","cables":"3","name":"","operator":"","ref":""},"geometry":{"type":"LineString","coordinates":[[26.020044,42.251203],[26.018598,42.252109],[26.015036,42.254305],[26.012802,42.255709],[26.011244,42.256228],[26.005619,42.258034],[25.99386,42.262053],[25.990802,42.263103],[25.987449,42.261579],[25.983876,42.259914],[25.976698,42.256453],[25.974598,42.255426],[25.970347,42.257131],[25.966086,42.258868]]}},{"type":"Feature","properties":{"osm_id":694762995,"voltage":"110000","circuits":"1","cables":"3","name":"","operator":"","ref":""},"geometry":{"type":"LineString","coordinates":[[25.974617,42.255206],[25.976401,42.25611],[25.980672,42.258174],[25.983947,42.2596],[25.98741,42.261345],[25.990846,42.262861],[25.993213,42.262076],[25.995104,42.261419],[25.998267,42.260362],[26.000415,42.259558],[26.005632,42.257835],[26.010589,42.256203],[26.012734,42.25545],[26.01841,42.252012],[26.020004,42.25102],[26.020184,42.250977]]}},{"type":"Feature","properties":{"osm_id":694763002,"voltage":"110000","circuits":"1","cables":"3","name":"","operator":"","ref":""},"geometry":{"type":"LineString","coordinates":[[25.993417,42.25875],[25.993155,42.258715],[25.99396,42.259423],[25.995104,42.261419]]}},{"type":"Feature","properties":{"osm_id":694763003,"voltage":"110000","circuits":"1","cables":"3","name":"","operator":"","ref":""},"geometry":{"type":"LineString","coordinates":[[25.974617,42.255206],[25.97283,42.254371],[25.970624,42.255035],[25.967594,42.255868],[25.96462,42.256753],[25.961537,42.257669],[25.958777,42.25849],[25.9572,42.257791],[25.955456,42.257028],[25.952794,42.255862],[25.949986,42.254548],[25.947329,42.253323],[25.945105,42.252354]]}},{"type":"Feature","properties":{"osm_id":694763019,"voltage":"110000","circuits":"1","cables":"3","name":"","operator":"","ref":""},"geometry":{"type":"LineString","coordinates":[[26.02767,42.143916],[26.027282,42.143945],[26.025945,42.144017],[26.021331,42.144281],[26.019432,42.14353],[26.017504,42.142829],[26.015805,42.141465],[26.016957,42.136907],[26.016773,42.135432],[26.016896,42.135022]]}},{"type":"Feature","properties":{"osm_id":694763028,"voltage":"110000","circuits":"1","cables":"3","name":"","operator":"","ref":""},"geometry":{"type":"LineString","coordinates":[[26.028083,42.143902],[26.02844,42.143904],[26.032476,42.14371],[26.035395,42.143556],[26.039362,42.143376],[26.043791,42.143213],[26.045372,42.144249],[26.046848,42.145308],[26.048294,42.146378],[26.049846,42.147429],[26.051051,42.147577],[26.051323,42.147591]]}},{"type":"Feature","properties":{"osm_id":694763034,"voltage":"110000","circuits":"1","cables":"3","name":"","operator":"","ref":""},"geometry":{"type":"LineString","coordinates":[[26.072602,42.158796],[26.073454,42.158965],[26.075732,42.158421],[26.078149,42.157819],[26.081267,42.157052],[26.084565,42.156232],[26.088217,42.155855],[26.090442,42.155632],[26.092863,42.155384]]}},{"type":"Feature","properties":{"osm_id":694763035,"voltage":"110000","circuits":"1","cables":"3","name":"","operator":"","ref":""},"geometry":{"type":"LineString","coordinates":[[26.071781,42.15857],[26.071335,42.158438],[26.069319,42.157912],[26.067854,42.156973],[26.067118,42.155459],[26.066433,42.154012],[26.063809,42.1533],[26.061441,42.152627],[26.058926,42.151882],[26.05652,42.151146],[26.053999,42.150378],[26.053195,42.149031],[26.05248,42.147739],[26.052286,42.147714]]}},{"type":"Feature","properties":{"osm_id":694763441,"voltage":"110000","circuits":"1","cables":"3","name":"","operator":"","ref":""},"geometry":{"type":"LineString","coordinates":[[25.935403,42.280456],[25.936704,42.277972],[25.938324,42.274792],[25.939729,42.27203],[25.941372,42.268921],[25.944417,42.267682],[25.947712,42.266333],[25.951634,42.264727],[25.955617,42.263103],[25.959002,42.261746],[25.962392,42.260354],[25.966086,42.258868]]}},{"type":"Feature","properties":{"osm_id":701204575,"voltage":"110000","circuits":"1","cables":"3","name":"","operator":"","ref":""},"geometry":{"type":"LineString","coordinates":[[27.622284,43.213869],[27.623867,43.211125],[27.625023,43.208906],[27.623127,43.205715],[27.621067,43.202431]]}},{"type":"Feature","properties":{"osm_id":709264496,"voltage":"110000","circuits":"1","cables":"3","name":"","operator":"","ref":""},"geometry":{"type":"LineString","coordinates":[[27.707328,42.728827],[27.705937,42.72788],[27.705044,42.72569],[27.704336,42.723836],[27.703252,42.721285],[27.702343,42.719121],[27.698958,42.719505],[27.694881,42.719974],[27.69075,42.720428],[27.686922,42.721541],[27.68465,42.721842],[27.682508,42.721369],[27.678876,42.721776],[27.675392,42.722165],[27.671578,42.722611],[27.667531,42.723059],[27.663757,42.723473],[27.658737,42.724053],[27.654433,42.724546],[27.650303,42.725011],[27.646821,42.725405],[27.644257,42.726642],[27.641408,42.728006],[27.63848,42.729408],[27.635164,42.731032],[27.631731,42.732671],[27.628244,42.734334],[27.624704,42.73602],[27.621238,42.737699],[27.617687,42.739424],[27.614471,42.740955],[27.610928,42.742663],[27.60743,42.744341],[27.604533,42.745724],[27.601937,42.746981],[27.598853,42.748458],[27.595301,42.750156],[27.591746,42.751837],[27.588376,42.753457],[27.58492,42.755103],[27.581651,42.756656],[27.578191,42.758339],[27.574642,42.760037],[27.571134,42.761713],[27.567571,42.763434],[27.564056,42.76513],[27.561309,42.76641],[27.555347,42.767916],[27.551302,42.768931],[27.547477,42.769881],[27.543751,42.770829],[27.541235,42.768593],[27.538804,42.76657],[27.536584,42.764672],[27.534206,42.762663],[27.531657,42.760427],[27.529043,42.758165],[27.526124,42.755648],[27.523741,42.753618],[27.522054,42.751126],[27.520448,42.748717],[27.518895,42.746427],[27.517285,42.743999],[27.515471,42.741332],[27.513783,42.738821],[27.512267,42.736617],[27.510126,42.735585],[27.507817,42.734536],[27.504697,42.733062],[27.500784,42.73124],[27.498827,42.730301],[27.49596,42.728932],[27.492784,42.727426],[27.489903,42.726081],[27.488534,42.725426],[27.485989,42.724417],[27.482603,42.723086],[27.480072,42.72205],[27.477546,42.721],[27.474081,42.719621],[27.47104,42.718406],[27.468537,42.717411],[27.464806,42.715929],[27.462069,42.714835],[27.457718,42.713807],[27.455871,42.713394],[27.453276,42.71278],[27.450629,42.712172],[27.448396,42.711685],[27.44612,42.711129],[27.441819,42.710153],[27.439457,42.709681],[27.435334,42.708746],[27.432192,42.70802],[27.428854,42.707172],[27.425555,42.706453],[27.423301,42.705925],[27.420449,42.705262],[27.417611,42.704649],[27.414608,42.703976],[27.411998,42.703356],[27.407674,42.702435],[27.404236,42.701643],[27.401344,42.700993],[27.398522,42.700283],[27.397074,42.698651],[27.395653,42.697038],[27.394209,42.695394],[27.391157,42.695406],[27.387981,42.695505],[27.384387,42.69558],[27.381072,42.695595],[27.378017,42.695659],[27.374958,42.694991],[27.372117,42.694293],[27.368097,42.693398],[27.365455,42.692771],[27.362894,42.692203],[27.357606,42.691008],[27.354242,42.689226],[27.350288,42.68716],[27.347815,42.685862],[27.346228,42.685066],[27.344377,42.684115],[27.341394,42.682518],[27.338723,42.68111],[27.335912,42.679629],[27.333054,42.67813],[27.330098,42.676502],[27.32704,42.676517],[27.326734,42.676636],[27.323993,42.67662],[27.321751,42.676809],[27.319761,42.676711],[27.31673,42.676726],[27.313098,42.676789],[27.308978,42.676845],[27.305271,42.676864],[27.301205,42.676943],[27.29686,42.676999],[27.292515,42.677054],[27.288668,42.677113],[27.285251,42.675646],[27.281528,42.674064],[27.277816,42.672494],[27.274109,42.670925],[27.270494,42.669402],[27.266996,42.667888],[27.26058,42.666404],[27.258004,42.665838],[27.254008,42.664872],[27.252304,42.666265],[27.250125,42.667975],[27.247991,42.6697],[27.245145,42.671981],[27.242458,42.674127],[27.239842,42.676223],[27.237506,42.678863],[27.235293,42.681359],[27.233058,42.68385],[27.231409,42.685725],[27.229481,42.687871]]}},{"type":"Feature","properties":{"osm_id":720221721,"voltage":"110000","circuits":"1","cables":"3","name":"","operator":"","ref":""},"geometry":{"type":"LineString","coordinates":[[26.269307,43.684815],[26.269468,43.685032],[26.27056,43.685717],[26.272562,43.688213],[26.274036,43.690127],[26.276124,43.692647],[26.277688,43.694647],[26.279094,43.696315],[26.280978,43.698654],[26.28286,43.700989],[26.284093,43.702545],[26.285632,43.70445],[26.287005,43.70612],[26.289067,43.708666],[26.290181,43.710097],[26.292134,43.712478],[26.293781,43.714539],[26.295901,43.717119],[26.297678,43.719347],[26.299519,43.72168],[26.301416,43.723975],[26.303133,43.726087],[26.306012,43.72633],[26.309231,43.726623],[26.312415,43.726868],[26.315606,43.727124],[26.318488,43.727375],[26.321464,43.727619],[26.324238,43.727848],[26.327404,43.728113],[26.332736,43.728552],[26.335798,43.728813],[26.33762,43.730374],[26.339808,43.732261],[26.341765,43.733937],[26.344224,43.735999],[26.346464,43.737933],[26.348674,43.739799],[26.350386,43.741287],[26.35206,43.742723],[26.354292,43.744586],[26.357103,43.746973],[26.360794,43.750213],[26.363021,43.752107],[26.366109,43.753931],[26.368162,43.755139],[26.370557,43.756527],[26.37287,43.75788],[26.375452,43.759399],[26.378387,43.761098],[26.380586,43.762416],[26.385206,43.765059],[26.388648,43.767118],[26.390968,43.768477],[26.393785,43.770118],[26.395892,43.771317],[26.401465,43.774605],[26.403793,43.775998],[26.40663,43.777631],[26.409638,43.779399],[26.414811,43.782452],[26.417901,43.784242],[26.420337,43.785688],[26.424942,43.788407],[26.428641,43.788655],[26.431881,43.788914],[26.43572,43.78929],[26.441526,43.789759],[26.444498,43.789987],[26.446464,43.79105],[26.448976,43.792458],[26.452409,43.79429],[26.453935,43.795128],[26.457147,43.796852],[26.459898,43.798356],[26.462585,43.799812],[26.464926,43.801071],[26.466554,43.803216],[26.468183,43.805402],[26.469269,43.806912],[26.471073,43.808326],[26.473105,43.809941],[26.475588,43.811915],[26.478176,43.81399],[26.480472,43.815848],[26.482208,43.815202],[26.48471,43.814252],[26.488229,43.812953],[26.490272,43.812228],[26.49378,43.810844],[26.495898,43.810083],[26.49828,43.809199],[26.499342,43.807118],[26.500294,43.805233],[26.500891,43.803983],[26.501051,43.803652]]}},{"type":"Feature","properties":{"osm_id":720221722,"voltage":"110000","circuits":"2","cables":"6","name":"","operator":"","ref":""},"geometry":{"type":"LineString","coordinates":[[26.189859,43.629073],[26.192238,43.630371],[26.194423,43.631541],[26.196901,43.632884],[26.199098,43.634074],[26.20057,43.634864],[26.202339,43.635843],[26.205085,43.637323],[26.207044,43.638405],[26.20949,43.639697],[26.211426,43.640713],[26.213798,43.641995],[26.216062,43.643206],[26.218238,43.644399],[26.220825,43.645803],[26.223014,43.646998],[26.22525,43.648225],[26.22725,43.649341],[26.229552,43.650557],[26.231968,43.651867],[26.235075,43.653564],[26.237464,43.654873],[26.239539,43.656043],[26.241476,43.657071],[26.244285,43.658599],[26.246295,43.659692],[26.248965,43.661089],[26.249858,43.661601],[26.251255,43.662343],[26.253291,43.66342],[26.256085,43.664952],[26.258048,43.66604],[26.260342,43.66731],[26.262488,43.668462],[26.264831,43.669716],[26.266936,43.670891],[26.266859,43.672615],[26.266777,43.674471],[26.266687,43.67657],[26.266595,43.678177],[26.266511,43.680046],[26.268206,43.682502],[26.269229,43.684008]]}},{"type":"Feature","properties":{"osm_id":720333488,"voltage":"400000","circuits":"1","cables":"3","name":"","operator":"","ref":""},"geometry":{"type":"LineString","coordinates":[[22.172804,41.775316],[22.173345,41.776083],[22.173334,41.779549],[22.173324,41.782593],[22.173307,41.787789],[22.173293,41.792002],[22.173321,41.7964],[22.173287,41.799631],[22.17327,41.803262],[22.17327,41.807296],[22.173257,41.811099],[22.173189,41.814338],[22.173763,41.817822],[22.174343,41.821747],[22.174931,41.825789],[22.175517,41.829413],[22.176068,41.833201],[22.176404,41.835804],[22.176325,41.838506],[22.176154,41.843388],[22.176047,41.847324],[22.175909,41.850463],[22.175772,41.855702],[22.175723,41.857544],[22.175547,41.861664],[22.175453,41.864971],[22.175248,41.869384],[22.174076,41.873817],[22.173303,41.876754],[22.171899,41.881783],[22.171054,41.884847],[22.170341,41.887515],[22.169196,41.891745],[22.168049,41.895779],[22.166871,41.900248],[22.166,41.903398],[22.164996,41.907087],[22.164168,41.910121],[22.163022,41.914336],[22.162086,41.917712],[22.16097,41.921806],[22.159875,41.92581],[22.158823,41.929386],[22.157944,41.932566],[22.156532,41.937652],[22.155926,41.93997],[22.154975,41.943537],[22.153442,41.945856],[22.150824,41.949903],[22.148476,41.953506],[22.146056,41.957243],[22.1434,41.961341],[22.14164,41.964053],[22.139348,41.96764],[22.138198,41.970761],[22.137275,41.973329],[22.136344,41.976006],[22.134671,41.980648],[22.133349,41.98438],[22.13222,41.987542],[22.130976,41.991104],[22.129353,41.995509],[22.12798,41.999397],[22.127041,42.002113],[22.126945,42.005414],[22.126706,42.007439],[22.126491,42.012332],[22.126412,42.014002],[22.126292,42.016551],[22.12621,42.01997],[22.126038,42.023367],[22.125867,42.026749],[22.125715,42.029436],[22.125591,42.031961],[22.125474,42.034325],[22.125259,42.038573],[22.125069,42.04251],[22.12436,42.045906],[22.123651,42.049324],[22.122992,42.052499],[22.122033,42.057116],[22.121557,42.059407],[22.120898,42.062581],[22.120225,42.065823],[22.119692,42.06839],[22.119145,42.071027],[22.118655,42.073382],[22.117543,42.078563],[22.116781,42.082277],[22.116488,42.08377],[22.12171,42.087231],[22.124624,42.089095],[22.124916,42.090857],[22.125339,42.094501],[22.125921,42.099547],[22.126156,42.101361],[22.126834,42.10642],[22.127296,42.109978],[22.127651,42.112549],[22.127849,42.114309],[22.128468,42.119473],[22.128826,42.122061],[22.13096,42.123331],[22.134786,42.125583],[22.139467,42.128355],[22.14317,42.130561],[22.14707,42.132866],[22.149516,42.134286],[22.152478,42.13608],[22.154406,42.136795],[22.157924,42.1381],[22.162299,42.139856],[22.164766,42.140811],[22.167563,42.1419],[22.169655,42.142694],[22.172747,42.143833],[22.176622,42.145403],[22.180977,42.147052],[22.184503,42.148521],[22.187632,42.149702],[22.19028,42.150685],[22.193373,42.151855],[22.19547,42.152764],[22.199286,42.154238],[22.203451,42.1558],[22.207614,42.15745],[22.211631,42.159673],[22.217445,42.162766],[22.222283,42.165378],[22.22742,42.168172],[22.228211,42.170805],[22.229259,42.174348],[22.229831,42.176282],[22.230829,42.179625],[22.231717,42.182674],[22.235459,42.184261],[22.238177,42.185434],[22.242356,42.187205],[22.246204,42.18885],[22.25,42.190494],[22.255868,42.192991],[22.25938,42.194479],[22.264783,42.196795],[22.266876,42.19768],[22.27287,42.200248],[22.275018,42.201175],[22.277941,42.202406],[22.280488,42.203528],[22.286444,42.206168],[22.291186,42.208255],[22.295952,42.210375],[22.300662,42.212446],[22.303453,42.213691],[22.309533,42.216354],[22.312419,42.217652],[22.317247,42.21992],[22.319425,42.220955],[22.323293,42.222767],[22.326916,42.224484],[22.328528,42.225257],[22.331588,42.226694],[22.336242,42.228898],[22.339873,42.230618],[22.3434,42.232257],[22.348789,42.234806],[22.350925,42.235819],[22.35728,42.235382],[22.360584,42.235219],[22.366954,42.234802],[22.368931,42.234738],[22.373683,42.23442],[22.380376,42.234009],[22.38285,42.233844],[22.386144,42.233659],[22.39223,42.233281],[22.398481,42.23284],[22.403644,42.232561],[22.406138,42.232426],[22.411413,42.232049],[22.416721,42.231756],[22.419296,42.231568],[22.423124,42.230257],[22.428872,42.228251],[22.431622,42.227278],[22.434089,42.227576],[22.43657,42.227868],[22.44685,42.225651],[22.456075,42.227006],[22.456903,42.226672]]}},{"type":"Feature","properties":{"osm_id":722366617,"voltage":"110000","circuits":"1","cables":"3","name":"","operator":"","ref":""},"geometry":{"type":"LineString","coordinates":[[26.547719,43.522971],[26.547428,43.523369],[26.546696,43.526014],[26.546339,43.527184],[26.54805,43.529235],[26.549035,43.530403]]}},{"type":"Feature","properties":{"osm_id":722366618,"voltage":"110000","circuits":"1","cables":"3","name":"","operator":"","ref":""},"geometry":{"type":"LineString","coordinates":[[26.547465,43.529325],[26.54701,43.528614],[26.546105,43.527199],[26.546437,43.525942],[26.547133,43.523191],[26.54753,43.522888]]}},{"type":"Feature","properties":{"osm_id":722366619,"voltage":"110000","circuits":"1","cables":"3","name":"","operator":"","ref":""},"geometry":{"type":"LineString","coordinates":[[26.817569,43.704473],[26.81746,43.704218],[26.815607,43.703107],[26.812985,43.701506],[26.810362,43.699949],[26.807749,43.698338],[26.804886,43.697553],[26.801981,43.696746],[26.798445,43.695769],[26.7952,43.694879],[26.792312,43.694087],[26.789561,43.69334],[26.78572,43.692275],[26.782558,43.691403],[26.779493,43.69055],[26.776489,43.689743],[26.773635,43.688949],[26.770382,43.688036],[26.766838,43.687062],[26.764323,43.685684],[26.760735,43.683716],[26.758542,43.682481],[26.755718,43.680939],[26.753109,43.679511],[26.750809,43.678226],[26.748148,43.676767],[26.745337,43.675256],[26.742947,43.673909],[26.74032,43.672459],[26.738033,43.671214],[26.735213,43.669625],[26.732909,43.668337],[26.729733,43.666573],[26.727948,43.665611],[26.724948,43.663938],[26.722403,43.662525],[26.720266,43.661404],[26.717391,43.659778],[26.714472,43.65816],[26.711468,43.656437],[26.708911,43.655018],[26.706327,43.653633],[26.704143,43.652453],[26.701838,43.651186],[26.699624,43.649929],[26.697547,43.64878],[26.695766,43.647761],[26.693186,43.646354],[26.690985,43.645181],[26.688848,43.643957],[26.686689,43.642789],[26.684578,43.641628],[26.682908,43.640677],[26.680204,43.639199],[26.678166,43.638062],[26.676295,43.637034],[26.674424,43.635963],[26.671707,43.634432],[26.669931,43.633385],[26.666454,43.631465],[26.664429,43.630269],[26.660652,43.628238],[26.658356,43.626961],[26.655442,43.625389],[26.653048,43.624097],[26.650949,43.622901],[26.648619,43.621612],[26.645992,43.620105],[26.643074,43.618452],[26.640628,43.617097],[26.638594,43.615985],[26.636517,43.614835],[26.633783,43.613313],[26.631079,43.611846],[26.629547,43.610992],[26.628303,43.609196],[26.627363,43.607854],[26.62623,43.606179],[26.625359,43.604936],[26.62423,43.603267],[26.623239,43.601853],[26.622054,43.600109],[26.620981,43.598565],[26.619947,43.596977],[26.618814,43.59546],[26.617887,43.594018],[26.616703,43.592333],[26.615505,43.590676],[26.614535,43.589206],[26.613527,43.587752],[26.612578,43.586346],[26.611484,43.584733],[26.610416,43.583216],[26.609403,43.581752],[26.608347,43.580191],[26.607291,43.578693],[26.606218,43.577095],[26.605197,43.575621],[26.604158,43.574063],[26.60309,43.57254],[26.601086,43.570914],[26.599815,43.569903],[26.598223,43.568625],[26.596678,43.567391],[26.595086,43.566113],[26.5937,43.565003],[26.591958,43.563607],[26.590657,43.562459],[26.5891,43.56119],[26.587533,43.559859],[26.586113,43.558665],[26.584542,43.557412],[26.582953,43.556105],[26.5818,43.555172],[26.578877,43.552862],[26.577152,43.551434],[26.575753,43.550109],[26.574311,43.548694],[26.572835,43.547331],[26.571406,43.545947],[26.568835,43.54348],[26.567341,43.542009],[26.56605,43.540808],[26.564835,43.539648],[26.563264,43.538145],[26.561986,43.536882],[26.560672,43.535638],[26.55962,43.533455],[26.558404,43.530906],[26.557251,43.528475],[26.553745,43.527676],[26.550776,43.529379],[26.549035,43.530403],[26.548404,43.530747],[26.545639,43.532279],[26.543522,43.533455],[26.541207,43.534756],[26.538913,43.536057],[26.536845,43.537182],[26.534386,43.538597],[26.532006,43.539984],[26.529742,43.54124],[26.525769,43.541805],[26.522694,43.542224],[26.519932,43.542594],[26.516875,43.543004],[26.514791,43.543294],[26.512202,43.543367],[26.511929,43.542886]]}},{"type":"Feature","properties":{"osm_id":722366620,"voltage":"110000","circuits":"1","cables":"3","name":"","operator":"","ref":""},"geometry":{"type":"LineString","coordinates":[[26.539056,43.506871],[26.539287,43.50713],[26.540854,43.507535],[26.542472,43.508926],[26.544146,43.51033],[26.546502,43.51244],[26.550137,43.510501],[26.552673,43.509041],[26.555214,43.507696],[26.558758,43.50581],[26.561818,43.504083],[26.565466,43.504783],[26.568666,43.5053],[26.574177,43.506299],[26.576349,43.506831],[26.578773,43.507358],[26.580782,43.507812],[26.580971,43.50785]]}},{"type":"Feature","properties":{"osm_id":725025767,"voltage":"110000","circuits":"1","cables":"3","name":"","operator":"","ref":""},"geometry":{"type":"LineString","coordinates":[[27.813014,43.592658],[27.815811,43.592677],[27.818767,43.592708],[27.821948,43.592736],[27.824726,43.592748],[27.825307,43.592782]]}},{"type":"Feature","properties":{"osm_id":733775466,"voltage":"110000","circuits":"2","cables":"6","name":"","operator":"","ref":""},"geometry":{"type":"LineString","coordinates":[[26.538345,43.505861],[26.537763,43.504537],[26.533531,43.50497],[26.530643,43.505225],[26.526472,43.505614],[26.521927,43.506053],[26.517472,43.506482],[26.514447,43.506759],[26.510481,43.507111],[26.506314,43.507491],[26.502542,43.50783],[26.498396,43.508235],[26.494753,43.50859],[26.491448,43.508879],[26.488976,43.511792],[26.487517,43.513482],[26.485449,43.515978],[26.484226,43.517288],[26.483166,43.518704],[26.485191,43.52104],[26.487195,43.523291],[26.48918,43.525544],[26.49113,43.527738],[26.493308,43.530187],[26.495387,43.532525],[26.497634,43.533548],[26.500651,43.534961],[26.503108,43.536109],[26.505872,43.537397],[26.507676,43.538828],[26.509912,43.540595],[26.51179,43.542093]]}},{"type":"Feature","properties":{"osm_id":733775467,"voltage":"110000","circuits":"1","cables":"3","name":"","operator":"","ref":""},"geometry":{"type":"LineString","coordinates":[[26.225242,43.338837],[26.225904,43.338867],[26.227607,43.338971],[26.229465,43.339082],[26.231587,43.338669],[26.233876,43.338213],[26.23614,43.337751],[26.239245,43.337159],[26.242604,43.336437],[26.244964,43.337236],[26.24735,43.338063],[26.249539,43.338915],[26.2518,43.339773],[26.253895,43.34056],[26.256165,43.341475],[26.258221,43.342236],[26.259208,43.343506],[26.262671,43.343928],[26.265495,43.345045],[26.266907,43.345891],[26.268593,43.347404],[26.270207,43.348821],[26.271666,43.350148],[26.273155,43.351521],[26.274726,43.352878],[26.276327,43.354279],[26.277962,43.355786],[26.279451,43.357128],[26.281021,43.358514],[26.282541,43.359871],[26.28409,43.361262],[26.285669,43.362657],[26.286631,43.363509],[26.288733,43.365409],[26.290381,43.366888],[26.291973,43.368301],[26.293377,43.369552],[26.296531,43.372397],[26.298085,43.373742],[26.299951,43.37542],[26.30187,43.377126],[26.304179,43.379185],[26.307178,43.379444],[26.307373,43.381053],[26.307465,43.382118],[26.308034,43.382647],[26.30956,43.384013],[26.311096,43.385382],[26.312856,43.386962],[26.31425,43.388202],[26.315587,43.389387],[26.316902,43.390563],[26.318647,43.392122],[26.320306,43.393595],[26.321765,43.394905],[26.32319,43.396163],[26.324833,43.397621],[26.327146,43.399702],[26.329326,43.40165],[26.330702,43.40288],[26.332253,43.404278],[26.333923,43.405751],[26.335678,43.407331],[26.337313,43.408763],[26.338555,43.409887],[26.34015,43.411306],[26.341686,43.412683],[26.34328,43.414099],[26.344812,43.415469],[26.346559,43.416739],[26.348216,43.417941],[26.349874,43.419133],[26.35167,43.420419],[26.353179,43.421525],[26.354702,43.422626],[26.356447,43.423883],[26.357968,43.424981],[26.35938,43.426513],[26.360736,43.427956],[26.362103,43.429378],[26.363721,43.431141],[26.364738,43.432199],[26.36574,43.433293],[26.366856,43.434469],[26.368289,43.435993],[26.369073,43.436848],[26.370521,43.438378],[26.371978,43.439689],[26.373538,43.441091],[26.375214,43.44258],[26.376772,43.443953],[26.378353,43.445333],[26.380014,43.446821],[26.38166,43.448276],[26.383262,43.449711],[26.384623,43.45093],[26.386309,43.45242],[26.38717,43.453189],[26.389035,43.454848],[26.390453,43.4561],[26.39218,43.457647],[26.3938,43.459074],[26.395182,43.460323],[26.396849,43.461821],[26.398332,43.463117],[26.399931,43.464569],[26.401517,43.465944],[26.403051,43.467306],[26.404769,43.468836],[26.406366,43.470268],[26.407765,43.471525],[26.408984,43.472596],[26.410537,43.473992],[26.411874,43.475177],[26.413578,43.476696],[26.415299,43.478232],[26.41655,43.479329],[26.417775,43.480427],[26.419067,43.481565],[26.422195,43.484375],[26.423714,43.485742],[26.425448,43.487296],[26.42653,43.488254],[26.428663,43.490126],[26.429695,43.491057],[26.431431,43.492598],[26.432862,43.493881],[26.4346,43.495419],[26.43628,43.496913],[26.437664,43.498148],[26.438977,43.499327],[26.440374,43.50057],[26.44179,43.501832],[26.443181,43.503055],[26.445125,43.504177],[26.447041,43.505287],[26.448901,43.506344],[26.450856,43.50745],[26.452708,43.508512],[26.454568,43.509581],[26.456485,43.510667],[26.458427,43.511767],[26.46039,43.512891],[26.462197,43.513919],[26.464162,43.515043],[26.466096,43.516138],[26.468136,43.517304],[26.47013,43.518457],[26.472035,43.51954],[26.474073,43.520712],[26.475985,43.521793],[26.477919,43.522887],[26.480496,43.524368],[26.482212,43.52535],[26.483923,43.52633],[26.485892,43.527436],[26.487517,43.528352],[26.489343,43.529404],[26.491104,43.530422],[26.49284,43.531395],[26.494958,43.532606],[26.496529,43.533511],[26.498042,43.534429],[26.500033,43.535656],[26.502059,43.536815],[26.50352,43.53764],[26.50529,43.538637],[26.509427,43.541016],[26.511573,43.542237],[26.511777,43.542435]]}},{"type":"Feature","properties":{"osm_id":735239044,"voltage":"110000","circuits":"1","cables":"3","name":"","operator":"","ref":""},"geometry":{"type":"LineString","coordinates":[[26.817788,43.704447],[26.817813,43.70418],[26.817856,43.70264],[26.819438,43.701613],[26.820858,43.700701],[26.82215,43.699844],[26.823783,43.698793],[26.825263,43.697824],[26.826866,43.696768],[26.828478,43.695719],[26.831184,43.69623],[26.834003,43.696701],[26.836735,43.697185],[26.838921,43.697586],[26.841732,43.698076],[26.844541,43.698609],[26.847131,43.69908],[26.849981,43.699593],[26.85274,43.700094],[26.855467,43.700583],[26.858152,43.701085],[26.861053,43.701604],[26.863797,43.702095],[26.865778,43.702463],[26.868522,43.702916],[26.871337,43.703429],[26.87356,43.703823],[26.874603,43.703853],[26.878277,43.703862],[26.880053,43.703878],[26.881989,43.703895],[26.884324,43.70391],[26.886868,43.704802],[26.889347,43.705679],[26.891956,43.706594],[26.894477,43.707478],[26.896913,43.708329],[26.899434,43.709223],[26.901972,43.71011],[26.90465,43.71105],[26.9073,43.711992],[26.909487,43.712786],[26.911508,43.71353],[26.914137,43.714501],[26.916684,43.715427],[26.919209,43.716347],[26.921327,43.717122],[26.9239,43.718104],[26.925703,43.718743],[26.927962,43.719569],[26.930591,43.720551],[26.933062,43.721449],[26.935534,43.722351],[26.938508,43.723462],[26.941131,43.724467],[26.944163,43.725563],[26.94575,43.726923],[26.947021,43.727997],[26.948926,43.729598],[26.950746,43.731139],[26.951578,43.73183],[26.954125,43.732647],[26.956248,43.733345],[26.958895,43.734221],[26.961575,43.735058],[26.96388,43.735815],[26.966202,43.736545],[26.968856,43.737393],[26.971491,43.738249],[26.974175,43.739126],[26.976969,43.739996],[26.979531,43.740854],[26.984853,43.742514],[26.986994,43.743201],[26.989593,43.744027],[26.992326,43.744924],[26.99473,43.745704],[26.997084,43.746436],[27.000789,43.747617],[27.003465,43.748476],[27.005849,43.749238],[27.008857,43.750207],[27.011417,43.751039],[27.014024,43.75187],[27.016247,43.752579],[27.018554,43.753312],[27.020676,43.754862],[27.023097,43.756607],[27.025255,43.758174],[27.027131,43.759536],[27.028993,43.760876],[27.0311,43.762412],[27.033403,43.764075],[27.035407,43.765499],[27.037776,43.767228],[27.040076,43.76889],[27.042404,43.77058],[27.044419,43.772032],[27.046561,43.773606],[27.049033,43.775385],[27.051316,43.777047],[27.053562,43.778673],[27.055674,43.780208],[27.057262,43.781429],[27.059961,43.783512],[27.06171,43.784888],[27.064259,43.786872],[27.065497,43.787822],[27.066637,43.78871],[27.068694,43.790285],[27.070969,43.792051],[27.073351,43.793897],[27.07508,43.795231],[27.077361,43.797026],[27.079301,43.798526],[27.08168,43.800374],[27.083045,43.801415],[27.084624,43.802634],[27.08703,43.80449],[27.088987,43.806031],[27.090671,43.807293],[27.093519,43.809517],[27.094849,43.810562],[27.096551,43.811874],[27.098516,43.813379],[27.100389,43.814844],[27.102417,43.816259],[27.103906,43.817304],[27.106404,43.819019],[27.108389,43.82042],[27.110475,43.821865],[27.112818,43.823444],[27.114875,43.824944],[27.117004,43.826419],[27.119386,43.828029],[27.121577,43.829587],[27.123778,43.831121],[27.126049,43.832687],[27.128207,43.834164],[27.130881,43.836071],[27.132831,43.837406],[27.134756,43.838733],[27.13732,43.840531],[27.138224,43.841147],[27.140672,43.840575],[27.14314,43.839985],[27.146114,43.839273],[27.14725,43.837166],[27.148476,43.834904],[27.149603,43.832814],[27.15079,43.830503],[27.151927,43.828413],[27.152614,43.827027],[27.153215,43.825185],[27.153891,43.822995],[27.154513,43.820889],[27.154792,43.820154],[27.153172,43.819867],[27.151552,43.819558],[27.148322,43.818969],[27.147527,43.818775]]}},{"type":"Feature","properties":{"osm_id":735239045,"voltage":"110000","circuits":"1","cables":"3","name":"","operator":"","ref":""},"geometry":{"type":"LineString","coordinates":[[26.817455,43.704486],[26.817272,43.704241],[26.815119,43.703595],[26.812399,43.702792],[26.81085,43.704],[26.808906,43.705519],[26.80676,43.707193],[26.805475,43.708195],[26.803637,43.709629],[26.802024,43.710887],[26.800577,43.712027],[26.798763,43.713424],[26.797095,43.714735],[26.795128,43.716266],[26.793401,43.717616],[26.79179,43.718883],[26.790399,43.719972],[26.788418,43.721508],[26.786873,43.722727],[26.784435,43.722537],[26.782211,43.722351],[26.779674,43.722172],[26.7769,43.721944],[26.774132,43.721727],[26.770897,43.721494],[26.76876,43.721312],[26.76623,43.721122],[26.763441,43.720897],[26.760627,43.720673],[26.757953,43.720474],[26.755236,43.720739],[26.752699,43.720971],[26.749842,43.72125],[26.747844,43.721429],[26.74528,43.721692],[26.742758,43.721948],[26.740454,43.722173],[26.737933,43.72294],[26.735248,43.723763],[26.732708,43.72453],[26.730305,43.725259],[26.727784,43.726026],[26.725091,43.726832],[26.722355,43.727647],[26.720166,43.728321],[26.717688,43.729089],[26.715078,43.729888],[26.712484,43.73067],[26.710196,43.731353],[26.707581,43.732143],[26.706312,43.732531],[26.703895,43.733239],[26.701283,43.734058],[26.698558,43.734895],[26.696076,43.735588],[26.694254,43.735678],[26.691442,43.735819],[26.688936,43.735968],[26.686228,43.736136],[26.683644,43.7363],[26.681112,43.73648],[26.67827,43.736651],[26.675658,43.736821],[26.673201,43.736957],[26.670299,43.737106],[26.667625,43.737259],[26.665225,43.73741],[26.662574,43.737603],[26.659767,43.737774],[26.657046,43.737922],[26.654338,43.738074],[26.651798,43.738258],[26.648802,43.738416],[26.646721,43.738503],[26.643858,43.738673],[26.641901,43.738813],[26.639832,43.738958],[26.637661,43.739085],[26.634957,43.739237],[26.632541,43.739395],[26.629611,43.73956],[26.626984,43.739712],[26.622014,43.740025],[26.619906,43.740205]]}},{"type":"Feature","properties":{"osm_id":739486416,"voltage":"110000","circuits":"2","cables":"6","name":"","operator":"Електроенергиен системен оператор","ref":""},"geometry":{"type":"LineString","coordinates":[[23.395437,42.623401],[23.395987,42.623269],[23.395539,42.623803],[23.394409,42.627435],[23.392763,42.630103],[23.390536,42.631204],[23.389336,42.633587],[23.387956,42.636481],[23.387556,42.637319]]}},{"type":"Feature","properties":{"osm_id":740111360,"voltage":"110000","circuits":"1","cables":"3","name":"","operator":"","ref":""},"geometry":{"type":"LineString","coordinates":[[23.362952,42.753443],[23.362958,42.753602]]}},{"type":"Feature","properties":{"osm_id":740111361,"voltage":"110000","circuits":"1","cables":"3","name":"","operator":"","ref":""},"geometry":{"type":"LineString","coordinates":[[23.363071,42.753485],[23.362958,42.753602]]}},{"type":"Feature","properties":{"osm_id":740111362,"voltage":"110000","circuits":"1","cables":"3","name":"","operator":"","ref":""},"geometry":{"type":"LineString","coordinates":[[23.36313,42.753655],[23.363115,42.7535]]}},{"type":"Feature","properties":{"osm_id":740111363,"voltage":"110000","circuits":"1","cables":"3","name":"","operator":"","ref":""},"geometry":{"type":"LineString","coordinates":[[23.363238,42.753543],[23.36313,42.753655]]}},{"type":"Feature","properties":{"osm_id":740111366,"voltage":"110000","circuits":"1","cables":"3","name":"","operator":"","ref":""},"geometry":{"type":"LineString","coordinates":[[23.362942,42.711898],[23.362969,42.712289],[23.363779,42.714133],[23.365391,42.715634],[23.366912,42.719154],[23.368193,42.721678],[23.365574,42.72254],[23.364584,42.722886],[23.362531,42.723843],[23.361224,42.727167],[23.359843,42.730689],[23.358649,42.733657],[23.357364,42.736763],[23.356371,42.739302],[23.357636,42.742217],[23.359015,42.7453],[23.35992,42.747322],[23.360415,42.748406],[23.36262,42.749202],[23.362292,42.751267],[23.360648,42.75382],[23.362298,42.754138],[23.362872,42.753732]]}},{"type":"Feature","properties":{"osm_id":755194058,"voltage":"110000","circuits":"2","cables":"6","name":"","operator":"","ref":""},"geometry":{"type":"LineString","coordinates":[[24.775215,42.107522],[24.777866,42.105321],[24.780808,42.102801],[24.783794,42.100225],[24.786589,42.097832]]}},{"type":"Feature","properties":{"osm_id":755194059,"voltage":"110000","circuits":"1","cables":"3","name":"","operator":"","ref":""},"geometry":{"type":"LineString","coordinates":[[24.772913,42.112805],[24.77349,42.110682],[24.774056,42.108565],[24.775215,42.107522]]}},{"type":"Feature","properties":{"osm_id":755194060,"voltage":"110000","circuits":"1","cables":"3","name":"","operator":"","ref":""},"geometry":{"type":"LineString","coordinates":[[24.775215,42.107522],[24.774231,42.1087],[24.77364,42.110806],[24.773064,42.112882],[24.772653,42.113508]]}},{"type":"Feature","properties":{"osm_id":755194063,"voltage":"110000","circuits":"1","cables":"3","name":"","operator":"","ref":""},"geometry":{"type":"LineString","coordinates":[[24.817317,42.063619],[24.817803,42.063676],[24.819417,42.065142],[24.820803,42.066405],[24.818217,42.068884],[24.816458,42.070792],[24.814623,42.072831],[24.81275,42.07492],[24.810991,42.076836],[24.809119,42.078885],[24.807298,42.080911],[24.805673,42.082691],[24.804003,42.084551],[24.803178,42.086664],[24.801484,42.088089],[24.800754,42.090429],[24.802396,42.092902],[24.803944,42.095337],[24.805607,42.094962],[24.808549,42.093664],[24.811794,42.09224],[24.812115,42.092588]]}},{"type":"Feature","properties":{"osm_id":755194064,"voltage":"110000","circuits":"1","cables":"3","name":"","operator":"","ref":""},"geometry":{"type":"LineString","coordinates":[[24.817218,42.063701],[24.817634,42.063837],[24.818625,42.065171],[24.819845,42.066714],[24.817729,42.069047],[24.81532,42.071668],[24.812987,42.074244],[24.810664,42.076808],[24.808105,42.079623],[24.8059,42.08208],[24.803587,42.084618],[24.8012,42.087261],[24.799005,42.08968],[24.797101,42.091811],[24.795117,42.09397],[24.793233,42.096062],[24.790223,42.09668]]}},{"type":"Feature","properties":{"osm_id":755194065,"voltage":"110000","circuits":"1","cables":"3","name":"","operator":"","ref":""},"geometry":{"type":"LineString","coordinates":[[24.817142,42.063765],[24.817485,42.063986],[24.818497,42.065283],[24.819574,42.066662],[24.817493,42.068946],[24.815088,42.071581],[24.812784,42.074123],[24.810415,42.076728],[24.808172,42.079247],[24.80582,42.081829],[24.803462,42.084423],[24.80122,42.086901],[24.799126,42.08924],[24.797012,42.091648],[24.79491,42.093848],[24.793098,42.095889],[24.790633,42.096022],[24.787419,42.096433],[24.785137,42.09812],[24.782852,42.10009],[24.780515,42.102056]]}},{"type":"Feature","properties":{"osm_id":777714237,"voltage":"110000","circuits":"1","cables":"3","name":"","operator":"","ref":""},"geometry":{"type":"LineString","coordinates":[[25.324837,42.839188],[25.328039,42.838374],[25.330422,42.837779],[25.332033,42.837707],[25.336468,42.837587],[25.340257,42.837431],[25.342854,42.839218],[25.345264,42.840845],[25.349665,42.843771],[25.352116,42.845382],[25.357514,42.849088],[25.358342,42.84962],[25.360317,42.850933],[25.36507,42.854139],[25.366966,42.855381],[25.367199,42.855533],[25.372065,42.858822],[25.373646,42.859899],[25.374927,42.86075],[25.378005,42.860999],[25.382833,42.861342],[25.384556,42.861457],[25.386761,42.861618],[25.389607,42.861835],[25.394241,42.862198],[25.399334,42.862585],[25.401494,42.862748],[25.403835,42.862925],[25.408055,42.863242],[25.409943,42.863392],[25.415304,42.863817],[25.417319,42.86394],[25.420252,42.864166],[25.422089,42.864302],[25.425741,42.864582],[25.429898,42.864917],[25.433195,42.865182],[25.435063,42.865314],[25.438161,42.865536],[25.440313,42.865701],[25.442534,42.865573],[25.444607,42.865428],[25.447579,42.865243],[25.448838,42.865173],[25.456342,42.864726],[25.458026,42.864626],[25.462781,42.864336],[25.46458,42.864231],[25.467603,42.864044],[25.470162,42.863867],[25.472517,42.863734],[25.473609,42.863721],[25.475538,42.863717],[25.47592,42.863145]]}},{"type":"Feature","properties":{"osm_id":789920394,"voltage":"110000","circuits":"1","cables":"3","name":"","operator":"","ref":""},"geometry":{"type":"LineString","coordinates":[[25.010755,42.228752],[25.009736,42.230887],[25.007888,42.234519],[25.006517,42.237301],[25.00522,42.239908],[25.003935,42.24252],[25.002636,42.245161],[25.001361,42.247707],[25.000162,42.250098],[24.998961,42.252523],[24.995631,42.253664],[24.99243,42.254758],[24.989303,42.255791],[24.985814,42.256988],[24.982473,42.258112],[24.979025,42.25926],[24.975758,42.260347],[24.972705,42.261368],[24.969659,42.262413],[24.966629,42.263415],[24.962654,42.262705],[24.959023,42.262006],[24.955214,42.261331],[24.951673,42.260688],[24.948009,42.260023],[24.946234,42.258349],[24.943702,42.255868],[24.942651,42.254777],[24.942096,42.254675]]}},{"type":"Feature","properties":{"osm_id":793378532,"voltage":"110000","circuits":"2","cables":"6","name":"","operator":"","ref":""},"geometry":{"type":"LineString","coordinates":[[24.028536,42.206941],[24.023001,42.2058],[24.020448,42.205244],[24.017846,42.204676],[24.016027,42.204302],[24.013281,42.203742],[24.010572,42.203094],[24.008185,42.202633],[24.007444,42.203194]]}},{"type":"Feature","properties":{"osm_id":796449596,"voltage":"110000","circuits":"2","cables":"6","name":"","operator":"","ref":"АИДА;РОМАНТИКА"},"geometry":{"type":"LineString","coordinates":[[25.529678,41.935515],[25.529971,41.936191],[25.529634,41.937914],[25.529155,41.940495],[25.530792,41.941447],[25.533519,41.942007],[25.536458,41.942568],[25.540004,41.943339],[25.542169,41.943751],[25.544034,41.945295],[25.546137,41.947006],[25.546987,41.947928],[25.54889,41.949707],[25.550374,41.951126],[25.552361,41.950405],[25.553128,41.950177]]}},{"type":"Feature","properties":{"osm_id":859279903,"voltage":"110000","circuits":"","cables":"","name":"","operator":"","ref":""},"geometry":{"type":"LineString","coordinates":[[24.48258,43.394713],[24.482464,43.394787]]}},{"type":"Feature","properties":{"osm_id":861157650,"voltage":"110000","circuits":"2","cables":"6","name":"","operator":"","ref":""},"geometry":{"type":"LineString","coordinates":[[27.232003,42.694553],[27.23106,42.692351],[27.230159,42.690301],[27.229239,42.688146],[27.22703,42.686519],[27.225036,42.68507],[27.223144,42.683676],[27.220506,42.681692],[27.217979,42.680326],[27.21563,42.679042],[27.213099,42.67773],[27.210596,42.676384],[27.20827,42.675141],[27.205886,42.673897],[27.204201,42.671885],[27.202377,42.669679],[27.201103,42.66823],[27.19953,42.666321],[27.19765,42.66411],[27.195935,42.662099],[27.194224,42.660049],[27.193457,42.659191],[27.192043,42.657526],[27.190618,42.655805],[27.189126,42.65406],[27.187666,42.652313],[27.186217,42.650621],[27.184799,42.648927],[27.184007,42.646818],[27.18336,42.644988],[27.182539,42.64259],[27.181707,42.640339],[27.180903,42.638146]]}},{"type":"Feature","properties":{"osm_id":863816276,"voltage":"110000","circuits":"1","cables":"3","name":"","operator":"","ref":""},"geometry":{"type":"LineString","coordinates":[[27.165615,42.353066],[27.166093,42.353103],[27.167863,42.352994],[27.168447,42.354678],[27.168913,42.356339],[27.172275,42.356644],[27.176393,42.357061],[27.180979,42.357542],[27.185929,42.358024],[27.190018,42.358398],[27.193336,42.358708],[27.196279,42.358999],[27.200235,42.360402],[27.204906,42.362006],[27.208968,42.36346],[27.213074,42.364854]]}},{"type":"Feature","properties":{"osm_id":863816283,"voltage":"110000","circuits":"1","cables":"3","name":"","operator":"","ref":""},"geometry":{"type":"LineString","coordinates":[[27.298083,42.385738],[27.295478,42.385811],[27.292965,42.385868],[27.288403,42.385992],[27.286236,42.385401],[27.284406,42.38495],[27.27864,42.383349],[27.275222,42.382428],[27.273871,42.381431],[27.271376,42.379533],[27.269107,42.377833],[27.268276,42.377456],[27.264347,42.376784],[27.260717,42.376189],[27.256843,42.375499],[27.253208,42.374838],[27.250074,42.3743],[27.246293,42.373673],[27.242333,42.372925],[27.238361,42.372264],[27.233911,42.371417],[27.227262,42.369504],[27.223555,42.36823],[27.219583,42.36683],[27.215761,42.365524],[27.21207,42.364232],[27.209504,42.363358],[27.206471,42.362301],[27.203292,42.361189],[27.19945,42.359864],[27.196369,42.358786],[27.193003,42.358452],[27.190051,42.358152],[27.186468,42.357839],[27.183508,42.357545],[27.179853,42.357224],[27.175991,42.356821],[27.172426,42.356454],[27.169153,42.356159],[27.168663,42.35438],[27.168086,42.352701],[27.166075,42.352849],[27.165589,42.352848]]}},{"type":"Feature","properties":{"osm_id":863816287,"voltage":"110000","circuits":"1","cables":"3","name":"","operator":"","ref":""},"geometry":{"type":"LineString","coordinates":[[27.331074,42.411722],[27.329248,42.410118],[27.327864,42.408904],[27.326034,42.407308],[27.323856,42.405389],[27.322319,42.404064],[27.318953,42.402076],[27.315797,42.400219],[27.312381,42.398261],[27.308495,42.396],[27.304454,42.393689],[27.300499,42.391435],[27.297025,42.389415],[27.294855,42.388134],[27.292818,42.387042],[27.288242,42.38619],[27.286187,42.3856],[27.284369,42.385124],[27.279004,42.383702],[27.275013,42.38258],[27.272889,42.38096],[27.2704,42.379046],[27.267723,42.378007],[27.264058,42.376959],[27.260656,42.376382],[27.257013,42.375769],[27.25294,42.375051],[27.248273,42.374234],[27.244984,42.373618],[27.242508,42.373189],[27.238983,42.37254],[27.233584,42.371576],[27.225612,42.369194],[27.221591,42.367807],[27.217151,42.366242],[27.213074,42.364854]]}},{"type":"Feature","properties":{"osm_id":870231744,"voltage":"110000","circuits":"2","cables":"6","name":"","operator":"","ref":""},"geometry":{"type":"LineString","coordinates":[[27.318487,42.401256],[27.317335,42.398122],[27.316384,42.395613],[27.315385,42.393018],[27.314429,42.390481],[27.313571,42.388136],[27.309814,42.388186],[27.306143,42.38823],[27.30182,42.388288],[27.298283,42.388281],[27.29822,42.385256],[27.298209,42.383861]]}},{"type":"Feature","properties":{"osm_id":870422061,"voltage":"110000","circuits":"","cables":"3","name":"","operator":"","ref":""},"geometry":{"type":"LineString","coordinates":[[26.69243,42.582171],[26.692802,42.58184],[26.694514,42.580933],[26.694857,42.578465],[26.695203,42.575858],[26.695614,42.57272],[26.695996,42.569565],[26.696402,42.566547],[26.698508,42.564148],[26.70063,42.561774],[26.702814,42.5593],[26.704993,42.556872],[26.706241,42.555434],[26.707172,42.554431],[26.7095,42.551785],[26.71192,42.549067],[26.714006,42.54668],[26.715755,42.544723],[26.717363,42.542983]]}},{"type":"Feature","properties":{"osm_id":870422062,"voltage":"110000","circuits":"","cables":"3","name":"","operator":"","ref":""},"geometry":{"type":"LineString","coordinates":[[26.692317,42.582167],[26.692687,42.581741],[26.694278,42.580921],[26.694597,42.578385],[26.694943,42.57587],[26.69526,42.573472],[26.695573,42.571107],[26.695854,42.568649],[26.696134,42.566487],[26.697878,42.564535],[26.699915,42.562247],[26.70194,42.559971],[26.703936,42.557734],[26.704753,42.556803],[26.705891,42.555497],[26.70792,42.553209],[26.709913,42.550991],[26.711877,42.54877],[26.713711,42.546684],[26.715444,42.544707],[26.717087,42.542863]]}},{"type":"Feature","properties":{"osm_id":877663265,"voltage":"110000","circuits":"1","cables":"3","name":"","operator":"","ref":""},"geometry":{"type":"LineString","coordinates":[[28.545942,43.550474],[28.545751,43.551133],[28.543356,43.551138],[28.541095,43.551172],[28.538045,43.551189],[28.536146,43.551179],[28.534089,43.551168],[28.532018,43.551222],[28.529594,43.551207],[28.527453,43.551265],[28.524688,43.551273],[28.522581,43.551388],[28.520204,43.551425],[28.517992,43.551479],[28.515583,43.551537],[28.513008,43.551592],[28.510774,43.551633],[28.508518,43.55169],[28.506072,43.551758],[28.503773,43.551812],[28.501316,43.551803],[28.49895,43.551909],[28.49659,43.55196],[28.494163,43.552009],[28.492074,43.552073],[28.489579,43.552123],[28.487227,43.552162],[28.484915,43.552248],[28.483013,43.552271],[28.480511,43.552322],[28.478292,43.55238],[28.4759,43.552425],[28.473569,43.552477],[28.471198,43.55251],[28.468988,43.552582],[28.466526,43.552635],[28.464313,43.552683],[28.461859,43.552738],[28.459769,43.55279],[28.457527,43.552829],[28.455126,43.552883],[28.452809,43.552928],[28.450577,43.552975],[28.448179,43.553029],[28.445722,43.553093],[28.443553,43.55314],[28.441176,43.553198],[28.439044,43.553257],[28.43682,43.553299],[28.434495,43.553311],[28.432201,43.553389],[28.429905,43.553424],[28.427639,43.553498],[28.425421,43.553523],[28.423152,43.553589],[28.420904,43.553636],[28.418675,43.553673],[28.416186,43.553665],[28.414097,43.553809],[28.411822,43.553842],[28.409647,43.553888],[28.407176,43.553952],[28.405063,43.553997],[28.402692,43.55405],[28.400444,43.554079],[28.398121,43.554151],[28.395828,43.554186],[28.393492,43.55424],[28.391056,43.554289],[28.388795,43.55433],[28.38648,43.554403],[28.384117,43.554462],[28.382648,43.554503],[28.380872,43.554621],[28.378675,43.554576],[28.37642,43.55459],[28.374196,43.554656],[28.371994,43.554699],[28.369668,43.554765],[28.368142,43.554808],[28.366361,43.554829],[28.364623,43.554862],[28.362775,43.554919],[28.361056,43.554954],[28.359331,43.554992],[28.357486,43.555029],[28.355705,43.55507],[28.353849,43.555107],[28.352119,43.555146],[28.35037,43.555195],[28.348632,43.555226],[28.346864,43.555253],[28.344968,43.555276],[28.343227,43.555323],[28.3415,43.555348],[28.339633,43.555405],[28.338032,43.555455],[28.336208,43.555486],[28.33443,43.555533],[28.332619,43.55557],[28.33091,43.555597],[28.329044,43.555632],[28.327391,43.555688],[28.325804,43.555719],[28.324023,43.555749],[28.322156,43.555797],[28.320466,43.555824],[28.31868,43.555871],[28.316966,43.555908],[28.31515,43.555927],[28.313506,43.555974],[28.311773,43.556011],[28.309922,43.556063],[28.30816,43.5561],[28.306556,43.556124],[28.304764,43.556172],[28.302954,43.556223],[28.301178,43.556235],[28.299376,43.556254],[28.297619,43.556324],[28.295929,43.556353],[28.294154,43.556388],[28.292416,43.556433],[28.290584,43.556454],[28.288792,43.556505],[28.287062,43.556549],[28.285271,43.556582],[28.283476,43.556641],[28.281676,43.556662],[28.279925,43.556701],[28.278034,43.55673],[28.276226,43.556755],[28.274445,43.556783],[28.272627,43.556829],[28.27083,43.556874],[28.269113,43.556917],[28.267305,43.557006],[28.26558,43.557008],[28.264598,43.557935],[28.263487,43.558953],[28.262354,43.560014],[28.261396,43.560899],[28.260349,43.561878],[28.259323,43.562853],[28.257293,43.56472],[28.256213,43.565731],[28.255179,43.566689],[28.254149,43.56766],[28.253073,43.568638],[28.252079,43.56956],[28.251026,43.570539],[28.249987,43.571497],[28.248911,43.57251],[28.247961,43.573398],[28.246176,43.575534],[28.245257,43.576627],[28.244307,43.577755],[28.243384,43.578876],[28.242455,43.580005],[28.241599,43.581024],[28.240667,43.582122],[28.238829,43.584365],[28.237881,43.585498],[28.236941,43.586623],[28.236012,43.587748],[28.235152,43.588767],[28.233885,43.589383],[28.232424,43.590092],[28.230954,43.590807],[28.229595,43.591457],[28.228179,43.592163],[28.226798,43.59284],[28.225409,43.593517],[28.224011,43.594205],[28.222705,43.594844],[28.221336,43.59552],[28.219981,43.596165],[28.218656,43.596811],[28.217287,43.597486],[28.215779,43.598232],[28.214339,43.598929],[28.21287,43.599639],[28.211398,43.600336],[28.209914,43.601057],[28.208354,43.601855],[28.206911,43.602556],[28.205414,43.603279],[28.20394,43.603996],[28.202519,43.604688],[28.201023,43.605421],[28.19961,43.606118],[28.198091,43.606838],[28.196606,43.607571],[28.195161,43.608265],[28.193927,43.608885],[28.19299,43.609812],[28.192099,43.610711],[28.191244,43.611585],[28.190324,43.612491],[28.189191,43.613605],[28.188199,43.614593],[28.187249,43.61559],[28.186316,43.616559],[28.185265,43.617612],[28.184245,43.61864],[28.183197,43.61968],[28.182134,43.620774],[28.181582,43.621305],[28.180617,43.622034],[28.179424,43.622867],[28.178304,43.62365],[28.17701,43.624567],[28.175833,43.625416],[28.174678,43.626236],[28.173575,43.627013],[28.17229,43.627915],[28.171022,43.62882],[28.169828,43.629653],[28.168634,43.630514],[28.167414,43.631359],[28.166107,43.632311],[28.164906,43.633158],[28.163668,43.634017],[28.162409,43.634901],[28.161211,43.635737],[28.159934,43.636661],[28.158897,43.637679],[28.156987,43.639648],[28.154807,43.641789],[28.1538,43.642811],[28.152743,43.643884],[28.151711,43.644914],[28.150665,43.645943],[28.149742,43.646886],[28.147988,43.646764],[28.146261,43.646615],[28.144506,43.646492],[28.142701,43.646368],[28.141073,43.646252],[28.139311,43.6461],[28.13753,43.645963],[28.135754,43.645854],[28.133949,43.6457],[28.132254,43.645578],[28.130323,43.645444],[28.128835,43.645318],[28.127467,43.646135],[28.126096,43.646972],[28.124718,43.647806],[28.123376,43.648627],[28.122,43.649464],[28.120641,43.650279],[28.11927,43.651094],[28.117894,43.651946],[28.116497,43.652765],[28.11519,43.653582],[28.113828,43.654401],[28.112449,43.655232],[28.11106,43.656068],[28.109748,43.656877],[28.108428,43.657688],[28.106996,43.658536],[28.105618,43.659365],[28.104263,43.660207],[28.102884,43.661037],[28.101541,43.66186],[28.100103,43.662749],[28.098853,43.663469],[28.097477,43.664311],[28.096125,43.665118],[28.094749,43.665948],[28.093397,43.666761],[28.092027,43.66759],[28.090788,43.668325],[28.089479,43.669136],[28.088111,43.669943],[28.086737,43.670787],[28.085364,43.67162],[28.083969,43.672454],[28.082679,43.673207],[28.081277,43.674072],[28.079898,43.674931],[28.078514,43.67576],[28.077151,43.676605],[28.075754,43.677436],[28.074415,43.678233],[28.07308,43.679069],[28.071757,43.679862],[28.070419,43.680683],[28.068946,43.681437],[28.06745,43.682231],[28.066076,43.682985],[28.064674,43.683693],[28.063236,43.68443],[28.06183,43.685177],[28.060465,43.685936],[28.059068,43.686665],[28.057743,43.687373],[28.056286,43.688135],[28.054867,43.688878],[28.053457,43.689617],[28.05204,43.690358],[28.050611,43.691114],[28.0492,43.691836],[28.047695,43.692592],[28.046341,43.693333],[28.04644,43.693764]]}},{"type":"Feature","properties":{"osm_id":878623972,"voltage":"110000","circuits":"1","cables":"3","name":"","operator":"","ref":""},"geometry":{"type":"LineString","coordinates":[[26.461622,42.87544],[26.463499,42.874516],[26.46447,42.874063],[26.467288,42.87261],[26.469077,42.871681],[26.474363,42.869051],[26.475322,42.868554],[26.479159,42.866662],[26.480632,42.865913],[26.484505,42.863989],[26.486286,42.86162],[26.488022,42.859288],[26.491366,42.856698],[26.492847,42.855854],[26.496787,42.853761],[26.499458,42.852306],[26.50203,42.85092],[26.503647,42.849993],[26.501545,42.847038],[26.500335,42.84536],[26.498366,42.842668],[26.497448,42.841378],[26.494676,42.837566],[26.493551,42.836034],[26.491959,42.833858],[26.490557,42.831972],[26.489301,42.830198],[26.487791,42.828083],[26.486559,42.826443],[26.484856,42.824107],[26.483737,42.822556],[26.482473,42.820834],[26.48097,42.818796],[26.47938,42.816599],[26.477965,42.814637],[26.476324,42.812409],[26.474617,42.810058],[26.473193,42.808128],[26.471961,42.806423],[26.469624,42.803232],[26.467701,42.800585],[26.46623,42.798525],[26.465355,42.797376],[26.463803,42.795243],[26.46187,42.792596],[26.460526,42.790775],[26.459337,42.789144],[26.458229,42.787622],[26.456647,42.785451],[26.455551,42.783946],[26.454541,42.782675],[26.452054,42.779215],[26.45148,42.778416],[26.44938,42.775493],[26.446768,42.771957],[26.445186,42.769836],[26.443307,42.767359],[26.44173,42.765156],[26.440399,42.763216]]}},{"type":"Feature","properties":{"osm_id":897746999,"voltage":"400000","circuits":"1","cables":"3","name":"","operator":"","ref":""},"geometry":{"type":"LineString","coordinates":[[26.213748,42.163066],[26.216425,42.165513],[26.218966,42.167801],[26.221252,42.169912],[26.223628,42.172069],[26.226449,42.174576],[26.228873,42.176788],[26.23165,42.179314],[26.23317,42.180641],[26.236056,42.183288],[26.238685,42.185705],[26.241279,42.188038],[26.244152,42.190681],[26.246352,42.19265],[26.250146,42.193097],[26.254747,42.193649],[26.259122,42.194187],[26.262675,42.194634],[26.267221,42.195156],[26.271302,42.195648],[26.275348,42.19615],[26.279203,42.196586],[26.283537,42.197119],[26.287563,42.197606],[26.29213,42.198154],[26.296724,42.198707],[26.301174,42.199249],[26.304591,42.19964],[26.30898,42.200162],[26.313047,42.200629],[26.317107,42.201111],[26.320469,42.201537],[26.325775,42.202176],[26.328692,42.202511],[26.331512,42.202871],[26.335004,42.202414],[26.339106,42.201912],[26.343679,42.201314],[26.348136,42.200761],[26.351265,42.200381],[26.355593,42.199858],[26.357982,42.199569],[26.36207,42.199057],[26.366006,42.199823],[26.369533,42.200441],[26.37386,42.201288],[26.377516,42.201973],[26.381733,42.202724],[26.385609,42.203454],[26.389244,42.204149],[26.394518,42.205158],[26.398289,42.205846],[26.401461,42.206429],[26.405176,42.207128],[26.408315,42.207712],[26.412519,42.208524],[26.416702,42.209269],[26.420153,42.209944],[26.423152,42.210491],[26.426719,42.211156],[26.429882,42.211749],[26.434182,42.21253],[26.436763,42.213007],[26.438529,42.215126],[26.440542,42.217444],[26.443158,42.220481],[26.44554,42.223254],[26.447416,42.225435],[26.44969,42.228091],[26.452065,42.230854],[26.454318,42.233435],[26.456406,42.235868],[26.45831,42.238119],[26.460371,42.240521],[26.462555,42.243051],[26.46504,42.245929],[26.467039,42.248266],[26.46923,42.25083],[26.471106,42.253],[26.473208,42.255442],[26.475242,42.257809],[26.47759,42.260555],[26.480158,42.263509],[26.482718,42.266458],[26.484793,42.26885],[26.486854,42.271272],[26.488908,42.273607],[26.491558,42.276784],[26.49381,42.279362],[26.496056,42.281991],[26.498069,42.284336],[26.500253,42.286864],[26.501889,42.288718],[26.50445,42.291752],[26.506682,42.294279],[26.508825,42.296786],[26.511208,42.299571],[26.513939,42.300675],[26.516781,42.3018],[26.521477,42.303669],[26.524259,42.304769],[26.527694,42.306128],[26.531359,42.307577],[26.534679,42.30889],[26.538319,42.31033],[26.541999,42.311785],[26.545826,42.313299],[26.54939,42.314708],[26.55267,42.316005],[26.555088,42.316962],[26.557891,42.31807],[26.562291,42.31981],[26.566536,42.321489],[26.570584,42.32309],[26.574694,42.324715],[26.579364,42.326561],[26.583282,42.328102],[26.588117,42.330002],[26.59202,42.331537],[26.596107,42.333144],[26.599694,42.334554],[26.603337,42.335986],[26.606884,42.33738],[26.61076,42.338904],[26.614048,42.340197],[26.617626,42.341536],[26.621231,42.343006],[26.62464,42.344332],[26.628721,42.34594],[26.631533,42.347086],[26.634708,42.348267],[26.638005,42.349571],[26.641443,42.35091],[26.644497,42.352153],[26.647943,42.353568],[26.65152,42.354907],[26.655079,42.356335],[26.658479,42.357633],[26.662131,42.359144],[26.665577,42.36047],[26.669285,42.361884],[26.673068,42.363389],[26.67686,42.364859],[26.680297,42.366225],[26.684089,42.367709],[26.687657,42.369096],[26.69101,42.370455],[26.694989,42.372015],[26.698034,42.37316],[26.701732,42.374637],[26.705253,42.376051],[26.708971,42.377445],[26.712555,42.378888],[26.715978,42.380221],[26.719434,42.381585],[26.723256,42.383134],[26.727435,42.384762],[26.731484,42.386347],[26.735037,42.387747],[26.739339,42.387993],[26.743876,42.388281],[26.748648,42.38857],[26.752982,42.38884],[26.757105,42.389068],[26.761308,42.389314],[26.765732,42.389657],[26.769661,42.389876],[26.773591,42.390096],[26.777469,42.390303],[26.781492,42.390565],[26.785483,42.390763],[26.789635,42.39108],[26.793337,42.391318],[26.795676,42.393679],[26.797982,42.396088],[26.800386,42.398536],[26.802832,42.401032],[26.805568,42.403804],[26.808164,42.406443],[26.810278,42.408542],[26.812713,42.411069],[26.814956,42.413295],[26.817166,42.415576],[26.819687,42.418118],[26.821865,42.420328],[26.824536,42.4231],[26.826779,42.425397],[26.8296,42.427559],[26.831435,42.430125],[26.833484,42.432239],[26.835609,42.434385],[26.837765,42.436618],[26.839825,42.438772],[26.842003,42.440973],[26.844342,42.443356],[26.848408,42.444353]]}},{"type":"Feature","properties":{"osm_id":897758379,"voltage":"110000","circuits":"2","cables":"6","name":"","operator":"","ref":""},"geometry":{"type":"LineString","coordinates":[[26.991599,42.656962],[26.992024,42.65726],[26.992561,42.660112],[26.993328,42.662838],[26.99202,42.665088],[26.990313,42.667997],[26.988686,42.67067],[26.987158,42.673253],[26.985858,42.673533],[26.98427,42.67344],[26.982268,42.672354]]}},{"type":"Feature","properties":{"osm_id":897758380,"voltage":"110000","circuits":"1","cables":"3","name":"","operator":"","ref":""},"geometry":{"type":"LineString","coordinates":[[26.992969,42.660025],[26.993886,42.662865],[26.992304,42.665591],[26.990424,42.668758],[26.988545,42.671866],[26.98731,42.673938],[26.985485,42.677029],[26.984111,42.679335],[26.982364,42.679957]]}},{"type":"Feature","properties":{"osm_id":909318271,"voltage":"110000","circuits":"1","cables":"3","name":"","operator":"","ref":""},"geometry":{"type":"LineString","coordinates":[[23.073584,42.021706],[23.074497,42.024992],[23.075242,42.027713],[23.076256,42.031668],[23.076931,42.033945],[23.078085,42.037775],[23.078465,42.039146],[23.079445,42.042673],[23.080196,42.04538],[23.081316,42.049576],[23.081923,42.051786],[23.082913,42.055391],[23.083506,42.057284],[23.08457,42.059976],[23.08596,42.063407],[23.087048,42.066095],[23.087999,42.068348],[23.088734,42.070258],[23.090196,42.073868]]}},{"type":"Feature","properties":{"osm_id":915465915,"voltage":"110000","circuits":"1","cables":"3","name":"","operator":"","ref":""},"geometry":{"type":"LineString","coordinates":[[23.350271,41.642382],[23.353769,41.643881],[23.357667,41.6456],[23.360953,41.646999],[23.362825,41.648151],[23.364151,41.650655],[23.365339,41.652795],[23.36627,41.654527],[23.367159,41.654736],[23.370651,41.655584],[23.372735,41.656097],[23.374825,41.656783],[23.375347,41.656435]]}},{"type":"Feature","properties":{"osm_id":917593493,"voltage":"110000","circuits":"1","cables":"3","name":"","operator":"","ref":""},"geometry":{"type":"LineString","coordinates":[[27.034221,42.842567],[27.033854,42.842601],[27.030989,42.843063],[27.030503,42.840776],[27.032869,42.840293],[27.034828,42.839899],[27.03754,42.839378],[27.039853,42.838939],[27.04237,42.838889],[27.044813,42.838865],[27.047004,42.838883],[27.049212,42.838871],[27.051166,42.838533],[27.055211,42.83773],[27.057124,42.837395],[27.057731,42.836535],[27.058811,42.834898],[27.059674,42.833641],[27.061486,42.830916],[27.062513,42.829408],[27.062794,42.828813],[27.065687,42.822843],[27.06648,42.821225],[27.067238,42.819683],[27.067917,42.818255],[27.06879,42.816435],[27.069991,42.813991],[27.070715,42.812491],[27.071574,42.810709],[27.072335,42.809162],[27.073107,42.807588],[27.073766,42.806198],[27.076933,42.804598],[27.080184,42.802935],[27.082162,42.801938],[27.084275,42.8009],[27.086845,42.799566],[27.088542,42.798705],[27.09126,42.797315],[27.093118,42.796372],[27.095006,42.795443],[27.096772,42.794552],[27.098873,42.793494],[27.100864,42.792458],[27.102062,42.791846]]}},{"type":"Feature","properties":{"osm_id":917593494,"voltage":"110000","circuits":"1","cables":"3","name":"","operator":"","ref":""},"geometry":{"type":"LineString","coordinates":[[27.034256,42.84266],[27.033882,42.842756],[27.030697,42.843254],[27.030246,42.840585],[27.032783,42.840117],[27.035121,42.83967],[27.037593,42.839184],[27.039833,42.838755],[27.042581,42.83871],[27.045033,42.838701],[27.047033,42.838674],[27.04911,42.838668],[27.051074,42.838372],[27.054777,42.837645],[27.056792,42.837302],[27.057292,42.836549],[27.058733,42.834456],[27.059518,42.833267],[27.061663,42.830096],[27.062186,42.829322],[27.062601,42.828453],[27.063861,42.82571],[27.06501,42.823261],[27.065785,42.821782],[27.066657,42.819911],[27.067379,42.818385],[27.068375,42.816355],[27.070416,42.812022],[27.071196,42.810379],[27.072042,42.808598],[27.072629,42.807427],[27.07322,42.806102],[27.07661,42.804399],[27.079222,42.803068],[27.080578,42.802387],[27.082303,42.801515],[27.083998,42.800656],[27.085997,42.799636],[27.088281,42.798483],[27.091448,42.796896],[27.093189,42.795976],[27.095013,42.795106],[27.096772,42.79421],[27.098901,42.793096],[27.100632,42.792266],[27.101834,42.79161]]}},{"type":"Feature","properties":{"osm_id":929032344,"voltage":"110000","circuits":"2","cables":"6","name":"","operator":"","ref":""},"geometry":{"type":"LineString","coordinates":[[26.380119,42.67494],[26.377658,42.675854],[26.374507,42.676996],[26.371285,42.678162],[26.368405,42.679189],[26.365851,42.679075],[26.36323,42.678974],[26.361523,42.680949],[26.35942,42.683311],[26.35688,42.68527],[26.355277,42.686497],[26.352419,42.686044],[26.349624,42.685586],[26.348627,42.685446]]}},{"type":"Feature","properties":{"osm_id":929032345,"voltage":"110000","circuits":"2","cables":"6","name":"","operator":"","ref":""},"geometry":{"type":"LineString","coordinates":[[26.363484,42.679329],[26.365934,42.679448],[26.368506,42.679572],[26.371108,42.67866],[26.374872,42.677283],[26.376145,42.679229],[26.377797,42.681812],[26.380888,42.686533],[26.383992,42.687465],[26.385735,42.687966]]}},{"type":"Feature","properties":{"osm_id":940819563,"voltage":"110000","circuits":"1","cables":"3","name":"","operator":"","ref":""},"geometry":{"type":"LineString","coordinates":[[26.989854,42.656541],[26.989061,42.656582],[26.98626,42.65669],[26.983885,42.656762],[26.982107,42.65681],[26.980038,42.656888],[26.977616,42.656967],[26.975178,42.657042],[26.972714,42.657099],[26.971217,42.655997],[26.970014,42.655051],[26.968282,42.6537],[26.966601,42.652396],[26.965091,42.651229],[26.963364,42.649942],[26.961869,42.648752],[26.960354,42.647581],[26.958788,42.646356],[26.957452,42.645357],[26.955593,42.643886],[26.953722,42.642471],[26.951865,42.641019],[26.950243,42.63978],[26.948325,42.638257],[26.946416,42.636809],[26.944584,42.635376],[26.942726,42.633947],[26.94096,42.632609],[26.939407,42.631381],[26.937602,42.630029],[26.936192,42.628921],[26.933541,42.626868],[26.932284,42.625877],[26.930424,42.624463],[26.928569,42.623022],[26.926975,42.621772],[26.925265,42.620476],[26.923585,42.619157],[26.921852,42.617819],[26.920175,42.616534],[26.918495,42.615239],[26.916984,42.614063],[26.9153,42.61276],[26.913443,42.611304],[26.911784,42.610029],[26.910142,42.608757],[26.908541,42.607528],[26.906998,42.606319],[26.905474,42.605124],[26.903774,42.603797],[26.902119,42.602501],[26.900062,42.602221],[26.898059,42.601953],[26.89604,42.601646],[26.893972,42.601328],[26.892021,42.601049],[26.889763,42.600742],[26.887426,42.600397],[26.885272,42.600091],[26.883358,42.599804],[26.880772,42.59941],[26.878324,42.599077],[26.876347,42.598773],[26.873977,42.598453],[26.872266,42.598197],[26.86969,42.597837],[26.867661,42.597545],[26.865243,42.597197],[26.862996,42.596874],[26.86133,42.596635],[26.855806,42.59584],[26.853398,42.595493],[26.850626,42.595094],[26.847621,42.594662],[26.845128,42.594303],[26.842801,42.593969],[26.841055,42.593717],[26.838484,42.593347],[26.835919,42.592976],[26.833883,42.592692],[26.831675,42.591733],[26.829432,42.590785],[26.827359,42.589905],[26.825254,42.589005],[26.823102,42.588085],[26.820997,42.587201],[26.818963,42.586331],[26.816846,42.585414],[26.814318,42.584362],[26.812185,42.583446],[26.810031,42.582548],[26.807931,42.581641],[26.805808,42.580732],[26.803708,42.57985],[26.801581,42.578923],[26.799483,42.578047],[26.797277,42.577118],[26.795125,42.576191],[26.792975,42.57528],[26.769788,42.565391],[26.767709,42.564495],[26.763545,42.56274],[26.759108,42.560846],[26.757031,42.55996],[26.754882,42.559043],[26.753024,42.55825],[26.751311,42.557519],[26.74923,42.556631],[26.745707,42.555127],[26.743586,42.554222],[26.741502,42.553333],[26.73938,42.552427],[26.737229,42.551509],[26.73552,42.55078],[26.734043,42.55015],[26.733038,42.549721],[26.730936,42.548823],[26.728771,42.547899],[26.726678,42.546993],[26.7244,42.546007],[26.722364,42.545142],[26.720173,42.544213],[26.717363,42.542983]]}},{"type":"Feature","properties":{"osm_id":940819564,"voltage":"110000","circuits":"1","cables":"3","name":"","operator":"","ref":""},"geometry":{"type":"LineString","coordinates":[[26.513844,42.45556],[26.516009,42.456494],[26.518617,42.457617],[26.521066,42.458673],[26.523199,42.459591],[26.525028,42.460379],[26.526962,42.461212],[26.528664,42.461946],[26.53077,42.462853],[26.532895,42.463769],[26.535003,42.464677],[26.537091,42.465576],[26.538672,42.466257],[26.541044,42.467279],[26.54271,42.467997],[26.545172,42.469057],[26.547128,42.4699],[26.54921,42.470797],[26.551228,42.471666],[26.553318,42.472567],[26.555456,42.473487],[26.557569,42.474398],[26.558926,42.474982],[26.557344,42.476874],[26.554628,42.480011],[26.552784,42.482194],[26.550548,42.484854],[26.547705,42.486267],[26.544298,42.487998],[26.541596,42.48934],[26.539021,42.490647],[26.535506,42.492432],[26.532854,42.492995],[26.529878,42.493657],[26.529516,42.494035]]}},{"type":"Feature","properties":{"osm_id":941142258,"voltage":"110000","circuits":"1","cables":"3","name":"","operator":"","ref":""},"geometry":{"type":"LineString","coordinates":[[26.514489,42.477228],[26.514722,42.476973],[26.516304,42.475889],[26.515872,42.474108],[26.515272,42.471735],[26.514718,42.469391],[26.514012,42.466546],[26.513381,42.463859],[26.512728,42.461216],[26.512081,42.458566],[26.51142,42.455782],[26.511057,42.45437]]}},{"type":"Feature","properties":{"osm_id":941142259,"voltage":"110000","circuits":"1","cables":"3","name":"","operator":"","ref":""},"geometry":{"type":"LineString","coordinates":[[26.516139,42.47412],[26.515518,42.471724],[26.51499,42.469321],[26.514344,42.466564],[26.513766,42.464077],[26.513206,42.461639],[26.512632,42.459173],[26.512003,42.456561]]}},{"type":"Feature","properties":{"osm_id":948324402,"voltage":"110000","circuits":"2","cables":"6","name":"","operator":"","ref":""},"geometry":{"type":"LineString","coordinates":[[26.563823,43.2314],[26.564322,43.232328],[26.562686,43.233237],[26.56058,43.234343],[26.558182,43.233858],[26.555017,43.233221],[26.550828,43.232385],[26.547314,43.231673],[26.543323,43.230876],[26.538892,43.229996],[26.534557,43.229156],[26.530459,43.228335],[26.526414,43.22755],[26.523297,43.226975],[26.51914,43.226322],[26.515578,43.225861],[26.51494,43.225802]]}},{"type":"Feature","properties":{"osm_id":948333161,"voltage":"110000","circuits":"1","cables":"3","name":"","operator":"","ref":""},"geometry":{"type":"LineString","coordinates":[[26.51494,43.225802],[26.514083,43.224413],[26.511245,43.224198],[26.508687,43.224003],[26.504937,43.223686],[26.500812,43.223369],[26.498085,43.223156],[26.495639,43.222972],[26.494508,43.221097],[26.493211,43.218979],[26.490661,43.214792],[26.489024,43.212054],[26.487131,43.208958],[26.486371,43.20779],[26.485566,43.206445],[26.484227,43.204145],[26.48318,43.202335],[26.482195,43.200792],[26.482049,43.199604],[26.481772,43.197642],[26.48157,43.195978],[26.481307,43.193546],[26.481019,43.191676],[26.480522,43.187779],[26.480361,43.186808],[26.479022,43.185803],[26.475877,43.183368],[26.473194,43.181351],[26.470268,43.179117],[26.466941,43.17654],[26.463762,43.174128],[26.461288,43.17223],[26.459001,43.170489],[26.456716,43.168744],[26.454731,43.167222],[26.452095,43.165285],[26.449731,43.163396],[26.447352,43.161575],[26.445265,43.159964],[26.443034,43.158236],[26.440684,43.156447],[26.437183,43.153737],[26.433309,43.150849],[26.430882,43.149057],[26.42825,43.147035],[26.426271,43.145409],[26.423837,43.143521],[26.421374,43.141556],[26.419056,43.139792],[26.417004,43.138162],[26.413773,43.135638],[26.411581,43.133946],[26.409117,43.132024],[26.406864,43.130265],[26.404754,43.128618],[26.403626,43.127729],[26.403919,43.125511],[26.404264,43.123454],[26.404839,43.119239],[26.405392,43.115437],[26.405201,43.115085]]}},{"type":"Feature","properties":{"osm_id":953896888,"voltage":"110000","circuits":"1","cables":"3","name":"","operator":"","ref":""},"geometry":{"type":"LineString","coordinates":[[27.150085,43.311701],[27.149989,43.311444],[27.149642,43.312127],[27.148714,43.313313],[27.147287,43.314867],[27.147882,43.317154],[27.147657,43.317977],[27.147716,43.319],[27.148858,43.320268],[27.151433,43.321864],[27.15389,43.323281],[27.156674,43.324947],[27.159357,43.326532],[27.162087,43.328151],[27.164893,43.329814],[27.167741,43.331445],[27.170525,43.333095],[27.173403,43.33482],[27.17633,43.3365],[27.178199,43.33743],[27.179242,43.338211],[27.181622,43.339592],[27.18185,43.339779]]}},{"type":"Feature","properties":{"osm_id":981948784,"voltage":"110000","circuits":"1","cables":"3","name":"","operator":"","ref":""},"geometry":{"type":"LineString","coordinates":[[23.288988,42.311021],[23.29079,42.311196],[23.293591,42.310891],[23.299186,42.314976],[23.301836,42.316986],[23.304867,42.319127],[23.306404,42.320254],[23.30744,42.321612],[23.308748,42.323371],[23.310832,42.323548],[23.312398,42.323691],[23.314539,42.323917],[23.316566,42.324411],[23.317773,42.325737],[23.318852,42.327276],[23.319989,42.328069],[23.32141,42.32937],[23.322703,42.329723],[23.325284,42.330897],[23.326753,42.331202],[23.329607,42.331785],[23.330879,42.332237],[23.332542,42.332614],[23.335111,42.3324],[23.338389,42.33287],[23.340282,42.333161],[23.343249,42.333296],[23.346013,42.333663],[23.347991,42.333479],[23.350571,42.333304],[23.352576,42.33457],[23.355187,42.334529],[23.357241,42.334511],[23.359747,42.334475],[23.362198,42.334434],[23.364157,42.334343],[23.367784,42.334274],[23.37029,42.334247],[23.372021,42.334165],[23.375014,42.334087],[23.377657,42.333978],[23.38096,42.333896],[23.383092,42.335044],[23.386345,42.33683],[23.388409,42.338083],[23.391257,42.339422],[23.394373,42.341145],[23.397808,42.342999],[23.399858,42.34409],[23.402476,42.345161],[23.405681,42.345131],[23.408811,42.345092],[23.411954,42.345095],[23.413713,42.34483],[23.417508,42.344357],[23.422137,42.343696],[23.425499,42.343222],[23.429942,42.342607],[23.433409,42.342142],[23.437473,42.34155],[23.441304,42.341035],[23.445081,42.340493],[23.449036,42.339965],[23.452585,42.339436],[23.457022,42.338839],[23.461524,42.338306],[23.465679,42.337732],[23.469041,42.337277],[23.472495,42.336903],[23.47624,42.338707],[23.479256,42.340192],[23.482267,42.341582],[23.484541,42.34253],[23.4887,42.342202],[23.492509,42.341869],[23.495316,42.34027],[23.498049,42.338694],[23.500787,42.337113],[23.503161,42.335723],[23.505334,42.333645],[23.509717,42.333978],[23.513695,42.33422],[23.517932,42.334497],[23.521599,42.334689],[23.525868,42.334958],[23.529477,42.335176],[23.532889,42.335381],[23.536668,42.337133],[23.538236,42.337852],[23.538142,42.338399]]}},{"type":"Feature","properties":{"osm_id":986862435,"voltage":"110000","circuits":"1","cables":"3","name":"","operator":"","ref":""},"geometry":{"type":"LineString","coordinates":[[27.396711,42.47927],[27.393626,42.479072],[27.390005,42.478807],[27.386711,42.478606],[27.382586,42.478356],[27.380306,42.478178],[27.377366,42.478028],[27.374588,42.477818],[27.372324,42.4777],[27.367855,42.477442],[27.364159,42.477201],[27.357241,42.476695],[27.353671,42.476452],[27.35044,42.476231],[27.346092,42.475971],[27.344799,42.477395],[27.342364,42.480097],[27.340744,42.48185],[27.339317,42.483428],[27.33731,42.485648],[27.335138,42.488021],[27.333443,42.489849],[27.331908,42.491589],[27.329773,42.493864],[27.331633,42.496503]]}},{"type":"Feature","properties":{"osm_id":986862436,"voltage":"110000","circuits":"2","cables":"6","name":"","operator":"","ref":""},"geometry":{"type":"LineString","coordinates":[[27.408287,42.479084],[27.406023,42.478064],[27.404119,42.477272],[27.401093,42.475994],[27.399108,42.47512],[27.39729,42.474354],[27.396279,42.471234],[27.395919,42.469353],[27.395654,42.468148],[27.395361,42.466581],[27.397054,42.465121],[27.399862,42.464794],[27.401573,42.465402]]}},{"type":"Feature","properties":{"osm_id":986862442,"voltage":"110000","circuits":"1","cables":"3","name":"","operator":"","ref":""},"geometry":{"type":"LineString","coordinates":[[27.41488,42.475646],[27.413694,42.476936],[27.412141,42.478604],[27.410722,42.480149],[27.406452,42.479876]]}},{"type":"Feature","properties":{"osm_id":987319416,"voltage":"400000","circuits":"1","cables":"3","name":"","operator":"","ref":""},"geometry":{"type":"LineString","coordinates":[[27.354992,42.617352],[27.354095,42.61775],[27.351586,42.618376],[27.349735,42.618838],[27.347857,42.617989],[27.343996,42.616244],[27.34133,42.614955],[27.338739,42.613702],[27.334497,42.611652],[27.331951,42.610648],[27.328567,42.609313],[27.324304,42.607631],[27.320778,42.606301],[27.316876,42.604834],[27.313682,42.603559],[27.309894,42.602115],[27.307118,42.601063],[27.304238,42.601447],[27.301055,42.601769],[27.29805,42.602107],[27.296839,42.601501],[27.293104,42.601577],[27.289159,42.601792],[27.285402,42.601931],[27.281531,42.602092],[27.277826,42.602261],[27.275457,42.601593],[27.273069,42.600848],[27.269091,42.599608],[27.26464,42.598221],[27.260869,42.597045],[27.257275,42.595925],[27.253158,42.594641],[27.249111,42.59338],[27.244879,42.59206],[27.240901,42.59082],[27.236961,42.589591],[27.233238,42.58843],[27.229134,42.587124],[27.226056,42.586144],[27.222321,42.584534],[27.219254,42.583212],[27.21612,42.581862],[27.212584,42.580338],[27.209337,42.578938],[27.207,42.577079],[27.204467,42.575064],[27.201685,42.57285],[27.199107,42.5708],[27.196148,42.568445],[27.193575,42.566399],[27.190754,42.564099],[27.187777,42.561673],[27.184737,42.559305],[27.181975,42.557155],[27.17849,42.555712],[27.1756,42.554668],[27.171005,42.553008],[27.167616,42.551784],[27.163977,42.550389],[27.160259,42.548963],[27.156707,42.547602],[27.152971,42.546169],[27.150198,42.545106],[27.147041,42.543896],[27.143367,42.542487],[27.138693,42.540695],[27.134228,42.539025],[27.131467,42.537992],[27.12785,42.536639],[27.124589,42.535419],[27.119922,42.533672],[27.11693,42.53257],[27.113468,42.531294],[27.11015,42.530072],[27.106863,42.528861],[27.10353,42.527633],[27.100224,42.526414],[27.096651,42.525025],[27.092821,42.523536],[27.0895,42.522301],[27.086065,42.521023],[27.082584,42.519727],[27.079144,42.518447],[27.075583,42.517122],[27.0722,42.515805],[27.069299,42.514744],[27.065842,42.513479],[27.061991,42.51207],[27.061897,42.512035],[27.057157,42.51023],[27.05353,42.508848],[27.049761,42.507413],[27.046958,42.506345],[27.043306,42.504954],[27.040299,42.50384],[27.036992,42.50197],[27.033686,42.500099],[27.030232,42.498035],[27.02697,42.496087],[27.023637,42.494121],[27.020322,42.492254],[27.017119,42.49047],[27.013643,42.488444],[27.010617,42.486672],[27.007313,42.484805],[27.003794,42.483935],[26.999835,42.482882],[26.995801,42.481917],[26.991799,42.480801],[26.987207,42.479662],[26.984246,42.478887],[26.980019,42.477826],[26.976167,42.476837],[26.971757,42.475737],[26.967917,42.474693],[26.963818,42.473688],[26.960063,42.472793],[26.956093,42.471749],[26.952188,42.47076],[26.948894,42.469929],[26.944603,42.468852],[26.940451,42.467776],[26.937854,42.467095],[26.933316,42.465971],[26.929014,42.464871],[26.92498,42.463842],[26.921053,42.462853],[26.917341,42.461919],[26.913006,42.460795],[26.909391,42.459932],[26.90511,42.458801],[26.901119,42.457787],[26.897085,42.456743],[26.893201,42.455785],[26.889381,42.454859],[26.885283,42.45383],[26.881807,42.452895],[26.876936,42.451676],[26.87331,42.450726],[26.868632,42.449523],[26.865006,42.448573],[26.86125,42.447686],[26.857131,42.446594],[26.853097,42.445501],[26.848408,42.444353]]}},{"type":"Feature","properties":{"osm_id":990042573,"voltage":"110000","circuits":"1","cables":"3","name":"","operator":"","ref":""},"geometry":{"type":"LineString","coordinates":[[26.567172,43.265146],[26.567103,43.265515],[26.566908,43.265695],[26.564684,43.265911],[26.563478,43.265945],[26.560017,43.266359],[26.556109,43.266721],[26.552648,43.267127],[26.54945,43.267452],[26.546192,43.267763],[26.542548,43.268169],[26.539412,43.268509],[26.536357,43.268857],[26.533951,43.269167],[26.529682,43.269559],[26.527932,43.269404]]}},{"type":"Feature","properties":{"osm_id":990042574,"voltage":"110000","circuits":"1","cables":"3","name":"","operator":"","ref":""},"geometry":{"type":"LineString","coordinates":[[26.527687,43.269727],[26.528619,43.269725],[26.529632,43.269351],[26.533097,43.268989],[26.536074,43.268666],[26.53929,43.26831],[26.541734,43.268045],[26.545448,43.26763],[26.548771,43.267275],[26.552147,43.266912],[26.555657,43.266556],[26.558927,43.266207],[26.561859,43.265864],[26.564323,43.265722]]}},{"type":"Feature","properties":{"osm_id":991627504,"voltage":"110000","circuits":"1","cables":"3","name":"","operator":"","ref":""},"geometry":{"type":"LineString","coordinates":[[26.094034,41.818974],[26.096078,41.817472],[26.098249,41.81589],[26.09917,41.814766],[26.100524,41.813218],[26.102149,41.811139],[26.103723,41.809251],[26.104265,41.808705],[26.106144,41.806805],[26.106922,41.805453],[26.108836,41.803184],[26.110502,41.801124],[26.112099,41.799106],[26.114352,41.797121],[26.116452,41.79529],[26.118946,41.793059],[26.121092,41.791175],[26.123643,41.788843],[26.125699,41.787087],[26.126817,41.78608],[26.129057,41.785585],[26.129611,41.785297]]}},{"type":"Feature","properties":{"osm_id":992634907,"voltage":"110000","circuits":"2","cables":"6","name":"","operator":"","ref":""},"geometry":{"type":"LineString","coordinates":[[24.756551,42.17752],[24.759097,42.17448],[24.763126,42.173717],[24.767358,42.17299],[24.770394,42.173081],[24.774284,42.173208],[24.778645,42.173382],[24.782674,42.17351],[24.786911,42.173681],[24.789443,42.17091],[24.791852,42.168302],[24.794041,42.16666],[24.796029,42.165209],[24.799588,42.16257],[24.802533,42.160409],[24.805238,42.158343],[24.807871,42.156449],[24.808955,42.153533],[24.809833,42.151173],[24.810394,42.149724],[24.811108,42.147577],[24.812187,42.144879],[24.813073,42.142342],[24.81163,42.141824],[24.808827,42.141626],[24.806512,42.141492],[24.804449,42.141516],[24.800697,42.142477],[24.796384,42.14368],[24.79287,42.144595],[24.79083,42.145438]]}},{"type":"Feature","properties":{"osm_id":1001374466,"voltage":"110000","circuits":"","cables":"","name":"","operator":"","ref":""},"geometry":{"type":"LineString","coordinates":[[24.789049,42.12183],[24.789046,42.12162],[24.790675,42.119219]]}},{"type":"Feature","properties":{"osm_id":1002705875,"voltage":"110000","circuits":"2","cables":"6","name":"","operator":"","ref":""},"geometry":{"type":"LineString","coordinates":[[24.687089,42.13653],[24.688959,42.136058]]}},{"type":"Feature","properties":{"osm_id":1019532707,"voltage":"400000","circuits":"1","cables":"3","name":"","operator":"","ref":""},"geometry":{"type":"LineString","coordinates":[[24.793557,42.107687],[24.797736,42.106743],[24.802204,42.105733],[24.806539,42.104774],[24.811125,42.103755],[24.815664,42.102744],[24.819886,42.101817],[24.822965,42.100053],[24.825851,42.098334],[24.828083,42.097181],[24.829901,42.096049],[24.830775,42.094899],[24.832449,42.094831],[24.834874,42.094708],[24.839165,42.093504],[24.842336,42.092682],[24.847298,42.091296],[24.851761,42.090042],[24.856149,42.088768],[24.859545,42.087825],[24.864292,42.087451],[24.869077,42.087029],[24.87155,42.086105],[24.874013,42.085245],[24.878036,42.08515],[24.882628,42.084927],[24.886565,42.086121],[24.889998,42.08726],[24.893485,42.088231],[24.897637,42.08796],[24.902101,42.087682],[24.911134,42.087045],[24.915715,42.086694],[24.920597,42.086368],[24.925221,42.086049],[24.929985,42.085771],[24.93447,42.085404],[24.939072,42.085038],[24.94375,42.084839],[24.948589,42.084521],[24.953159,42.084162],[24.958127,42.083812],[24.963037,42.08339]]}},{"type":"Feature","properties":{"osm_id":1023909998,"voltage":"220000","circuits":"1","cables":"1","name":"Янтра","operator":"","ref":""},"geometry":{"type":"LineString","coordinates":[[25.375613,42.929691],[25.37312,42.928041],[25.367895,42.924238],[25.365828,42.922604]]}},{"type":"Feature","properties":{"osm_id":1023909999,"voltage":"220000","circuits":"1","cables":"1","name":"Янтра","operator":"","ref":""},"geometry":{"type":"LineString","coordinates":[[25.403208,42.950139],[25.405831,42.951831],[25.411195,42.955538],[25.414247,42.957859]]}},{"type":"Feature","properties":{"osm_id":1023910000,"voltage":"220000","circuits":"1","cables":"1","name":"Янтра","operator":"","ref":""},"geometry":{"type":"LineString","coordinates":[[25.403208,42.950139],[25.405568,42.95202],[25.410927,42.955738],[25.414247,42.957859]]}},{"type":"Feature","properties":{"osm_id":1024246754,"voltage":"400000","circuits":"1","cables":"3","name":"ПЕРПЕРИКОН","operator":"","ref":""},"geometry":{"type":"LineString","coordinates":[[25.333035,41.631202],[25.333491,41.633311],[25.334526,41.637649],[25.334929,41.640307],[25.335272,41.642732],[25.336004,41.64776],[25.336281,41.649579],[25.337638,41.652293],[25.338743,41.654493],[25.340883,41.658605],[25.3443,41.66004],[25.349278,41.66218],[25.351591,41.663158],[25.35423,41.664272],[25.360689,41.667005],[25.364047,41.668428],[25.364921,41.671117],[25.36564,41.673437],[25.36615,41.675252],[25.370479,41.678261],[25.373272,41.680139],[25.374481,41.680969],[25.380025,41.681166],[25.382742,41.681278],[25.387049,41.68139],[25.38993,41.68149],[25.391797,41.681562],[25.393868,41.681671],[25.394345,41.682844],[25.395783,41.686146],[25.396882,41.68877],[25.398341,41.692022],[25.399119,41.693749],[25.400198,41.696264],[25.401061,41.698411],[25.401823,41.700222],[25.402622,41.701968],[25.403395,41.703926],[25.404232,41.706117],[25.405916,41.710478],[25.406292,41.711503],[25.40709,41.713452],[25.407098,41.713471],[25.407192,41.713701],[25.40723,41.713794],[25.407672,41.714654],[25.408196,41.715676],[25.40906,41.717314],[25.40958,41.719968],[25.409966,41.72193],[25.410583,41.725148],[25.411063,41.72743],[25.411919,41.728631],[25.414472,41.731815],[25.416733,41.73466],[25.417106,41.735837],[25.41889,41.740786],[25.419284,41.741939],[25.420362,41.745147],[25.420826,41.746348],[25.421162,41.747388],[25.421993,41.749764],[25.42272,41.751839],[25.423683,41.754624],[25.424305,41.756315],[25.424944,41.758232],[25.425644,41.760329],[25.424547,41.761741],[25.423007,41.763754],[25.421875,41.765204],[25.420539,41.766969],[25.419064,41.768877],[25.417911,41.770366],[25.417074,41.77149],[25.418198,41.772906],[25.419662,41.774778],[25.421779,41.777493],[25.422988,41.778219],[25.42662,41.780359],[25.42798,41.781173],[25.430917,41.782905],[25.432486,41.783847],[25.434315,41.785457],[25.436311,41.787453],[25.436997,41.788573],[25.438242,41.790725],[25.439417,41.792609],[25.441021,41.79518],[25.442217,41.797196],[25.442866,41.798256],[25.443762,41.799771],[25.444862,41.801531],[25.446101,41.803562],[25.447388,41.80565],[25.449239,41.808669],[25.450902,41.810796],[25.45293,41.813339],[25.454437,41.81527],[25.456041,41.817293],[25.458101,41.819851],[25.460102,41.822354],[25.461744,41.824485],[25.463326,41.826464],[25.467242,41.828014],[25.47177,41.830633],[25.474436,41.831992],[25.477944,41.833706],[25.480841,41.835161],[25.483899,41.83672],[25.486651,41.838099],[25.490202,41.839869],[25.49407,41.841808],[25.495099,41.843702],[25.496521,41.846292],[25.497235,41.847546],[25.498881,41.850671],[25.500078,41.852925],[25.501612,41.85579],[25.502905,41.858039],[25.504471,41.860964],[25.505898,41.863776],[25.507293,41.866357],[25.508398,41.868402],[25.511241,41.869421],[25.514234,41.870568],[25.518944,41.872309],[25.522549,41.873679],[25.529748,41.876276],[25.534013,41.877961],[25.537806,41.879395],[25.54251,41.881176],[25.544483,41.881904],[25.548026,41.883329],[25.550536,41.88425],[25.552231,41.885334],[25.555036,41.886995],[25.557396,41.888573],[25.559499,41.889927],[25.563008,41.892139],[25.56657,41.894351],[25.569531,41.8963],[25.57269,41.898296],[25.575914,41.900341],[25.579637,41.902688],[25.581298,41.903731],[25.58255,41.904517],[25.586681,41.907707],[25.589583,41.910238],[25.592206,41.912561],[25.594583,41.914633],[25.597007,41.916685],[25.599408,41.918653],[25.601862,41.918912],[25.604791,41.91922],[25.610488,41.91985],[25.61331,41.920114],[25.617013,41.920524],[25.62458,41.921172],[25.627751,41.921471],[25.630642,41.92177],[25.633126,41.922956],[25.636028,41.924373],[25.638973,41.925726],[25.64091,41.926664],[25.644257,41.928316],[25.646612,41.929481],[25.649579,41.930878],[25.654466,41.933209],[25.657411,41.934665],[25.66086,41.936369],[25.663489,41.937626],[25.66675,41.939242],[25.670108,41.940771],[25.67367,41.942391],[25.67617,41.94366],[25.678327,41.944649],[25.682205,41.946476],[25.68566,41.948017],[25.688551,41.94816],[25.691282,41.948272],[25.695085,41.948415],[25.699199,41.948571],[25.703266,41.948715],[25.707369,41.94889],[25.711178,41.949054],[25.714172,41.94915],[25.718404,41.949205],[25.721376,41.949313],[25.725619,41.949557],[25.728972,41.949724],[25.73211,41.949848],[25.735023,41.951148],[25.738569,41.952752],[25.742067,41.95426],[25.744872,41.955549],[25.748053,41.956973],[25.751588,41.958525],[25.755397,41.960232],[25.759485,41.962067],[25.763412,41.963822],[25.766947,41.965382],[25.770294,41.966862],[25.772381,41.967819],[25.774913,41.968908],[25.776292,41.970272],[25.778786,41.972812],[25.78105,41.975141],[25.783668,41.977726],[25.786119,41.980206],[25.788678,41.982818],[25.790931,41.985027],[25.793168,41.987288],[25.795577,41.989712],[25.797234,41.991279],[25.799305,41.99342],[25.801445,41.995549],[25.80093,41.997654],[25.800152,42.000863],[25.799289,42.004296],[25.798919,42.005775],[25.798484,42.007915],[25.797331,42.012591],[25.796789,42.014902],[25.796403,42.016556],[25.795909,42.018557],[25.796494,42.020203],[25.797283,42.022534],[25.798168,42.025025],[25.799069,42.027723],[25.79982,42.02987],[25.800496,42.031918],[25.801445,42.034461],[25.802186,42.036656],[25.803468,42.040405],[25.804358,42.043146],[25.8052,42.045568],[25.806198,42.048305],[25.807529,42.052093],[25.808462,42.054798],[25.809192,42.057012],[25.810468,42.058442],[25.811815,42.05986],[25.814325,42.062457],[25.817179,42.065392],[25.818418,42.066889],[25.820623,42.069275],[25.822404,42.071146],[25.82418,42.073061],[25.826991,42.076076],[25.828589,42.07776],[25.830558,42.079838],[25.831996,42.081288],[25.833927,42.083115],[25.835981,42.08507],[25.83832,42.087347],[25.840064,42.089059]]}},{"type":"Feature","properties":{"osm_id":1024249021,"voltage":"400000","circuits":"1","cables":"3","name":"Марица Изток - Неа Санта","operator":"ЕСО","ref":""},"geometry":{"type":"LineString","coordinates":[[25.526208,41.287757],[25.523185,41.290507],[25.522132,41.291465],[25.519618,41.293751],[25.517839,41.295369],[25.513757,41.299129],[25.510436,41.303119],[25.508226,41.30569],[25.506299,41.308137],[25.505259,41.309371],[25.502179,41.313029],[25.501309,41.314117],[25.499694,41.31825],[25.497125,41.320745],[25.495256,41.32249],[25.493241,41.324467],[25.492339,41.325503],[25.491243,41.32683],[25.48967,41.328914],[25.487956,41.331104],[25.487002,41.332391],[25.485393,41.334541],[25.483626,41.33616],[25.481381,41.338124],[25.47926,41.339863],[25.475389,41.343393],[25.472026,41.346358],[25.46961,41.348621],[25.468937,41.349173],[25.464449,41.353172],[25.46102,41.353118],[25.457767,41.353065],[25.452986,41.352853],[25.449354,41.355069],[25.446986,41.356488],[25.445519,41.357351],[25.442942,41.358895],[25.437397,41.362323],[25.434891,41.363817],[25.432814,41.365099],[25.431394,41.366007],[25.431857,41.368936],[25.432382,41.371896],[25.432936,41.375052],[25.433252,41.376146],[25.433741,41.379173],[25.434307,41.382116],[25.43474,41.384821],[25.43524,41.387789],[25.435578,41.389251],[25.434651,41.390429],[25.431982,41.393584],[25.431029,41.394814],[25.428677,41.397686],[25.427432,41.399145],[25.424504,41.402671],[25.423431,41.40401],[25.422155,41.405534],[25.420874,41.407126],[25.418163,41.410626],[25.417261,41.41165],[25.416171,41.412976],[25.414498,41.415106],[25.411039,41.419644],[25.409966,41.421047],[25.405228,41.426608],[25.404576,41.427464],[25.401256,41.431264],[25.400765,41.431949],[25.397443,41.43591],[25.396194,41.437422],[25.394576,41.439426],[25.394336,41.44126],[25.393958,41.444766],[25.393813,41.447018],[25.393649,41.449161],[25.393366,41.451908],[25.392989,41.455221],[25.392765,41.457993],[25.392585,41.460289],[25.392422,41.462791],[25.392268,41.468303],[25.392113,41.47096],[25.391976,41.473551],[25.391847,41.476342],[25.391813,41.478284],[25.391634,41.481086],[25.391357,41.485189],[25.39125,41.487697],[25.391132,41.490417],[25.390992,41.493009],[25.390861,41.495773],[25.390627,41.499522],[25.390483,41.502387],[25.390413,41.50456],[25.388353,41.508164],[25.386846,41.510835],[25.385676,41.513],[25.383579,41.516639],[25.384083,41.519808],[25.384512,41.52213],[25.38492,41.524387],[25.384662,41.526242],[25.384748,41.53111],[25.384678,41.534354],[25.384654,41.535874],[25.384641,41.538468],[25.384555,41.540333],[25.384491,41.543383],[25.38448,41.545768],[25.383782,41.547004],[25.382929,41.548536],[25.384397,41.550599],[25.383166,41.552306],[25.381706,41.554285],[25.379319,41.557592],[25.377699,41.559852],[25.378777,41.562477],[25.379759,41.56491],[25.379207,41.566728],[25.378,41.570661],[25.378295,41.571833],[25.376787,41.575341],[25.376557,41.576346],[25.37565,41.579711],[25.37514,41.58144],[25.374727,41.582969],[25.3733,41.584462],[25.371476,41.586436],[25.368955,41.588979],[25.366858,41.591134],[25.363564,41.592285],[25.36041,41.593405],[25.357915,41.594247],[25.35636,41.594825],[25.354611,41.59653],[25.352508,41.59864],[25.35099,41.600152],[25.347691,41.603506],[25.346847,41.605069],[25.345059,41.608382],[25.344091,41.610176],[25.342814,41.612499],[25.34223,41.613754],[25.34219,41.614382],[25.341768,41.621025],[25.34165,41.622857],[25.340309,41.624165],[25.338689,41.625709],[25.333035,41.631202]]}},{"type":"Feature","properties":{"osm_id":1029250569,"voltage":"400000","circuits":"1","cables":"3","name":"","operator":"","ref":""},"geometry":{"type":"LineString","coordinates":[[25.280271,42.071493],[25.284514,42.07158],[25.289626,42.07156],[25.29403,42.07162],[25.297893,42.07162],[25.302098,42.071628],[25.306369,42.07164],[25.310403,42.071692],[25.314361,42.0717],[25.318476,42.071755],[25.322971,42.071771],[25.327048,42.071787],[25.331195,42.071767],[25.335272,42.071795],[25.339263,42.071807],[25.343737,42.071871],[25.348066,42.071859],[25.352336,42.071859],[25.356392,42.071887],[25.360302,42.071903],[25.364283,42.071927],[25.368918,42.071931],[25.372555,42.071947],[25.376412,42.071966],[25.379754,42.071974],[25.383428,42.072022],[25.389045,42.072014],[25.393315,42.072054],[25.396823,42.072062],[25.40141,42.072058],[25.405444,42.072082],[25.409719,42.072106],[25.413657,42.073241],[25.4179,42.074483],[25.421575,42.075546],[25.425362,42.076589],[25.429739,42.077887],[25.433645,42.078998],[25.438263,42.079556],[25.440168,42.080977],[25.444728,42.081124],[25.449615,42.081288],[25.454105,42.081435],[25.458219,42.0816],[25.460821,42.081698],[25.463562,42.081809],[25.466566,42.082538],[25.469629,42.083334],[25.47361,42.084373],[25.477054,42.085221],[25.480793,42.086185],[25.484703,42.087172],[25.488705,42.088187],[25.492143,42.089135],[25.496102,42.090114],[25.499975,42.091109],[25.503097,42.091914],[25.505855,42.092614],[25.508794,42.092662],[25.512292,42.092694],[25.516272,42.09271],[25.521562,42.092742],[25.524405,42.092757],[25.528696,42.092757],[25.532977,42.092821],[25.537054,42.092877],[25.542075,42.092917],[25.546506,42.092933],[25.550411,42.092964],[25.554542,42.093004],[25.557535,42.09302],[25.562278,42.093044],[25.567183,42.093041],[25.569035,42.09402],[25.573116,42.095421],[25.576744,42.096724],[25.580358,42.09799],[25.583991,42.099251],[25.58966,42.10122],[25.592939,42.102388],[25.598073,42.104121],[25.601722,42.105471],[25.605288,42.106732],[25.608862,42.107959],[25.612197,42.109124],[25.616714,42.110645],[25.620094,42.111865],[25.623872,42.113208],[25.628777,42.114935],[25.630689,42.115592],[25.632721,42.116346],[25.636638,42.117648],[25.640425,42.118963],[25.643797,42.119169],[25.647741,42.119436],[25.652119,42.119621],[25.655546,42.119779],[25.659777,42.119957],[25.663841,42.120195],[25.668052,42.120408],[25.674232,42.120683],[25.676951,42.120841],[25.680357,42.120971],[25.685204,42.121253],[25.690724,42.121531],[25.695316,42.121754],[25.699393,42.121929],[25.703464,42.122176],[25.709472,42.122462],[25.714515,42.122693],[25.718549,42.122904],[25.722567,42.123107],[25.726955,42.123334],[25.731112,42.123533],[25.735951,42.123771],[25.740157,42.123986],[25.744143,42.124165],[25.748166,42.124372],[25.752677,42.124607],[25.757479,42.124814],[25.761904,42.12438],[25.765986,42.123923],[25.76987,42.12356],[25.774865,42.123091],[25.778598,42.122649],[25.782037,42.122299],[25.785754,42.121937],[25.790357,42.12144],[25.795351,42.120934],[25.800238,42.120445],[25.804659,42.119999],[25.809567,42.119474],[25.813263,42.119072],[25.818118,42.118587],[25.821519,42.118233],[25.824738,42.117906],[25.827999,42.117079],[25.832103,42.116136],[25.835713,42.115252],[25.841786,42.113784],[25.845519,42.115121],[25.850202,42.116796],[25.853185,42.117898],[25.857487,42.119482],[25.859301,42.120942],[25.8604,42.121754],[25.861296,42.121953]]}},{"type":"Feature","properties":{"osm_id":1031840349,"voltage":"110000","circuits":"1","cables":"3","name":"","operator":"","ref":""},"geometry":{"type":"LineString","coordinates":[[26.291351,43.983038],[26.291313,43.982392],[26.291431,43.981291],[26.291635,43.9795],[26.291826,43.977698],[26.291992,43.976144],[26.29219,43.974571],[26.2924,43.972723],[26.292523,43.971621],[26.292732,43.969892],[26.292906,43.968268],[26.293083,43.966697],[26.294081,43.9651],[26.295095,43.963486],[26.296125,43.961836],[26.297032,43.960382],[26.298008,43.958831],[26.298936,43.957325],[26.300004,43.955615],[26.3008,43.954329],[26.301803,43.952712],[26.302662,43.951351],[26.303627,43.949824],[26.304692,43.948115],[26.305599,43.946637],[26.306425,43.945328],[26.30739,43.943789],[26.308222,43.942437],[26.30923,43.940819],[26.310177,43.939266],[26.31121,43.93762],[26.312167,43.936088],[26.31313,43.934505],[26.314152,43.932896],[26.315094,43.931348],[26.31592,43.930017],[26.316853,43.928491],[26.317725,43.927052],[26.318543,43.925713],[26.319573,43.924048],[26.319573,43.923117],[26.319605,43.921904],[26.319616,43.920791],[26.319621,43.919442],[26.319605,43.918303],[26.319605,43.916923],[26.319616,43.915646],[26.319616,43.914465],[26.319645,43.913198],[26.319678,43.911876],[26.319659,43.910766],[26.319701,43.909768]]}},{"type":"Feature","properties":{"osm_id":1056060379,"voltage":"110000","circuits":"1","cables":"3","name":"","operator":"","ref":""},"geometry":{"type":"LineString","coordinates":[[23.415371,42.652057],[23.414598,42.652189],[23.414922,42.6546],[23.415314,42.65513],[23.415336,42.655322]]}},{"type":"Feature","properties":{"osm_id":1076021399,"voltage":"110000","circuits":"1","cables":"3","name":"","operator":"","ref":""},"geometry":{"type":"LineString","coordinates":[[28.142904,43.513666],[28.145597,43.513496],[28.148402,43.513318],[28.151532,43.513121],[28.154122,43.512957],[28.156812,43.512787],[28.159794,43.512598],[28.163049,43.512393],[28.165665,43.512227],[28.168379,43.512056],[28.171,43.51189],[28.173918,43.511705],[28.176899,43.511517],[28.179825,43.511332],[28.182567,43.511159],[28.185195,43.510993],[28.18785,43.510825],[28.190679,43.510646],[28.193152,43.51049],[28.195383,43.510349],[28.197983,43.510184],[28.200731,43.510011],[28.203434,43.50984],[28.206063,43.509673],[28.20874,43.509504],[28.211562,43.509326],[28.214445,43.509144],[28.216821,43.508993],[28.219194,43.508843],[28.221707,43.508685],[28.224583,43.508503],[28.227214,43.508336],[28.229741,43.508177],[28.232429,43.508007],[28.235768,43.507796],[28.238619,43.507615],[28.241666,43.507423],[28.244724,43.507229],[28.2472,43.507073],[28.249685,43.506916],[28.252228,43.506755],[28.25488,43.506587],[28.257584,43.506416],[28.26028,43.506241],[28.26247,43.506098],[28.265121,43.505926],[28.267936,43.505743],[28.270868,43.505552],[28.27369,43.505368],[28.276714,43.505171],[28.279497,43.50499],[28.282205,43.504814],[28.2853,43.504613],[28.288505,43.504404],[28.291361,43.504218],[28.294049,43.504043],[28.296424,43.503889],[28.299073,43.503716],[28.301586,43.503553],[28.303967,43.503398],[28.306696,43.50322],[28.3099,43.503012],[28.312692,43.50283],[28.315364,43.502656],[28.318088,43.502479],[28.320993,43.50229],[28.323918,43.502101],[28.32641,43.501939],[28.328408,43.501805],[28.331562,43.501467],[28.334481,43.501064],[28.337033,43.500886],[28.340009,43.500616],[28.342943,43.500357],[28.345567,43.50007],[28.348186,43.499784],[28.351213,43.499453],[28.353776,43.499173],[28.356388,43.498888],[28.359021,43.4986],[28.362164,43.498257],[28.365114,43.497935],[28.367723,43.49765],[28.370407,43.497357],[28.373008,43.497073],[28.375684,43.496781],[28.378352,43.496489],[28.380782,43.496224],[28.383521,43.495925],[28.386949,43.495557],[28.389823,43.495249],[28.392363,43.494976],[28.394739,43.494722],[28.397525,43.494423],[28.400359,43.494111],[28.403365,43.493775],[28.406362,43.49344],[28.409411,43.493206],[28.411517,43.492959],[28.413632,43.492255],[28.416287,43.491379],[28.418704,43.490581],[28.421027,43.489814],[28.423552,43.488985],[28.428354,43.487409],[28.430948,43.486558],[28.433631,43.485677],[28.436469,43.484746],[28.438844,43.483966],[28.440855,43.483306],[28.443226,43.482223],[28.443508,43.482361]]}},{"type":"Feature","properties":{"osm_id":1076426760,"voltage":"110000","circuits":"2","cables":"6","name":"","operator":"","ref":""},"geometry":{"type":"LineString","coordinates":[[28.444263,43.482669],[28.44494,43.482499],[28.446117,43.481733],[28.447343,43.48079],[28.448265,43.479646],[28.449277,43.47839],[28.450342,43.477069],[28.450475,43.475758],[28.451268,43.47428],[28.451951,43.473005],[28.452578,43.471836],[28.453254,43.470575],[28.453974,43.469231],[28.453042,43.467126],[28.452319,43.465491],[28.45033,43.464915],[28.448183,43.464294],[28.446215,43.463725],[28.445652,43.462304],[28.444979,43.460605],[28.445728,43.459209],[28.446442,43.457877],[28.447147,43.456561],[28.448243,43.455417],[28.449298,43.454316],[28.450336,43.453233],[28.451391,43.452132],[28.452494,43.45098],[28.453775,43.449642],[28.454971,43.448395]]}},{"type":"Feature","properties":{"osm_id":1076426761,"voltage":"110000","circuits":"1","cables":"3","name":"","operator":"","ref":""},"geometry":{"type":"LineString","coordinates":[[28.454971,43.448395],[28.455096,43.448019]]}},{"type":"Feature","properties":{"osm_id":1076426762,"voltage":"110000","circuits":"1","cables":"3","name":"","operator":"","ref":""},"geometry":{"type":"LineString","coordinates":[[28.454971,43.448395],[28.455309,43.448083]]}},{"type":"Feature","properties":{"osm_id":1076426765,"voltage":"110000","circuits":"2","cables":"6","name":"","operator":"","ref":""},"geometry":{"type":"LineString","coordinates":[[28.545429,43.550865],[28.543224,43.550869],[28.541553,43.550887],[28.539284,43.550908],[28.537055,43.550941],[28.535494,43.550943],[28.533225,43.550949],[28.531433,43.550982],[28.529212,43.55099],[28.527032,43.551024],[28.52564,43.549589],[28.524723,43.548116],[28.52383,43.547025],[28.522692,43.545631],[28.5216,43.544253],[28.520466,43.542887],[28.519367,43.541527],[28.51822,43.540106],[28.517185,43.538788],[28.516033,43.537321],[28.514937,43.535926],[28.513867,43.534564],[28.513092,43.533665],[28.511921,43.532307],[28.510729,43.530924],[28.509577,43.529588],[28.50841,43.528235],[28.507243,43.526881],[28.506053,43.525482],[28.504901,43.524128],[28.503727,43.522747],[28.502648,43.521479],[28.501457,43.520078],[28.500274,43.518688],[28.499155,43.517372],[28.498012,43.516036],[28.496855,43.514683],[28.495691,43.513323],[28.49451,43.511942],[28.493418,43.510666],[28.492186,43.509225],[28.490989,43.507826],[28.489791,43.506425],[28.488575,43.505036],[28.487363,43.50365],[28.486201,43.502322],[28.484991,43.500939],[28.48382,43.4996],[28.482571,43.498172],[28.481435,43.496868],[28.480268,43.495529],[28.479075,43.494159],[28.477905,43.492816],[28.4763,43.492426],[28.474686,43.492035],[28.472997,43.491625],[28.471352,43.491226],[28.469752,43.490837],[28.468097,43.490435],[28.466429,43.490031],[28.464899,43.489659],[28.463268,43.489263],[28.461558,43.488848],[28.459902,43.488446],[28.45831,43.48806],[28.456513,43.487618],[28.454784,43.487192],[28.453269,43.486604],[28.451807,43.486036],[28.450295,43.485449],[28.448806,43.484871],[28.447295,43.484284],[28.44577,43.483691],[28.444314,43.483126]]}},{"type":"Feature","properties":{"osm_id":1078751273,"voltage":"110000","circuits":"","cables":"3","name":"","operator":"","ref":""},"geometry":{"type":"LineString","coordinates":[[23.269078,42.684202],[23.269597,42.684218]]}},{"type":"Feature","properties":{"osm_id":1078751274,"voltage":"110000","circuits":"","cables":"3","name":"","operator":"","ref":""},"geometry":{"type":"LineString","coordinates":[[23.269078,42.684202],[23.269599,42.684061]]}},{"type":"Feature","properties":{"osm_id":1081144917,"voltage":"110000","circuits":"1","cables":"3","name":"","operator":"","ref":""},"geometry":{"type":"LineString","coordinates":[[23.107832,41.876996],[23.108089,41.876815],[23.110723,41.875053],[23.113089,41.873436],[23.115272,41.871966],[23.117219,41.872699],[23.123581,41.875149],[23.127219,41.876567],[23.131553,41.878205],[23.135206,41.879679],[23.138511,41.881063],[23.141981,41.882508],[23.145039,41.88376],[23.147807,41.886029],[23.149738,41.887602],[23.152887,41.890174],[23.15528,41.892191],[23.157865,41.894319],[23.160397,41.896248],[23.163359,41.898464],[23.166135,41.900546],[23.168249,41.902436],[23.170502,41.904559],[23.173575,41.907454],[23.176162,41.908785],[23.179718,41.910624],[23.182378,41.911965],[23.186312,41.914029],[23.188891,41.915315],[23.190672,41.916434],[23.192675,41.917664],[23.194628,41.918862],[23.196396,41.920207],[23.198431,41.921796],[23.200763,41.923551],[23.202499,41.924911],[23.204918,41.925516],[23.206786,41.92599],[23.20982,41.926775],[23.213656,41.927733],[23.216637,41.928493],[23.220012,41.927818],[23.223727,41.927087],[23.227735,41.926299],[23.231083,41.925639],[23.236494,41.924571],[23.238166,41.924188],[23.243599,41.923818],[23.248841,41.92344],[23.251888,41.923182],[23.25346,41.923081],[23.256409,41.922272],[23.262239,41.920711],[23.268012,41.919178],[23.274052,41.917584],[23.27638,41.916956],[23.281939,41.915452],[23.283444,41.914739],[23.285195,41.913849],[23.287475,41.912689],[23.291295,41.910821],[23.293805,41.909595],[23.295844,41.908613],[23.297335,41.907857],[23.300586,41.906208],[23.303801,41.904586],[23.307346,41.902765],[23.310065,41.901369],[23.311527,41.900616],[23.31449,41.899127]]}},{"type":"Feature","properties":{"osm_id":1086368744,"voltage":"110000","circuits":"2","cables":"6","name":"","operator":"","ref":""},"geometry":{"type":"LineString","coordinates":[[27.357007,42.615285],[27.359296,42.612648],[27.358059,42.610498],[27.356465,42.607684],[27.355065,42.605177],[27.35366,42.602686],[27.352193,42.60008],[27.350766,42.597513],[27.349271,42.595001],[27.347855,42.592569],[27.346465,42.589978],[27.345246,42.587773],[27.344096,42.585592],[27.342765,42.583349],[27.339684,42.582761],[27.33669,42.582176],[27.333852,42.581644],[27.331366,42.58118],[27.328276,42.580548],[27.325222,42.581767],[27.324088,42.582205]]}},{"type":"Feature","properties":{"osm_id":1089303198,"voltage":"400000","circuits":"1","cables":"3","name":"","operator":"","ref":""},"geometry":{"type":"LineString","coordinates":[[25.999778,42.13628],[26.001969,42.137194],[26.003563,42.137508],[26.004434,42.137761],[26.00603,42.138198],[26.008696,42.137908],[26.010589,42.136142],[26.013477,42.133277],[26.016222,42.130567],[26.018693,42.128182],[26.021251,42.125731],[26.02351,42.123495],[26.025854,42.121229],[26.027905,42.119223],[26.029707,42.117447],[26.032557,42.116492],[26.037072,42.114875],[26.040651,42.113614],[26.044256,42.112385],[26.047818,42.111131],[26.052144,42.109603],[26.05598,42.108253],[26.059825,42.106941],[26.062623,42.105954],[26.065464,42.104948],[26.068632,42.103891],[26.072434,42.104566],[26.077301,42.105298],[26.080957,42.10591],[26.084682,42.106578],[26.089274,42.107304],[26.093789,42.10803],[26.097158,42.108541],[26.101294,42.109279],[26.105827,42.110024],[26.109601,42.110623],[26.113347,42.111234],[26.117606,42.111914],[26.121835,42.112637],[26.125479,42.113193],[26.128158,42.113761],[26.131268,42.114377],[26.136732,42.115458],[26.140463,42.116197],[26.143531,42.116791],[26.147601,42.117589],[26.151867,42.118456],[26.155858,42.119179],[26.158572,42.119704],[26.161805,42.120341],[26.164772,42.120887],[26.167861,42.12147],[26.169066,42.12253],[26.172454,42.125654],[26.176167,42.129032],[26.180205,42.132643],[26.181546,42.133821],[26.184239,42.136359],[26.18704,42.138841],[26.189733,42.141284],[26.191471,42.142819],[26.193144,42.14437],[26.196374,42.147353],[26.19911,42.149811],[26.201921,42.152317],[26.203723,42.153979],[26.206169,42.156238],[26.208873,42.15864],[26.211791,42.161368],[26.213748,42.163066]]}},{"type":"Feature","properties":{"osm_id":1090025042,"voltage":"400000","circuits":"1","cables":"3","name":"Несебър","operator":"Електроенергиен системен оператор","ref":""},"geometry":{"type":"LineString","coordinates":[[27.352128,42.620229],[27.349452,42.62162],[27.346187,42.623361],[27.346182,42.625546],[27.346305,42.62794],[27.348639,42.631342],[27.350714,42.634367],[27.352918,42.637581],[27.355135,42.640794],[27.358652,42.644392],[27.361346,42.647587],[27.364039,42.650782],[27.366537,42.653745],[27.369233,42.656723],[27.371112,42.658905],[27.373171,42.661353],[27.375186,42.663692],[27.376125,42.66583],[27.377097,42.668302],[27.378276,42.670655],[27.379195,42.673065],[27.380191,42.675519],[27.381616,42.678873],[27.382158,42.680801],[27.382761,42.683124],[27.383372,42.685507],[27.384027,42.687813],[27.384517,42.689734],[27.385347,42.692277],[27.38602,42.694808],[27.386212,42.695855],[27.386701,42.69782],[27.387322,42.699599],[27.387864,42.701667],[27.390581,42.70272],[27.393726,42.703966],[27.39687,42.705211],[27.399933,42.706425],[27.40348,42.707874],[27.404589,42.710037],[27.405993,42.712509],[27.407397,42.714981],[27.408654,42.717193],[27.409905,42.719394],[27.411179,42.721674],[27.414117,42.72675],[27.415336,42.729518],[27.416777,42.731906],[27.41802,42.734253],[27.419142,42.736371],[27.420055,42.738032],[27.421155,42.740034],[27.422855,42.74344],[27.422962,42.744672],[27.423224,42.746604],[27.423434,42.748497],[27.423618,42.750634],[27.423973,42.753263],[27.424207,42.755618],[27.42447,42.75848],[27.424653,42.760693],[27.426653,42.762698],[27.428409,42.764308],[27.430916,42.766707],[27.433402,42.769189],[27.435752,42.771369],[27.438019,42.773372],[27.440383,42.775688],[27.442953,42.778209],[27.445824,42.780895],[27.448492,42.783422],[27.451021,42.785893],[27.453397,42.788159],[27.455786,42.790434],[27.459369,42.792299],[27.463257,42.794369],[27.467145,42.796336],[27.470715,42.798322],[27.473586,42.800457],[27.476869,42.802885],[27.479724,42.805068],[27.479955,42.808096],[27.480002,42.810259],[27.480078,42.812871],[27.480228,42.815455],[27.480332,42.817423],[27.479456,42.819213],[27.478684,42.820857],[27.477629,42.822874],[27.4768,42.824829],[27.475896,42.826763],[27.475115,42.828262],[27.474144,42.830348],[27.473287,42.832123],[27.472449,42.833877],[27.471611,42.835693],[27.470914,42.837019],[27.469304,42.84032],[27.467194,42.84108],[27.464293,42.841826],[27.461976,42.842634],[27.459217,42.843524],[27.456552,42.845824],[27.455318,42.846894],[27.453349,42.84862],[27.452022,42.849863],[27.449997,42.851693],[27.449789,42.853398],[27.449766,42.856285],[27.448284,42.857254],[27.445133,42.859587],[27.44446,42.861324],[27.443906,42.862804],[27.44302,42.865397],[27.442008,42.868138],[27.441539,42.869503],[27.440535,42.872221],[27.439995,42.873604],[27.439224,42.875508],[27.438172,42.878424],[27.437545,42.880181],[27.43644,42.883557],[27.435714,42.885692],[27.434947,42.888012],[27.434144,42.890104],[27.433599,42.891746],[27.43281,42.89418],[27.432447,42.895341],[27.431624,42.896226],[27.427977,42.900361],[27.425167,42.903518],[27.424099,42.90474],[27.423229,42.906819],[27.422126,42.909438],[27.421218,42.911564],[27.420415,42.913453],[27.419069,42.916749],[27.419669,42.917865],[27.420739,42.919848],[27.421526,42.921446],[27.422499,42.923429],[27.424688,42.927769],[27.42571,42.929811],[27.426967,42.932328],[27.428167,42.934792],[27.430105,42.936531],[27.432091,42.938336],[27.435313,42.94134],[27.43683,42.942696],[27.440386,42.945928],[27.442281,42.947797],[27.443537,42.949035],[27.445067,42.950544],[27.444549,42.954324],[27.444305,42.956106],[27.444097,42.95762],[27.443663,42.960789],[27.443321,42.963283],[27.442899,42.966359],[27.442617,42.968419],[27.442289,42.970808],[27.441842,42.974067],[27.441265,42.975277],[27.440504,42.976874],[27.439552,42.978872],[27.438945,42.980145],[27.437389,42.983411],[27.439234,42.986028],[27.440445,42.987747],[27.441949,42.98988],[27.443583,42.992198],[27.445251,42.994425],[27.448228,42.998398],[27.45016,43.000934],[27.451821,43.002995],[27.453626,43.005233],[27.455126,43.007496],[27.456821,43.010055],[27.458156,43.01207],[27.461568,43.016495],[27.46354,43.019138],[27.465503,43.021769],[27.46742,43.024337],[27.469271,43.026817],[27.469669,43.030084],[27.470091,43.033538],[27.470555,43.03734],[27.470997,43.040967],[27.471275,43.043244],[27.471642,43.046253],[27.474349,43.049016],[27.477016,43.051739],[27.479696,43.054212],[27.481782,43.056137],[27.483029,43.057289],[27.486165,43.060182],[27.49024,43.063943],[27.493501,43.066952],[27.496577,43.069791],[27.499933,43.072887],[27.502745,43.075521],[27.505571,43.078167],[27.507892,43.080341],[27.509921,43.082841],[27.512056,43.085472],[27.513986,43.087911],[27.516092,43.090572],[27.518126,43.093144],[27.519887,43.095368],[27.521808,43.097796],[27.523737,43.100233],[27.525782,43.102818],[27.527559,43.105062],[27.529416,43.107408],[27.531076,43.109021],[27.533451,43.111327],[27.536206,43.114003],[27.538592,43.11632],[27.541183,43.118836],[27.543603,43.121186],[27.546177,43.123686],[27.548642,43.126079],[27.548993,43.128693],[27.549345,43.131316],[27.549755,43.134375],[27.55015,43.137316],[27.550509,43.139997],[27.550878,43.142745],[27.551264,43.14562],[27.55163,43.148347],[27.552056,43.151519],[27.552444,43.154409],[27.552855,43.157471],[27.553253,43.160434],[27.55362,43.163168],[27.552441,43.165935],[27.551088,43.169109],[27.5497,43.172368],[27.548234,43.175805],[27.54684,43.179077],[27.545704,43.181741],[27.54486,43.183722],[27.543224,43.18756],[27.542891,43.18834],[27.541686,43.191167],[27.540673,43.193543],[27.539578,43.196111],[27.538516,43.198601],[27.537442,43.201121],[27.536315,43.203635],[27.535306,43.205888],[27.533675,43.207087],[27.531926,43.208372],[27.530218,43.209627],[27.529427,43.211456],[27.528731,43.213064],[27.528168,43.214367],[27.526949,43.217184],[27.526265,43.218766],[27.52528,43.221029],[27.524534,43.222742],[27.523881,43.22424],[27.523691,43.225787],[27.523324,43.228767],[27.523019,43.231118],[27.522713,43.233468],[27.52252,43.23496],[27.522323,43.236475],[27.522994,43.238738],[27.523718,43.241362],[27.52448,43.244119],[27.52522,43.2468],[27.525912,43.249303],[27.526486,43.251383],[27.527007,43.253228],[27.527704,43.256034],[27.528487,43.258589],[27.529099,43.260987],[27.529764,43.263558],[27.530505,43.265972],[27.531266,43.268511],[27.531964,43.271214],[27.532672,43.273643],[27.530923,43.275503],[27.529067,43.277432],[27.527179,43.2794],[27.525119,43.281494],[27.522951,43.283751],[27.521128,43.285656],[27.519057,43.287812],[27.517657,43.289241],[27.517764,43.291529],[27.517785,43.293657],[27.51785,43.295578],[27.516444,43.297269],[27.514599,43.299412],[27.512528,43.301864],[27.511016,43.303621],[27.509658,43.305202],[27.507649,43.307487],[27.505866,43.309574],[27.50483,43.311865],[27.504506,43.312418]]}},{"type":"Feature","properties":{"osm_id":1093808331,"voltage":"110000","circuits":"2","cables":"6","name":"","operator":"","ref":""},"geometry":{"type":"LineString","coordinates":[[27.447068,42.513553],[27.444256,42.510042],[27.444256,42.507305],[27.447801,42.505084],[27.451615,42.502654],[27.453126,42.499267],[27.452562,42.496088],[27.449321,42.493079],[27.446612,42.490636]]}},{"type":"Feature","properties":{"osm_id":1093808332,"voltage":"110000","circuits":"2","cables":"6","name":"","operator":"","ref":""},"geometry":{"type":"LineString","coordinates":[[27.446915,42.513671],[27.445707,42.512129],[27.442085,42.513944],[27.438376,42.515154],[27.435021,42.516226],[27.430785,42.517254],[27.428886,42.517823],[27.424077,42.518881]]}},{"type":"Feature","properties":{"osm_id":1094045020,"voltage":"110000","circuits":"2","cables":"6","name":"","operator":"","ref":""},"geometry":{"type":"LineString","coordinates":[[23.79089,42.477705],[23.792202,42.4762],[23.79368,42.474505],[23.795281,42.47267],[23.796854,42.470866],[23.798204,42.469317],[23.799579,42.46774],[23.801153,42.466189],[23.802926,42.464441],[23.804729,42.462663],[23.806508,42.46091],[23.807974,42.459464],[23.809714,42.457748],[23.811455,42.456032],[23.813191,42.454317],[23.814895,42.452634],[23.816628,42.450922],[23.818471,42.449102],[23.820163,42.447431],[23.821906,42.445709],[23.823662,42.443975],[23.825399,42.442259],[23.826959,42.440718],[23.828681,42.439012],[23.83034,42.437367],[23.832045,42.435678],[23.833587,42.434151],[23.836956,42.430812],[23.838722,42.429061],[23.840521,42.427279],[23.842297,42.425504]]}},{"type":"Feature","properties":{"osm_id":1097505501,"voltage":"400000","circuits":"2","cables":"6","name":"Люлин","operator":"","ref":""},"geometry":{"type":"LineString","coordinates":[[23.135496,42.832287],[23.140285,42.832577],[23.143521,42.832778],[23.147667,42.833036],[23.152336,42.833344],[23.155975,42.833596],[23.159666,42.833823],[23.163571,42.8341],[23.167802,42.834377],[23.17212,42.834691],[23.174703,42.837008],[23.177304,42.839424],[23.179458,42.841519],[23.181724,42.843635],[23.184062,42.845772]]}},{"type":"Feature","properties":{"osm_id":1097505502,"voltage":"400000","circuits":"1","cables":"3","name":"Люлин","operator":"","ref":""},"geometry":{"type":"LineString","coordinates":[[23.109789,42.815126],[23.110425,42.817601],[23.113156,42.8197],[23.115956,42.821589],[23.119498,42.82371],[23.121319,42.824741],[23.124928,42.825319]]}},{"type":"Feature","properties":{"osm_id":1097505503,"voltage":"400000","circuits":"1","cables":"3","name":"Люлин","operator":"","ref":""},"geometry":{"type":"LineString","coordinates":[[23.124928,42.825319],[23.128362,42.825601],[23.129675,42.828905],[23.130883,42.831974],[23.135496,42.832287]]}},{"type":"Feature","properties":{"osm_id":1097505504,"voltage":"400000","circuits":"1","cables":"3","name":"Люлин","operator":"","ref":""},"geometry":{"type":"LineString","coordinates":[[23.124928,42.825319],[23.128202,42.82582],[23.129509,42.829196],[23.130698,42.832094],[23.132664,42.832159],[23.135496,42.832287]]}},{"type":"Feature","properties":{"osm_id":1110627228,"voltage":"110000","circuits":"1","cables":"3","name":"","operator":"","ref":""},"geometry":{"type":"LineString","coordinates":[[23.185056,42.124386],[23.186507,42.12409],[23.188275,42.123719],[23.189617,42.123775],[23.190775,42.123389],[23.192407,42.123263],[23.194175,42.123133],[23.196344,42.122991],[23.198595,42.122845],[23.199894,42.12276],[23.201423,42.122675],[23.202637,42.122591],[23.204974,42.122706],[23.207096,42.122882],[23.208456,42.122975],[23.209836,42.122888],[23.211813,42.122773]]}},{"type":"Feature","properties":{"osm_id":1110627229,"voltage":"110000","circuits":"1","cables":"3","name":"","operator":"","ref":""},"geometry":{"type":"LineString","coordinates":[[23.185056,42.124386],[23.183649,42.124673],[23.182057,42.124027],[23.179861,42.124463],[23.178108,42.124792],[23.176209,42.125147],[23.175153,42.125345],[23.17306,42.125737],[23.171491,42.125742],[23.169408,42.126325],[23.167727,42.127033],[23.166281,42.127644],[23.164856,42.128239],[23.163583,42.128782],[23.161538,42.129628],[23.159678,42.13041],[23.158187,42.131054],[23.157796,42.131125],[23.157058,42.13128],[23.154344,42.131878],[23.152784,42.131812],[23.150556,42.131747],[23.149593,42.131727],[23.147919,42.132349],[23.145932,42.132958],[23.143166,42.132827],[23.142215,42.13304],[23.141806,42.131735]]}},{"type":"Feature","properties":{"osm_id":1110716186,"voltage":"110000","circuits":"1","cables":"3","name":"","operator":"","ref":""},"geometry":{"type":"LineString","coordinates":[[23.126016,42.15625],[23.126795,42.155272],[23.129638,42.15113],[23.131786,42.148107],[23.134755,42.143933],[23.13909,42.13779],[23.14079,42.135325],[23.142121,42.133411],[23.141806,42.131735]]}},{"type":"Feature","properties":{"osm_id":1110716187,"voltage":"110000","circuits":"1","cables":"3","name":"","operator":"","ref":""},"geometry":{"type":"LineString","coordinates":[[23.117623,42.217382],[23.117389,42.211818],[23.117205,42.206152],[23.117091,42.200559],[23.116872,42.198305],[23.116757,42.195471],[23.116646,42.192535],[23.11716,42.190659],[23.11862,42.185286],[23.119324,42.182467],[23.120261,42.179048],[23.12076,42.176979],[23.121851,42.172839],[23.123134,42.168133],[23.12415,42.16411],[23.125145,42.160043],[23.126016,42.15625]]}},{"type":"Feature","properties":{"osm_id":1110716188,"voltage":"110000","circuits":"1","cables":"3","name":"","operator":"","ref":""},"geometry":{"type":"LineString","coordinates":[[23.13619,42.250192],[23.136016,42.249868],[23.132103,42.248201],[23.127668,42.246266],[23.124555,42.244909],[23.12403,42.242677],[23.12303,42.238866],[23.12239,42.236092],[23.12157,42.232841],[23.120655,42.229218],[23.119824,42.225919],[23.118829,42.222048],[23.117623,42.217382]]}},{"type":"Feature","properties":{"osm_id":1111063378,"voltage":"110000","circuits":"1","cables":"3","name":"","operator":"","ref":""},"geometry":{"type":"LineString","coordinates":[[23.090196,42.073868],[23.091049,42.075812],[23.091376,42.078471],[23.091914,42.083406],[23.092298,42.086444],[23.092614,42.089996],[23.09296,42.093229],[23.093408,42.097],[23.093581,42.09879],[23.095313,42.100343],[23.097504,42.102492],[23.099806,42.104664],[23.102136,42.10683],[23.104509,42.10905],[23.10661,42.110994],[23.109543,42.113699],[23.111753,42.115772],[23.114293,42.118036],[23.117362,42.120914],[23.120199,42.123476],[23.122264,42.125315],[23.125439,42.128362],[23.127978,42.130816],[23.132624,42.132506],[23.140411,42.132816],[23.141153,42.132734],[23.14139,42.131703]]}},{"type":"Feature","properties":{"osm_id":1111168358,"voltage":"110000","circuits":"2","cables":"6","name":"","operator":"","ref":""},"geometry":{"type":"LineString","coordinates":[[23.077957,42.006707],[23.076716,42.006697],[23.073803,42.008869],[23.071312,42.010743]]}},{"type":"Feature","properties":{"osm_id":1111168359,"voltage":"110000","circuits":"2","cables":"6","name":"","operator":"","ref":""},"geometry":{"type":"LineString","coordinates":[[23.068479,42.01466],[23.069863,42.012729],[23.071312,42.010743]]}},{"type":"Feature","properties":{"osm_id":1111526066,"voltage":"110000","circuits":"2","cables":"6","name":"","operator":"","ref":""},"geometry":{"type":"LineString","coordinates":[[23.078236,42.006599],[23.07602,42.004289],[23.077093,41.999944],[23.074595,41.997442],[23.073956,41.995003],[23.073132,41.991892],[23.07315,41.987565],[23.073993,41.985381],[23.077468,41.984611],[23.08106,41.983808],[23.082992,41.982371],[23.087419,41.979117],[23.089397,41.977685]]}},{"type":"Feature","properties":{"osm_id":1112527941,"voltage":"110000","circuits":"2","cables":"6","name":"","operator":"","ref":""},"geometry":{"type":"LineString","coordinates":[[23.089397,41.977685],[23.092275,41.977313],[23.093659,41.976946],[23.093905,41.976152],[23.095161,41.974689],[23.096277,41.973837],[23.097079,41.972926]]}},{"type":"Feature","properties":{"osm_id":1112527942,"voltage":"110000","circuits":"2","cables":"6","name":"","operator":"","ref":""},"geometry":{"type":"LineString","coordinates":[[23.104006,41.964941],[23.106469,41.96401],[23.11065,41.962316],[23.11271,41.961494],[23.114962,41.959387],[23.118302,41.956254],[23.121579,41.953316],[23.125498,41.949697],[23.129056,41.946439],[23.133337,41.942412],[23.134845,41.941026],[23.1393,41.936892],[23.14282,41.933629],[23.146222,41.93049],[23.14834,41.92852],[23.152204,41.924905],[23.155836,41.922002],[23.160385,41.91828],[23.165058,41.914533],[23.166696,41.913198],[23.168279,41.911872],[23.170236,41.910156],[23.173601,41.907295],[23.175976,41.906821],[23.178611,41.905548],[23.181399,41.903417],[23.182479,41.902424],[23.184241,41.900749],[23.187115,41.899517],[23.189654,41.898534],[23.191761,41.89839]]}},{"type":"Feature","properties":{"osm_id":1112687194,"voltage":"110000","circuits":"1","cables":"3","name":"","operator":"","ref":""},"geometry":{"type":"LineString","coordinates":[[23.10772,41.876896],[23.107964,41.87652],[23.109783,41.874239],[23.112442,41.870891],[23.113419,41.869663],[23.117383,41.864649],[23.120065,41.861293],[23.122222,41.858563],[23.124247,41.856043],[23.125381,41.854615],[23.129329,41.853526],[23.132347,41.852677],[23.135233,41.851874],[23.136719,41.850855],[23.138983,41.849291],[23.141491,41.846639],[23.143357,41.845858],[23.144774,41.845264],[23.147316,41.843502]]}},{"type":"Feature","properties":{"osm_id":1112687195,"voltage":"110000","circuits":"2","cables":"6","name":"","operator":"","ref":""},"geometry":{"type":"LineString","coordinates":[[23.135837,42.249922],[23.132085,42.248424],[23.127612,42.246521],[23.123911,42.244978],[23.119352,42.243013],[23.11556,42.241358],[23.110513,42.239131],[23.103179,42.239567],[23.099558,42.239809],[23.096532,42.23996],[23.091375,42.240293],[23.08945,42.240703],[23.088012,42.238311],[23.086138,42.236785]]}},{"type":"Feature","properties":{"osm_id":1112687196,"voltage":"110000","circuits":"1","cables":"3","name":"","operator":"","ref":""},"geometry":{"type":"LineString","coordinates":[[23.136534,42.250367],[23.136675,42.250678],[23.138432,42.250641],[23.142355,42.251857],[23.14444,42.250914],[23.147595,42.250973],[23.151364,42.251012],[23.155013,42.251054],[23.158536,42.251117],[23.162475,42.251136],[23.16603,42.251189],[23.169863,42.251254],[23.173098,42.251301]]}},{"type":"Feature","properties":{"osm_id":1113034697,"voltage":"110000","circuits":"1","cables":"3","name":"","operator":"","ref":""},"geometry":{"type":"LineString","coordinates":[[26.764996,42.761856],[26.764976,42.76164],[26.764674,42.759441],[26.767898,42.757972],[26.770843,42.756637],[26.773247,42.755578],[26.777004,42.753867],[26.780312,42.752339],[26.782954,42.753433],[26.78592,42.754687],[26.788662,42.755794],[26.791653,42.754648],[26.795089,42.753337],[26.798519,42.752014],[26.802008,42.750716],[26.805883,42.749219],[26.810055,42.747643],[26.813784,42.746206],[26.817329,42.744861],[26.820689,42.743575],[26.824431,42.742153],[26.828295,42.740716],[26.830834,42.738558],[26.833929,42.735983],[26.83706,42.733322],[26.839884,42.731002],[26.844613,42.731594],[26.849497,42.7322],[26.853076,42.732647],[26.856672,42.731153],[26.86008,42.729722],[26.863891,42.728171],[26.867624,42.726601],[26.871341,42.725081],[26.875259,42.723541],[26.878857,42.722053],[26.882419,42.720602],[26.885226,42.718322],[26.88837,42.715836],[26.892844,42.715232],[26.897326,42.714739],[26.899847,42.714398],[26.902886,42.714707],[26.906297,42.715044],[26.910349,42.715444],[26.91293,42.71569],[26.916628,42.713696],[26.920315,42.711685],[26.923805,42.709735],[26.927454,42.707767],[26.93089,42.705882],[26.934573,42.703862],[26.93736,42.702333],[26.940189,42.700769],[26.943939,42.698718],[26.947736,42.69666],[26.951457,42.694574],[26.955245,42.692508],[26.958707,42.690605],[26.961795,42.688913],[26.964893,42.687215],[26.968562,42.685282],[26.972277,42.68335],[26.975978,42.682093],[26.978984,42.681071],[26.982364,42.679957]]}},{"type":"Feature","properties":{"osm_id":1119864131,"voltage":"110000","circuits":"2","cables":"6","name":"","operator":"","ref":""},"geometry":{"type":"LineString","coordinates":[[26.380119,42.67494],[26.379222,42.672857],[26.378387,42.670936],[26.375938,42.669788],[26.37358,42.668663],[26.371005,42.667505],[26.368402,42.666389],[26.365956,42.665153],[26.36392,42.664223],[26.361497,42.663058],[26.358796,42.661832],[26.355679,42.660639]]}},{"type":"Feature","properties":{"osm_id":1121907512,"voltage":"110000","circuits":"1","cables":"3","name":"","operator":"","ref":""},"geometry":{"type":"LineString","coordinates":[[22.680576,42.293196],[22.6815,42.293533],[22.684541,42.294561],[22.68408,42.295504],[22.683082,42.297662],[22.682645,42.298648],[22.678377,42.298176],[22.674944,42.297801],[22.671605,42.297424],[22.668512,42.296333],[22.664124,42.294815],[22.662764,42.294325],[22.660031,42.292712],[22.656257,42.290422],[22.654417,42.289283],[22.652462,42.288144],[22.64894,42.286023],[22.646585,42.284616],[22.645158,42.283751],[22.642278,42.282003],[22.638786,42.2815],[22.633247,42.280741],[22.630755,42.28037],[22.625114,42.279586],[22.621144,42.279032],[22.61703,42.278449],[22.615772,42.278266],[22.611397,42.27753],[22.606572,42.276698],[22.603868,42.276161],[22.601403,42.275655],[22.596441,42.274656],[22.592563,42.273878],[22.585916,42.272523],[22.580909,42.271515],[22.578382,42.271004],[22.575381,42.270405],[22.570081,42.269359],[22.568917,42.269125],[22.564657,42.267323],[22.563482,42.266842],[22.559336,42.2663],[22.55509,42.265768],[22.552383,42.264869],[22.548837,42.263693],[22.548422,42.263555],[22.546107,42.262795],[22.543422,42.261908],[22.540415,42.260917],[22.536939,42.259766],[22.533761,42.258708],[22.53043,42.257612],[22.527951,42.256746],[22.526503,42.255668],[22.523689,42.253453],[22.521812,42.252011],[22.519671,42.250368],[22.517185,42.248418],[22.514457,42.246321],[22.512233,42.244588],[22.509844,42.242733],[22.507593,42.240996],[22.509176,42.23932],[22.510114,42.238297],[22.510184,42.237924]]}},{"type":"Feature","properties":{"osm_id":1122919885,"voltage":"400000","circuits":"1","cables":"3","name":"","operator":"","ref":""},"geometry":{"type":"LineString","coordinates":[[24.858928,42.121909],[24.854829,42.121595],[24.850377,42.121249],[24.845699,42.120891],[24.841659,42.120576],[24.836724,42.120159],[24.832025,42.119796]]}},{"type":"Feature","properties":{"osm_id":1122919886,"voltage":"400000","circuits":"1","cables":"2","name":"","operator":"","ref":""},"geometry":{"type":"LineString","coordinates":[[24.914615,42.21099],[24.916606,42.213478],[24.915447,42.216552]]}},{"type":"Feature","properties":{"osm_id":1122919887,"voltage":"400000","circuits":"1","cables":"2","name":"","operator":"","ref":""},"geometry":{"type":"LineString","coordinates":[[24.915447,42.216552],[24.91631,42.213536],[24.914615,42.21099]]}},{"type":"Feature","properties":{"osm_id":1123366958,"voltage":"110000","circuits":"1","cables":"3","name":"","operator":"","ref":""},"geometry":{"type":"LineString","coordinates":[[22.714241,42.290999],[22.714907,42.291564],[22.716425,42.29372],[22.717696,42.295458],[22.718136,42.297337],[22.716501,42.299271],[22.714566,42.301559],[22.715234,42.303743],[22.712179,42.304257],[22.711082,42.301888],[22.708891,42.3016],[22.707322,42.30139],[22.70215,42.299226],[22.699388,42.298055],[22.694865,42.296835],[22.690686,42.295706],[22.687403,42.294817],[22.684753,42.294355],[22.681535,42.293278],[22.680648,42.293042]]}},{"type":"Feature","properties":{"osm_id":1123366959,"voltage":"110000","circuits":"1","cables":"3","name":"","operator":"","ref":""},"geometry":{"type":"LineString","coordinates":[[22.680617,42.293108],[22.681328,42.293357],[22.68445,42.294411],[22.687175,42.295331],[22.689866,42.296226],[22.694337,42.297764],[22.699422,42.299494],[22.70306,42.300729],[22.705879,42.301682],[22.707814,42.302336],[22.71058,42.303271],[22.711852,42.304753],[22.714598,42.304292],[22.717026,42.304167],[22.720022,42.304161],[22.723535,42.304134],[22.727527,42.304126],[22.732121,42.304088],[22.736171,42.304101],[22.737004,42.304434],[22.740179,42.305647],[22.743448,42.306888],[22.746012,42.307895],[22.74892,42.309038],[22.750701,42.309712],[22.754295,42.311069],[22.757406,42.312291],[22.760357,42.313474],[22.764322,42.315013],[22.767899,42.315266],[22.771568,42.315508],[22.775329,42.31577],[22.779191,42.316016],[22.782893,42.316258],[22.786347,42.316523],[22.789893,42.316769],[22.792388,42.316944],[22.796373,42.317196],[22.799412,42.317394],[22.803817,42.317698],[22.807279,42.317924],[22.810514,42.318152],[22.814572,42.318398],[22.818335,42.31865],[22.821262,42.318828],[22.824845,42.319054],[22.828646,42.319314],[22.831771,42.319506],[22.835512,42.319772],[22.838675,42.319953],[22.842177,42.320187],[22.845077,42.320389],[22.848317,42.320657],[22.852271,42.320972],[22.856441,42.321317],[22.860838,42.321676],[22.864684,42.322],[22.868682,42.322335],[22.872144,42.322617],[22.875573,42.322912],[22.878629,42.323158],[22.883488,42.323565],[22.886957,42.323853],[22.890924,42.324196],[22.894086,42.324442],[22.897182,42.324706],[22.899805,42.324924],[22.903943,42.325261],[22.907776,42.325581],[22.910102,42.326031],[22.912907,42.326602],[22.915716,42.327137],[22.919602,42.327915],[22.922239,42.328446],[22.924948,42.328995],[22.9301,42.330011],[22.933332,42.330798],[22.938517,42.332039],[22.940741,42.332646],[22.944509,42.333645],[22.949275,42.334894],[22.952169,42.336005],[22.954935,42.337133],[22.959728,42.339078],[22.963301,42.340491],[22.966871,42.341927],[22.970414,42.343346],[22.97359,42.344613],[22.97691,42.345939],[22.981906,42.347961],[22.986103,42.349624],[22.992832,42.352296],[22.994849,42.353107],[22.997019,42.353987],[23.002936,42.356341],[23.004682,42.357029],[23.005692,42.359204],[23.005492,42.359744]]}},{"type":"Feature","properties":{"osm_id":1123366960,"voltage":"110000","circuits":"1","cables":"3","name":"","operator":"","ref":""},"geometry":{"type":"LineString","coordinates":[[22.714385,42.290888],[22.715205,42.29148],[22.716363,42.29305],[22.717712,42.294901],[22.718387,42.295805],[22.718485,42.297281],[22.716701,42.299383],[22.714832,42.301584],[22.715465,42.303697],[22.715813,42.305078],[22.716425,42.307625],[22.719255,42.30995],[22.722114,42.312266],[22.723873,42.31494],[22.725553,42.317136],[22.726513,42.318427],[22.729833,42.319978],[22.733383,42.321632],[22.735742,42.322732],[22.737574,42.323613],[22.741391,42.325398],[22.744017,42.326627],[22.747359,42.328168],[22.749566,42.329193],[22.750972,42.329863],[22.757498,42.332917],[22.758986,42.333609],[22.763455,42.335191],[22.76636,42.334622],[22.769444,42.333962],[22.771939,42.334047],[22.774323,42.334124],[22.777252,42.334237],[22.778883,42.334277],[22.780168,42.334325],[22.783115,42.334435],[22.785382,42.333726],[22.787538,42.333044],[22.78999,42.332302],[22.794644,42.330837],[22.797527,42.32993],[22.800657,42.328949],[22.803605,42.328025],[22.808875,42.326355],[22.811946,42.326129],[22.815516,42.325871],[22.818368,42.325669],[22.822171,42.325388],[22.824529,42.325227],[22.826835,42.325058],[22.831792,42.324721],[22.833908,42.324556],[22.835987,42.324394],[22.838991,42.324172],[22.842419,42.323924],[22.845619,42.324527],[22.848905,42.325132],[22.852555,42.325816],[22.855672,42.326413],[22.859617,42.327154],[22.86282,42.327739],[22.866186,42.32837],[22.870649,42.329211],[22.873777,42.329782],[22.876545,42.330313],[22.879235,42.330823],[22.881772,42.331297],[22.885804,42.332084],[22.889127,42.332681],[22.897211,42.334202],[22.90282,42.335264],[22.906425,42.334275],[22.911076,42.33301],[22.914474,42.332086],[22.91847,42.330966],[22.92236,42.329925],[22.924876,42.32924],[22.928486,42.326865],[22.931079,42.325235],[22.933161,42.323888],[22.934676,42.322911],[22.936066,42.322062],[22.940481,42.319141],[22.942841,42.317673],[22.945148,42.316178],[22.948905,42.313782],[22.950238,42.312919],[22.953538,42.31081],[22.955713,42.3094],[22.959259,42.307135],[22.962075,42.306228],[22.965082,42.305246],[22.967898,42.304306],[22.969671,42.303747],[22.972469,42.30281],[22.976259,42.301582],[22.979137,42.30066],[22.981897,42.299793],[22.984826,42.298879],[22.986785,42.298254],[22.990061,42.29721],[22.995002,42.295672],[22.999626,42.29423],[23.001962,42.29349],[23.004744,42.292593],[23.009424,42.291079],[23.011267,42.290498],[23.015682,42.289069],[23.020727,42.287432],[23.022334,42.286911],[23.025177,42.285994],[23.02795,42.285107],[23.029291,42.284885],[23.029714,42.284859]]}},{"type":"Feature","properties":{"osm_id":1123400187,"voltage":"400000","circuits":"1","cables":"3","name":"","operator":"","ref":""},"geometry":{"type":"LineString","coordinates":[[24.963037,42.08339],[24.968033,42.08305],[24.972815,42.082725],[24.977005,42.082441],[24.983102,42.082026],[24.988155,42.081679],[24.992757,42.081363],[24.997292,42.081051],[25.00192,42.080733],[25.006332,42.080418],[25.011121,42.080076],[25.015888,42.079736],[25.01997,42.079429],[25.024228,42.07911],[25.028222,42.07881],[25.032509,42.078509],[25.037426,42.078164],[25.041753,42.077864],[25.046079,42.077564],[25.050707,42.077243],[25.055266,42.076926],[25.059865,42.076609],[25.064267,42.076306],[25.068697,42.076],[25.07332,42.075681],[25.077973,42.075355],[25.082946,42.075013],[25.087549,42.074678],[25.092242,42.074368],[25.096765,42.074037],[25.101641,42.073683],[25.106109,42.073376],[25.110894,42.073042],[25.115331,42.072715],[25.119928,42.072404],[25.124622,42.072078],[25.129321,42.071751],[25.134112,42.071417],[25.138677,42.071086],[25.14322,42.070768],[25.147941,42.070425],[25.152785,42.070107],[25.157452,42.0698],[25.162033,42.069446],[25.16669,42.069099],[25.171738,42.068749],[25.175477,42.06851],[25.178872,42.067646],[25.182375,42.066778],[25.186721,42.065718],[25.190991,42.064635],[25.193566,42.06405],[25.196886,42.063189],[25.200979,42.063823],[25.205855,42.064575],[25.209627,42.065149],[25.2138,42.065806],[25.218183,42.066475],[25.222362,42.067108],[25.226948,42.067821],[25.231224,42.068478],[25.234931,42.069055],[25.238686,42.069645],[25.241936,42.070107],[25.245386,42.070664],[25.249527,42.071289],[25.253588,42.071321],[25.258094,42.071361],[25.262219,42.071377],[25.266565,42.071417],[25.27099,42.071425],[25.275765,42.071453],[25.280271,42.071493]]}},{"type":"Feature","properties":{"osm_id":1123425031,"voltage":"110000","circuits":"2","cables":"6","name":"","operator":"","ref":""},"geometry":{"type":"LineString","coordinates":[[23.703783,42.555509],[23.703121,42.554503],[23.704312,42.553717],[23.706307,42.552397],[23.708115,42.551152],[23.710154,42.549769],[23.712257,42.548299],[23.71662,42.545335],[23.718616,42.543933],[23.720612,42.542532],[23.7227,42.541106],[23.724789,42.539681],[23.726478,42.538515],[23.728171,42.537348],[23.730084,42.536029],[23.731563,42.535009],[23.733596,42.534728],[23.735739,42.534431],[23.738121,42.534102],[23.740094,42.533829],[23.742135,42.533547],[23.743259,42.532263],[23.744534,42.530807],[23.745929,42.529214],[23.747342,42.5276],[23.749088,42.525606],[23.750682,42.523785],[23.752087,42.522181]]}},{"type":"Feature","properties":{"osm_id":1125256868,"voltage":"110000","circuits":"2","cables":"6","name":"","operator":"","ref":""},"geometry":{"type":"LineString","coordinates":[[24.858036,42.015915],[24.857316,42.015832],[24.853988,42.015817]]}},{"type":"Feature","properties":{"osm_id":1125494419,"voltage":"110000","circuits":"2","cables":"6","name":"","operator":"","ref":""},"geometry":{"type":"LineString","coordinates":[[24.745386,42.116057],[24.745856,42.113874],[24.746092,42.111907],[24.746136,42.110787],[24.740994,42.11029],[24.738601,42.109713],[24.735583,42.109829],[24.731319,42.10978],[24.727848,42.109751],[24.723595,42.109711],[24.71945,42.109646],[24.715204,42.109579],[24.711556,42.111168],[24.708212,42.112605],[24.704706,42.114123],[24.70152,42.115509]]}},{"type":"Feature","properties":{"osm_id":1125494420,"voltage":"110000","circuits":"1","cables":"3","name":"","operator":"","ref":""},"geometry":{"type":"LineString","coordinates":[[24.767966,42.113277],[24.767607,42.110986],[24.767508,42.108813],[24.764147,42.108307],[24.761474,42.107923],[24.758241,42.107437],[24.754723,42.106949],[24.752144,42.108054],[24.74969,42.109116],[24.747062,42.110286],[24.746729,42.111872],[24.746163,42.114066],[24.745706,42.116068],[24.745564,42.116412]]}},{"type":"Feature","properties":{"osm_id":1125510256,"voltage":"400000","circuits":"1","cables":"2","name":"","operator":"","ref":""},"geometry":{"type":"LineString","coordinates":[[24.858928,42.121909],[24.862348,42.122044],[24.865177,42.12214]]}},{"type":"Feature","properties":{"osm_id":1137829098,"voltage":"110000","circuits":"1","cables":"3","name":"","operator":"","ref":""},"geometry":{"type":"LineString","coordinates":[[23.389409,42.659237],[23.388988,42.658788]]}},{"type":"Feature","properties":{"osm_id":1137829099,"voltage":"110000","circuits":"1","cables":"3","name":"","operator":"","ref":""},"geometry":{"type":"LineString","coordinates":[[23.388828,42.658877],[23.389057,42.659056],[23.389409,42.659237]]}},{"type":"Feature","properties":{"osm_id":1137829963,"voltage":"110000","circuits":"1","cables":"3","name":"","operator":"","ref":""},"geometry":{"type":"LineString","coordinates":[[23.388816,42.65863],[23.388988,42.658788]]}},{"type":"Feature","properties":{"osm_id":1137829964,"voltage":"110000","circuits":"1","cables":"3","name":"","operator":"","ref":""},"geometry":{"type":"LineString","coordinates":[[23.388658,42.658741],[23.388828,42.658877]]}},{"type":"Feature","properties":{"osm_id":1138096369,"voltage":"110000","circuits":"1","cables":"3","name":"","operator":"","ref":""},"geometry":{"type":"LineString","coordinates":[[23.312298,42.748196],[23.31209,42.747884]]}},{"type":"Feature","properties":{"osm_id":1138096370,"voltage":"110000","circuits":"1","cables":"3","name":"","operator":"","ref":""},"geometry":{"type":"LineString","coordinates":[[23.312298,42.748196],[23.312321,42.747817]]}},{"type":"Feature","properties":{"osm_id":1141813331,"voltage":"110000","circuits":"2","cables":"6","name":"","operator":"","ref":""},"geometry":{"type":"LineString","coordinates":[[23.323426,42.721941],[23.324773,42.72267],[23.32604,42.723333],[23.327094,42.724549],[23.327971,42.725844],[23.328947,42.727261],[23.329728,42.72836],[23.330506,42.729486],[23.331616,42.731054],[23.332151,42.732847]]}},{"type":"Feature","properties":{"osm_id":1141823901,"voltage":"220000","circuits":"1","cables":"2","name":"","operator":"","ref":""},"geometry":{"type":"LineString","coordinates":[[23.333754,42.732621],[23.332606,42.731838],[23.331396,42.73139]]}},{"type":"Feature","properties":{"osm_id":1141823902,"voltage":"220000","circuits":"1","cables":"2","name":"","operator":"","ref":""},"geometry":{"type":"LineString","coordinates":[[23.333754,42.732621],[23.332669,42.732168],[23.331396,42.73139]]}},{"type":"Feature","properties":{"osm_id":1141823903,"voltage":"220000","circuits":"1","cables":"2","name":"","operator":"","ref":""},"geometry":{"type":"LineString","coordinates":[[23.333754,42.732621],[23.332595,42.731986],[23.331396,42.73139]]}},{"type":"Feature","properties":{"osm_id":1142603352,"voltage":"220000","circuits":"1","cables":"2","name":"Студена/Струма","operator":"","ref":""},"geometry":{"type":"LineString","coordinates":[[23.352146,42.780905],[23.349424,42.78187]]}},{"type":"Feature","properties":{"osm_id":1142603353,"voltage":"220000","circuits":"1","cables":"1","name":"Студена/Струма","operator":"","ref":""},"geometry":{"type":"LineString","coordinates":[[23.352146,42.780905],[23.349351,42.781762]]}},{"type":"Feature","properties":{"osm_id":1142603354,"voltage":"220000","circuits":"1","cables":"1","name":"Студена/Струма","operator":"","ref":""},"geometry":{"type":"LineString","coordinates":[[23.352068,42.7808],[23.349351,42.781762]]}},{"type":"Feature","properties":{"osm_id":1142603355,"voltage":"220000","circuits":"1","cables":"2","name":"Студена/Струма","operator":"","ref":""},"geometry":{"type":"LineString","coordinates":[[23.349256,42.78165],[23.34684,42.782543]]}},{"type":"Feature","properties":{"osm_id":1142603356,"voltage":"220000","circuits":"1","cables":"3","name":"","operator":"","ref":""},"geometry":{"type":"LineString","coordinates":[[23.35183,42.780499],[23.352146,42.780905]]}},{"type":"Feature","properties":{"osm_id":1142603357,"voltage":"220000","circuits":"1","cables":"3","name":"","operator":"","ref":""},"geometry":{"type":"LineString","coordinates":[[23.352068,42.7808],[23.35183,42.780499]]}},{"type":"Feature","properties":{"osm_id":1142603358,"voltage":"220000","circuits":"1","cables":"3","name":"Студена/Струма","operator":"","ref":""},"geometry":{"type":"LineString","coordinates":[[23.35414,42.780202],[23.352068,42.7808]]}},{"type":"Feature","properties":{"osm_id":1142603359,"voltage":"220000","circuits":"1","cables":"2","name":"Студена/Струма","operator":"","ref":""},"geometry":{"type":"LineString","coordinates":[[23.349424,42.78187],[23.34684,42.782543]]}},{"type":"Feature","properties":{"osm_id":1142603360,"voltage":"220000","circuits":"1","cables":"2","name":"Студена/Струма","operator":"","ref":""},"geometry":{"type":"LineString","coordinates":[[23.349351,42.781762],[23.34684,42.782543]]}},{"type":"Feature","properties":{"osm_id":1142603361,"voltage":"220000","circuits":"1","cables":"2","name":"Студена/Струма","operator":"","ref":""},"geometry":{"type":"LineString","coordinates":[[23.352068,42.7808],[23.349256,42.78165]]}},{"type":"Feature","properties":{"osm_id":1142603362,"voltage":"220000","circuits":"1","cables":"3","name":"Студена/Струма","operator":"","ref":""},"geometry":{"type":"LineString","coordinates":[[23.35414,42.780202],[23.352146,42.780905]]}},{"type":"Feature","properties":{"osm_id":1142603363,"voltage":"220000","circuits":"2","cables":"6","name":"Студена/Струма","operator":"","ref":""},"geometry":{"type":"LineString","coordinates":[[23.519893,42.774081],[23.515119,42.774963],[23.510694,42.775711],[23.507415,42.776366],[23.508248,42.778458],[23.509501,42.781652],[23.510127,42.783309],[23.508514,42.785595],[23.50666,42.788184],[23.505922,42.788609],[23.505464,42.788872],[23.505175,42.789038],[23.503759,42.789853],[23.498755,42.792744],[23.496961,42.793809],[23.494695,42.794225],[23.491553,42.794804],[23.486335,42.795774],[23.481846,42.79658],[23.479211,42.797071],[23.470645,42.798614],[23.466989,42.799307],[23.465899,42.799502],[23.460457,42.800497],[23.457453,42.801228],[23.452724,42.802324],[23.447539,42.803533],[23.443832,42.804414],[23.441488,42.804641],[23.438793,42.804893],[23.434433,42.80534],[23.431901,42.805541],[23.425515,42.806152],[23.422966,42.80641],[23.419542,42.806757],[23.417275,42.807416],[23.413894,42.8084],[23.411388,42.809131],[23.406232,42.810768],[23.40404,42.81129],[23.398879,42.808917],[23.395008,42.807053],[23.393205,42.806241],[23.39221,42.805271],[23.389206,42.802343],[23.386202,42.799477],[23.383987,42.797286],[23.382107,42.795466],[23.380794,42.793217],[23.379215,42.790496],[23.37743,42.787429],[23.375713,42.784374],[23.374305,42.781898],[23.372014,42.781243],[23.368572,42.780216],[23.364555,42.77907],[23.360899,42.777973],[23.358389,42.778794],[23.35414,42.780202]]}},{"type":"Feature","properties":{"osm_id":1142802215,"voltage":"110000","circuits":"2","cables":"6","name":"","operator":"","ref":""},"geometry":{"type":"LineString","coordinates":[[23.337495,42.751009],[23.333892,42.75292],[23.330241,42.754897]]}},{"type":"Feature","properties":{"osm_id":1142802216,"voltage":"110000","circuits":"1","cables":"3","name":"","operator":"","ref":""},"geometry":{"type":"LineString","coordinates":[[23.330241,42.754897],[23.329624,42.754993]]}},{"type":"Feature","properties":{"osm_id":1142802218,"voltage":"110000","circuits":"1","cables":"3","name":"","operator":"","ref":""},"geometry":{"type":"LineString","coordinates":[[23.32971,42.755221],[23.330241,42.754897]]}},{"type":"Feature","properties":{"osm_id":1143863651,"voltage":"110000","circuits":"1","cables":"3","name":"","operator":"","ref":""},"geometry":{"type":"LineString","coordinates":[[23.786464,42.476207],[23.784162,42.475347],[23.781642,42.474525],[23.778482,42.473432],[23.77575,42.472498],[23.772071,42.471227],[23.768994,42.470184],[23.766756,42.469023],[23.766585,42.468753]]}},{"type":"Feature","properties":{"osm_id":1143863652,"voltage":"110000","circuits":"1","cables":"3","name":"","operator":"","ref":""},"geometry":{"type":"LineString","coordinates":[[23.7856,42.476178],[23.783301,42.475379],[23.780837,42.474534],[23.777927,42.473555],[23.775271,42.472642],[23.77189,42.471457],[23.768865,42.470447],[23.766692,42.46923],[23.766374,42.468786]]}},{"type":"Feature","properties":{"osm_id":1162963355,"voltage":"110000","circuits":"2","cables":"6","name":"Кичево-Батово","operator":"","ref":""},"geometry":{"type":"LineString","coordinates":[[28.336416,43.442732],[28.335138,43.443615],[28.333822,43.444468],[28.331786,43.444797],[28.329706,43.445122],[28.32763,43.445449],[28.325549,43.445776],[28.323473,43.446115],[28.321397,43.446435],[28.319315,43.446774],[28.31725,43.447085],[28.315018,43.447443],[28.312787,43.447798],[28.310539,43.44816],[28.308168,43.44853],[28.306371,43.44881],[28.3043,43.449138],[28.303372,43.450501],[28.302369,43.45198],[28.30142,43.453359],[28.300497,43.454702],[28.299467,43.456171],[28.298421,43.457736],[28.297359,43.459297],[28.296302,43.4608],[28.295277,43.462315],[28.294355,43.463678],[28.292263,43.463658],[28.290154,43.463639],[28.287907,43.463612],[28.285621,43.463584],[28.283309,43.463557],[28.280911,43.463534],[28.278557,43.463514],[28.276196,43.463479],[28.273852,43.463448],[28.271572,43.463436],[28.269196,43.463401],[28.266889,43.463382],[28.26477,43.463355],[28.26264,43.463323],[28.260307,43.4633],[28.257984,43.463277],[28.255618,43.463261],[28.25329,43.463222],[28.250978,43.463187],[28.248661,43.463172],[28.246327,43.46314],[28.243977,43.463113],[28.241724,43.463098],[28.239681,43.463074],[28.237283,43.463039],[28.235046,43.463008],[28.232905,43.463],[28.230808,43.462961],[28.228635,43.462946],[28.226377,43.462907],[28.224054,43.462891],[28.221688,43.462864],[28.219398,43.462841],[28.217059,43.462802],[28.214961,43.462794],[28.212848,43.462755],[28.210782,43.462728],[28.208519,43.462704],[28.20633,43.462685],[28.203793,43.462646],[28.201813,43.462646],[28.200043,43.462607],[28.198074,43.462595],[28.195714,43.462588],[28.193359,43.46258],[28.190993,43.46256],[28.188676,43.46256],[28.186294,43.462529],[28.184035,43.462517],[28.181697,43.462514],[28.17939,43.462498],[28.177266,43.462479],[28.175281,43.462615],[28.17328,43.462732],[28.171284,43.462868],[28.169165,43.462996],[28.167223,43.463133],[28.165163,43.463257],[28.163195,43.463378],[28.161424,43.462856],[28.159381,43.462222],[28.157305,43.461599],[28.155202,43.460952],[28.153131,43.460333],[28.151286,43.45978],[28.149333,43.459181],[28.147413,43.458608],[28.146329,43.457467],[28.14524,43.456295],[28.144001,43.454979],[28.142622,43.453511],[28.141292,43.452086],[28.139924,43.450652],[28.138572,43.449184],[28.137204,43.447724],[28.135842,43.446267],[28.134667,43.445021],[28.133186,43.444113],[28.131609,43.443136],[28.129978,43.442119],[28.128423,43.441134],[28.126835,43.440144],[28.125188,43.439112],[28.123428,43.438041],[28.121873,43.437067],[28.12044,43.436164],[28.118997,43.435272],[28.117361,43.434251],[28.116015,43.43341],[28.114674,43.432568],[28.113027,43.431551],[28.111321,43.430488],[28.109695,43.429471],[28.107984,43.428404],[28.106203,43.427278],[28.104411,43.426167],[28.102636,43.425065],[28.101016,43.424048],[28.099503,43.423113],[28.097765,43.422037],[28.096107,43.420986],[28.094342,43.419891],[28.092567,43.418776],[28.090791,43.417681],[28.089037,43.416586],[28.08731,43.415484],[28.085668,43.414467],[28.084059,43.413477],[28.082621,43.412569],[28.081715,43.411322],[28.080792,43.410032],[28.079853,43.408719],[28.079086,43.407651],[28.076736,43.406731],[28.074644,43.405917],[28.072509,43.405122],[28.070428,43.40433],[28.068438,43.403555],[28.067976,43.402869],[28.066394,43.400593],[28.064822,43.398465],[28.06361,43.396726],[28.062419,43.395066],[28.061104,43.393175],[28.060182,43.39192],[28.058232,43.389176],[28.05788,43.387429],[28.057529,43.385558],[28.0571,43.383499],[28.056682,43.381411],[28.056223,43.379119],[28.054066,43.377019],[28.051923,43.375021],[28.051932,43.372455],[28.051955,43.369919],[28.051988,43.367451],[28.052013,43.364497],[28.052025,43.361863],[28.052053,43.359832],[28.050573,43.357905],[28.049114,43.356145],[28.047462,43.354033],[28.045943,43.352118],[28.04454,43.350417],[28.043006,43.348474],[28.041761,43.346321],[28.040297,43.344012],[28.03902,43.342057],[28.037609,43.33979],[28.03564,43.338035],[28.033328,43.336092],[28.031091,43.334145],[28.029122,43.33242],[28.028684,43.331423],[28.027673,43.329423],[28.026767,43.327605],[28.025721,43.325509],[28.024653,43.323207],[28.023666,43.321306],[28.022829,43.319691],[28.021638,43.317322],[28.020861,43.315811],[28.019874,43.313758],[28.017355,43.31173],[28.016451,43.310971],[28.015046,43.309882],[28.014252,43.308512],[28.013222,43.306683],[28.012251,43.304841],[28.011435,43.303422],[28.011349,43.301907],[28.011285,43.300478],[28.011253,43.298979],[28.011183,43.297417],[28.011135,43.295941],[28.010727,43.29438],[28.010223,43.292747],[28.009703,43.290842],[28.009,43.288798],[28.008721,43.28732],[28.008281,43.285883],[28.006554,43.284836],[28.004773,43.283751],[28.002992,43.282634],[28.001297,43.281665],[27.999319,43.281768],[27.99763,43.281836],[27.995586,43.281904],[27.993888,43.281969],[27.992702,43.282068],[27.988195,43.282215],[27.987092,43.282292],[27.985077,43.282386],[27.983594,43.282439],[27.981526,43.282527],[27.979626,43.282635],[27.977241,43.282895],[27.975274,43.283087],[27.973352,43.283721],[27.971639,43.284232],[27.969451,43.284994],[27.967861,43.285564],[27.965875,43.287695],[27.964553,43.289113],[27.963559,43.290222],[27.962647,43.291236],[27.961144,43.292187],[27.959615,43.293142],[27.958038,43.294106],[27.956547,43.294483],[27.95439,43.294993],[27.952158,43.295684],[27.94982,43.296246],[27.947738,43.296746],[27.945485,43.297339],[27.943339,43.297839],[27.941676,43.297019],[27.939971,43.296207],[27.938144,43.295385],[27.936301,43.294536],[27.934401,43.293636],[27.932328,43.292699],[27.930401,43.291773],[27.928443,43.290859],[27.926391,43.289921],[27.924527,43.289071],[27.922653,43.288187],[27.921266,43.287558],[27.919994,43.286956],[27.91914,43.28656],[27.917606,43.285828],[27.915722,43.284921],[27.914026,43.284171],[27.912172,43.283294],[27.910371,43.282448],[27.908691,43.281655],[27.90722,43.280939],[27.904712,43.279944],[27.90244,43.278888],[27.900346,43.277981],[27.898336,43.276986],[27.896289,43.276079],[27.894221,43.275157],[27.892478,43.274357],[27.890865,43.273888],[27.889331,43.273419],[27.887745,43.272939],[27.885866,43.272397],[27.88363,43.271746],[27.881521,43.271105],[27.879332,43.270488],[27.877133,43.269847],[27.875087,43.269211],[27.873134,43.268624],[27.87283,43.267579],[27.872485,43.266355],[27.872019,43.264842],[27.871548,43.263195],[27.871092,43.261666],[27.871987,43.260294],[27.872903,43.258857],[27.873736,43.257408],[27.875008,43.256428],[27.876447,43.255366],[27.87787,43.254259],[27.879124,43.253278],[27.880187,43.252126],[27.879939,43.251528],[27.881006,43.24959],[27.879384,43.248428]]}},{"type":"Feature","properties":{"osm_id":1164623014,"voltage":"110000","circuits":"1","cables":"3","name":"","operator":"","ref":""},"geometry":{"type":"LineString","coordinates":[[25.308657,43.224924],[25.308608,43.2245],[25.308487,43.221334],[25.312516,43.220001],[25.316411,43.218704],[25.320171,43.21746],[25.323712,43.216291],[25.327596,43.215023],[25.331281,43.213801],[25.335347,43.212499],[25.339499,43.211115],[25.342326,43.210161],[25.346527,43.208808],[25.35246,43.206861],[25.356027,43.206282],[25.359787,43.205755],[25.363998,43.205117],[25.368526,43.204445],[25.37278,43.203823],[25.376084,43.203303],[25.379657,43.202777],[25.384161,43.202114],[25.387049,43.201684],[25.390526,43.201034],[25.395105,43.20018],[25.399452,43.199299],[25.403974,43.198427],[25.408303,43.197609],[25.41297,43.196694],[25.417278,43.195889],[25.421376,43.195114],[25.425941,43.194226],[25.430335,43.193386],[25.434943,43.192498],[25.439192,43.19168],[25.443773,43.190808],[25.44815,43.189956],[25.452189,43.189201],[25.455735,43.18852],[25.459512,43.187797],[25.459501,43.185702],[25.459474,43.183381],[25.459469,43.180226]]}},{"type":"Feature","properties":{"osm_id":1170367700,"voltage":"400000","circuits":"1","cables":"3","name":"","operator":"","ref":""},"geometry":{"type":"LineString","coordinates":[[23.001332,42.074672],[23.001928,42.07227],[23.002761,42.066752],[23.002925,42.064911]]}},{"type":"Feature","properties":{"osm_id":1170367707,"voltage":"400000","circuits":"1","cables":"3","name":"","operator":"","ref":""},"geometry":{"type":"LineString","coordinates":[[23.002925,42.064911],[23.003856,42.060041],[23.004678,42.055078],[23.004904,42.052528]]}},{"type":"Feature","properties":{"osm_id":1170367717,"voltage":"400000","circuits":"1","cables":"3","name":"","operator":"","ref":""},"geometry":{"type":"LineString","coordinates":[[23.012135,42.020722],[23.011846,42.022854],[23.010555,42.028372],[23.009561,42.0316]]}},{"type":"Feature","properties":{"osm_id":1170367734,"voltage":"400000","circuits":"1","cables":"3","name":"","operator":"","ref":""},"geometry":{"type":"LineString","coordinates":[[23.01389,42.013139],[23.014895,42.009539],[23.015809,42.008268]]}},{"type":"Feature","properties":{"osm_id":1170367737,"voltage":"400000","circuits":"1","cables":"3","name":"","operator":"","ref":""},"geometry":{"type":"LineString","coordinates":[[23.015809,42.008268],[23.017858,42.00599],[23.022074,42.000938],[23.023514,41.998991]]}},{"type":"Feature","properties":{"osm_id":1176622388,"voltage":"110000","circuits":"1","cables":"3","name":"","operator":"","ref":""},"geometry":{"type":"LineString","coordinates":[[23.9398,42.915634],[23.937959,42.914724],[23.935361,42.913464],[23.931557,42.91153],[23.927,42.90922]]}},{"type":"Feature","properties":{"osm_id":1185822264,"voltage":"110000","circuits":"1","cables":"3","name":"","operator":"","ref":""},"geometry":{"type":"LineString","coordinates":[[26.007508,42.130639],[26.008656,42.129568],[26.013194,42.125461],[26.016011,42.122955],[26.018047,42.121074],[26.019634,42.119632],[26.02107,42.11825],[26.021078,42.115204],[26.021541,42.114987],[26.021546,42.115235]]}},{"type":"Feature","properties":{"osm_id":1186240647,"voltage":"110000","circuits":"2","cables":"6","name":"","operator":"","ref":""},"geometry":{"type":"LineString","coordinates":[[23.813058,42.900168],[23.812092,42.902275],[23.811057,42.904637],[23.809528,42.905576]]}},{"type":"Feature","properties":{"osm_id":1186240648,"voltage":"110000","circuits":"1","cables":"3","name":"","operator":"","ref":""},"geometry":{"type":"LineString","coordinates":[[24.04002,42.776588],[24.038089,42.776615],[24.034739,42.776706],[24.03182,42.776755],[24.030092,42.777375],[24.026849,42.778507],[24.025844,42.779341],[24.023994,42.780851],[24.022482,42.782093],[24.019547,42.784433],[24.01902,42.78642],[24.01872,42.787767],[24.018548,42.788851],[24.018144,42.790912],[24.017772,42.79281],[24.01718,42.795824],[24.016349,42.800063],[24.016075,42.801459],[24.015957,42.802059],[24.015527,42.804446],[24.014645,42.808878],[24.014409,42.810066],[24.013914,42.812559],[24.013511,42.814748],[24.01332,42.815671],[24.013094,42.816919],[24.012802,42.818246],[24.012457,42.819311],[24.011835,42.821028],[24.011229,42.822703],[24.01056,42.82455],[24.010295,42.825282],[24.009036,42.828758],[24.008005,42.831619],[24.007225,42.833784],[24.006525,42.835749],[24.005641,42.838202],[24.005937,42.838561]]}},{"type":"Feature","properties":{"osm_id":1190372608,"voltage":"110000","circuits":"1","cables":"3","name":"","operator":"","ref":""},"geometry":{"type":"LineString","coordinates":[[28.433087,43.392872],[28.432879,43.393013],[28.429533,43.395682],[28.427202,43.397648],[28.428752,43.399051],[28.430311,43.400474],[28.431091,43.40117],[28.430512,43.402586],[28.42986,43.404245],[28.429301,43.405649],[28.428739,43.407029],[28.428267,43.408196],[28.426472,43.408676],[28.423951,43.409362],[28.421497,43.410026],[28.419362,43.410599],[28.417707,43.411854],[28.416089,43.413083],[28.414199,43.414519],[28.412375,43.415916],[28.410618,43.417257],[28.408842,43.418613],[28.406991,43.420025],[28.405275,43.42133],[28.403733,43.422595],[28.402072,43.423945],[28.40045,43.425291],[28.398787,43.426645],[28.397217,43.427924],[28.395544,43.429302],[28.393961,43.430614],[28.391013,43.433022],[28.390252,43.434142],[28.388224,43.437083],[28.387097,43.438701],[28.386076,43.440205],[28.38515,43.441535],[28.383978,43.443237],[28.382889,43.444814],[28.381819,43.446361],[28.381042,43.447488],[28.379195,43.446632],[28.377741,43.445932],[28.376302,43.445242],[28.374921,43.444583],[28.3734,43.443882],[28.371923,43.443232],[28.370305,43.443579],[28.368639,43.443894],[28.367018,43.4442],[28.365417,43.444502],[28.362146,43.445132],[28.360641,43.445423],[28.358928,43.445753],[28.35729,43.446069],[28.353911,43.44672],[28.352244,43.447041],[28.350578,43.447363],[28.349,43.447304],[28.347422,43.447245],[28.345804,43.447185],[28.344155,43.447124],[28.342518,43.447063],[28.340779,43.446998],[28.33934,43.446913],[28.338749,43.445895],[28.338136,43.444805],[28.337562,43.443777],[28.33697,43.44276],[28.337074,43.442491]]}},{"type":"Feature","properties":{"osm_id":1194940731,"voltage":"110000","circuits":"2","cables":"6","name":"","operator":"","ref":""},"geometry":{"type":"LineString","coordinates":[[24.310687,42.203891],[24.309418,42.204795],[24.309375,42.206257],[24.309219,42.207978],[24.309134,42.209663],[24.309059,42.211383],[24.308973,42.213076],[24.308881,42.214808],[24.308801,42.216552],[24.308715,42.218213],[24.308538,42.221721],[24.308458,42.223425],[24.308409,42.224736],[24.308324,42.226496],[24.308232,42.228287],[24.308136,42.230289],[24.308066,42.231648],[24.307986,42.233594],[24.307615,42.235071],[24.307219,42.236608],[24.306843,42.238101],[24.306489,42.239575],[24.306108,42.241064],[24.305716,42.242601],[24.305228,42.244527],[24.304788,42.246322],[24.3043,42.248308],[24.303855,42.250035],[24.303372,42.251854],[24.302508,42.255384],[24.302117,42.257004],[24.301693,42.258628],[24.301264,42.260371],[24.30062,42.262125],[24.299907,42.264015],[24.298625,42.267691],[24.297503,42.270696],[24.296296,42.274094],[24.295653,42.27586],[24.295047,42.277535],[24.29443,42.279246],[24.293813,42.280973],[24.292595,42.284302],[24.290775,42.289376],[24.290186,42.290957],[24.289537,42.292771],[24.288937,42.294477],[24.288303,42.296172],[24.287703,42.297854],[24.287113,42.299524],[24.28649,42.301183],[24.285235,42.304706],[24.284497,42.306834],[24.284114,42.307997],[24.283398,42.309881],[24.282859,42.311376],[24.282319,42.312878],[24.281781,42.314379],[24.281178,42.315924],[24.280601,42.318648],[24.280035,42.320968],[24.279396,42.324284],[24.278817,42.326253],[24.27849,42.327685],[24.278205,42.329176],[24.2774,42.332821],[24.277006,42.33447],[24.276671,42.336155],[24.276303,42.337853],[24.275917,42.339554],[24.275411,42.341768],[24.274962,42.343673],[24.274139,42.347461],[24.273783,42.349239],[24.273364,42.351059],[24.272986,42.352784],[24.272344,42.355662],[24.272039,42.356903],[24.27169,42.358541],[24.270868,42.362237],[24.270593,42.363755],[24.2701,42.365756],[24.269753,42.367314],[24.269319,42.369266],[24.269034,42.370629],[24.268623,42.372387],[24.268244,42.373993],[24.26787,42.375975],[24.26753,42.377406],[24.266747,42.380904],[24.266176,42.383318],[24.265751,42.385276],[24.265564,42.387522],[24.265773,42.38898],[24.266074,42.390834],[24.266181,42.392237],[24.266439,42.394141],[24.266688,42.396036],[24.266881,42.39746],[24.267254,42.399312],[24.267297,42.400784],[24.267517,42.402343],[24.267962,42.404494],[24.267986,42.405999],[24.268225,42.407746],[24.268498,42.409681],[24.268734,42.411629],[24.268995,42.413625],[24.269142,42.414841]]}},{"type":"Feature","properties":{"osm_id":1196883677,"voltage":"220000","circuits":"1","cables":"1","name":"Янтра","operator":"","ref":""},"geometry":{"type":"LineString","coordinates":[[25.365828,42.922604],[25.368167,42.924129],[25.373355,42.927856],[25.375613,42.929691]]}},{"type":"Feature","properties":{"osm_id":1211522726,"voltage":"110000","circuits":"2","cables":"6","name":"","operator":"","ref":""},"geometry":{"type":"LineString","coordinates":[[25.564996,43.066642],[25.566786,43.066434]]}},{"type":"Feature","properties":{"osm_id":1211522727,"voltage":"110000","circuits":"2","cables":"6","name":"","operator":"","ref":""},"geometry":{"type":"LineString","coordinates":[[25.565036,43.067029],[25.567225,43.066726]]}},{"type":"Feature","properties":{"osm_id":1212069968,"voltage":"110000","circuits":"1","cables":"3","name":"","operator":"","ref":""},"geometry":{"type":"LineString","coordinates":[[24.688959,42.136058],[24.68955,42.135563],[24.689636,42.13556]]}},{"type":"Feature","properties":{"osm_id":1212069969,"voltage":"110000","circuits":"2","cables":"6","name":"","operator":"","ref":""},"geometry":{"type":"LineString","coordinates":[[24.687089,42.13653],[24.684753,42.134493]]}},{"type":"Feature","properties":{"osm_id":1212069970,"voltage":"110000","circuits":"1","cables":"3","name":"","operator":"","ref":""},"geometry":{"type":"LineString","coordinates":[[24.688959,42.136058],[24.689618,42.135966]]}},{"type":"Feature","properties":{"osm_id":1212394215,"voltage":"110000","circuits":"","cables":"3","name":"","operator":"","ref":""},"geometry":{"type":"LineString","coordinates":[[28.376409,43.554497],[28.37642,43.55459]]}},{"type":"Feature","properties":{"osm_id":1215473178,"voltage":"110000","circuits":"1","cables":"3","name":"","operator":"","ref":""},"geometry":{"type":"LineString","coordinates":[[23.693721,43.142019],[23.69376,43.14246]]}},{"type":"Feature","properties":{"osm_id":1215473179,"voltage":"110000","circuits":"1","cables":"3","name":"","operator":"","ref":""},"geometry":{"type":"LineString","coordinates":[[23.693721,43.142019],[23.693863,43.142451]]}},{"type":"Feature","properties":{"osm_id":1219506188,"voltage":"220000","circuits":"","cables":"","name":"","operator":"","ref":""},"geometry":{"type":"LineString","coordinates":[[25.622372,41.942894],[25.621909,41.942876]]}},{"type":"Feature","properties":{"osm_id":1220378599,"voltage":"110000","circuits":"1","cables":"3","name":"","operator":"ЕРМ Запад","ref":""},"geometry":{"type":"LineString","coordinates":[[22.831535,43.917665],[22.831212,43.916138],[22.830759,43.914147],[22.83032,43.912044],[22.829816,43.909773],[22.829349,43.90766],[22.828845,43.905238],[22.827397,43.903835],[22.826533,43.902987],[22.824553,43.901085],[22.822928,43.89949],[22.821032,43.897663],[22.819635,43.89628],[22.818188,43.894867],[22.8166,43.893285],[22.814895,43.891646],[22.813079,43.889866],[22.811203,43.888031],[22.811469,43.885844],[22.811551,43.885189],[22.811574,43.885006],[22.811751,43.883587],[22.811927,43.882167],[22.812036,43.881284],[22.812274,43.879228],[22.81254,43.877197],[22.812818,43.87504],[22.813083,43.872816],[22.813152,43.872242],[22.81333,43.870745],[22.81364,43.868281],[22.813875,43.866436],[22.813994,43.865395],[22.814216,43.863535],[22.814258,43.863204],[22.81438,43.86222],[22.814584,43.860681],[22.814702,43.859571],[22.814895,43.858031],[22.815118,43.856163],[22.815273,43.854966],[22.815501,43.853146],[22.815576,43.852485],[22.815649,43.851852],[22.815661,43.851752],[22.815879,43.849975],[22.816086,43.848461],[22.816091,43.848421],[22.816128,43.848114],[22.81615,43.847939],[22.816266,43.846993],[22.816486,43.845201],[22.816692,43.843575],[22.817967,43.842675],[22.819686,43.841477],[22.82138,43.840295],[22.823042,43.839118],[22.824791,43.837901],[22.826287,43.836842],[22.827818,43.835761],[22.829264,43.834817],[22.831077,43.833466],[22.831933,43.832874],[22.833693,43.831636],[22.83513,43.830632],[22.836793,43.829461],[22.838518,43.828252],[22.839846,43.827323],[22.841938,43.825844],[22.843209,43.824966],[22.844972,43.823714],[22.846613,43.822582],[22.847922,43.821643],[22.849552,43.820513],[22.85123,43.819345],[22.852743,43.818226],[22.854255,43.817192],[22.855806,43.816124],[22.857281,43.815064],[22.859352,43.813616],[22.861358,43.812245],[22.8633,43.810852],[22.865623,43.809218],[22.867055,43.808219],[22.868831,43.806992],[22.871545,43.805064],[22.872757,43.804182],[22.875069,43.802556],[22.877237,43.801053],[22.879227,43.799636],[22.881619,43.797956],[22.883315,43.796763],[22.886828,43.794281]]}},{"type":"Feature","properties":{"osm_id":1221039180,"voltage":"110000","circuits":"2","cables":"6","name":"Казичене - Нови Искър","operator":"","ref":""},"geometry":{"type":"LineString","coordinates":[[23.362902,42.816785],[23.363286,42.814961],[23.365174,42.813006],[23.366155,42.812014],[23.368291,42.809771],[23.370114,42.807749],[23.371822,42.805974],[23.373504,42.804185],[23.37527,42.802334],[23.376956,42.800638],[23.378921,42.799637],[23.38076,42.79871],[23.382518,42.797817],[23.384204,42.796969],[23.385019,42.797166],[23.385608,42.797307],[23.387404,42.796593],[23.390245,42.795463],[23.393636,42.794113],[23.397138,42.79275],[23.40077,42.791335],[23.404217,42.789993],[23.409047,42.789471],[23.411583,42.787135],[23.415344,42.785634],[23.419176,42.784136],[23.423321,42.782516],[23.427222,42.781],[23.43066,42.779664],[23.43224,42.779046],[23.43358,42.778522],[23.437031,42.777174],[23.440124,42.775935],[23.442616,42.774937],[23.445992,42.773572],[23.449037,42.77234],[23.452547,42.770948],[23.456057,42.769555],[23.459125,42.768312],[23.462769,42.767946],[23.467014,42.767518],[23.47125,42.767076],[23.475487,42.766633],[23.479432,42.766278],[23.482643,42.765988],[23.486454,42.765645],[23.490724,42.765306],[23.493049,42.765111],[23.495375,42.764916],[23.497504,42.766385],[23.499747,42.767937],[23.502147,42.769572],[23.504896,42.771445],[23.507886,42.773481],[23.510423,42.77521],[23.51362,42.774651],[23.51751,42.773972],[23.520821,42.773393],[23.52225,42.775009],[23.523565,42.776494],[23.524542,42.777598]]}},{"type":"Feature","properties":{"osm_id":1231386994,"voltage":"110000","circuits":"1","cables":"3","name":"","operator":"","ref":""},"geometry":{"type":"LineString","coordinates":[[27.567421,43.44855],[27.56698,43.448074],[27.564889,43.447338],[27.562084,43.446447],[27.559157,43.445516],[27.556259,43.444514],[27.553089,43.443523],[27.550292,43.442583],[27.547718,43.441713],[27.544938,43.440793],[27.542804,43.439931],[27.54076,43.439018],[27.538574,43.43806],[27.536115,43.437013],[27.533232,43.435765],[27.530289,43.434468],[27.528003,43.433475],[27.527385,43.431507],[27.526698,43.4292],[27.525937,43.426722],[27.52524,43.424323],[27.524946,43.423281],[27.52621,43.421005],[27.527465,43.418757],[27.52846,43.416825],[27.529692,43.414755],[27.53081,43.412784],[27.532004,43.410644],[27.533189,43.408515],[27.534324,43.406469],[27.53548,43.404641],[27.536559,43.402921],[27.537782,43.401021],[27.538947,43.399068],[27.540159,43.397181],[27.541348,43.39528],[27.542569,43.393381],[27.543801,43.391422],[27.545287,43.389038],[27.547148,43.386122],[27.548843,43.383425],[27.55052,43.380744],[27.552158,43.378193],[27.553778,43.375603],[27.555391,43.373069],[27.556998,43.37056],[27.555844,43.367449],[27.554976,43.36499],[27.557824,43.36421],[27.560228,43.36351],[27.561829,43.361004],[27.563244,43.358758],[27.564833,43.356236],[27.566566,43.353488],[27.568065,43.351138],[27.569522,43.348857],[27.571107,43.346353],[27.572633,43.343932],[27.574175,43.341476],[27.574326,43.340224],[27.574516,43.338911],[27.575884,43.337963],[27.577075,43.337155],[27.577177,43.335327],[27.577188,43.335008]]}},{"type":"Feature","properties":{"osm_id":1253898126,"voltage":"110000","circuits":"2","cables":"6","name":"","operator":"","ref":""},"geometry":{"type":"LineString","coordinates":[[25.226821,42.651577],[25.228272,42.650974],[25.230026,42.650005],[25.231755,42.649175],[25.238701,42.645714],[25.242178,42.643985],[25.245175,42.642633],[25.248389,42.641198],[25.254771,42.638311],[25.257758,42.636961],[25.260727,42.635661],[25.263665,42.636759],[25.267068,42.638],[25.270373,42.639219],[25.273515,42.640409],[25.277284,42.641807],[25.280858,42.64311],[25.284425,42.644489],[25.287853,42.645743],[25.293441,42.647789],[25.295429,42.648501]]}},{"type":"Feature","properties":{"osm_id":1255726027,"voltage":"110000","circuits":"2","cables":"6","name":"","operator":"","ref":""},"geometry":{"type":"LineString","coordinates":[[23.389409,42.659237],[23.393102,42.660166],[23.393965,42.660446]]}},{"type":"Feature","properties":{"osm_id":1256108848,"voltage":"400000","circuits":"","cables":"","name":"","operator":"","ref":""},"geometry":{"type":"LineString","coordinates":[[23.861134,42.160383],[23.861329,42.160305]]}},{"type":"Feature","properties":{"osm_id":1256108849,"voltage":"400000","circuits":"","cables":"3","name":"","operator":"","ref":""},"geometry":{"type":"LineString","coordinates":[[23.861039,42.16023],[23.861134,42.160383],[23.86122,42.16052]]}},{"type":"Feature","properties":{"osm_id":1256108850,"voltage":"400000","circuits":"","cables":"3","name":"","operator":"","ref":""},"geometry":{"type":"LineString","coordinates":[[23.861417,42.160455],[23.861329,42.160305],[23.861226,42.160131]]}},{"type":"Feature","properties":{"osm_id":1256112163,"voltage":"400000","circuits":"","cables":"3","name":"","operator":"","ref":""},"geometry":{"type":"LineString","coordinates":[[23.934636,42.243895],[23.934825,42.244499],[23.934909,42.244768]]}},{"type":"Feature","properties":{"osm_id":1256112164,"voltage":"400000","circuits":"","cables":"3","name":"","operator":"","ref":""},"geometry":{"type":"LineString","coordinates":[[23.934876,42.243849],[23.93477,42.24351]]}},{"type":"Feature","properties":{"osm_id":1256112165,"voltage":"400000","circuits":"","cables":"3","name":"","operator":"","ref":""},"geometry":{"type":"LineString","coordinates":[[23.934313,42.243772],[23.934368,42.243946],[23.934636,42.243895],[23.934876,42.243849],[23.935143,42.243799]]}},{"type":"Feature","properties":{"osm_id":1256112166,"voltage":"400000","circuits":"","cables":"3","name":"","operator":"","ref":""},"geometry":{"type":"LineString","coordinates":[[23.934537,42.243574],[23.934636,42.243895]]}},{"type":"Feature","properties":{"osm_id":1256112167,"voltage":"400000","circuits":"","cables":"3","name":"","operator":"","ref":""},"geometry":{"type":"LineString","coordinates":[[23.935154,42.24473],[23.935067,42.244454],[23.934876,42.243849]]}},{"type":"Feature","properties":{"osm_id":1256112168,"voltage":"400000","circuits":"","cables":"3","name":"","operator":"","ref":""},"geometry":{"type":"LineString","coordinates":[[23.935492,42.244669],[23.935154,42.24473],[23.934909,42.244768],[23.934692,42.244801]]}},{"type":"Feature","properties":{"osm_id":1259156000,"voltage":"110000","circuits":"1","cables":"3","name":"","operator":"","ref":""},"geometry":{"type":"LineString","coordinates":[[24.278472,43.457414],[24.278895,43.457701],[24.282215,43.457218],[24.283186,43.457857],[24.286727,43.4601],[24.289634,43.461937],[24.293802,43.464573],[24.297558,43.466913],[24.300261,43.468619],[24.303378,43.468926],[24.307165,43.469288],[24.311757,43.469697],[24.316006,43.470098],[24.319841,43.470476],[24.323822,43.470826],[24.327668,43.471184],[24.331573,43.471523],[24.33499,43.471846],[24.338676,43.4722],[24.342501,43.472547],[24.346009,43.472878],[24.349614,43.473205],[24.353176,43.473539],[24.356716,43.47387],[24.360026,43.474182],[24.359543,43.477117],[24.359077,43.479908],[24.358546,43.483177],[24.358074,43.48619],[24.357516,43.489669],[24.35707,43.492561],[24.35663,43.495309],[24.35625,43.497698],[24.357124,43.499706],[24.358015,43.501756],[24.359093,43.504212],[24.35993,43.506071],[24.363803,43.506647],[24.367842,43.507243],[24.371989,43.507869],[24.376168,43.508476],[24.380309,43.509102],[24.38422,43.50967],[24.388082,43.510238],[24.392014,43.510806],[24.396048,43.511406],[24.400243,43.51204],[24.40432,43.512643],[24.408698,43.513281],[24.412608,43.513853],[24.416618,43.514458],[24.420794,43.515051],[24.424909,43.51565],[24.428881,43.516233],[24.431148,43.517708],[24.434315,43.519781],[24.43803,43.522247],[24.44045,43.523799],[24.444242,43.526265],[24.447877,43.527002],[24.451677,43.527771],[24.45547,43.528521],[24.459281,43.529295],[24.463739,43.530211],[24.465893,43.530645],[24.466034,43.530233]]}},{"type":"Feature","properties":{"osm_id":1264177244,"voltage":"110000","circuits":"1","cables":"3","name":"","operator":"","ref":""},"geometry":{"type":"LineString","coordinates":[[25.864295,42.123942],[25.86099,42.123847],[25.858386,42.121696],[25.859193,42.119605],[25.861729,42.118172],[25.860894,42.115817],[25.860212,42.113939],[25.859445,42.11181],[25.85878,42.109912],[25.857997,42.107727],[25.857267,42.105705],[25.85717,42.10337],[25.857103,42.101192],[25.857011,42.099646],[25.856852,42.097173],[25.856772,42.094703],[25.856666,42.092673],[25.8566,42.090606],[25.856508,42.088692],[25.856312,42.084339],[25.856227,42.082402],[25.856153,42.080796],[25.85611,42.079528],[25.855436,42.078591],[25.855326,42.076071],[25.855223,42.073613],[25.85507,42.069814],[25.85498,42.067899],[25.854875,42.065001],[25.854796,42.063218],[25.854694,42.060687],[25.854664,42.058658],[25.854531,42.055975],[25.854402,42.053504],[25.85432,42.051085],[25.854222,42.048808],[25.854093,42.046439],[25.854007,42.04415],[25.855267,42.041728],[25.856112,42.040177],[25.857261,42.037967],[25.858662,42.035287],[25.860272,42.032258],[25.862139,42.028853],[25.863094,42.027085],[25.86425,42.025028],[25.864281,42.023715],[25.864719,42.021155],[25.8647,42.020649]]}},{"type":"Feature","properties":{"osm_id":1270176310,"voltage":"110000","circuits":"","cables":"4","name":"","operator":"","ref":""},"geometry":{"type":"LineString","coordinates":[[25.623441,42.053962],[25.623432,42.054449],[25.622768,42.055917],[25.620875,42.059069],[25.619777,42.060828],[25.617795,42.060422],[25.616393,42.060107],[25.61506,42.059837],[25.613261,42.061242],[25.612781,42.06271],[25.612048,42.064985],[25.611084,42.068109],[25.608596,42.070226],[25.606246,42.072224],[25.603987,42.074154],[25.600438,42.074742],[25.596782,42.075395],[25.593244,42.075962],[25.591603,42.076249]]}},{"type":"Feature","properties":{"osm_id":1278053063,"voltage":"400000","circuits":"1","cables":"3","name":"Родина","operator":"Електроенергиен системен оператор ЕАД","ref":""},"geometry":{"type":"LineString","coordinates":[[25.330061,43.213264],[25.334004,43.211963],[25.337835,43.210701],[25.341827,43.209385],[25.345912,43.208019],[25.349831,43.206742],[25.353204,43.20564],[25.355892,43.204742],[25.360067,43.204226],[25.363216,43.20381],[25.366427,43.203391],[25.37068,43.20285],[25.374138,43.202407],[25.377232,43.202019],[25.381208,43.20151],[25.384072,43.201066],[25.387025,43.200671],[25.389953,43.200119],[25.39301,43.199559],[25.395892,43.199082],[25.400216,43.198261],[25.40484,43.19737],[25.408975,43.19662],[25.412109,43.195985],[25.415655,43.195316],[25.419667,43.194523],[25.42302,43.193881],[25.427106,43.193093],[25.430948,43.192365],[25.434656,43.191656],[25.437776,43.19105],[25.440787,43.190479],[25.44411,43.189859],[25.447831,43.189125],[25.452362,43.18824],[25.454449,43.187806],[25.4572,43.187245],[25.459757,43.186836],[25.463404,43.186146],[25.46701,43.185437],[25.470265,43.184827],[25.474674,43.18393],[25.478672,43.183182],[25.482927,43.182399],[25.487262,43.181552],[25.491604,43.180715],[25.496028,43.179888],[25.500581,43.178976],[25.503773,43.178362],[25.504736,43.175372],[25.505892,43.171882],[25.506825,43.169014],[25.506857,43.167651],[25.506987,43.163629],[25.507055,43.160991],[25.507127,43.158091],[25.507228,43.154735],[25.507311,43.151861],[25.507394,43.149412],[25.506029,43.145688],[25.504993,43.142919],[25.503857,43.139657],[25.502899,43.136985],[25.501598,43.133386],[25.500414,43.13008],[25.499332,43.127018],[25.499128,43.124979],[25.498887,43.122435],[25.498695,43.120561],[25.498319,43.116592],[25.498072,43.113978],[25.497745,43.11081],[25.497448,43.107733],[25.497128,43.104314],[25.496921,43.102055],[25.496657,43.099392],[25.499117,43.097841],[25.501722,43.096137],[25.504229,43.094525],[25.506517,43.093088],[25.510002,43.092687],[25.513989,43.09223],[25.518626,43.091721],[25.522609,43.091298],[25.525994,43.090911],[25.52854,43.090248],[25.531514,43.089499]]}},{"type":"Feature","properties":{"osm_id":1280695971,"voltage":"110000","circuits":"1","cables":"3","name":"Бели Лом","operator":"","ref":""},"geometry":{"type":"LineString","coordinates":[[26.643897,43.467908],[26.642622,43.468711],[26.640923,43.46978],[26.638936,43.470972],[26.636936,43.472187],[26.635301,43.473181],[26.633748,43.474159],[26.631624,43.475432],[26.630293,43.476246],[26.628422,43.477407],[26.626551,43.478565],[26.624512,43.479761],[26.623328,43.480525],[26.621929,43.481378],[26.62047,43.482265],[26.619002,43.483187],[26.61762,43.484006],[26.616118,43.484959],[26.614577,43.485911],[26.612848,43.486989],[26.611363,43.487892],[26.609827,43.488812],[26.608294,43.48975],[26.606887,43.490618],[26.605376,43.491546],[26.60411,43.492297],[26.602754,43.493129],[26.601334,43.493996],[26.600089,43.494788],[26.598244,43.495908],[26.596583,43.496886],[26.594579,43.498287],[26.593051,43.49942],[26.591541,43.500429],[26.58994,43.50154],[26.588279,43.50272],[26.586957,43.503651],[26.585691,43.50455],[26.584288,43.505534],[26.582541,43.506763],[26.581537,43.507448],[26.580971,43.50785],[26.580468,43.508229],[26.5787,43.509478],[26.576902,43.51071],[26.575289,43.511837],[26.573688,43.513009],[26.5704,43.515316],[26.568735,43.516473],[26.566972,43.517728],[26.565529,43.518771],[26.563654,43.520062],[26.562062,43.521185],[26.560526,43.522287],[26.55877,43.523529],[26.557856,43.525006],[26.556178,43.52591],[26.55347,43.526512],[26.551526,43.527431],[26.549539,43.52837],[26.547465,43.529325],[26.545439,43.530283],[26.543715,43.531057],[26.542089,43.532094],[26.540437,43.533167],[26.538449,43.534365],[26.536768,43.535403],[26.535034,43.536464],[26.533328,43.537509],[26.531499,43.538653],[26.529934,43.539586],[26.527238,43.541244],[26.525322,43.541512],[26.522891,43.541841],[26.521508,43.542049],[26.519073,43.542378],[26.516711,43.542661],[26.514711,43.542931],[26.512369,43.543236],[26.51202,43.542843]]}},{"type":"Feature","properties":{"osm_id":1282200160,"voltage":"110000","circuits":"1","cables":"3","name":"","operator":"","ref":""},"geometry":{"type":"LineString","coordinates":[[23.559459,43.221052],[23.55911,43.220612]]}},{"type":"Feature","properties":{"osm_id":1282200161,"voltage":"110000","circuits":"1","cables":"3","name":"","operator":"","ref":""},"geometry":{"type":"LineString","coordinates":[[23.559459,43.221052],[23.559338,43.220556]]}},{"type":"Feature","properties":{"osm_id":1282200162,"voltage":"110000","circuits":"1","cables":"6","name":"","operator":"","ref":""},"geometry":{"type":"LineString","coordinates":[[23.56523,43.222344],[23.564417,43.220464],[23.562601,43.220945],[23.560322,43.221542],[23.559459,43.221052]]}},{"type":"Feature","properties":{"osm_id":1282200163,"voltage":"110000","circuits":"1","cables":"3","name":"","operator":"","ref":""},"geometry":{"type":"LineString","coordinates":[[23.571637,43.223873],[23.569785,43.223432],[23.566914,43.22272],[23.56523,43.222344]]}},{"type":"Feature","properties":{"osm_id":1282204061,"voltage":"110000","circuits":"","cables":"3","name":"","operator":"","ref":""},"geometry":{"type":"LineString","coordinates":[[23.570654,43.198829],[23.570468,43.198673]]}},{"type":"Feature","properties":{"osm_id":1282204062,"voltage":"110000","circuits":"","cables":"3","name":"","operator":"","ref":""},"geometry":{"type":"LineString","coordinates":[[23.570654,43.198829],[23.570703,43.198634]]}},{"type":"Feature","properties":{"osm_id":1282204063,"voltage":"110000","circuits":"","cables":"6","name":"","operator":"","ref":""},"geometry":{"type":"LineString","coordinates":[[23.504733,43.31799],[23.502738,43.316386],[23.500654,43.314758],[23.499322,43.313754],[23.496948,43.311919],[23.494956,43.310359],[23.493145,43.308937],[23.490624,43.306996],[23.488921,43.305653],[23.487197,43.304319],[23.485457,43.302686],[23.48369,43.301066],[23.482041,43.299524],[23.480167,43.297759],[23.478023,43.295738],[23.47628,43.294132],[23.474525,43.292494],[23.472664,43.29076],[23.470878,43.289017],[23.47047,43.285806],[23.470194,43.283684],[23.469862,43.281065],[23.468495,43.278623],[23.467292,43.278683],[23.466088,43.279846]]}},{"type":"Feature","properties":{"osm_id":1282204064,"voltage":"110000","circuits":"","cables":"3","name":"","operator":"","ref":""},"geometry":{"type":"LineString","coordinates":[[23.50478,43.318501],[23.504733,43.31799]]}},{"type":"Feature","properties":{"osm_id":1282204065,"voltage":"110000","circuits":"","cables":"3","name":"","operator":"","ref":""},"geometry":{"type":"LineString","coordinates":[[23.504867,43.318068],[23.504733,43.31799]]}},{"type":"Feature","properties":{"osm_id":1282651023,"voltage":"110000","circuits":"1","cables":"3","name":"","operator":"","ref":""},"geometry":{"type":"LineString","coordinates":[[24.714129,42.903956],[24.714909,42.903632]]}},{"type":"Feature","properties":{"osm_id":1282651024,"voltage":"110000","circuits":"","cables":"3","name":"","operator":"","ref":""},"geometry":{"type":"LineString","coordinates":[[24.706204,42.876038],[24.70664,42.876012]]}},{"type":"Feature","properties":{"osm_id":1287693962,"voltage":"400000","circuits":"","cables":"3","name":"","operator":"","ref":""},"geometry":{"type":"LineString","coordinates":[[25.910387,42.155085],[25.909689,42.15549]]}},{"type":"Feature","properties":{"osm_id":1287693963,"voltage":"400000","circuits":"","cables":"3","name":"","operator":"","ref":""},"geometry":{"type":"LineString","coordinates":[[25.909742,42.155705],[25.910387,42.155085]]}},{"type":"Feature","properties":{"osm_id":1287693964,"voltage":"110000","circuits":"1","cables":"3","name":"","operator":"","ref":""},"geometry":{"type":"LineString","coordinates":[[25.90933,42.154801],[25.910429,42.154655],[25.910774,42.155852],[25.911534,42.158656],[25.912242,42.161189],[25.91228,42.161439],[25.910312,42.163163],[25.908326,42.164877],[25.904915,42.167869],[25.902723,42.169789],[25.90137,42.172553],[25.900032,42.175301],[25.898786,42.177838],[25.900872,42.181003],[25.903904,42.181114],[25.911079,42.181504],[25.914552,42.180755],[25.917841,42.180091],[25.921022,42.179489],[25.924617,42.178746],[25.928218,42.179658],[25.932446,42.180729],[25.936347,42.181694],[25.94024,42.18267],[25.943946,42.184351],[25.946763,42.185637],[25.947542,42.185295]]}},{"type":"Feature","properties":{"osm_id":1287693966,"voltage":"400000","circuits":"","cables":"","name":"","operator":"","ref":""},"geometry":{"type":"LineString","coordinates":[[25.909238,42.155562],[25.909689,42.15549]]}},{"type":"Feature","properties":{"osm_id":1287693967,"voltage":"400000","circuits":"","cables":"","name":"","operator":"","ref":""},"geometry":{"type":"LineString","coordinates":[[25.909292,42.155777],[25.909742,42.155705]]}},{"type":"Feature","properties":{"osm_id":1287693968,"voltage":"400000","circuits":"","cables":"","name":"","operator":"","ref":""},"geometry":{"type":"LineString","coordinates":[[25.908423,42.156282],[25.908332,42.15604],[25.908644,42.155862],[25.909238,42.155562]]}},{"type":"Feature","properties":{"osm_id":1287693969,"voltage":"400000","circuits":"","cables":"","name":"","operator":"","ref":""},"geometry":{"type":"LineString","coordinates":[[25.908644,42.155862],[25.909292,42.155777]]}},{"type":"Feature","properties":{"osm_id":1287693975,"voltage":"400000","circuits":"1","cables":"3","name":"","operator":"","ref":""},"geometry":{"type":"LineString","coordinates":[[25.863032,42.122697],[25.863038,42.122606],[25.863052,42.122408],[25.863065,42.122211],[25.863078,42.122016],[25.863092,42.121808],[25.8631,42.121683]]}},{"type":"Feature","properties":{"osm_id":1287693976,"voltage":"400000","circuits":"1","cables":"3","name":"","operator":"","ref":""},"geometry":{"type":"LineString","coordinates":[[25.863689,42.122629],[25.863038,42.122606],[25.861607,42.122554]]}},{"type":"Feature","properties":{"osm_id":1287693977,"voltage":"400000","circuits":"1","cables":"3","name":"","operator":"","ref":""},"geometry":{"type":"LineString","coordinates":[[25.840064,42.089059],[25.84318,42.092029],[25.845589,42.094385],[25.848448,42.097128],[25.850498,42.099126],[25.852917,42.101498],[25.854955,42.103464],[25.85583,42.105721],[25.856624,42.108169],[25.857584,42.11068],[25.858405,42.112948],[25.859601,42.116219],[25.858941,42.117978],[25.858383,42.119605],[25.859247,42.12035],[25.860604,42.121464],[25.861318,42.121749]]}},{"type":"Feature","properties":{"osm_id":1287693978,"voltage":"400000","circuits":"1","cables":"3","name":"","operator":"","ref":""},"geometry":{"type":"LineString","coordinates":[[25.861269,42.12215],[25.861634,42.122162],[25.863065,42.122211],[25.863426,42.122224]]}},{"type":"Feature","properties":{"osm_id":1287693979,"voltage":"400000","circuits":"1","cables":"3","name":"","operator":"","ref":""},"geometry":{"type":"LineString","coordinates":[[25.861296,42.121953],[25.861647,42.121965],[25.863078,42.122016],[25.863447,42.122029],[25.864616,42.12207]]}},{"type":"Feature","properties":{"osm_id":1287693980,"voltage":"400000","circuits":"1","cables":"3","name":"","operator":"","ref":""},"geometry":{"type":"LineString","coordinates":[[25.861237,42.122347],[25.86162,42.12236],[25.863052,42.122408],[25.863401,42.12242]]}},{"type":"Feature","properties":{"osm_id":1287693981,"voltage":"400000","circuits":"1","cables":"3","name":"","operator":"","ref":""},"geometry":{"type":"LineString","coordinates":[[25.861601,42.122653],[25.861607,42.122554],[25.86162,42.12236],[25.861634,42.122162],[25.861647,42.121965],[25.86166,42.12176],[25.861666,42.121675]]}},{"type":"Feature","properties":{"osm_id":1287693982,"voltage":"400000","circuits":"","cables":"","name":"","operator":"","ref":""},"geometry":{"type":"LineString","coordinates":[[25.864306,42.122641],[25.863689,42.122629]]}},{"type":"Feature","properties":{"osm_id":1287693983,"voltage":"400000","circuits":"","cables":"","name":"","operator":"","ref":""},"geometry":{"type":"LineString","coordinates":[[25.864306,42.12286],[25.863689,42.122629]]}},{"type":"Feature","properties":{"osm_id":1287693984,"voltage":"400000","circuits":"","cables":"","name":"","operator":"","ref":""},"geometry":{"type":"LineString","coordinates":[[25.864289,42.123051],[25.863689,42.122629]]}},{"type":"Feature","properties":{"osm_id":1287693985,"voltage":"400000","circuits":"","cables":"","name":"","operator":"","ref":""},"geometry":{"type":"LineString","coordinates":[[25.864279,42.123262],[25.863689,42.122629]]}},{"type":"Feature","properties":{"osm_id":1287693986,"voltage":"220000","circuits":"","cables":"","name":"","operator":"","ref":""},"geometry":{"type":"LineString","coordinates":[[25.864776,42.12286],[25.864279,42.123262]]}},{"type":"Feature","properties":{"osm_id":1287693987,"voltage":"220000","circuits":"","cables":"","name":"","operator":"","ref":""},"geometry":{"type":"LineString","coordinates":[[25.864776,42.12286],[25.864289,42.123051]]}},{"type":"Feature","properties":{"osm_id":1287693988,"voltage":"220000","circuits":"","cables":"","name":"","operator":"","ref":""},"geometry":{"type":"LineString","coordinates":[[25.864776,42.12286],[25.864306,42.122641]]}},{"type":"Feature","properties":{"osm_id":1287693989,"voltage":"220000","circuits":"","cables":"","name":"","operator":"","ref":""},"geometry":{"type":"LineString","coordinates":[[25.864776,42.12286],[25.864306,42.12286]]}},{"type":"Feature","properties":{"osm_id":1287693990,"voltage":"110000","circuits":"1","cables":"3","name":"","operator":"","ref":""},"geometry":{"type":"LineString","coordinates":[[25.859,42.121921],[25.861085,42.123614],[25.862024,42.124146],[25.86369,42.124213],[25.864285,42.124181]]}},{"type":"Feature","properties":{"osm_id":1287697589,"voltage":"220000","circuits":"","cables":"","name":"","operator":"","ref":""},"geometry":{"type":"LineString","coordinates":[[26.00279,42.140882],[26.002942,42.141631]]}},{"type":"Feature","properties":{"osm_id":1287697590,"voltage":"220000","circuits":"","cables":"","name":"","operator":"","ref":""},"geometry":{"type":"LineString","coordinates":[[26.00317,42.140854],[26.003314,42.141606]]}},{"type":"Feature","properties":{"osm_id":1287697595,"voltage":"110000","circuits":"","cables":"","name":"","operator":"","ref":""},"geometry":{"type":"LineString","coordinates":[[26.02767,42.143916],[26.028083,42.143902]]}},{"type":"Feature","properties":{"osm_id":1287697597,"voltage":"110000","circuits":"1","cables":"3","name":"","operator":"","ref":""},"geometry":{"type":"LineString","coordinates":[[26.007508,42.130639],[26.008524,42.130593],[26.009778,42.130527],[26.011463,42.130451],[26.013662,42.130431],[26.017598,42.130249],[26.020424,42.130107],[26.021419,42.132596],[26.025249,42.133248],[26.02836,42.133821],[26.032008,42.134426],[26.034787,42.133049],[26.037866,42.131577],[26.040988,42.129994],[26.042404,42.130185],[26.044743,42.130503],[26.046385,42.130726],[26.051245,42.131418],[26.05324,42.131697],[26.055493,42.132007],[26.057135,42.132222],[26.061094,42.132739],[26.063679,42.133081],[26.065707,42.133367],[26.068325,42.133757],[26.070643,42.134068],[26.073153,42.134442],[26.077348,42.135006],[26.0794,42.135296],[26.081675,42.135623],[26.083951,42.135926],[26.085962,42.136205],[26.088524,42.136573],[26.092897,42.137153],[26.094919,42.137425],[26.09717,42.137739],[26.09908,42.138006],[26.1011,42.138293],[26.103704,42.138663],[26.105506,42.138918],[26.10789,42.139257],[26.109666,42.139509],[26.111588,42.139782],[26.113612,42.140069],[26.118288,42.140732],[26.120469,42.141042],[26.122799,42.141373],[26.124275,42.141582],[26.126059,42.141835],[26.128202,42.142139],[26.130793,42.142507],[26.133221,42.142852],[26.135088,42.143117],[26.137362,42.14344],[26.139831,42.14379],[26.141874,42.144083],[26.145543,42.144608],[26.147919,42.144949],[26.149268,42.145142],[26.15228,42.145574],[26.157812,42.14634],[26.159741,42.146618],[26.162014,42.146945],[26.163951,42.147224],[26.165846,42.147497],[26.167594,42.147749],[26.169492,42.148022],[26.171305,42.148283],[26.175329,42.148818],[26.177164,42.149087],[26.17958,42.149441],[26.181152,42.149671],[26.183702,42.150045],[26.185451,42.150301],[26.188299,42.150673],[26.192958,42.151345],[26.195008,42.151633],[26.198992,42.152193],[26.201464,42.15254],[26.223084,42.155578],[26.262529,42.161084],[26.265645,42.161514],[26.268773,42.161969],[26.27239,42.162458],[26.295041,42.166293],[26.323218,42.171614],[26.35362,42.177308],[26.385404,42.183244],[26.428441,42.191303],[26.432314,42.192003],[26.43536,42.192507],[26.439212,42.193132],[26.447012,42.194395],[26.450789,42.195],[26.455456,42.195786],[26.459093,42.196335],[26.463803,42.197138],[26.467182,42.197662],[26.470519,42.198187],[26.476087,42.199101],[26.480443,42.1998],[26.485443,42.200611],[26.489938,42.20135],[26.493672,42.201954],[26.497459,42.20255],[26.501327,42.203195],[26.505854,42.203926],[26.508062,42.204283],[26.513139,42.205103],[26.51713,42.205754],[26.519887,42.206207],[26.523117,42.206708],[26.527569,42.207447],[26.530713,42.207964],[26.533899,42.208456],[26.537401,42.209025],[26.539933,42.20943],[26.544521,42.210157],[26.547482,42.210642],[26.551704,42.209794],[26.554783,42.209134],[26.55809,42.208449],[26.565848,42.206843],[26.573719,42.205185],[26.57617,42.202852],[26.581555,42.197602],[26.583458,42.195723],[26.58226,42.193287],[26.581217,42.191141],[26.581069,42.190869]]}},{"type":"Feature","properties":{"osm_id":1300835020,"voltage":"110000","circuits":"2","cables":"6","name":"","operator":"","ref":""},"geometry":{"type":"LineString","coordinates":[[27.324066,42.560809],[27.325448,42.559309],[27.32703,42.557659],[27.328447,42.556174],[27.329576,42.554929],[27.331198,42.553229],[27.332417,42.551914],[27.334164,42.550073]]}},{"type":"Feature","properties":{"osm_id":1300880372,"voltage":"400000","circuits":"","cables":"1","name":"Марица Изток - Неа Санта","operator":"ЕСО","ref":""},"geometry":{"type":"LineString","coordinates":[[25.532087,41.282402],[25.529231,41.28526],[25.526208,41.287757]]}},{"type":"Feature","properties":{"osm_id":1300880373,"voltage":"400000","circuits":"","cables":"1","name":"Марица Изток - Неа Санта","operator":"ЕСО","ref":""},"geometry":{"type":"LineString","coordinates":[[25.526208,41.287757],[25.528903,41.285075],[25.532087,41.282402]]}},{"type":"Feature","properties":{"osm_id":1300880374,"voltage":"400000","circuits":"","cables":"1","name":"Марица Изток - Неа Санта","operator":"ЕСО","ref":""},"geometry":{"type":"LineString","coordinates":[[25.526208,41.287757],[25.529059,41.285164],[25.532087,41.282402]]}},{"type":"Feature","properties":{"osm_id":1300886242,"voltage":"400000","circuits":"1","cables":"1","name":"Съединение","operator":"","ref":""},"geometry":{"type":"LineString","coordinates":[[27.555857,43.36448],[27.557365,43.36614],[27.557878,43.36824]]}},{"type":"Feature","properties":{"osm_id":1300886243,"voltage":"400000","circuits":"1","cables":"1","name":"Съединение","operator":"","ref":""},"geometry":{"type":"LineString","coordinates":[[27.555857,43.36448],[27.557618,43.366067],[27.557878,43.36824]]}},{"type":"Feature","properties":{"osm_id":1300886244,"voltage":"400000","circuits":"1","cables":"1","name":"Съединение","operator":"","ref":""},"geometry":{"type":"LineString","coordinates":[[27.555857,43.36448],[27.557117,43.366245],[27.557878,43.36824]]}},{"type":"Feature","properties":{"osm_id":1300886245,"voltage":"400000","circuits":"1","cables":"3","name":"Съединение","operator":"","ref":""},"geometry":{"type":"LineString","coordinates":[[27.557878,43.36824],[27.558343,43.370031],[27.559001,43.372405],[27.559609,43.374599],[27.560309,43.377183],[27.560846,43.379273],[27.561484,43.381791],[27.561924,43.383566]]}},{"type":"Feature","properties":{"osm_id":1300886246,"voltage":"400000","circuits":"1","cables":"1","name":"Съединение","operator":"","ref":""},"geometry":{"type":"LineString","coordinates":[[27.561924,43.383566],[27.562635,43.385245],[27.56354,43.386661]]}},{"type":"Feature","properties":{"osm_id":1300886247,"voltage":"400000","circuits":"1","cables":"1","name":"Съединение","operator":"","ref":""},"geometry":{"type":"LineString","coordinates":[[27.561924,43.383566],[27.562378,43.385328],[27.56354,43.386661]]}},{"type":"Feature","properties":{"osm_id":1300886248,"voltage":"400000","circuits":"1","cables":"1","name":"Съединение","operator":"","ref":""},"geometry":{"type":"LineString","coordinates":[[27.584946,43.411153],[27.586094,43.412729],[27.585713,43.413993]]}},{"type":"Feature","properties":{"osm_id":1328596334,"voltage":"110000","circuits":"1","cables":"3","name":"","operator":"","ref":""},"geometry":{"type":"LineString","coordinates":[[24.039875,42.766847],[24.040477,42.766968],[24.042056,42.768349],[24.043331,42.769718],[24.044778,42.770256],[24.045465,42.770493],[24.048243,42.771688],[24.046892,42.773557],[24.04558,42.775415],[24.044576,42.776814],[24.041329,42.776644],[24.04002,42.776588]]}},{"type":"Feature","properties":{"osm_id":1330765242,"voltage":"400000","circuits":"1","cables":"3","name":"Марица Изток - Неа Санта","operator":"ЕСО","ref":""},"geometry":{"type":"LineString","coordinates":[[25.74564,41.100717],[25.745387,41.101198],[25.743885,41.103052],[25.741999,41.105426],[25.739606,41.10843],[25.737983,41.110452],[25.735824,41.113178],[25.734142,41.115368],[25.730311,41.117287],[25.726411,41.119199],[25.723621,41.120606],[25.717641,41.122803],[25.714043,41.124188],[25.711788,41.12501],[25.709426,41.125815],[25.70554,41.127084],[25.702351,41.128168],[25.698078,41.129616],[25.692946,41.13133],[25.689318,41.132543],[25.685732,41.133675],[25.67987,41.135648],[25.674975,41.137313],[25.669972,41.139707],[25.666236,41.141582],[25.660245,41.144477],[25.656745,41.146255],[25.652108,41.148535],[25.647835,41.150572],[25.643583,41.152626],[25.641071,41.153854],[25.636112,41.15628],[25.630971,41.158737],[25.627864,41.160166],[25.624507,41.16172],[25.619752,41.163918],[25.616103,41.165708],[25.612161,41.167403],[25.610118,41.168345],[25.607386,41.169664],[25.603382,41.171642],[25.599169,41.173447],[25.59625,41.174781],[25.592267,41.176712],[25.58941,41.178062],[25.587387,41.182221],[25.586406,41.18421],[25.584136,41.189273],[25.582545,41.192572],[25.581148,41.195633],[25.581658,41.198502],[25.582241,41.201865],[25.582666,41.204907],[25.583188,41.207703],[25.583626,41.210681],[25.584208,41.213586],[25.584949,41.217834],[25.583456,41.221551],[25.582824,41.223232],[25.581853,41.22557],[25.577214,41.228812],[25.574615,41.230721],[25.571828,41.232684],[25.569126,41.234648],[25.567936,41.23967],[25.567135,41.242647],[25.566576,41.245039],[25.56569,41.248545],[25.565216,41.250508],[25.564245,41.254233],[25.56382,41.255895],[25.563225,41.258597],[25.562484,41.261445],[25.561342,41.265945],[25.560517,41.269195],[25.558149,41.271558],[25.556107,41.273688],[25.553038,41.276794],[25.551694,41.278129],[25.549569,41.280244],[25.546367,41.281301],[25.541469,41.281438],[25.537638,41.281557],[25.534757,41.28162],[25.532736,41.281696],[25.532087,41.282402]]}},{"type":"Feature","properties":{"osm_id":1330769070,"voltage":"400000","circuits":"1","cables":"3","name":"","operator":"","ref":""},"geometry":{"type":"LineString","coordinates":[[26.005814,42.140581],[26.005743,42.139688],[26.005584,42.138606],[26.004549,42.138277],[26.003542,42.138004],[26.001877,42.137325],[25.999778,42.13628]]}},{"type":"Feature","properties":{"osm_id":1330769071,"voltage":"400000","circuits":"2","cables":"6","name":"","operator":"","ref":""},"geometry":{"type":"LineString","coordinates":[[25.869026,42.121686],[25.872631,42.121961],[25.874139,42.12247],[25.877658,42.123728],[25.880989,42.124901],[25.884138,42.12473],[25.887834,42.124571],[25.891407,42.12438],[25.894609,42.124221],[25.898214,42.124042],[25.902033,42.123819],[25.905864,42.123628],[25.90949,42.123493],[25.912649,42.123403],[25.916294,42.123255],[25.920221,42.123082],[25.924105,42.122911],[25.927759,42.12275],[25.930857,42.122614],[25.934834,42.122439],[25.938572,42.122275],[25.942404,42.122106],[25.946273,42.122714],[25.950145,42.123323],[25.953447,42.123842],[25.957283,42.124445],[25.961082,42.125042],[25.96469,42.12561],[25.966636,42.12594],[25.969684,42.126457],[25.972762,42.126979],[25.976576,42.127626],[25.979762,42.128167],[25.983498,42.12881],[25.985594,42.129722],[25.987786,42.130747],[25.990184,42.131869],[25.993513,42.133425],[25.996596,42.134867],[25.999778,42.13628]]}},{"type":"Feature","properties":{"osm_id":1330769413,"voltage":"110000","circuits":"1","cables":"3","name":"","operator":"","ref":""},"geometry":{"type":"LineString","coordinates":[[27.35757,42.616881],[27.356221,42.615586]]}},{"type":"Feature","properties":{"osm_id":1330769414,"voltage":"110000","circuits":"1","cables":"3","name":"","operator":"","ref":""},"geometry":{"type":"LineString","coordinates":[[27.357656,42.616837],[27.356307,42.615542]]}},{"type":"Feature","properties":{"osm_id":1330769415,"voltage":"400000","circuits":"1","cables":"3","name":"","operator":"","ref":""},"geometry":{"type":"LineString","coordinates":[[27.35636,42.616526],[27.354992,42.617352]]}},{"type":"Feature","properties":{"osm_id":1330769416,"voltage":"400000","circuits":"1","cables":"3","name":"","operator":"","ref":""},"geometry":{"type":"LineString","coordinates":[[27.356895,42.616949],[27.355484,42.61778]]}},{"type":"Feature","properties":{"osm_id":1330769417,"voltage":"400000","circuits":"1","cables":"3","name":"","operator":"","ref":""},"geometry":{"type":"LineString","coordinates":[[27.357193,42.617304],[27.355822,42.618142]]}},{"type":"Feature","properties":{"osm_id":1330769418,"voltage":"400000","circuits":"1","cables":"3","name":"","operator":"","ref":""},"geometry":{"type":"LineString","coordinates":[[27.357133,42.617737],[27.356055,42.618367]]}},{"type":"Feature","properties":{"osm_id":1346484842,"voltage":"110000","circuits":"2","cables":"6","name":"","operator":"","ref":""},"geometry":{"type":"LineString","coordinates":[[23.391419,42.662521],[23.390042,42.66375],[23.389413,42.664314],[23.388492,42.665145]]}},{"type":"Feature","properties":{"osm_id":1371910777,"voltage":"110000","circuits":"1","cables":"3","name":"","operator":"","ref":""},"geometry":{"type":"LineString","coordinates":[[23.651175,42.011069],[23.64997,42.010594],[23.648377,42.010428],[23.645142,42.01006],[23.641851,42.009769],[23.638064,42.009386],[23.634786,42.007225],[23.631474,42.005045],[23.628995,42.003421],[23.627485,42.000405],[23.62594,41.997321],[23.625039,41.995517],[23.623655,41.992746],[23.62233,41.990199],[23.621024,41.987691],[23.619686,41.985165],[23.618044,41.98202],[23.615863,41.978621],[23.614026,41.975773],[23.612548,41.97348],[23.61152,41.971894],[23.609439,41.968686],[23.60832,41.96694],[23.607228,41.965214],[23.604534,41.963481],[23.600411,41.960818],[23.599875,41.959522],[23.599049,41.957322],[23.597732,41.95521],[23.597831,41.954095],[23.596851,41.952103],[23.595656,41.949591],[23.595213,41.947735],[23.59484,41.946842],[23.59393,41.943796],[23.593061,41.940867],[23.591736,41.936429],[23.591359,41.933316],[23.590149,41.931052],[23.589869,41.929987],[23.590439,41.928152],[23.591399,41.925191],[23.592056,41.923203],[23.591471,41.922519],[23.592924,41.920538],[23.593238,41.919526],[23.594475,41.915778],[23.594985,41.914231],[23.595996,41.91112],[23.596484,41.909611],[23.597018,41.907969],[23.597254,41.906906],[23.598923,41.899287],[23.599357,41.897318],[23.600151,41.893742],[23.600827,41.890631],[23.601186,41.889601],[23.601919,41.8876],[23.603083,41.884312],[23.603901,41.881911],[23.605132,41.878385],[23.606596,41.874258],[23.607278,41.872283],[23.607439,41.869607]]}},{"type":"Feature","properties":{"osm_id":1371912897,"voltage":"110000","circuits":"1","cables":"3","name":"","operator":"","ref":""},"geometry":{"type":"LineString","coordinates":[[23.261291,42.300127],[23.257263,42.300008],[23.253851,42.299889],[23.251931,42.298953],[23.248476,42.296993],[23.246491,42.295921],[23.240279,42.296739],[23.236331,42.297231],[23.2319,42.297866],[23.22778,42.298373],[23.224486,42.298802],[23.221439,42.297826],[23.217748,42.296651],[23.213929,42.295421],[23.210421,42.294326],[23.207814,42.293445],[23.205324,42.291691],[23.20246,42.289644],[23.199595,42.287572],[23.19632,42.285225],[23.193158,42.282945],[23.190218,42.280849],[23.188046,42.279214],[23.185642,42.278297],[23.183218,42.277321],[23.181995,42.275228],[23.180992,42.273438],[23.179494,42.270918],[23.178081,42.268467],[23.176446,42.265629],[23.175493,42.263852],[23.17532,42.262973],[23.174664,42.26002],[23.174186,42.257232],[23.173407,42.252735],[23.173098,42.251301]]}},{"type":"Feature","properties":{"osm_id":1375815687,"voltage":"110000","circuits":"1","cables":"3","name":"","operator":"","ref":""},"geometry":{"type":"LineString","coordinates":[[23.284638,42.654583],[23.285402,42.652166],[23.283348,42.651183],[23.280874,42.650914],[23.277531,42.650457],[23.276716,42.650342],[23.276347,42.650612]]}},{"type":"Feature","properties":{"osm_id":1375818158,"voltage":"110000","circuits":"1","cables":"3","name":"","operator":"","ref":""},"geometry":{"type":"LineString","coordinates":[[24.148834,42.705229],[24.148129,42.705341],[24.148797,42.707037],[24.149968,42.708046],[24.151348,42.709302],[24.151277,42.711352],[24.151138,42.714698],[24.14943,42.716163],[24.147621,42.71773],[24.147639,42.71878],[24.149537,42.720209],[24.153357,42.722565],[24.157305,42.72237],[24.159647,42.721502],[24.159685,42.721062]]}},{"type":"Feature","properties":{"osm_id":1375818159,"voltage":"110000","circuits":"1","cables":"3","name":"","operator":"","ref":""},"geometry":{"type":"LineString","coordinates":[[24.039936,42.766702],[24.040522,42.766762],[24.042142,42.768229],[24.043478,42.769426],[24.045598,42.769569],[24.046603,42.769639],[24.049527,42.76987],[24.050323,42.768901],[24.051027,42.767675],[24.051569,42.767],[24.053135,42.766226],[24.054907,42.765335],[24.056223,42.763492],[24.056566,42.762067],[24.057319,42.759762],[24.05774,42.75879],[24.058431,42.757296],[24.058721,42.756683],[24.059301,42.755394],[24.059829,42.754229],[24.060239,42.753351],[24.060897,42.751903],[24.06169,42.75167],[24.063269,42.751202],[24.064925,42.750635],[24.065746,42.750339],[24.066864,42.749954],[24.068373,42.749973],[24.069328,42.750001],[24.07096,42.750086],[24.072394,42.750137],[24.073877,42.750149],[24.074686,42.750237],[24.07553,42.750266],[24.076711,42.749796],[24.077903,42.749379],[24.079164,42.748928],[24.08251,42.74777],[24.083939,42.74726],[24.085688,42.746633],[24.087645,42.745945],[24.089742,42.745174],[24.091742,42.744453],[24.093205,42.743932],[24.094964,42.741746],[24.09587,42.7406],[24.097443,42.738656],[24.099051,42.736624],[24.100748,42.734561],[24.101046,42.734181],[24.102798,42.732213],[24.104334,42.730486],[24.106827,42.727722],[24.107491,42.726932],[24.108706,42.72668],[24.110793,42.726181],[24.113234,42.725629],[24.114295,42.723923],[24.115783,42.721585],[24.116918,42.719753],[24.118097,42.717849],[24.119293,42.715918],[24.120044,42.714572],[24.121626,42.713616],[24.123689,42.71236],[24.126098,42.710805],[24.128192,42.709475],[24.130286,42.708146],[24.132295,42.706856],[24.134383,42.705549],[24.136414,42.70424],[24.13878,42.704781],[24.141155,42.705307],[24.1434,42.70583],[24.145597,42.706319],[24.147668,42.705054],[24.14874,42.704926]]}},{"type":"Feature","properties":{"osm_id":1375818160,"voltage":"110000","circuits":"1","cables":"3","name":"","operator":"","ref":""},"geometry":{"type":"LineString","coordinates":[[24.07609,42.696594],[24.076561,42.696162],[24.076816,42.695818],[24.077637,42.695077],[24.079748,42.693303]]}},{"type":"Feature","properties":{"osm_id":1375818161,"voltage":"110000","circuits":"1","cables":"3","name":"","operator":"","ref":""},"geometry":{"type":"LineString","coordinates":[[24.075916,42.696487],[24.076427,42.696007],[24.076729,42.695758],[24.077496,42.694983],[24.078558,42.692903]]}},{"type":"Feature","properties":{"osm_id":1382101297,"voltage":"110000","circuits":"1","cables":"3","name":"","operator":"","ref":""},"geometry":{"type":"LineString","coordinates":[[24.072553,42.034712],[24.068068,42.034684],[24.063733,42.034686],[24.058763,42.034676],[24.054995,42.034658],[24.049786,42.034684],[24.04749,42.034728],[24.037153,42.034658],[24.035527,42.034648],[24.02534,42.034564],[24.022379,42.034644],[24.019622,42.03461],[24.016985,42.0346],[24.013729,42.034612],[24.009422,42.034603],[24.008164,42.033056],[24.007927,42.032949]]}},{"type":"Feature","properties":{"osm_id":1382115106,"voltage":"110000","circuits":"2","cables":"6","name":"","operator":"","ref":""},"geometry":{"type":"LineString","coordinates":[[23.002825,42.529575],[23.000329,42.530986],[22.997958,42.53222],[22.995458,42.530955],[22.992014,42.529334],[22.98828,42.527515],[22.985928,42.526399]]}},{"type":"Feature","properties":{"osm_id":1382115107,"voltage":"110000","circuits":"1","cables":"3","name":"","operator":"","ref":""},"geometry":{"type":"LineString","coordinates":[[22.953987,42.527391],[22.953082,42.52714],[22.950525,42.527262],[22.946931,42.527401],[22.945869,42.524796],[22.944648,42.521594],[22.943348,42.518454],[22.947189,42.51745],[22.949918,42.517411],[22.954441,42.517457],[22.958618,42.517438],[22.958719,42.517305],[22.959124,42.517238],[22.962325,42.516604],[22.965841,42.515789],[22.970395,42.5148],[22.974901,42.513772],[22.980394,42.51257],[22.985426,42.512048],[22.987851,42.511779],[22.99015,42.508457],[22.992035,42.505677],[22.993028,42.504274],[22.997118,42.505661],[23.000919,42.506939],[23.004802,42.508271],[23.00828,42.509465],[23.011299,42.510493],[23.012757,42.510988],[23.014404,42.51369],[23.016016,42.516403],[23.017801,42.519376],[23.018816,42.521061]]}},{"type":"Feature","properties":{"osm_id":1382121197,"voltage":"110000","circuits":"1","cables":"3","name":"","operator":"","ref":""},"geometry":{"type":"LineString","coordinates":[[28.545429,43.550865],[28.545976,43.550115]]}},{"type":"Feature","properties":{"osm_id":1382129413,"voltage":"110000","circuits":"1","cables":"3","name":"Дракон","operator":"","ref":""},"geometry":{"type":"LineString","coordinates":[[27.70528,43.200688],[27.705229,43.200394]]}},{"type":"Feature","properties":{"osm_id":1382129414,"voltage":"110000","circuits":"","cables":"3","name":"","operator":"","ref":""},"geometry":{"type":"LineString","coordinates":[[27.70528,43.200688],[27.705457,43.200376]]}},{"type":"Feature","properties":{"osm_id":1382129425,"voltage":"110000","circuits":"1","cables":"3","name":"","operator":"","ref":""},"geometry":{"type":"LineString","coordinates":[[28.062728,43.369132],[28.062387,43.369339],[28.061228,43.370624],[28.059718,43.371919],[28.058574,43.372943],[28.056915,43.373687],[28.054756,43.373052]]}},{"type":"Feature","properties":{"osm_id":1382215384,"voltage":"110000","circuits":"1","cables":"3","name":"","operator":"","ref":""},"geometry":{"type":"LineString","coordinates":[[23.003308,42.530065],[23.003731,42.529732]]}},{"type":"Feature","properties":{"osm_id":1382327085,"voltage":"110000","circuits":"1","cables":"3","name":"","operator":"","ref":""},"geometry":{"type":"LineString","coordinates":[[27.698769,43.205676],[27.702744,43.206801],[27.705608,43.206522]]}},{"type":"Feature","properties":{"osm_id":1382327086,"voltage":"110000","circuits":"2","cables":"6","name":"","operator":"","ref":""},"geometry":{"type":"LineString","coordinates":[[27.662953,43.204276],[27.665047,43.203861],[27.667044,43.203458],[27.670528,43.202214],[27.672729,43.201445],[27.67459,43.201375],[27.678466,43.201251],[27.68223,43.201123],[27.683948,43.201575],[27.68624,43.20222],[27.689093,43.20301],[27.691831,43.20379],[27.695948,43.20489],[27.698769,43.205676]]}},{"type":"Feature","properties":{"osm_id":1382327087,"voltage":"110000","circuits":"1","cables":"3","name":"Дракон","operator":"","ref":""},"geometry":{"type":"LineString","coordinates":[[27.698769,43.205676],[27.702782,43.206437]]}},{"type":"Feature","properties":{"osm_id":1382327088,"voltage":"110000","circuits":"1","cables":"3","name":"","operator":"","ref":""},"geometry":{"type":"LineString","coordinates":[[27.702782,43.206437],[27.705608,43.206522]]}},{"type":"Feature","properties":{"osm_id":1382327089,"voltage":"110000","circuits":"1","cables":"3","name":"","operator":"","ref":""},"geometry":{"type":"LineString","coordinates":[[28.444056,43.482566],[28.444263,43.482669]]}},{"type":"Feature","properties":{"osm_id":1382327090,"voltage":"110000","circuits":"1","cables":"3","name":"","operator":"","ref":""},"geometry":{"type":"LineString","coordinates":[[28.444263,43.482669],[28.44414,43.482515]]}},{"type":"Feature","properties":{"osm_id":1382371863,"voltage":"110000","circuits":"2","cables":"6","name":"","operator":"","ref":""},"geometry":{"type":"LineString","coordinates":[[23.455998,42.734994],[23.454322,42.735449],[23.450572,42.736479],[23.447112,42.737435],[23.443794,42.738333],[23.440616,42.7392],[23.437576,42.740052],[23.435226,42.738462],[23.432681,42.736728],[23.429977,42.734921],[23.427325,42.733164],[23.42513,42.731656],[23.423193,42.73034],[23.420293,42.728382],[23.418464,42.727131]]}},{"type":"Feature","properties":{"osm_id":1387471408,"voltage":"110000","circuits":"1","cables":"3","name":"","operator":"","ref":""},"geometry":{"type":"LineString","coordinates":[[27.820365,42.894925],[27.823219,42.892901],[27.825961,42.891097],[27.828831,42.889234],[27.830665,42.889989],[27.832596,42.891809],[27.834404,42.893479],[27.836695,42.894536],[27.839098,42.892422],[27.841426,42.890229],[27.843947,42.887886],[27.846479,42.885508],[27.848797,42.883339],[27.849371,42.882034],[27.849961,42.880764],[27.850186,42.88006],[27.853856,42.8787],[27.856672,42.878346],[27.859209,42.878004],[27.862439,42.877615],[27.869203,42.876782],[27.873224,42.876316],[27.87526,42.876281],[27.879516,42.876277],[27.880109,42.876225]]}},{"type":"Feature","properties":{"osm_id":1387497004,"voltage":"110000","circuits":"2","cables":"6","name":"","operator":"","ref":""},"geometry":{"type":"LineString","coordinates":[[27.798178,43.556065],[27.799159,43.554482],[27.799498,43.553948],[27.804365,43.550968],[27.806783,43.549465],[27.815694,43.543995],[27.817576,43.542817],[27.81939,43.541705],[27.820883,43.542029],[27.824083,43.542699],[27.826627,43.543212],[27.829068,43.543687],[27.831561,43.544222],[27.834022,43.544711],[27.836155,43.54513],[27.838127,43.545536],[27.840048,43.545917],[27.842368,43.546397],[27.844867,43.546905],[27.847482,43.547445],[27.849962,43.547952],[27.852506,43.548465],[27.853566,43.549917],[27.8546,43.551384],[27.855603,43.552753]]}},{"type":"Feature","properties":{"osm_id":1387497006,"voltage":"110000","circuits":"1","cables":"3","name":"","operator":"","ref":""},"geometry":{"type":"LineString","coordinates":[[27.797412,43.556588],[27.797733,43.556094],[27.798154,43.555434]]}},{"type":"Feature","properties":{"osm_id":1387497007,"voltage":"110000","circuits":"1","cables":"3","name":"","operator":"","ref":""},"geometry":{"type":"LineString","coordinates":[[27.797256,43.556057],[27.797295,43.556555]]}},{"type":"Feature","properties":{"osm_id":1387497008,"voltage":"110000","circuits":"1","cables":"3","name":"","operator":"","ref":""},"geometry":{"type":"LineString","coordinates":[[27.797196,43.556526],[27.797256,43.556057]]}},{"type":"Feature","properties":{"osm_id":1387497010,"voltage":"110000","circuits":"1","cables":"3","name":"","operator":"","ref":""},"geometry":{"type":"LineString","coordinates":[[27.798178,43.556065],[27.797601,43.556642]]}},{"type":"Feature","properties":{"osm_id":1387497011,"voltage":"110000","circuits":"1","cables":"3","name":"","operator":"","ref":""},"geometry":{"type":"LineString","coordinates":[[27.797518,43.556618],[27.798178,43.556065]]}},{"type":"Feature","properties":{"osm_id":1387507775,"voltage":"110000","circuits":"1","cables":"3","name":"","operator":"","ref":""},"geometry":{"type":"LineString","coordinates":[[26.027178,43.790508],[26.026803,43.790891]]}},{"type":"Feature","properties":{"osm_id":1387507776,"voltage":"110000","circuits":"1","cables":"3","name":"","operator":"","ref":""},"geometry":{"type":"LineString","coordinates":[[26.026803,43.790891],[26.02725,43.790552]]}},{"type":"Feature","properties":{"osm_id":1387507788,"voltage":"110000","circuits":"1","cables":"3","name":"","operator":"","ref":""},"geometry":{"type":"LineString","coordinates":[[26.651527,43.75728],[26.651652,43.756651]]}},{"type":"Feature","properties":{"osm_id":1387507791,"voltage":"110000","circuits":"1","cables":"3","name":"","operator":"","ref":""},"geometry":{"type":"LineString","coordinates":[[26.651652,43.756651],[26.651696,43.757343]]}},{"type":"Feature","properties":{"osm_id":1387615037,"voltage":"110000","circuits":"2","cables":"6","name":"","operator":"","ref":""},"geometry":{"type":"LineString","coordinates":[[25.325789,42.891064],[25.326251,42.891588],[25.327071,42.891366],[25.329562,42.890787],[25.33323,42.889921],[25.335273,42.889455]]}},{"type":"Feature","properties":{"osm_id":1389391886,"voltage":"110000","circuits":"1","cables":"3","name":"Бели Лом","operator":"","ref":""},"geometry":{"type":"LineString","coordinates":[[26.902807,43.280072],[26.902805,43.280486],[26.904093,43.282372],[26.905257,43.284034],[26.90688,43.286387],[26.908055,43.288095],[26.909801,43.29059],[26.911164,43.292599],[26.912679,43.294766],[26.913849,43.296472],[26.914401,43.297366],[26.915399,43.298764],[26.916289,43.300068],[26.917132,43.301302],[26.919267,43.304397],[26.91998,43.305311],[26.920602,43.306338],[26.921772,43.308059],[26.920463,43.308898],[26.918859,43.309791],[26.916792,43.311078],[26.915544,43.311863],[26.913702,43.312959],[26.91232,43.313813],[26.911154,43.31454],[26.909239,43.31574],[26.907935,43.316509],[26.906729,43.317224],[26.905356,43.318094],[26.905252,43.31816],[26.903391,43.319293],[26.901746,43.32031],[26.900148,43.321326],[26.898751,43.322198],[26.897025,43.323285],[26.895448,43.324233],[26.89418,43.325007],[26.892129,43.326266],[26.889679,43.327798],[26.888271,43.328625],[26.884969,43.330674],[26.883318,43.331689],[26.882152,43.332399],[26.880842,43.333204],[26.879421,43.33409],[26.878025,43.334938],[26.876486,43.335896],[26.873683,43.337614]]}},{"type":"Feature","properties":{"osm_id":1389394519,"voltage":"110000","circuits":"1","cables":"3","name":"","operator":"","ref":""},"geometry":{"type":"LineString","coordinates":[[27.855603,43.552753],[27.853881,43.553852],[27.852172,43.554932]]}},{"type":"Feature","properties":{"osm_id":1389394521,"voltage":"110000","circuits":"2","cables":"6","name":"","operator":"","ref":""},"geometry":{"type":"LineString","coordinates":[[27.797256,43.556057],[27.795849,43.555561],[27.793659,43.554742],[27.790668,43.553647],[27.787378,43.552439],[27.784639,43.551424]]}},{"type":"Feature","properties":{"osm_id":1389395126,"voltage":"110000","circuits":"","cables":"","name":"","operator":"","ref":""},"geometry":{"type":"LineString","coordinates":[[26.991134,43.316467],[26.99587,43.316398],[26.998483,43.316397],[27.001145,43.316371],[27.00399,43.316377],[27.004395,43.31643]]}},{"type":"Feature","properties":{"osm_id":1389549654,"voltage":"400000","circuits":"1","cables":"3","name":"","operator":"","ref":""},"geometry":{"type":"LineString","coordinates":[[23.096765,42.445478],[23.095885,42.443059],[23.094399,42.44081],[23.091631,42.436832],[23.089855,42.434306],[23.087071,42.430295],[23.084201,42.426173],[23.082023,42.423057],[23.079711,42.419821],[23.077485,42.416602]]}},{"type":"Feature","properties":{"osm_id":1389549655,"voltage":"400000","circuits":"","cables":"","name":"","operator":"","ref":""},"geometry":{"type":"LineString","coordinates":[[23.101354,41.964895],[23.101417,41.964709],[23.101481,41.964521],[23.101547,41.964325],[23.101609,41.964142],[23.101676,41.963944]]}},{"type":"Feature","properties":{"osm_id":1389549656,"voltage":"400000","circuits":"","cables":"","name":"","operator":"","ref":""},"geometry":{"type":"LineString","coordinates":[[23.10239,41.965093],[23.102451,41.964908],[23.102522,41.964696],[23.102578,41.964529],[23.10264,41.964343],[23.102713,41.964122]]}},{"type":"Feature","properties":{"osm_id":1389549669,"voltage":"110000","circuits":"","cables":"","name":"","operator":"","ref":""},"geometry":{"type":"LineString","coordinates":[[23.102987,41.965272],[23.103053,41.96506],[23.103129,41.964816],[23.103204,41.964586],[23.103278,41.964356],[23.103327,41.964202]]}},{"type":"Feature","properties":{"osm_id":1389549685,"voltage":"400000","circuits":"2","cables":"6","name":"","operator":"","ref":""},"geometry":{"type":"LineString","coordinates":[[23.046125,41.967459],[23.049913,41.965726],[23.05423,41.96369]]}},{"type":"Feature","properties":{"osm_id":1389549686,"voltage":"400000","circuits":"1","cables":"3","name":"","operator":"","ref":""},"geometry":{"type":"LineString","coordinates":[[23.05423,41.96369],[23.05798,41.962067],[23.063167,41.959658],[23.065656,41.959406],[23.073758,41.958473],[23.078974,41.957764],[23.081074,41.957635],[23.083558,41.95872],[23.088895,41.961106],[23.093144,41.962885],[23.100869,41.964742],[23.101173,41.964785]]}},{"type":"Feature","properties":{"osm_id":1389549687,"voltage":"400000","circuits":"1","cables":"3","name":"","operator":"","ref":""},"geometry":{"type":"LineString","coordinates":[[23.042606,41.970328],[23.043574,41.968513],[23.046125,41.967459]]}},{"type":"Feature","properties":{"osm_id":1389549688,"voltage":"400000","circuits":"2","cables":"6","name":"","operator":"","ref":""},"geometry":{"type":"LineString","coordinates":[[23.031578,41.988503],[23.033086,41.986066],[23.034856,41.983119],[23.036066,41.981082],[23.038785,41.976636],[23.040331,41.974109],[23.042606,41.970328]]}},{"type":"Feature","properties":{"osm_id":1389549689,"voltage":"400000","circuits":"1","cables":"3","name":"","operator":"","ref":""},"geometry":{"type":"LineString","coordinates":[[23.042606,41.970328],[23.043829,41.968646],[23.046125,41.967459]]}},{"type":"Feature","properties":{"osm_id":1389549690,"voltage":"400000","circuits":"1","cables":"3","name":"","operator":"","ref":""},"geometry":{"type":"LineString","coordinates":[[23.028509,41.992981],[23.029652,41.991402],[23.031578,41.988503]]}},{"type":"Feature","properties":{"osm_id":1389549691,"voltage":"400000","circuits":"2","cables":"6","name":"","operator":"","ref":""},"geometry":{"type":"LineString","coordinates":[[23.023514,41.998991],[23.026314,41.995578],[23.028509,41.992981]]}},{"type":"Feature","properties":{"osm_id":1389549692,"voltage":"400000","circuits":"1","cables":"3","name":"","operator":"","ref":""},"geometry":{"type":"LineString","coordinates":[[23.028509,41.992981],[23.029962,41.99151],[23.031578,41.988503]]}},{"type":"Feature","properties":{"osm_id":1389549693,"voltage":"400000","circuits":"1","cables":"3","name":"","operator":"","ref":""},"geometry":{"type":"LineString","coordinates":[[23.015809,42.008268],[23.017585,42.005911],[23.021748,42.000851],[23.023514,41.998991]]}},{"type":"Feature","properties":{"osm_id":1389549694,"voltage":"400000","circuits":"1","cables":"3","name":"","operator":"","ref":""},"geometry":{"type":"LineString","coordinates":[[23.01389,42.013139],[23.014657,42.009493],[23.015809,42.008268]]}},{"type":"Feature","properties":{"osm_id":1389549695,"voltage":"400000","circuits":"2","cables":"6","name":"","operator":"","ref":""},"geometry":{"type":"LineString","coordinates":[[23.012135,42.020722],[23.012785,42.01791],[23.013245,42.015979],[23.01389,42.013139]]}},{"type":"Feature","properties":{"osm_id":1389549696,"voltage":"400000","circuits":"1","cables":"3","name":"","operator":"","ref":""},"geometry":{"type":"LineString","coordinates":[[23.009561,42.0316],[23.010224,42.028381],[23.011549,42.022828],[23.012135,42.020722]]}},{"type":"Feature","properties":{"osm_id":1389549697,"voltage":"400000","circuits":"2","cables":"6","name":"","operator":"","ref":""},"geometry":{"type":"LineString","coordinates":[[23.006001,42.046838],[23.00698,42.042863],[23.007353,42.041166],[23.008329,42.037107],[23.009031,42.03399],[23.009561,42.0316]]}},{"type":"Feature","properties":{"osm_id":1389549698,"voltage":"400000","circuits":"1","cables":"3","name":"","operator":"","ref":""},"geometry":{"type":"LineString","coordinates":[[23.004904,42.052528],[23.005241,42.049815],[23.006001,42.046838]]}},{"type":"Feature","properties":{"osm_id":1389549699,"voltage":"400000","circuits":"1","cables":"3","name":"","operator":"","ref":""},"geometry":{"type":"LineString","coordinates":[[23.004904,42.052528],[23.005523,42.049792],[23.006001,42.046838]]}},{"type":"Feature","properties":{"osm_id":1389549700,"voltage":"400000","circuits":"1","cables":"3","name":"","operator":"","ref":""},"geometry":{"type":"LineString","coordinates":[[23.002925,42.064911],[23.00358,42.060041],[23.004386,42.055083],[23.004904,42.052528]]}},{"type":"Feature","properties":{"osm_id":1389549701,"voltage":"400000","circuits":"1","cables":"3","name":"","operator":"","ref":""},"geometry":{"type":"LineString","coordinates":[[23.001332,42.074672],[23.001684,42.072307],[23.002429,42.066749],[23.002925,42.064911]]}},{"type":"Feature","properties":{"osm_id":1389549702,"voltage":"400000","circuits":"1","cables":"3","name":"","operator":"","ref":""},"geometry":{"type":"LineString","coordinates":[[23.000165,42.082405],[23.000482,42.079353],[23.001332,42.074672]]}},{"type":"Feature","properties":{"osm_id":1389549703,"voltage":"400000","circuits":"2","cables":"6","name":"","operator":"","ref":""},"geometry":{"type":"LineString","coordinates":[[22.999727,42.084471],[23.000165,42.082405]]}},{"type":"Feature","properties":{"osm_id":1389549704,"voltage":"400000","circuits":"1","cables":"3","name":"","operator":"","ref":""},"geometry":{"type":"LineString","coordinates":[[22.998789,42.090148],[22.999389,42.08623],[22.999727,42.084471]]}},{"type":"Feature","properties":{"osm_id":1389549705,"voltage":"400000","circuits":"1","cables":"3","name":"","operator":"","ref":""},"geometry":{"type":"LineString","coordinates":[[22.996856,42.101643],[22.99738,42.098191],[22.998267,42.093264],[22.998789,42.090148]]}},{"type":"Feature","properties":{"osm_id":1389549706,"voltage":"400000","circuits":"1","cables":"3","name":"","operator":"","ref":""},"geometry":{"type":"LineString","coordinates":[[22.998789,42.090148],[22.999614,42.08622],[22.999727,42.084471]]}},{"type":"Feature","properties":{"osm_id":1389549707,"voltage":"400000","circuits":"1","cables":"3","name":"","operator":"","ref":""},"geometry":{"type":"LineString","coordinates":[[22.996029,42.106596],[22.996304,42.104237],[22.996856,42.101643]]}},{"type":"Feature","properties":{"osm_id":1389549708,"voltage":"400000","circuits":"1","cables":"3","name":"","operator":"","ref":""},"geometry":{"type":"LineString","coordinates":[[22.996029,42.106596],[22.996566,42.104222],[22.996856,42.101643]]}},{"type":"Feature","properties":{"osm_id":1389549709,"voltage":"400000","circuits":"2","cables":"6","name":"","operator":"","ref":""},"geometry":{"type":"LineString","coordinates":[[22.99389,42.119525],[22.994482,42.116031],[22.994998,42.112835],[22.995435,42.110108],[22.996029,42.106596]]}},{"type":"Feature","properties":{"osm_id":1389549710,"voltage":"400000","circuits":"2","cables":"6","name":"","operator":"","ref":""},"geometry":{"type":"LineString","coordinates":[[23.001563,42.165252],[22.998832,42.16225]]}},{"type":"Feature","properties":{"osm_id":1389549711,"voltage":"400000","circuits":"1","cables":"3","name":"","operator":"","ref":""},"geometry":{"type":"LineString","coordinates":[[23.003693,42.170684],[23.003499,42.167638],[23.001563,42.165252]]}},{"type":"Feature","properties":{"osm_id":1389549712,"voltage":"400000","circuits":"1","cables":"3","name":"","operator":"","ref":""},"geometry":{"type":"LineString","coordinates":[[23.003693,42.170684],[23.003772,42.167539],[23.001563,42.165252]]}},{"type":"Feature","properties":{"osm_id":1389549713,"voltage":"400000","circuits":"2","cables":"6","name":"","operator":"","ref":""},"geometry":{"type":"LineString","coordinates":[[23.003842,42.186116],[23.003848,42.184415],[23.003859,42.182996]]}},{"type":"Feature","properties":{"osm_id":1389549714,"voltage":"400000","circuits":"1","cables":"3","name":"","operator":"","ref":""},"geometry":{"type":"LineString","coordinates":[[23.003859,42.182996],[23.00351,42.179195],[23.003537,42.174735],[23.003693,42.170684]]}},{"type":"Feature","properties":{"osm_id":1389549715,"voltage":"400000","circuits":"2","cables":"6","name":"","operator":"","ref":""},"geometry":{"type":"LineString","coordinates":[[23.009464,42.252199],[23.008225,42.249074],[23.007544,42.247422],[23.006452,42.244779],[23.005258,42.241879]]}},{"type":"Feature","properties":{"osm_id":1389549716,"voltage":"400000","circuits":"1","cables":"3","name":"","operator":"","ref":""},"geometry":{"type":"LineString","coordinates":[[23.012114,42.258627],[23.010929,42.256035],[23.009464,42.252199]]}},{"type":"Feature","properties":{"osm_id":1389549717,"voltage":"400000","circuits":"2","cables":"6","name":"","operator":"","ref":""},"geometry":{"type":"LineString","coordinates":[[23.012897,42.260415],[23.012114,42.258627]]}},{"type":"Feature","properties":{"osm_id":1389549718,"voltage":"400000","circuits":"1","cables":"3","name":"","operator":"","ref":""},"geometry":{"type":"LineString","coordinates":[[23.016035,42.26814],[23.014552,42.264652],[23.012897,42.260415]]}},{"type":"Feature","properties":{"osm_id":1389549719,"voltage":"400000","circuits":"2","cables":"6","name":"","operator":"","ref":""},"geometry":{"type":"LineString","coordinates":[[23.021159,42.280579],[23.019909,42.277543],[23.018525,42.27413],[23.016947,42.270307],[23.016035,42.26814]]}},{"type":"Feature","properties":{"osm_id":1389549720,"voltage":"400000","circuits":"1","cables":"3","name":"","operator":"","ref":""},"geometry":{"type":"LineString","coordinates":[[23.023256,42.286348],[23.02202,42.282977],[23.021159,42.280579]]}},{"type":"Feature","properties":{"osm_id":1389549721,"voltage":"400000","circuits":"1","cables":"3","name":"","operator":"","ref":""},"geometry":{"type":"LineString","coordinates":[[23.025976,42.293917],[23.025257,42.291707],[23.024254,42.28937],[23.023256,42.286348]]}},{"type":"Feature","properties":{"osm_id":1389549722,"voltage":"400000","circuits":"1","cables":"3","name":"","operator":"","ref":""},"geometry":{"type":"LineString","coordinates":[[23.02743,42.298679],[23.02677,42.296532],[23.025976,42.293917]]}},{"type":"Feature","properties":{"osm_id":1389549723,"voltage":"400000","circuits":"2","cables":"6","name":"","operator":"","ref":""},"geometry":{"type":"LineString","coordinates":[[23.03178,42.316408],[23.03119,42.31385],[23.030208,42.310026],[23.029329,42.30638],[23.028776,42.304043],[23.028084,42.301187],[23.02743,42.298679]]}},{"type":"Feature","properties":{"osm_id":1389549724,"voltage":"400000","circuits":"1","cables":"3","name":"","operator":"","ref":""},"geometry":{"type":"LineString","coordinates":[[23.036227,42.323917],[23.034629,42.322386],[23.03244,42.319645],[23.03178,42.316408]]}},{"type":"Feature","properties":{"osm_id":1389549725,"voltage":"400000","circuits":"2","cables":"6","name":"","operator":"","ref":""},"geometry":{"type":"LineString","coordinates":[[23.056961,42.348538],[23.054708,42.345834],[23.052074,42.342658],[23.049284,42.339486],[23.047997,42.337837],[23.045787,42.335227],[23.042659,42.331571],[23.041726,42.330504],[23.038625,42.326816],[23.036227,42.323917]]}},{"type":"Feature","properties":{"osm_id":1389549726,"voltage":"400000","circuits":"1","cables":"3","name":"","operator":"","ref":""},"geometry":{"type":"LineString","coordinates":[[23.059637,42.354683],[23.06012,42.352439],[23.056961,42.348538]]}},{"type":"Feature","properties":{"osm_id":1389549727,"voltage":"400000","circuits":"2","cables":"6","name":"","operator":"","ref":""},"geometry":{"type":"LineString","coordinates":[[23.053753,42.37968],[23.054252,42.376641],[23.054837,42.37313],[23.055416,42.369825],[23.055657,42.36854],[23.056548,42.365477],[23.057164,42.362516],[23.058591,42.358267],[23.059004,42.356915],[23.059637,42.354683]]}},{"type":"Feature","properties":{"osm_id":1389549728,"voltage":"400000","circuits":"1","cables":"3","name":"","operator":"","ref":""},"geometry":{"type":"LineString","coordinates":[[23.053426,42.389158],[23.052074,42.38795],[23.052492,42.386646],[23.053104,42.381947],[23.053753,42.37968]]}},{"type":"Feature","properties":{"osm_id":1389549729,"voltage":"400000","circuits":"2","cables":"6","name":"","operator":"","ref":""},"geometry":{"type":"LineString","coordinates":[[23.070774,42.408486],[23.068371,42.405833],[23.065903,42.403064],[23.06284,42.399661],[23.061193,42.397835],[23.058297,42.394574],[23.056317,42.392395],[23.053426,42.389158]]}},{"type":"Feature","properties":{"osm_id":1389549730,"voltage":"400000","circuits":"1","cables":"3","name":"","operator":"","ref":""},"geometry":{"type":"LineString","coordinates":[[23.077485,42.416602],[23.075227,42.41354],[23.072979,42.411101],[23.070774,42.408486]]}},{"type":"Feature","properties":{"osm_id":1389549731,"voltage":"400000","circuits":"2","cables":"6","name":"","operator":"","ref":""},"geometry":{"type":"LineString","coordinates":[[23.087366,42.490831],[23.089495,42.487073],[23.090867,42.484573],[23.092489,42.481637],[23.09398,42.478903],[23.095987,42.475322],[23.097703,42.47222],[23.09979,42.468409],[23.101024,42.466126],[23.10258,42.463067],[23.1017,42.460083],[23.100547,42.456652],[23.099238,42.452745],[23.098202,42.449717],[23.096765,42.445478]]}},{"type":"Feature","properties":{"osm_id":1389549732,"voltage":"400000","circuits":"1","cables":"3","name":"","operator":"","ref":""},"geometry":{"type":"LineString","coordinates":[[23.094399,42.44081],[23.096062,42.443067],[23.096765,42.445478]]}},{"type":"Feature","properties":{"osm_id":1389549733,"voltage":"400000","circuits":"1","cables":"3","name":"","operator":"","ref":""},"geometry":{"type":"LineString","coordinates":[[23.070774,42.408486],[23.073226,42.41099],[23.075495,42.413449],[23.077485,42.416602]]}},{"type":"Feature","properties":{"osm_id":1389549734,"voltage":"400000","circuits":"1","cables":"3","name":"","operator":"","ref":""},"geometry":{"type":"LineString","coordinates":[[23.053426,42.389158],[23.05253,42.387863],[23.053527,42.381963],[23.053753,42.37968]]}},{"type":"Feature","properties":{"osm_id":1389549735,"voltage":"400000","circuits":"1","cables":"3","name":"","operator":"","ref":""},"geometry":{"type":"LineString","coordinates":[[23.056961,42.348538],[23.060431,42.352403],[23.059637,42.354683]]}},{"type":"Feature","properties":{"osm_id":1389549736,"voltage":"400000","circuits":"1","cables":"3","name":"","operator":"","ref":""},"geometry":{"type":"LineString","coordinates":[[23.03178,42.316408],[23.032724,42.319572],[23.034929,42.322267],[23.036227,42.323917]]}},{"type":"Feature","properties":{"osm_id":1389549737,"voltage":"400000","circuits":"1","cables":"3","name":"","operator":"","ref":""},"geometry":{"type":"LineString","coordinates":[[23.02743,42.298679],[23.027075,42.29652],[23.025976,42.293917]]}},{"type":"Feature","properties":{"osm_id":1389549738,"voltage":"400000","circuits":"1","cables":"3","name":"","operator":"","ref":""},"geometry":{"type":"LineString","coordinates":[[23.025257,42.291707],[23.024527,42.289334],[23.023256,42.286348],[23.022288,42.282945],[23.021159,42.280579]]}},{"type":"Feature","properties":{"osm_id":1389549739,"voltage":"400000","circuits":"1","cables":"3","name":"","operator":"","ref":""},"geometry":{"type":"LineString","coordinates":[[23.016035,42.26814],[23.014786,42.264616],[23.012897,42.260415]]}},{"type":"Feature","properties":{"osm_id":1389549740,"voltage":"400000","circuits":"1","cables":"3","name":"","operator":"","ref":""},"geometry":{"type":"LineString","coordinates":[[23.012114,42.258627],[23.011175,42.256005],[23.009464,42.252199]]}},{"type":"Feature","properties":{"osm_id":1389549741,"voltage":"400000","circuits":"1","cables":"3","name":"","operator":"","ref":""},"geometry":{"type":"LineString","coordinates":[[23.005258,42.241879],[23.0048,42.240409],[23.002179,42.235178],[22.998513,42.228643],[22.996375,42.225012],[22.997939,42.223812],[23.00086,42.221516],[23.003467,42.219369],[23.004459,42.215607],[23.004363,42.210104],[23.004346,42.204728],[23.004228,42.200551],[23.004245,42.196486],[23.004153,42.190349],[23.004084,42.188215],[23.003842,42.186116]]}},{"type":"Feature","properties":{"osm_id":1389549742,"voltage":"400000","circuits":"1","cables":"3","name":"","operator":"","ref":""},"geometry":{"type":"LineString","coordinates":[[23.003693,42.170684],[23.003907,42.174731],[23.004126,42.178846],[23.003859,42.182996]]}},{"type":"Feature","properties":{"osm_id":1389549743,"voltage":"400000","circuits":"1","cables":"3","name":"","operator":"","ref":""},"geometry":{"type":"LineString","coordinates":[[22.998789,42.090148],[22.998532,42.093263],[22.997683,42.098193],[22.996856,42.101643]]}},{"type":"Feature","properties":{"osm_id":1389549744,"voltage":"400000","circuits":"1","cables":"3","name":"","operator":"","ref":""},"geometry":{"type":"LineString","coordinates":[[23.000165,42.082405],[23.000765,42.079337],[23.001332,42.074672]]}},{"type":"Feature","properties":{"osm_id":1389564178,"voltage":"110000","circuits":"1","cables":"3","name":"","operator":"","ref":""},"geometry":{"type":"LineString","coordinates":[[22.512549,42.23179],[22.511633,42.233251],[22.510797,42.234649],[22.510282,42.235683],[22.509596,42.236872],[22.509597,42.238061],[22.509857,42.237865]]}},{"type":"Feature","properties":{"osm_id":1389564186,"voltage":"110000","circuits":"","cables":"","name":"","operator":"","ref":""},"geometry":{"type":"LineString","coordinates":[[22.71397,42.290942],[22.714132,42.290805],[22.71426,42.290697]]}},{"type":"Feature","properties":{"osm_id":1389575593,"voltage":"110000","circuits":"","cables":"","name":"","operator":"","ref":""},"geometry":{"type":"LineString","coordinates":[[24.344119,42.181397],[24.343929,42.181281]]}},{"type":"Feature","properties":{"osm_id":1389575594,"voltage":"110000","circuits":"","cables":"3","name":"","operator":"","ref":""},"geometry":{"type":"LineString","coordinates":[[24.343929,42.181281],[24.344056,42.181505]]}},{"type":"Feature","properties":{"osm_id":1389575595,"voltage":"110000","circuits":"2","cables":"6","name":"","operator":"","ref":""},"geometry":{"type":"LineString","coordinates":[[24.343929,42.181281],[24.344926,42.18012],[24.345869,42.178983],[24.34799,42.176384],[24.350022,42.174807],[24.35227,42.172121]]}},{"type":"Feature","properties":{"osm_id":1389575598,"voltage":"110000","circuits":"1","cables":"3","name":"","operator":"","ref":""},"geometry":{"type":"LineString","coordinates":[[24.310915,42.203668],[24.310687,42.203891]]}},{"type":"Feature","properties":{"osm_id":1389575599,"voltage":"110000","circuits":"1","cables":"3","name":"","operator":"","ref":""},"geometry":{"type":"LineString","coordinates":[[24.310687,42.203891],[24.310976,42.203741]]}},{"type":"Feature","properties":{"osm_id":1389575600,"voltage":"110000","circuits":"1","cables":"3","name":"","operator":"","ref":""},"geometry":{"type":"LineString","coordinates":[[24.310807,42.203538],[24.310523,42.203754]]}},{"type":"Feature","properties":{"osm_id":1389575601,"voltage":"110000","circuits":"1","cables":"3","name":"","operator":"","ref":""},"geometry":{"type":"LineString","coordinates":[[24.310523,42.203754],[24.310863,42.203605]]}},{"type":"Feature","properties":{"osm_id":1389575602,"voltage":"110000","circuits":"1","cables":"3","name":"","operator":"","ref":""},"geometry":{"type":"LineString","coordinates":[[24.310587,42.203247],[24.31029,42.203347]]}},{"type":"Feature","properties":{"osm_id":1389575603,"voltage":"110000","circuits":"1","cables":"3","name":"","operator":"","ref":""},"geometry":{"type":"LineString","coordinates":[[24.31029,42.203347],[24.310696,42.203391]]}},{"type":"Feature","properties":{"osm_id":1389575607,"voltage":"110000","circuits":"1","cables":"3","name":"","operator":"","ref":""},"geometry":{"type":"LineString","coordinates":[[24.316376,42.150965],[24.317252,42.151327]]}},{"type":"Feature","properties":{"osm_id":1389575608,"voltage":"110000","circuits":"1","cables":"3","name":"","operator":"","ref":""},"geometry":{"type":"LineString","coordinates":[[24.316376,42.150965],[24.317291,42.151267]]}},{"type":"Feature","properties":{"osm_id":1389575609,"voltage":"220000","circuits":"","cables":"","name":"","operator":"","ref":""},"geometry":{"type":"LineString","coordinates":[[24.319757,42.149801],[24.319436,42.150283],[24.319252,42.150561],[24.318921,42.151058],[24.318583,42.151567],[24.318242,42.15208],[24.317913,42.152575]]}},{"type":"Feature","properties":{"osm_id":1389575610,"voltage":"220000","circuits":"","cables":"","name":"","operator":"","ref":""},"geometry":{"type":"LineString","coordinates":[[24.31774,42.152517],[24.318066,42.152016],[24.318395,42.151509],[24.318732,42.15099],[24.319055,42.150492],[24.319236,42.150213],[24.31955,42.149728]]}},{"type":"Feature","properties":{"osm_id":1389575628,"voltage":"110000","circuits":"1","cables":"3","name":"","operator":"","ref":""},"geometry":{"type":"LineString","coordinates":[[24.316142,42.151321],[24.314626,42.153501],[24.316767,42.155373],[24.318575,42.156934],[24.320673,42.158695],[24.322808,42.16062],[24.324948,42.162465],[24.326402,42.163789],[24.328303,42.165398],[24.329783,42.16633],[24.332744,42.167745],[24.333676,42.168215],[24.335689,42.169087],[24.336083,42.169389]]}},{"type":"Feature","properties":{"osm_id":1389575629,"voltage":"110000","circuits":"1","cables":"3","name":"","operator":"","ref":""},"geometry":{"type":"LineString","coordinates":[[24.316967,42.151577],[24.316142,42.151321]]}},{"type":"Feature","properties":{"osm_id":1389575630,"voltage":"110000","circuits":"1","cables":"3","name":"","operator":"","ref":""},"geometry":{"type":"LineString","coordinates":[[24.303029,42.043026],[24.303119,42.042885],[24.302394,42.043345],[24.297772,42.043277],[24.294004,42.045305],[24.292753,42.04397],[24.29098,42.042062],[24.289703,42.040659],[24.287263,42.03791],[24.285794,42.036239],[24.284793,42.035148],[24.283344,42.033562],[24.281382,42.03139],[24.279937,42.029775],[24.278997,42.028699]]}},{"type":"Feature","properties":{"osm_id":1389575638,"voltage":"110000","circuits":"1","cables":"3","name":"","operator":"","ref":""},"geometry":{"type":"LineString","coordinates":[[24.311499,42.13909],[24.311717,42.141007],[24.31198,42.142974],[24.312176,42.144966],[24.312407,42.146894],[24.312598,42.148818],[24.314744,42.149569],[24.316892,42.150163]]}},{"type":"Feature","properties":{"osm_id":1389586489,"voltage":"110000","circuits":"1","cables":"3","name":"","operator":"","ref":""},"geometry":{"type":"LineString","coordinates":[[24.269142,42.414841],[24.269133,42.415104]]}},{"type":"Feature","properties":{"osm_id":1389586490,"voltage":"110000","circuits":"1","cables":"3","name":"","operator":"","ref":""},"geometry":{"type":"LineString","coordinates":[[24.269142,42.414841],[24.269236,42.415059]]}},{"type":"Feature","properties":{"osm_id":1389586493,"voltage":"110000","circuits":"2","cables":"6","name":"","operator":"","ref":""},"geometry":{"type":"LineString","coordinates":[[24.310523,42.203754],[24.309064,42.204696],[24.309032,42.205896],[24.308881,42.209031],[24.308726,42.211828],[24.308667,42.213759],[24.308463,42.217136],[24.308318,42.220473],[24.308184,42.22304],[24.308039,42.226396],[24.307862,42.230015],[24.307723,42.233351],[24.306832,42.236922],[24.306022,42.240218],[24.305196,42.243471],[24.3043,42.246934],[24.303453,42.250373],[24.30253,42.254014],[24.301698,42.257329],[24.300931,42.260446],[24.299789,42.263447],[24.298732,42.266357],[24.297627,42.269505],[24.296736,42.271935],[24.295588,42.275173],[24.294499,42.278166],[24.293384,42.281274],[24.292198,42.284525],[24.291082,42.287708],[24.289891,42.290914],[24.288792,42.293977],[24.287649,42.29712],[24.286544,42.300183],[24.285273,42.303666],[24.284082,42.306947]]}},{"type":"Feature","properties":{"osm_id":1389591868,"voltage":"110000","circuits":"","cables":"","name":"","operator":"","ref":""},"geometry":{"type":"LineString","coordinates":[[24.149375,42.705636],[24.149249,42.705212],[24.149173,42.704954],[24.149104,42.704721],[24.14904,42.704506],[24.148961,42.704239],[24.148891,42.704003]]}},{"type":"Feature","properties":{"osm_id":1389591869,"voltage":"400000","circuits":"","cables":"","name":"","operator":"","ref":""},"geometry":{"type":"LineString","coordinates":[[24.151995,42.70447],[24.15183,42.703683]]}},{"type":"Feature","properties":{"osm_id":1389597464,"voltage":"110000","circuits":"1","cables":"3","name":"","operator":"","ref":""},"geometry":{"type":"LineString","coordinates":[[24.769398,42.11431],[24.769416,42.11392]]}},{"type":"Feature","properties":{"osm_id":1389597465,"voltage":"110000","circuits":"1","cables":"3","name":"","operator":"","ref":""},"geometry":{"type":"LineString","coordinates":[[24.769312,42.113921],[24.769398,42.11431]]}},{"type":"Feature","properties":{"osm_id":1389597468,"voltage":"110000","circuits":"","cables":"","name":"","operator":"","ref":""},"geometry":{"type":"LineString","coordinates":[[24.770945,42.113683],[24.771262,42.113683],[24.771587,42.113683],[24.772465,42.113683],[24.773112,42.113683]]}},{"type":"Feature","properties":{"osm_id":1389597469,"voltage":"110000","circuits":"1","cables":"3","name":"","operator":"","ref":""},"geometry":{"type":"LineString","coordinates":[[24.769007,42.113958],[24.768811,42.114322]]}},{"type":"Feature","properties":{"osm_id":1389597470,"voltage":"110000","circuits":"1","cables":"3","name":"","operator":"","ref":""},"geometry":{"type":"LineString","coordinates":[[24.768811,42.114322],[24.768915,42.113957]]}},{"type":"Feature","properties":{"osm_id":1389597473,"voltage":"110000","circuits":"","cables":"","name":"","operator":"","ref":""},"geometry":{"type":"LineString","coordinates":[[24.768195,42.113848],[24.76854,42.113839],[24.768872,42.11383],[24.769199,42.113821],[24.769526,42.113812],[24.769847,42.113803]]}},{"type":"Feature","properties":{"osm_id":1389597474,"voltage":"220000","circuits":"","cables":"","name":"","operator":"","ref":""},"geometry":{"type":"LineString","coordinates":[[24.771922,42.112942],[24.771306,42.112955],[24.770645,42.11297]]}},{"type":"Feature","properties":{"osm_id":1389597483,"voltage":"400000","circuits":"","cables":"","name":"","operator":"","ref":""},"geometry":{"type":"LineString","coordinates":[[24.768882,42.11286],[24.769932,42.112844]]}},{"type":"Feature","properties":{"osm_id":1389597484,"voltage":"110000","circuits":"","cables":"","name":"","operator":"","ref":""},"geometry":{"type":"LineString","coordinates":[[24.768213,42.11361],[24.768545,42.113603],[24.768874,42.113595],[24.769191,42.113588],[24.769508,42.113582],[24.769856,42.113574]]}},{"type":"Feature","properties":{"osm_id":1389597485,"voltage":"400000","circuits":"","cables":"","name":"","operator":"","ref":""},"geometry":{"type":"LineString","coordinates":[[24.76885,42.111904],[24.769928,42.111894]]}},{"type":"Feature","properties":{"osm_id":1389597519,"voltage":"400000","circuits":"1","cables":"3","name":"","operator":"","ref":""},"geometry":{"type":"LineString","coordinates":[[24.822004,42.115777],[24.818142,42.114898],[24.814301,42.11405],[24.810369,42.113215],[24.806222,42.112272],[24.802166,42.111416],[24.798235,42.110541],[24.794104,42.109641]]}},{"type":"Feature","properties":{"osm_id":1389597520,"voltage":"400000","circuits":"1","cables":"3","name":"","operator":"","ref":""},"geometry":{"type":"LineString","coordinates":[[24.794104,42.109641],[24.789587,42.108801],[24.786077,42.107966],[24.781538,42.106883],[24.778486,42.10627],[24.77533,42.107928],[24.773122,42.10939],[24.771755,42.110075],[24.771096,42.110433]]}},{"type":"Feature","properties":{"osm_id":1389597521,"voltage":"400000","circuits":"1","cables":"2","name":"","operator":"","ref":""},"geometry":{"type":"LineString","coordinates":[[24.832025,42.119796],[24.827809,42.119359],[24.826097,42.116533],[24.822004,42.115777]]}},{"type":"Feature","properties":{"osm_id":1389597522,"voltage":"400000","circuits":"1","cables":"2","name":"","operator":"","ref":""},"geometry":{"type":"LineString","coordinates":[[24.832025,42.119796],[24.827632,42.11955],[24.825899,42.116701],[24.822004,42.115777]]}},{"type":"Feature","properties":{"osm_id":1389597523,"voltage":"400000","circuits":"1","cables":"2","name":"","operator":"","ref":""},"geometry":{"type":"LineString","coordinates":[[24.865177,42.12214],[24.862436,42.122279],[24.858928,42.121909]]}},{"type":"Feature","properties":{"osm_id":1389597524,"voltage":"400000","circuits":"1","cables":"3","name":"","operator":"","ref":""},"geometry":{"type":"LineString","coordinates":[[24.878389,42.121543],[24.873733,42.121754],[24.869377,42.121905],[24.865177,42.12214]]}},{"type":"Feature","properties":{"osm_id":1389597525,"voltage":"400000","circuits":"1","cables":"2","name":"","operator":"","ref":""},"geometry":{"type":"LineString","coordinates":[[24.88539,42.123306],[24.882515,42.1213],[24.878389,42.121543]]}},{"type":"Feature","properties":{"osm_id":1389597526,"voltage":"400000","circuits":"1","cables":"3","name":"","operator":"","ref":""},"geometry":{"type":"LineString","coordinates":[[24.90416,42.135691],[24.901295,42.133845],[24.897894,42.131533],[24.894746,42.129516],[24.891564,42.12744],[24.88841,42.125383],[24.88539,42.123306]]}},{"type":"Feature","properties":{"osm_id":1389597527,"voltage":"400000","circuits":"1","cables":"2","name":"","operator":"","ref":""},"geometry":{"type":"LineString","coordinates":[[24.88539,42.123306],[24.882317,42.121527],[24.878389,42.121543]]}},{"type":"Feature","properties":{"osm_id":1389597528,"voltage":"400000","circuits":"1","cables":"2","name":"","operator":"","ref":""},"geometry":{"type":"LineString","coordinates":[[24.907416,42.14044],[24.906976,42.137624],[24.90416,42.135691]]}},{"type":"Feature","properties":{"osm_id":1389597529,"voltage":"400000","circuits":"1","cables":"3","name":"","operator":"","ref":""},"geometry":{"type":"LineString","coordinates":[[24.908527,42.149417],[24.908232,42.1468],[24.907824,42.14361],[24.907416,42.14044]]}},{"type":"Feature","properties":{"osm_id":1389597530,"voltage":"400000","circuits":"1","cables":"2","name":"","operator":"","ref":""},"geometry":{"type":"LineString","coordinates":[[24.907416,42.14044],[24.907218,42.137497],[24.90416,42.135691]]}},{"type":"Feature","properties":{"osm_id":1389597531,"voltage":"400000","circuits":"1","cables":"3","name":"","operator":"","ref":""},"geometry":{"type":"LineString","coordinates":[[24.909288,42.15485],[24.908918,42.152857],[24.908527,42.149417]]}},{"type":"Feature","properties":{"osm_id":1389597532,"voltage":"400000","circuits":"1","cables":"3","name":"","operator":"","ref":""},"geometry":{"type":"LineString","coordinates":[[24.911053,42.167944],[24.910533,42.164588],[24.91012,42.161582],[24.909744,42.15866],[24.909288,42.15485]]}},{"type":"Feature","properties":{"osm_id":1389597533,"voltage":"400000","circuits":"1","cables":"3","name":"","operator":"","ref":""},"geometry":{"type":"LineString","coordinates":[[24.909288,42.15485],[24.909203,42.152754],[24.908527,42.149417]]}},{"type":"Feature","properties":{"osm_id":1389597534,"voltage":"400000","circuits":"1","cables":"1","name":"","operator":"","ref":""},"geometry":{"type":"LineString","coordinates":[[24.910136,42.173705],[24.911204,42.170711],[24.911053,42.167944]]}},{"type":"Feature","properties":{"osm_id":1389597535,"voltage":"400000","circuits":"1","cables":"3","name":"","operator":"","ref":""},"geometry":{"type":"LineString","coordinates":[[24.907963,42.178949],[24.909203,42.175995],[24.910136,42.173705]]}},{"type":"Feature","properties":{"osm_id":1389597536,"voltage":"400000","circuits":"1","cables":"1","name":"","operator":"","ref":""},"geometry":{"type":"LineString","coordinates":[[24.910136,42.173705],[24.911496,42.170709],[24.911053,42.167944]]}},{"type":"Feature","properties":{"osm_id":1389597537,"voltage":"400000","circuits":"1","cables":"3","name":"","operator":"","ref":""},"geometry":{"type":"LineString","coordinates":[[24.904369,42.187543],[24.905566,42.184442],[24.906703,42.18162],[24.907963,42.178949]]}},{"type":"Feature","properties":{"osm_id":1389597538,"voltage":"400000","circuits":"1","cables":"3","name":"","operator":"","ref":""},"geometry":{"type":"LineString","coordinates":[[24.903323,42.190126],[24.904369,42.187543]]}},{"type":"Feature","properties":{"osm_id":1389597539,"voltage":"400000","circuits":"1","cables":"3","name":"","operator":"","ref":""},"geometry":{"type":"LineString","coordinates":[[24.904369,42.187543],[24.905899,42.18453],[24.907047,42.1817],[24.907963,42.178949]]}},{"type":"Feature","properties":{"osm_id":1389597540,"voltage":"400000","circuits":"1","cables":"3","name":"","operator":"","ref":""},"geometry":{"type":"LineString","coordinates":[[24.903629,42.19513],[24.902283,42.192905],[24.903323,42.190126]]}},{"type":"Feature","properties":{"osm_id":1389597541,"voltage":"400000","circuits":"1","cables":"3","name":"","operator":"","ref":""},"geometry":{"type":"LineString","coordinates":[[24.903629,42.19513],[24.902057,42.192889],[24.903323,42.190126]]}},{"type":"Feature","properties":{"osm_id":1389597542,"voltage":"400000","circuits":"1","cables":"3","name":"","operator":"","ref":""},"geometry":{"type":"LineString","coordinates":[[24.914615,42.21099],[24.912684,42.208216],[24.910817,42.205502],[24.909015,42.202943],[24.907389,42.200547],[24.90549,42.197785],[24.903629,42.19513]]}},{"type":"Feature","properties":{"osm_id":1389597543,"voltage":"400000","circuits":"1","cables":"3","name":"","operator":"","ref":""},"geometry":{"type":"LineString","coordinates":[[24.893286,42.269973],[24.894408,42.2686],[24.896709,42.267107],[24.897497,42.26548]]}},{"type":"Feature","properties":{"osm_id":1389597544,"voltage":"400000","circuits":"1","cables":"3","name":"","operator":"","ref":""},"geometry":{"type":"LineString","coordinates":[[24.882402,42.281448],[24.884601,42.279182],[24.886538,42.277079],[24.888791,42.274737],[24.891167,42.2722],[24.893286,42.269973]]}},{"type":"Feature","properties":{"osm_id":1389597545,"voltage":"400000","circuits":"1","cables":"3","name":"","operator":"","ref":""},"geometry":{"type":"LineString","coordinates":[[24.893286,42.269973],[24.894585,42.268723],[24.896913,42.267203],[24.897497,42.26548]]}},{"type":"Feature","properties":{"osm_id":1389597546,"voltage":"400000","circuits":"1","cables":"3","name":"","operator":"","ref":""},"geometry":{"type":"LineString","coordinates":[[24.877166,42.28502],[24.880514,42.283738],[24.882402,42.281448]]}},{"type":"Feature","properties":{"osm_id":1389597547,"voltage":"400000","circuits":"1","cables":"3","name":"","operator":"","ref":""},"geometry":{"type":"LineString","coordinates":[[24.877166,42.28502],[24.880246,42.283619],[24.882402,42.281448]]}},{"type":"Feature","properties":{"osm_id":1389597548,"voltage":"400000","circuits":"1","cables":"3","name":"","operator":"","ref":""},"geometry":{"type":"LineString","coordinates":[[24.854689,42.294517],[24.858439,42.292913],[24.862564,42.291195],[24.866185,42.289679],[24.869785,42.288175],[24.873497,42.28656],[24.877166,42.28502]]}},{"type":"Feature","properties":{"osm_id":1389597549,"voltage":"400000","circuits":"1","cables":"3","name":"","operator":"","ref":""},"geometry":{"type":"LineString","coordinates":[[24.848826,42.297925],[24.851304,42.29583],[24.854689,42.294517]]}},{"type":"Feature","properties":{"osm_id":1389597550,"voltage":"400000","circuits":"1","cables":"3","name":"","operator":"","ref":""},"geometry":{"type":"LineString","coordinates":[[24.848826,42.297925],[24.851536,42.295993],[24.854689,42.294517]]}},{"type":"Feature","properties":{"osm_id":1389597551,"voltage":"400000","circuits":"1","cables":"3","name":"","operator":"","ref":""},"geometry":{"type":"LineString","coordinates":[[24.83689,42.307542],[24.840082,42.304983],[24.843016,42.302615],[24.845886,42.300333],[24.848826,42.297925]]}},{"type":"Feature","properties":{"osm_id":1389597552,"voltage":"400000","circuits":"1","cables":"2","name":"","operator":"","ref":""},"geometry":{"type":"LineString","coordinates":[[24.830383,42.311267],[24.834085,42.309899],[24.83689,42.307542]]}},{"type":"Feature","properties":{"osm_id":1389597553,"voltage":"400000","circuits":"1","cables":"3","name":"","operator":"","ref":""},"geometry":{"type":"LineString","coordinates":[[24.897497,42.26548],[24.898506,42.262935],[24.899761,42.259747],[24.900453,42.257937],[24.901505,42.255153],[24.902551,42.252616],[24.903731,42.249519],[24.904729,42.246985],[24.905914,42.244039],[24.906842,42.241477],[24.90754,42.239321],[24.908398,42.236997],[24.909471,42.234019],[24.910635,42.230658],[24.911617,42.227731],[24.912657,42.224652],[24.913596,42.221558],[24.914761,42.218541],[24.915447,42.216552]]}},{"type":"Feature","properties":{"osm_id":1389597554,"voltage":"400000","circuits":"1","cables":"2","name":"","operator":"","ref":""},"geometry":{"type":"LineString","coordinates":[[24.830383,42.311267],[24.833916,42.309744],[24.83689,42.307542]]}},{"type":"Feature","properties":{"osm_id":1389606250,"voltage":"110000","circuits":"2","cables":"6","name":"","operator":"","ref":""},"geometry":{"type":"LineString","coordinates":[[24.74756,42.173351],[24.748807,42.174582],[24.749196,42.176554],[24.751417,42.177035],[24.753658,42.177528],[24.756551,42.17752]]}},{"type":"Feature","properties":{"osm_id":1389606251,"voltage":"110000","circuits":"2","cables":"6","name":"","operator":"","ref":""},"geometry":{"type":"LineString","coordinates":[[24.70152,42.115509],[24.703083,42.118243],[24.704699,42.121114],[24.706309,42.123976],[24.707814,42.126685],[24.708741,42.128523],[24.708926,42.128608]]}},{"type":"Feature","properties":{"osm_id":1389606252,"voltage":"110000","circuits":"2","cables":"6","name":"","operator":"","ref":""},"geometry":{"type":"LineString","coordinates":[[24.702584,42.113741],[24.705678,42.112693],[24.712267,42.110412],[24.71515,42.109392],[24.718996,42.109413],[24.723013,42.109459],[24.72687,42.109506],[24.731354,42.109507],[24.73553,42.109627],[24.738593,42.109563],[24.741533,42.108613],[24.74499,42.108209],[24.748745,42.107517],[24.75227,42.107078],[24.754735,42.10675],[24.75874,42.107321],[24.761846,42.107755],[24.765243,42.108274],[24.76773,42.108635],[24.767837,42.110974],[24.768354,42.113242]]}},{"type":"Feature","properties":{"osm_id":1389606255,"voltage":"110000","circuits":"1","cables":"3","name":"","operator":"","ref":""},"geometry":{"type":"LineString","coordinates":[[24.708926,42.128608],[24.710841,42.128932],[24.712857,42.129325],[24.713514,42.129649]]}},{"type":"Feature","properties":{"osm_id":1389606256,"voltage":"110000","circuits":"","cables":"","name":"","operator":"","ref":""},"geometry":{"type":"LineString","coordinates":[[24.789989,42.146035],[24.790203,42.146026],[24.79043,42.146016],[24.790644,42.146007],[24.790848,42.145998]]}},{"type":"Feature","properties":{"osm_id":1389606257,"voltage":"110000","circuits":"","cables":"","name":"","operator":"","ref":""},"geometry":{"type":"LineString","coordinates":[[24.790847,42.145934],[24.790641,42.145942],[24.790424,42.14595],[24.790203,42.145959],[24.789991,42.145967]]}},{"type":"Feature","properties":{"osm_id":1389606264,"voltage":"110000","circuits":"1","cables":"3","name":"","operator":"","ref":""},"geometry":{"type":"LineString","coordinates":[[24.740673,42.181903],[24.740827,42.181594],[24.743181,42.181374]]}},{"type":"Feature","properties":{"osm_id":1389606267,"voltage":"110000","circuits":"","cables":"","name":"","operator":"","ref":""},"geometry":{"type":"LineString","coordinates":[[24.740511,42.181767],[24.740354,42.182058],[24.740276,42.182202],[24.740111,42.182507],[24.739951,42.182802]]}},{"type":"Feature","properties":{"osm_id":1389606268,"voltage":"110000","circuits":"","cables":"","name":"","operator":"","ref":""},"geometry":{"type":"LineString","coordinates":[[24.739869,42.182777],[24.740022,42.182482],[24.740179,42.182178],[24.740254,42.182033],[24.740407,42.181737]]}},{"type":"Feature","properties":{"osm_id":1389622198,"voltage":"110000","circuits":"1","cables":"3","name":"","operator":"","ref":""},"geometry":{"type":"LineString","coordinates":[[24.941635,42.254763],[24.94139,42.254846],[24.940481,42.25597],[24.93906,42.257556],[24.93641,42.260419],[24.933941,42.263121],[24.931699,42.265641],[24.929218,42.266857],[24.926538,42.268058],[24.922662,42.269783],[24.919508,42.271184],[24.916846,42.273107],[24.914337,42.274868],[24.911408,42.276924],[24.908656,42.278896],[24.905673,42.280968],[24.90254,42.283175],[24.89929,42.285477],[24.896468,42.287556],[24.896699,42.290267],[24.896983,42.293108],[24.89716,42.295548],[24.897428,42.298401],[24.897643,42.301345],[24.89789,42.304226],[24.89812,42.307154],[24.898431,42.310109],[24.898667,42.313124],[24.898973,42.316519],[24.899241,42.319598],[24.899542,42.322703],[24.899772,42.325527],[24.90003,42.328521],[24.900245,42.331373],[24.900523,42.334442],[24.900754,42.337404],[24.901065,42.340414],[24.901285,42.343209],[24.901564,42.346314],[24.901806,42.348954],[24.900405,42.350203],[24.897696,42.352503],[24.895765,42.354286],[24.893163,42.356483],[24.890181,42.358932],[24.887692,42.36099],[24.884613,42.363499],[24.881716,42.365901],[24.87884,42.368303],[24.875976,42.370665],[24.873197,42.372987],[24.871523,42.374327],[24.869807,42.375761],[24.867725,42.37779],[24.865674,42.379922],[24.865361,42.379896]]}},{"type":"Feature","properties":{"osm_id":1389628949,"voltage":"110000","circuits":"1","cables":"3","name":"","operator":"","ref":""},"geometry":{"type":"LineString","coordinates":[[25.960665,42.200041],[25.961047,42.199977],[25.961297,42.198934],[25.961568,42.197642],[25.961793,42.195264],[25.960756,42.192293],[25.958428,42.191712],[25.95729,42.191422],[25.95353,42.190551],[25.949902,42.189674],[25.946104,42.188766],[25.946774,42.18727],[25.947424,42.185833],[25.947733,42.185492]]}},{"type":"Feature","properties":{"osm_id":1389628950,"voltage":"110000","circuits":"1","cables":"3","name":"","operator":"","ref":""},"geometry":{"type":"LineString","coordinates":[[25.865861,42.151703],[25.864909,42.151635],[25.860744,42.151955],[25.858198,42.15211],[25.855889,42.152269],[25.855894,42.153695],[25.85587,42.154931],[25.855858,42.156699],[25.855854,42.157276],[25.855653,42.15863],[25.855873,42.161133],[25.855803,42.162489],[25.855814,42.164095],[25.857343,42.165364],[25.858217,42.166028],[25.85967,42.167202],[25.861321,42.168538],[25.862807,42.169739],[25.864459,42.171075],[25.866196,42.172479],[25.867378,42.173435],[25.868873,42.174643],[25.870613,42.176051],[25.872256,42.177379],[25.87351,42.178393],[25.874503,42.179195],[25.875976,42.180386],[25.877559,42.181666],[25.879164,42.182964],[25.881307,42.184696],[25.88281,42.185911],[25.88426,42.187083],[25.885879,42.188392],[25.887236,42.189489],[25.888573,42.190569],[25.890617,42.192221],[25.89276,42.193953],[25.894392,42.195272],[25.896049,42.196612],[25.897586,42.197854]]}},{"type":"Feature","properties":{"osm_id":1390521807,"voltage":"110000","circuits":"1","cables":"3","name":"","operator":"","ref":""},"geometry":{"type":"LineString","coordinates":[[26.139417,42.256263],[26.139445,42.256862]]}},{"type":"Feature","properties":{"osm_id":1390521812,"voltage":"220000","circuits":"1","cables":"3","name":"","operator":"","ref":""},"geometry":{"type":"LineString","coordinates":[[26.136893,42.257737],[26.136463,42.256941]]}},{"type":"Feature","properties":{"osm_id":1390521813,"voltage":"220000","circuits":"","cables":"","name":"","operator":"","ref":""},"geometry":{"type":"LineString","coordinates":[[26.137931,42.256581],[26.137366,42.256772],[26.136839,42.25695],[26.136294,42.257134],[26.135745,42.257319],[26.135199,42.257504],[26.134643,42.257692]]}},{"type":"Feature","properties":{"osm_id":1390521814,"voltage":"220000","circuits":"","cables":"","name":"","operator":"","ref":""},"geometry":{"type":"LineString","coordinates":[[26.134296,42.257125],[26.134863,42.256929],[26.135397,42.256744],[26.135925,42.256562],[26.136477,42.256371],[26.137025,42.256181],[26.137563,42.255995]]}},{"type":"Feature","properties":{"osm_id":1390521815,"voltage":"220000","circuits":"","cables":"","name":"","operator":"","ref":""},"geometry":{"type":"LineString","coordinates":[[26.134402,42.257312],[26.134962,42.257117],[26.135501,42.256929],[26.136036,42.256742],[26.136596,42.256547],[26.137115,42.256366],[26.137668,42.256173]]}},{"type":"Feature","properties":{"osm_id":1390550379,"voltage":"110000","circuits":"","cables":"","name":"","operator":"","ref":""},"geometry":{"type":"LineString","coordinates":[[26.058584,42.221958],[26.058377,42.22214],[26.05795,42.222493]]}},{"type":"Feature","properties":{"osm_id":1390550380,"voltage":"110000","circuits":"1","cables":"3","name":"","operator":"","ref":""},"geometry":{"type":"LineString","coordinates":[[26.05795,42.222493],[26.057838,42.222671]]}},{"type":"Feature","properties":{"osm_id":1390550390,"voltage":"110000","circuits":"1","cables":"3","name":"","operator":"","ref":""},"geometry":{"type":"LineString","coordinates":[[26.017006,42.134656],[26.017112,42.134303],[26.018163,42.131721],[26.018603,42.129861],[26.019238,42.127246],[26.019895,42.124469],[26.020298,42.122904],[26.020771,42.120797],[26.021343,42.118433],[26.021404,42.116621],[26.021397,42.116022]]}},{"type":"Feature","properties":{"osm_id":1390550396,"voltage":"110000","circuits":"","cables":"","name":"","operator":"","ref":""},"geometry":{"type":"LineString","coordinates":[[26.051323,42.147591],[26.051794,42.147651],[26.052286,42.147714]]}},{"type":"Feature","properties":{"osm_id":1390553183,"voltage":"110000","circuits":"1","cables":"3","name":"","operator":"","ref":""},"geometry":{"type":"LineString","coordinates":[[26.563669,43.231591],[26.563823,43.2314]]}},{"type":"Feature","properties":{"osm_id":1390553184,"voltage":"110000","circuits":"1","cables":"3","name":"","operator":"","ref":""},"geometry":{"type":"LineString","coordinates":[[26.563823,43.2314],[26.563558,43.231477]]}},{"type":"Feature","properties":{"osm_id":1392210250,"voltage":"220000","circuits":"1","cables":"1","name":"","operator":"","ref":""},"geometry":{"type":"LineString","coordinates":[[25.551094,43.05609],[25.548508,43.054498],[25.54316,43.050593],[25.540879,43.048804]]}},{"type":"Feature","properties":{"osm_id":1392210251,"voltage":"220000","circuits":"1","cables":"1","name":"Янтра","operator":"","ref":""},"geometry":{"type":"LineString","coordinates":[[25.551094,43.05609],[25.54875,43.054459],[25.543408,43.050573],[25.540879,43.048804]]}},{"type":"Feature","properties":{"osm_id":1392210252,"voltage":"220000","circuits":"1","cables":"1","name":"","operator":"","ref":""},"geometry":{"type":"LineString","coordinates":[[25.540879,43.048804],[25.543606,43.050473],[25.549125,43.054495],[25.551094,43.05609]]}},{"type":"Feature","properties":{"osm_id":1392210253,"voltage":"220000","circuits":"1","cables":"3","name":"Янтра","operator":"","ref":""},"geometry":{"type":"LineString","coordinates":[[25.561905,43.063998],[25.559045,43.061798],[25.555997,43.059592],[25.552982,43.057447],[25.551094,43.05609]]}},{"type":"Feature","properties":{"osm_id":1392210254,"voltage":"220000","circuits":"1","cables":"","name":"","operator":"","ref":""},"geometry":{"type":"LineString","coordinates":[[25.472152,42.999545],[25.470494,42.998518],[25.465342,42.994728],[25.463303,42.993091]]}},{"type":"Feature","properties":{"osm_id":1392210255,"voltage":"220000","circuits":"1","cables":"3","name":"Янтра","operator":"","ref":""},"geometry":{"type":"LineString","coordinates":[[25.472152,42.999545],[25.470654,42.998471],[25.465491,42.994626],[25.463303,42.993091],[25.460403,42.99098],[25.457506,42.988869],[25.454343,42.986579],[25.452458,42.985228],[25.44937,42.982966],[25.447598,42.981755],[25.444352,42.97935],[25.441654,42.97751],[25.438908,42.975464]]}},{"type":"Feature","properties":{"osm_id":1392210256,"voltage":"220000","circuits":"1","cables":"","name":"","operator":"","ref":""},"geometry":{"type":"LineString","coordinates":[[25.463303,42.993091],[25.465614,42.994516],[25.470869,42.99838],[25.472152,42.999545]]}},{"type":"Feature","properties":{"osm_id":1392210257,"voltage":"220000","circuits":"1","cables":"","name":"","operator":"","ref":""},"geometry":{"type":"LineString","coordinates":[[25.438908,42.975464],[25.435984,42.973564],[25.431259,42.970091],[25.428103,42.967608]]}},{"type":"Feature","properties":{"osm_id":1392210258,"voltage":"220000","circuits":"1","cables":"3","name":"Янтра","operator":"","ref":""},"geometry":{"type":"LineString","coordinates":[[25.438908,42.975464],[25.436257,42.973361],[25.431816,42.970086],[25.428103,42.967608]]}},{"type":"Feature","properties":{"osm_id":1392210259,"voltage":"220000","circuits":"1","cables":"","name":"","operator":"","ref":""},"geometry":{"type":"LineString","coordinates":[[25.428103,42.967608],[25.43151,42.970092],[25.436129,42.973466],[25.438908,42.975464]]}},{"type":"Feature","properties":{"osm_id":1392210260,"voltage":"220000","circuits":"1","cables":"3","name":"Янтра","operator":"","ref":""},"geometry":{"type":"LineString","coordinates":[[25.540879,43.048804],[25.539062,43.047388],[25.535682,43.044995],[25.533263,43.043303],[25.529882,43.040915],[25.526834,43.03862],[25.525074,43.037568],[25.519684,43.034161],[25.517158,43.032569],[25.514594,43.030902],[25.511745,43.029067],[25.509152,43.027333],[25.506435,43.0257],[25.504748,43.023975],[25.502392,43.021706],[25.500347,43.019723],[25.497046,43.01735],[25.493909,43.015082],[25.491637,43.013444],[25.489633,43.012009],[25.48693,43.010142],[25.483701,43.007815],[25.48098,43.005848],[25.478464,43.004078],[25.475364,43.001849],[25.472152,42.999545]]}},{"type":"Feature","properties":{"osm_id":1392210261,"voltage":"110000","circuits":"1","cables":"3","name":"","operator":"","ref":""},"geometry":{"type":"LineString","coordinates":[[25.664781,43.14254],[25.664931,43.142937]]}},{"type":"Feature","properties":{"osm_id":1392210262,"voltage":"110000","circuits":"1","cables":"3","name":"","operator":"","ref":""},"geometry":{"type":"LineString","coordinates":[[25.664781,43.14254],[25.664742,43.142938]]}},{"type":"Feature","properties":{"osm_id":1392210270,"voltage":"220000","circuits":"1","cables":"2","name":"","operator":"","ref":""},"geometry":{"type":"LineString","coordinates":[[25.895759,42.786742],[25.894703,42.788077],[25.893311,42.789819],[25.892755,42.79058],[25.892219,42.791269],[25.891621,42.792039],[25.890309,42.793832],[25.88962,42.794739],[25.888383,42.796406],[25.887447,42.797692]]}},{"type":"Feature","properties":{"osm_id":1392210271,"voltage":"220000","circuits":"2","cables":"6","name":"","operator":"","ref":""},"geometry":{"type":"LineString","coordinates":[[25.901472,42.779624],[25.900013,42.781419],[25.897358,42.784742],[25.89665,42.785628],[25.895759,42.786742]]}},{"type":"Feature","properties":{"osm_id":1392210272,"voltage":"220000","circuits":"1","cables":"2","name":"","operator":"","ref":""},"geometry":{"type":"LineString","coordinates":[[25.907164,42.763652],[25.90578,42.769027],[25.90511,42.771512],[25.902454,42.778403],[25.901472,42.779624]]}},{"type":"Feature","properties":{"osm_id":1392210273,"voltage":"220000","circuits":"2","cables":"6","name":"","operator":"","ref":""},"geometry":{"type":"LineString","coordinates":[[25.907864,42.760893],[25.907164,42.763652]]}},{"type":"Feature","properties":{"osm_id":1392210274,"voltage":"220000","circuits":"1","cables":"2","name":"","operator":"","ref":""},"geometry":{"type":"LineString","coordinates":[[25.909678,42.747993],[25.910531,42.750912],[25.90898,42.756757],[25.907864,42.760893]]}},{"type":"Feature","properties":{"osm_id":1392210275,"voltage":"220000","circuits":"2","cables":"6","name":"","operator":"","ref":""},"geometry":{"type":"LineString","coordinates":[[25.998396,42.60654],[25.997616,42.607894],[25.995294,42.610881],[25.993202,42.613591],[25.991917,42.615158],[25.99048,42.61707],[25.989213,42.618616],[25.987932,42.6203],[25.986738,42.62187],[25.985763,42.623152],[25.984652,42.62444],[25.982803,42.626848],[25.981523,42.628514],[25.979944,42.630571],[25.97829,42.632724],[25.976991,42.634416],[25.971638,42.641385],[25.96925,42.64429],[25.966679,42.647578],[25.964153,42.650753],[25.961492,42.654302],[25.958684,42.657786],[25.956364,42.660795],[25.954331,42.663565],[25.951902,42.66655],[25.949561,42.66966],[25.947818,42.671882],[25.945251,42.675155],[25.943354,42.677572],[25.939899,42.67997],[25.93624,42.68251],[25.932625,42.685018],[25.929044,42.687503],[25.926405,42.689334],[25.922647,42.691942],[25.918459,42.694789],[25.91553,42.696863],[25.912328,42.699071],[25.908393,42.701824],[25.906038,42.703415]]}},{"type":"Feature","properties":{"osm_id":1392292228,"voltage":"400000","circuits":"1","cables":"1","name":"","operator":"","ref":""},"geometry":{"type":"LineString","coordinates":[[24.167224,43.261996],[24.166711,43.261455],[24.163727,43.26031]]}},{"type":"Feature","properties":{"osm_id":1392292229,"voltage":"400000","circuits":"1","cables":"1","name":"","operator":"","ref":""},"geometry":{"type":"LineString","coordinates":[[24.163727,43.26031],[24.166828,43.261395],[24.167224,43.261996]]}},{"type":"Feature","properties":{"osm_id":1392292230,"voltage":"400000","circuits":"1","cables":"1","name":"","operator":"","ref":""},"geometry":{"type":"LineString","coordinates":[[24.167224,43.261996],[24.166607,43.261501],[24.163727,43.26031]]}},{"type":"Feature","properties":{"osm_id":1392292234,"voltage":"110000","circuits":"","cables":"1","name":"","operator":"","ref":""},"geometry":{"type":"LineString","coordinates":[[24.162785,43.265127],[24.162333,43.264569],[24.162832,43.264287]]}},{"type":"Feature","properties":{"osm_id":1392292237,"voltage":"400000","circuits":"1","cables":"1","name":"Родина","operator":"Електроенергиен системен оператор ЕАД","ref":""},"geometry":{"type":"LineString","coordinates":[[24.168383,43.263729],[24.169261,43.264309],[24.17067,43.265825]]}},{"type":"Feature","properties":{"osm_id":1392292238,"voltage":"400000","circuits":"1","cables":"1","name":"","operator":"","ref":""},"geometry":{"type":"LineString","coordinates":[[24.168383,43.263729],[24.169122,43.26439],[24.17067,43.265825]]}},{"type":"Feature","properties":{"osm_id":1392292239,"voltage":"400000","circuits":"1","cables":"1","name":"","operator":"","ref":""},"geometry":{"type":"LineString","coordinates":[[24.17067,43.265825],[24.169381,43.264252],[24.168383,43.263729]]}},{"type":"Feature","properties":{"osm_id":1392292240,"voltage":"400000","circuits":"","cables":"3","name":"","operator":"","ref":""},"geometry":{"type":"LineString","coordinates":[[24.169151,43.266937],[24.170254,43.26874]]}},{"type":"Feature","properties":{"osm_id":1392292241,"voltage":"400000","circuits":"1","cables":"3","name":"","operator":"","ref":""},"geometry":{"type":"LineString","coordinates":[[24.167469,43.264153],[24.168008,43.264923],[24.169151,43.266937]]}},{"type":"Feature","properties":{"osm_id":1392292242,"voltage":"400000","circuits":"1","cables":"","name":"","operator":"","ref":""},"geometry":{"type":"LineString","coordinates":[[24.169151,43.266937],[24.167902,43.264966],[24.167469,43.264153]]}},{"type":"Feature","properties":{"osm_id":1392292243,"voltage":"400000","circuits":"1","cables":"","name":"","operator":"","ref":""},"geometry":{"type":"LineString","coordinates":[[24.170254,43.26874],[24.169313,43.266936],[24.168132,43.264845],[24.167469,43.264153]]}},{"type":"Feature","properties":{"osm_id":1392292244,"voltage":"220000","circuits":"1","cables":"1","name":"","operator":"","ref":""},"geometry":{"type":"LineString","coordinates":[[24.166797,43.268641],[24.165414,43.265472],[24.165111,43.264963]]}},{"type":"Feature","properties":{"osm_id":1392292245,"voltage":"220000","circuits":"1","cables":"1","name":"","operator":"","ref":""},"geometry":{"type":"LineString","coordinates":[[24.165111,43.264963],[24.165606,43.265359],[24.166797,43.268641]]}},{"type":"Feature","properties":{"osm_id":1392292246,"voltage":"220000","circuits":"1","cables":"1","name":"","operator":"","ref":""},"geometry":{"type":"LineString","coordinates":[[24.166797,43.268641],[24.165512,43.265415],[24.165111,43.264963]]}},{"type":"Feature","properties":{"osm_id":1392292247,"voltage":"220000","circuits":"1","cables":"1","name":"","operator":"","ref":""},"geometry":{"type":"LineString","coordinates":[[24.16537,43.264815],[24.165707,43.265278],[24.167315,43.268438]]}},{"type":"Feature","properties":{"osm_id":1392292248,"voltage":"220000","circuits":"1","cables":"1","name":"","operator":"","ref":""},"geometry":{"type":"LineString","coordinates":[[24.16537,43.264815],[24.165872,43.265195],[24.167315,43.268438]]}},{"type":"Feature","properties":{"osm_id":1392292249,"voltage":"220000","circuits":"1","cables":"1","name":"","operator":"","ref":""},"geometry":{"type":"LineString","coordinates":[[24.167315,43.268438],[24.165778,43.265238],[24.16537,43.264815]]}},{"type":"Feature","properties":{"osm_id":1392369976,"voltage":"110000","circuits":"","cables":"","name":"","operator":"","ref":""},"geometry":{"type":"LineString","coordinates":[[25.131442,43.353719],[25.131368,43.353482],[25.131314,43.353243]]}},{"type":"Feature","properties":{"osm_id":1392369977,"voltage":"110000","circuits":"","cables":"","name":"","operator":"","ref":""},"geometry":{"type":"LineString","coordinates":[[25.131205,43.353254],[25.131267,43.353496],[25.131328,43.353731]]}},{"type":"Feature","properties":{"osm_id":1392369978,"voltage":"110000","circuits":"","cables":"","name":"","operator":"","ref":""},"geometry":{"type":"LineString","coordinates":[[25.131228,43.353738],[25.131163,43.353504],[25.131096,43.353266]]}},{"type":"Feature","properties":{"osm_id":1392369996,"voltage":"110000","circuits":"","cables":"","name":"","operator":"","ref":""},"geometry":{"type":"LineString","coordinates":[[24.577002,43.435472],[24.577169,43.435371],[24.577838,43.434967],[24.578169,43.434766],[24.578445,43.4346]]}},{"type":"Feature","properties":{"osm_id":1392370002,"voltage":"110000","circuits":"1","cables":"3","name":"","operator":"","ref":""},"geometry":{"type":"LineString","coordinates":[[24.57872,43.434792],[24.578423,43.434794]]}},{"type":"Feature","properties":{"osm_id":1392370003,"voltage":"110000","circuits":"1","cables":"3","name":"","operator":"","ref":""},"geometry":{"type":"LineString","coordinates":[[24.578513,43.43474],[24.57872,43.434792]]}},{"type":"Feature","properties":{"osm_id":1392370012,"voltage":"110000","circuits":"1","cables":"3","name":"","operator":"","ref":""},"geometry":{"type":"LineString","coordinates":[[24.646602,43.420111],[24.64672,43.42023],[24.64674,43.422207],[24.642648,43.422627]]}},{"type":"Feature","properties":{"osm_id":1392371456,"voltage":"110000","circuits":"1","cables":"3","name":"","operator":"","ref":""},"geometry":{"type":"LineString","coordinates":[[25.34165,43.61374],[25.34186,43.613658],[25.342047,43.613588]]}},{"type":"Feature","properties":{"osm_id":1392371460,"voltage":"110000","circuits":"1","cables":"3","name":"","operator":"","ref":""},"geometry":{"type":"LineString","coordinates":[[25.304215,43.64392],[25.304707,43.643967],[25.305202,43.644014]]}},{"type":"Feature","properties":{"osm_id":1392371461,"voltage":"110000","circuits":"1","cables":"3","name":"","operator":"","ref":""},"geometry":{"type":"LineString","coordinates":[[25.304206,43.643998],[25.304701,43.644041],[25.305191,43.644084]]}},{"type":"Feature","properties":{"osm_id":1392371470,"voltage":"110000","circuits":"1","cables":"3","name":"","operator":"","ref":""},"geometry":{"type":"LineString","coordinates":[[24.84608,43.698297],[24.84602,43.697981],[24.845963,43.697654]]}},{"type":"Feature","properties":{"osm_id":1392373291,"voltage":"110000","circuits":"1","cables":"3","name":"","operator":"","ref":""},"geometry":{"type":"LineString","coordinates":[[26.286386,43.830604],[26.286594,43.830516]]}},{"type":"Feature","properties":{"osm_id":1392373292,"voltage":"110000","circuits":"1","cables":"3","name":"","operator":"","ref":""},"geometry":{"type":"LineString","coordinates":[[26.286492,43.830739],[26.286697,43.830648]]}},{"type":"Feature","properties":{"osm_id":1392373293,"voltage":"110000","circuits":"1","cables":"3","name":"","operator":"","ref":""},"geometry":{"type":"LineString","coordinates":[[26.285921,43.830815],[26.286386,43.830604]]}},{"type":"Feature","properties":{"osm_id":1392373294,"voltage":"110000","circuits":"1","cables":"3","name":"","operator":"","ref":""},"geometry":{"type":"LineString","coordinates":[[26.285921,43.830815],[26.286492,43.830739]]}},{"type":"Feature","properties":{"osm_id":1392375867,"voltage":"110000","circuits":"","cables":"","name":"","operator":"","ref":""},"geometry":{"type":"LineString","coordinates":[[23.339259,43.466174],[23.33902,43.465896],[23.338823,43.465657],[23.338639,43.465428],[23.338498,43.465302],[23.338697,43.465214],[23.338969,43.465107]]}},{"type":"Feature","properties":{"osm_id":1392375868,"voltage":"220000","circuits":"","cables":"","name":"","operator":"","ref":""},"geometry":{"type":"LineString","coordinates":[[23.341054,43.465128],[23.340608,43.465316],[23.340168,43.465501],[23.339739,43.465682],[23.33931,43.465862]]}},{"type":"Feature","properties":{"osm_id":1392375869,"voltage":"220000","circuits":"","cables":"","name":"","operator":"","ref":""},"geometry":{"type":"LineString","coordinates":[[23.339401,43.465968],[23.339828,43.46579],[23.340251,43.465615],[23.3407,43.465428],[23.341144,43.465245]]}},{"type":"Feature","properties":{"osm_id":1392375870,"voltage":"110000","circuits":"","cables":"","name":"","operator":"","ref":""},"geometry":{"type":"LineString","coordinates":[[23.339153,43.46622],[23.338927,43.465935],[23.338729,43.465692],[23.33853,43.46547],[23.338333,43.465279],[23.338648,43.465156],[23.338922,43.46504],[23.33923,43.464906],[23.339535,43.464775]]}},{"type":"Feature","properties":{"osm_id":1392375896,"voltage":"110000","circuits":"","cables":"","name":"","operator":"","ref":""},"geometry":{"type":"LineString","coordinates":[[23.339502,43.4664],[23.339221,43.466518],[23.338937,43.466637],[23.338677,43.466746],[23.338431,43.46685],[23.338249,43.466926]]}},{"type":"Feature","properties":{"osm_id":1392375897,"voltage":"110000","circuits":"","cables":"","name":"","operator":"","ref":""},"geometry":{"type":"LineString","coordinates":[[23.338181,43.466837],[23.338362,43.466762],[23.33861,43.466658],[23.338868,43.466551],[23.339153,43.466432],[23.339435,43.466315]]}},{"type":"Feature","properties":{"osm_id":1392375899,"voltage":"110000","circuits":"","cables":"3","name":"","operator":"","ref":""},"geometry":{"type":"LineString","coordinates":[[23.33844,43.465928],[23.338865,43.466344]]}},{"type":"Feature","properties":{"osm_id":1392375900,"voltage":"110000","circuits":"","cables":"3","name":"","operator":"","ref":""},"geometry":{"type":"LineString","coordinates":[[23.338963,43.466302],[23.33844,43.465928]]}},{"type":"Feature","properties":{"osm_id":1392375901,"voltage":"110000","circuits":"","cables":"3","name":"","operator":"","ref":""},"geometry":{"type":"LineString","coordinates":[[23.338251,43.466047],[23.338601,43.466457]]}},{"type":"Feature","properties":{"osm_id":1392375902,"voltage":"110000","circuits":"","cables":"3","name":"","operator":"","ref":""},"geometry":{"type":"LineString","coordinates":[[23.338251,43.466047],[23.338683,43.466422]]}},{"type":"Feature","properties":{"osm_id":1392381547,"voltage":"110000","circuits":"2","cables":"6","name":"","operator":"","ref":""},"geometry":{"type":"LineString","coordinates":[[23.202966,43.410413],[23.203214,43.412608],[23.203402,43.415378]]}},{"type":"Feature","properties":{"osm_id":1392381548,"voltage":"110000","circuits":"1","cables":"3","name":"","operator":"","ref":""},"geometry":{"type":"LineString","coordinates":[[23.212146,43.414869],[23.212172,43.415341],[23.211821,43.416369],[23.211174,43.418437],[23.208082,43.419891],[23.205136,43.42126],[23.203644,43.423575],[23.202218,43.425712],[23.204717,43.427341],[23.207334,43.429079],[23.208501,43.432407],[23.209606,43.435726],[23.210739,43.439044],[23.215292,43.44005],[23.217319,43.440499],[23.218798,43.440846],[23.221741,43.441471]]}},{"type":"Feature","properties":{"osm_id":1392381551,"voltage":"110000","circuits":"2","cables":"6","name":"","operator":"","ref":""},"geometry":{"type":"LineString","coordinates":[[23.203402,43.415378],[23.20621,43.415295],[23.210032,43.415147],[23.211746,43.415076]]}},{"type":"Feature","properties":{"osm_id":1392381552,"voltage":"110000","circuits":"","cables":"3","name":"","operator":"","ref":""},"geometry":{"type":"LineString","coordinates":[[23.336275,43.465356],[23.337591,43.466135]]}},{"type":"Feature","properties":{"osm_id":1392381553,"voltage":"110000","circuits":"","cables":"","name":"","operator":"","ref":""},"geometry":{"type":"LineString","coordinates":[[23.336275,43.465356],[23.337453,43.46621],[23.338159,43.466642]]}},{"type":"Feature","properties":{"osm_id":1392381554,"voltage":"110000","circuits":"","cables":"","name":"","operator":"","ref":""},"geometry":{"type":"LineString","coordinates":[[23.336275,43.465356],[23.337839,43.465987],[23.338251,43.466607]]}},{"type":"Feature","properties":{"osm_id":1392381555,"voltage":"110000","circuits":"","cables":"","name":"","operator":"","ref":""},"geometry":{"type":"LineString","coordinates":[[23.338251,43.466607],[23.337705,43.466074],[23.336275,43.465356]]}},{"type":"Feature","properties":{"osm_id":1392381556,"voltage":"110000","circuits":"","cables":"3","name":"","operator":"","ref":""},"geometry":{"type":"LineString","coordinates":[[23.337591,43.466135],[23.338251,43.466607]]}},{"type":"Feature","properties":{"osm_id":1392381557,"voltage":"110000","circuits":"2","cables":"6","name":"","operator":"","ref":""},"geometry":{"type":"LineString","coordinates":[[23.334135,43.464514],[23.336275,43.465356]]}},{"type":"Feature","properties":{"osm_id":1392386009,"voltage":"110000","circuits":"","cables":"","name":"","operator":"","ref":""},"geometry":{"type":"LineString","coordinates":[[23.155518,43.168339],[23.155554,43.168429]]}},{"type":"Feature","properties":{"osm_id":1392386010,"voltage":"110000","circuits":"","cables":"","name":"","operator":"","ref":""},"geometry":{"type":"LineString","coordinates":[[23.155554,43.168429],[23.155925,43.168856],[23.156746,43.170063],[23.156544,43.171571],[23.15638,43.172989],[23.156732,43.174431],[23.15706,43.17585],[23.157409,43.177179],[23.157591,43.178006],[23.1578,43.178743]]}},{"type":"Feature","properties":{"osm_id":1392390411,"voltage":"400000","circuits":"1","cables":"3","name":"Люлин","operator":"","ref":""},"geometry":{"type":"LineString","coordinates":[[23.184062,42.845772],[23.185804,42.847485],[23.187095,42.848526]]}},{"type":"Feature","properties":{"osm_id":1393206205,"voltage":"110000","circuits":"1","cables":"3","name":"","operator":"","ref":""},"geometry":{"type":"LineString","coordinates":[[23.278288,41.456898],[23.277039,41.457458],[23.276001,41.45849],[23.276137,41.45897],[23.274748,41.460667]]}},{"type":"Feature","properties":{"osm_id":1393206206,"voltage":"110000","circuits":"1","cables":"3","name":"","operator":"","ref":""},"geometry":{"type":"LineString","coordinates":[[23.275448,41.457877],[23.276957,41.457339],[23.278236,41.456819]]}},{"type":"Feature","properties":{"osm_id":1396673513,"voltage":"110000","circuits":"1","cables":"3","name":"","operator":"","ref":""},"geometry":{"type":"LineString","coordinates":[[23.618837,42.718271],[23.619015,42.718276],[23.620742,42.718635],[23.623385,42.719489],[23.627831,42.718778],[23.628489,42.717881],[23.630609,42.714917],[23.632626,42.712133],[23.634309,42.709778],[23.636093,42.707604],[23.638496,42.704661],[23.640491,42.702246],[23.639708,42.701624],[23.6394,42.701616]]}},{"type":"Feature","properties":{"osm_id":1396673514,"voltage":"110000","circuits":"","cables":"3","name":"","operator":"","ref":""},"geometry":{"type":"LineString","coordinates":[[23.678556,42.66259],[23.678521,42.662373]]}},{"type":"Feature","properties":{"osm_id":1396673517,"voltage":"110000","circuits":"1","cables":"3","name":"","operator":"","ref":""},"geometry":{"type":"LineString","coordinates":[[23.671455,42.67062],[23.673166,42.66877],[23.674781,42.667062],[23.67653,42.665239],[23.678705,42.662868],[23.678556,42.66259]]}},{"type":"Feature","properties":{"osm_id":1396673518,"voltage":"110000","circuits":"1","cables":"3","name":"","operator":"","ref":""},"geometry":{"type":"LineString","coordinates":[[23.671455,42.67062],[23.673778,42.671558],[23.67602,42.672497],[23.677737,42.673258],[23.680027,42.674205],[23.681974,42.675096],[23.683986,42.67592],[23.685864,42.676437],[23.6878,42.676985],[23.691668,42.677991],[23.693524,42.678468],[23.695439,42.678934],[23.69744,42.679454],[23.699387,42.679927],[23.701324,42.680452],[23.702949,42.680907],[23.704315,42.681065],[23.70506,42.681089],[23.706219,42.68128],[23.708333,42.681554],[23.710395,42.681787],[23.71245,42.682043],[23.714533,42.682265],[23.716433,42.682493],[23.718283,42.682716],[23.720271,42.682962],[23.722394,42.683177],[23.724788,42.683473],[23.727234,42.683758],[23.72968,42.684025],[23.732046,42.684279],[23.734492,42.684587],[23.73708,42.684857],[23.739814,42.685221],[23.742332,42.685527],[23.744888,42.685705],[23.747267,42.686097],[23.749708,42.686381],[23.752374,42.686714],[23.754056,42.686888]]}},{"type":"Feature","properties":{"osm_id":1396682347,"voltage":"400000","circuits":"1","cables":"3","name":"","operator":"","ref":""},"geometry":{"type":"LineString","coordinates":[[23.777286,43.745325],[23.777551,43.745764],[23.777837,43.746262]]}},{"type":"Feature","properties":{"osm_id":1396682348,"voltage":"400000","circuits":"1","cables":"3","name":"","operator":"","ref":""},"geometry":{"type":"LineString","coordinates":[[23.778075,43.746192],[23.777792,43.745691],[23.77754,43.74525]]}},{"type":"Feature","properties":{"osm_id":1396682349,"voltage":"400000","circuits":"1","cables":"3","name":"","operator":"","ref":""},"geometry":{"type":"LineString","coordinates":[[23.777074,43.746495],[23.776804,43.74598],[23.776569,43.745531]]}},{"type":"Feature","properties":{"osm_id":1396682350,"voltage":"400000","circuits":"1","cables":"3","name":"","operator":"","ref":""},"geometry":{"type":"LineString","coordinates":[[23.774085,43.747174],[23.774602,43.747038],[23.775105,43.746881],[23.77561,43.746739],[23.776109,43.746592],[23.777126,43.7463],[23.777651,43.746144],[23.778142,43.746007]]}},{"type":"Feature","properties":{"osm_id":1396682361,"voltage":"400000","circuits":"1","cables":"3","name":"","operator":"","ref":""},"geometry":{"type":"LineString","coordinates":[[23.774248,43.746202],[23.774497,43.746645],[23.774793,43.74717]]}},{"type":"Feature","properties":{"osm_id":1396682362,"voltage":"400000","circuits":"1","cables":"3","name":"","operator":"","ref":""},"geometry":{"type":"LineString","coordinates":[[23.774773,43.746057],[23.775002,43.746496],[23.775309,43.747019]]}},{"type":"Feature","properties":{"osm_id":1396682363,"voltage":"400000","circuits":"1","cables":"3","name":"","operator":"","ref":""},"geometry":{"type":"LineString","coordinates":[[23.775822,43.74687],[23.775515,43.746342],[23.775283,43.745912]]}},{"type":"Feature","properties":{"osm_id":1396682364,"voltage":"400000","circuits":"1","cables":"3","name":"","operator":"","ref":""},"geometry":{"type":"LineString","coordinates":[[23.77515,43.745201],[23.775523,43.745845],[23.775766,43.746266],[23.776067,43.746802]]}},{"type":"Feature","properties":{"osm_id":1396685126,"voltage":"110000","circuits":"","cables":"","name":"","operator":"","ref":""},"geometry":{"type":"LineString","coordinates":[[23.481802,43.362782],[23.482151,43.36296]]}},{"type":"Feature","properties":{"osm_id":1396685129,"voltage":"110000","circuits":"","cables":"3","name":"","operator":"","ref":""},"geometry":{"type":"LineString","coordinates":[[23.537383,43.225135],[23.536894,43.224593]]}},{"type":"Feature","properties":{"osm_id":1396685131,"voltage":"110000","circuits":"1","cables":"3","name":"","operator":"","ref":""},"geometry":{"type":"LineString","coordinates":[[23.693507,43.143256],[23.693771,43.142881]]}},{"type":"Feature","properties":{"osm_id":1396685132,"voltage":"110000","circuits":"1","cables":"3","name":"","operator":"","ref":""},"geometry":{"type":"LineString","coordinates":[[23.693658,43.142896],[23.693507,43.143256]]}},{"type":"Feature","properties":{"osm_id":1396685140,"voltage":"400000","circuits":"1","cables":"3","name":"","operator":"","ref":""},"geometry":{"type":"LineString","coordinates":[[23.696546,43.779284],[23.694346,43.781242],[23.691138,43.781722]]}},{"type":"Feature","properties":{"osm_id":1396685141,"voltage":"400000","circuits":"2","cables":"6","name":"","operator":"","ref":""},"geometry":{"type":"LineString","coordinates":[[23.707513,43.769031],[23.70433,43.771968],[23.701613,43.774509],[23.698822,43.777074],[23.696546,43.779284]]}},{"type":"Feature","properties":{"osm_id":1396685142,"voltage":"400000","circuits":"1","cables":"3","name":"","operator":"","ref":""},"geometry":{"type":"LineString","coordinates":[[23.712055,43.764987],[23.710296,43.766609],[23.707513,43.769031]]}},{"type":"Feature","properties":{"osm_id":1396685143,"voltage":"400000","circuits":"2","cables":"6","name":"","operator":"","ref":""},"geometry":{"type":"LineString","coordinates":[[23.71827,43.759983],[23.715149,43.762421],[23.712055,43.764987]]}},{"type":"Feature","properties":{"osm_id":1396685144,"voltage":"400000","circuits":"1","cables":"3","name":"","operator":"","ref":""},"geometry":{"type":"LineString","coordinates":[[23.724742,43.756827],[23.721268,43.757471],[23.71827,43.759983]]}},{"type":"Feature","properties":{"osm_id":1396685145,"voltage":"400000","circuits":"2","cables":"6","name":"","operator":"","ref":""},"geometry":{"type":"LineString","coordinates":[[23.740524,43.754376],[23.736188,43.755057],[23.732016,43.755711],[23.728125,43.756303],[23.724742,43.756827]]}},{"type":"Feature","properties":{"osm_id":1408160060,"voltage":"220000","circuits":"1","cables":"3","name":"","operator":"","ref":""},"geometry":{"type":"LineString","coordinates":[[23.332271,42.631828],[23.331846,42.631229]]}},{"type":"Feature","properties":{"osm_id":1408160061,"voltage":"220000","circuits":"1","cables":"3","name":"","operator":"","ref":""},"geometry":{"type":"LineString","coordinates":[[23.331776,42.632039],[23.331561,42.631349]]}},{"type":"Feature","properties":{"osm_id":1408160062,"voltage":"220000","circuits":"1","cables":"3","name":"Витоша-Верила","operator":"","ref":""},"geometry":{"type":"LineString","coordinates":[[23.331688,42.631295],[23.332271,42.631828]]}},{"type":"Feature","properties":{"osm_id":1408160063,"voltage":"220000","circuits":"1","cables":"3","name":"Казичене - София Юг","operator":"","ref":""},"geometry":{"type":"LineString","coordinates":[[23.331416,42.63141],[23.331776,42.632039]]}},{"type":"Feature","properties":{"osm_id":1408160065,"voltage":"110000","circuits":"1","cables":"3","name":"","operator":"","ref":""},"geometry":{"type":"LineString","coordinates":[[23.331254,42.633094],[23.330827,42.632753]]}},{"type":"Feature","properties":{"osm_id":1408160066,"voltage":"110000","circuits":"1","cables":"3","name":"","operator":"","ref":""},"geometry":{"type":"LineString","coordinates":[[23.331542,42.632979],[23.331399,42.632526]]}},{"type":"Feature","properties":{"osm_id":1408160067,"voltage":"110000","circuits":"1","cables":"3","name":"","operator":"","ref":""},"geometry":{"type":"LineString","coordinates":[[23.331738,42.632904],[23.331607,42.632444]]}},{"type":"Feature","properties":{"osm_id":1408160068,"voltage":"110000","circuits":"1","cables":"3","name":"","operator":"","ref":""},"geometry":{"type":"LineString","coordinates":[[23.330683,42.633336],[23.330239,42.632989]]}},{"type":"Feature","properties":{"osm_id":1408160069,"voltage":"110000","circuits":"1","cables":"3","name":"","operator":"Електроенергиен системен оператор","ref":""},"geometry":{"type":"LineString","coordinates":[[23.331738,42.632904],[23.331497,42.632487]]}},{"type":"Feature","properties":{"osm_id":1408160070,"voltage":"110000","circuits":"1","cables":"3","name":"Бистрица/Павлово","operator":"Електроенергиен системен оператор","ref":""},"geometry":{"type":"LineString","coordinates":[[23.331542,42.632979],[23.331312,42.632561]]}},{"type":"Feature","properties":{"osm_id":1408160071,"voltage":"110000","circuits":"1","cables":"3","name":"","operator":"","ref":""},"geometry":{"type":"LineString","coordinates":[[23.331254,42.633094],[23.330909,42.63272]]}},{"type":"Feature","properties":{"osm_id":1408160072,"voltage":"110000","circuits":"1","cables":"3","name":"","operator":"","ref":""},"geometry":{"type":"LineString","coordinates":[[23.330339,42.632949],[23.330683,42.633336]]}},{"type":"Feature","properties":{"osm_id":1411421910,"voltage":"110000","circuits":"2","cables":"6","name":"","operator":"","ref":""},"geometry":{"type":"LineString","coordinates":[[24.766504,42.36969],[24.766049,42.367966],[24.76551,42.36512]]}},{"type":"Feature","properties":{"osm_id":1411421912,"voltage":"110000","circuits":"2","cables":"6","name":"","operator":"","ref":""},"geometry":{"type":"LineString","coordinates":[[24.766504,42.36969],[24.769149,42.369658],[24.771903,42.369644]]}},{"type":"Feature","properties":{"osm_id":1411676473,"voltage":"110000","circuits":"","cables":"","name":"","operator":"","ref":""},"geometry":{"type":"LineString","coordinates":[[25.580428,42.058201],[25.580124,42.058603],[25.578023,42.058585],[25.574807,42.059432],[25.572149,42.060959],[25.570537,42.063094],[25.56852,42.065824],[25.567809,42.06718],[25.570459,42.068379],[25.572937,42.069527],[25.575413,42.070658],[25.577454,42.070525],[25.578423,42.071089]]}},{"type":"Feature","properties":{"osm_id":1411676475,"voltage":"110000","circuits":"1","cables":"3","name":"","operator":"","ref":""},"geometry":{"type":"LineString","coordinates":[[25.539848,42.024627],[25.536883,42.023805],[25.533881,42.022958]]}},{"type":"Feature","properties":{"osm_id":1412476783,"voltage":"110000","circuits":"1","cables":"3","name":"","operator":"","ref":""},"geometry":{"type":"LineString","coordinates":[[25.620232,42.483416],[25.62123,42.481751],[25.621768,42.480853],[25.623158,42.478534],[25.624234,42.476739],[25.625897,42.473965],[25.626974,42.472168],[25.627952,42.470537],[25.629495,42.467963],[25.63129,42.464947],[25.632269,42.46326],[25.633355,42.461486],[25.633243,42.460428]]}},{"type":"Feature","properties":{"osm_id":1412476785,"voltage":"110000","circuits":"1","cables":"3","name":"","operator":"","ref":""},"geometry":{"type":"LineString","coordinates":[[25.643635,42.436705],[25.643229,42.43661]]}},{"type":"Feature","properties":{"osm_id":1412476786,"voltage":"110000","circuits":"1","cables":"3","name":"","operator":"","ref":""},"geometry":{"type":"LineString","coordinates":[[25.643635,42.436705],[25.64328,42.436551]]}},{"type":"Feature","properties":{"osm_id":1412476787,"voltage":"110000","circuits":"1","cables":"3","name":"","operator":"","ref":""},"geometry":{"type":"LineString","coordinates":[[25.643696,42.436591],[25.643336,42.436484]]}},{"type":"Feature","properties":{"osm_id":1412499767,"voltage":"110000","circuits":"1","cables":"3","name":"","operator":"","ref":""},"geometry":{"type":"LineString","coordinates":[[25.733671,42.446146],[25.733166,42.443739],[25.733161,42.443128]]}},{"type":"Feature","properties":{"osm_id":1412499769,"voltage":"110000","circuits":"1","cables":"3","name":"","operator":"","ref":""},"geometry":{"type":"LineString","coordinates":[[25.732854,42.443053],[25.732985,42.443699],[25.733108,42.44512],[25.733553,42.446373]]}},{"type":"Feature","properties":{"osm_id":1412499770,"voltage":"110000","circuits":"","cables":"","name":"","operator":"","ref":""},"geometry":{"type":"LineString","coordinates":[[25.654822,42.423156],[25.655023,42.423261],[25.656695,42.423462]]}},{"type":"Feature","properties":{"osm_id":1412499771,"voltage":"110000","circuits":"","cables":"","name":"","operator":"","ref":""},"geometry":{"type":"LineString","coordinates":[[25.654718,42.423285],[25.654897,42.423396],[25.654897,42.423938],[25.652884,42.424273],[25.649738,42.423653],[25.649858,42.423992]]}},{"type":"Feature","properties":{"osm_id":1412698652,"voltage":"110000","circuits":"1","cables":"3","name":"","operator":"","ref":""},"geometry":{"type":"LineString","coordinates":[[22.68785,43.62959],[22.687984,43.629714],[22.688573,43.630513],[22.690005,43.632443],[22.691075,43.634839],[22.689874,43.636487],[22.688401,43.639573],[22.687001,43.642357],[22.686584,43.644093],[22.686572,43.644959],[22.687225,43.645787],[22.688125,43.647008],[22.689179,43.648372],[22.691146,43.648551],[22.692931,43.648711],[22.696173,43.649013],[22.701406,43.649427],[22.703805,43.649617],[22.711564,43.650268],[22.717247,43.650734],[22.723676,43.651261],[22.72552,43.651402],[22.728687,43.65144],[22.731751,43.651458],[22.734926,43.651468],[22.73826,43.651468],[22.741348,43.651468],[22.744768,43.651497],[22.7482,43.65152],[22.749908,43.653511],[22.75181,43.655706],[22.753037,43.657095],[22.753254,43.657325],[22.752847,43.657469]]}},{"type":"Feature","properties":{"osm_id":1412700322,"voltage":"110000","circuits":"1","cables":"3","name":"","operator":"","ref":""},"geometry":{"type":"LineString","coordinates":[[23.336065,43.467545],[23.336329,43.467864]]}},{"type":"Feature","properties":{"osm_id":1412838179,"voltage":"110000","circuits":"","cables":"","name":"","operator":"","ref":""},"geometry":{"type":"LineString","coordinates":[[25.648101,42.423735],[25.648636,42.423532],[25.649738,42.423653],[25.649743,42.423969]]}},{"type":"Feature","properties":{"osm_id":1412838180,"voltage":"110000","circuits":"","cables":"","name":"","operator":"","ref":""},"geometry":{"type":"LineString","coordinates":[[25.656695,42.423462],[25.657293,42.423157],[25.658944,42.422486],[25.662496,42.422506],[25.665325,42.422538],[25.668427,42.422581],[25.671282,42.422574],[25.67274,42.423983],[25.67401,42.425227],[25.675711,42.426866],[25.67694,42.428053],[25.676757,42.429536],[25.676409,42.432331],[25.674269,42.433949],[25.672052,42.435601],[25.669823,42.437275],[25.666913,42.438281]]}},{"type":"Feature","properties":{"osm_id":1412838211,"voltage":"110000","circuits":"1","cables":"3","name":"","operator":"","ref":""},"geometry":{"type":"LineString","coordinates":[[25.665604,42.4394],[25.665379,42.439549],[25.664812,42.439948],[25.662667,42.4392],[25.658933,42.437864],[25.656258,42.437884],[25.653447,42.437898],[25.650491,42.437912],[25.64761,42.437936],[25.645618,42.437252],[25.643696,42.436591]]}},{"type":"Feature","properties":{"osm_id":1412838222,"voltage":"110000","circuits":"1","cables":"3","name":"","operator":"","ref":""},"geometry":{"type":"LineString","coordinates":[[25.604389,42.413631],[25.604343,42.413258],[25.605373,42.411612],[25.608459,42.411277],[25.61134,42.410946],[25.613751,42.409608],[25.615061,42.407423],[25.612745,42.4058],[25.610559,42.404254],[25.608397,42.40267],[25.610316,42.40121],[25.613536,42.401918],[25.615845,42.402423],[25.617846,42.402834],[25.620202,42.404483],[25.622631,42.406126],[25.626496,42.405878],[25.628448,42.405752],[25.631949,42.405356],[25.635408,42.404948],[25.639469,42.404494],[25.641167,42.404901],[25.643418,42.405425],[25.646099,42.405003],[25.646799,42.405114]]}},{"type":"Feature","properties":{"osm_id":1433835059,"voltage":"220000","circuits":"1","cables":"3","name":"","operator":"","ref":""},"geometry":{"type":"LineString","coordinates":[[23.029068,42.285848],[23.028889,42.286298]]}},{"type":"Feature","properties":{"osm_id":1433835060,"voltage":"220000","circuits":"1","cables":"3","name":"","operator":"","ref":""},"geometry":{"type":"LineString","coordinates":[[23.029124,42.286072],[23.028889,42.286298]]}},{"type":"Feature","properties":{"osm_id":1433835061,"voltage":"220000","circuits":"1","cables":"3","name":"","operator":"","ref":""},"geometry":{"type":"LineString","coordinates":[[23.029234,42.286522],[23.028974,42.28683]]}},{"type":"Feature","properties":{"osm_id":1433835062,"voltage":"220000","circuits":"1","cables":"3","name":"","operator":"","ref":""},"geometry":{"type":"LineString","coordinates":[[23.02928,42.286709],[23.028974,42.28683]]}},{"type":"Feature","properties":{"osm_id":1433835307,"voltage":"110000","circuits":"1","cables":"3","name":"","operator":"","ref":""},"geometry":{"type":"LineString","coordinates":[[23.077418,42.605111],[23.077092,42.605588]]}},{"type":"Feature","properties":{"osm_id":1433835308,"voltage":"110000","circuits":"1","cables":"3","name":"","operator":"","ref":""},"geometry":{"type":"LineString","coordinates":[[23.077296,42.605116],[23.077092,42.605588]]}},{"type":"Feature","properties":{"osm_id":1433835309,"voltage":"110000","circuits":"2","cables":"6","name":"","operator":"","ref":""},"geometry":{"type":"LineString","coordinates":[[23.076318,42.599145],[23.077067,42.599273],[23.077565,42.60245],[23.077251,42.604397]]}},{"type":"Feature","properties":{"osm_id":1433835310,"voltage":"110000","circuits":"2","cables":"6","name":"","operator":"","ref":""},"geometry":{"type":"LineString","coordinates":[[23.078027,42.602366],[23.07776,42.604382]]}},{"type":"Feature","properties":{"osm_id":1433841847,"voltage":"110000","circuits":"","cables":"3","name":"","operator":"","ref":""},"geometry":{"type":"LineString","coordinates":[[23.187724,42.84792],[23.187668,42.847843]]}},{"type":"Feature","properties":{"osm_id":1433841848,"voltage":"400000","circuits":"","cables":"3","name":"Люлин","operator":"","ref":""},"geometry":{"type":"LineString","coordinates":[[23.189731,42.849774],[23.189613,42.849593],[23.188806,42.848349],[23.188525,42.847938]]}},{"type":"Feature","properties":{"osm_id":1433841849,"voltage":"400000","circuits":"","cables":"3","name":"Люлин","operator":"","ref":""},"geometry":{"type":"LineString","coordinates":[[23.189969,42.849694],[23.189846,42.849507],[23.189037,42.848265]]}},{"type":"Feature","properties":{"osm_id":1433841850,"voltage":"400000","circuits":"","cables":"3","name":"Нишава","operator":"","ref":""},"geometry":{"type":"LineString","coordinates":[[23.189254,42.848187],[23.190062,42.849427],[23.190181,42.849609]]}},{"type":"Feature","properties":{"osm_id":1433841851,"voltage":"400000","circuits":"","cables":"3","name":"Петрохан","operator":"","ref":""},"geometry":{"type":"LineString","coordinates":[[23.18928,42.847688],[23.189532,42.848087],[23.190339,42.849325],[23.190461,42.84951]]}},{"type":"Feature","properties":{"osm_id":1433841852,"voltage":"400000","circuits":"1","cables":"3","name":"Вършец","operator":"","ref":""},"geometry":{"type":"LineString","coordinates":[[23.194588,42.853448],[23.191217,42.850229],[23.190695,42.849419]]}},{"type":"Feature","properties":{"osm_id":1433841853,"voltage":"400000","circuits":"1","cables":"3","name":"Вършец","operator":"","ref":""},"geometry":{"type":"LineString","coordinates":[[23.191147,42.849234],[23.191616,42.85006],[23.194588,42.853448]]}},{"type":"Feature","properties":{"osm_id":1434461260,"voltage":"110000","circuits":"1","cables":"3","name":"","operator":"","ref":""},"geometry":{"type":"LineString","coordinates":[[23.809194,42.90585],[23.809528,42.905576]]}},{"type":"Feature","properties":{"osm_id":1434461261,"voltage":"110000","circuits":"1","cables":"3","name":"","operator":"","ref":""},"geometry":{"type":"LineString","coordinates":[[23.809087,42.905698],[23.809528,42.905576]]}},{"type":"Feature","properties":{"osm_id":1434462319,"voltage":"110000","circuits":"1","cables":"3","name":"","operator":"","ref":""},"geometry":{"type":"LineString","coordinates":[[23.583967,43.196307],[23.584503,43.196696]]}},{"type":"Feature","properties":{"osm_id":1434462320,"voltage":"110000","circuits":"1","cables":"3","name":"","operator":"","ref":""},"geometry":{"type":"LineString","coordinates":[[23.584305,43.196132],[23.584734,43.196563]]}},{"type":"Feature","properties":{"osm_id":1434462321,"voltage":"110000","circuits":"1","cables":"3","name":"","operator":"","ref":""},"geometry":{"type":"LineString","coordinates":[[23.584436,43.196065],[23.584801,43.196427]]}},{"type":"Feature","properties":{"osm_id":1434462322,"voltage":"110000","circuits":"1","cables":"3","name":"","operator":"","ref":""},"geometry":{"type":"LineString","coordinates":[[23.584801,43.196427],[23.584351,43.196108]]}},{"type":"Feature","properties":{"osm_id":1434462323,"voltage":"110000","circuits":"1","cables":"3","name":"","operator":"","ref":""},"geometry":{"type":"LineString","coordinates":[[23.584225,43.196174],[23.584734,43.196563]]}},{"type":"Feature","properties":{"osm_id":1434462324,"voltage":"110000","circuits":"1","cables":"3","name":"","operator":"","ref":""},"geometry":{"type":"LineString","coordinates":[[23.584503,43.196696],[23.584035,43.196272]]}},{"type":"Feature","properties":{"osm_id":1434463779,"voltage":"110000","circuits":"1","cables":"3","name":"","operator":"","ref":""},"geometry":{"type":"LineString","coordinates":[[22.851962,43.979091],[22.851734,43.978892],[22.851395,43.978226]]}},{"type":"Feature","properties":{"osm_id":1434463780,"voltage":"110000","circuits":"1","cables":"3","name":"","operator":"","ref":""},"geometry":{"type":"LineString","coordinates":[[22.851765,43.97917],[22.851594,43.978913],[22.851395,43.978226]]}},{"type":"Feature","properties":{"osm_id":1434463781,"voltage":"110000","circuits":"1","cables":"3","name":"","operator":"","ref":""},"geometry":{"type":"LineString","coordinates":[[22.851957,43.979462],[22.851925,43.979838]]}},{"type":"Feature","properties":{"osm_id":1434463782,"voltage":"110000","circuits":"1","cables":"3","name":"","operator":"","ref":""},"geometry":{"type":"LineString","coordinates":[[22.851774,43.97952],[22.851925,43.979838]]}},{"type":"Feature","properties":{"osm_id":1434479376,"voltage":"110000","circuits":"1","cables":"3","name":"","operator":"ЕРМ Запад","ref":""},"geometry":{"type":"LineString","coordinates":[[22.835381,43.940897],[22.834826,43.940898]]}},{"type":"Feature","properties":{"osm_id":1434479377,"voltage":"110000","circuits":"1","cables":"3","name":"","operator":"ЕРМ Запад","ref":""},"geometry":{"type":"LineString","coordinates":[[22.835241,43.94077],[22.834826,43.940898]]}},{"type":"Feature","properties":{"osm_id":1434479378,"voltage":"110000","circuits":"1","cables":"3","name":"","operator":"ЕРМ Запад","ref":""},"geometry":{"type":"LineString","coordinates":[[22.835164,43.940706],[22.834927,43.940785],[22.833975,43.939273],[22.833849,43.936923],[22.833742,43.934692],[22.833581,43.93237],[22.833468,43.93006],[22.833388,43.927993],[22.833254,43.92542],[22.832868,43.923639],[22.832455,43.921929],[22.832036,43.919837],[22.831535,43.917665]]}},{"type":"Feature","properties":{"osm_id":1434479380,"voltage":"110000","circuits":"1","cables":"3","name":"","operator":"","ref":""},"geometry":{"type":"LineString","coordinates":[[22.835975,43.941402],[22.835504,43.941749]]}},{"type":"Feature","properties":{"osm_id":1434479381,"voltage":"110000","circuits":"1","cables":"3","name":"","operator":"","ref":""},"geometry":{"type":"LineString","coordinates":[[22.835814,43.94127],[22.835504,43.941749]]}},{"type":"Feature","properties":{"osm_id":1434479382,"voltage":"110000","circuits":"1","cables":"3","name":"","operator":"","ref":""},"geometry":{"type":"LineString","coordinates":[[22.869845,44.004209],[22.86938,44.004403]]}},{"type":"Feature","properties":{"osm_id":1434479383,"voltage":"110000","circuits":"1","cables":"3","name":"","operator":"","ref":""},"geometry":{"type":"LineString","coordinates":[[22.869761,44.004166],[22.86938,44.004403]]}},{"type":"Feature","properties":{"osm_id":1434480125,"voltage":"110000","circuits":"1","cables":"3","name":"","operator":"","ref":""},"geometry":{"type":"LineString","coordinates":[[23.079258,43.667961],[23.078322,43.667881]]}},{"type":"Feature","properties":{"osm_id":1434481594,"voltage":"400000","circuits":"1","cables":"3","name":"Вършец","operator":"","ref":""},"geometry":{"type":"LineString","coordinates":[[23.365214,43.429707],[23.366058,43.433007]]}},{"type":"Feature","properties":{"osm_id":1434481595,"voltage":"400000","circuits":"2","cables":"6","name":"Вършец","operator":"","ref":""},"geometry":{"type":"LineString","coordinates":[[23.364787,43.440706],[23.363167,43.442345],[23.361072,43.444476]]}},{"type":"Feature","properties":{"osm_id":1434481766,"voltage":"110000","circuits":"2","cables":"6","name":"","operator":"","ref":""},"geometry":{"type":"LineString","coordinates":[[23.962544,43.724],[23.961876,43.723611],[23.960423,43.722473],[23.959495,43.721459],[23.957786,43.719557],[23.955474,43.719662],[23.952754,43.719782],[23.949136,43.719945],[23.946218,43.72016],[23.943104,43.720265],[23.940105,43.720393],[23.936983,43.720538],[23.934164,43.720678],[23.933544,43.722002],[23.932257,43.723116]]}},{"type":"Feature","properties":{"osm_id":1434481767,"voltage":"110000","circuits":"1","cables":"3","name":"","operator":"","ref":""},"geometry":{"type":"LineString","coordinates":[[23.962859,43.724135],[23.962544,43.724]]}},{"type":"Feature","properties":{"osm_id":1434481768,"voltage":"110000","circuits":"1","cables":"3","name":"","operator":"","ref":""},"geometry":{"type":"LineString","coordinates":[[23.962736,43.724159],[23.962544,43.724]]}},{"type":"Feature","properties":{"osm_id":1434656261,"voltage":"110000","circuits":"2","cables":"6","name":"","operator":"","ref":""},"geometry":{"type":"LineString","coordinates":[[23.386268,43.028724],[23.383285,43.028671],[23.381247,43.028694],[23.378808,43.029148],[23.375427,43.028952],[23.371408,43.028732],[23.363474,43.027042],[23.360765,43.026427],[23.360018,43.026627],[23.358071,43.027102],[23.357219,43.029023],[23.356522,43.030369]]}},{"type":"Feature","properties":{"osm_id":1434814823,"voltage":"110000","circuits":"1","cables":"3","name":"","operator":"","ref":""},"geometry":{"type":"LineString","coordinates":[[27.578036,43.334607],[27.578056,43.334028]]}},{"type":"Feature","properties":{"osm_id":1434814824,"voltage":"110000","circuits":"1","cables":"3","name":"","operator":"","ref":""},"geometry":{"type":"LineString","coordinates":[[27.578149,43.334609],[27.578216,43.334039]]}},{"type":"Feature","properties":{"osm_id":1434814825,"voltage":"110000","circuits":"1","cables":"3","name":"","operator":"","ref":""},"geometry":{"type":"LineString","coordinates":[[27.578265,43.33461],[27.578216,43.334039]]}},{"type":"Feature","properties":{"osm_id":1434814826,"voltage":"110000","circuits":"1","cables":"3","name":"","operator":"","ref":""},"geometry":{"type":"LineString","coordinates":[[27.578597,43.334615],[27.578352,43.334029]]}},{"type":"Feature","properties":{"osm_id":1434814827,"voltage":"110000","circuits":"1","cables":"3","name":"","operator":"","ref":""},"geometry":{"type":"LineString","coordinates":[[27.578467,43.334613],[27.578352,43.334029]]}},{"type":"Feature","properties":{"osm_id":1434814828,"voltage":"110000","circuits":"1","cables":"3","name":"","operator":"","ref":""},"geometry":{"type":"LineString","coordinates":[[27.181918,43.339732],[27.181791,43.339494],[27.179843,43.338351],[27.178626,43.337399],[27.175874,43.33601],[27.173489,43.334629],[27.174039,43.332873],[27.174608,43.331156],[27.175273,43.329072],[27.175884,43.327098],[27.17625,43.325933],[27.175059,43.324164],[27.174055,43.322712],[27.175153,43.320869],[27.177059,43.319194],[27.178784,43.317683],[27.180527,43.31615],[27.18202,43.31487],[27.183785,43.31333],[27.185216,43.312224],[27.187061,43.31084],[27.188946,43.309413],[27.190182,43.308478],[27.19182,43.307244]]}},{"type":"Feature","properties":{"osm_id":1434814829,"voltage":"110000","circuits":"1","cables":"3","name":"","operator":"","ref":""},"geometry":{"type":"LineString","coordinates":[[27.576981,43.33533],[27.577025,43.335007]]}},{"type":"Feature","properties":{"osm_id":1434814831,"voltage":"110000","circuits":"1","cables":"3","name":"","operator":"","ref":""},"geometry":{"type":"LineString","coordinates":[[27.19182,43.307244],[27.183856,43.306037]]}},{"type":"Feature","properties":{"osm_id":1434814832,"voltage":"110000","circuits":"1","cables":"3","name":"","operator":"","ref":""},"geometry":{"type":"LineString","coordinates":[[27.150442,43.311522],[27.150505,43.310951]]}},{"type":"Feature","properties":{"osm_id":1434814833,"voltage":"110000","circuits":"1","cables":"3","name":"","operator":"","ref":""},"geometry":{"type":"LineString","coordinates":[[27.150331,43.311502],[27.150505,43.310951]]}},{"type":"Feature","properties":{"osm_id":1435042828,"voltage":"110000","circuits":"1","cables":"3","name":"","operator":"","ref":""},"geometry":{"type":"LineString","coordinates":[[26.581235,42.189971],[26.581411,42.190392]]}},{"type":"Feature","properties":{"osm_id":1435042829,"voltage":"110000","circuits":"1","cables":"3","name":"","operator":"","ref":""},"geometry":{"type":"LineString","coordinates":[[26.581312,42.190413],[26.581235,42.189971]]}},{"type":"Feature","properties":{"osm_id":1435044586,"voltage":"110000","circuits":"1","cables":"3","name":"","operator":"","ref":""},"geometry":{"type":"LineString","coordinates":[[26.466777,42.477513],[26.466736,42.476798]]}},{"type":"Feature","properties":{"osm_id":1435044587,"voltage":"110000","circuits":"1","cables":"3","name":"","operator":"","ref":""},"geometry":{"type":"LineString","coordinates":[[26.466666,42.477501],[26.466502,42.476791]]}},{"type":"Feature","properties":{"osm_id":1435263288,"voltage":"110000","circuits":"1","cables":"3","name":"","operator":"","ref":""},"geometry":{"type":"LineString","coordinates":[[27.357277,42.616201],[27.357734,42.615972]]}},{"type":"Feature","properties":{"osm_id":1435263289,"voltage":"110000","circuits":"1","cables":"3","name":"","operator":"","ref":""},"geometry":{"type":"LineString","coordinates":[[27.357199,42.616125],[27.357734,42.615972]]}},{"type":"Feature","properties":{"osm_id":1435263290,"voltage":"110000","circuits":"1","cables":"3","name":"","operator":"","ref":""},"geometry":{"type":"LineString","coordinates":[[27.357142,42.61607],[27.357589,42.615873]]}},{"type":"Feature","properties":{"osm_id":1435263291,"voltage":"110000","circuits":"1","cables":"3","name":"","operator":"","ref":""},"geometry":{"type":"LineString","coordinates":[[27.35707,42.616001],[27.357468,42.615705]]}},{"type":"Feature","properties":{"osm_id":1435263292,"voltage":"110000","circuits":"1","cables":"3","name":"","operator":"","ref":""},"geometry":{"type":"LineString","coordinates":[[27.356992,42.615926],[27.357468,42.615705]]}},{"type":"Feature","properties":{"osm_id":1435263293,"voltage":"110000","circuits":"1","cables":"3","name":"","operator":"","ref":""},"geometry":{"type":"LineString","coordinates":[[27.35694,42.615876],[27.357365,42.615596]]}},{"type":"Feature","properties":{"osm_id":1435263294,"voltage":"110000","circuits":"1","cables":"3","name":"","operator":"","ref":""},"geometry":{"type":"LineString","coordinates":[[27.356862,42.615801],[27.357365,42.615596]]}},{"type":"Feature","properties":{"osm_id":1435263295,"voltage":"110000","circuits":"1","cables":"3","name":"","operator":"","ref":""},"geometry":{"type":"LineString","coordinates":[[27.356804,42.615744],[27.357231,42.615498]]}},{"type":"Feature","properties":{"osm_id":1435263296,"voltage":"110000","circuits":"1","cables":"3","name":"","operator":"","ref":""},"geometry":{"type":"LineString","coordinates":[[27.356744,42.615686],[27.357141,42.615373]]}},{"type":"Feature","properties":{"osm_id":1435263297,"voltage":"110000","circuits":"1","cables":"3","name":"","operator":"","ref":""},"geometry":{"type":"LineString","coordinates":[[27.356672,42.615617],[27.357141,42.615373]]}},{"type":"Feature","properties":{"osm_id":1435263298,"voltage":"110000","circuits":"1","cables":"3","name":"","operator":"","ref":""},"geometry":{"type":"LineString","coordinates":[[27.356611,42.615558],[27.357007,42.615285]]}},{"type":"Feature","properties":{"osm_id":1435263299,"voltage":"110000","circuits":"1","cables":"3","name":"","operator":"","ref":""},"geometry":{"type":"LineString","coordinates":[[27.356528,42.615478],[27.357007,42.615285]]}},{"type":"Feature","properties":{"osm_id":1435263307,"voltage":"400000","circuits":"1","cables":"1","name":"","operator":"","ref":""},"geometry":{"type":"LineString","coordinates":[[27.355822,42.618142],[27.354788,42.618972],[27.352128,42.620229]]}},{"type":"Feature","properties":{"osm_id":1435263308,"voltage":"400000","circuits":"1","cables":"1","name":"","operator":"","ref":""},"geometry":{"type":"LineString","coordinates":[[27.352128,42.620229],[27.354584,42.618814],[27.355822,42.618142]]}},{"type":"Feature","properties":{"osm_id":1435263309,"voltage":"400000","circuits":"1","cables":"1","name":"","operator":"","ref":""},"geometry":{"type":"LineString","coordinates":[[27.350847,42.620185],[27.354214,42.618451],[27.355484,42.61778]]}},{"type":"Feature","properties":{"osm_id":1435263310,"voltage":"400000","circuits":"1","cables":"1","name":"","operator":"","ref":""},"geometry":{"type":"LineString","coordinates":[[27.355484,42.61778],[27.354417,42.61864],[27.350847,42.620185]]}},{"type":"Feature","properties":{"osm_id":1435263311,"voltage":"400000","circuits":"1","cables":"1","name":"","operator":"","ref":""},"geometry":{"type":"LineString","coordinates":[[27.455445,43.252945],[27.456574,43.255355],[27.459752,43.256849]]}},{"type":"Feature","properties":{"osm_id":1435263312,"voltage":"400000","circuits":"1","cables":"3","name":"Съединение","operator":"","ref":""},"geometry":{"type":"LineString","coordinates":[[27.511624,43.315153],[27.514328,43.31578],[27.516533,43.316258],[27.517689,43.31784],[27.519085,43.319856],[27.520753,43.322174],[27.522521,43.324678],[27.523928,43.326675],[27.52559,43.329034],[27.527309,43.331423],[27.529264,43.334256]]}},{"type":"Feature","properties":{"osm_id":1435263313,"voltage":"400000","circuits":"1","cables":"3","name":"","operator":"","ref":""},"geometry":{"type":"LineString","coordinates":[[27.527309,43.331423],[27.529264,43.334256]]}},{"type":"Feature","properties":{"osm_id":1435263314,"voltage":"400000","circuits":"1","cables":"1","name":"","operator":"","ref":""},"geometry":{"type":"LineString","coordinates":[[27.56597,43.338583],[27.563491,43.339475],[27.559265,43.339283]]}},{"type":"Feature","properties":{"osm_id":1435263315,"voltage":"400000","circuits":"1","cables":"1","name":"","operator":"","ref":""},"geometry":{"type":"LineString","coordinates":[[27.574911,43.339221],[27.575063,43.341631],[27.573616,43.343684]]}},{"type":"Feature","properties":{"osm_id":1435263316,"voltage":"400000","circuits":"1","cables":"1","name":"","operator":"","ref":""},"geometry":{"type":"LineString","coordinates":[[27.573616,43.343684],[27.574771,43.34158],[27.574911,43.339221]]}},{"type":"Feature","properties":{"osm_id":1435263317,"voltage":"400000","circuits":"1","cables":"1","name":"","operator":"","ref":""},"geometry":{"type":"LineString","coordinates":[[27.575048,43.336203],[27.575138,43.337174],[27.574911,43.339221]]}},{"type":"Feature","properties":{"osm_id":1435263318,"voltage":"400000","circuits":"1","cables":"1","name":"","operator":"","ref":""},"geometry":{"type":"LineString","coordinates":[[27.574911,43.339221],[27.574838,43.337172],[27.575048,43.336203]]}},{"type":"Feature","properties":{"osm_id":1435270141,"voltage":"110000","circuits":"","cables":"","name":"","operator":"","ref":""},"geometry":{"type":"LineString","coordinates":[[27.327599,42.57538],[27.327247,42.57641]]}},{"type":"Feature","properties":{"osm_id":1436217897,"voltage":"110000","circuits":"1","cables":"3","name":"","operator":"","ref":""},"geometry":{"type":"LineString","coordinates":[[27.252041,44.10772],[27.251875,44.107374],[27.252701,44.104526],[27.252413,44.103468],[27.251873,44.101389],[27.251522,44.100036],[27.248883,44.100142],[27.246459,44.100252],[27.244827,44.10032],[27.242388,44.099519],[27.240272,44.098823],[27.238245,44.098164],[27.236369,44.097543],[27.234578,44.096949],[27.23226,44.0962],[27.230172,44.095506],[27.228066,44.094812],[27.226523,44.094306],[27.223777,44.093401],[27.222089,44.092862],[27.219944,44.092148],[27.218006,44.091507],[27.21573,44.090757],[27.213351,44.089965],[27.210034,44.089174],[27.207955,44.088793]]}},{"type":"Feature","properties":{"osm_id":1436217898,"voltage":"110000","circuits":"1","cables":"3","name":"","operator":"","ref":""},"geometry":{"type":"LineString","coordinates":[[27.207955,44.088793],[27.207751,44.088818]]}},{"type":"Feature","properties":{"osm_id":1436391214,"voltage":"110000","circuits":"1","cables":"3","name":"","operator":"","ref":""},"geometry":{"type":"LineString","coordinates":[[27.842651,42.163414],[27.84199,42.163012]]}},{"type":"Feature","properties":{"osm_id":1436391215,"voltage":"110000","circuits":"1","cables":"3","name":"","operator":"","ref":""},"geometry":{"type":"LineString","coordinates":[[27.842817,42.16334],[27.84199,42.163012]]}},{"type":"Feature","properties":{"osm_id":1436400519,"voltage":"110000","circuits":"1","cables":"3","name":"","operator":"","ref":""},"geometry":{"type":"LineString","coordinates":[[27.401573,42.465402],[27.401989,42.465388]]}},{"type":"Feature","properties":{"osm_id":1436400520,"voltage":"110000","circuits":"1","cables":"3","name":"","operator":"","ref":""},"geometry":{"type":"LineString","coordinates":[[27.401984,42.465301],[27.401573,42.465402]]}},{"type":"Feature","properties":{"osm_id":1436400521,"voltage":"110000","circuits":"1","cables":"3","name":"","operator":"","ref":""},"geometry":{"type":"LineString","coordinates":[[27.394863,42.466223],[27.395045,42.467319],[27.39553,42.46977]]}},{"type":"Feature","properties":{"osm_id":1436400522,"voltage":"110000","circuits":"2","cables":"6","name":"","operator":"","ref":""},"geometry":{"type":"LineString","coordinates":[[27.39703,42.464519],[27.394863,42.466223]]}},{"type":"Feature","properties":{"osm_id":1436400523,"voltage":"110000","circuits":"1","cables":"3","name":"","operator":"","ref":""},"geometry":{"type":"LineString","coordinates":[[27.40193,42.465067],[27.401416,42.464875],[27.398202,42.464165],[27.39703,42.464519]]}},{"type":"Feature","properties":{"osm_id":1436400524,"voltage":"110000","circuits":"1","cables":"3","name":"","operator":"","ref":""},"geometry":{"type":"LineString","coordinates":[[27.40191,42.464896],[27.401416,42.464875],[27.400071,42.464422],[27.398103,42.463728],[27.39703,42.464519]]}},{"type":"Feature","properties":{"osm_id":1436400525,"voltage":"110000","circuits":"1","cables":"3","name":"","operator":"","ref":""},"geometry":{"type":"LineString","coordinates":[[27.406452,42.479876],[27.403556,42.479705],[27.400085,42.479452],[27.397824,42.479319]]}},{"type":"Feature","properties":{"osm_id":1436400526,"voltage":"110000","circuits":"1","cables":"3","name":"","operator":"","ref":""},"geometry":{"type":"LineString","coordinates":[[27.298209,42.383861],[27.298236,42.383483]]}},{"type":"Feature","properties":{"osm_id":1436400527,"voltage":"110000","circuits":"1","cables":"3","name":"","operator":"","ref":""},"geometry":{"type":"LineString","coordinates":[[27.298036,42.383483],[27.298209,42.383861]]}},{"type":"Feature","properties":{"osm_id":1436400530,"voltage":"110000","circuits":"","cables":"","name":"","operator":"","ref":""},"geometry":{"type":"LineString","coordinates":[[27.298037,42.383864],[27.298083,42.385738]]}},{"type":"Feature","properties":{"osm_id":1436400531,"voltage":"110000","circuits":"1","cables":"3","name":"","operator":"","ref":""},"geometry":{"type":"LineString","coordinates":[[27.298037,42.383864],[27.297911,42.383483]]}},{"type":"Feature","properties":{"osm_id":1436400533,"voltage":"110000","circuits":"1","cables":"3","name":"","operator":"","ref":""},"geometry":{"type":"LineString","coordinates":[[27.36936,42.433207],[27.370621,42.434149],[27.372284,42.435387],[27.374429,42.436954],[27.375811,42.439916],[27.376597,42.441681],[27.377796,42.44433],[27.378665,42.446297],[27.379587,42.448276],[27.380548,42.450366],[27.381663,42.452836],[27.382736,42.455203],[27.383267,42.456343],[27.384136,42.457198],[27.385716,42.45871],[27.388225,42.461104],[27.389803,42.462608],[27.391767,42.464026],[27.393551,42.465291],[27.394863,42.466223]]}},{"type":"Feature","properties":{"osm_id":1436400534,"voltage":"110000","circuits":"1","cables":"3","name":"","operator":"","ref":""},"geometry":{"type":"LineString","coordinates":[[27.396711,42.47927],[27.397006,42.476944],[27.396501,42.474511],[27.394742,42.471482]]}},{"type":"Feature","properties":{"osm_id":1436400535,"voltage":"110000","circuits":"1","cables":"3","name":"","operator":"","ref":""},"geometry":{"type":"LineString","coordinates":[[27.39553,42.46977],[27.395927,42.471644],[27.396882,42.474513],[27.397352,42.476924],[27.397824,42.479319]]}},{"type":"Feature","properties":{"osm_id":1436400536,"voltage":"110000","circuits":"1","cables":"3","name":"","operator":"","ref":""},"geometry":{"type":"LineString","coordinates":[[27.331633,42.496503],[27.333833,42.499679],[27.336137,42.502937]]}},{"type":"Feature","properties":{"osm_id":1436400537,"voltage":"110000","circuits":"2","cables":"6","name":"","operator":"","ref":""},"geometry":{"type":"LineString","coordinates":[[27.339118,42.50676],[27.340864,42.509244],[27.341746,42.510658],[27.345259,42.512065],[27.348523,42.513486],[27.352234,42.515],[27.35577,42.516452],[27.357081,42.518371],[27.359441,42.521496],[27.361489,42.524007],[27.363016,42.525963],[27.364668,42.528171],[27.366567,42.530693],[27.368512,42.533251],[27.366676,42.53519],[27.364608,42.537422],[27.362677,42.539516],[27.360934,42.54135],[27.359072,42.543316],[27.35725,42.545305],[27.355201,42.547515],[27.353234,42.54958],[27.353467,42.550807],[27.351881,42.552499],[27.350212,42.554288],[27.34792,42.556735],[27.34572,42.559067],[27.343554,42.561418],[27.34128,42.56385],[27.339079,42.566203],[27.336851,42.568595],[27.334815,42.570773],[27.333955,42.571685],[27.331934,42.573806],[27.329666,42.576223],[27.328251,42.577749]]}},{"type":"Feature","properties":{"osm_id":1436400538,"voltage":"110000","circuits":"2","cables":"6","name":"","operator":"","ref":""},"geometry":{"type":"LineString","coordinates":[[27.329307,42.498207],[27.330138,42.501323],[27.330841,42.503981],[27.334046,42.50507],[27.337155,42.50612],[27.339118,42.50676]]}},{"type":"Feature","properties":{"osm_id":1436400539,"voltage":"110000","circuits":"1","cables":"3","name":"","operator":"","ref":""},"geometry":{"type":"LineString","coordinates":[[27.427502,42.463328],[27.423618,42.462831],[27.42361,42.463722],[27.423464,42.464652],[27.420942,42.467087],[27.419912,42.46874],[27.418737,42.470593],[27.417865,42.471984],[27.416025,42.473899],[27.414051,42.475967],[27.412139,42.477979],[27.41025,42.479939],[27.408287,42.479084]]}},{"type":"Feature","properties":{"osm_id":1436400540,"voltage":"110000","circuits":"1","cables":"3","name":"","operator":"","ref":""},"geometry":{"type":"LineString","coordinates":[[27.427502,42.463328],[27.423817,42.463057],[27.423785,42.463955],[27.423779,42.464681],[27.421229,42.467176],[27.420212,42.468789],[27.419032,42.470669],[27.418147,42.472073],[27.416328,42.474095],[27.41488,42.475646]]}},{"type":"Feature","properties":{"osm_id":1436400541,"voltage":"110000","circuits":"2","cables":"6","name":"","operator":"","ref":""},"geometry":{"type":"LineString","coordinates":[[27.438823,42.461986],[27.43722,42.461838],[27.43516,42.461612],[27.43336,42.46147],[27.431534,42.461935],[27.429627,42.463053],[27.427502,42.463328]]}},{"type":"Feature","properties":{"osm_id":1437010595,"voltage":"110000","circuits":"1","cables":"3","name":"","operator":"","ref":""},"geometry":{"type":"LineString","coordinates":[[23.362289,42.817604],[23.362684,42.818729]]}},{"type":"Feature","properties":{"osm_id":1437010596,"voltage":"110000","circuits":"1","cables":"3","name":"","operator":"","ref":""},"geometry":{"type":"LineString","coordinates":[[23.362187,42.817631],[23.362684,42.818729]]}},{"type":"Feature","properties":{"osm_id":1437010597,"voltage":"110000","circuits":"1","cables":"3","name":"","operator":"","ref":""},"geometry":{"type":"LineString","coordinates":[[23.362805,42.817761],[23.363116,42.818688]]}},{"type":"Feature","properties":{"osm_id":1437010598,"voltage":"110000","circuits":"1","cables":"3","name":"","operator":"","ref":""},"geometry":{"type":"LineString","coordinates":[[23.362699,42.817778],[23.363116,42.818688]]}},{"type":"Feature","properties":{"osm_id":1437010599,"voltage":"110000","circuits":"2","cables":"6","name":"","operator":"","ref":""},"geometry":{"type":"LineString","coordinates":[[23.362379,42.816935],[23.361662,42.814851],[23.360898,42.812942],[23.359428,42.809243],[23.358403,42.806589],[23.357406,42.804019],[23.356368,42.80147],[23.355784,42.798668]]}},{"type":"Feature","properties":{"osm_id":1437010600,"voltage":"110000","circuits":"","cables":"6","name":"Казичене - Нови Искър","operator":"","ref":""},"geometry":{"type":"LineString","coordinates":[[23.362902,42.816785],[23.362436,42.815888]]}},{"type":"Feature","properties":{"osm_id":1437010602,"voltage":"110000","circuits":"1","cables":"3","name":"","operator":"","ref":""},"geometry":{"type":"LineString","coordinates":[[23.361703,42.816098],[23.362105,42.817445]]}},{"type":"Feature","properties":{"osm_id":1437010603,"voltage":"110000","circuits":"1","cables":"3","name":"","operator":"","ref":""},"geometry":{"type":"LineString","coordinates":[[23.362646,42.817327],[23.362379,42.816935]]}},{"type":"Feature","properties":{"osm_id":1437010604,"voltage":"110000","circuits":"1","cables":"3","name":"","operator":"","ref":""},"geometry":{"type":"LineString","coordinates":[[23.362549,42.817355],[23.362379,42.816935]]}},{"type":"Feature","properties":{"osm_id":1437010605,"voltage":"110000","circuits":"1","cables":"3","name":"","operator":"","ref":""},"geometry":{"type":"LineString","coordinates":[[23.362938,42.817259],[23.362657,42.816842]]}},{"type":"Feature","properties":{"osm_id":1437010606,"voltage":"110000","circuits":"1","cables":"3","name":"","operator":"","ref":""},"geometry":{"type":"LineString","coordinates":[[23.362862,42.817289],[23.362657,42.816842]]}},{"type":"Feature","properties":{"osm_id":1437010607,"voltage":"110000","circuits":"2","cables":"6","name":"","operator":"","ref":""},"geometry":{"type":"LineString","coordinates":[[23.362684,42.818729],[23.362824,42.82036],[23.36421,42.821794]]}},{"type":"Feature","properties":{"osm_id":1437010608,"voltage":"110000","circuits":"1","cables":"3","name":"","operator":"","ref":""},"geometry":{"type":"LineString","coordinates":[[23.375516,42.968641],[23.374942,42.967638]]}},{"type":"Feature","properties":{"osm_id":1437010609,"voltage":"110000","circuits":"1","cables":"3","name":"","operator":"","ref":""},"geometry":{"type":"LineString","coordinates":[[23.375255,42.967347],[23.374942,42.967638]]}},{"type":"Feature","properties":{"osm_id":1437010610,"voltage":"110000","circuits":"2","cables":"6","name":"","operator":"","ref":""},"geometry":{"type":"LineString","coordinates":[[23.374942,42.967638],[23.371226,42.966908],[23.367373,42.966225],[23.365546,42.965837],[23.362569,42.965315],[23.359501,42.964721],[23.35552,42.963994],[23.349634,42.964595],[23.345428,42.965867],[23.344858,42.965905]]}},{"type":"Feature","properties":{"osm_id":1437010611,"voltage":"110000","circuits":"1","cables":"3","name":"","operator":"","ref":""},"geometry":{"type":"LineString","coordinates":[[23.375516,42.968641],[23.375255,42.967347]]}},{"type":"Feature","properties":{"osm_id":1437010612,"voltage":"110000","circuits":"2","cables":"6","name":"","operator":"","ref":""},"geometry":{"type":"LineString","coordinates":[[23.375255,42.967347],[23.37543,42.965807],[23.375707,42.963364],[23.375913,42.96155],[23.376111,42.959801],[23.376345,42.95774],[23.376486,42.956497],[23.37673,42.954344],[23.376813,42.951553],[23.377174,42.950427],[23.377967,42.948947],[23.378606,42.947753],[23.379271,42.946512],[23.381287,42.942745],[23.382039,42.939286],[23.382219,42.938065],[23.382995,42.934051],[23.383181,42.93313],[23.38348,42.931655],[23.383967,42.929252],[23.384327,42.927914],[23.38479,42.926198],[23.385084,42.925108],[23.386419,42.920154],[23.38683,42.918631],[23.386996,42.918016],[23.387667,42.915525],[23.388124,42.913831],[23.388656,42.911856],[23.389001,42.910575],[23.389317,42.909403],[23.389634,42.907246],[23.389766,42.905592],[23.389828,42.904756],[23.39004,42.903115],[23.39009,42.902357],[23.390506,42.899311],[23.39055,42.89802],[23.390605,42.894639],[23.390598,42.892813],[23.390389,42.89183],[23.389541,42.888093],[23.389235,42.886633],[23.388227,42.882193],[23.387092,42.879457],[23.386392,42.877486],[23.385647,42.875699],[23.385083,42.874435],[23.384635,42.873254],[23.383978,42.871514],[23.383528,42.870161],[23.382887,42.868532],[23.381564,42.864441],[23.380237,42.860458],[23.378944,42.856439],[23.378423,42.855483],[23.378356,42.853698],[23.378297,42.85206],[23.378051,42.849344],[23.377909,42.847163],[23.37782,42.84504],[23.377643,42.843063],[23.376956,42.841755],[23.375967,42.839783],[23.375146,42.838221],[23.374027,42.835945],[23.373188,42.834397],[23.371933,42.832566],[23.370707,42.830739],[23.369612,42.829079],[23.368132,42.826931],[23.366646,42.824729],[23.365211,42.822624],[23.364438,42.821623],[23.363854,42.820562],[23.363116,42.818688]]}},{"type":"Feature","properties":{"osm_id":1437011146,"voltage":"110000","circuits":"1","cables":"3","name":"","operator":"","ref":""},"geometry":{"type":"LineString","coordinates":[[23.344637,42.966215],[23.344858,42.965905]]}},{"type":"Feature","properties":{"osm_id":1437011147,"voltage":"110000","circuits":"1","cables":"3","name":"","operator":"","ref":""},"geometry":{"type":"LineString","coordinates":[[23.3445,42.966107],[23.344858,42.965905]]}},{"type":"Feature","properties":{"osm_id":1437012551,"voltage":"400000","circuits":"1","cables":"3","name":"","operator":"","ref":""},"geometry":{"type":"LineString","coordinates":[[25.861318,42.121749],[25.86166,42.12176],[25.863092,42.121808],[25.86345,42.12182]]}},{"type":"Feature","properties":{"osm_id":1437012552,"voltage":"400000","circuits":"1","cables":"3","name":"","operator":"","ref":""},"geometry":{"type":"LineString","coordinates":[[25.86459,42.121623],[25.865504,42.121653],[25.867235,42.12169],[25.869026,42.121686]]}},{"type":"Feature","properties":{"osm_id":1437012553,"voltage":"400000","circuits":"1","cables":"3","name":"","operator":"","ref":""},"geometry":{"type":"LineString","coordinates":[[25.861307,42.121535],[25.860772,42.121293],[25.860928,42.120856],[25.863574,42.120944],[25.86555,42.12101],[25.867251,42.121436],[25.869026,42.121686]]}},{"type":"Feature","properties":{"osm_id":1437012554,"voltage":"400000","circuits":"1","cables":"3","name":"","operator":"","ref":""},"geometry":{"type":"LineString","coordinates":[[25.868639,42.123254],[25.86577,42.12212],[25.864616,42.12207]]}},{"type":"Feature","properties":{"osm_id":1437012555,"voltage":"400000","circuits":"","cables":"3","name":"","operator":"","ref":""},"geometry":{"type":"LineString","coordinates":[[25.86345,42.12182],[25.864639,42.121849]]}},{"type":"Feature","properties":{"osm_id":1437084511,"voltage":"110000","circuits":"1","cables":"3","name":"","operator":"","ref":""},"geometry":{"type":"LineString","coordinates":[[24.745152,42.1164],[24.745386,42.116057]]}},{"type":"Feature","properties":{"osm_id":1437084512,"voltage":"110000","circuits":"1","cables":"3","name":"","operator":"","ref":""},"geometry":{"type":"LineString","coordinates":[[24.772321,42.113513],[24.772347,42.1129],[24.772753,42.1108]]}},{"type":"Feature","properties":{"osm_id":1437084513,"voltage":"110000","circuits":"1","cables":"3","name":"","operator":"","ref":""},"geometry":{"type":"LineString","coordinates":[[24.772225,42.113515],[24.772173,42.112821]]}},{"type":"Feature","properties":{"osm_id":1437084514,"voltage":"110000","circuits":"1","cables":"3","name":"","operator":"","ref":""},"geometry":{"type":"LineString","coordinates":[[24.77209,42.113517],[24.772173,42.112821]]}},{"type":"Feature","properties":{"osm_id":1437084515,"voltage":"110000","circuits":"1","cables":"3","name":"","operator":"","ref":""},"geometry":{"type":"LineString","coordinates":[[24.772435,42.113511],[24.772726,42.112875]]}},{"type":"Feature","properties":{"osm_id":1437084516,"voltage":"110000","circuits":"1","cables":"3","name":"","operator":"","ref":""},"geometry":{"type":"LineString","coordinates":[[24.772539,42.113509],[24.772913,42.112805]]}},{"type":"Feature","properties":{"osm_id":1437084519,"voltage":"110000","circuits":"1","cables":"3","name":"","operator":"","ref":""},"geometry":{"type":"LineString","coordinates":[[24.769748,42.113917],[24.76966,42.11418]]}},{"type":"Feature","properties":{"osm_id":1437084520,"voltage":"110000","circuits":"1","cables":"3","name":"","operator":"","ref":""},"geometry":{"type":"LineString","coordinates":[[24.76955,42.113919],[24.76966,42.11418]]}},{"type":"Feature","properties":{"osm_id":1437084521,"voltage":"110000","circuits":"1","cables":"3","name":"","operator":"","ref":""},"geometry":{"type":"LineString","coordinates":[[24.771958,42.113809],[24.771927,42.113915]]}},{"type":"Feature","properties":{"osm_id":1437084522,"voltage":"110000","circuits":"1","cables":"3","name":"","operator":"","ref":""},"geometry":{"type":"LineString","coordinates":[[24.771863,42.113808],[24.771927,42.113915]]}},{"type":"Feature","properties":{"osm_id":1437084523,"voltage":"110000","circuits":"2","cables":"6","name":"","operator":"","ref":""},"geometry":{"type":"LineString","coordinates":[[24.699935,42.113645],[24.702584,42.113741]]}},{"type":"Feature","properties":{"osm_id":1437084524,"voltage":"110000","circuits":"1","cables":"3","name":"","operator":"","ref":""},"geometry":{"type":"LineString","coordinates":[[24.745349,42.116408],[24.745386,42.116057]]}},{"type":"Feature","properties":{"osm_id":1437084525,"voltage":"110000","circuits":"1","cables":"3","name":"","operator":"","ref":""},"geometry":{"type":"LineString","coordinates":[[24.713487,42.129728],[24.712771,42.129443],[24.710667,42.129061],[24.708352,42.12864],[24.707298,42.126751],[24.705731,42.123934],[24.704422,42.121662],[24.702902,42.119023],[24.701355,42.116197],[24.699935,42.113645]]}},{"type":"Feature","properties":{"osm_id":1437084526,"voltage":"110000","circuits":"1","cables":"3","name":"","operator":"","ref":""},"geometry":{"type":"LineString","coordinates":[[24.713408,42.129959],[24.712718,42.12968],[24.710308,42.129236],[24.707897,42.128795],[24.706051,42.128393],[24.702676,42.127706],[24.700292,42.127207],[24.697661,42.128446],[24.694941,42.12972],[24.691343,42.131422],[24.687741,42.133091],[24.684753,42.134493]]}},{"type":"Feature","properties":{"osm_id":1437084527,"voltage":"110000","circuits":"1","cables":"3","name":"","operator":"","ref":""},"geometry":{"type":"LineString","coordinates":[[24.711726,42.127058],[24.711443,42.127298]]}},{"type":"Feature","properties":{"osm_id":1437084528,"voltage":"110000","circuits":"1","cables":"3","name":"","operator":"","ref":""},"geometry":{"type":"LineString","coordinates":[[24.711443,42.127298],[24.7118,42.127129]]}},{"type":"Feature","properties":{"osm_id":1437088399,"voltage":"110000","circuits":"1","cables":"3","name":"","operator":"","ref":""},"geometry":{"type":"LineString","coordinates":[[24.472789,41.993983],[24.472733,41.997343],[24.472169,41.999121]]}},{"type":"Feature","properties":{"osm_id":1437088402,"voltage":"110000","circuits":"1","cables":"3","name":"","operator":"","ref":""},"geometry":{"type":"LineString","coordinates":[[24.470543,42.026964],[24.469695,42.02684]]}},{"type":"Feature","properties":{"osm_id":1437088403,"voltage":"110000","circuits":"1","cables":"3","name":"","operator":"","ref":""},"geometry":{"type":"LineString","coordinates":[[24.470478,42.026888],[24.469695,42.02684]]}},{"type":"Feature","properties":{"osm_id":1437088405,"voltage":"110000","circuits":"1","cables":"3","name":"","operator":"","ref":""},"geometry":{"type":"LineString","coordinates":[[24.470146,42.033962],[24.472302,42.034206]]}},{"type":"Feature","properties":{"osm_id":1437088406,"voltage":"110000","circuits":"1","cables":"3","name":"","operator":"","ref":""},"geometry":{"type":"LineString","coordinates":[[24.713464,42.129795],[24.712726,42.129558]]}},{"type":"Feature","properties":{"osm_id":1437088407,"voltage":"110000","circuits":"1","cables":"3","name":"","operator":"","ref":""},"geometry":{"type":"LineString","coordinates":[[24.713436,42.129875],[24.712726,42.129558]]}},{"type":"Feature","properties":{"osm_id":1437088408,"voltage":"110000","circuits":"1","cables":"3","name":"","operator":"","ref":""},"geometry":{"type":"LineString","coordinates":[[24.472302,42.034206],[24.470238,42.033866]]}},{"type":"Feature","properties":{"osm_id":1437088409,"voltage":"110000","circuits":"1","cables":"3","name":"","operator":"","ref":""},"geometry":{"type":"LineString","coordinates":[[24.470079,42.033723],[24.469804,42.033528]]}},{"type":"Feature","properties":{"osm_id":1437088410,"voltage":"110000","circuits":"1","cables":"3","name":"","operator":"","ref":""},"geometry":{"type":"LineString","coordinates":[[24.47002,42.033797],[24.469804,42.033528]]}},{"type":"Feature","properties":{"osm_id":1437091955,"voltage":"110000","circuits":"1","cables":"3","name":"Казичене - Кремиковци","operator":"","ref":""},"geometry":{"type":"LineString","coordinates":[[23.470653,42.653255],[23.469913,42.650801],[23.469635,42.650246]]}},{"type":"Feature","properties":{"osm_id":1437091956,"voltage":"110000","circuits":"1","cables":"3","name":"","operator":"","ref":""},"geometry":{"type":"LineString","coordinates":[[23.469422,42.65029],[23.469647,42.650717]]}},{"type":"Feature","properties":{"osm_id":1437091957,"voltage":"110000","circuits":"1","cables":"3","name":"","operator":"","ref":""},"geometry":{"type":"LineString","coordinates":[[23.469538,42.650266],[23.469647,42.650717]]}},{"type":"Feature","properties":{"osm_id":1437091958,"voltage":"110000","circuits":"1","cables":"3","name":"Казичене - ТЕЦ \"София - Изток\"","operator":"","ref":""},"geometry":{"type":"LineString","coordinates":[[23.469214,42.649742],[23.468908,42.649439]]}},{"type":"Feature","properties":{"osm_id":1437091960,"voltage":"110000","circuits":"1","cables":"3","name":"Казичене - ТЕЦ \"София - Изток\"","operator":"","ref":""},"geometry":{"type":"LineString","coordinates":[[23.469105,42.649766],[23.468908,42.649439]]}},{"type":"Feature","properties":{"osm_id":1437093376,"voltage":"220000","circuits":"1","cables":"3","name":"","operator":"","ref":""},"geometry":{"type":"LineString","coordinates":[[23.472636,42.649441],[23.473576,42.648696]]}},{"type":"Feature","properties":{"osm_id":1437093377,"voltage":"220000","circuits":"1","cables":"3","name":"","operator":"","ref":""},"geometry":{"type":"LineString","coordinates":[[23.472529,42.649149],[23.473576,42.648696]]}},{"type":"Feature","properties":{"osm_id":1437093378,"voltage":"220000","circuits":"1","cables":"3","name":"","operator":"","ref":""},"geometry":{"type":"LineString","coordinates":[[23.472443,42.648916],[23.473438,42.648253]]}},{"type":"Feature","properties":{"osm_id":1437093379,"voltage":"220000","circuits":"1","cables":"3","name":"","operator":"","ref":""},"geometry":{"type":"LineString","coordinates":[[23.472347,42.648652],[23.473438,42.648253]]}},{"type":"Feature","properties":{"osm_id":1437093380,"voltage":"220000","circuits":"1","cables":"3","name":"","operator":"","ref":""},"geometry":{"type":"LineString","coordinates":[[23.472249,42.648387],[23.473116,42.64786]]}}]}
