{"type":"FeatureCollection","name":"ЕПМ България – линии 110/220/400 kV — част 1/3","metadata":{"generated_at":"2026-09-25","source":"OpenStreetMap contributors via Overpass API","license":"ODbL 1.0","voltage_filter_kv":[110,220,400],"qualification":"Индикативни трасета. Наличието на линия не доказва свободен капацитет; присъединяването на ФЕЦ над 10 MWp изисква проучване и становище на ЕСО.","part":1,"parts":3},"features":[{"type":"Feature","properties":{"osm_id":37028090,"voltage":"110000","circuits":"2","cables":"6","name":"ВЛ \"Обеля\"","operator":"Електроенергиен системен оператор","ref":""},"geometry":{"type":"LineString","coordinates":[[23.253878,42.74058],[23.255018,42.741957],[23.256871,42.744316],[23.258636,42.746613],[23.262195,42.747089],[23.265663,42.747592],[23.269282,42.748115],[23.273231,42.748535],[23.279496,42.749216],[23.284477,42.749781],[23.287445,42.750116]]}},{"type":"Feature","properties":{"osm_id":37028091,"voltage":"110000","circuits":"2","cables":"6","name":"","operator":"","ref":""},"geometry":{"type":"LineString","coordinates":[[23.188422,42.847127],[23.186265,42.845217],[23.183733,42.842804],[23.180703,42.84006],[23.17745,42.837064],[23.17454,42.834408],[23.171459,42.831576],[23.16897,42.829297],[23.166412,42.826955],[23.163837,42.824582],[23.160962,42.821976],[23.15958,42.820704],[23.159297,42.817638],[23.159194,42.814509],[23.159056,42.811172],[23.15891,42.807589],[23.158825,42.805014],[23.158679,42.801937],[23.15861,42.798968],[23.161176,42.797325],[23.164567,42.795221],[23.168188,42.793949],[23.171758,42.79263],[23.175793,42.791039],[23.179999,42.789559],[23.184333,42.787889],[23.188685,42.786296],[23.192788,42.784765],[23.197094,42.783281],[23.201616,42.78279],[23.204966,42.782438],[23.20951,42.781929],[23.211017,42.781802],[23.211506,42.780707],[23.215427,42.780792],[23.217899,42.781084],[23.219593,42.778617],[23.221412,42.77592],[23.222866,42.773833],[23.225266,42.771895],[23.22803,42.769733],[23.230888,42.76749],[23.233738,42.765285],[23.236467,42.763161],[23.239256,42.760937],[23.241317,42.759438],[23.243453,42.757739],[23.245397,42.756337],[23.247917,42.754433],[23.247951,42.751774],[23.248355,42.748799],[23.248741,42.745937],[23.249204,42.742886],[23.249282,42.742378],[23.249479,42.741096],[23.249872,42.738123],[23.250173,42.736137],[23.249791,42.734818],[23.249254,42.732971],[23.247204,42.732425],[23.24601,42.73092],[23.246357,42.73075]]}},{"type":"Feature","properties":{"osm_id":37028092,"voltage":"110000","circuits":"","cables":"6","name":"","operator":"","ref":""},"geometry":{"type":"LineString","coordinates":[[23.260642,42.739239],[23.257061,42.739973],[23.253878,42.74058]]}},{"type":"Feature","properties":{"osm_id":37028926,"voltage":"110000","circuits":"1","cables":"3","name":"","operator":"","ref":""},"geometry":{"type":"LineString","coordinates":[[23.187875,42.847565],[23.187507,42.847433],[23.185715,42.845774],[23.183123,42.843364],[23.180274,42.840702],[23.176969,42.837757],[23.174334,42.835289],[23.170995,42.83223],[23.168652,42.830027],[23.166051,42.827686],[23.163502,42.825331],[23.160541,42.822631],[23.158627,42.820931],[23.158378,42.817878],[23.158284,42.814667],[23.158121,42.811544],[23.158001,42.808093],[23.15794,42.806204],[23.157846,42.803244],[23.155507,42.801525],[23.152656,42.803267],[23.149822,42.805054],[23.146856,42.806897],[23.143519,42.809031],[23.140733,42.810756],[23.139008,42.811868],[23.136155,42.813662],[23.132761,42.815818],[23.129397,42.817966],[23.12642,42.819878],[23.123842,42.821498],[23.120419,42.823627],[23.117563,42.825454],[23.11457,42.827352],[23.111832,42.829091],[23.109845,42.830889],[23.106453,42.832773],[23.103081,42.834831],[23.099741,42.836706],[23.096491,42.838565],[23.09324,42.840424],[23.090333,42.842127],[23.087641,42.843645],[23.084582,42.845387],[23.081604,42.847133],[23.078495,42.848915],[23.076299,42.850231],[23.072469,42.850429],[23.070189,42.850713],[23.067315,42.850965],[23.063872,42.851242],[23.058956,42.853044]]}},{"type":"Feature","properties":{"osm_id":37028934,"voltage":"400000","circuits":"1","cables":"3","name":"Люлин","operator":"","ref":""},"geometry":{"type":"LineString","coordinates":[[22.9962,42.589652],[22.996245,42.593162],[22.997794,42.596617],[22.999356,42.598767],[23.001247,42.601015],[23.00169,42.602488],[22.998263,42.604469],[22.99426,42.607016],[22.994529,42.607805],[22.99484,42.608719],[22.999628,42.610213],[22.999169,42.611363],[22.999683,42.615056]]}},{"type":"Feature","properties":{"osm_id":37030094,"voltage":"110000","circuits":"2","cables":"6","name":"","operator":"","ref":""},"geometry":{"type":"LineString","coordinates":[[23.332151,42.732847],[23.33252,42.734135],[23.333026,42.735841],[23.33331,42.736825],[23.333812,42.738563],[23.334277,42.740156],[23.334691,42.741541],[23.335142,42.743062],[23.335456,42.744139],[23.335766,42.745205],[23.33618,42.746703],[23.336743,42.748192],[23.337154,42.74962],[23.337495,42.751009],[23.337928,42.752358],[23.338417,42.753909],[23.339232,42.756726],[23.340159,42.759978],[23.341077,42.763136],[23.341779,42.765334],[23.342549,42.76712],[23.343539,42.76929],[23.344554,42.771572],[23.345669,42.774315],[23.346918,42.777327],[23.348143,42.780276],[23.349262,42.782947],[23.350336,42.785546],[23.351482,42.788323],[23.352535,42.790842],[23.353679,42.793576],[23.354783,42.796252],[23.355784,42.798668]]}},{"type":"Feature","properties":{"osm_id":37030095,"voltage":"110000","circuits":"2","cables":"6","name":"","operator":"","ref":""},"geometry":{"type":"LineString","coordinates":[[23.343505,42.768096],[23.341597,42.768035],[23.339198,42.767142],[23.336709,42.76638],[23.334142,42.767615],[23.33143,42.768283],[23.327714,42.766941],[23.324307,42.765869],[23.321118,42.764784],[23.317999,42.763695],[23.316564,42.761989],[23.31138,42.760727],[23.309566,42.758309],[23.308217,42.756547],[23.306237,42.754008],[23.303829,42.753021],[23.303792,42.751188],[23.306719,42.750161],[23.309386,42.749221],[23.312298,42.748196]]}},{"type":"Feature","properties":{"osm_id":37030096,"voltage":"220000","circuits":"2","cables":"6","name":"","operator":"","ref":""},"geometry":{"type":"LineString","coordinates":[[23.618735,42.720649],[23.616014,42.720564],[23.611922,42.720392],[23.608473,42.720259],[23.606498,42.722875],[23.604206,42.725895],[23.601554,42.729464],[23.600009,42.731563],[23.598387,42.733763],[23.595984,42.73701],[23.59407,42.739557],[23.591804,42.742576],[23.590568,42.744278],[23.588019,42.743988],[23.584577,42.743591],[23.581384,42.743244],[23.575702,42.745684],[23.570852,42.747776],[23.566681,42.749617],[23.562123,42.751609],[23.557558,42.753642],[23.55457,42.756159],[23.552304,42.758125],[23.550578,42.75969],[23.549961,42.762858],[23.546374,42.76541],[23.542769,42.767943],[23.539232,42.770476],[23.534666,42.77132],[23.529267,42.772259],[23.524485,42.773251]]}},{"type":"Feature","properties":{"osm_id":37031327,"voltage":"400000","circuits":"1","cables":"3","name":"","operator":"","ref":""},"geometry":{"type":"LineString","coordinates":[[23.617833,42.723941],[23.616643,42.723909],[23.613759,42.723354],[23.610807,42.722805],[23.607738,42.722899],[23.605794,42.725365],[23.604026,42.727597],[23.601873,42.730395],[23.600138,42.732654],[23.598172,42.735295],[23.596052,42.738195],[23.593838,42.741139],[23.59249,42.742955],[23.59098,42.744972],[23.587066,42.74453],[23.584165,42.744209],[23.581401,42.743843],[23.578036,42.745268],[23.575393,42.746465],[23.571934,42.747966],[23.569325,42.749113],[23.565994,42.750531],[23.562269,42.752144],[23.559244,42.753524],[23.558653,42.753793],[23.557248,42.754949],[23.555772,42.756279],[23.553489,42.758226],[23.551375,42.760124],[23.551026,42.761566],[23.550734,42.763103],[23.548202,42.764893],[23.545155,42.767086],[23.542391,42.76902],[23.539524,42.770986],[23.535413,42.77178],[23.53083,42.772611],[23.528481,42.773125]]}},{"type":"Feature","properties":{"osm_id":37031472,"voltage":"400000","circuits":"1","cables":"3","name":"Сердика","operator":"","ref":""},"geometry":{"type":"LineString","coordinates":[[23.528481,42.773125],[23.528003,42.775472],[23.528863,42.777702],[23.52726,42.77895],[23.52619,42.779214]]}},{"type":"Feature","properties":{"osm_id":37031474,"voltage":"110000","circuits":"1","cables":"3","name":"","operator":"","ref":""},"geometry":{"type":"LineString","coordinates":[[23.54728,42.760769],[23.548889,42.759885],[23.55111,42.758664],[23.553373,42.757376],[23.555229,42.75634],[23.557153,42.755294],[23.558647,42.754461],[23.559655,42.754921],[23.561816,42.755905],[23.563398,42.756862],[23.565463,42.758028],[23.567663,42.759281],[23.569534,42.760334],[23.57005,42.760624],[23.572412,42.761976],[23.572674,42.762041]]}},{"type":"Feature","properties":{"osm_id":37032287,"voltage":"110000","circuits":"1","cables":"3","name":"","operator":"","ref":""},"geometry":{"type":"LineString","coordinates":[[27.455378,42.520681],[27.454799,42.520636],[27.453123,42.52002],[27.451909,42.519557],[27.451208,42.519299],[27.44936,42.520138],[27.447747,42.52168],[27.446024,42.523322],[27.441315,42.525278],[27.438325,42.526762],[27.435325,42.528205],[27.432604,42.529571],[27.429712,42.531032],[27.426897,42.532436],[27.423841,42.533935],[27.421129,42.535301],[27.419507,42.536085],[27.417,42.537325],[27.414709,42.538482],[27.412194,42.539728],[27.409859,42.540885],[27.407919,42.54184],[27.405405,42.543099],[27.402392,42.544591],[27.399431,42.546077],[27.39677,42.547392],[27.393818,42.548853],[27.390822,42.550352],[27.387947,42.551831],[27.384702,42.553437],[27.382196,42.554632],[27.380085,42.555669],[27.378213,42.556624],[27.376102,42.557673],[27.374076,42.55864],[27.371613,42.559867],[27.368695,42.561334],[27.365811,42.562737],[27.363073,42.564109],[27.360764,42.565259],[27.358395,42.566448],[27.356138,42.567541],[27.353228,42.569008],[27.350396,42.570399],[27.347074,42.572029],[27.344448,42.573331],[27.342172,42.57451],[27.343032,42.575836],[27.343864,42.577345],[27.345213,42.579557],[27.346428,42.581541],[27.347849,42.583772]]}},{"type":"Feature","properties":{"osm_id":37032290,"voltage":"110000","circuits":"2","cables":"6","name":"","operator":"","ref":""},"geometry":{"type":"LineString","coordinates":[[27.180903,42.638146],[27.179067,42.638847],[27.177131,42.639602],[27.175199,42.640362],[27.173272,42.641103],[27.171629,42.64174],[27.169462,42.642596],[27.167303,42.643422],[27.165136,42.644265],[27.162566,42.645279],[27.159972,42.646272],[27.158783,42.646731],[27.156572,42.647607],[27.154392,42.648439],[27.152197,42.649292],[27.150033,42.650126],[27.147856,42.650967],[27.145708,42.651813],[27.143415,42.652679],[27.141165,42.653563],[27.138896,42.654452],[27.13672,42.655286],[27.134587,42.65607],[27.132442,42.656914],[27.130167,42.657793],[27.125851,42.659444],[27.123897,42.660219],[27.121764,42.661058],[27.119526,42.661905],[27.117623,42.662646],[27.115129,42.662913],[27.112494,42.663202],[27.109836,42.663513],[27.107366,42.663772],[27.10472,42.664078],[27.10212,42.664341],[27.099562,42.664635],[27.097145,42.664889],[27.091805,42.665463],[27.089165,42.665769],[27.086501,42.666045],[27.083849,42.666322],[27.081191,42.666598],[27.078756,42.666874],[27.076374,42.667137],[27.07398,42.667387],[27.071327,42.667663],[27.068617,42.667983],[27.066217,42.668224],[27.063793,42.667603],[27.061206,42.666913],[27.058712,42.66624],[27.05613,42.665592],[27.053584,42.664915],[27.051078,42.664233],[27.04852,42.663608],[27.046267,42.662978],[27.043732,42.662296],[27.04118,42.661657],[27.038657,42.660976],[27.036134,42.660298],[27.033622,42.659651],[27.031287,42.659047],[27.028658,42.658369],[27.026405,42.657805],[27.022191,42.656702],[27.018073,42.6556],[27.014113,42.654571],[27.011856,42.654014],[27.009666,42.65338],[27.007418,42.653786],[27.004893,42.654226],[27.002599,42.654615],[27.000786,42.654921],[26.998694,42.655295],[26.99594,42.655771],[26.993948,42.656116],[26.992621,42.656345],[26.991619,42.656487]]}},{"type":"Feature","properties":{"osm_id":37032301,"voltage":"110000","circuits":"1","cables":"3","name":"","operator":"","ref":""},"geometry":{"type":"LineString","coordinates":[[27.357589,42.615873],[27.359468,42.614771],[27.361538,42.613275],[27.360478,42.611448],[27.359179,42.609005],[27.357782,42.606509],[27.356309,42.603934],[27.354837,42.60133],[27.353461,42.598942],[27.352139,42.596495],[27.350762,42.594017],[27.349422,42.591662],[27.348116,42.589282],[27.346635,42.586673],[27.345252,42.584127],[27.344051,42.58194],[27.341592,42.581487],[27.33915,42.581045],[27.336886,42.580588],[27.335016,42.580192],[27.330151,42.579309],[27.329312,42.579145],[27.328964,42.577843],[27.330728,42.575927],[27.333033,42.57344],[27.334963,42.571429],[27.336924,42.569339],[27.338879,42.567261],[27.340885,42.565085],[27.342887,42.56291],[27.344937,42.560728],[27.346819,42.558728],[27.348832,42.556599],[27.350728,42.554564],[27.352687,42.552486],[27.354129,42.550903],[27.353916,42.549678],[27.355723,42.547744],[27.358081,42.545239],[27.360536,42.542655],[27.363346,42.539641],[27.362734,42.539079],[27.362248,42.538759],[27.363821,42.53709],[27.365712,42.535076],[27.367636,42.533023],[27.365971,42.530876],[27.364052,42.528293],[27.362763,42.526688],[27.361291,42.52461],[27.359413,42.522204],[27.357792,42.520093],[27.356793,42.518769],[27.355404,42.51682],[27.35279,42.515757],[27.349713,42.51437],[27.346354,42.51311],[27.344362,42.515304],[27.342267,42.517548],[27.340122,42.519818],[27.338365,42.521648],[27.336208,42.524045],[27.334051,42.526294],[27.331926,42.528631],[27.329738,42.530927],[27.327775,42.533077],[27.327327,42.533493]]}},{"type":"Feature","properties":{"osm_id":37032306,"voltage":"110000","circuits":"1","cables":"3","name":"","operator":"","ref":""},"geometry":{"type":"LineString","coordinates":[[27.325347,42.581464],[27.328236,42.580305],[27.329742,42.58061],[27.33364,42.58137],[27.33638,42.581881],[27.339562,42.582465],[27.342997,42.583147],[27.344366,42.585495],[27.345709,42.587994],[27.347297,42.590894],[27.348842,42.593668],[27.350353,42.596417],[27.351979,42.599148],[27.353523,42.601936],[27.355134,42.604719],[27.356665,42.607448],[27.3584,42.610502],[27.359661,42.612754],[27.357141,42.615373]]}},{"type":"Feature","properties":{"osm_id":37032309,"voltage":"110000","circuits":"1","cables":"3","name":"","operator":"","ref":""},"geometry":{"type":"LineString","coordinates":[[27.357141,42.615373],[27.360053,42.612856],[27.358589,42.610237],[27.35684,42.60712],[27.355219,42.604236],[27.353523,42.601265],[27.352783,42.599938],[27.351925,42.598437],[27.350336,42.595722],[27.348765,42.592973],[27.347203,42.590092],[27.345666,42.587368],[27.344356,42.584885],[27.343137,42.582683],[27.339703,42.58205],[27.337435,42.58161],[27.334909,42.58115],[27.329226,42.580094],[27.328269,42.579898],[27.327573,42.577623]]}},{"type":"Feature","properties":{"osm_id":37032312,"voltage":"110000","circuits":"1","cables":"3","name":"","operator":"","ref":""},"geometry":{"type":"LineString","coordinates":[[27.345271,42.552264],[27.345795,42.552506],[27.347739,42.553448],[27.349697,42.55444],[27.347688,42.556602],[27.345792,42.558634],[27.343648,42.560913],[27.341503,42.563206],[27.339322,42.565562],[27.337071,42.567989],[27.334944,42.570235],[27.332225,42.573066],[27.329598,42.575862],[27.327941,42.577689],[27.328533,42.579686],[27.329257,42.579838],[27.334235,42.580759],[27.335902,42.581093],[27.337409,42.581361],[27.339969,42.581861],[27.343378,42.582492],[27.344777,42.585058],[27.34625,42.587848],[27.347821,42.59061],[27.349417,42.593504],[27.350945,42.596208],[27.352515,42.59888],[27.354103,42.601691],[27.355712,42.604555],[27.35731,42.607411],[27.359024,42.610417],[27.360429,42.612948],[27.357231,42.615498]]}},{"type":"Feature","properties":{"osm_id":37032315,"voltage":"110000","circuits":"2","cables":"6","name":"","operator":"","ref":""},"geometry":{"type":"LineString","coordinates":[[27.328251,42.577749],[27.328782,42.579509],[27.329659,42.579718],[27.334373,42.580547],[27.336271,42.58093],[27.337559,42.581155],[27.339855,42.5816],[27.343595,42.582298],[27.3452,42.585218],[27.346559,42.58781],[27.348078,42.590483],[27.349503,42.593024],[27.351022,42.595778],[27.352697,42.598682],[27.354317,42.601517],[27.355981,42.604452],[27.357661,42.607454],[27.359395,42.61055],[27.360808,42.613044],[27.359103,42.614411],[27.357365,42.615596]]}},{"type":"Feature","properties":{"osm_id":37032317,"voltage":"110000","circuits":"2","cables":"6","name":"","operator":"","ref":""},"geometry":{"type":"LineString","coordinates":[[27.357468,42.615705],[27.359728,42.614277],[27.361175,42.613148],[27.359786,42.610668],[27.357962,42.607427],[27.356341,42.604507],[27.354661,42.601517],[27.353008,42.598651],[27.351417,42.59588],[27.349804,42.592973],[27.348224,42.590167],[27.346705,42.587444],[27.345236,42.584692],[27.343822,42.582122],[27.340031,42.581408],[27.337391,42.580921],[27.334233,42.580278],[27.330239,42.579591],[27.32904,42.579345],[27.328576,42.577777],[27.330207,42.576065],[27.332517,42.573559],[27.334431,42.571568],[27.336534,42.569286],[27.339132,42.566529],[27.341581,42.563933],[27.344077,42.561248],[27.346633,42.558519],[27.349156,42.555824],[27.351623,42.553201],[27.353785,42.550871],[27.353566,42.549606],[27.355529,42.547525],[27.356649,42.546417],[27.358125,42.544764],[27.36054,42.542108],[27.36272,42.539832],[27.36435,42.538086],[27.366608,42.535677],[27.368924,42.533295],[27.366449,42.530115],[27.369552,42.528966],[27.371904,42.528093],[27.375466,42.526771],[27.379542,42.525272],[27.383216,42.523906],[27.386443,42.522735],[27.389551,42.522961],[27.396525,42.523586],[27.399065,42.523158],[27.401989,42.522652],[27.404539,42.52224],[27.408036,42.521604]]}},{"type":"Feature","properties":{"osm_id":37032318,"voltage":"110000","circuits":"2","cables":"6","name":"","operator":"","ref":""},"geometry":{"type":"LineString","coordinates":[[27.357734,42.615972],[27.360089,42.614601],[27.361962,42.613322],[27.360503,42.610689],[27.358959,42.607956],[27.35748,42.605337],[27.356994,42.60447],[27.356055,42.602797],[27.354435,42.599969],[27.352859,42.597257],[27.3514,42.594666],[27.349743,42.591722],[27.348207,42.588923],[27.346777,42.58627],[27.347849,42.583772]]}},{"type":"Feature","properties":{"osm_id":37032767,"voltage":"110000","circuits":"2","cables":"6","name":"","operator":"","ref":""},"geometry":{"type":"LineString","coordinates":[[27.318487,42.401256],[27.322652,42.403658],[27.324256,42.404575],[27.326836,42.406514],[27.329036,42.408173],[27.330664,42.410459],[27.331528,42.411661],[27.331671,42.412509],[27.332049,42.414939],[27.331576,42.4182],[27.331215,42.420814],[27.330665,42.423765],[27.330081,42.427514],[27.329546,42.43076],[27.329206,42.433379],[27.328773,42.436321],[27.328303,42.439232],[27.329222,42.440753],[27.330823,42.443336],[27.331752,42.444911],[27.333265,42.447398],[27.335102,42.449439],[27.337033,42.450763],[27.339287,42.452226],[27.338697,42.455241],[27.338113,42.458124],[27.337455,42.461281],[27.336876,42.464364],[27.339532,42.466896],[27.341582,42.468879],[27.343294,42.470464],[27.345203,42.472316],[27.347264,42.474309],[27.34619,42.475475],[27.344478,42.477326],[27.341713,42.480347],[27.339281,42.482971],[27.336892,42.485546],[27.334679,42.487985],[27.332754,42.490032],[27.331486,42.491382],[27.330296,42.492648],[27.328385,42.494737],[27.329307,42.498207]]}},{"type":"Feature","properties":{"osm_id":37032770,"voltage":"110000","circuits":"","cables":"3","name":"","operator":"","ref":""},"geometry":{"type":"LineString","coordinates":[[27.327573,42.577623],[27.329795,42.575243],[27.332555,42.572395],[27.334807,42.569983],[27.337222,42.567421],[27.339469,42.564996],[27.341641,42.562675],[27.343795,42.560335],[27.345883,42.558149],[27.347637,42.556261],[27.349319,42.554427],[27.347803,42.553633],[27.345697,42.552624],[27.345141,42.5524]]}},{"type":"Feature","properties":{"osm_id":37032773,"voltage":"110000","circuits":"","cables":"6","name":"","operator":"","ref":""},"geometry":{"type":"LineString","coordinates":[[27.327247,42.57641],[27.32837,42.576406],[27.330525,42.574093],[27.3325,42.572064],[27.334618,42.569768],[27.336578,42.567726],[27.338421,42.565711],[27.340551,42.563452],[27.342833,42.561014],[27.344958,42.55872],[27.347173,42.556355],[27.349013,42.554401]]}},{"type":"Feature","properties":{"osm_id":37032775,"voltage":"110000","circuits":"","cables":"6","name":"","operator":"","ref":""},"geometry":{"type":"LineString","coordinates":[[27.34942,42.536949],[27.349977,42.537089],[27.352943,42.538608],[27.35623,42.540303],[27.359199,42.541768],[27.358924,42.542072],[27.357269,42.543828],[27.355533,42.545773],[27.353919,42.547436],[27.352322,42.549138],[27.350635,42.550866],[27.349072,42.552587],[27.347544,42.554242],[27.346032,42.555862],[27.344445,42.557579],[27.342774,42.559292],[27.341143,42.561037],[27.339461,42.56275],[27.337873,42.564501],[27.336294,42.566233],[27.335113,42.567526],[27.333436,42.566732],[27.330646,42.565316],[27.327736,42.563818],[27.325467,42.562578],[27.324066,42.560809]]}},{"type":"Feature","properties":{"osm_id":37032782,"voltage":"110000","circuits":"","cables":"6","name":"","operator":"","ref":""},"geometry":{"type":"LineString","coordinates":[[27.330697,42.5534],[27.329093,42.555153],[27.328302,42.555988],[27.326177,42.558229],[27.324507,42.560003],[27.323446,42.561156],[27.324153,42.563599],[27.324835,42.566214],[27.325708,42.568823],[27.326438,42.571314],[27.326955,42.573281],[27.327599,42.57538]]}},{"type":"Feature","properties":{"osm_id":37333169,"voltage":"400000","circuits":"","cables":"3","name":"Вършец","operator":"","ref":""},"geometry":{"type":"LineString","coordinates":[[23.190236,42.847833],[23.1905,42.848239],[23.191038,42.849068],[23.191147,42.849234]]}},{"type":"Feature","properties":{"osm_id":37333174,"voltage":"400000","circuits":"1","cables":"3","name":"Нишава","operator":"","ref":""},"geometry":{"type":"LineString","coordinates":[[23.190181,42.849609],[23.190681,42.850408],[23.191466,42.851576],[23.193495,42.854078],[23.195821,42.857107],[23.196301,42.857656],[23.197179,42.858905],[23.197573,42.859426],[23.19771,42.860975],[23.197993,42.864902],[23.198186,42.867887],[23.198318,42.869663],[23.198459,42.871874],[23.198645,42.875365],[23.194961,42.877311],[23.192836,42.878392],[23.189871,42.879928],[23.186624,42.881595],[23.182251,42.883832],[23.179418,42.885303],[23.176352,42.886911],[23.171728,42.889293],[23.170291,42.89002],[23.170091,42.892028],[23.169827,42.894356],[23.169599,42.896442],[23.169366,42.89863],[23.169161,42.900619],[23.168909,42.903058],[23.168689,42.905273],[23.168457,42.907481],[23.168197,42.909618],[23.166148,42.91097],[23.163906,42.912384],[23.162005,42.913605],[23.158768,42.91564],[23.156276,42.917216],[23.154319,42.91845],[23.152134,42.919838],[23.151011,42.922281],[23.150129,42.924186],[23.14892,42.926783],[23.147549,42.929808],[23.146406,42.932271],[23.145136,42.934994],[23.144504,42.936403],[23.143488,42.938593],[23.142568,42.94057],[23.141487,42.942928],[23.14022,42.945713],[23.139411,42.947479],[23.139244,42.947844],[23.138018,42.950447],[23.137054,42.952502],[23.135119,42.954185],[23.133125,42.955899],[23.131257,42.95746],[23.128925,42.959453],[23.126983,42.9611],[23.125183,42.962624],[23.123098,42.964371],[23.122115,42.965855],[23.120664,42.96794],[23.119395,42.969755],[23.117316,42.972799],[23.116195,42.974439],[23.115742,42.975101],[23.114486,42.97694],[23.112784,42.979431],[23.111927,42.980684],[23.110572,42.982668],[23.10871,42.985399],[23.107683,42.986895],[23.104662,42.986886],[23.099313,42.986894],[23.096622,42.986901],[23.093345,42.986906],[23.089458,42.986903],[23.08539,42.986904],[23.081531,42.986905],[23.077055,42.986907],[23.07352,42.986908],[23.070245,42.986908],[23.066177,42.98678],[23.061943,42.986852],[23.060894,42.986884],[23.058845,42.98713],[23.056211,42.98767],[23.052849,42.98836],[23.048607,42.989249],[23.045738,42.989779],[23.041702,42.990547],[23.036604,42.991487],[23.033389,42.992095],[23.029766,42.992767],[23.026087,42.993461],[23.023046,42.994029],[23.01987,42.994695],[23.01639,42.995344],[23.013354,42.995892],[23.009868,42.997416],[23.006639,42.998821],[23.002283,43.000681],[22.998814,43.002184],[22.995606,43.003578],[22.993078,43.004676],[22.991398,43.005405],[22.989177,43.006361],[22.986393,43.008514],[22.984985,43.009602],[22.983355,43.010843],[22.980836,43.012796],[22.980619,43.012964],[22.978819,43.014361],[22.975023,43.017344],[22.971884,43.019768],[22.970147,43.021118],[22.966814,43.022244],[22.963099,43.023446],[22.959541,43.024659],[22.955756,43.025848],[22.953428,43.026621],[22.946564,43.028709],[22.945003,43.029239],[22.937859,43.031655],[22.933905,43.032882],[22.931295,43.033733],[22.929767,43.034857],[22.926941,43.036922],[22.924844,43.038444],[22.920239,43.041816],[22.917511,43.043884],[22.913783,43.04655],[22.910178,43.049194],[22.907652,43.051076],[22.905567,43.052655]]}},{"type":"Feature","properties":{"osm_id":37333896,"voltage":"400000","circuits":"1","cables":"3","name":"","operator":"","ref":""},"geometry":{"type":"LineString","coordinates":[[24.163727,43.26031],[24.16146,43.25936],[24.159519,43.258507],[24.157005,43.256522],[24.153449,43.253525],[24.150946,43.251471],[24.148813,43.249622],[24.145547,43.246455],[24.143181,43.244234],[24.14077,43.241903],[24.138149,43.239387],[24.135446,43.236684],[24.132855,43.234129],[24.129776,43.231153],[24.127177,43.228614],[24.124406,43.225905],[24.122852,43.224395],[24.120449,43.221987],[24.117843,43.219546],[24.11561,43.217194],[24.113827,43.215535],[24.110354,43.212061],[24.108578,43.210302],[24.106352,43.208287],[24.104229,43.206209],[24.101684,43.20349],[24.099152,43.201045],[24.097345,43.199389],[24.094699,43.196783],[24.091713,43.193726],[24.089221,43.19143],[24.087137,43.18941],[24.084514,43.186876],[24.081957,43.184384],[24.079482,43.181886],[24.076255,43.17879],[24.074088,43.176617],[24.07245,43.17509],[24.066325,43.173972],[24.06277,43.173489],[24.057558,43.172805],[24.055715,43.172516],[24.053768,43.171786],[24.050617,43.170757],[24.046267,43.169166],[24.044589,43.168591],[24.039597,43.166762],[24.034622,43.165028],[24.032665,43.164347],[24.02985,43.163315],[24.024677,43.161527],[24.018374,43.159245],[24.016364,43.158617],[24.01272,43.157332],[24.009776,43.156314],[24.006594,43.155207],[24.002984,43.153939],[24.000036,43.152916],[23.996766,43.151728],[23.991745,43.149943],[23.989658,43.149239],[23.98504,43.147575],[23.982518,43.146624],[23.979882,43.145709],[23.974609,43.143893],[23.97205,43.142981],[23.966779,43.141105],[23.963861,43.140107],[23.95995,43.13869],[23.958038,43.138053],[23.955788,43.137273],[23.950405,43.135481],[23.945641,43.13386],[23.940526,43.132114],[23.937128,43.130951],[23.933218,43.129644],[23.929132,43.128242],[23.925237,43.12695],[23.922027,43.125838],[23.914822,43.123442],[23.912974,43.122388],[23.91047,43.120995],[23.906819,43.11888],[23.902461,43.116403],[23.898257,43.114021],[23.893665,43.111444],[23.890551,43.109611],[23.884897,43.106415],[23.881901,43.104739],[23.879589,43.103392],[23.876292,43.101433],[23.872816,43.099533],[23.869735,43.097806],[23.868108,43.096823],[23.864084,43.094591],[23.85852,43.091378],[23.856848,43.09043],[23.850897,43.087096],[23.846276,43.084471],[23.844473,43.083394],[23.84329,43.0827],[23.839199,43.078982],[23.836538,43.075071],[23.834838,43.072565],[23.831681,43.067955],[23.829825,43.064906],[23.827979,43.062139],[23.826713,43.060344],[23.823531,43.056025],[23.821016,43.052215],[23.818388,43.048475],[23.816929,43.046334],[23.814282,43.042093],[23.812265,43.039152],[23.809197,43.034878],[23.80817,43.033444],[23.805632,43.029677],[23.804083,43.027344],[23.801908,43.024196],[23.800415,43.021949],[23.799569,43.020737],[23.798521,43.019165],[23.796607,43.016353],[23.79547,43.014698],[23.792566,43.010422],[23.790495,43.007333],[23.788712,43.004735],[23.786938,43.002101],[23.783361,42.996777],[23.780881,42.993107],[23.779717,42.991402],[23.776933,42.987322],[23.775836,42.985743],[23.774066,42.983085],[23.772082,42.980199],[23.77034,42.977684],[23.768009,42.974217],[23.765842,42.971023],[23.763971,42.96832],[23.762339,42.965904],[23.759976,42.962418],[23.756872,42.957838],[23.753272,42.952526],[23.751364,42.94971],[23.749917,42.947575],[23.748591,42.945618],[23.749635,42.942188],[23.750638,42.938999],[23.751661,42.935743],[23.75266,42.932564],[23.753689,42.92929],[23.754688,42.926111],[23.755714,42.922845],[23.756727,42.919619],[23.757716,42.916471],[23.75877,42.913115],[23.759824,42.90976],[23.760864,42.906449],[23.761872,42.903242],[23.762782,42.900342],[23.763786,42.897145],[23.765219,42.892662],[23.76767,42.887033],[23.768975,42.884035],[23.771189,42.878949],[23.772213,42.876597],[23.773636,42.873325],[23.774841,42.870549],[23.776217,42.867417],[23.777603,42.864209],[23.778749,42.861576],[23.778297,42.860117],[23.777494,42.857639],[23.776577,42.854855],[23.775772,42.852414],[23.774768,42.849367],[23.775769,42.845151],[23.776286,42.842978],[23.776871,42.840511],[23.778055,42.835595],[23.778727,42.832806],[23.779339,42.830264],[23.783561,42.828312],[23.786887,42.826774],[23.792477,42.824189],[23.795742,42.822686],[23.799411,42.820931],[23.804047,42.818741],[23.807144,42.815243],[23.809043,42.813098],[23.811408,42.810426],[23.80883,42.805841],[23.808209,42.804737],[23.807092,42.802749],[23.806002,42.800811],[23.805056,42.799129],[23.804246,42.797689],[23.803723,42.796758],[23.803086,42.795625],[23.801831,42.793393],[23.798859,42.788106],[23.798014,42.786603],[23.79653,42.783963],[23.795131,42.781494],[23.7937,42.778969],[23.793024,42.777776],[23.789883,42.772002],[23.788822,42.770143],[23.788401,42.769406],[23.787558,42.767911],[23.786695,42.766417],[23.785898,42.765021],[23.784532,42.762628],[23.783366,42.760585],[23.782235,42.758603],[23.780645,42.755817],[23.779956,42.754609],[23.778083,42.751328],[23.777121,42.749641],[23.776563,42.748664],[23.775182,42.746244],[23.773686,42.743622],[23.772163,42.740953],[23.769328,42.739856],[23.764663,42.738051],[23.759608,42.736047],[23.756841,42.734949],[23.754088,42.735386],[23.75368,42.735451],[23.750113,42.736017],[23.747677,42.736404],[23.744484,42.73691],[23.740417,42.737556],[23.737045,42.738083],[23.734158,42.738535],[23.731365,42.738971],[23.726146,42.739797],[23.722412,42.740374],[23.719208,42.740883],[23.712393,42.741938],[23.70914,42.742452],[23.706677,42.742844],[23.70484,42.743128],[23.702183,42.743191],[23.699144,42.743297],[23.696769,42.743376],[23.69465,42.743439],[23.691019,42.743542],[23.688948,42.743593],[23.686126,42.74364],[23.683762,42.743918],[23.680499,42.744192],[23.677855,42.744483],[23.674255,42.744885],[23.671055,42.745083],[23.669193,42.745177],[23.66685,42.744434],[23.664507,42.743646],[23.662009,42.742826],[23.657245,42.741181],[23.65346,42.73987],[23.65116,42.739006],[23.647744,42.737184],[23.644817,42.735596],[23.641676,42.733723],[23.639907,42.732803],[23.637676,42.731466],[23.633745,42.729304],[23.630981,42.727728],[23.628095,42.726212],[23.623625,42.724808],[23.62093,42.72398],[23.620357,42.723933]]}},{"type":"Feature","properties":{"osm_id":37333899,"voltage":"220000","circuits":"1","cables":"3","name":"","operator":"","ref":""},"geometry":{"type":"LineString","coordinates":[[23.620566,42.722684],[23.621256,42.722926],[23.621062,42.721361],[23.620485,42.721532]]}},{"type":"Feature","properties":{"osm_id":37333903,"voltage":"110000","circuits":"1","cables":"3","name":"","operator":"","ref":""},"geometry":{"type":"LineString","coordinates":[[23.572743,42.761876],[23.572452,42.761859],[23.57297,42.760931],[23.575255,42.76105],[23.577435,42.76118],[23.581299,42.761368],[23.583778,42.761657],[23.585629,42.760654],[23.587869,42.759474],[23.590109,42.758352],[23.593654,42.756524],[23.59374,42.754999],[23.59392,42.751659],[23.594032,42.748886],[23.594162,42.746548],[23.594315,42.743812],[23.594383,42.741603],[23.596408,42.738975],[23.598237,42.736598],[23.600297,42.733862],[23.601412,42.73245],[23.602682,42.730776],[23.605,42.727791],[23.60676,42.725464],[23.60842,42.723281],[23.610158,42.720944],[23.612792,42.718879]]}},{"type":"Feature","properties":{"osm_id":37333904,"voltage":"110000","circuits":"2","cables":"6","name":"","operator":"","ref":""},"geometry":{"type":"LineString","coordinates":[[23.617865,42.718332],[23.616081,42.718354],[23.615695,42.717576],[23.613322,42.718178],[23.610571,42.716863],[23.607189,42.71535],[23.603507,42.713723],[23.600142,42.712228],[23.596211,42.712795],[23.59169,42.713525],[23.587439,42.714101],[23.583054,42.714795],[23.580115,42.715166],[23.579771,42.714169],[23.575523,42.713928],[23.571172,42.713928],[23.567884,42.714043],[23.565432,42.714401],[23.562273,42.715631],[23.560816,42.717663],[23.559081,42.718224],[23.55524,42.71878],[23.551793,42.719268],[23.551554,42.719987],[23.548926,42.720711],[23.546043,42.721499]]}},{"type":"Feature","properties":{"osm_id":37333908,"voltage":"110000","circuits":"1","cables":"3","name":"","operator":"","ref":""},"geometry":{"type":"LineString","coordinates":[[23.617475,42.723494],[23.616701,42.72336],[23.615886,42.723015],[23.616346,42.721413],[23.617906,42.71948],[23.618265,42.719465]]}},{"type":"Feature","properties":{"osm_id":37375830,"voltage":"110000","circuits":"","cables":"6","name":"Казичене - Нови Искър","operator":"","ref":""},"geometry":{"type":"LineString","coordinates":[[23.362436,42.815888],[23.363398,42.813446],[23.363982,42.811955],[23.365034,42.809283],[23.366482,42.805626],[23.367282,42.803615],[23.367603,42.802808],[23.368102,42.801545],[23.371117,42.800246],[23.374745,42.798682],[23.378468,42.797112],[23.381454,42.795852],[23.382782,42.79679],[23.384986,42.796576],[23.387268,42.795404],[23.38982,42.79411],[23.391531,42.793236],[23.393884,42.792039],[23.396529,42.790686],[23.399008,42.789434],[23.401447,42.788178],[23.403794,42.786934],[23.406193,42.785698],[23.408636,42.784468],[23.410945,42.783296],[23.413433,42.781984],[23.415769,42.780824],[23.418218,42.779582],[23.420689,42.778361],[23.422727,42.777315],[23.425134,42.776083],[23.427334,42.77498],[23.429769,42.773736],[23.432033,42.77258],[23.434348,42.771373],[23.436408,42.770306],[23.438174,42.769425],[23.438596,42.768579],[23.438947,42.767903],[23.439841,42.766164],[23.440762,42.764326],[23.441802,42.762321],[23.442874,42.760284],[23.443863,42.758347],[23.444907,42.756309],[23.445947,42.754329],[23.447021,42.752315],[23.447982,42.750442],[23.449059,42.748402],[23.450116,42.746351],[23.451158,42.744333],[23.452225,42.742274],[23.453297,42.740238],[23.454374,42.738149],[23.45533,42.736279],[23.455998,42.734994]]}},{"type":"Feature","properties":{"osm_id":37376396,"voltage":"220000","circuits":"2","cables":"6","name":"","operator":"","ref":""},"geometry":{"type":"LineString","coordinates":[[23.473116,42.64786],[23.477155,42.645896],[23.481198,42.64392],[23.484786,42.641754],[23.488545,42.639418],[23.493034,42.636728],[23.496965,42.634304],[23.500948,42.63186],[23.505119,42.629302],[23.508449,42.627269],[23.511788,42.6266],[23.515822,42.625785],[23.519856,42.624894],[23.521804,42.62329],[23.524457,42.621074],[23.527272,42.618737],[23.531014,42.617158],[23.535057,42.615421],[23.53952,42.6135],[23.543914,42.611637],[23.54794,42.609944],[23.55236,42.608017],[23.557484,42.605825],[23.561183,42.604265],[23.563939,42.603077],[23.568402,42.601175],[23.572247,42.599526],[23.575466,42.59813],[23.58059,42.595963],[23.583585,42.594617],[23.585594,42.59377],[23.588589,42.59257],[23.592452,42.591009],[23.595198,42.589922],[23.599215,42.588267],[23.602065,42.587148],[23.603893,42.586459],[23.607378,42.58505],[23.611976,42.583277],[23.615986,42.581612],[23.620561,42.579786],[23.622226,42.57914],[23.623368,42.578604],[23.626071,42.576303],[23.628598,42.574154],[23.631978,42.571151],[23.633964,42.569426],[23.637195,42.5665],[23.639994,42.564082],[23.642138,42.56208],[23.644028,42.560277],[23.647631,42.556874],[23.649979,42.554636],[23.653465,42.551287],[23.655708,42.549155],[23.658082,42.546929],[23.660846,42.54426],[23.662793,42.542568],[23.664832,42.54077],[23.667261,42.538628],[23.669304,42.536853],[23.671641,42.534764],[23.673683,42.532963],[23.675713,42.531172],[23.677655,42.529459],[23.679251,42.528051],[23.68181,42.525794],[23.683573,42.524262],[23.685517,42.522523],[23.687962,42.520299],[23.691012,42.517675],[23.693465,42.515511],[23.695219,42.513909],[23.697624,42.511797],[23.699971,42.509551],[23.702267,42.507564],[23.706085,42.504134],[23.708753,42.501736],[23.711438,42.499324],[23.711845,42.497011],[23.712439,42.493833],[23.712889,42.491486],[23.713338,42.489161],[23.714095,42.485107],[23.714335,42.483829],[23.714708,42.481808],[23.718539,42.480218],[23.722913,42.478379],[23.726885,42.476728],[23.730612,42.475141],[23.734537,42.473507],[23.739007,42.471634],[23.742967,42.46994],[23.745472,42.467542],[23.748387,42.464716],[23.751279,42.461911],[23.754194,42.459084],[23.757031,42.456333],[23.759825,42.453623],[23.762692,42.450838],[23.767281,42.446366],[23.7699,42.444126],[23.772904,42.441527],[23.776176,42.438769],[23.779312,42.436082],[23.78257,42.433288],[23.785958,42.430243],[23.788619,42.42799],[23.794977,42.422656],[23.797898,42.420143],[23.800769,42.41766],[23.803698,42.415163],[23.806486,42.412757],[23.805561,42.409893],[23.804619,42.407032],[23.803633,42.403898],[23.802796,42.401168],[23.803419,42.399018],[23.804517,42.395369],[23.805209,42.393074],[23.806053,42.39021],[23.806437,42.388903],[23.806956,42.387141],[23.807322,42.385899],[23.807751,42.384441],[23.80866,42.381389],[23.809436,42.378711],[23.810252,42.375999],[23.81042,42.37184],[23.810565,42.368035],[23.810736,42.365843],[23.810699,42.364404],[23.812686,42.362561],[23.814199,42.361124],[23.815707,42.359724],[23.816356,42.358222],[23.818089,42.354217],[23.818153,42.354069],[23.819618,42.350684],[23.820569,42.348421],[23.82203,42.345074],[23.823261,42.342331],[23.824412,42.339587],[23.8257,42.336673],[23.826796,42.33392],[23.828068,42.330736],[23.829458,42.327404],[23.830866,42.323901],[23.832259,42.320476],[23.833505,42.317374],[23.834732,42.314369],[23.835916,42.311377],[23.83732,42.307939],[23.838365,42.305407],[23.839654,42.302166],[23.840475,42.300143],[23.842142,42.298344],[23.845514,42.294613],[23.847583,42.292365],[23.850712,42.288919],[23.852912,42.286537],[23.855403,42.283771],[23.857234,42.281799],[23.860639,42.27808],[23.863082,42.275347],[23.86526,42.27302],[23.867998,42.270188],[23.870568,42.26722],[23.873612,42.263871],[23.876595,42.260517],[23.879141,42.25782],[23.882262,42.254368],[23.885607,42.250697],[23.886494,42.249722],[23.887712,42.248379],[23.890558,42.245239],[23.894635,42.240788],[23.897442,42.237658],[23.894782,42.232859],[23.893966,42.231385],[23.893212,42.230042],[23.892177,42.228286],[23.891271,42.226603],[23.88877,42.221954],[23.887569,42.219948],[23.886786,42.218487],[23.885203,42.216778],[23.883793,42.215293],[23.880643,42.212157],[23.87879,42.210298],[23.87632,42.207704],[23.875011,42.206328],[23.872656,42.203924],[23.871733,42.20311],[23.867125,42.201886]]}},{"type":"Feature","properties":{"osm_id":37376405,"voltage":"220000","circuits":"2","cables":"6","name":"Казичене - Столник","operator":"","ref":""},"geometry":{"type":"LineString","coordinates":[[23.473576,42.648696],[23.475799,42.648137],[23.479996,42.647184],[23.484477,42.646231],[23.487652,42.645568],[23.492133,42.644614],[23.496253,42.64375],[23.500484,42.642872],[23.504921,42.641906],[23.509127,42.641035],[23.513402,42.640125],[23.517727,42.639216],[23.521925,42.638358],[23.526207,42.637436],[23.53043,42.636526],[23.534138,42.63575],[23.536988,42.63683],[23.539005,42.637562],[23.542678,42.638332],[23.547004,42.639159],[23.550343,42.639848],[23.554455,42.640725],[23.558969,42.641584],[23.562917,42.642348],[23.567389,42.643213],[23.571681,42.64409],[23.576049,42.644955],[23.580272,42.645833],[23.584632,42.646654],[23.588872,42.647531],[23.592932,42.648339],[23.596537,42.649059],[23.600803,42.649899],[23.604983,42.650751],[23.609618,42.651654],[23.614759,42.652701],[23.61948,42.653667],[23.623711,42.654507],[23.627402,42.655258],[23.632741,42.656337],[23.636363,42.657076],[23.638826,42.657562],[23.641942,42.658559],[23.646096,42.659796],[23.650602,42.661185],[23.655082,42.662605],[23.658618,42.663703],[23.659322,42.666089],[23.660189,42.669036],[23.66115,42.67223],[23.661751,42.674489],[23.660026,42.676931],[23.658069,42.6796],[23.655923,42.682559],[23.653838,42.685443],[23.651769,42.688383],[23.649752,42.691228],[23.647718,42.693972],[23.645589,42.696931],[23.643469,42.699852],[23.642285,42.701504],[23.64056,42.703951],[23.638543,42.70672],[23.636534,42.709508],[23.6348,42.711949],[23.632861,42.714667],[23.63111,42.717044],[23.629994,42.718633],[23.628878,42.720192],[23.626484,42.720418],[23.623945,42.720676],[23.621346,42.71986]]}},{"type":"Feature","properties":{"osm_id":37376634,"voltage":"220000","circuits":"2","cables":"6","name":"Панчарево","operator":"","ref":""},"geometry":{"type":"LineString","coordinates":[[23.331776,42.632039],[23.334079,42.632483],[23.337413,42.631175],[23.340609,42.629866],[23.343165,42.62857],[23.346169,42.626988],[23.347703,42.624236],[23.349091,42.621734],[23.350772,42.61875],[23.35225,42.616126],[23.353217,42.614368],[23.355419,42.613944],[23.358066,42.614494],[23.360793,42.614991],[23.363852,42.616326],[23.367028,42.617649],[23.370404,42.619153],[23.37222,42.619906],[23.374014,42.620665],[23.377522,42.622236]]}},{"type":"Feature","properties":{"osm_id":37376635,"voltage":"110000","circuits":"2","cables":"6","name":"Казичене - ТЕЦ \"София - Изток\"","operator":"","ref":""},"geometry":{"type":"LineString","coordinates":[[23.468908,42.649439],[23.463914,42.649094],[23.457981,42.648522],[23.452257,42.648181],[23.447853,42.647809],[23.443724,42.648567],[23.439089,42.649394],[23.434266,42.650277],[23.42942,42.651245],[23.425027,42.652011],[23.422221,42.653036],[23.418758,42.653966],[23.416043,42.654707],[23.415086,42.65423],[23.414785,42.652199]]}},{"type":"Feature","properties":{"osm_id":37376636,"voltage":"110000","circuits":"1","cables":"3","name":"Казичене - ТЕЦ \"София - Изток\"","operator":"","ref":""},"geometry":{"type":"LineString","coordinates":[[23.420684,42.657764],[23.422337,42.656944],[23.423305,42.654399],[23.424692,42.652515],[23.428756,42.651604],[23.433056,42.650728],[23.43678,42.650063],[23.440136,42.649431],[23.444325,42.648674],[23.447861,42.648017],[23.450591,42.648279],[23.454173,42.648574],[23.457346,42.648743],[23.459749,42.648952],[23.464285,42.649317],[23.468711,42.649569],[23.46901,42.649787]]}},{"type":"Feature","properties":{"osm_id":37376638,"voltage":"110000","circuits":"2","cables":"6","name":"","operator":"","ref":""},"geometry":{"type":"LineString","coordinates":[[23.414572,42.652019],[23.413233,42.652142],[23.410585,42.653004],[23.407032,42.654229],[23.403292,42.655552],[23.399804,42.656767],[23.39699,42.65774],[23.395863,42.658768],[23.393965,42.660446]]}},{"type":"Feature","properties":{"osm_id":37376640,"voltage":"110000","circuits":"2","cables":"6","name":"","operator":"","ref":""},"geometry":{"type":"LineString","coordinates":[[23.391419,42.662521],[23.39316,42.660973],[23.394887,42.659415],[23.39695,42.657571],[23.399419,42.656729],[23.40227,42.655728],[23.40513,42.654734],[23.407945,42.653758],[23.410736,42.652778],[23.413229,42.651888],[23.414517,42.651714]]}},{"type":"Feature","properties":{"osm_id":37377841,"voltage":"110000","circuits":"1","cables":"3","name":"ВЕЦ \"Пасарел\" - Казичене","operator":"","ref":""},"geometry":{"type":"LineString","coordinates":[[23.486534,42.544191],[23.486574,42.544326],[23.48597,42.545216],[23.483985,42.545359],[23.483551,42.545674],[23.482311,42.546581],[23.477936,42.549917],[23.477195,42.550471],[23.476411,42.551095],[23.472847,42.553752],[23.473085,42.554497],[23.473392,42.555464],[23.473821,42.556939],[23.474452,42.558917],[23.474822,42.560063],[23.475188,42.561222],[23.47567,42.56279],[23.47594,42.563574],[23.476427,42.56493],[23.476744,42.565954],[23.477216,42.567465],[23.477645,42.568855],[23.478049,42.570189],[23.478435,42.57151],[23.478847,42.572831],[23.479182,42.573823],[23.479697,42.575271],[23.479937,42.576314],[23.480366,42.577793],[23.480804,42.578975],[23.48131,42.580624],[23.481667,42.581974],[23.481895,42.582689],[23.482274,42.583904],[23.482669,42.585146],[23.483756,42.588652],[23.484714,42.591712],[23.484847,42.59218],[23.485068,42.593014],[23.485273,42.593874],[23.48588,42.596097],[23.486108,42.596935],[23.486534,42.598723],[23.48721,42.601198],[23.487585,42.602541],[23.487634,42.60273],[23.488128,42.604609],[23.487241,42.606748],[23.486657,42.608208],[23.485975,42.609909],[23.485355,42.611512],[23.484596,42.613372],[23.483961,42.61493],[23.482554,42.6184],[23.481895,42.620086],[23.480503,42.623564],[23.4798,42.625276],[23.479104,42.626967],[23.478423,42.628679],[23.477872,42.630076],[23.477183,42.631777],[23.476531,42.633372],[23.475878,42.634993],[23.475233,42.63655],[23.474559,42.638289],[23.473972,42.639771],[23.473385,42.640902],[23.472537,42.642581],[23.471826,42.644],[23.471101,42.645413],[23.470347,42.646916],[23.469623,42.648462],[23.469221,42.64931],[23.469432,42.649693]]}},{"type":"Feature","properties":{"osm_id":37377843,"voltage":"110000","circuits":"1","cables":"3","name":"Самоков - Казичене","operator":"","ref":""},"geometry":{"type":"LineString","coordinates":[[23.538554,42.338789],[23.538511,42.33906],[23.538393,42.339383],[23.538792,42.341422],[23.539803,42.344071],[23.540406,42.345657],[23.540508,42.347166],[23.540491,42.348481],[23.540541,42.34991],[23.54066,42.351438],[23.540705,42.352694],[23.540738,42.35415],[23.540775,42.355664],[23.540824,42.357043],[23.540861,42.358376],[23.540921,42.359752],[23.540958,42.361241],[23.540984,42.362548],[23.541023,42.363837],[23.541091,42.365226],[23.54092,42.366526],[23.540742,42.367894],[23.540571,42.369193],[23.540397,42.370545],[23.540211,42.371992],[23.540037,42.373368],[23.539866,42.374742],[23.539673,42.376109],[23.539491,42.377488],[23.539325,42.378856],[23.539143,42.380199],[23.538972,42.381578],[23.538786,42.382959],[23.538612,42.384357],[23.538419,42.385741],[23.538256,42.387095],[23.538078,42.388438],[23.5379,42.389789],[23.537718,42.391173],[23.537561,42.392504],[23.537379,42.39394],[23.537232,42.395173],[23.53705,42.396507],[23.536881,42.397704],[23.536721,42.399137],[23.536536,42.400509],[23.536386,42.401646],[23.536213,42.402998],[23.536057,42.404322],[23.535875,42.405687],[23.535712,42.407028],[23.535543,42.408363],[23.535376,42.409682],[23.535182,42.411029],[23.535019,42.412316],[23.534836,42.413712],[23.534673,42.41503],[23.534501,42.416345],[23.534342,42.417545],[23.533,42.418539],[23.53165,42.419538],[23.530647,42.420377],[23.529239,42.421574],[23.527872,42.422483],[23.527311,42.423206],[23.527259,42.424592],[23.527429,42.426888],[23.527703,42.428248],[23.528585,42.431966],[23.529271,42.433506],[23.529986,42.434998],[23.530954,42.436278],[23.53017,42.437363],[23.529048,42.438965],[23.52806,42.440343],[23.527023,42.441778],[23.524848,42.444819],[23.523576,42.446565],[23.522396,42.448178],[23.520619,42.450653],[23.519596,42.452079],[23.518656,42.453406],[23.517012,42.455712],[23.51625,42.456774],[23.515373,42.457979],[23.514237,42.45955],[23.513492,42.460579],[23.512701,42.46168],[23.511757,42.462958],[23.511018,42.464004],[23.510221,42.465109],[23.509463,42.46615],[23.508616,42.4673],[23.507736,42.468521],[23.506674,42.469994],[23.505993,42.470939],[23.505235,42.471977],[23.504306,42.473277],[23.503399,42.474541],[23.502535,42.475722],[23.501713,42.476874],[23.500976,42.477875],[23.50016,42.479022],[23.499382,42.480094],[23.498676,42.481079],[23.49792,42.482116],[23.49624,42.48331],[23.494856,42.484258],[23.493645,42.4851],[23.492316,42.486032],[23.491284,42.486747],[23.490208,42.488102],[23.489348,42.48919],[23.488325,42.490472],[23.486995,42.492164],[23.486217,42.49315],[23.484987,42.494712],[23.484234,42.495643],[23.483106,42.497104],[23.482411,42.497968],[23.481512,42.499127],[23.480527,42.500335],[23.479496,42.501671],[23.478332,42.503115],[23.477512,42.504192],[23.477446,42.505624],[23.477407,42.507056],[23.477295,42.508453],[23.477034,42.511463],[23.476909,42.512898],[23.476796,42.514209],[23.476631,42.516124],[23.47656,42.516918],[23.476437,42.518691],[23.476263,42.520684],[23.476128,42.522121],[23.476051,42.523739],[23.475639,42.528736],[23.475462,42.530148],[23.474932,42.536648],[23.474771,42.538504],[23.474565,42.541225],[23.474427,42.542663],[23.474189,42.544345],[23.474072,42.545882],[23.473893,42.54858],[23.471807,42.553592],[23.471444,42.554447],[23.470783,42.556074],[23.470367,42.557202],[23.470622,42.557987],[23.471102,42.559291],[23.47167,42.560707],[23.472353,42.562394],[23.472971,42.564002],[23.473356,42.564967],[23.473757,42.565928],[23.47483,42.568583],[23.47538,42.570094],[23.475955,42.571662],[23.476538,42.573084],[23.477156,42.57474],[23.477766,42.576269],[23.478375,42.577774],[23.478744,42.578753],[23.479096,42.579607],[23.479851,42.581762],[23.48028,42.58283],[23.480598,42.583613],[23.481036,42.584719],[23.481516,42.585964],[23.4824,42.588296],[23.482684,42.589136],[23.482914,42.589831],[23.483451,42.591369],[23.483806,42.5924],[23.484306,42.593781],[23.484715,42.594966],[23.485094,42.596025],[23.485411,42.596906],[23.48586,42.598276],[23.485983,42.599426],[23.486255,42.601815],[23.486395,42.603329],[23.485797,42.604884],[23.485347,42.606108],[23.484649,42.607983],[23.483996,42.609708],[23.483329,42.611517],[23.482799,42.612908],[23.48217,42.61456],[23.481491,42.616379],[23.480768,42.618295],[23.48024,42.619817],[23.479567,42.621511],[23.478944,42.623131],[23.478334,42.624778],[23.47763,42.626712],[23.476919,42.627286],[23.476322,42.628933],[23.475844,42.630302],[23.475441,42.631427],[23.475083,42.632421],[23.474409,42.634307],[23.473793,42.636038],[23.473186,42.637765],[23.472593,42.639457],[23.471976,42.64116],[23.471355,42.642963],[23.470805,42.644491],[23.470298,42.64589],[23.469709,42.647645],[23.469066,42.649332],[23.469322,42.649717]]}},{"type":"Feature","properties":{"osm_id":37378152,"voltage":"110000","circuits":"2","cables":"6","name":"","operator":"","ref":""},"geometry":{"type":"LineString","coordinates":[[23.122386,42.602146],[23.123501,42.602347],[23.126566,42.60347],[23.129319,42.60449],[23.132537,42.605728],[23.136332,42.607205],[23.140134,42.60832],[23.144245,42.609582],[23.145524,42.610926],[23.147769,42.613388],[23.151176,42.616611],[23.153157,42.618456],[23.155626,42.619675],[23.158364,42.621166],[23.160638,42.622385],[23.167024,42.625296],[23.168243,42.625688],[23.170533,42.626612],[23.174263,42.62815],[23.176436,42.628996],[23.179524,42.630166],[23.181504,42.630956],[23.182935,42.631514],[23.18451,42.632491],[23.18799,42.634713],[23.191452,42.636833],[23.195078,42.638962],[23.196133,42.639633],[23.197871,42.640699],[23.19915,42.641513],[23.200681,42.642472],[23.203782,42.644751],[23.205273,42.645854],[23.206917,42.647202],[23.209138,42.648732],[23.210389,42.649609],[23.212468,42.65097],[23.210954,42.652761],[23.209964,42.653958],[23.208974,42.654574],[23.20783,42.655345],[23.206324,42.658631],[23.209439,42.661429],[23.210568,42.662439],[23.210673,42.662541],[23.210991,42.662849],[23.213496,42.665121],[23.215093,42.666522],[23.218298,42.666289],[23.221649,42.666099],[23.226592,42.665778],[23.228492,42.665606],[23.231858,42.666869],[23.234704,42.667979],[23.23791,42.668397],[23.240678,42.669801]]}},{"type":"Feature","properties":{"osm_id":43158789,"voltage":"110000","circuits":"1","cables":"3","name":"","operator":"","ref":""},"geometry":{"type":"LineString","coordinates":[[27.31735,42.571769],[27.317659,42.571841],[27.319853,42.572699],[27.320455,42.574005],[27.321514,42.57618],[27.32257,42.578327],[27.323661,42.580713],[27.325347,42.581464]]}},{"type":"Feature","properties":{"osm_id":43158790,"voltage":"110000","circuits":"1","cables":"3","name":"","operator":"","ref":""},"geometry":{"type":"LineString","coordinates":[[27.317311,42.57186],[27.317506,42.572006],[27.319525,42.572743],[27.320295,42.574286],[27.321085,42.575961],[27.322107,42.578037],[27.323012,42.580029],[27.324088,42.582205]]}},{"type":"Feature","properties":{"osm_id":43158798,"voltage":"110000","circuits":"","cables":"3","name":"","operator":"","ref":""},"geometry":{"type":"LineString","coordinates":[[27.345467,42.552059],[27.345996,42.552291],[27.348175,42.553143],[27.349931,42.551201],[27.352176,42.548842],[27.354589,42.546348],[27.356746,42.544031],[27.358809,42.541895],[27.356727,42.540838],[27.354114,42.539481],[27.35246,42.538626],[27.349786,42.537244],[27.349244,42.537119]]}},{"type":"Feature","properties":{"osm_id":43158805,"voltage":"110000","circuits":"1","cables":"3","name":"","operator":"","ref":""},"geometry":{"type":"LineString","coordinates":[[27.327428,42.533544],[27.328022,42.533162],[27.33046,42.530557],[27.332266,42.528652],[27.334328,42.52644],[27.336388,42.52426],[27.338665,42.521846],[27.340113,42.520298],[27.342326,42.517948],[27.344485,42.515629],[27.346583,42.513398],[27.349496,42.51464],[27.352511,42.515897],[27.355135,42.51694],[27.355604,42.517719],[27.356368,42.51875],[27.357338,42.520034],[27.358995,42.522223],[27.360802,42.524538],[27.362196,42.526281],[27.363471,42.528001],[27.365665,42.530869],[27.367276,42.532998],[27.365337,42.535051],[27.363406,42.537081],[27.36181,42.538769],[27.362417,42.539406],[27.360479,42.541375],[27.358411,42.54362],[27.356503,42.54564],[27.354503,42.547773],[27.352841,42.549507],[27.353032,42.550097],[27.351116,42.552139],[27.349408,42.553966],[27.349013,42.554401]]}},{"type":"Feature","properties":{"osm_id":43158806,"voltage":"110000","circuits":"","cables":"3","name":"","operator":"","ref":""},"geometry":{"type":"LineString","coordinates":[[27.344962,42.552588],[27.345477,42.552853],[27.347619,42.553937],[27.348368,42.554313],[27.346384,42.556463],[27.344841,42.558064],[27.34327,42.559705],[27.34127,42.5619],[27.339348,42.563871],[27.336661,42.566722],[27.334526,42.569088],[27.332771,42.570955],[27.330198,42.573656],[27.328516,42.575477],[27.327599,42.57538]]}},{"type":"Feature","properties":{"osm_id":43158808,"voltage":"110000","circuits":"","cables":"3","name":"","operator":"","ref":""},"geometry":{"type":"LineString","coordinates":[[27.327247,42.57641],[27.326157,42.572965],[27.325304,42.569886],[27.325045,42.569074]]}},{"type":"Feature","properties":{"osm_id":67015094,"voltage":"110000","circuits":"2","cables":"6","name":"Бистрица/Павлово","operator":"Електроенергиен системен оператор","ref":""},"geometry":{"type":"LineString","coordinates":[[23.336856,42.681346],[23.339278,42.67936],[23.338904,42.67704],[23.338646,42.675445],[23.338463,42.674169],[23.338323,42.672928],[23.338038,42.670389],[23.337746,42.667669],[23.337469,42.665162],[23.337157,42.66226],[23.336846,42.659548],[23.336567,42.657073],[23.336318,42.654941],[23.33598,42.65201],[23.335715,42.649455],[23.335444,42.647147],[23.333399,42.645143],[23.333439,42.643163],[23.333539,42.642309],[23.33387,42.641045],[23.333557,42.638557],[23.333155,42.635138],[23.331542,42.632979]]}},{"type":"Feature","properties":{"osm_id":67015095,"voltage":"110000","circuits":"2","cables":"6","name":"","operator":"","ref":""},"geometry":{"type":"LineString","coordinates":[[23.330683,42.633336],[23.3316,42.634292],[23.332171,42.634957],[23.328209,42.636568],[23.324561,42.637909],[23.320634,42.639481],[23.318481,42.640343],[23.31502,42.641709],[23.312431,42.642659],[23.30935,42.643904],[23.305809,42.645285],[23.302301,42.646759],[23.298762,42.648164],[23.295713,42.649399],[23.29206,42.650801],[23.291214,42.651231],[23.288446,42.652315],[23.286864,42.653472],[23.285104,42.654783],[23.284125,42.655401]]}},{"type":"Feature","properties":{"osm_id":67015102,"voltage":"110000","circuits":"2","cables":"6","name":"","operator":"","ref":""},"geometry":{"type":"LineString","coordinates":[[23.316821,42.654387],[23.316722,42.652628],[23.31666,42.65059],[23.316881,42.647889],[23.315946,42.644945],[23.315598,42.643649],[23.315748,42.641746],[23.318867,42.640458],[23.321087,42.639568],[23.324803,42.638104],[23.32869,42.636631],[23.332606,42.635031],[23.331254,42.633094]]}},{"type":"Feature","properties":{"osm_id":67015104,"voltage":"110000","circuits":"","cables":"6","name":"","operator":"Електроенергиен системен оператор","ref":""},"geometry":{"type":"LineString","coordinates":[[23.358645,42.647865],[23.355249,42.645661],[23.357124,42.643688],[23.357403,42.643337],[23.357679,42.642996],[23.359372,42.640969],[23.359879,42.63903],[23.360434,42.636944],[23.361019,42.63475],[23.361587,42.632625],[23.362118,42.630726],[23.359778,42.628874],[23.357879,42.62734],[23.356047,42.625627]]}},{"type":"Feature","properties":{"osm_id":76197015,"voltage":"110000","circuits":"1","cables":"3","name":"","operator":"","ref":""},"geometry":{"type":"LineString","coordinates":[[25.607511,42.502189],[25.609348,42.500576],[25.610671,42.499416],[25.61173,42.497619],[25.612803,42.495847],[25.613763,42.494266],[25.614469,42.493081],[25.615468,42.491407],[25.616623,42.489468],[25.617715,42.487637],[25.619428,42.484767],[25.620232,42.483416]]}},{"type":"Feature","properties":{"osm_id":76999959,"voltage":"110000","circuits":"1","cables":"3","name":"","operator":"","ref":""},"geometry":{"type":"LineString","coordinates":[[25.64739,42.405018],[25.648202,42.405063],[25.650674,42.40644],[25.653167,42.40782],[25.655262,42.409023],[25.65632,42.409592],[25.658527,42.410857],[25.660922,42.412181],[25.663375,42.413612],[25.664981,42.415259],[25.66685,42.417198],[25.668597,42.41896],[25.669593,42.420018],[25.671271,42.421796],[25.671979,42.422547],[25.673283,42.424],[25.674245,42.425001],[25.675266,42.42611],[25.676085,42.426906],[25.677177,42.427994],[25.676985,42.42972],[25.676752,42.431797],[25.677766,42.432074],[25.680293,42.432753]]}},{"type":"Feature","properties":{"osm_id":85253382,"voltage":"110000","circuits":"2","cables":"6","name":"","operator":"","ref":""},"geometry":{"type":"LineString","coordinates":[[25.66587,42.439807],[25.663746,42.441715],[25.661469,42.443704],[25.658167,42.44525],[25.654789,42.446814],[25.650772,42.448703],[25.647702,42.450134],[25.644667,42.451555],[25.641987,42.452801],[25.63821,42.454562],[25.636605,42.457272],[25.634176,42.461296],[25.633433,42.462572],[25.631972,42.465019],[25.630525,42.467383],[25.628963,42.470025],[25.627443,42.472633],[25.626457,42.474193],[25.624895,42.476883],[25.623411,42.479337],[25.622114,42.481405],[25.62091,42.483832],[25.622273,42.487194],[25.623015,42.489058],[25.623884,42.491243],[25.625365,42.494697],[25.626011,42.49633],[25.62666,42.497846],[25.625489,42.499817],[25.624012,42.499942],[25.620907,42.500223],[25.619857,42.500359],[25.616458,42.502645],[25.613369,42.504764],[25.611136,42.506272],[25.608746,42.507938],[25.605501,42.510176],[25.603502,42.511515],[25.600534,42.51358],[25.598279,42.515099],[25.594878,42.517465],[25.592723,42.518611],[25.589036,42.520545],[25.587053,42.521594],[25.583267,42.523602],[25.581613,42.524476],[25.579985,42.525877],[25.578058,42.527583],[25.575186,42.530133],[25.573238,42.531836],[25.570181,42.534508],[25.567218,42.537124],[25.564709,42.539299],[25.562709,42.53943],[25.559895,42.539605],[25.556227,42.539398],[25.551973,42.539186],[25.547762,42.538968],[25.543458,42.53682],[25.541097,42.535644],[25.538951,42.53462],[25.533128,42.533605],[25.529543,42.532942],[25.524905,42.532153],[25.520878,42.531475],[25.515901,42.530627],[25.510597,42.529698],[25.507045,42.5291],[25.502925,42.528365],[25.498876,42.527664],[25.495428,42.527098],[25.49199,42.527565],[25.487037,42.528249],[25.483377,42.52874],[25.477508,42.529546],[25.472804,42.530217],[25.468377,42.530814],[25.464114,42.531411],[25.461796,42.531729],[25.456705,42.532408],[25.453132,42.532957],[25.446728,42.533797],[25.442171,42.534407],[25.436715,42.535128],[25.432857,42.535653],[25.429609,42.53611],[25.424636,42.536794],[25.419126,42.537539],[25.415278,42.53806],[25.41396,42.540544],[25.412606,42.543031],[25.410868,42.54629],[25.409442,42.548868],[25.407775,42.552025],[25.405363,42.556513],[25.404059,42.558997],[25.40239,42.56243],[25.400608,42.565314],[25.399151,42.566984],[25.396219,42.570287],[25.395095,42.571615],[25.392812,42.574142],[25.389867,42.577432],[25.387329,42.580296],[25.384844,42.583039],[25.382363,42.585859],[25.379735,42.588804],[25.378104,42.590635],[25.37743,42.59278],[25.376381,42.59599],[25.377249,42.598243],[25.378474,42.60154],[25.379712,42.604399],[25.378557,42.608757],[25.374513,42.608692],[25.374483,42.609805]]}},{"type":"Feature","properties":{"osm_id":85726127,"voltage":"110000","circuits":"1","cables":"3","name":"","operator":"","ref":""},"geometry":{"type":"LineString","coordinates":[[25.779724,42.422501],[25.77559,42.422203],[25.770964,42.421904],[25.766611,42.421621],[25.761982,42.421322],[25.757305,42.421018],[25.752786,42.420725],[25.750372,42.420569],[25.748423,42.420412],[25.74389,42.420046],[25.739358,42.41968],[25.735148,42.419421],[25.731533,42.419126],[25.727216,42.418802],[25.72286,42.418486],[25.720161,42.418292],[25.716137,42.418313],[25.712447,42.418334],[25.708555,42.418356],[25.705379,42.418335],[25.701783,42.418385],[25.698197,42.418392],[25.694553,42.418414],[25.690996,42.418443],[25.68739,42.4185],[25.683785,42.418522],[25.679303,42.418507],[25.675008,42.418519],[25.67058,42.418459],[25.668356,42.418463],[25.666614,42.416619],[25.665068,42.414972],[25.663841,42.41366],[25.662426,42.412854],[25.660334,42.411688],[25.65828,42.410534],[25.656206,42.40937],[25.655399,42.408913],[25.654156,42.40821],[25.652187,42.4071],[25.650208,42.406004],[25.648284,42.404937],[25.647464,42.404868]]}},{"type":"Feature","properties":{"osm_id":86125064,"voltage":"110000","circuits":"1","cables":"3","name":"","operator":"","ref":""},"geometry":{"type":"LineString","coordinates":[[25.733553,42.446373],[25.736544,42.447132],[25.739622,42.447894],[25.742439,42.448565],[25.745445,42.449313],[25.748402,42.450061],[25.751599,42.450824],[25.753949,42.448989],[25.756831,42.446737],[25.759899,42.444341],[25.763065,42.441867],[25.765943,42.43962],[25.768901,42.437309],[25.77187,42.43499],[25.774827,42.432679],[25.777283,42.430761],[25.778181,42.429277],[25.779535,42.427043],[25.780907,42.424778],[25.782214,42.422619],[25.783595,42.42034],[25.785081,42.417885],[25.786424,42.415668],[25.787794,42.413406],[25.789188,42.411081],[25.790491,42.408908],[25.791874,42.4066],[25.793192,42.404402],[25.79468,42.40192],[25.796101,42.399549],[25.797311,42.39753],[25.798646,42.395303],[25.800062,42.39294],[25.801402,42.390704],[25.802709,42.388523],[25.804117,42.386175],[25.805505,42.383858],[25.806897,42.381535],[25.80827,42.379244],[25.80969,42.376874],[25.811083,42.374549],[25.812476,42.372225],[25.81383,42.369964],[25.815198,42.367681],[25.816543,42.365436],[25.817925,42.363129],[25.820718,42.358466],[25.822047,42.356248],[25.823391,42.354004],[25.824798,42.351608],[25.827273,42.34955],[25.829868,42.347393],[25.832076,42.345556],[25.834584,42.343548],[25.836863,42.34164],[25.839115,42.339831],[25.841325,42.338011],[25.843526,42.336198],[25.845794,42.33439],[25.847918,42.332676],[25.850212,42.330755],[25.852436,42.328892],[25.854719,42.326979],[25.856968,42.325154],[25.858788,42.323615],[25.860338,42.322369],[25.862176,42.320925],[25.863867,42.319561],[25.862874,42.317989],[25.861987,42.316515],[25.863064,42.314652],[25.864198,42.31269],[25.865229,42.310905],[25.866357,42.309063],[25.864626,42.306903],[25.863055,42.304941],[25.861188,42.302612],[25.859706,42.300761],[25.858564,42.299336],[25.857791,42.297138],[25.856808,42.294344],[25.85593,42.291849],[25.855059,42.289371],[25.854222,42.286993],[25.853313,42.28441],[25.852442,42.281932],[25.851648,42.279675],[25.850816,42.27731],[25.84989,42.274678],[25.849038,42.272256],[25.84826,42.270043],[25.847366,42.2675],[25.84644,42.264869],[25.845498,42.262409],[25.845156,42.259813],[25.844843,42.257436],[25.844519,42.254974],[25.844136,42.252065],[25.843819,42.249656],[25.843512,42.247325],[25.843131,42.24443],[25.842844,42.242255],[25.842444,42.239219],[25.842169,42.237023],[25.841834,42.234585],[25.841523,42.232216],[25.841188,42.229675],[25.84088,42.227337],[25.840522,42.224612],[25.840173,42.221964],[25.839917,42.220023],[25.839496,42.217001],[25.839172,42.214362],[25.838829,42.211752],[25.838552,42.20965],[25.838197,42.206951],[25.837898,42.204682],[25.837594,42.20237],[25.837296,42.200103],[25.836997,42.197831],[25.836704,42.195604],[25.836377,42.193806],[25.836747,42.191742],[25.837076,42.189991],[25.837646,42.186949],[25.837991,42.185112],[25.838472,42.18255],[25.838945,42.180029],[25.839373,42.17775],[25.839706,42.175972],[25.840098,42.173881],[25.840659,42.170893],[25.841224,42.167725],[25.841808,42.164691],[25.842197,42.16249],[25.842745,42.159565],[25.843224,42.15701],[25.843542,42.155286],[25.843875,42.153557],[25.844462,42.150316],[25.844763,42.148671],[25.845262,42.146084],[25.845588,42.144273],[25.846107,42.141539],[25.84662,42.138729],[25.847104,42.136148],[25.849345,42.133956],[25.85188,42.131441],[25.853617,42.129768],[25.856118,42.127325],[25.858219,42.125263],[25.861995,42.124479],[25.863673,42.124529],[25.864257,42.124586]]}},{"type":"Feature","properties":{"osm_id":89449463,"voltage":"220000;110000","circuits":"2","cables":"6","name":"","operator":"","ref":""},"geometry":{"type":"LineString","coordinates":[[25.374293,42.609832],[25.374016,42.608562],[25.36927,42.608884],[25.364369,42.609178],[25.359193,42.609573],[25.354278,42.609826],[25.349116,42.610068],[25.344192,42.610335],[25.339247,42.610649],[25.334484,42.610898],[25.333686,42.615147],[25.332864,42.619433],[25.332309,42.622421],[25.331045,42.625244],[25.329843,42.627932],[25.328627,42.630786],[25.327412,42.633496],[25.324553,42.635716],[25.321529,42.638121],[25.318392,42.640571],[25.315147,42.643082],[25.312427,42.645235],[25.308863,42.64593],[25.30516,42.646639],[25.30163,42.64731],[25.298326,42.647947]]}},{"type":"Feature","properties":{"osm_id":89571771,"voltage":"220000","circuits":"2","cables":"6","name":"Витоша-Верила","operator":"","ref":""},"geometry":{"type":"LineString","coordinates":[[23.332271,42.631828],[23.334225,42.631978],[23.336189,42.631214],[23.339929,42.629753],[23.34286,42.628083],[23.345747,42.626506],[23.347489,42.623323],[23.349107,42.620464],[23.350737,42.617649],[23.352269,42.614897],[23.354036,42.611815],[23.353835,42.610065],[23.353676,42.608207],[23.353477,42.605901],[23.353285,42.60373],[23.353941,42.602344],[23.354807,42.600656],[23.355954,42.59833],[23.358872,42.595982],[23.360949,42.594321],[23.363112,42.59258],[23.364158,42.592137],[23.36752,42.5907],[23.369516,42.589864],[23.371366,42.586743],[23.372529,42.584916],[23.373938,42.582593],[23.374142,42.578595],[23.37426,42.576711],[23.374389,42.574321],[23.374592,42.571267],[23.374641,42.570529],[23.374856,42.566803],[23.375033,42.564192],[23.375204,42.561347],[23.375435,42.558047],[23.375553,42.5554],[23.375703,42.552993],[23.375853,42.55052],[23.376009,42.547915],[23.376213,42.545014],[23.376304,42.543386],[23.376435,42.54146],[23.376599,42.53754],[23.375476,42.536133],[23.374132,42.534423],[23.372747,42.532658],[23.370468,42.529773],[23.36896,42.527828],[23.367265,42.525788],[23.366149,42.524191],[23.366208,42.523202],[23.366519,42.520431],[23.365355,42.518256],[23.364347,42.516489],[23.363644,42.51331],[23.362925,42.510166],[23.362507,42.508319],[23.36086,42.507338],[23.358489,42.505974],[23.356434,42.504768],[23.354986,42.503977],[23.352148,42.502304],[23.349927,42.501011],[23.347824,42.499706],[23.345716,42.498515],[23.343013,42.496961],[23.340212,42.495351],[23.3368,42.493278],[23.334188,42.491736],[23.331366,42.490106],[23.329269,42.488887],[23.324612,42.486154],[23.322295,42.485778],[23.320192,42.485422],[23.317735,42.484939],[23.314742,42.484544],[23.311057,42.483954],[23.307403,42.483345],[23.304077,42.482831],[23.300639,42.482265],[23.29595,42.481517],[23.291573,42.480825],[23.28796,42.480168],[23.283601,42.479427],[23.276675,42.478293],[23.271462,42.477537],[23.270453,42.47548],[23.268935,42.472053],[23.26775,42.469576],[23.266575,42.46702],[23.265341,42.46442],[23.264273,42.462117],[23.262938,42.459351],[23.26165,42.45662],[23.260111,42.453248],[23.258711,42.450251],[23.257353,42.447382],[23.255959,42.444377]]}},{"type":"Feature","properties":{"osm_id":89863919,"voltage":"110000","circuits":"1","cables":"3","name":"","operator":"","ref":""},"geometry":{"type":"LineString","coordinates":[[25.982743,42.500653],[25.983376,42.498142],[25.983931,42.495847],[25.984487,42.493734],[25.985103,42.491391],[25.985687,42.48898],[25.986325,42.486415],[25.986647,42.485819],[25.985778,42.485735],[25.984123,42.485449],[25.981496,42.484971],[25.978884,42.484472],[25.976313,42.484008],[25.97383,42.483567],[25.971099,42.483068],[25.968413,42.482638],[25.965869,42.482154],[25.963303,42.481666],[25.960716,42.481174],[25.958072,42.480671],[25.955443,42.48017],[25.952834,42.479698],[25.950226,42.479226],[25.947637,42.478758],[25.945113,42.478301],[25.942427,42.477815],[25.939871,42.477352],[25.937504,42.476924],[25.934761,42.476427],[25.932232,42.475969],[25.92969,42.475509],[25.927094,42.475039],[25.924673,42.474601],[25.922215,42.474156],[25.919546,42.473673],[25.917393,42.473283],[25.914728,42.472801],[25.912343,42.472369],[25.909755,42.471901],[25.907139,42.471427],[25.904787,42.471002],[25.902262,42.470544],[25.899541,42.470052],[25.897111,42.469519],[25.894523,42.469046],[25.89216,42.468614],[25.889476,42.468124],[25.886965,42.467666],[25.884682,42.467249],[25.88213,42.466782],[25.879546,42.466311],[25.877104,42.465865],[25.874462,42.465382],[25.871908,42.464916],[25.869462,42.46441],[25.866863,42.463934],[25.864208,42.463447],[25.861734,42.462994],[25.860116,42.462697],[25.857547,42.462226],[25.855022,42.461763],[25.852486,42.461298],[25.84999,42.460841],[25.847527,42.460389],[25.845002,42.459964],[25.842531,42.459517],[25.840066,42.459021],[25.8375,42.458591],[25.835068,42.458105],[25.832445,42.457671],[25.830628,42.45734],[25.828202,42.456846],[25.825636,42.456376],[25.823059,42.455903],[25.820408,42.455417],[25.817856,42.454949],[25.815108,42.454445],[25.812495,42.453966],[25.809994,42.453508],[25.807415,42.453035],[25.804816,42.452565],[25.802206,42.45208],[25.799617,42.451605],[25.797159,42.451154],[25.794616,42.450688],[25.792028,42.450214],[25.789389,42.44973],[25.786793,42.449254],[25.784166,42.448772],[25.78159,42.448301],[25.779014,42.447829],[25.776367,42.447345],[25.773627,42.446843],[25.768571,42.445918],[25.765974,42.445443],[25.763398,42.44489],[25.760458,42.44426],[25.758165,42.446028],[25.755872,42.447814],[25.75374,42.44946],[25.751669,42.451126],[25.748688,42.450386],[25.745491,42.449592],[25.742501,42.44885],[25.739552,42.448137],[25.736552,42.447389],[25.733419,42.446624],[25.731134,42.446404],[25.729144,42.445877],[25.726774,42.445226],[25.72418,42.444527],[25.721572,42.443829],[25.719456,42.443254],[25.716824,42.442559],[25.714195,42.441881],[25.711722,42.44121],[25.709054,42.440485],[25.706525,42.439797],[25.704077,42.439135],[25.701596,42.438451],[25.698679,42.43774],[25.695784,42.43691],[25.693049,42.43619],[25.690398,42.435529],[25.687965,42.434812],[25.685456,42.434116],[25.68288,42.433436],[25.680293,42.432753]]}},{"type":"Feature","properties":{"osm_id":91039615,"voltage":"110000","circuits":"1","cables":"3","name":"","operator":"","ref":""},"geometry":{"type":"LineString","coordinates":[[25.268281,42.135656],[25.271235,42.1374],[25.274781,42.139466],[25.279428,42.142307],[25.28233,42.142679],[25.286334,42.143215],[25.289526,42.143691],[25.292266,42.144104],[25.293492,42.146084],[25.295084,42.148752],[25.296574,42.151222],[25.297856,42.153404],[25.299365,42.155967],[25.300753,42.158315],[25.302161,42.160604],[25.303682,42.163198],[25.305228,42.165844],[25.30658,42.168213],[25.307947,42.170404],[25.309435,42.173351],[25.313294,42.173837],[25.317382,42.174263],[25.321356,42.17475],[25.328769,42.175506],[25.330699,42.177521],[25.333467,42.180479],[25.336364,42.182506],[25.339388,42.184697],[25.342005,42.18651],[25.345247,42.188765],[25.347653,42.190432],[25.350555,42.192423],[25.353261,42.194323],[25.355595,42.196041],[25.357979,42.19769],[25.358328,42.199642],[25.356951,42.202124],[25.355827,42.20422],[25.355786,42.20441]]}},{"type":"Feature","properties":{"osm_id":91231691,"voltage":"110000","circuits":"1","cables":"3","name":"","operator":"","ref":""},"geometry":{"type":"LineString","coordinates":[[24.748113,42.182793],[24.749274,42.183942],[24.749574,42.187511],[24.749842,42.190564],[24.750064,42.193152],[24.750267,42.19567],[24.753302,42.196679],[24.757297,42.197924],[24.761289,42.199208],[24.765488,42.200516],[24.769726,42.201907],[24.773611,42.203129],[24.776528,42.204067],[24.779953,42.205158],[24.782778,42.206034],[24.786851,42.206934],[24.791361,42.207879],[24.795791,42.208816],[24.799353,42.209605],[24.80379,42.210523],[24.806849,42.211175],[24.808812,42.212184],[24.811497,42.213568],[24.815395,42.213791],[24.818765,42.215283],[24.822174,42.216814],[24.825407,42.218265],[24.828897,42.219832],[24.832261,42.221342],[24.835493,42.222793],[24.838713,42.224238],[24.842156,42.225784],[24.845325,42.227207],[24.848828,42.228779],[24.851488,42.229973],[24.854764,42.231444],[24.858013,42.232902],[24.86153,42.23448],[24.864636,42.235875],[24.86791,42.237344],[24.871246,42.238841],[24.874123,42.240132],[24.877562,42.241676],[24.880999,42.243219],[24.884469,42.244776],[24.887739,42.246243],[24.89113,42.247765],[24.894454,42.249256],[24.898036,42.250864],[24.904273,42.253663],[24.907601,42.255156],[24.910994,42.256678],[24.914439,42.258224],[24.920648,42.26101],[24.924486,42.261447],[24.926623,42.261707],[24.930336,42.262158],[24.933817,42.262582],[24.935558,42.26074],[24.937699,42.258477],[24.939997,42.256015],[24.941324,42.254613],[24.941699,42.254636]]}},{"type":"Feature","properties":{"osm_id":91237640,"voltage":"110000","circuits":"1","cables":"3","name":"","operator":"","ref":""},"geometry":{"type":"LineString","coordinates":[[24.674075,42.193269],[24.673622,42.192843],[24.675347,42.192491],[24.676789,42.19189],[24.678521,42.191127],[24.681411,42.189933],[24.685145,42.188407],[24.687902,42.187296],[24.691205,42.185909],[24.693633,42.185539],[24.696061,42.185162],[24.699155,42.183538],[24.700493,42.18288],[24.704267,42.182197],[24.707915,42.18159],[24.711876,42.180958],[24.715809,42.180264],[24.719818,42.179596],[24.723494,42.178994]]}},{"type":"Feature","properties":{"osm_id":91861395,"voltage":"110000","circuits":"2","cables":"6","name":"","operator":"","ref":""},"geometry":{"type":"LineString","coordinates":[[25.643635,42.436705],[25.645829,42.437516],[25.647604,42.438154],[25.650638,42.438108],[25.653586,42.438106],[25.656285,42.438095],[25.658675,42.438093],[25.662057,42.439258],[25.664881,42.440224],[25.665523,42.439634]]}},{"type":"Feature","properties":{"osm_id":92699536,"voltage":"110000","circuits":"2","cables":"6","name":"","operator":"","ref":""},"geometry":{"type":"LineString","coordinates":[[26.288514,42.633584],[26.288069,42.636521],[26.287604,42.639781],[26.287084,42.643169],[26.286585,42.646529],[26.286072,42.650061],[26.286132,42.653292],[26.288695,42.656973],[26.288758,42.657063]]}},{"type":"Feature","properties":{"osm_id":94754373,"voltage":"400000","circuits":"1","cables":"3","name":"","operator":"","ref":""},"geometry":{"type":"LineString","coordinates":[[24.381022,42.710716],[24.382115,42.710529],[24.384273,42.710159],[24.386265,42.709743],[24.388149,42.709309],[24.389563,42.709037],[24.391504,42.708635],[24.395569,42.707647],[24.398113,42.70671],[24.40094,42.704688],[24.408039,42.701807],[24.409673,42.701129],[24.411909,42.701041],[24.415352,42.700902],[24.417645,42.700819],[24.421289,42.700667],[24.426754,42.700431],[24.430128,42.700265],[24.431554,42.700205],[24.43773,42.700117],[24.439809,42.70009],[24.442599,42.700016],[24.445099,42.69997],[24.449691,42.701743],[24.454654,42.702366],[24.457375,42.702599],[24.459264,42.702768],[24.460241,42.702938],[24.464117,42.703647],[24.467207,42.704181],[24.468174,42.704343],[24.468561,42.704409],[24.469888,42.704583],[24.472153,42.704739],[24.475026,42.704908],[24.479688,42.705209],[24.481709,42.705345],[24.484152,42.705505],[24.486773,42.705661],[24.489131,42.70583],[24.492386,42.706058],[24.494592,42.70618],[24.497022,42.706335],[24.503038,42.706694],[24.506419,42.705602],[24.509152,42.705801],[24.513682,42.706068],[24.517598,42.706321],[24.521078,42.706515],[24.522526,42.706619],[24.524512,42.706762],[24.527351,42.706927],[24.530514,42.70716],[24.532581,42.707349],[24.536273,42.707558],[24.539172,42.707757],[24.541886,42.707922],[24.54489,42.708145],[24.547901,42.7083],[24.551018,42.707834],[24.555152,42.70715],[24.55848,42.706607],[24.561953,42.706015],[24.566021,42.705335],[24.570023,42.70468],[24.573787,42.704088],[24.577313,42.703491],[24.580773,42.702899],[24.584616,42.702269],[24.588024,42.701706],[24.592283,42.701002],[24.596833,42.700235],[24.601175,42.699512],[24.605484,42.698765],[24.609445,42.698143],[24.611781,42.698418],[24.615986,42.698793],[24.618529,42.697484],[24.622188,42.695706],[24.625919,42.693836],[24.629091,42.692348],[24.632336,42.690942],[24.636098,42.689277],[24.639962,42.687551],[24.64373,42.685921],[24.647111,42.684419],[24.650332,42.683003],[24.653424,42.681645],[24.65646,42.680312],[24.660697,42.678446],[24.664607,42.676699],[24.66822,42.675161],[24.671923,42.673509],[24.675227,42.672032],[24.678371,42.670656],[24.682281,42.668913],[24.686019,42.667187],[24.689644,42.665592],[24.692779,42.664202],[24.695838,42.662817],[24.699107,42.661353],[24.702293,42.6599],[24.705031,42.65867],[24.707212,42.656781],[24.709851,42.654705],[24.713525,42.652698],[24.716378,42.65098],[24.719433,42.649233],[24.723038,42.647166],[24.726503,42.645134],[24.729969,42.643086],[24.732689,42.641492],[24.736095,42.640446],[24.739995,42.63923],[24.743503,42.638177],[24.747575,42.63689],[24.751598,42.635655],[24.755622,42.634424],[24.759682,42.633169],[24.763813,42.631886],[24.767901,42.630631],[24.77127,42.629581],[24.774724,42.628508],[24.778823,42.627252],[24.78291,42.62597],[24.787046,42.624659],[24.789262,42.623491],[24.793065,42.621426],[24.79674,42.619445],[24.800329,42.617499],[24.803842,42.615584],[24.807018,42.613843],[24.80945,42.612543],[24.811875,42.611228],[24.813163,42.610509],[24.813045,42.607251],[24.812934,42.604258],[24.812796,42.601352],[24.81275,42.598461],[24.812346,42.596135],[24.811888,42.593356],[24.81139,42.590261],[24.810835,42.586584],[24.810635,42.584829],[24.810079,42.581553],[24.809714,42.578889],[24.809203,42.575817],[24.808734,42.572615],[24.8084,42.570749],[24.807994,42.567777],[24.807514,42.564759],[24.807045,42.561987],[24.804203,42.559573],[24.805169,42.557166],[24.807309,42.552578],[24.808049,42.550828],[24.809294,42.548077],[24.810308,42.545884],[24.811225,42.543595],[24.812185,42.541671],[24.812947,42.53986],[24.814422,42.536256],[24.8166,42.531567],[24.81469,42.528919],[24.813424,42.527207],[24.812094,42.525266],[24.811774,42.521791],[24.811275,42.519466],[24.810884,42.51741],[24.81046,42.515275],[24.810133,42.512436],[24.809626,42.509936],[24.808448,42.507279],[24.807536,42.504677],[24.80614,42.501291],[24.804843,42.49804],[24.803672,42.495208],[24.803157,42.493729],[24.802417,42.492171],[24.80143,42.489402],[24.800625,42.487329],[24.79996,42.485667],[24.799458,42.484449],[24.798458,42.481545],[24.795207,42.48005],[24.792377,42.478689],[24.788512,42.476742],[24.785307,42.475175],[24.781946,42.473759],[24.780618,42.471313],[24.779425,42.469422],[24.777386,42.465995],[24.775337,42.462742],[24.773838,42.460091],[24.772818,42.458286],[24.771056,42.455468],[24.769318,42.452555],[24.768216,42.450861],[24.766539,42.447948],[24.765145,42.445699],[24.763334,42.442675],[24.762183,42.440395],[24.762795,42.437655],[24.763739,42.434266],[24.764729,42.430663],[24.765817,42.42715],[24.766547,42.424086],[24.768063,42.419722],[24.768855,42.41645],[24.769427,42.414127],[24.76944,42.410979],[24.7696,42.407803],[24.769682,42.404377],[24.76979,42.401299],[24.769933,42.398787],[24.770033,42.395552],[24.770132,42.393564],[24.770127,42.390178],[24.770297,42.387394],[24.769526,42.38453],[24.768803,42.381582],[24.767937,42.378097],[24.76722,42.375172],[24.766396,42.37188],[24.765922,42.370011],[24.765051,42.366693],[24.766191,42.365199],[24.768111,42.362181],[24.769471,42.360359],[24.771295,42.357283],[24.773352,42.354152],[24.775385,42.351036],[24.77739,42.34796],[24.779377,42.344849],[24.781481,42.34157],[24.783496,42.338477],[24.785259,42.335786],[24.787173,42.333231],[24.789728,42.329332],[24.791015,42.327117],[24.794985,42.325437],[24.799244,42.323737],[24.803492,42.322006],[24.807177,42.32057],[24.811109,42.318977],[24.813395,42.318072],[24.816444,42.316851],[24.820599,42.31518],[24.822874,42.314314],[24.826537,42.312846],[24.830383,42.311267]]}},{"type":"Feature","properties":{"osm_id":94773675,"voltage":"400000","circuits":"1","cables":"3","name":"Средногорие","operator":"","ref":""},"geometry":{"type":"LineString","coordinates":[[23.620405,42.723356],[23.621107,42.723315],[23.62397,42.72403],[23.627706,42.724841],[23.629115,42.725167],[23.632002,42.726258],[23.634595,42.727311],[23.63868,42.728932],[23.642276,42.730325],[23.645092,42.73146],[23.648001,42.732658],[23.650276,42.733503],[23.655039,42.735407],[23.656799,42.7361],[23.660249,42.737468],[23.665545,42.739542],[23.668987,42.740941],[23.671853,42.742101],[23.674089,42.742088],[23.678037,42.742001],[23.679652,42.741966],[23.683852,42.741899],[23.685965,42.741851],[23.688605,42.74178],[23.690836,42.741777],[23.693847,42.741703],[23.696256,42.741633],[23.699934,42.741611],[23.702576,42.741633],[23.704188,42.741464],[23.706073,42.741162],[23.709081,42.74068],[23.711557,42.740283],[23.714618,42.739792],[23.717559,42.73932],[23.719812,42.738959],[23.722192,42.738577],[23.725315,42.738076],[23.729031,42.737475],[23.732209,42.736961],[23.736838,42.736212],[23.74054,42.735614],[23.744051,42.735046],[23.747525,42.734484],[23.751231,42.733884],[23.755604,42.733177],[23.759001,42.732622],[23.761478,42.732217],[23.763392,42.731904],[23.765618,42.73154],[23.768002,42.731142],[23.770816,42.730671],[23.775493,42.729888],[23.778374,42.727367],[23.778969,42.726819],[23.78162,42.724373],[23.787924,42.721331],[23.789029,42.71945],[23.790611,42.716822],[23.791653,42.715229],[23.793667,42.711933],[23.795313,42.709239],[23.797463,42.705721],[23.798411,42.704169],[23.800823,42.700222],[23.803981,42.699506],[23.80736,42.69874],[23.809285,42.698304],[23.815783,42.696832],[23.821467,42.695557],[23.824417,42.694895],[23.82856,42.693965],[23.830617,42.693504],[23.836201,42.692208],[23.837731,42.691853],[23.840216,42.691276],[23.845152,42.690131],[23.847932,42.689619],[23.854061,42.689639],[23.858524,42.689654],[23.862543,42.689668],[23.867107,42.689683],[23.871431,42.689698],[23.875134,42.68971],[23.880888,42.68973],[23.882853,42.689736],[23.887294,42.689943],[23.890491,42.690091],[23.892197,42.69017],[23.897626,42.690422],[23.89977,42.690522],[23.902009,42.690626],[23.905025,42.690766],[23.907464,42.690879],[23.90981,42.690988],[23.912435,42.69111],[23.913899,42.690497],[23.915817,42.689699],[23.91824,42.688686],[23.920957,42.687532],[23.924147,42.686177],[23.925571,42.685571],[23.928039,42.684522],[23.92963,42.684363],[23.934311,42.683938],[23.941006,42.683322],[23.945442,42.682883],[23.949068,42.682543],[23.954999,42.681977],[23.958799,42.681598],[23.963155,42.681208],[23.967494,42.680785],[23.971639,42.680381],[23.975412,42.680011],[23.979848,42.679602],[23.984191,42.679203],[23.98725,42.678911],[23.992584,42.679156],[23.999693,42.679476],[24.006932,42.679618],[24.011564,42.679754],[24.017218,42.679864],[24.021191,42.679928],[24.024557,42.683634],[24.027109,42.686309],[24.030328,42.686731],[24.036141,42.687494],[24.040496,42.688065],[24.044333,42.688569],[24.048632,42.689133],[24.052673,42.689663],[24.055277,42.690004],[24.058304,42.690402],[24.062934,42.691009],[24.067111,42.691557],[24.070057,42.690235],[24.072265,42.689243],[24.075013,42.687986],[24.08015,42.685661],[24.082919,42.684389],[24.086581,42.682786],[24.088602,42.681849],[24.092042,42.680282],[24.096005,42.678507],[24.097372,42.677897],[24.099899,42.678308],[24.102312,42.678701],[24.107108,42.679481],[24.112292,42.680325],[24.119127,42.681438],[24.121214,42.681777],[24.124566,42.682323],[24.130553,42.683297],[24.13292,42.686064],[24.135864,42.689552],[24.137479,42.691514],[24.14004,42.694516],[24.141748,42.696558],[24.143982,42.699154],[24.145767,42.70136],[24.146978,42.701578],[24.151921,42.702356],[24.152151,42.703482]]}},{"type":"Feature","properties":{"osm_id":94773688,"voltage":"110000","circuits":"1","cables":"3","name":"","operator":"","ref":""},"geometry":{"type":"LineString","coordinates":[[23.859746,42.689059],[23.865438,42.689086],[23.86683,42.689102],[23.869072,42.689109],[23.870502,42.689125],[23.87173,42.689139],[23.873709,42.689011],[23.875753,42.688855],[23.879944,42.688562],[23.881489,42.688443],[23.884453,42.688248],[23.889205,42.687909],[23.891894,42.687727],[23.895315,42.687313],[23.897975,42.687301],[23.899726,42.687159],[23.903774,42.686873],[23.906242,42.686708],[23.910025,42.686437],[23.911114,42.686358],[23.915186,42.686104],[23.918057,42.685862],[23.921222,42.685643],[23.922831,42.685523],[23.924344,42.685421],[23.925463,42.685328],[23.92884,42.685058],[23.929974,42.684977],[23.93311,42.684667],[23.935837,42.684411],[23.937471,42.684263],[23.940851,42.683934],[23.944858,42.683552],[23.946585,42.683398],[23.94864,42.683204],[23.951349,42.682936],[23.953575,42.682731],[23.955528,42.682554],[23.957647,42.682337],[23.95969,42.682144],[23.961686,42.681966],[23.963966,42.681737],[23.96683,42.681457],[23.968359,42.681323],[23.970521,42.68111],[23.972297,42.680972],[23.97411,42.680763],[23.976261,42.680574],[23.978702,42.680322],[23.979973,42.680203],[23.982645,42.679959],[23.984887,42.679766],[23.986593,42.679584],[23.98787,42.679482],[23.992413,42.679722],[23.994645,42.679821],[23.998518,42.68001],[24.006436,42.680401],[24.007702,42.68046],[24.011677,42.680651],[24.013805,42.680732],[24.016314,42.680883],[24.019598,42.681049],[24.020909,42.681118],[24.022414,42.681181],[24.026215,42.681682],[24.028846,42.682179],[24.030902,42.682495],[24.033117,42.682846],[24.03601,42.683314],[24.038184,42.683634],[24.040316,42.683991],[24.042227,42.684286],[24.044587,42.684672],[24.046871,42.685008],[24.049135,42.685359],[24.051309,42.68567],[24.053561,42.686042],[24.055721,42.686389],[24.057459,42.686663],[24.062159,42.687513],[24.06454,42.688007],[24.068368,42.688846],[24.070445,42.689312],[24.072477,42.689756],[24.07496,42.690335],[24.077518,42.690905],[24.079354,42.691331],[24.078558,42.692903]]}},{"type":"Feature","properties":{"osm_id":96993278,"voltage":"110000","circuits":"2","cables":"6","name":"","operator":"","ref":""},"geometry":{"type":"LineString","coordinates":[[24.712726,42.129558],[24.710494,42.129148],[24.708112,42.128735],[24.707384,42.127402],[24.70545,42.124053],[24.704011,42.121483],[24.702594,42.118996],[24.701022,42.116187],[24.699725,42.113879],[24.696499,42.113603],[24.692762,42.11327],[24.688788,42.112955],[24.684804,42.112619],[24.680699,42.112287],[24.676163,42.111957],[24.674522,42.111067],[24.672533,42.109939],[24.670308,42.108715],[24.669015,42.108053],[24.66617,42.107393],[24.658971,42.106139],[24.654983,42.105377],[24.651127,42.104642],[24.647219,42.103905],[24.643271,42.103197],[24.639309,42.10248],[24.635569,42.101775],[24.631629,42.101034],[24.627726,42.10032],[24.622767,42.099428],[24.618391,42.098116],[24.614853,42.097058],[24.611339,42.096007],[24.608409,42.09513],[24.603644,42.093097],[24.600179,42.091611],[24.596748,42.090076],[24.594436,42.089024],[24.590658,42.087375],[24.587392,42.08596],[24.58414,42.08458],[24.580564,42.083059],[24.576484,42.081314],[24.572494,42.079598],[24.568249,42.077765],[24.564171,42.076049],[24.561191,42.07476],[24.558923,42.073745],[24.555021,42.072086],[24.550837,42.070271],[24.549976,42.069605],[24.547966,42.069013],[24.545645,42.068028],[24.543174,42.066961],[24.540799,42.065932],[24.538405,42.064903],[24.535694,42.063739],[24.532391,42.062313],[24.528884,42.060788],[24.525519,42.059329],[24.5221,42.05786],[24.518547,42.05634],[24.515264,42.054908],[24.51163,42.053337],[24.508305,42.051907],[24.504962,42.050456],[24.501392,42.048919],[24.498149,42.047498],[24.494671,42.046011],[24.491308,42.044549],[24.487688,42.042976],[24.486726,42.042071],[24.483428,42.038999],[24.479679,42.035537],[24.476448,42.034978],[24.472302,42.034206]]}},{"type":"Feature","properties":{"osm_id":97115177,"voltage":"400000","circuits":"1","cables":"3","name":"","operator":"","ref":""},"geometry":{"type":"LineString","coordinates":[[24.760542,42.094351],[24.755646,42.09411],[24.750855,42.093813],[24.746197,42.093537],[24.742046,42.093289],[24.737885,42.093055],[24.733246,42.092779],[24.728723,42.092524],[24.724361,42.09224],[24.719914,42.092007],[24.715466,42.091702],[24.710952,42.091483],[24.706829,42.091207],[24.70325,42.090994],[24.699261,42.090753],[24.697304,42.093168],[24.694957,42.096058],[24.69237,42.099308],[24.689851,42.102403],[24.687404,42.105462],[24.685453,42.107868],[24.681955,42.107948],[24.677776,42.107916],[24.674245,42.107937],[24.669277,42.107725],[24.665622,42.107625],[24.660651,42.107472],[24.65692,42.107318],[24.652605,42.107186],[24.648154,42.107054],[24.643517,42.106862],[24.639031,42.106709],[24.634443,42.106535],[24.629983,42.106367],[24.625536,42.106199],[24.62165,42.106022],[24.61728,42.106476],[24.613084,42.106879],[24.609191,42.10722],[24.604542,42.107685],[24.599975,42.108083],[24.595704,42.108499],[24.591409,42.108916],[24.587677,42.109223],[24.583463,42.109626],[24.580956,42.109866],[24.576479,42.110294],[24.572253,42.110696],[24.567922,42.111091],[24.563358,42.11151],[24.559234,42.11185],[24.555213,42.112228],[24.551775,42.11255],[24.54762,42.113088],[24.542949,42.113566],[24.537787,42.114149],[24.53262,42.114688],[24.528324,42.115136],[24.525533,42.115616],[24.521458,42.116281],[24.516962,42.117015],[24.513271,42.117615],[24.509204,42.118358],[24.504817,42.119075],[24.501016,42.119696],[24.496742,42.120403],[24.491974,42.121199],[24.487305,42.121979],[24.482797,42.122731],[24.478126,42.123511],[24.473618,42.124263],[24.469354,42.124975],[24.46473,42.12571],[24.461513,42.124237],[24.458249,42.122799],[24.455972,42.121754],[24.453915,42.120877],[24.451679,42.119847],[24.448974,42.118683],[24.445122,42.116972],[24.441637,42.115467],[24.437968,42.113744],[24.434737,42.112227],[24.431249,42.11059],[24.42773,42.108937],[24.423968,42.107171],[24.421767,42.106137],[24.418974,42.104826],[24.415232,42.103112],[24.413379,42.102198],[24.409998,42.102259],[24.405056,42.102213],[24.402825,42.102192],[24.398106,42.102148],[24.395895,42.102128],[24.392073,42.102092],[24.388183,42.102056],[24.385248,42.102029],[24.381776,42.101996],[24.375946,42.101942],[24.3729,42.101914],[24.369396,42.101901],[24.366009,42.101968],[24.364126,42.103999],[24.362128,42.106153],[24.360232,42.108198],[24.358967,42.109561],[24.355532,42.113329],[24.352293,42.11724],[24.350788,42.122696],[24.349808,42.125857],[24.34888,42.129163],[24.347476,42.133923],[24.347772,42.13741],[24.347863,42.139019],[24.347933,42.141726],[24.346864,42.143289],[24.344929,42.145753],[24.343961,42.146986],[24.340433,42.14861],[24.336247,42.150492],[24.333739,42.151611],[24.329343,42.151439],[24.324626,42.151165],[24.320555,42.152656]]}},{"type":"Feature","properties":{"osm_id":97851271,"voltage":"110000","circuits":"1","cables":"3","name":"","operator":"","ref":""},"geometry":{"type":"LineString","coordinates":[[24.790675,42.119219],[24.794417,42.12093],[24.797457,42.12236],[24.80089,42.123836],[24.804404,42.125444],[24.807805,42.126976],[24.81138,42.128537],[24.814426,42.129866],[24.813094,42.132042],[24.811059,42.133913],[24.808826,42.135852],[24.80664,42.137782],[24.804112,42.139987],[24.801845,42.141964],[24.798487,42.142871],[24.795719,42.143579],[24.792782,42.14438],[24.790612,42.145364],[24.790542,42.145747]]}},{"type":"Feature","properties":{"osm_id":97851296,"voltage":"400000","circuits":"1","cables":"3","name":"","operator":"","ref":""},"geometry":{"type":"LineString","coordinates":[[24.768954,42.111652],[24.769492,42.110405],[24.769798,42.109305],[24.772756,42.106789],[24.77541,42.104535],[24.778237,42.102073],[24.780961,42.09979],[24.783737,42.097433],[24.783776,42.095827],[24.783045,42.095618],[24.779421,42.095422],[24.775692,42.095221],[24.772208,42.095032],[24.768384,42.094825],[24.764215,42.0946],[24.760542,42.094351]]}},{"type":"Feature","properties":{"osm_id":97851309,"voltage":"220000","circuits":"1","cables":"3","name":"Алеко - Пловдив","operator":"","ref":""},"geometry":{"type":"LineString","coordinates":[[24.770765,42.112639],[24.77065,42.111822],[24.770725,42.110051],[24.768738,42.107919],[24.766478,42.107618],[24.762278,42.107013],[24.75837,42.106348],[24.754575,42.105738],[24.751654,42.107089],[24.748817,42.108353],[24.745906,42.109624],[24.742433,42.109365],[24.739362,42.109268],[24.737258,42.109248],[24.735047,42.10913],[24.730713,42.109084],[24.726533,42.109065],[24.721991,42.109014],[24.717811,42.108931],[24.713098,42.108891],[24.708502,42.108828],[24.704785,42.108779],[24.700253,42.108719],[24.695953,42.108663],[24.691323,42.108602],[24.686864,42.108544],[24.682947,42.108493],[24.678753,42.10853],[24.674238,42.108556],[24.670201,42.108429],[24.665178,42.108193],[24.660401,42.108075],[24.655515,42.107921],[24.650558,42.107741],[24.645637,42.107535],[24.641004,42.107369],[24.636494,42.107215],[24.63181,42.107051],[24.626863,42.106878],[24.622004,42.106478],[24.617982,42.10713],[24.613251,42.107566],[24.608558,42.108031],[24.60366,42.108481],[24.59881,42.108916],[24.593968,42.109349],[24.589249,42.109832],[24.584432,42.110275],[24.580677,42.110596],[24.575958,42.111066],[24.571602,42.1115],[24.567265,42.111876],[24.562601,42.112304],[24.558392,42.112705],[24.554327,42.113087],[24.549684,42.113526],[24.543714,42.114092],[24.53993,42.11445],[24.536521,42.114814],[24.53175,42.115224],[24.526853,42.11607],[24.522066,42.116865],[24.517783,42.117528],[24.514001,42.118199],[24.509943,42.118887],[24.505699,42.119573],[24.501197,42.120301],[24.497967,42.120864],[24.494114,42.121496],[24.490143,42.122147],[24.486099,42.12281],[24.482295,42.123434],[24.477881,42.124157],[24.473377,42.124896],[24.469155,42.125588],[24.464419,42.126364],[24.459584,42.127157],[24.454811,42.127957],[24.449608,42.128849],[24.447633,42.12744],[24.445107,42.125573],[24.442466,42.123719],[24.439668,42.121676],[24.435335,42.121336],[24.430754,42.121071],[24.426416,42.120747],[24.422202,42.120474],[24.418247,42.120324],[24.415574,42.122778],[24.411929,42.126278],[24.410326,42.127739],[24.406745,42.130976],[24.403887,42.133792],[24.399282,42.134709],[24.396177,42.135367],[24.39184,42.136255],[24.387258,42.137211],[24.383137,42.138097],[24.378131,42.139183],[24.375775,42.139683],[24.371026,42.140689],[24.367386,42.141461],[24.3639,42.142183],[24.359449,42.143162],[24.354752,42.144109],[24.350004,42.145099],[24.345899,42.145974],[24.34227,42.146794],[24.340675,42.147667],[24.336317,42.149645],[24.33362,42.151048],[24.329539,42.150606],[24.325979,42.150202],[24.322788,42.150878],[24.31932,42.151633],[24.319085,42.151564]]}},{"type":"Feature","properties":{"osm_id":98746969,"voltage":"110000","circuits":"1","cables":"3","name":"","operator":"","ref":""},"geometry":{"type":"LineString","coordinates":[[24.571217,42.394855],[24.571026,42.394315],[24.569859,42.392016],[24.568728,42.389792],[24.56772,42.387774],[24.566706,42.385732],[24.565475,42.383417],[24.565673,42.381585],[24.566075,42.378292],[24.566378,42.375488],[24.566656,42.373122],[24.566972,42.370559],[24.567219,42.367896],[24.567484,42.365554],[24.567871,42.36213],[24.568222,42.358902],[24.568541,42.3562],[24.568874,42.353331],[24.569153,42.350837],[24.569481,42.347831],[24.570962,42.345255],[24.572437,42.342691],[24.573877,42.340101],[24.57537,42.337513],[24.576817,42.334989],[24.578294,42.332373],[24.579671,42.329934],[24.581161,42.327294],[24.582657,42.324643],[24.584224,42.321868],[24.585844,42.319016],[24.587303,42.316447],[24.588694,42.313998],[24.590249,42.31126],[24.591887,42.308376],[24.593472,42.305584],[24.594736,42.303359],[24.596302,42.300602],[24.597905,42.297779],[24.599722,42.294578],[24.601319,42.291765],[24.602939,42.288912],[24.604481,42.286196],[24.605699,42.284008],[24.60584,42.283755]]}},{"type":"Feature","properties":{"osm_id":98755069,"voltage":"220000","circuits":"2","cables":"6","name":"Бенковски-Оборище","operator":"","ref":""},"geometry":{"type":"LineString","coordinates":[[24.316824,42.152014],[24.315932,42.151912],[24.310625,42.151195],[24.306522,42.150699],[24.302017,42.152443],[24.298508,42.15385],[24.294026,42.155614],[24.289831,42.15727],[24.285884,42.158831],[24.282078,42.16041],[24.277976,42.162005],[24.27377,42.163681],[24.269779,42.165275],[24.265285,42.167056],[24.261148,42.168761],[24.256706,42.170547],[24.252293,42.172267],[24.248028,42.173954],[24.243801,42.175598],[24.239199,42.177283],[24.235378,42.178786],[24.231658,42.180078],[24.227209,42.181596],[24.222563,42.18318],[24.217813,42.184839],[24.213181,42.186432],[24.2082,42.188133],[24.203812,42.189679],[24.199845,42.191041],[24.19536,42.192581],[24.190513,42.19426],[24.186356,42.195695],[24.183306,42.196741],[24.179785,42.197977],[24.174965,42.199611],[24.171322,42.201445],[24.167157,42.203545],[24.162484,42.205945],[24.158321,42.208056],[24.154447,42.209983],[24.150332,42.2121],[24.146483,42.214027],[24.14244,42.216061],[24.138293,42.218124],[24.134742,42.219925],[24.130812,42.221875],[24.127228,42.223718],[24.123991,42.226241],[24.120383,42.229067],[24.116357,42.232233],[24.112516,42.235214],[24.108593,42.238287],[24.105061,42.241083],[24.101,42.243262],[24.096686,42.245562],[24.092666,42.247711],[24.088402,42.249943],[24.084341,42.252122],[24.080291,42.254331],[24.076118,42.256518],[24.072037,42.258742],[24.068048,42.260853],[24.064799,42.262618],[24.061206,42.264557],[24.05684,42.266878],[24.052699,42.269064],[24.049602,42.270709],[24.044029,42.273722],[24.041268,42.275232],[24.034872,42.278657],[24.026971,42.282778],[24.023655,42.284628],[24.020233,42.28631],[24.014976,42.289199],[24.01129,42.291222],[24.010116,42.292382],[24.006479,42.296056],[24.003949,42.298586],[24.000877,42.301779],[23.998156,42.304582],[23.995558,42.307199],[23.993038,42.309747],[23.990669,42.312157],[23.986824,42.314366],[23.984238,42.315984],[23.977504,42.319949],[23.97691,42.320256],[23.9772,42.321946],[23.977602,42.324026],[23.978404,42.328053],[23.97501,42.329816],[23.971249,42.331859],[23.969281,42.333005],[23.965372,42.335157],[23.962796,42.336544],[23.960198,42.337864],[23.958204,42.338891],[23.956322,42.340061],[23.954101,42.341163],[23.952073,42.342326],[23.950147,42.343273],[23.946105,42.344781],[23.94392,42.345604],[23.940234,42.347003],[23.937702,42.348022],[23.932405,42.349991],[23.929958,42.351013],[23.926906,42.352124],[23.924904,42.352946],[23.924006,42.353628],[23.919735,42.357002],[23.917978,42.358381],[23.915936,42.359918],[23.91423,42.361244],[23.910497,42.364147],[23.906384,42.367296],[23.901481,42.371017],[23.899477,42.372566],[23.895216,42.375849],[23.893422,42.377226],[23.88995,42.379892],[23.886015,42.382914],[23.881968,42.386021],[23.877412,42.389511],[23.874123,42.392005],[23.870838,42.394478],[23.865829,42.395907],[23.860238,42.397451],[23.854602,42.399008],[23.849868,42.400324],[23.845094,42.401654],[23.839694,42.403137],[23.834878,42.404491],[23.830113,42.405761],[23.825408,42.407125],[23.820388,42.408501],[23.816808,42.409484],[23.813065,42.410539],[23.808937,42.41169],[23.806729,42.413524],[23.805577,42.414546],[23.801971,42.417524],[23.798313,42.420629],[23.79099,42.427017],[23.787449,42.430044],[23.783985,42.433005],[23.780833,42.435662],[23.777523,42.43848],[23.773867,42.441559],[23.770731,42.44427],[23.767848,42.446998],[23.764723,42.450052],[23.761514,42.453163],[23.758304,42.456256],[23.755064,42.459379],[23.751989,42.462342],[23.749224,42.465007],[23.746556,42.467577],[23.743694,42.470355],[23.740581,42.473351],[23.737368,42.476503],[23.734374,42.479396],[23.732095,42.48147],[23.728399,42.48116],[23.725292,42.480799],[23.722465,42.480499],[23.718674,42.482013],[23.715293,42.483387],[23.714972,42.485057],[23.714216,42.488919],[23.71366,42.491773],[23.71312,42.494314],[23.71263,42.497245],[23.712068,42.499746],[23.708652,42.502813],[23.706173,42.505039],[23.703946,42.50704],[23.699539,42.510996],[23.69714,42.513173],[23.694597,42.515433],[23.692328,42.517471],[23.69014,42.519435],[23.687046,42.522212],[23.685332,42.523751],[23.683292,42.525582],[23.681752,42.526968],[23.679232,42.529227],[23.677553,42.530734],[23.67543,42.53264],[23.673104,42.534727],[23.671428,42.53623],[23.668841,42.53855],[23.666937,42.540258],[23.664522,42.542423],[23.663304,42.543515],[23.661495,42.545137],[23.659765,42.546688],[23.657278,42.548918],[23.655126,42.550854],[23.653002,42.552765],[23.649788,42.555613],[23.647231,42.557955],[23.64431,42.560614],[23.641363,42.563337],[23.639426,42.565139],[23.636629,42.567688],[23.632835,42.57123],[23.628192,42.575419],[23.626501,42.577051],[23.624475,42.578831],[23.622278,42.579704],[23.616347,42.582048],[23.611863,42.583959],[23.606047,42.586181],[23.602957,42.587439],[23.599292,42.588962],[23.595842,42.590314],[23.591233,42.592172],[23.58622,42.5942],[23.583869,42.595104],[23.580607,42.596532],[23.578195,42.597524],[23.573869,42.599356],[23.569518,42.601207],[23.564385,42.603418],[23.561312,42.604701],[23.557398,42.606394],[23.552532,42.608485],[23.548592,42.610159],[23.544489,42.611902],[23.540101,42.613928],[23.535417,42.615762],[23.531907,42.617271],[23.527984,42.618945],[23.525581,42.620979],[23.52298,42.623177],[23.520174,42.6254],[23.516663,42.626183],[23.513099,42.626927],[23.509024,42.62773],[23.505771,42.629675],[23.502098,42.631911],[23.498218,42.634228],[23.494184,42.636697],[23.490124,42.639103],[23.485773,42.641748],[23.48161,42.644311],[23.477147,42.646407],[23.473438,42.648253]]}},{"type":"Feature","properties":{"osm_id":98905471,"voltage":"220000","circuits":"1","cables":"3","name":"Одесос","operator":"","ref":""},"geometry":{"type":"LineString","coordinates":[[27.577411,43.333057],[27.57726,43.332745],[27.57723,43.329831],[27.577285,43.326712],[27.579218,43.325194],[27.582617,43.32256],[27.585296,43.320461],[27.587357,43.318904],[27.589711,43.317084],[27.592397,43.314955],[27.595347,43.312659],[27.598101,43.310515],[27.601275,43.308044],[27.604027,43.30589],[27.6084,43.302494],[27.611191,43.300327],[27.614442,43.297803],[27.617638,43.295321],[27.622282,43.291771],[27.625682,43.289353],[27.627725,43.287879],[27.62932,43.286758],[27.631409,43.285291],[27.633776,43.283596],[27.636821,43.281427],[27.641427,43.278147],[27.644414,43.276033],[27.646596,43.274492],[27.648928,43.272825],[27.651202,43.271206],[27.654247,43.269043],[27.656612,43.267375],[27.658977,43.265683],[27.661466,43.263931],[27.664076,43.262046],[27.667026,43.259952],[27.669092,43.258414],[27.670943,43.255642],[27.674282,43.250432],[27.675883,43.247892],[27.677677,43.245062],[27.679363,43.242447],[27.68108,43.239728],[27.683449,43.236076],[27.684401,43.234507],[27.686931,43.232014],[27.689414,43.229508],[27.691936,43.227033],[27.693669,43.225339],[27.696378,43.222619],[27.698167,43.221503],[27.701265,43.219624],[27.70452,43.217601],[27.707519,43.215761],[27.71117,43.213498],[27.715143,43.211069],[27.718368,43.209078],[27.720832,43.20755],[27.722878,43.206314],[27.726693,43.206548],[27.731789,43.206879],[27.736016,43.207134],[27.740468,43.207411],[27.74406,43.207622],[27.748024,43.207849],[27.751178,43.208033],[27.754315,43.205499],[27.757621,43.202804],[27.760105,43.200795],[27.762507,43.19887],[27.762997,43.19874]]}},{"type":"Feature","properties":{"osm_id":99019011,"voltage":"110000","circuits":"1","cables":"3","name":"","operator":"","ref":""},"geometry":{"type":"LineString","coordinates":[[25.733671,42.446146],[25.737227,42.447007],[25.740471,42.447776],[25.743505,42.448578],[25.746058,42.449199],[25.748661,42.449812],[25.751477,42.450485],[25.753593,42.448827],[25.75599,42.44695],[25.760659,42.443292],[25.763469,42.441091],[25.76536,42.439609],[25.766992,42.43833],[25.776847,42.430608],[25.778824,42.425243],[25.779724,42.422501],[25.780359,42.420222],[25.78121,42.417987],[25.782084,42.41533],[25.782905,42.412836],[25.783725,42.410342],[25.784541,42.407861],[25.785382,42.405303],[25.786234,42.402712],[25.787113,42.400039],[25.787936,42.397537],[25.788746,42.395073],[25.789586,42.392518],[25.790423,42.389974],[25.791235,42.387502],[25.792009,42.385149],[25.792878,42.382504],[25.793703,42.379994],[25.794483,42.377622],[25.795329,42.375047],[25.79614,42.372581],[25.796943,42.370138],[25.797771,42.367619],[25.799431,42.362568],[25.800286,42.359964],[25.801232,42.357088],[25.802254,42.353978],[25.803158,42.351226],[25.804029,42.348574],[25.805005,42.345602],[25.806139,42.342152],[25.806886,42.339878],[25.807696,42.337412],[25.808517,42.334914],[25.809317,42.332476],[25.810142,42.329957],[25.810809,42.327465],[25.811649,42.324969],[25.812472,42.322411],[25.813431,42.319916],[25.814228,42.317482],[25.814865,42.315093],[25.815835,42.312574],[25.816289,42.311186],[25.817338,42.307455],[25.818151,42.304958],[25.819039,42.302375],[25.819899,42.299873],[25.820703,42.297535],[25.821658,42.294757],[25.822614,42.291975],[25.82444,42.286665],[25.825309,42.284135],[25.826199,42.281547],[25.827002,42.279209],[25.827886,42.276638],[25.828765,42.27408],[25.829617,42.271601],[25.830405,42.269307],[25.831269,42.266793],[25.83142,42.264416],[25.831611,42.261424],[25.831766,42.258981],[25.831926,42.256467],[25.832088,42.253932],[25.832243,42.251496],[25.832393,42.249129],[25.832561,42.246493],[25.832721,42.243987],[25.832886,42.241383],[25.833073,42.238455],[25.833217,42.236194],[25.833371,42.233772],[25.83354,42.231118],[25.833683,42.228867],[25.833875,42.225851],[25.83403,42.223413],[25.834177,42.221105],[25.834312,42.218979],[25.834475,42.216417],[25.83465,42.213662],[25.834792,42.211432],[25.835111,42.207468],[25.835285,42.204488],[25.835405,42.202454],[25.83563,42.199379],[25.835727,42.197442],[25.835889,42.195532],[25.83599,42.193757],[25.836376,42.191662],[25.836874,42.188962],[25.837401,42.186109],[25.83787,42.18364],[25.838396,42.180873],[25.838797,42.178763],[25.839305,42.17609],[25.839769,42.173652],[25.840263,42.171049],[25.840799,42.167987],[25.841447,42.164631],[25.841868,42.16233],[25.842406,42.159392],[25.842884,42.156873],[25.843202,42.15516],[25.843578,42.153116],[25.844197,42.149813],[25.844554,42.147847],[25.845085,42.145016],[25.845188,42.144391],[25.84567,42.141811],[25.846265,42.138742],[25.846708,42.136292],[25.847611,42.135372],[25.849342,42.133639],[25.851693,42.131263],[25.85311,42.129893],[25.855667,42.127308],[25.857777,42.125192],[25.861995,42.124327],[25.863668,42.124347],[25.864275,42.12435]]}},{"type":"Feature","properties":{"osm_id":99057271,"voltage":"110000","circuits":"1","cables":"3","name":"","operator":"","ref":""},"geometry":{"type":"LineString","coordinates":[[25.865887,42.15161],[25.865006,42.151514],[25.861043,42.151683],[25.857652,42.151834],[25.854545,42.15198],[25.851452,42.152126],[25.850906,42.154904],[25.850542,42.15663],[25.850003,42.159328],[25.849254,42.163099],[25.848671,42.166089],[25.847083,42.174029],[25.846629,42.176338],[25.845243,42.183389],[25.843007,42.194792],[25.841126,42.204368],[25.869852,42.236604],[25.882178,42.250471],[25.884467,42.25303],[25.887166,42.254492],[25.892034,42.25715],[25.896271,42.259441],[25.900266,42.261601],[25.904077,42.263683],[25.917729,42.271098],[25.929504,42.277453],[25.932692,42.279169],[25.935403,42.280456],[25.949064,42.287816],[25.948135,42.288771],[25.950233,42.289949],[25.953049,42.291453],[25.955994,42.293052],[25.955291,42.295933],[25.954701,42.298544],[25.954068,42.301361],[25.951322,42.302496],[25.948382,42.303718],[25.94532,42.304984],[25.945001,42.304982]]}},{"type":"Feature","properties":{"osm_id":99057296,"voltage":"220000","circuits":"1","cables":"3","name":"","operator":"","ref":""},"geometry":{"type":"LineString","coordinates":[[25.86269,42.126369],[25.861911,42.126352],[25.860179,42.127564],[25.856628,42.130026],[25.855544,42.133607],[25.854472,42.136956],[25.853259,42.140851],[25.852161,42.144406],[25.851366,42.148237],[25.850851,42.150806],[25.850363,42.153259],[25.850144,42.154365],[25.849634,42.156989],[25.848798,42.161125],[25.848093,42.164613],[25.847751,42.166043],[25.84735,42.168339],[25.846766,42.171165],[25.846155,42.174528],[25.845304,42.178484],[25.844758,42.181366],[25.844194,42.18416],[25.8434,42.188038],[25.842791,42.191023],[25.842268,42.193711],[25.841617,42.197038],[25.840868,42.200748],[25.840109,42.204527],[25.842236,42.20698],[25.845004,42.2101],[25.847616,42.213024],[25.850122,42.215851],[25.852498,42.218491],[25.855443,42.221748],[25.857999,42.22465],[25.860518,42.227451],[25.863466,42.230803],[25.865654,42.233248],[25.868162,42.23606],[25.870809,42.239023],[25.873663,42.242202],[25.875568,42.244382],[25.878448,42.247571],[25.881198,42.25065],[25.883789,42.253561],[25.887222,42.255389],[25.891736,42.257886],[25.896159,42.260302],[25.900011,42.262377],[25.903658,42.264372],[25.907188,42.266281],[25.911257,42.268474],[25.915136,42.270527],[25.918547,42.272357],[25.922552,42.274607],[25.926543,42.276774],[25.929885,42.278586],[25.933613,42.280614],[25.937368,42.282629],[25.940517,42.284365],[25.944313,42.286397],[25.948151,42.288492],[25.952493,42.290755],[25.956152,42.292794],[25.9601,42.294952],[25.964019,42.297061],[25.967809,42.299109],[25.971795,42.301281],[25.97581,42.303418],[25.976277,42.303654],[25.979903,42.302825],[25.983593,42.301986],[25.987435,42.301107],[25.991179,42.300236],[25.995449,42.299256],[25.999247,42.298385],[26.003217,42.297469],[26.007154,42.29657],[26.011414,42.295572],[26.015109,42.29474],[26.019465,42.293748],[26.023848,42.292751],[26.027984,42.291788],[26.032539,42.290743],[26.036439,42.289834],[26.041009,42.288799],[26.044658,42.287967],[26.048077,42.287165],[26.051799,42.28582],[26.056051,42.284838],[26.059802,42.283958],[26.06359,42.283078],[26.06772,42.282151],[26.07147,42.281286],[26.075391,42.280234],[26.079216,42.27919],[26.08332,42.278075],[26.086957,42.277114],[26.089875,42.276301],[26.094193,42.275154],[26.097777,42.274177],[26.101097,42.27326],[26.105212,42.272169],[26.108704,42.271212],[26.112159,42.270279],[26.116606,42.269076],[26.119916,42.268163],[26.123671,42.267151],[26.126782,42.266309],[26.131181,42.265107],[26.134453,42.264213],[26.135124,42.261299],[26.135526,42.259572],[26.135864,42.258079],[26.135402,42.257305]]}},{"type":"Feature","properties":{"osm_id":99057336,"voltage":"110000","circuits":"1","cables":"3","name":"","operator":"","ref":""},"geometry":{"type":"LineString","coordinates":[[25.897586,42.197854],[25.897907,42.197671],[25.900123,42.196477],[25.901921,42.195513],[25.903453,42.194677],[25.905692,42.193409],[25.908122,42.19207],[25.911344,42.1903],[25.913332,42.189201],[25.913878,42.189149],[25.914768,42.189061],[25.917789,42.188799],[25.920798,42.188538],[25.923774,42.188279],[25.926848,42.188012],[25.929273,42.187802],[25.932458,42.187525],[25.935424,42.187338],[25.939155,42.187011],[25.942041,42.186752],[25.945505,42.18648]]}},{"type":"Feature","properties":{"osm_id":100148577,"voltage":"110000","circuits":"1","cables":"3","name":"","operator":"","ref":""},"geometry":{"type":"LineString","coordinates":[[25.214531,42.108075],[25.214892,42.108382],[25.218952,42.108955],[25.224982,42.110578],[25.231127,42.113836],[25.232655,42.114669],[25.236421,42.116591],[25.240253,42.118644],[25.243839,42.12056],[25.246793,42.122386],[25.250718,42.124791],[25.254743,42.127257],[25.258729,42.129657],[25.261647,42.131459],[25.263858,42.132921],[25.266209,42.134375],[25.268281,42.135656]]}},{"type":"Feature","properties":{"osm_id":100148620,"voltage":"110000","circuits":"1","cables":"3","name":"","operator":"","ref":""},"geometry":{"type":"LineString","coordinates":[[25.260017,42.107994],[25.261821,42.111323],[25.263476,42.11456],[25.261164,42.116755],[25.256954,42.116236],[25.252386,42.115779],[25.248109,42.115365],[25.243775,42.115048],[25.239179,42.11462],[25.236015,42.114322],[25.231648,42.113905],[25.228131,42.111898],[25.224713,42.110096],[25.217531,42.108333],[25.214053,42.107481],[25.214366,42.107837]]}},{"type":"Feature","properties":{"osm_id":100148645,"voltage":"220000","circuits":"1","cables":"3","name":"","operator":"","ref":""},"geometry":{"type":"LineString","coordinates":[[24.771177,42.112641],[24.771125,42.111822],[24.77256,42.110663],[24.775185,42.109126],[24.778687,42.107023],[24.781026,42.10758],[24.786141,42.108686],[24.789348,42.109447],[24.794104,42.110441],[24.799305,42.111603],[24.804892,42.112846],[24.80963,42.113948],[24.814726,42.114988],[24.819673,42.116056],[24.8248,42.117202],[24.829734,42.118263],[24.833405,42.119049],[24.837866,42.119346],[24.843266,42.119637],[24.848579,42.119973],[24.853967,42.120243],[24.85946,42.120557],[24.864095,42.120851],[24.869127,42.120672],[24.874534,42.120513],[24.879936,42.120382],[24.885118,42.120207],[24.89052,42.12008],[24.895949,42.119912],[24.900975,42.119737],[24.905835,42.119642],[24.91017,42.119495],[24.913307,42.118412],[24.915066,42.117795],[24.917362,42.117019],[24.92219,42.11534],[24.927099,42.113629],[24.931508,42.112089],[24.935966,42.110517],[24.940399,42.108973],[24.944844,42.107432],[24.949227,42.10592],[24.953776,42.104324],[24.958556,42.10266],[24.963159,42.101068],[24.967337,42.099588],[24.971774,42.099126],[24.977149,42.098573],[24.982385,42.098028],[24.987679,42.09747],[24.993092,42.096897],[24.998438,42.096328],[25.003424,42.09579],[25.008098,42.095319],[25.013053,42.094801],[25.01962,42.094115],[25.025117,42.09354],[25.029722,42.093059],[25.034741,42.092535],[25.040169,42.091968],[25.045608,42.091413],[25.051012,42.09085],[25.056019,42.090329],[25.06178,42.089728],[25.067101,42.089174],[25.072542,42.088607],[25.077095,42.088132],[25.081697,42.089445],[25.08669,42.090897],[25.091815,42.092387],[25.09682,42.093841],[25.101841,42.095301],[25.106861,42.09676],[25.111632,42.098147],[25.116634,42.099601],[25.121548,42.101029],[25.126374,42.102432],[25.13155,42.103936],[25.136161,42.105277],[25.140846,42.106603],[25.144633,42.107706],[25.149426,42.109102],[25.154166,42.110482],[25.159103,42.11192],[25.162523,42.112915],[25.165323,42.113731],[25.1683,42.114584],[25.171991,42.11563],[25.17629,42.116924],[25.180409,42.118123],[25.185259,42.119542],[25.190613,42.121109],[25.195375,42.122502],[25.20021,42.123866],[25.209301,42.126505],[25.213912,42.127843],[25.217379,42.128839],[25.221873,42.130129],[25.225654,42.131232],[25.22969,42.13241],[25.23399,42.133587],[25.237775,42.13466],[25.242014,42.134644],[25.247045,42.134641],[25.251683,42.134606],[25.256388,42.134614],[25.261288,42.13462],[25.266162,42.134625],[25.269935,42.134588],[25.274179,42.134591],[25.279382,42.134566],[25.284462,42.134543],[25.289273,42.134552],[25.293967,42.134548],[25.298807,42.134513],[25.303388,42.13448],[25.30788,42.134514],[25.313168,42.134487],[25.31746,42.134063],[25.322143,42.133586],[25.326077,42.133184],[25.331917,42.132589],[25.33666,42.132105],[25.341576,42.131603],[25.346582,42.131093],[25.351699,42.130603],[25.35718,42.13005],[25.361529,42.129651],[25.363878,42.129397],[25.367571,42.128999],[25.373671,42.128329],[25.377637,42.127924],[25.383241,42.127353],[25.38881,42.126785],[25.39332,42.126337],[25.398062,42.125793],[25.402758,42.125224],[25.407973,42.124592],[25.413112,42.123969],[25.417723,42.12341],[25.422311,42.122854],[25.427098,42.122274],[25.434143,42.12142],[25.439468,42.120775],[25.444763,42.120133],[25.449028,42.119616],[25.455517,42.118829],[25.459795,42.118311],[25.464106,42.117788],[25.467845,42.117732],[25.472671,42.11766],[25.477755,42.117584],[25.481963,42.117521],[25.486068,42.11746],[25.491143,42.117384],[25.494341,42.117336],[25.500146,42.11725],[25.503181,42.117809],[25.509608,42.118994],[25.514647,42.119923],[25.51977,42.120868],[25.527122,42.122223],[25.531021,42.122942],[25.535313,42.123733],[25.541451,42.124864],[25.550699,42.126569],[25.556604,42.127657],[25.56041,42.128359],[25.565267,42.129254],[25.569559,42.130045],[25.57657,42.131338],[25.578401,42.131675],[25.582091,42.131585],[25.587441,42.131353],[25.592454,42.131205],[25.597747,42.13105],[25.603252,42.130888],[25.608387,42.130737],[25.613993,42.130573],[25.619393,42.130414],[25.624941,42.130251],[25.629978,42.130103],[25.636189,42.12992],[25.639493,42.129823],[25.645256,42.129654],[25.648349,42.129563],[25.653525,42.129411],[25.657277,42.129301],[25.661762,42.129169],[25.667305,42.129006],[25.671547,42.128868],[25.67544,42.128753],[25.681524,42.128573],[25.685323,42.128422],[25.691159,42.128247],[25.696642,42.128083],[25.701356,42.127942],[25.707946,42.127739],[25.713016,42.127571],[25.717847,42.127426],[25.723384,42.12726],[25.72871,42.127091],[25.73461,42.126913],[25.739435,42.126747],[25.744089,42.126586],[25.748707,42.126743],[25.753778,42.126931],[25.759471,42.127142],[25.765529,42.127367],[25.769697,42.127505],[25.774296,42.127629],[25.77917,42.127776],[25.782682,42.127879],[25.787046,42.128022],[25.793249,42.128251],[25.796206,42.128354],[25.80339,42.128579],[25.810388,42.128787],[25.818351,42.129038],[25.824685,42.129236],[25.830608,42.129422],[25.838096,42.129656],[25.842746,42.129802],[25.848124,42.128546],[25.852088,42.127624],[25.856011,42.126706],[25.858565,42.126075],[25.861912,42.125794],[25.862727,42.125811]]}},{"type":"Feature","properties":{"osm_id":100148647,"voltage":"110000","circuits":"1","cables":"3","name":"","operator":"","ref":""},"geometry":{"type":"LineString","coordinates":[[24.848226,42.09256],[24.851728,42.092312],[24.856252,42.092001],[24.860971,42.091693],[24.863975,42.091472],[24.867695,42.091255],[24.871461,42.090984],[24.87557,42.09068],[24.879435,42.090417],[24.883274,42.090188],[24.88661,42.089949],[24.89088,42.089663],[24.895268,42.089336],[24.899753,42.089034],[24.904195,42.088747],[24.908883,42.088405],[24.912948,42.088072],[24.916308,42.087847],[24.919945,42.087569],[24.924451,42.087258],[24.928775,42.08698],[24.933077,42.086653],[24.937658,42.086351],[24.942164,42.08604],[24.946735,42.085722],[24.950812,42.085419],[24.955243,42.08514],[24.95992,42.084806],[24.964394,42.084475],[24.968922,42.084157],[24.973428,42.083846],[24.977655,42.08356],[24.980529,42.083382],[24.985777,42.082998],[24.989814,42.082721],[24.994447,42.082397],[24.99909,42.082065],[25.003838,42.081726],[25.007884,42.081442],[25.012394,42.081126],[25.016698,42.080824],[25.020414,42.080564],[25.02458,42.080272],[25.028796,42.079976],[25.033443,42.079647],[25.038904,42.079269],[25.042605,42.079014],[25.045636,42.078795],[25.048499,42.078594],[25.050913,42.078418],[25.054125,42.078192],[25.058143,42.077909],[25.062117,42.077629],[25.066334,42.077333],[25.069778,42.07709],[25.073116,42.076855],[25.076838,42.076594],[25.080834,42.076312],[25.084783,42.076034],[25.088311,42.075786],[25.091793,42.075541],[25.095983,42.075204],[25.100214,42.074899],[25.104277,42.074594],[25.108375,42.074307],[25.112199,42.074039],[25.112551,42.074014],[25.11618,42.07376],[25.120032,42.073477],[25.124105,42.073178],[25.127757,42.072925],[25.131249,42.072684],[25.135419,42.072368],[25.139411,42.072078],[25.143177,42.07183],[25.147193,42.071566],[25.151324,42.071214],[25.155256,42.070919],[25.159207,42.070667],[25.163282,42.070373],[25.167275,42.070106],[25.171079,42.069818],[25.174547,42.069527],[25.175821,42.072198],[25.177416,42.075303],[25.178955,42.078301],[25.180017,42.080523],[25.181169,42.082753],[25.182336,42.085009],[25.183702,42.087545],[25.18514,42.09046],[25.186844,42.093792],[25.188353,42.096677],[25.189427,42.098563],[25.193388,42.099834],[25.197509,42.101168],[25.201732,42.102644],[25.205963,42.104014],[25.210027,42.105379],[25.212845,42.106317],[25.213859,42.107603],[25.214011,42.107944]]}},{"type":"Feature","properties":{"osm_id":100148653,"voltage":"400000","circuits":"1","cables":"3","name":"","operator":"","ref":""},"geometry":{"type":"LineString","coordinates":[[24.769241,42.111646],[24.769903,42.110605],[24.770326,42.109822],[24.773178,42.107411],[24.775724,42.105238],[24.778549,42.102827],[24.781327,42.100445],[24.784659,42.097653],[24.787714,42.095803],[24.791885,42.095734],[24.794656,42.095644],[24.800168,42.095531],[24.804369,42.097503],[24.808665,42.09728],[24.813598,42.097137],[24.818425,42.097013],[24.82298,42.096868],[24.827018,42.096813],[24.830891,42.096791],[24.834169,42.0967],[24.838155,42.095382],[24.84166,42.094217],[24.846235,42.092851],[24.849038,42.091764],[24.852217,42.090704],[24.856342,42.089282],[24.859619,42.088234],[24.863417,42.088516],[24.867804,42.08884],[24.872625,42.089197],[24.877599,42.08949],[24.881073,42.089695],[24.885835,42.089381],[24.890828,42.089052],[24.894462,42.088788],[24.899108,42.088474],[24.903789,42.088157],[24.908743,42.087795],[24.913036,42.087461],[24.917144,42.087174],[24.921446,42.086874],[24.925707,42.086576],[24.929523,42.086309],[24.933098,42.086059],[24.937197,42.085773],[24.941616,42.085464],[24.946164,42.085146],[24.950623,42.084834],[24.955397,42.084501],[24.960086,42.084173],[24.96483,42.083843],[24.96949,42.083517],[24.974027,42.083199],[24.977964,42.082923],[24.983404,42.082541],[24.987952,42.082221],[24.992826,42.081879],[24.997877,42.081524],[25.002769,42.081152],[25.00607,42.080924],[25.009863,42.080669],[25.014182,42.080369],[25.018779,42.080051],[25.023375,42.079732],[25.027699,42.079432],[25.032214,42.079119],[25.037483,42.078746],[25.041633,42.078446],[25.04534,42.078191],[25.047788,42.078909],[25.051711,42.080085],[25.055893,42.081304],[25.059815,42.082447],[25.064125,42.083704],[25.06842,42.084956],[25.072698,42.086203],[25.076731,42.087378],[25.080374,42.088441]]}},{"type":"Feature","properties":{"osm_id":100180807,"voltage":"110000","circuits":"1","cables":"3","name":"","operator":"","ref":""},"geometry":{"type":"LineString","coordinates":[[24.79967,41.748704],[24.800206,41.748961],[24.802341,41.749968],[24.803309,41.750454],[24.804447,41.75104],[24.806249,41.754076],[24.807711,41.756397],[24.809452,41.759252],[24.810254,41.760579],[24.812448,41.764266],[24.813877,41.765818],[24.815854,41.767953],[24.817109,41.769565],[24.817541,41.771074],[24.818236,41.77351],[24.819523,41.774806],[24.822839,41.778593],[24.824201,41.781649],[24.825499,41.784407],[24.825387,41.786371],[24.825148,41.789787],[24.824998,41.792141],[24.824467,41.794256],[24.823839,41.796702],[24.822029,41.799197],[24.821699,41.800127],[24.821007,41.802225],[24.820073,41.805034],[24.820478,41.806821],[24.819384,41.809048],[24.817987,41.811767],[24.81487,41.813409],[24.813566,41.81573],[24.812823,41.820195],[24.814358,41.823361],[24.816114,41.827013],[24.819139,41.830217],[24.820829,41.831984],[24.822459,41.832763],[24.825729,41.834765],[24.827243,41.835786],[24.827987,41.83678],[24.828929,41.838121],[24.830323,41.84001],[24.831903,41.842251],[24.832976,41.843359],[24.834871,41.844175],[24.835694,41.846369],[24.836808,41.849175],[24.83607,41.850819],[24.83347,41.854387],[24.832643,41.855522],[24.829216,41.856183],[24.827767,41.857751],[24.82295,41.861028],[24.819938,41.863591],[24.817759,41.865454],[24.815705,41.870321],[24.813997,41.872504],[24.811429,41.875755],[24.810688,41.876367],[24.806178,41.880117],[24.805382,41.883116],[24.805178,41.883855],[24.805013,41.884573],[24.804951,41.885906],[24.804992,41.888432],[24.805025,41.891172],[24.804564,41.894827],[24.804378,41.896564],[24.804162,41.899448],[24.80395,41.902278],[24.804291,41.904549],[24.804763,41.907655],[24.808474,41.911433],[24.810951,41.914002],[24.812603,41.915707],[24.815487,41.918585],[24.821443,41.921073],[24.824629,41.922404],[24.83245,41.925638],[24.839216,41.927776],[24.841212,41.930379],[24.841887,41.931206],[24.844183,41.934503],[24.844835,41.934956],[24.849797,41.938321],[24.853428,41.94223],[24.85355,41.946866],[24.853641,41.9481],[24.854682,41.95009],[24.855566,41.95178],[24.856348,41.953221],[24.856276,41.956232],[24.856216,41.960529],[24.856121,41.961952],[24.85631,41.963313],[24.856722,41.967046],[24.856958,41.969186],[24.856966,41.969258],[24.857282,41.972124],[24.857436,41.972969],[24.860067,41.977821],[24.861787,41.981317],[24.863146,41.983802],[24.863791,41.985053],[24.864394,41.986187],[24.865346,41.989493],[24.865698,41.990842],[24.866116,41.99242],[24.867191,41.996273],[24.867488,41.997404],[24.866323,41.999566],[24.865435,42.001124],[24.864457,42.002882],[24.862389,42.006612],[24.861611,42.008027],[24.860041,42.010874],[24.859081,42.01261],[24.857443,42.015553]]}},{"type":"Feature","properties":{"osm_id":100606433,"voltage":"400000","circuits":"1","cables":"3","name":"","operator":"","ref":""},"geometry":{"type":"LineString","coordinates":[[28.46313,45.249473],[28.463981,45.247269],[28.461847,45.245169],[28.460041,45.243372],[28.457383,45.240629],[28.455397,45.238756],[28.453403,45.236799],[28.451398,45.234811],[28.44937,45.232673],[28.447921,45.231305],[28.446232,45.229274],[28.444204,45.227264],[28.442182,45.225269],[28.439827,45.222896],[28.437885,45.220988],[28.4359,45.219035],[28.433846,45.216968],[28.431823,45.215025],[28.430305,45.213472],[28.428599,45.212044],[28.426756,45.210327],[28.425236,45.208635],[28.424056,45.207456],[28.42191,45.2054],[28.420064,45.203555],[28.41852,45.201907],[28.416288,45.19979],[28.414829,45.198218],[28.412082,45.195526],[28.41043,45.193954],[28.408971,45.192593],[28.406954,45.190582],[28.405516,45.188948],[28.403692,45.187088],[28.40131,45.18491],[28.399572,45.183171],[28.397942,45.181538],[28.396483,45.180131],[28.395023,45.178755],[28.393221,45.176864],[28.391826,45.175472],[28.390517,45.174262],[28.389208,45.172916],[28.387985,45.171691],[28.38747,45.169588],[28.386912,45.167379],[28.386483,45.165155],[28.385925,45.162886],[28.385325,45.160556],[28.384788,45.157802],[28.384423,45.156047],[28.38393,45.154155],[28.383458,45.152022],[28.382857,45.149691],[28.383887,45.147573],[28.384957,45.14577],[28.385904,45.143562],[28.38702,45.141186],[28.387671,45.139834],[28.388135,45.13887],[28.389294,45.136373],[28.39026,45.134556],[28.391376,45.132119],[28.39232,45.130091],[28.393436,45.127835],[28.394423,45.125761],[28.395495,45.123566],[28.396418,45.121582],[28.397405,45.119478],[28.3988,45.116828],[28.399787,45.114617],[28.40071,45.112785],[28.401804,45.110559],[28.402748,45.108575],[28.403842,45.106333],[28.404872,45.104243],[28.40601,45.101744],[28.40704,45.099457],[28.408198,45.097276],[28.409207,45.09505],[28.410258,45.092899],[28.411288,45.090732],[28.409658,45.088672],[28.408177,45.086612],[28.406653,45.084551],[28.405151,45.082354],[28.403585,45.080339],[28.401997,45.078218],[28.400409,45.076157],[28.399165,45.074475],[28.39807,45.072869],[28.396375,45.070566],[28.394637,45.068429],[28.39335,45.066625],[28.391011,45.063428],[28.38908,45.060942],[28.387492,45.05882],[28.386204,45.057122],[28.384745,45.055],[28.383415,45.053181],[28.38187,45.050968],[28.380454,45.04924],[28.378887,45.047026],[28.377235,45.044843],[28.375797,45.043069],[28.374403,45.041098],[28.372793,45.039036],[28.371205,45.036959],[28.369832,45.034988],[28.368459,45.032986],[28.366957,45.031045],[28.365541,45.029134],[28.364146,45.027178],[28.362923,45.025525],[28.361442,45.023553],[28.359747,45.021445],[28.358181,45.01917],[28.356657,45.017319],[28.355627,45.015848],[28.353782,45.013194],[28.352623,45.011601],[28.351915,45.010402],[28.350821,45.00945],[28.34927,45.007353],[28.347876,45.005411],[28.346695,45.003682],[28.345483,45.002111],[28.344179,45.000336],[28.342474,44.998136],[28.34125,44.996315],[28.339893,44.994646],[28.338708,44.992924],[28.337313,44.991148],[28.336101,44.989255],[28.334835,44.987506],[28.333284,44.985472],[28.331804,44.983522],[28.330393,44.981682],[28.329036,44.979826],[28.327727,44.978005],[28.326091,44.9758],[28.324369,44.973447],[28.322963,44.971569],[28.3213,44.969527],[28.319879,44.967512],[28.31843,44.965648],[28.316193,44.962373],[28.315448,44.961298],[28.314144,44.959602],[28.312422,44.95743],[28.310861,44.955369],[28.30982,44.954021],[28.308565,44.952268],[28.306983,44.950214],[28.305588,44.948289],[28.304172,44.946375],[28.303034,44.944769],[28.301833,44.943171],[28.300513,44.941432],[28.298614,44.938944],[28.297332,44.937061],[28.295953,44.935098],[28.294398,44.933081],[28.292601,44.930692],[28.291453,44.929067],[28.289967,44.927077],[28.288588,44.925261],[28.28714,44.923241],[28.285895,44.921539],[28.284645,44.919849],[28.283347,44.918124],[28.281856,44.916073],[28.280681,44.914519],[28.279072,44.912384],[28.277865,44.91069],[28.276459,44.908821],[28.275016,44.906909],[28.2736,44.905006],[28.271985,44.902871],[28.270488,44.900731],[28.268981,44.898634],[28.267479,44.896665],[28.266991,44.894378],[28.266497,44.892101],[28.265843,44.889373],[28.265365,44.887058],[28.264877,44.884755],[28.264357,44.8826],[28.26374,44.87995],[28.263246,44.877826],[28.262619,44.875127],[28.262216,44.873146],[28.261825,44.871108],[28.261272,44.868572],[28.260736,44.866242],[28.260258,44.863926],[28.259749,44.861763],[28.259293,44.859561],[28.258719,44.857147],[28.257952,44.854793],[28.25749,44.852442],[28.256916,44.850134],[28.256359,44.847776],[28.255897,44.845566],[28.255404,44.843223],[28.254857,44.84085],[28.254347,44.838476],[28.253853,44.836061],[28.253338,44.833729],[28.252807,44.831553],[28.252303,44.829293],[28.251788,44.827665],[28.251514,44.826223],[28.251091,44.824126],[28.250533,44.821668],[28.250061,44.819317],[28.249508,44.816927],[28.249052,44.814503],[28.2485,44.812006],[28.247974,44.80951],[28.247427,44.807032],[28.246912,44.804577],[28.246477,44.802537],[28.246011,44.800398],[28.245548,44.798346],[28.24566,44.797624],[28.245231,44.797018],[28.244664,44.794216],[28.244187,44.791848],[28.243656,44.789446],[28.243264,44.787177],[28.242905,44.784775],[28.2424,44.782467],[28.241875,44.78011],[28.24136,44.777787],[28.240914,44.775472],[28.240437,44.773222],[28.239917,44.770872],[28.239396,44.76853],[28.238871,44.766165],[28.238425,44.763776],[28.237905,44.761373],[28.237385,44.759042],[28.236607,44.756707],[28.236108,44.75436],[28.23563,44.751995],[28.235078,44.749648],[28.234617,44.747312],[28.234102,44.745114],[28.233624,44.742752],[28.233093,44.740351],[28.232583,44.737993],[28.232122,44.735573],[28.23158,44.733191],[28.23106,44.730828],[28.230583,44.728629],[28.230003,44.72587],[28.229477,44.723568],[28.228962,44.721262],[28.228469,44.718986],[28.227975,44.716756],[28.227455,44.714374],[28.226903,44.711888],[28.22628,44.709029],[28.225797,44.706829],[28.225218,44.704096],[28.22466,44.7018],[28.224215,44.699555],[28.223673,44.697347],[28.223201,44.695032],[28.222659,44.69279],[28.222193,44.690593],[28.221678,44.688351],[28.221334,44.685673],[28.220814,44.683309],[28.220288,44.680997],[28.219773,44.678743],[28.219296,44.676408],[28.218749,44.67412],[28.218239,44.671835],[28.217762,44.669404],[28.217225,44.667001],[28.216699,44.664742],[28.216174,44.662365],[28.21568,44.659988],[28.215181,44.657733],[28.214613,44.655379],[28.214114,44.653028],[28.213604,44.65062],[28.213078,44.648261],[28.212521,44.645914],[28.212091,44.643872],[28.211533,44.641212],[28.211056,44.638735],[28.210478,44.636286],[28.209958,44.633879],[28.209454,44.631484],[28.208961,44.629145],[28.208473,44.626788],[28.207982,44.624611],[28.207532,44.622516],[28.207112,44.620443],[28.206481,44.61775],[28.206076,44.615613],[28.205566,44.613369],[28.205115,44.611146],[28.20456,44.608902],[28.204004,44.606294],[28.203449,44.603697],[28.202983,44.601505],[28.202533,44.599239],[28.202038,44.596888],[28.201497,44.59445],[28.200995,44.592114],[28.200495,44.589689],[28.19998,44.587451],[28.199473,44.58508],[28.198973,44.582622],[28.198482,44.580256],[28.197949,44.577931],[28.197509,44.575514],[28.196965,44.573205],[28.196491,44.570888],[28.195935,44.568438],[28.195472,44.566046],[28.194904,44.563762],[28.194441,44.561394],[28.193955,44.55906],[28.193434,44.556758],[28.192887,44.554304],[28.192351,44.55221],[28.191769,44.549834],[28.191187,44.547472],[28.190565,44.545139],[28.189929,44.542796],[28.18932,44.540617],[28.188779,44.538265],[28.188181,44.5362],[28.187716,44.534151],[28.187082,44.531906],[28.186502,44.52955],[28.185921,44.52722],[28.185323,44.524854],[28.184678,44.522544],[28.18408,44.520323],[28.183451,44.517867],[28.182853,44.515422],[28.182228,44.513188],[28.181704,44.510845],[28.181142,44.508602],[28.180515,44.506268],[28.179914,44.503906],[28.179326,44.501581],[28.178661,44.499237],[28.178137,44.497003],[28.177587,44.494741],[28.176963,44.492443],[28.176363,44.490169],[28.17575,44.487956],[28.175287,44.486047],[28.174987,44.484816],[28.1745,44.482835],[28.173824,44.480426],[28.173262,44.478231],[28.172725,44.475999],[28.172099,44.473757],[28.171615,44.471682],[28.170849,44.468804],[28.170323,44.466777],[28.169727,44.464529],[28.169177,44.462128],[28.168626,44.460112],[28.167981,44.457935],[28.167418,44.455691],[28.166848,44.453505],[28.166196,44.451024],[28.16547,44.448172],[28.165119,44.446858],[28.164405,44.444052],[28.16384,44.441946],[28.163259,44.439784],[28.16265,44.437515],[28.162029,44.435241],[28.161397,44.432474],[28.160926,44.430569],[28.160339,44.428319],[28.15973,44.426053],[28.159216,44.423759],[28.158512,44.421419],[28.158153,44.41989],[28.15752,44.417518],[28.156946,44.41526],[28.156356,44.413053],[28.155767,44.410815],[28.155192,44.408577],[28.15466,44.406287],[28.154014,44.403936],[28.153468,44.401656],[28.152821,44.399336],[28.152154,44.39698],[28.151578,44.39462],[28.150945,44.39229],[28.150391,44.389975],[28.149689,44.387667],[28.149105,44.385275],[28.14843,44.382838],[28.147944,44.380845],[28.147305,44.378389],[28.146801,44.376292],[28.146172,44.37423],[28.145652,44.37205],[28.145019,44.369688],[28.144443,44.367468],[28.14381,44.365347],[28.143248,44.363186],[28.142629,44.360804],[28.142011,44.358463],[28.141449,44.356261],[28.140802,44.35398],[28.140197,44.351809],[28.139649,44.349497],[28.139031,44.347124],[28.138454,44.345023],[28.137892,44.342942],[28.137217,44.340248],[28.136739,44.338317],[28.136205,44.336457],[28.135741,44.334587],[28.134912,44.33153],[28.134364,44.329298],[28.133832,44.327284],[28.133316,44.325293],[28.132675,44.322911],[28.132034,44.320529],[28.131447,44.318268],[28.130862,44.31591],[28.1302,44.313402],[28.129595,44.311045],[28.128984,44.308724],[28.128376,44.30619],[28.127657,44.303371],[28.127094,44.301123],[28.126516,44.298907],[28.125922,44.296681],[28.125344,44.294712],[28.124843,44.292609],[28.124203,44.29008],[28.123609,44.28773],[28.123108,44.285582],[28.122327,44.282851],[28.12192,44.281251],[28.121403,44.279415],[28.120833,44.277284],[28.120498,44.27519],[28.120223,44.273141],[28.11991,44.270735],[28.119465,44.268021],[28.117779,44.265138],[28.117322,44.263098],[28.11689,44.261244],[28.116446,44.259288],[28.115949,44.256947],[28.115452,44.254663],[28.114956,44.252837],[28.114394,44.250263],[28.113897,44.248137],[28.113387,44.245881],[28.112891,44.243765],[28.112394,44.241414],[28.11191,44.239392],[28.111348,44.236994],[28.110982,44.235393],[28.110485,44.233033],[28.109884,44.230738],[28.109257,44.228322],[28.10859,44.226046],[28.10842,44.225481],[28.107871,44.223657],[28.107707,44.223099],[28.107192,44.221344],[28.106368,44.218299],[28.105715,44.216191],[28.105087,44.213831],[28.104564,44.212051],[28.103989,44.210083],[28.103231,44.207347],[28.102708,44.205595],[28.102225,44.203815],[28.101584,44.201547],[28.100748,44.198633],[28.100094,44.196253],[28.099414,44.193985],[28.0988,44.19167],[28.098173,44.189655],[28.097624,44.187565],[28.096918,44.185297],[28.09633,44.183141],[28.095676,44.180929],[28.095101,44.178848],[28.094029,44.177085],[28.092774,44.174882],[28.091572,44.172867],[28.090422,44.170963],[28.089088,44.16877],[28.087899,44.166847],[28.086461,44.164419],[28.085389,44.1626],[28.083468,44.159309],[28.082422,44.157546],[28.081298,44.155802],[28.079808,44.153138],[28.078514,44.151056],[28.07722,44.148909],[28.075991,44.146873],[28.074802,44.144819],[28.073743,44.143037],[28.072684,44.141302],[28.072005,44.140214],[28.070894,44.138338],[28.069691,44.136321],[28.068357,44.134054],[28.067076,44.131868],[28.065534,44.129354],[28.064292,44.127252],[28.062998,44.125085],[28.061787,44.123046],[28.06049,44.120908],[28.059127,44.118572],[28.057939,44.116662],[28.057186,44.115317],[28.054827,44.111335],[28.053823,44.109668],[28.052679,44.107768],[28.051503,44.105668],[28.05031,44.103639],[28.048986,44.10148],[28.047598,44.099168],[28.046438,44.097256],[28.045245,44.09593],[28.043219,44.0939],[28.040735,44.091166],[28.039477,44.089781],[28.037745,44.087962],[28.036275,44.086354],[28.034635,44.084678],[28.033305,44.083259],[28.030863,44.080603],[28.029298,44.079005],[28.027131,44.076684],[28.025515,44.074896],[28.023643,44.072971],[28.021814,44.070946],[28.0199,44.068952],[28.017848,44.066751],[28.016221,44.065017],[28.01352,44.062166],[28.011882,44.060409],[28.010276,44.058682],[28.008479,44.056756],[28.006703,44.05483],[28.004842,44.052851],[28.002949,44.050864],[28.001163,44.048938],[27.999461,44.047096],[27.997643,44.045085],[27.995899,44.04322],[27.993155,44.041974],[27.990348,44.040728],[27.987583,44.039452],[27.984914,44.038244],[27.982128,44.036967],[27.979703,44.035897],[27.977257,44.034796],[27.974748,44.033695],[27.972642,44.032793],[27.971127,44.03195],[27.968788,44.030948],[27.966192,44.029899],[27.963445,44.028526],[27.960162,44.027075],[27.958095,44.026145],[27.956085,44.025286],[27.953618,44.024175],[27.951043,44.02294],[27.948146,44.021675],[27.945721,44.020518],[27.943232,44.019376],[27.93922,44.017648],[27.936623,44.016552],[27.933683,44.015071],[27.931452,44.014145],[27.928534,44.012648],[27.926452,44.011768],[27.924328,44.010827],[27.920744,44.009284],[27.918277,44.008034],[27.916901,44.006724]]}},{"type":"Feature","properties":{"osm_id":100830826,"voltage":"110000","circuits":"1","cables":"3","name":"","operator":"","ref":""},"geometry":{"type":"LineString","coordinates":[[25.356019,42.204451],[25.356268,42.203928],[25.357392,42.203223],[25.358891,42.202181],[25.36036,42.201196],[25.361698,42.200292],[25.363293,42.199226],[25.364818,42.198205],[25.366279,42.197154],[25.367823,42.196112],[25.369447,42.195016],[25.371256,42.193795],[25.373091,42.192557],[25.374857,42.191365],[25.376687,42.19013],[25.378544,42.188876],[25.380477,42.187572],[25.382273,42.186359],[25.384164,42.185083],[25.385886,42.183921],[25.388026,42.182477],[25.389687,42.181356],[25.391627,42.180047],[25.393973,42.178456],[25.395836,42.177182],[25.397694,42.175914],[25.399516,42.174711],[25.401289,42.1735],[25.403468,42.172013],[25.40562,42.170571],[25.407681,42.169215],[25.409764,42.167776],[25.411725,42.166453],[25.413713,42.165098],[25.415772,42.163697],[25.418196,42.162052],[25.420641,42.160432],[25.423004,42.158842],[25.425529,42.157108],[25.427761,42.155634],[25.430296,42.153902],[25.432737,42.152234],[25.435391,42.150421],[25.438045,42.148608],[25.440741,42.146845],[25.44331,42.145096],[25.445659,42.143498],[25.450516,42.140193],[25.452869,42.138591],[25.455532,42.136779],[25.458089,42.135038],[25.460339,42.133507],[25.463182,42.131626],[25.465312,42.130178],[25.467693,42.128504],[25.468981,42.127544],[25.470883,42.126126],[25.476308,42.122009],[25.478758,42.120175],[25.483661,42.116506],[25.486827,42.114136],[25.488775,42.112678],[25.491224,42.110845],[25.499881,42.104279],[25.502231,42.102521],[25.505438,42.100077],[25.5081,42.098055],[25.510965,42.095924],[25.512889,42.094658],[25.515157,42.094205],[25.517986,42.093628],[25.52119,42.092953],[25.522605,42.092672],[25.523793,42.092435],[25.525797,42.092014],[25.528119,42.09155],[25.530449,42.091064],[25.532679,42.090599],[25.535252,42.090062],[25.537913,42.089507],[25.54096,42.088871],[25.543364,42.08837],[25.546036,42.087812],[25.54866,42.087265],[25.550401,42.086902],[25.552406,42.086484],[25.555357,42.085878],[25.557974,42.085327],[25.562203,42.084438],[25.566325,42.08357],[25.573519,42.0822],[25.576804,42.081268],[25.579489,42.080847],[25.581241,42.080485],[25.583844,42.079965],[25.587144,42.079264],[25.590074,42.07867],[25.593229,42.078005],[25.596048,42.077426],[25.598858,42.076851],[25.601876,42.076221],[25.602805,42.07607],[25.611173,42.068432],[25.613378,42.066573],[25.615032,42.065179],[25.61708,42.063452],[25.619918,42.061061],[25.622897,42.056046],[25.623669,42.054425],[25.623547,42.053954]]}},{"type":"Feature","properties":{"osm_id":100867823,"voltage":"110000","circuits":"1","cables":"3","name":"","operator":"","ref":""},"geometry":{"type":"LineString","coordinates":[[25.580325,42.058176],[25.580053,42.058434],[25.577918,42.058315],[25.574774,42.059141],[25.573726,42.059736],[25.571961,42.06083],[25.57033,42.063008],[25.568533,42.065547],[25.567492,42.066913],[25.565652,42.067514],[25.562418,42.068016],[25.559215,42.06859],[25.556908,42.067686],[25.554854,42.066869],[25.555157,42.063889],[25.552942,42.062893],[25.550901,42.061956],[25.54803,42.060637],[25.545395,42.059427],[25.543233,42.058434],[25.542735,42.056036],[25.541989,42.052957],[25.541539,42.051097],[25.54105,42.049082],[25.540796,42.047977],[25.540082,42.04487],[25.53938,42.041818],[25.538702,42.038871],[25.538056,42.036063],[25.537329,42.032903],[25.536663,42.030003],[25.535735,42.027599],[25.534759,42.025085],[25.533881,42.022958]]}},{"type":"Feature","properties":{"osm_id":100867851,"voltage":"110000","circuits":"2","cables":"6","name":"","operator":"","ref":""},"geometry":{"type":"LineString","coordinates":[[25.533881,42.022958],[25.531501,42.020509],[25.529435,42.018382],[25.526311,42.015166],[25.523735,42.012514],[25.521232,42.009937],[25.518602,42.007527],[25.516091,42.00499],[25.513407,42.002279],[25.511732,41.998723],[25.510512,41.996194],[25.508945,41.992825],[25.507594,41.990047],[25.505646,41.986092],[25.504737,41.984172],[25.506415,41.983067],[25.509662,41.98093],[25.512148,41.979293],[25.514931,41.977461],[25.5177,41.975639],[25.523617,41.971743],[25.525549,41.970479],[25.527192,41.969395],[25.530502,41.967227],[25.533079,41.965539],[25.536654,41.963268],[25.540858,41.960444],[25.54508,41.957679],[25.547487,41.956102],[25.549881,41.954569],[25.552343,41.95296],[25.553397,41.952244],[25.553475,41.950194]]}},{"type":"Feature","properties":{"osm_id":100867863,"voltage":"110000","circuits":"1","cables":"3","name":"","operator":"","ref":""},"geometry":{"type":"LineString","coordinates":[[25.539848,42.024627],[25.544345,42.025986],[25.546606,42.026669],[25.549297,42.02745],[25.554079,42.028876],[25.556076,42.02949],[25.558139,42.030096],[25.560592,42.030837],[25.562899,42.031535],[25.567785,42.033013],[25.569263,42.03346],[25.570764,42.033914],[25.573128,42.034629],[25.575157,42.035243],[25.577119,42.035836],[25.57974,42.036367],[25.582484,42.036368],[25.585924,42.036314],[25.588877,42.036281],[25.591292,42.036264],[25.594974,42.036248],[25.598155,42.036235],[25.601766,42.036219],[25.604227,42.036209],[25.60678,42.037932],[25.608616,42.039196],[25.611317,42.041076],[25.61311,42.042293],[25.613881,42.04411],[25.614506,42.045836],[25.615335,42.047994],[25.616158,42.050173],[25.616732,42.051659],[25.617558,42.054254],[25.616403,42.055234]]}},{"type":"Feature","properties":{"osm_id":100867884,"voltage":"110000","circuits":"1","cables":"3","name":"","operator":"","ref":""},"geometry":{"type":"LineString","coordinates":[[25.864291,42.124027],[25.863563,42.124072],[25.862026,42.12399],[25.860969,42.124106],[25.857769,42.124371],[25.857713,42.12499],[25.858261,42.125896],[25.855724,42.126518],[25.852123,42.127309],[25.847715,42.12829],[25.842871,42.129406],[25.838633,42.129263],[25.832313,42.129068],[25.828763,42.128969],[25.82435,42.128826],[25.818579,42.128658],[25.814626,42.128528],[25.810306,42.128407],[25.804063,42.128191],[25.800577,42.1281],[25.79561,42.127944],[25.790404,42.127776],[25.786014,42.127633],[25.781746,42.125776],[25.779422,42.124793],[25.774633,42.122735],[25.771147,42.121293],[25.766852,42.119445],[25.762669,42.117644],[25.758509,42.115867],[25.754614,42.114212],[25.749534,42.112004],[25.746216,42.110595],[25.741151,42.108467],[25.737728,42.107046],[25.732181,42.104733],[25.726933,42.102243],[25.723175,42.100455],[25.71991,42.098902],[25.715988,42.097044],[25.713013,42.095641],[25.707566,42.093087],[25.705584,42.092138],[25.700741,42.089865],[25.696654,42.087947],[25.692457,42.085978],[25.688592,42.084164],[25.683834,42.081931],[25.679651,42.079968],[25.675518,42.077964],[25.671537,42.076127],[25.667537,42.074234],[25.663313,42.072234],[25.65862,42.070013],[25.654873,42.068239],[25.651962,42.066876],[25.648711,42.065388],[25.647066,42.064682],[25.641985,42.062362],[25.638347,42.060727],[25.635182,42.059305],[25.631452,42.058207],[25.627807,42.057138],[25.623988,42.05605],[25.624174,42.054396],[25.624022,42.053913]]}},{"type":"Feature","properties":{"osm_id":100867946,"voltage":"110000","circuits":"1","cables":"3","name":"","operator":"","ref":""},"geometry":{"type":"LineString","coordinates":[[25.623722,42.053941],[25.623847,42.054417],[25.623691,42.056175],[25.627163,42.057179],[25.630905,42.058291],[25.633751,42.059116],[25.635791,42.060061],[25.637831,42.061006],[25.639852,42.061942],[25.641732,42.062824],[25.64666,42.065155],[25.648461,42.065992],[25.650138,42.066784],[25.651731,42.067524],[25.653976,42.068621],[25.656359,42.069712],[25.65831,42.070607],[25.660458,42.071644],[25.662334,42.072541],[25.664407,42.073511],[25.666459,42.074481],[25.668511,42.075451],[25.670529,42.076405],[25.672575,42.077373],[25.674615,42.078337],[25.676169,42.079072],[25.677827,42.079855],[25.68224,42.081938],[25.683815,42.082682],[25.685902,42.083667],[25.687729,42.084529],[25.689642,42.085432],[25.691743,42.086424],[25.69379,42.08739],[25.696453,42.088647],[25.698505,42.089616],[25.7006,42.090605],[25.702537,42.091519],[25.705311,42.092828],[25.706671,42.093494],[25.708554,42.094383],[25.712367,42.096147],[25.714554,42.097199],[25.716664,42.098176],[25.718653,42.099147],[25.720255,42.099902],[25.721731,42.100603],[25.72381,42.101577],[25.725704,42.102482],[25.727502,42.103326],[25.729826,42.104427],[25.732091,42.1055],[25.733666,42.106246],[25.735682,42.107202],[25.737498,42.108065],[25.739366,42.10895],[25.741205,42.10982],[25.743294,42.11081],[25.744919,42.111579],[25.746999,42.112551],[25.748326,42.113157],[25.752284,42.115039],[25.754427,42.116048],[25.756447,42.117003],[25.758481,42.117961],[25.760336,42.118841],[25.762329,42.119776],[25.764245,42.12067],[25.766127,42.121554],[25.768204,42.122541],[25.7702,42.123485],[25.77222,42.12443],[25.775268,42.125474],[25.776656,42.125956],[25.778822,42.126715],[25.780831,42.127408],[25.783815,42.128449],[25.786564,42.129409],[25.788875,42.1302],[25.790866,42.130912],[25.793156,42.131709],[25.794875,42.132286],[25.796913,42.132999],[25.799715,42.133976],[25.802575,42.134942],[25.803965,42.135416],[25.807988,42.136783],[25.812381,42.138288],[25.816172,42.139615],[25.818175,42.140296],[25.819156,42.140637],[25.82202,42.1416],[25.824003,42.142266],[25.826464,42.143122],[25.828107,42.143678],[25.830802,42.142627],[25.833485,42.141596],[25.835781,42.140697],[25.840441,42.138878],[25.842536,42.138063],[25.844635,42.13724],[25.847355,42.136189],[25.849297,42.134286],[25.851657,42.131955],[25.853139,42.130498],[25.854468,42.129184],[25.856244,42.127455],[25.857589,42.126114],[25.858222,42.125499],[25.859779,42.125132],[25.861995,42.124617],[25.863656,42.124667],[25.864253,42.124671]]}},{"type":"Feature","properties":{"osm_id":101011904,"voltage":"110000","circuits":"1","cables":"3","name":"","operator":"","ref":""},"geometry":{"type":"LineString","coordinates":[[26.011889,42.482846],[26.012067,42.482521],[26.012473,42.481409],[26.013007,42.47999],[26.013979,42.478279],[26.014374,42.476291],[26.016926,42.475388],[26.019249,42.474579],[26.021923,42.472766],[26.024541,42.471013],[26.026338,42.469802],[26.02927,42.467763],[26.031773,42.466067],[26.034519,42.464183],[26.037061,42.462442],[26.039625,42.460727],[26.041839,42.459196],[26.044142,42.457502],[26.046513,42.455856],[26.049211,42.453924],[26.053891,42.450494],[26.056691,42.448467],[26.06155,42.44495],[26.064391,42.442893],[26.066224,42.441567],[26.068425,42.440757],[26.069338,42.438685],[26.070428,42.436078],[26.071647,42.43318],[26.072439,42.431308],[26.073904,42.427882],[26.074574,42.426265],[26.07558,42.424078],[26.076831,42.421359],[26.077584,42.41972],[26.079043,42.416547],[26.080117,42.414212],[26.081227,42.411784],[26.082312,42.409411],[26.083305,42.407238],[26.084252,42.405165],[26.085036,42.403537],[26.086168,42.401111],[26.087331,42.398572],[26.088458,42.396096],[26.089563,42.393766],[26.090641,42.391295],[26.091771,42.388813],[26.092867,42.386773],[26.094015,42.38421],[26.094986,42.382165],[26.095908,42.379842],[26.097041,42.377344],[26.098069,42.375077],[26.099255,42.372562],[26.100464,42.369879],[26.101593,42.367527],[26.102867,42.364838],[26.103871,42.362718],[26.104825,42.360476],[26.105995,42.357854],[26.107183,42.35533],[26.108274,42.352889],[26.109463,42.350342],[26.110649,42.347725],[26.111876,42.345026],[26.112905,42.342791],[26.11379,42.340851],[26.114807,42.338731],[26.115872,42.336511],[26.117007,42.33418],[26.118013,42.331836],[26.118979,42.3298],[26.120048,42.327524],[26.121387,42.324598],[26.122567,42.322101],[26.123685,42.31972],[26.124697,42.317511],[26.125709,42.31537],[26.127148,42.313388],[26.128789,42.31114],[26.130033,42.309549],[26.130874,42.308792],[26.131302,42.305983],[26.131887,42.303337],[26.132458,42.300817],[26.133063,42.298188],[26.133485,42.296302],[26.134064,42.293749],[26.134619,42.291453],[26.135198,42.289104],[26.135831,42.286659],[26.136264,42.284042],[26.136841,42.281539],[26.137258,42.279716],[26.137861,42.27715],[26.138312,42.275007],[26.13887,42.272601],[26.139471,42.269944],[26.140111,42.267117],[26.139886,42.264319],[26.139715,42.261573],[26.139479,42.259439],[26.139235,42.257073],[26.139132,42.256358]]}},{"type":"Feature","properties":{"osm_id":101011963,"voltage":"220000","circuits":"","cables":"6","name":"","operator":"","ref":""},"geometry":{"type":"LineString","coordinates":[[25.998396,42.60654],[25.999675,42.605168],[26.00149,42.602719],[26.003369,42.597978],[26.00595,42.59133],[26.007154,42.588126],[26.007914,42.586137],[26.00822,42.585415],[26.009224,42.582769],[26.01042,42.579709],[26.011563,42.576635],[26.012234,42.575015],[26.013062,42.572767],[26.014471,42.569415],[26.015248,42.567419],[26.016415,42.564556],[26.017339,42.562346],[26.01832,42.559955],[26.018969,42.558232],[26.020335,42.554932],[26.021681,42.551626],[26.02281,42.54878],[26.023753,42.546538],[26.024524,42.544643],[26.025359,42.542592],[26.026223,42.540472],[26.026996,42.538573],[26.027971,42.536177],[26.029063,42.533495],[26.030052,42.531067],[26.031448,42.527637],[26.03307,42.523817],[26.034653,42.5199],[26.036297,42.515832],[26.037873,42.512152],[26.039083,42.509102],[26.040549,42.505576],[26.042555,42.500447],[26.043438,42.498364],[26.044766,42.49523],[26.045995,42.492328],[26.047341,42.489152],[26.048697,42.485951],[26.050217,42.482362],[26.051946,42.47828],[26.053197,42.475326],[26.054429,42.472417],[26.055541,42.469791],[26.056843,42.466716],[26.057979,42.464033],[26.058811,42.462068],[26.059924,42.459441],[26.061436,42.455879],[26.063138,42.451869],[26.064446,42.448787],[26.065923,42.445308],[26.067393,42.441844],[26.067948,42.440592],[26.069557,42.436739],[26.070479,42.434559],[26.071478,42.432204],[26.072648,42.429585],[26.073395,42.427569],[26.074372,42.425404],[26.07526,42.423437],[26.076392,42.420929],[26.077209,42.419259],[26.078229,42.416985],[26.079838,42.413581],[26.081476,42.410017],[26.083081,42.406494],[26.084385,42.403717],[26.08606,42.399863],[26.087986,42.395747],[26.089857,42.391696],[26.091591,42.387896],[26.092956,42.384901],[26.094169,42.382243],[26.095466,42.379518],[26.096776,42.376633],[26.098399,42.373059],[26.100175,42.369298],[26.101941,42.365376],[26.103671,42.361655],[26.104632,42.359605],[26.10608,42.356417],[26.107095,42.354142],[26.108885,42.350227],[26.110663,42.346385],[26.112138,42.343173],[26.113271,42.340125],[26.114654,42.336406],[26.115553,42.333804],[26.116483,42.331243],[26.117566,42.328213],[26.118403,42.325921],[26.119186,42.323557],[26.12034,42.320555],[26.120839,42.319174],[26.12144,42.317489],[26.122647,42.314192],[26.123258,42.312415],[26.124524,42.309023],[26.125763,42.3056],[26.12696,42.302223],[26.127782,42.298415],[26.128614,42.294641],[26.129572,42.290423],[26.130264,42.28728],[26.13101,42.283871],[26.131777,42.280545],[26.132453,42.277632],[26.133112,42.274611],[26.13403,42.270515],[26.134775,42.267196],[26.135516,42.264008],[26.136223,42.260693],[26.136893,42.257737]]}},{"type":"Feature","properties":{"osm_id":101844314,"voltage":"110000","circuits":"1","cables":"3","name":"","operator":"","ref":""},"geometry":{"type":"LineString","coordinates":[[25.086454,41.388569],[25.086549,41.388669],[25.087354,41.389961],[25.084706,41.392945],[25.083497,41.394362],[25.082492,41.394936],[25.079389,41.396733],[25.077136,41.398035],[25.075489,41.398997],[25.073494,41.400147],[25.071137,41.401229],[25.068903,41.402263],[25.067456,41.402922],[25.066539,41.404521],[25.065863,41.405805],[25.064846,41.40768],[25.063924,41.409351],[25.063161,41.410805],[25.061574,41.413783],[25.058694,41.415078],[25.056156,41.416229],[25.054284,41.417071],[25.052228,41.418026],[25.05048,41.418817],[25.048601,41.419661],[25.046804,41.420498],[25.043974,41.421696],[25.042203,41.422461],[25.04091,41.423786],[25.038006,41.426661],[25.03648,41.428255],[25.032748,41.43193],[25.03183,41.4329],[25.029144,41.435541],[25.023906,41.437661],[25.022212,41.438384],[25.018538,41.43895],[25.015777,41.439374],[25.011569,41.440021],[25.010244,41.440768],[25.005767,41.443334],[24.999972,41.441016],[24.995525,41.438011],[24.990683,41.434621],[24.985075,41.432333],[24.986127,41.429858],[24.983906,41.427995],[24.979977,41.423297],[24.977418,41.418241],[24.9779,41.417174],[24.978136,41.416861]]}},{"type":"Feature","properties":{"osm_id":104162580,"voltage":"110000","circuits":"1","cables":"3","name":"","operator":"","ref":""},"geometry":{"type":"LineString","coordinates":[[24.472169,41.999121],[24.473346,42.000964],[24.474579,42.002833],[24.475074,42.005414],[24.475316,42.006478],[24.475738,42.008488],[24.476304,42.011454],[24.47473,42.013162],[24.472749,42.015312],[24.470874,42.017347],[24.467401,42.021115],[24.467332,42.023748],[24.467697,42.026159],[24.468003,42.028103],[24.468329,42.03018],[24.468737,42.032775],[24.469177,42.033215],[24.469688,42.033688],[24.469932,42.033907]]}},{"type":"Feature","properties":{"osm_id":104162666,"voltage":"110000","circuits":"2","cables":"6","name":"","operator":"","ref":""},"geometry":{"type":"LineString","coordinates":[[24.31029,42.203347],[24.309449,42.203145],[24.309532,42.201405],[24.309642,42.19955],[24.309724,42.197767],[24.309802,42.195936],[24.309888,42.194121],[24.309802,42.192537],[24.309683,42.190177],[24.309575,42.188058],[24.309446,42.186074],[24.309344,42.183669],[24.309321,42.182223],[24.309193,42.180465],[24.309066,42.178593],[24.30897,42.176664],[24.308938,42.175053],[24.308621,42.173787],[24.308211,42.172326],[24.307791,42.170768],[24.307233,42.169012],[24.306614,42.167264],[24.306053,42.165756],[24.3055,42.164126],[24.305008,42.162752],[24.304295,42.160765],[24.303667,42.159034],[24.303066,42.157387],[24.302501,42.155706],[24.302209,42.154145]]}},{"type":"Feature","properties":{"osm_id":104162671,"voltage":"110000","circuits":"1","cables":"3","name":"","operator":"","ref":""},"geometry":{"type":"LineString","coordinates":[[24.193063,41.919352],[24.192662,41.919996],[24.192259,41.921625],[24.191986,41.922732],[24.191203,41.925131],[24.190956,41.925861],[24.192326,41.927534],[24.193056,41.928466],[24.194684,41.930427],[24.195915,41.931892],[24.198168,41.934651],[24.199287,41.93605],[24.202307,41.939189],[24.202967,41.939875],[24.205499,41.942506],[24.20706,41.944146],[24.20794,41.945078],[24.208822,41.945966],[24.210088,41.94728],[24.211512,41.948754],[24.2127,41.949995],[24.213303,41.950631],[24.215798,41.953226],[24.218294,41.955813],[24.219161,41.956709],[24.220236,41.957841],[24.221278,41.95891],[24.222309,41.959967],[24.222399,41.96138],[24.222462,41.962731],[24.222531,41.963882],[24.222721,41.966953],[24.222839,41.968832],[24.222938,41.970489],[24.223045,41.972059],[24.223194,41.973917],[24.223237,41.97493],[24.223288,41.976156],[24.223418,41.977953],[24.223491,41.979341],[24.223575,41.98094],[24.223643,41.982309],[24.2237,41.983333],[24.223769,41.984569],[24.223905,41.98663],[24.224001,41.988093],[24.224095,41.989269],[24.224199,41.991385],[24.224271,41.992675],[24.224352,41.993868],[24.224791,41.995048],[24.225135,41.996251],[24.225483,41.997279],[24.22584,41.998374],[24.226301,41.999802],[24.226658,42.000827],[24.226984,42.001798],[24.227422,42.003223],[24.227843,42.004379],[24.229367,42.005175],[24.230465,42.005733],[24.231541,42.006295],[24.234376,42.007737],[24.236772,42.00902],[24.238035,42.009673],[24.239466,42.009912],[24.241897,42.010299],[24.244225,42.010717],[24.245733,42.011112],[24.246884,42.011447],[24.249379,42.012103],[24.251139,42.012595],[24.253803,42.01333],[24.257334,42.015485],[24.259318,42.016695],[24.26362,42.019319],[24.265278,42.02033],[24.267719,42.02182],[24.269633,42.022987],[24.271194,42.02394],[24.272824,42.024934],[24.276823,42.027426],[24.278997,42.028699]]}},{"type":"Feature","properties":{"osm_id":104162748,"voltage":"110000","circuits":"2","cables":"6","name":"","operator":"","ref":""},"geometry":{"type":"LineString","coordinates":[[24.436673,42.13451],[24.434664,42.135394],[24.432418,42.136062],[24.428976,42.137107],[24.426136,42.137967],[24.422992,42.138926],[24.420014,42.139824],[24.417258,42.140668],[24.414181,42.141605],[24.412878,42.140784],[24.411292,42.139736],[24.409597,42.13861],[24.406859,42.136788],[24.404653,42.137181],[24.402392,42.137536],[24.400005,42.137919],[24.397366,42.13808],[24.394491,42.138269],[24.391726,42.138413],[24.388829,42.138603],[24.385962,42.138795],[24.383079,42.138972],[24.380305,42.139127],[24.377584,42.139312],[24.372636,42.139273],[24.367768,42.139259],[24.366534,42.139256],[24.364457,42.139257],[24.36249,42.139251],[24.362329,42.139251],[24.360582,42.138316],[24.358698,42.137234],[24.354755,42.137262],[24.350288,42.137219],[24.34698,42.137223],[24.332378,42.139193],[24.33042,42.139189],[24.328341,42.139167],[24.325973,42.139153],[24.323216,42.139141],[24.320477,42.13914],[24.319015,42.141912],[24.317747,42.144293]]}},{"type":"Feature","properties":{"osm_id":104162761,"voltage":"110000","circuits":"1","cables":"3","name":"","operator":"","ref":""},"geometry":{"type":"LineString","coordinates":[[24.319984,42.027325],[24.322323,42.027477],[24.326622,42.027418],[24.330249,42.027352],[24.332398,42.028142],[24.335994,42.029524],[24.338908,42.030642],[24.341673,42.031686],[24.343996,42.03257],[24.346481,42.033525],[24.347765,42.034002],[24.351994,42.035663],[24.355438,42.036972],[24.359875,42.038675],[24.361763,42.039826],[24.364504,42.040286],[24.368991,42.041012],[24.371022,42.041356],[24.373494,42.041218],[24.376124,42.041082],[24.379102,42.040859],[24.382013,42.040656],[24.385585,42.040427],[24.388438,42.040267],[24.391367,42.04007],[24.393967,42.039907],[24.396888,42.039448],[24.399401,42.039012],[24.403451,42.038333],[24.405182,42.038056],[24.406303,42.037857],[24.410909,42.037093],[24.416337,42.036202],[24.420015,42.035583],[24.423213,42.035074],[24.426917,42.034446],[24.428838,42.034119],[24.430682,42.034188],[24.43306,42.034315],[24.435208,42.034384],[24.441816,42.034617],[24.444982,42.034702],[24.447962,42.034873],[24.448993,42.034932],[24.451803,42.034979],[24.455525,42.035128],[24.458163,42.035239],[24.460957,42.03538],[24.462454,42.034987],[24.464738,42.034392],[24.46711,42.033769],[24.468213,42.033434],[24.469121,42.033411],[24.4696,42.033787],[24.46988,42.033971]]}},{"type":"Feature","properties":{"osm_id":104162963,"voltage":"110000","circuits":"2","cables":"6","name":"","operator":"","ref":""},"geometry":{"type":"LineString","coordinates":[[24.038253,42.209756],[24.039003,42.21124],[24.041551,42.210859],[24.044727,42.210352],[24.047211,42.209978],[24.049829,42.209579],[24.052699,42.209166],[24.055402,42.208745],[24.058267,42.208324],[24.061097,42.2079],[24.069366,42.206675],[24.075095,42.205812],[24.080728,42.204962],[24.083555,42.204521],[24.086403,42.204115],[24.089182,42.203674],[24.09246,42.203162],[24.094868,42.202836],[24.097502,42.202415],[24.100201,42.202009],[24.10299,42.201592],[24.105871,42.201163],[24.108762,42.200738],[24.111573,42.200297],[24.114395,42.199844],[24.117211,42.199426],[24.120001,42.198993],[24.122828,42.198584],[24.125695,42.198133],[24.128289,42.197745],[24.130673,42.197372],[24.132572,42.197094],[24.134578,42.196772],[24.13648,42.196507],[24.138988,42.19614],[24.141708,42.195724],[24.142681,42.195556],[24.143692,42.195404],[24.144541,42.195277],[24.147327,42.19486],[24.150808,42.194335],[24.153228,42.193982],[24.155792,42.193588],[24.158689,42.193143],[24.161564,42.192686],[24.164474,42.192245],[24.167328,42.191804],[24.170163,42.191374],[24.173484,42.19087],[24.17597,42.190484],[24.178964,42.190033],[24.181683,42.189616],[24.184628,42.189175],[24.187305,42.188753],[24.190226,42.188314],[24.192613,42.18794],[24.19536,42.187521],[24.198184,42.187084],[24.200931,42.186662],[24.203796,42.186225],[24.206231,42.185854],[24.20865,42.185476],[24.211038,42.18512],[24.213036,42.183874],[24.215321,42.182483],[24.217536,42.181123],[24.21979,42.179736],[24.222,42.178357],[24.22384,42.177235],[24.226098,42.1759],[24.228662,42.174298],[24.230728,42.173049],[24.232814,42.171741],[24.235062,42.170362],[24.237548,42.169099],[24.239756,42.167707],[24.242028,42.16632],[24.243954,42.165107],[24.246073,42.16378],[24.248278,42.162446],[24.250177,42.161304],[24.252435,42.159947],[24.254673,42.158546],[24.257009,42.157082],[24.259186,42.155719],[24.261335,42.154419],[24.26288,42.153304],[24.264924,42.152023],[24.267423,42.1507],[24.269359,42.149318],[24.271612,42.147923],[24.273866,42.146551],[24.276098,42.145163],[24.278212,42.143863],[24.280137,42.142705],[24.282186,42.141435],[24.284217,42.140186],[24.286166,42.138997],[24.28905,42.139034],[24.29201,42.138985],[24.294895,42.139048],[24.297828,42.139044],[24.300138,42.139054],[24.304179,42.142595],[24.30614,42.144315],[24.307898,42.146015],[24.309861,42.147691],[24.311816,42.149312],[24.314088,42.150153],[24.316533,42.150736]]}},{"type":"Feature","properties":{"osm_id":106636460,"voltage":"110000","circuits":"1","cables":"3","name":"","operator":"","ref":""},"geometry":{"type":"LineString","coordinates":[[22.752829,43.65765],[22.753311,43.657703],[22.755177,43.658273],[22.757043,43.658748],[22.758206,43.659081],[22.757897,43.65981],[22.757488,43.660818],[22.756802,43.661913],[22.755937,43.663264],[22.755344,43.664267],[22.75425,43.665973],[22.753557,43.667096],[22.752729,43.66838],[22.752019,43.669559],[22.748866,43.673971],[22.748236,43.675009],[22.746941,43.677068],[22.746231,43.6782],[22.745499,43.679322],[22.744826,43.680423],[22.744101,43.681524],[22.743428,43.682635],[22.742711,43.683763],[22.742023,43.684885],[22.741401,43.68589],[22.740054,43.68804],[22.739279,43.689277],[22.738502,43.690487],[22.737726,43.69176],[22.736267,43.694012],[22.735615,43.695112],[22.734756,43.696504],[22.734083,43.697521],[22.733276,43.698876],[22.732541,43.70005],[22.731827,43.701188],[22.731258,43.702288],[22.730697,43.703379],[22.730112,43.704564],[22.72957,43.705659],[22.729021,43.706839],[22.728436,43.707955],[22.727855,43.709139],[22.727309,43.710251],[22.726738,43.711399],[22.726197,43.71253],[22.72573,43.713556],[22.724265,43.714632]]}},{"type":"Feature","properties":{"osm_id":107181328,"voltage":"110000","circuits":"1","cables":"3","name":"","operator":"","ref":""},"geometry":{"type":"LineString","coordinates":[[22.835448,43.940958],[22.834856,43.941338],[22.834068,43.942237],[22.832103,43.944549],[22.830402,43.946439],[22.828673,43.948498],[22.826897,43.950294],[22.825134,43.951941],[22.823072,43.954029],[22.821594,43.955504],[22.81934,43.957766],[22.816516,43.95931],[22.813565,43.960919],[22.812245,43.96161],[22.809372,43.960868],[22.807238,43.960318],[22.803933,43.959492],[22.80081,43.958648],[22.797461,43.957774],[22.794065,43.956883],[22.790498,43.95595],[22.787049,43.955057],[22.783606,43.954163],[22.780196,43.953271],[22.776599,43.95234],[22.773716,43.951591],[22.770673,43.950799],[22.768155,43.950145],[22.766336,43.949672],[22.764141,43.949102],[22.761139,43.948323],[22.757837,43.947475],[22.754809,43.946672],[22.751142,43.945723],[22.747659,43.944819],[22.744878,43.944099],[22.741751,43.943283],[22.738745,43.942507],[22.734262,43.941334],[22.731737,43.940679],[22.728654,43.93989],[22.725214,43.938996],[22.722014,43.938174],[22.718638,43.937303],[22.715662,43.936522],[22.712922,43.935813],[22.710045,43.935065],[22.707448,43.9344],[22.703883,43.933474],[22.702271,43.933057],[22.700225,43.932525],[22.696865,43.931654],[22.695148,43.931209],[22.693083,43.930656],[22.690971,43.930127],[22.687643,43.929888],[22.68373,43.929626],[22.680451,43.929387],[22.67758,43.929176],[22.674109,43.928931],[22.671026,43.928709],[22.666767,43.928398],[22.663349,43.928146],[22.659354,43.927866],[22.656435,43.927651],[22.653242,43.927423],[22.649545,43.927139],[22.645867,43.926877],[22.642334,43.926624],[22.638632,43.926351],[22.635276,43.926112],[22.632112,43.925884],[22.628818,43.925645],[22.625568,43.925414],[22.622163,43.925151],[22.618548,43.924878],[22.615024,43.924605],[22.610991,43.924304],[22.607265,43.924013],[22.603635,43.923747],[22.599972,43.92347],[22.597504,43.92327],[22.593841,43.922993],[22.590321,43.922727],[22.586346,43.922419],[22.582692,43.922142],[22.579009,43.921862],[22.575783,43.921617],[22.572873,43.92051],[22.569839,43.919369],[22.566805,43.918238],[22.56365,43.917034],[22.56064,43.915903],[22.557394,43.914658],[22.554096,43.913451],[22.55097,43.912247],[22.547734,43.911054],[22.544411,43.909767],[22.541439,43.90866],[22.538405,43.907495],[22.535231,43.906301],[22.532423,43.905239],[22.529604,43.904191],[22.52717,43.903274],[22.52596,43.902806],[22.525713,43.902727]]}},{"type":"Feature","properties":{"osm_id":107181355,"voltage":"110000","circuits":"2","cables":"6","name":"","operator":"","ref":""},"geometry":{"type":"LineString","coordinates":[[22.839854,43.973158],[22.842177,43.974086],[22.845497,43.975559],[22.848097,43.976754],[22.851395,43.978226]]}},{"type":"Feature","properties":{"osm_id":107181358,"voltage":"110000","circuits":"2","cables":"6","name":"","operator":"","ref":""},"geometry":{"type":"LineString","coordinates":[[22.810806,43.888143],[22.812856,43.890173],[22.814789,43.892044],[22.816605,43.893817],[22.818677,43.895843],[22.820492,43.897657],[22.822595,43.899685],[22.82486,43.90191],[22.826778,43.90375],[22.828439,43.905365],[22.828982,43.907703],[22.829583,43.910428],[22.830219,43.91345],[22.83086,43.916318],[22.831282,43.918305],[22.831848,43.921066],[22.832324,43.9232],[22.832837,43.925477],[22.832994,43.928267],[22.833138,43.931053],[22.833283,43.933618],[22.833419,43.936112],[22.833535,43.93823],[22.833595,43.939314],[22.834826,43.940898]]}},{"type":"Feature","properties":{"osm_id":107181365,"voltage":"110000","circuits":"1","cables":"3","name":"","operator":"ЕРМ Запад","ref":""},"geometry":{"type":"LineString","coordinates":[[22.886531,43.794105],[22.888137,43.793011],[22.889765,43.791887],[22.891216,43.790847],[22.893083,43.789521],[22.894697,43.788406],[22.896556,43.787084],[22.898314,43.785849],[22.900496,43.784304],[22.902659,43.782792],[22.904929,43.781198],[22.906785,43.779897],[22.908371,43.778754],[22.910223,43.777461],[22.912359,43.775958],[22.914533,43.774405],[22.916654,43.772926],[22.918817,43.7714],[22.920968,43.769902],[22.923166,43.768339],[22.925386,43.766774],[22.927354,43.765392],[22.929519,43.763851],[22.931703,43.76232],[22.933834,43.760821],[22.935984,43.759289],[22.937942,43.757897],[22.940007,43.756774],[22.942895,43.755202],[22.944882,43.754201],[22.947114,43.752958],[22.949077,43.751893],[22.951532,43.750592],[22.953352,43.749344],[22.955205,43.748085],[22.960048,43.744801],[22.964885,43.741503],[22.972074,43.736584],[22.974233,43.735092],[22.976408,43.733624],[22.978583,43.732132],[22.980758,43.730658],[22.98293,43.729172],[22.98511,43.727687],[22.987198,43.726261],[22.989368,43.724766],[22.991553,43.723294],[22.993843,43.72174],[22.995999,43.720251],[22.998174,43.718743],[23.00024,43.717383],[23.00219,43.716047],[23.004259,43.714635],[23.006424,43.713122],[23.008417,43.711772],[23.010232,43.71054],[23.01185,43.709429],[23.014092,43.707892],[23.01632,43.706368],[23.018534,43.704859],[23.020964,43.703193],[23.023071,43.701777],[23.025011,43.700489],[23.027186,43.698951],[23.033423,43.694713],[23.035603,43.693196],[23.037778,43.691724],[23.040034,43.690172],[23.042142,43.688728],[23.044303,43.687276],[23.04631,43.685902],[23.048456,43.684412],[23.050424,43.68341],[23.052366,43.682459],[23.054719,43.681268],[23.057076,43.680073],[23.059491,43.678858],[23.061887,43.677646],[23.064422,43.676365],[23.066429,43.675375],[23.068811,43.674163],[23.071139,43.672983],[23.073454,43.67183],[23.075811,43.670628],[23.077463,43.668252],[23.077868,43.668137]]}},{"type":"Feature","properties":{"osm_id":108118908,"voltage":"110000","circuits":"2","cables":"6","name":"","operator":"ЕРМ Запад","ref":""},"geometry":{"type":"LineString","coordinates":[[22.886828,43.794281],[22.889713,43.795826],[22.892375,43.797253],[22.8955,43.797772],[22.899249,43.798381],[22.902844,43.798977],[22.907256,43.799702],[22.910708,43.798863],[22.914773,43.797855],[22.917535,43.797179],[22.919883,43.796582],[22.921863,43.796089],[22.923846,43.79559],[22.927445,43.794702],[22.92932,43.793947],[22.932052,43.792795],[22.934494,43.79183],[22.93676,43.79088],[22.938755,43.790049],[22.941583,43.788908],[22.945625,43.787266],[22.947427,43.786508],[22.950035,43.785445],[22.952799,43.784312],[22.955477,43.78324],[22.958375,43.782012],[22.960439,43.781167],[22.963671,43.779818],[22.966638,43.778591],[22.969298,43.777506],[22.971823,43.77649],[22.975623,43.774894],[22.979547,43.773256],[22.981994,43.771776],[22.984265,43.770402],[22.9865,43.769074],[22.988892,43.767653],[22.992543,43.765431],[22.995625,43.763608],[22.997852,43.762231],[23.000312,43.760758],[23.003075,43.759105],[23.004574,43.758208],[23.006488,43.757063],[23.008251,43.756008],[23.010627,43.755957],[23.013378,43.755912],[23.016542,43.75586],[23.019355,43.755822],[23.022179,43.755785],[23.025559,43.755716],[23.028336,43.755692],[23.031268,43.755634],[23.034586,43.755594],[23.03756,43.755531],[23.04043,43.755496],[23.043738,43.755464],[23.046465,43.755416],[23.048782,43.756156],[23.051801,43.757074],[23.054351,43.757887],[23.056708,43.758615],[23.059764,43.759469],[23.062251,43.760263],[23.064777,43.761054],[23.068046,43.762008],[23.070336,43.762795],[23.072742,43.763533],[23.075733,43.764456],[23.078248,43.765215],[23.080637,43.766009],[23.083513,43.766918],[23.08648,43.76785],[23.089049,43.768696],[23.091889,43.769594],[23.094964,43.770577],[23.097665,43.77144],[23.100447,43.772337],[23.103299,43.773262],[23.105775,43.774043],[23.108641,43.774947],[23.111323,43.77581],[23.113689,43.77659],[23.116904,43.777625]]}},{"type":"Feature","properties":{"osm_id":108358942,"voltage":"110000","circuits":"1","cables":"3","name":"","operator":"","ref":""},"geometry":{"type":"LineString","coordinates":[[23.077856,43.667894],[23.077469,43.667912],[23.076771,43.668641],[23.07486,43.670704],[23.071413,43.672364],[23.068883,43.673604],[23.06602,43.675012],[23.062522,43.674624],[23.058574,43.674228],[23.054502,43.673798],[23.052249,43.673045],[23.049293,43.672626],[23.046364,43.672199],[23.043071,43.671765],[23.039552,43.671241],[23.035845,43.670698],[23.032149,43.670181],[23.028522,43.66965],[23.024767,43.669122],[23.021055,43.668587],[23.017203,43.668047],[23.013416,43.667492],[23.009715,43.666949],[23.006292,43.666468],[23.002644,43.665944],[22.99861,43.665346],[22.996393,43.665033],[22.993383,43.664564],[22.98968,43.663968],[22.985968,43.663409],[22.982132,43.662773],[22.978291,43.662167],[22.974375,43.66155],[22.970813,43.660968],[22.967389,43.660431],[22.964076,43.660731],[22.959613,43.661104],[22.955512,43.661448],[22.952009,43.661727],[22.947637,43.662123],[22.943877,43.662435],[22.939451,43.662801],[22.935507,43.663129],[22.932718,43.662747],[22.92937,43.66221],[22.926291,43.661755],[22.92323,43.661288],[22.918137,43.660518],[22.914069,43.659867],[22.91017,43.659285],[22.906546,43.658695],[22.903007,43.658174],[22.899634,43.657654],[22.896004,43.657085],[22.89284,43.655258],[22.890033,43.653623],[22.886814,43.651752],[22.883589,43.649916],[22.88075,43.648227],[22.877814,43.646511],[22.874865,43.644782],[22.871929,43.643084],[22.869054,43.641439],[22.866032,43.639678],[22.862985,43.637909],[22.859723,43.635997],[22.856424,43.634103],[22.853156,43.632205],[22.850047,43.630417],[22.846682,43.630176],[22.843488,43.62992],[22.840412,43.62971],[22.837123,43.629489],[22.833991,43.629284],[22.830781,43.629056],[22.827618,43.62884],[22.824845,43.628615],[22.822026,43.628407],[22.818693,43.628196],[22.815779,43.627984],[22.81258,43.629865],[22.810509,43.631026],[22.808626,43.632074],[22.804785,43.634217],[22.80287,43.635285],[22.80005,43.636877],[22.797461,43.638335],[22.795165,43.63967],[22.792638,43.641083],[22.790031,43.642186],[22.787108,43.643409],[22.784238,43.644624],[22.781588,43.645734],[22.779131,43.646774],[22.777361,43.647523],[22.773949,43.64894],[22.771611,43.649939],[22.769255,43.650931],[22.76668,43.652007],[22.763174,43.653477],[22.759545,43.654932],[22.757119,43.655973],[22.754846,43.656975],[22.753506,43.657558],[22.752836,43.657578]]}},{"type":"Feature","properties":{"osm_id":110931793,"voltage":"110000","circuits":"1","cables":"3","name":"","operator":"","ref":""},"geometry":{"type":"LineString","coordinates":[[23.489729,43.811374],[23.4911,43.810475],[23.493777,43.808722],[23.496454,43.806997],[23.499241,43.805154],[23.50186,43.803471],[23.504446,43.801803],[23.50638,43.800538],[23.508551,43.799105],[23.510422,43.797969],[23.512421,43.796598],[23.514636,43.795167],[23.516739,43.793795],[23.519671,43.79315],[23.522471,43.792569],[23.525336,43.791903],[23.528082,43.791368],[23.530807,43.790749],[23.5335,43.79016],[23.536268,43.789571],[23.539036,43.788975],[23.54174,43.788386],[23.54453,43.787798],[23.547233,43.787209],[23.549915,43.786628],[23.552684,43.786016],[23.555537,43.785412],[23.558389,43.7848],[23.56111,43.784197],[23.563857,43.783611],[23.566586,43.783014],[23.569341,43.782412],[23.572181,43.781801],[23.575034,43.781203],[23.577776,43.780602],[23.58051,43.780013],[23.583228,43.779416],[23.58586,43.778847],[23.588647,43.778241],[23.591363,43.777658],[23.59421,43.777056],[23.597004,43.77644],[23.599701,43.775861],[23.602378,43.775287],[23.605159,43.774685],[23.607875,43.774097],[23.610129,43.773599],[23.612721,43.773044],[23.615372,43.772451],[23.618088,43.771896],[23.620785,43.771294],[23.623462,43.770725],[23.62608,43.770156],[23.628731,43.769577],[23.631434,43.769018],[23.634606,43.768312],[23.637935,43.767654],[23.641341,43.766925],[23.644676,43.766219],[23.648004,43.765509],[23.651105,43.764827],[23.654107,43.764201],[23.657403,43.763505],[23.660986,43.762752],[23.66449,43.762009],[23.668014,43.761228],[23.671431,43.760514],[23.674655,43.759824],[23.678231,43.759066],[23.681266,43.758417],[23.683097,43.756921],[23.685129,43.755289],[23.687139,43.753649],[23.689042,43.752129],[23.690826,43.750681]]}},{"type":"Feature","properties":{"osm_id":110931883,"voltage":"110000","circuits":"1","cables":"3","name":"","operator":"","ref":""},"geometry":{"type":"LineString","coordinates":[[23.232099,43.801481],[23.232193,43.80165],[23.233355,43.8008],[23.235877,43.800369],[23.238872,43.7999],[23.242184,43.799418],[23.245419,43.798945],[23.247508,43.79865],[23.249762,43.796952],[23.252156,43.79515],[23.254689,43.793277],[23.257504,43.791291],[23.259836,43.791783],[23.261048,43.793164],[23.262531,43.794891],[23.263538,43.796041],[23.26401,43.797196],[23.264571,43.798553],[23.265416,43.800649],[23.266296,43.8028],[23.267044,43.80488],[23.267914,43.80717],[23.268716,43.809164],[23.269614,43.811411],[23.270053,43.812495],[23.271148,43.815193],[23.271779,43.8167],[23.272855,43.819365],[23.273288,43.820441],[23.273841,43.821734],[23.274333,43.822963],[23.274777,43.824033],[23.275688,43.826252],[23.278496,43.826853],[23.281578,43.82746],[23.284125,43.827965],[23.286774,43.828489],[23.289588,43.829035],[23.292441,43.829605],[23.294886,43.830074],[23.297478,43.830583],[23.300114,43.831079],[23.302928,43.831631],[23.306265,43.831713],[23.309118,43.831782],[23.312072,43.831824],[23.315052,43.831888],[23.318032,43.831957],[23.320834,43.832003],[23.324069,43.832076],[23.32738,43.83215],[23.33078,43.832209],[23.334219,43.832297],[23.337423,43.832376],[23.34075,43.832439],[23.34395,43.832514],[23.347381,43.832577],[23.350572,43.832646],[23.353836,43.832738],[23.357179,43.832755],[23.360649,43.832847],[23.363944,43.832921],[23.367327,43.83299],[23.370901,43.833059],[23.374443,43.83345],[23.377905,43.833823],[23.381567,43.834254],[23.385093,43.834632],[23.38881,43.835057],[23.39236,43.835425]]}},{"type":"Feature","properties":{"osm_id":111567281,"voltage":"110000","circuits":"2","cables":"6","name":"Лебед-Бриз","operator":"","ref":"Лебед/Бриз"},"geometry":{"type":"LineString","coordinates":[[27.929987,43.22599],[27.93019,43.226763],[27.927727,43.227137],[27.925208,43.227452],[27.922675,43.227766],[27.922642,43.22777],[27.92132,43.227935],[27.920036,43.228095],[27.905663,43.230192],[27.904785,43.230294],[27.901817,43.230667],[27.899422,43.231],[27.896149,43.229573],[27.893716,43.228494],[27.891272,43.227437],[27.891127,43.22556],[27.890184,43.223982]]}},{"type":"Feature","properties":{"osm_id":111567454,"voltage":"110000","circuits":"1","cables":"3","name":"Звездица","operator":"ЕРП Север","ref":""},"geometry":{"type":"LineString","coordinates":[[27.887904,43.193198],[27.887042,43.19318],[27.885385,43.193061],[27.884191,43.192483],[27.881185,43.190735],[27.878697,43.189427],[27.877078,43.18857],[27.875314,43.187709],[27.873356,43.186498],[27.871047,43.185224],[27.868505,43.183796],[27.866264,43.183674],[27.863765,43.183511],[27.858121,43.183179],[27.854998,43.183011],[27.853815,43.182408],[27.848576,43.179737],[27.845872,43.179677],[27.842234,43.179515],[27.838886,43.179383],[27.834965,43.179203],[27.831472,43.179037],[27.828586,43.178902],[27.819168,43.178496],[27.816315,43.178596],[27.81013,43.178791],[27.806803,43.178885],[27.792023,43.179373],[27.781091,43.180041],[27.778826,43.180184],[27.776644,43.180333],[27.774172,43.18047],[27.771194,43.180657],[27.768193,43.180824],[27.765573,43.180984],[27.762772,43.18115],[27.759525,43.181365],[27.756216,43.181539],[27.753196,43.181687],[27.749998,43.181888],[27.746837,43.182091],[27.744338,43.182257],[27.742047,43.18239],[27.740015,43.182513],[27.736539,43.182706],[27.733283,43.182881],[27.729996,43.183101],[27.728335,43.184428],[27.726526,43.185871],[27.72469,43.187395],[27.722764,43.188902],[27.723642,43.192711],[27.724288,43.195504],[27.72521,43.198971],[27.726128,43.202699],[27.726646,43.204945],[27.733523,43.205358],[27.736956,43.205539],[27.740454,43.205759],[27.743943,43.20598],[27.746805,43.206151],[27.749536,43.204586],[27.752288,43.202985],[27.7551,43.20136],[27.757753,43.199818],[27.759385,43.198923],[27.761328,43.197759],[27.761652,43.197153]]}},{"type":"Feature","properties":{"osm_id":111567478,"voltage":"110000","circuits":"2","cables":"6","name":"Лилия-Гларус","operator":"","ref":""},"geometry":{"type":"LineString","coordinates":[[27.726378,43.204648],[27.734922,43.205169],[27.738925,43.2054],[27.743068,43.205638],[27.746736,43.205885],[27.74973,43.204184],[27.752785,43.202447],[27.758553,43.199181],[27.761185,43.197671]]}},{"type":"Feature","properties":{"osm_id":111567582,"voltage":"220000","circuits":"1","cables":"3","name":"Приморец","operator":"","ref":""},"geometry":{"type":"LineString","coordinates":[[27.762484,43.198286],[27.762202,43.198588],[27.759644,43.200595],[27.75722,43.20259],[27.753948,43.205243],[27.750969,43.207659],[27.746962,43.20744],[27.743422,43.207232],[27.739795,43.20699],[27.736009,43.206756],[27.731971,43.206523],[27.726502,43.206187],[27.722744,43.205932],[27.719184,43.208107],[27.715792,43.210205],[27.711558,43.212823],[27.708092,43.21496],[27.705053,43.216835],[27.701699,43.218919],[27.698765,43.220726],[27.696003,43.222385],[27.693039,43.225346],[27.691197,43.227198],[27.688912,43.229494],[27.686386,43.232021],[27.684046,43.234354],[27.683035,43.23595],[27.682052,43.237345],[27.680356,43.240043],[27.678608,43.242743],[27.676784,43.245606],[27.675047,43.248337],[27.673698,43.250447],[27.671642,43.253694],[27.670371,43.255683],[27.668755,43.258226],[27.666456,43.259845],[27.663466,43.26199],[27.661033,43.263695],[27.658926,43.265191],[27.65644,43.267012],[27.654067,43.268679],[27.651058,43.270815],[27.648746,43.27246],[27.646503,43.274049],[27.64438,43.275561],[27.641448,43.277629],[27.639512,43.279035],[27.636636,43.281087],[27.633764,43.283125],[27.631794,43.284509],[27.629238,43.286321],[27.627394,43.287645],[27.624891,43.289414],[27.622306,43.291257],[27.617469,43.294979],[27.614158,43.297545],[27.6109,43.300071],[27.608407,43.302003],[27.604736,43.304849],[27.60201,43.306942],[27.598989,43.309307],[27.59529,43.312181],[27.592144,43.314629],[27.589591,43.316628],[27.586621,43.318946],[27.58402,43.320858],[27.581144,43.323051],[27.578441,43.325111],[27.576843,43.326306],[27.576823,43.329704],[27.57687,43.332716],[27.576851,43.333051]]}},{"type":"Feature","properties":{"osm_id":111567757,"voltage":"110000","circuits":"1","cables":"3","name":"","operator":"","ref":""},"geometry":{"type":"LineString","coordinates":[[28.054756,43.373052],[28.05456,43.370831],[28.052849,43.362162],[28.053202,43.360103],[28.053556,43.358128],[28.053957,43.355966],[28.052557,43.354404],[28.051159,43.352872],[28.049688,43.351309],[28.048486,43.350012],[28.04677,43.348153],[28.045541,43.346858],[28.043874,43.345028],[28.042288,43.343264],[28.040966,43.341803],[28.03968,43.340468],[28.037782,43.338718],[28.035859,43.336945],[28.033963,43.335241],[28.030088,43.331713],[28.029228,43.330026],[28.028338,43.328282],[28.027418,43.326477],[28.011802,43.295852],[28.013748,43.290971],[28.014467,43.289196],[28.017079,43.282663],[28.017739,43.281011],[28.019091,43.280693],[28.020919,43.280263],[28.024102,43.279513],[28.026023,43.279061],[28.028771,43.278414],[28.03571,43.276811],[28.036223,43.27641]]}},{"type":"Feature","properties":{"osm_id":111567830,"voltage":"110000","circuits":"2","cables":"6","name":"Нектар","operator":"","ref":"Нектар"},"geometry":{"type":"LineString","coordinates":[[27.889869,43.223945],[27.89037,43.224709],[27.890788,43.225623],[27.890973,43.22712],[27.89129,43.22798],[27.890571,43.228798],[27.890518,43.228879],[27.890054,43.229429],[27.890565,43.232055],[27.891012,43.234352],[27.891542,43.237034],[27.891693,43.237902],[27.891883,43.239001],[27.891945,43.239356],[27.892013,43.239753],[27.892027,43.239834],[27.892142,43.240488],[27.892172,43.24068],[27.891006,43.245931],[27.890682,43.247389],[27.88399,43.247988],[27.881721,43.248182],[27.880906,43.248286],[27.879384,43.248428]]}},{"type":"Feature","properties":{"osm_id":114515157,"voltage":"400000","circuits":"1","cables":"3","name":"","operator":"","ref":""},"geometry":{"type":"LineString","coordinates":[[23.656558,43.785766],[23.652637,43.786163],[23.651449,43.788324],[23.650153,43.791296]]}},{"type":"Feature","properties":{"osm_id":114515981,"voltage":"400000","circuits":"2","cables":"6","name":"","operator":"","ref":""},"geometry":{"type":"LineString","coordinates":[[23.650153,43.791296],[23.646183,43.798994],[23.643651,43.804073],[23.644145,43.806505],[23.644681,43.809447],[23.646183,43.812404],[23.647599,43.815161],[23.650131,43.820053],[23.651676,43.822979],[23.653114,43.825797],[23.654444,43.828521],[23.655818,43.831215],[23.657341,43.834248],[23.658865,43.837127],[23.657985,43.839155],[23.656805,43.842049],[23.655539,43.844959],[23.654444,43.847543],[23.653028,43.850792],[23.651805,43.853732],[23.650668,43.856548],[23.649402,43.859519],[23.648179,43.862365],[23.646977,43.865305],[23.645775,43.86812],[23.644638,43.870719],[23.643501,43.873519],[23.642192,43.876473],[23.641141,43.879118],[23.639982,43.88167],[23.639081,43.883851],[23.639574,43.886495],[23.640025,43.88914],[23.640475,43.892032],[23.641012,43.894939],[23.641484,43.897629],[23.64202,43.900381],[23.642557,43.903288],[23.643007,43.905993],[23.643522,43.908776],[23.64408,43.911775],[23.644574,43.914882],[23.645132,43.917819],[23.645668,43.920787],[23.646205,43.923723],[23.64672,43.92669],[23.647277,43.929658],[23.647792,43.932532],[23.64835,43.935452],[23.648865,43.938218],[23.649359,43.941247],[23.649938,43.944244],[23.650389,43.947288],[23.651054,43.950547],[23.65159,43.953652],[23.652191,43.956757],[23.652728,43.959723],[23.653307,43.962812],[23.653801,43.965685],[23.654251,43.968233],[23.654723,43.971352],[23.65526,43.974395],[23.65571,43.977622],[23.656225,43.980787],[23.656719,43.983875],[23.657191,43.986978],[23.657642,43.989958],[23.658071,43.99286],[23.658543,43.995793],[23.659015,43.998664],[23.659465,44.001628],[23.659938,44.004545],[23.66041,44.007416],[23.660817,44.010286],[23.661375,44.013604],[23.661718,44.016351],[23.662233,44.019298],[23.662663,44.022168],[23.663113,44.025084],[23.663564,44.028],[23.664036,44.030885],[23.664508,44.033832],[23.664959,44.036701],[23.662577,44.039447],[23.660452,44.041884],[23.658157,44.04446],[23.656333,44.046588],[23.65408,44.049164],[23.651977,44.051585],[23.650518,44.053251],[23.652127,44.056412],[23.653786,44.059326],[23.655281,44.062256],[23.656783,44.06514],[23.65835,44.0681],[23.659895,44.071014],[23.657899,44.073588],[23.655925,44.076163],[23.654144,44.078506],[23.652277,44.080941],[23.650217,44.083593],[23.648093,44.086398],[23.646183,44.088941],[23.644166,44.091468],[23.640196,44.092439],[23.63627,44.093426],[23.632,44.094443],[23.62788,44.095444],[23.624017,44.096384],[23.619769,44.097386],[23.6164,44.099744],[23.616572,44.103026],[23.616657,44.106169]]}},{"type":"Feature","properties":{"osm_id":114515996,"voltage":"400000","circuits":"1","cables":"3","name":"","operator":"","ref":""},"geometry":{"type":"LineString","coordinates":[[23.656558,43.785766],[23.652846,43.786324],[23.651869,43.788361],[23.650153,43.791296]]}},{"type":"Feature","properties":{"osm_id":114515997,"voltage":"400000","circuits":"1","cables":"3","name":"","operator":"","ref":""},"geometry":{"type":"LineString","coordinates":[[23.696546,43.779284],[23.694505,43.781405],[23.691138,43.781722]]}},{"type":"Feature","properties":{"osm_id":114693734,"voltage":"110000","circuits":"1","cables":"3","name":"","operator":"","ref":""},"geometry":{"type":"LineString","coordinates":[[25.327708,42.709241],[25.325766,42.710346],[25.323761,42.711516],[25.321733,42.712627],[25.319753,42.713791],[25.317724,42.714934],[25.315686,42.716107],[25.313636,42.717253],[25.314012,42.718603],[25.314407,42.720117],[25.314883,42.721897],[25.315386,42.723724],[25.315837,42.725365],[25.316246,42.72694],[25.316662,42.728462],[25.317005,42.729739],[25.31751,42.731686],[25.317983,42.733306],[25.31829,42.7345],[25.318522,42.735438],[25.318764,42.736355],[25.319003,42.737263],[25.319284,42.738273],[25.318975,42.73938],[25.318649,42.740533],[25.318343,42.741615],[25.318151,42.742294],[25.317948,42.743009],[25.317577,42.74433],[25.317294,42.745305],[25.317022,42.746266],[25.316695,42.747466],[25.316468,42.748649],[25.316418,42.749344],[25.316389,42.750269],[25.316349,42.751201],[25.316312,42.752198],[25.316281,42.753114],[25.316245,42.75373],[25.316228,42.754537],[25.316168,42.755205],[25.316118,42.756079],[25.31609,42.756602],[25.316043,42.757978],[25.315988,42.758979],[25.315949,42.760421],[25.315823,42.762569],[25.315772,42.764006],[25.315728,42.765099],[25.315681,42.76597],[25.315876,42.767304],[25.315958,42.768025],[25.316038,42.768691],[25.31624,42.770155],[25.316373,42.771229],[25.31648,42.771964],[25.316653,42.773242],[25.316813,42.774476],[25.317014,42.775974],[25.317179,42.777261],[25.317423,42.779057],[25.3176,42.78038],[25.318083,42.78398],[25.31837,42.786158],[25.318592,42.787814],[25.318717,42.78888],[25.318861,42.790092],[25.319374,42.793568],[25.319511,42.794678],[25.319603,42.79538],[25.31986,42.797253],[25.320118,42.799166],[25.320277,42.800486],[25.320568,42.802386],[25.320773,42.804077],[25.32096,42.80557],[25.32111,42.806888],[25.321412,42.808941],[25.321598,42.810244],[25.321824,42.812057],[25.322081,42.813973],[25.322335,42.815893],[25.322584,42.817707],[25.322778,42.81921],[25.322991,42.820785],[25.323242,42.822653],[25.323481,42.824471],[25.323661,42.825798],[25.323877,42.8274],[25.324091,42.828962],[25.324281,42.830346],[25.324456,42.831734],[25.324851,42.83473],[25.324933,42.835398],[25.325048,42.836245],[25.325175,42.837116],[25.325209,42.838199],[25.324837,42.839188],[25.323692,42.839972],[25.322053,42.841123],[25.322262,42.842851],[25.322536,42.845508],[25.322589,42.846497],[25.322787,42.847432],[25.323076,42.849918],[25.322415,42.850095]]}},{"type":"Feature","properties":{"osm_id":120030649,"voltage":"110000","circuits":"1","cables":"3","name":"","operator":"","ref":"Сирена"},"geometry":{"type":"LineString","coordinates":[[27.930242,43.225945],[27.930541,43.226693],[27.930496,43.228566],[27.930514,43.229977],[27.932189,43.23219],[27.933214,43.233546],[27.933076,43.239511],[27.933069,43.239891],[27.933062,43.240272],[27.933042,43.24138],[27.932922,43.245087],[27.932203,43.246611],[27.931617,43.247828],[27.930846,43.249454],[27.930098,43.251008],[27.929294,43.252706],[27.930516,43.253994],[27.931774,43.255318],[27.933142,43.256735],[27.935478,43.25677],[27.9373,43.256793],[27.939217,43.256831],[27.941342,43.256869],[27.943582,43.256895],[27.944923,43.256915],[27.946976,43.256251],[27.949271,43.255512],[27.951455,43.254814],[27.953502,43.2542],[27.955573,43.253538],[27.958174,43.252697],[27.959789,43.252177],[27.960691,43.250731],[27.961733,43.249061],[27.962758,43.2474],[27.963854,43.245705],[27.96422,43.246167]]}},{"type":"Feature","properties":{"osm_id":126760703,"voltage":"110000","circuits":"2","cables":"6","name":"","operator":"","ref":""},"geometry":{"type":"LineString","coordinates":[[27.84199,42.163012],[27.839215,42.164143],[27.836492,42.165372],[27.833881,42.166567],[27.833488,42.168488],[27.833281,42.169647],[27.832872,42.171849],[27.831931,42.176996],[27.831144,42.178966],[27.829762,42.182124],[27.829062,42.183801],[27.82795,42.186441],[27.826057,42.188293],[27.824538,42.18985],[27.822713,42.191694],[27.821114,42.193249],[27.819115,42.194524],[27.816866,42.195879],[27.814321,42.197448],[27.813108,42.198209],[27.811236,42.199366],[27.80864,42.200975],[27.80674,42.202144],[27.804164,42.203757],[27.802444,42.204793],[27.80077,42.205821],[27.798858,42.206992],[27.795167,42.208069],[27.792176,42.208884],[27.791702,42.209013],[27.788037,42.210018],[27.785499,42.210791],[27.782605,42.211559],[27.78017,42.212248],[27.776379,42.213285],[27.773425,42.214145],[27.770038,42.215102],[27.76556,42.216386],[27.761235,42.217575],[27.757768,42.218529],[27.756075,42.219965],[27.754024,42.221693],[27.751864,42.223543],[27.750105,42.225064],[27.747918,42.226893],[27.745612,42.228848],[27.743592,42.230581],[27.74148,42.232359],[27.739509,42.234016],[27.737466,42.235748],[27.735711,42.237251],[27.734059,42.238706],[27.731687,42.240664],[27.730239,42.241882],[27.727338,42.244373],[27.724765,42.246608],[27.725436,42.24969],[27.726091,42.25275],[27.726694,42.255485],[27.727265,42.258252],[27.727998,42.261834],[27.728388,42.263759],[27.733595,42.265571],[27.736685,42.266648],[27.739001,42.267503],[27.739231,42.267607]]}},{"type":"Feature","properties":{"osm_id":127053831,"voltage":"110000","circuits":"1","cables":"3","name":"Младежко","operator":"","ref":""},"geometry":{"type":"LineString","coordinates":[[27.517884,41.986136],[27.51759,41.986445],[27.515838,41.988139],[27.513807,41.990257],[27.512175,41.991991],[27.51091,41.993438],[27.508532,41.996225],[27.507165,41.997744],[27.505686,41.998796],[27.501455,42.001903],[27.498948,42.003738],[27.496384,42.00557],[27.492223,42.008664],[27.489924,42.010336],[27.487386,42.012166],[27.486196,42.013038],[27.4834,42.014339],[27.481071,42.016595],[27.47953,42.017666],[27.477371,42.019266],[27.475828,42.02049],[27.474385,42.021686],[27.470803,42.024228],[27.468776,42.025808],[27.466227,42.027653],[27.463362,42.029758],[27.460884,42.03159],[27.458458,42.033379],[27.456646,42.034719],[27.454034,42.036569],[27.452885,42.038642],[27.45177,42.040754],[27.450727,42.042568],[27.447956,42.044645],[27.446645,42.045589],[27.444376,42.047273],[27.440695,42.049862],[27.438963,42.051135],[27.438666,42.052096],[27.438136,42.054487],[27.437756,42.056134],[27.436833,42.059697],[27.436489,42.061172],[27.435835,42.064021],[27.435346,42.065852],[27.434719,42.068422],[27.434073,42.071082],[27.433481,42.07354],[27.433074,42.075471],[27.432551,42.0779],[27.431851,42.080871],[27.43139,42.082999],[27.430603,42.086142],[27.429975,42.088511],[27.429685,42.089656],[27.429319,42.091426],[27.428702,42.093711],[27.428322,42.095383],[27.427799,42.097789],[27.427293,42.099794],[27.426974,42.101294],[27.427365,42.102911],[27.427938,42.105245],[27.428249,42.106347],[27.428787,42.10847],[27.429172,42.11223],[27.429304,42.113731],[27.429526,42.116272],[27.429716,42.118891],[27.429843,42.120071],[27.430039,42.122788],[27.430326,42.12602],[27.430503,42.128141],[27.4306,42.129248],[27.430823,42.132497],[27.431029,42.1347],[27.431244,42.137248],[27.431425,42.139079],[27.431546,42.140556],[27.431909,42.14499],[27.432144,42.146977],[27.432387,42.149254],[27.432699,42.151819],[27.432994,42.153801],[27.433369,42.157405],[27.434033,42.162788],[27.434102,42.163933],[27.434364,42.16606],[27.434702,42.168945],[27.434961,42.171341],[27.435157,42.172904],[27.435453,42.17552],[27.43566,42.176983],[27.435889,42.179133],[27.435214,42.180507],[27.434538,42.181792],[27.433701,42.183496],[27.432731,42.185192],[27.432026,42.186572],[27.432879,42.187412],[27.43341,42.187904],[27.433888,42.188031]]}},{"type":"Feature","properties":{"osm_id":127053833,"voltage":"110000","circuits":"1","cables":"3","name":"","operator":"","ref":""},"geometry":{"type":"LineString","coordinates":[[27.539985,42.440156],[27.540861,42.439923],[27.542642,42.440732],[27.545216,42.441814],[27.547052,42.44185],[27.549878,42.441884],[27.554665,42.442037],[27.558822,42.442123],[27.561806,42.442164],[27.564557,42.44226],[27.568934,42.442213],[27.571574,42.443673],[27.57513,42.44353],[27.578541,42.443379],[27.581749,42.443224],[27.585525,42.443024],[27.587764,42.442957],[27.591584,42.442431],[27.595801,42.441857],[27.599758,42.441319],[27.60373,42.440772],[27.607182,42.440311],[27.610827,42.439801],[27.615182,42.439225],[27.619329,42.438679],[27.622123,42.436026],[27.624003,42.434247],[27.626544,42.431828],[27.629208,42.42931],[27.631634,42.426979],[27.634002,42.424709],[27.636913,42.421954],[27.640562,42.418499],[27.642511,42.416634],[27.645146,42.41408],[27.647758,42.411566],[27.650285,42.409138],[27.652786,42.406738],[27.654729,42.404868],[27.658186,42.40432],[27.662329,42.403664],[27.664752,42.403264],[27.668657,42.402666],[27.670868,42.402309],[27.67258,42.401882],[27.674854,42.398734],[27.676433,42.397286],[27.67658,42.393081],[27.676653,42.391207],[27.676693,42.389166],[27.676809,42.386126],[27.676928,42.383381],[27.675147,42.380653],[27.67329,42.377778],[27.671535,42.375075],[27.669689,42.372221],[27.667809,42.369191],[27.666904,42.367746],[27.666148,42.366541],[27.664599,42.364106],[27.662409,42.36072],[27.660752,42.358149],[27.659213,42.355869],[27.65885,42.351942],[27.658178,42.345416],[27.657826,42.342236],[27.657551,42.339477],[27.657203,42.335916],[27.656867,42.332625],[27.656466,42.32903],[27.656113,42.325695],[27.655907,42.323439],[27.655554,42.320169],[27.655159,42.316553],[27.654831,42.313259],[27.65454,42.310592],[27.654205,42.306906],[27.653912,42.3042],[27.653613,42.301609],[27.653376,42.299075],[27.653036,42.296295],[27.65274,42.293266],[27.652488,42.290399],[27.652137,42.287698],[27.651803,42.284438],[27.651631,42.282477],[27.651332,42.279671],[27.651025,42.276829],[27.650743,42.274115],[27.654313,42.273411],[27.657787,42.272742],[27.661247,42.272083],[27.665622,42.271263],[27.669709,42.270478],[27.674019,42.269651],[27.677827,42.268925],[27.682235,42.268082],[27.686122,42.26734],[27.689862,42.266428],[27.693988,42.265369],[27.697684,42.264442],[27.701284,42.263535],[27.704627,42.262687],[27.708269,42.261777],[27.711822,42.260887],[27.715332,42.260022],[27.718872,42.261202],[27.722026,42.26224],[27.726086,42.263568],[27.732375,42.265628],[27.736681,42.267073],[27.739008,42.267859],[27.739204,42.267754]]}},{"type":"Feature","properties":{"osm_id":127053840,"voltage":"110000","circuits":"1","cables":"3","name":"","operator":"","ref":""},"geometry":{"type":"LineString","coordinates":[[27.434099,42.188446],[27.434356,42.188419],[27.434207,42.189925],[27.434058,42.191633],[27.433779,42.194328],[27.43384,42.196277],[27.433886,42.198974],[27.433932,42.200849],[27.433967,42.203285],[27.43398,42.20477],[27.434049,42.206552],[27.434091,42.209003],[27.435506,42.210603],[27.436611,42.211877],[27.438552,42.214111],[27.441111,42.217173],[27.441923,42.218119],[27.443284,42.219662],[27.445503,42.222213],[27.448757,42.225957],[27.449653,42.227047],[27.450894,42.228506],[27.452129,42.229938],[27.453766,42.2319],[27.454834,42.233186],[27.456822,42.235587],[27.457928,42.236875],[27.459323,42.238592],[27.461081,42.240697],[27.462747,42.242707],[27.463457,42.243544],[27.465433,42.245844],[27.468097,42.249108],[27.46901,42.250167],[27.470755,42.252345],[27.472361,42.254226],[27.473468,42.255562],[27.474815,42.257154],[27.476482,42.259179],[27.478111,42.261122],[27.479783,42.263183],[27.481002,42.264585],[27.482909,42.266976],[27.483669,42.267843],[27.485204,42.269688],[27.486919,42.271731],[27.490581,42.276116],[27.492122,42.278004],[27.492209,42.279875],[27.492271,42.282111],[27.492353,42.28415],[27.492432,42.28645],[27.49247,42.287999],[27.492566,42.29051],[27.492604,42.291616],[27.492674,42.294061],[27.49285,42.297024],[27.493316,42.302056],[27.493748,42.306808],[27.493997,42.308708],[27.494166,42.311066],[27.49441,42.313285],[27.494562,42.314977],[27.494817,42.31762],[27.495002,42.319722],[27.495156,42.321773],[27.495476,42.324464],[27.495561,42.326376],[27.495796,42.328258],[27.495934,42.32974],[27.496102,42.33221],[27.49637,42.334358],[27.496492,42.335798],[27.496718,42.338244],[27.4959,42.340503],[27.495078,42.342757],[27.494414,42.344599],[27.493613,42.346946],[27.492871,42.349009],[27.492,42.351378],[27.491472,42.352864],[27.490702,42.354841],[27.489853,42.35717],[27.488973,42.359527],[27.488431,42.361073],[27.488096,42.362007],[27.487781,42.362968],[27.487061,42.364993],[27.486159,42.367419],[27.485463,42.369502],[27.484655,42.371591],[27.483975,42.373448],[27.483182,42.375558],[27.482477,42.37756],[27.481813,42.379503],[27.48092,42.381958],[27.479388,42.386024],[27.479416,42.388306],[27.47945,42.390469],[27.479494,42.392821],[27.479491,42.3946],[27.479525,42.396726],[27.479533,42.399018],[27.47956,42.40092],[27.479587,42.402305],[27.479587,42.404251],[27.479617,42.40687],[27.479637,42.408826],[27.479693,42.411123],[27.479696,42.413388],[27.479716,42.415363],[27.479758,42.417317],[27.479806,42.419744],[27.479789,42.421709],[27.479814,42.424283],[27.479837,42.426429],[27.479874,42.428545],[27.480221,42.431265]]}},{"type":"Feature","properties":{"osm_id":127053850,"voltage":"110000","circuits":"1","cables":"3","name":"","operator":"","ref":""},"geometry":{"type":"LineString","coordinates":[[27.539985,42.440156],[27.538135,42.438741],[27.535087,42.436428],[27.530658,42.433043],[27.527806,42.430871],[27.52614,42.430032],[27.521168,42.427593],[27.518181,42.426101],[27.515776,42.426525],[27.513466,42.426927],[27.512054,42.42516],[27.510448,42.42309],[27.506176,42.420887],[27.503368,42.42254],[27.499981,42.422465],[27.497347,42.422404],[27.494775,42.422359],[27.489505,42.422618],[27.48863,42.425345],[27.487922,42.427559],[27.486925,42.430714],[27.483675,42.430972],[27.480221,42.431265]]}},{"type":"Feature","properties":{"osm_id":127053863,"voltage":"110000","circuits":"1","cables":"3","name":"","operator":"","ref":""},"geometry":{"type":"LineString","coordinates":[[27.434117,42.188304],[27.434561,42.188322],[27.434653,42.189281],[27.435038,42.191739],[27.435446,42.194549],[27.4357,42.196227],[27.436067,42.198897],[27.43639,42.200919],[27.436748,42.203484],[27.437077,42.205518],[27.438832,42.207048],[27.442204,42.209967],[27.444711,42.212217],[27.450368,42.217154],[27.454655,42.220885],[27.457907,42.223673],[27.461131,42.226534],[27.464779,42.229711],[27.467345,42.231978],[27.469329,42.233703],[27.473403,42.237242],[27.475969,42.239553],[27.477537,42.240961],[27.479659,42.242742],[27.484188,42.246715],[27.487358,42.249488],[27.491677,42.252274],[27.496011,42.255165],[27.499595,42.257569],[27.503073,42.259849],[27.505034,42.261117],[27.507785,42.262936],[27.510491,42.264707],[27.513265,42.266546],[27.516917,42.269021],[27.520689,42.271402],[27.521912,42.272216],[27.523675,42.272089],[27.527362,42.27182],[27.530324,42.271612],[27.532981,42.271436],[27.538941,42.27098],[27.543562,42.270646],[27.545952,42.270473],[27.550091,42.270183],[27.554403,42.269904],[27.558247,42.269614],[27.560695,42.269407],[27.565964,42.269009],[27.568298,42.268836],[27.571572,42.268621],[27.575306,42.268685],[27.578496,42.268728],[27.582186,42.268822],[27.585507,42.268865],[27.592926,42.269006],[27.599854,42.269184],[27.602454,42.269262],[27.606093,42.269313],[27.610276,42.269425],[27.615007,42.269533],[27.618175,42.269609],[27.622513,42.26972],[27.627241,42.269807],[27.630908,42.269813],[27.636422,42.269786],[27.640541,42.269761],[27.644553,42.26977],[27.647173,42.269781],[27.650945,42.269821],[27.65512,42.269893],[27.65899,42.270008],[27.662722,42.270112],[27.666337,42.270189],[27.669502,42.270312],[27.672618,42.269705],[27.676301,42.269023],[27.679963,42.268325],[27.683454,42.267663],[27.686469,42.267057],[27.689939,42.266209],[27.694071,42.265106],[27.697896,42.264167],[27.701677,42.263194],[27.705011,42.26238],[27.708175,42.261558],[27.711613,42.260707],[27.71536,42.259742],[27.721497,42.261827],[27.724152,42.262709],[27.727344,42.263746],[27.730253,42.264696],[27.733403,42.265793],[27.736678,42.266919],[27.739046,42.267669],[27.739218,42.267682]]}},{"type":"Feature","properties":{"osm_id":128052108,"voltage":"400000","circuits":"1","cables":"3","name":"Maritsa - Hamitabat DGKÇS","operator":"","ref":""},"geometry":{"type":"LineString","coordinates":[[26.005247,42.140649],[26.00503,42.139743],[26.004343,42.136408],[26.005483,42.135158],[26.006133,42.134498],[26.005988,42.134034],[26.007108,42.132918],[26.01023,42.130228],[26.012873,42.127904],[26.015231,42.125855],[26.017981,42.123413],[26.020939,42.120887],[26.022888,42.119189],[26.024572,42.117678],[26.027719,42.116583],[26.030809,42.115512],[26.033666,42.114516],[26.03791,42.113042],[26.041234,42.111905],[26.044116,42.110852],[26.047887,42.109561],[26.052283,42.107994],[26.056206,42.106632],[26.059183,42.105584],[26.062576,42.104396],[26.065716,42.103319],[26.068945,42.102173],[26.072456,42.100993],[26.075212,42.100036],[26.076628,42.099041],[26.079664,42.096676],[26.083151,42.094192],[26.085802,42.092292],[26.087797,42.090817],[26.090028,42.089209],[26.092206,42.087552],[26.092432,42.085928],[26.093043,42.08248],[26.091906,42.081262],[26.089288,42.078451],[26.086692,42.075752],[26.084321,42.073299],[26.082593,42.071435],[26.080748,42.06942],[26.079364,42.067979],[26.07681,42.065358],[26.075094,42.063455],[26.073495,42.061766],[26.071478,42.059615],[26.070019,42.058078],[26.068121,42.056104],[26.065818,42.053691],[26.063629,42.05132],[26.06115,42.048682],[26.059124,42.046565],[26.057434,42.044793],[26.054711,42.041925],[26.052795,42.039886],[26.050926,42.037863],[26.049683,42.036552],[26.049242,42.034776],[26.048493,42.031856],[26.047755,42.029096],[26.047227,42.027009],[26.046475,42.024021],[26.046029,42.022325],[26.045345,42.019615],[26.044629,42.016863],[26.044116,42.014795],[26.043347,42.011875],[26.042862,42.010057],[26.042278,42.007723],[26.043777,42.006248],[26.045495,42.004374],[26.047836,42.001848],[26.050225,41.999272],[26.051283,41.998131],[26.054064,41.99498],[26.056414,41.992595],[26.058482,41.990364],[26.060581,41.988099],[26.062563,41.98596],[26.064752,41.983599],[26.066979,41.981195],[26.068741,41.979294],[26.070873,41.976993],[26.074443,41.973141],[26.076516,41.970903],[26.078416,41.968853],[26.080124,41.967248],[26.081271,41.966171],[26.083884,41.963717],[26.085841,41.961878],[26.088717,41.959177],[26.090945,41.957085],[26.093236,41.954932],[26.095163,41.953122],[26.098233,41.950238],[26.100438,41.948166],[26.10363,41.945167],[26.106292,41.942666],[26.10834,41.940742],[26.110364,41.93884],[26.112392,41.936934],[26.115221,41.934275],[26.117272,41.932348],[26.120008,41.929777],[26.122529,41.927408],[26.125143,41.924951],[26.127116,41.923096],[26.129445,41.920907],[26.131529,41.919015],[26.13393,41.916692],[26.136265,41.914571],[26.139524,41.911829],[26.142281,41.909762],[26.145155,41.907377],[26.147407,41.905671],[26.149232,41.904244],[26.15186,41.902169],[26.154425,41.900184],[26.156223,41.898715],[26.158085,41.897234],[26.161029,41.895053],[26.164702,41.892118],[26.167288,41.890014],[26.169488,41.888296],[26.17127,41.886872],[26.173238,41.88525]]}},{"type":"Feature","properties":{"osm_id":132607990,"voltage":"220000","circuits":"1","cables":"3","name":"","operator":"","ref":""},"geometry":{"type":"LineString","coordinates":[[24.317947,42.150262],[24.317036,42.14993],[24.315865,42.149517],[24.313102,42.148501],[24.312636,42.145126],[24.312288,42.142291],[24.311891,42.138881],[24.311553,42.135886],[24.311301,42.132102],[24.310458,42.128777],[24.310099,42.125459],[24.309303,42.122384],[24.308768,42.119063],[24.308116,42.11568],[24.307482,42.112316],[24.306859,42.10904],[24.306243,42.10557],[24.305641,42.102385],[24.304967,42.098737],[24.304433,42.095645],[24.303715,42.091892],[24.302977,42.088166],[24.302265,42.084716],[24.301577,42.081384],[24.30093,42.078252],[24.300699,42.076166],[24.300464,42.072668],[24.300219,42.069551],[24.29989,42.065647],[24.29963,42.062221],[24.299435,42.059866],[24.299133,42.056174],[24.298892,42.053342],[24.298588,42.049415],[24.296304,42.046905],[24.293343,42.043664],[24.290976,42.041035],[24.287973,42.037736],[24.286324,42.035949],[24.284118,42.033499],[24.282028,42.031181],[24.279432,42.0283],[24.276872,42.026784],[24.273308,42.024591],[24.269376,42.02219],[24.266248,42.020328],[24.264502,42.019185],[24.260181,42.016546],[24.258241,42.014182],[24.257799,42.013296]]}},{"type":"Feature","properties":{"osm_id":132607991,"voltage":"110000","circuits":"1","cables":"3","name":"","operator":"","ref":""},"geometry":{"type":"LineString","coordinates":[[24.317678,42.150674],[24.316781,42.150309],[24.314461,42.149781],[24.312282,42.149038],[24.312049,42.14707],[24.311914,42.145441],[24.311708,42.143773],[24.311524,42.142167],[24.311336,42.140514],[24.311137,42.138849],[24.310907,42.136844],[24.310673,42.134919],[24.310367,42.132445],[24.309965,42.130221],[24.309445,42.127842],[24.309176,42.126047],[24.308925,42.124098],[24.308628,42.122309],[24.308302,42.120612],[24.307967,42.118941],[24.307617,42.117103],[24.307294,42.115163],[24.306969,42.113467],[24.306654,42.11182],[24.306399,42.110489],[24.306075,42.108793],[24.30579,42.107101],[24.30549,42.105549],[24.305186,42.103862],[24.304909,42.102331],[24.304602,42.100633],[24.304291,42.09887],[24.304023,42.097356],[24.303728,42.095684],[24.303479,42.094259],[24.303174,42.092739],[24.302821,42.090778],[24.302422,42.088817],[24.301985,42.08667],[24.301679,42.085162],[24.301315,42.083373],[24.300943,42.081697],[24.300685,42.080404],[24.300251,42.078429],[24.300026,42.075962],[24.299828,42.073407],[24.299681,42.071242],[24.299607,42.07044],[24.299499,42.069276],[24.299313,42.066867],[24.299191,42.065579],[24.299074,42.063828],[24.298914,42.062003],[24.298777,42.060446],[24.298616,42.058614],[24.29843,42.056429],[24.298286,42.054734],[24.298177,42.05344],[24.297971,42.051087],[24.297884,42.049635],[24.296481,42.048018],[24.295545,42.046964],[24.295692,42.046845],[24.299627,42.044945],[24.302845,42.043417],[24.303136,42.043217]]}},{"type":"Feature","properties":{"osm_id":135427042,"voltage":"110000","circuits":"","cables":"3","name":"","operator":"","ref":""},"geometry":{"type":"LineString","coordinates":[[23.228465,42.71433],[23.230205,42.715314],[23.232024,42.716303],[23.235064,42.71797],[23.237095,42.7191]]}},{"type":"Feature","properties":{"osm_id":135427044,"voltage":"110000","circuits":"1","cables":"3","name":"","operator":"","ref":""},"geometry":{"type":"LineString","coordinates":[[23.171532,42.687865],[23.173197,42.689293],[23.174538,42.690517],[23.176184,42.691919],[23.178475,42.692903],[23.180453,42.693764],[23.182542,42.694647],[23.184505,42.695498],[23.186488,42.696358],[23.188851,42.697374],[23.191246,42.698407],[23.193746,42.699467],[23.196109,42.700486],[23.198327,42.701427],[23.200471,42.702345],[23.203088,42.70347],[23.205767,42.704604],[23.207947,42.705545],[23.210288,42.706531],[23.212927,42.707697],[23.215778,42.708929],[23.218605,42.710101],[23.221094,42.711196],[23.223572,42.712236],[23.226244,42.713384],[23.228465,42.71433]]}},{"type":"Feature","properties":{"osm_id":135427045,"voltage":"110000","circuits":"2","cables":"6","name":"","operator":"Електроенергиен системен оператор","ref":""},"geometry":{"type":"LineString","coordinates":[[23.246896,42.730415],[23.24512,42.728624],[23.243352,42.726443],[23.241163,42.723604],[23.239027,42.720957],[23.23706,42.718491],[23.235573,42.716621],[23.233529,42.714048],[23.231662,42.711687],[23.233711,42.709745],[23.236969,42.709149],[23.244162,42.707864],[23.246805,42.707412],[23.25028,42.707792],[23.253387,42.708114],[23.25681,42.708488],[23.260239,42.708834],[23.263822,42.709172],[23.268903,42.709751],[23.27181,42.709663],[23.272112,42.70989],[23.273316,42.710766],[23.274557,42.7118],[23.275848,42.71294],[23.276661,42.714202],[23.278505,42.715728],[23.279764,42.71659],[23.280931,42.717836],[23.281727,42.718633],[23.281801,42.719892]]}},{"type":"Feature","properties":{"osm_id":135427046,"voltage":"110000","circuits":"1","cables":"3","name":"","operator":"","ref":""},"geometry":{"type":"LineString","coordinates":[[23.07547,42.610899],[23.073136,42.612212],[23.07471,42.613903],[23.075998,42.615502],[23.080256,42.616565],[23.083108,42.619362],[23.08705,42.621447],[23.093534,42.622805],[23.097279,42.623619],[23.099417,42.625008],[23.100614,42.62664],[23.101458,42.627607],[23.102174,42.628429],[23.10498,42.631839],[23.106884,42.634232],[23.108028,42.635678],[23.109626,42.636624],[23.111373,42.637641],[23.113654,42.63897],[23.115558,42.640078],[23.117046,42.640945],[23.118398,42.641732],[23.120123,42.642804],[23.121461,42.643703],[23.123473,42.644687],[23.126459,42.646444],[23.127787,42.648108],[23.129,42.649628],[23.129928,42.650772],[23.132026,42.653393],[23.133164,42.654778],[23.134728,42.656751],[23.135397,42.657595],[23.137615,42.660263],[23.139842,42.66305],[23.140697,42.6634],[23.143783,42.66464],[23.145833,42.665505],[23.146976,42.666499],[23.148927,42.668249],[23.152033,42.670182],[23.154205,42.672286],[23.154965,42.673312],[23.156287,42.675097],[23.1574,42.676639]]}},{"type":"Feature","properties":{"osm_id":137605015,"voltage":"400000","circuits":"1","cables":"3","name":"Съединение","operator":"","ref":""},"geometry":{"type":"LineString","coordinates":[[27.531567,43.337034],[27.533067,43.33873],[27.534915,43.340785],[27.536434,43.342529],[27.538344,43.344685],[27.539925,43.346514],[27.541594,43.348316],[27.543337,43.350316],[27.545189,43.352417],[27.547111,43.354584],[27.548471,43.356081],[27.550291,43.358142],[27.552129,43.360271],[27.553983,43.362349],[27.555857,43.36448]]}},{"type":"Feature","properties":{"osm_id":137871924,"voltage":"110000","circuits":"1","cables":"3","name":"","operator":"","ref":""},"geometry":{"type":"LineString","coordinates":[[27.662242,43.202412],[27.662345,43.202677],[27.662953,43.204276]]}},{"type":"Feature","properties":{"osm_id":138609935,"voltage":"110000","circuits":"1","cables":"3","name":"","operator":"","ref":""},"geometry":{"type":"LineString","coordinates":[[25.574498,42.414904],[25.574268,42.414747],[25.575929,42.411953],[25.577531,42.409272],[25.580156,42.407734],[25.582756,42.406206],[25.585549,42.404549],[25.587319,42.40563],[25.590475,42.407591],[25.593336,42.409348],[25.59622,42.411125],[25.599431,42.413091],[25.60144,42.414334],[25.603097,42.415345],[25.604301,42.414354],[25.604562,42.41398]]}},{"type":"Feature","properties":{"osm_id":140301604,"voltage":"110000","circuits":"2","cables":"6","name":"","operator":"","ref":""},"geometry":{"type":"LineString","coordinates":[[27.621937,43.218533],[27.627955,43.217597],[27.630524,43.21707],[27.631613,43.216186],[27.634509,43.216848],[27.637295,43.217496],[27.641997,43.218554],[27.646753,43.218124],[27.650611,43.2178],[27.653725,43.217542],[27.655602,43.215979],[27.658006,43.214017],[27.658896,43.213283],[27.661698,43.211004],[27.663469,43.20953],[27.664869,43.208418],[27.665744,43.207789],[27.669633,43.204893],[27.672243,43.202992],[27.674732,43.202804]]}},{"type":"Feature","properties":{"osm_id":141074935,"voltage":"110000","circuits":"1","cables":"3","name":"","operator":"","ref":""},"geometry":{"type":"LineString","coordinates":[[25.732636,42.443001],[25.732565,42.443582],[25.730385,42.44598],[25.729175,42.445676],[25.726887,42.445022],[25.723965,42.444246],[25.720663,42.443365],[25.717282,42.44244],[25.714184,42.441619],[25.710484,42.44063],[25.707182,42.439744],[25.703366,42.438717],[25.699604,42.437706],[25.696586,42.436901],[25.693738,42.436158],[25.688113,42.434618],[25.685534,42.43391],[25.68314,42.433282],[25.680951,42.432699],[25.678426,42.432],[25.676767,42.432609],[25.674554,42.434241],[25.672318,42.435874],[25.670192,42.437443],[25.667084,42.43838],[25.666616,42.438879]]}},{"type":"Feature","properties":{"osm_id":143309333,"voltage":"110000","circuits":"1","cables":"3","name":"","operator":"","ref":""},"geometry":{"type":"LineString","coordinates":[[27.96422,43.246167],[27.9648,43.246092],[27.966798,43.24578],[27.969313,43.244162],[27.970905,43.243219]]}},{"type":"Feature","properties":{"osm_id":144024770,"voltage":"400000","circuits":"1","cables":"1","name":"","operator":"Електроенергиен системен оператор ЕАД","ref":""},"geometry":{"type":"LineString","coordinates":[[25.53208,43.090455],[25.53534,43.089531],[25.535213,43.087333]]}},{"type":"Feature","properties":{"osm_id":144024773,"voltage":"400000","circuits":"1","cables":"1","name":"","operator":"Електроенергиен системен оператор ЕАД","ref":""},"geometry":{"type":"LineString","coordinates":[[25.53208,43.090455],[25.535123,43.089362],[25.535213,43.087333]]}},{"type":"Feature","properties":{"osm_id":144024775,"voltage":"400000","circuits":"1","cables":"1","name":"Родина","operator":"Електроенергиен системен оператор ЕАД","ref":""},"geometry":{"type":"LineString","coordinates":[[25.531514,43.089499],[25.534523,43.088847],[25.534381,43.087393]]}},{"type":"Feature","properties":{"osm_id":144371227,"voltage":"110000","circuits":"2","cables":"6","name":"","operator":"","ref":""},"geometry":{"type":"LineString","coordinates":[[27.674732,43.202804],[27.681646,43.202231],[27.684629,43.203042],[27.688379,43.204068],[27.690862,43.20474],[27.694862,43.205866],[27.698009,43.206735],[27.702534,43.208021],[27.708562,43.207166],[27.710062,43.206946],[27.713359,43.206487],[27.715599,43.206175],[27.71928,43.205629],[27.721353,43.205383],[27.724557,43.20557],[27.73118,43.205967],[27.735459,43.206245],[27.739438,43.206523],[27.74349,43.206787],[27.747099,43.207042],[27.750091,43.20521],[27.753148,43.203314],[27.756157,43.201499],[27.758852,43.199872],[27.761806,43.19811]]}},{"type":"Feature","properties":{"osm_id":144787755,"voltage":"400000","circuits":"1","cables":"3","name":"LEA Isaccea-Varna","operator":"","ref":""},"geometry":{"type":"LineString","coordinates":[[27.917826,44.006105],[27.9195,44.007092],[27.921324,44.00791],[27.92377,44.009129],[27.927976,44.010951],[27.931109,44.012463],[27.934349,44.013883],[27.937975,44.015472],[27.941237,44.016969],[27.94452,44.01845],[27.947931,44.020009],[27.951837,44.021768],[27.954583,44.023033],[27.9566,44.02402],[27.960978,44.025887],[27.96617,44.028279],[27.96911,44.029451],[27.972897,44.031241],[27.976513,44.032831],[27.979395,44.0342],[27.982266,44.035453],[27.986509,44.037357],[27.989359,44.038664],[27.994166,44.04082],[27.997877,44.042525],[28.00112,44.044107],[28.003258,44.046507],[28.005225,44.0488],[28.007299,44.051315],[28.009277,44.053623],[28.011116,44.055954],[28.012913,44.058017],[28.0147,44.060172],[28.017454,44.06342],[28.019581,44.065872],[28.021772,44.068616],[28.0241,44.071053],[28.026578,44.073628],[28.028641,44.075897],[28.031324,44.078708],[28.033165,44.08073],[28.035926,44.083637],[28.037542,44.085396],[28.039643,44.087542],[28.041675,44.089663],[28.044072,44.09232],[28.046348,44.094765],[28.047911,44.096586],[28.050099,44.100003],[28.051905,44.102972],[28.053521,44.105578],[28.055327,44.108696],[28.057029,44.111702],[28.059044,44.115143],[28.060642,44.1177],[28.062448,44.120642],[28.064011,44.123373],[28.065574,44.125954],[28.066912,44.128272],[28.068562,44.130928],[28.069934,44.133271],[28.071306,44.135578],[28.072852,44.138083],[28.076378,44.139367],[28.07801,44.142296],[28.078983,44.143991],[28.080355,44.146708],[28.081675,44.149288],[28.083117,44.152216],[28.084211,44.154235],[28.085357,44.156453],[28.087268,44.160042],[28.088223,44.162035],[28.089665,44.164764],[28.091089,44.167293],[28.092305,44.169835],[28.094076,44.173198],[28.095639,44.175889],[28.096803,44.178405],[28.097689,44.181071],[28.098401,44.183811],[28.099339,44.186999],[28.100468,44.19096],[28.101093,44.193139],[28.101736,44.19543],[28.102396,44.197647],[28.103247,44.20061],[28.104063,44.203487],[28.105001,44.206823],[28.105852,44.209625],[28.106321,44.211592],[28.107103,44.214505],[28.107884,44.217281],[28.108614,44.21982],[28.109343,44.222509],[28.110159,44.22521],[28.110802,44.227798],[28.111618,44.230536],[28.112192,44.232963],[28.113095,44.236236],[28.113598,44.238849],[28.114206,44.241325],[28.114918,44.2442],[28.115457,44.24685],[28.116091,44.249675],[28.117052,44.253611],[28.117719,44.256618],[28.118332,44.259242],[28.119017,44.261897],[28.120031,44.263942],[28.121054,44.265992],[28.121854,44.267667],[28.122965,44.270182],[28.12405,44.272691],[28.124362,44.275849],[28.124486,44.279281],[28.124566,44.281229],[28.124655,44.282764],[28.124735,44.284559],[28.125509,44.287557],[28.126434,44.290861],[28.127243,44.293974],[28.127999,44.29708],[28.128755,44.299785],[28.129422,44.302528],[28.13024,44.306244],[28.131022,44.309413],[28.131862,44.312497],[28.132792,44.315865],[28.133708,44.319298],[28.134403,44.321883],[28.135183,44.324759],[28.135672,44.327067],[28.136402,44.329881],[28.137119,44.332847],[28.138005,44.336246],[28.138707,44.33881],[28.139742,44.342793],[28.140591,44.345866],[28.141398,44.348941],[28.142101,44.35173],[28.142962,44.354972],[28.143682,44.357786],[28.144456,44.360613],[28.145246,44.363478],[28.14616,44.366543],[28.146973,44.37004],[28.147578,44.372301],[28.148365,44.375014],[28.149166,44.37835],[28.149953,44.381093],[28.150825,44.384519],[28.15164,44.387502],[28.152343,44.390416],[28.153313,44.3937],[28.154072,44.397075],[28.15489,44.400054],[28.155695,44.403022],[28.156486,44.406051],[28.157132,44.408813],[28.157894,44.411533],[28.15857,44.414254],[28.15936,44.416985],[28.160036,44.419746],[28.160711,44.422476],[28.161443,44.425248],[28.162133,44.428024],[28.162811,44.430651],[28.163639,44.433927],[28.164386,44.436595],[28.165053,44.439239],[28.165706,44.441904],[28.166746,44.445441],[28.167434,44.448464],[28.168259,44.451695],[28.169207,44.455187],[28.170048,44.458625],[28.170843,44.461473],[28.171638,44.464431],[28.172357,44.467278],[28.173342,44.47113],[28.173987,44.473654],[28.174847,44.477],[28.175296,44.478771],[28.175921,44.481182],[28.176703,44.484124],[28.177588,44.487412],[28.178389,44.490338],[28.179198,44.493593],[28.179977,44.496714],[28.180616,44.499278],[28.181415,44.502513],[28.182294,44.505547],[28.183013,44.508482],[28.183752,44.511645],[28.184473,44.514446],[28.185228,44.517407],[28.186062,44.520335],[28.18677,44.523239],[28.187604,44.526211],[28.188421,44.529338],[28.18926,44.532421],[28.189828,44.534928],[28.190586,44.537599],[28.191168,44.540164],[28.191695,44.542188],[28.192588,44.54538],[28.193291,44.548397],[28.194049,44.551482],[28.1948,44.554085],[28.195483,44.557105],[28.197554,44.558414],[28.19612,44.560165],[28.196768,44.563192],[28.197359,44.566013],[28.19803,44.569007],[28.198679,44.571935],[28.199327,44.57511],[28.199952,44.578063],[28.200612,44.58127],[28.201302,44.584187],[28.201828,44.587085],[28.202533,44.590078],[28.203164,44.592858],[28.203854,44.59615],[28.204515,44.599036],[28.20504,44.601869],[28.205671,44.605225],[28.206391,44.608389],[28.207052,44.611157],[28.207652,44.614117],[28.208283,44.617258],[28.209123,44.621073],[28.209745,44.623959],[28.210374,44.626704],[28.210981,44.629565],[28.211595,44.632423],[28.212329,44.635219],[28.21288,44.638124],[28.213449,44.640995],[28.213899,44.643766],[28.214629,44.646369],[28.21524,44.649361],[28.215959,44.652467],[28.216592,44.655299],[28.217161,44.658344],[28.217804,44.661335],[28.218513,44.664204],[28.219135,44.667073],[28.219789,44.670003],[28.220401,44.672796],[28.221045,44.67584],[28.221742,44.678854],[28.222386,44.681806],[28.223008,44.684834],[28.223276,44.688175],[28.224006,44.690212],[28.224553,44.692744],[28.225315,44.695825],[28.225862,44.698624],[28.226398,44.701026],[28.227063,44.703993],[28.227836,44.707561],[28.228437,44.710436],[28.228984,44.713082],[28.229649,44.715727],[28.230304,44.718716],[28.230937,44.721689],[28.231602,44.724906],[28.232278,44.727711],[28.232889,44.730623],[28.233458,44.733245],[28.234102,44.736247],[28.234713,44.739296],[28.235432,44.742146],[28.236022,44.745057],[28.236612,44.748021],[28.237224,44.750962],[28.237867,44.753949],[28.238468,44.756974],[28.23938,44.75996],[28.240002,44.762832],[28.240646,44.765833],[28.24129,44.768926],[28.241912,44.771736],[28.242534,44.774684],[28.243157,44.777449],[28.243543,44.780373],[28.244133,44.783297],[28.244798,44.786358],[28.245431,44.789206],[28.245968,44.792069],[28.246611,44.794795],[28.247309,44.797855],[28.24791,44.800933],[28.24968,44.803953],[28.251504,44.80728],[28.249809,44.809852],[28.250313,44.812402],[28.250957,44.815203],[28.251557,44.818072],[28.252158,44.82085],[28.252695,44.823331],[28.253338,44.826268],[28.254004,44.829099],[28.254679,44.832013],[28.255431,44.835018],[28.256021,44.837986],[28.256804,44.84147],[28.257469,44.844642],[28.258102,44.847472],[28.258789,44.850461],[28.259572,44.853793],[28.260591,44.857367],[28.26131,44.860432],[28.261879,44.863261],[28.262576,44.866424],[28.263187,44.869352],[28.263831,44.872363],[28.264207,44.874104],[28.264722,44.876514],[28.265516,44.879852],[28.266063,44.882345],[28.266792,44.885545],[28.267372,44.888236],[28.26794,44.890874],[28.26853,44.893618],[28.269153,44.896308],[28.271341,44.899234],[28.273552,44.902259],[28.275762,44.905207],[28.27765,44.907844],[28.279796,44.910701],[28.281394,44.912745],[28.283347,44.915351],[28.284999,44.917615],[28.286941,44.920289],[28.28884,44.922751],[28.290761,44.925288],[28.292681,44.927939],[28.295041,44.93116],[28.296737,44.933438],[28.298367,44.935534],[28.301221,44.939544],[28.303324,44.942476],[28.305759,44.945612],[28.308259,44.948999],[28.310341,44.951725],[28.31224,44.954245],[28.313838,44.956523],[28.315963,44.95912],[28.317529,44.961329],[28.320082,44.964844],[28.321917,44.96728],[28.323773,44.969755],[28.32549,44.971903],[28.327614,44.974696],[28.329577,44.977421],[28.331616,44.980206],[28.333612,44.982832],[28.335693,44.985571],[28.337227,44.98787],[28.339244,44.990716],[28.341283,44.993462],[28.342946,44.995579],[28.345059,44.9985],[28.346905,45.000822],[28.349587,45.004668],[28.3517,45.007459],[28.353535,45.009856],[28.355466,45.012314],[28.357966,45.015742],[28.359908,45.018192],[28.361753,45.020717],[28.363513,45.023189],[28.366463,45.025328],[28.369596,45.027671],[28.372461,45.029756],[28.37495,45.03169],[28.377546,45.03357],[28.381087,45.036155],[28.383608,45.038119],[28.386365,45.040242],[28.389326,45.042304],[28.391826,45.044229],[28.394122,45.045912],[28.39703,45.048019],[28.399862,45.05024],[28.402813,45.052355],[28.40572,45.054523],[28.409078,45.057016],[28.411428,45.058729],[28.413123,45.059949],[28.417382,45.063147],[28.420118,45.065186],[28.422833,45.067217],[28.425611,45.069209],[28.428186,45.071263],[28.430997,45.073293],[28.433754,45.075294],[28.436437,45.077369],[28.4384,45.078786],[28.442016,45.0814],[28.443356,45.082394],[28.445653,45.084097],[28.44871,45.086369],[28.451543,45.08846],[28.454644,45.090838],[28.457916,45.093512],[28.461735,45.096708],[28.464568,45.09896],[28.46446,45.101207],[28.464364,45.103903],[28.46416,45.108749],[28.464192,45.111164],[28.464149,45.114042],[28.464053,45.117153],[28.463988,45.119939],[28.463892,45.122763],[28.463785,45.126253],[28.463656,45.128864],[28.463591,45.131763],[28.463516,45.134602],[28.46343,45.137379],[28.46327,45.141791],[28.463173,45.145106],[28.463012,45.148519],[28.462958,45.151182],[28.462926,45.153633],[28.462862,45.156153],[28.463452,45.159149],[28.46416,45.162364],[28.464911,45.165753],[28.465112,45.166774],[28.465233,45.167393],[28.465308,45.167773],[28.465759,45.169785],[28.466692,45.174225],[28.465544,45.17669],[28.464814,45.178309],[28.463827,45.180298],[28.462894,45.182367],[28.462497,45.183247],[28.461059,45.186385],[28.459429,45.190083],[28.459675,45.191693],[28.460276,45.195043],[28.461306,45.200682],[28.461714,45.202421],[28.462132,45.204901],[28.462626,45.207955],[28.463162,45.211016],[28.463945,45.21382],[28.464471,45.216783],[28.465018,45.219738],[28.465533,45.222594],[28.46598,45.226581],[28.466446,45.229305],[28.466892,45.231847],[28.467272,45.233906],[28.467669,45.236207],[28.468489,45.240684],[28.468093,45.243323],[28.467686,45.246042],[28.467278,45.248996],[28.467042,45.250764],[28.466751,45.252649]]}},{"type":"Feature","properties":{"osm_id":144871122,"voltage":"110000","circuits":"1","cables":"3","name":"","operator":"","ref":""},"geometry":{"type":"LineString","coordinates":[[28.336286,43.442456],[28.3363,43.442631],[28.334883,43.442738],[28.332308,43.442912],[28.330204,43.443052],[28.328346,43.443175],[28.326028,43.443329],[28.323695,43.443485],[28.321238,43.443658],[28.318733,43.443824],[28.316379,43.443975],[28.314139,43.444133],[28.31172,43.444288],[28.309374,43.444448],[28.307003,43.444618],[28.304615,43.44478],[28.302244,43.444935],[28.299901,43.44506],[28.297568,43.445221],[28.290755,43.445693],[28.288431,43.445848],[28.286071,43.44607],[28.283724,43.446278],[28.281369,43.446487],[28.279018,43.446708],[28.276657,43.446923],[28.274302,43.447122],[28.271965,43.447332],[28.269622,43.447545],[28.26728,43.44777],[28.264947,43.447969],[28.26261,43.448177],[28.260268,43.448393],[28.257935,43.448607],[28.255602,43.448822],[28.25331,43.44902],[28.250977,43.449226],[28.24864,43.449451],[28.246389,43.449647],[28.244032,43.44985],[28.241685,43.450047],[28.239329,43.450244],[28.236894,43.450448],[28.234517,43.450662],[28.232189,43.450869],[28.229826,43.451083],[28.227479,43.451308],[28.225186,43.451507],[28.222779,43.451728],[28.220441,43.451931],[28.218049,43.452171],[28.215706,43.452377],[28.213508,43.452573],[28.211186,43.452776],[28.208853,43.452983],[28.206576,43.453102],[28.204183,43.453215],[28.20196,43.453342],[28.199523,43.453451],[28.197185,43.453574],[28.194943,43.453686],[28.19281,43.453795],[28.190793,43.45322],[28.188713,43.452637],[28.186722,43.452074],[28.184769,43.451511],[28.182734,43.450952],[28.166512,43.44581],[28.162173,43.444361],[28.16062,43.442911],[28.15916,43.441591],[28.157594,43.440152],[28.15534,43.437945],[28.152275,43.43529],[28.151985,43.434967]]}},{"type":"Feature","properties":{"osm_id":144879837,"voltage":"110000","circuits":"2","cables":"6","name":"","operator":"","ref":""},"geometry":{"type":"LineString","coordinates":[[28.336809,43.442782],[28.337517,43.444094],[28.338139,43.44529],[28.338662,43.446235],[28.339159,43.447173],[28.340646,43.447252],[28.34233,43.447338],[28.344015,43.447405],[28.345638,43.447462],[28.347218,43.447526],[28.348775,43.447599],[28.350614,43.447677],[28.352298,43.447337],[28.353981,43.446997],[28.35557,43.446677],[28.357348,43.446318],[28.358998,43.445977],[28.360696,43.445659],[28.362338,43.445293],[28.364006,43.44498],[28.365657,43.444714],[28.36722,43.444367],[28.368774,43.444042],[28.370342,43.443758],[28.371878,43.44346],[28.373288,43.444103],[28.374698,43.444746],[28.376091,43.445421],[28.377517,43.446071],[28.378906,43.446735],[28.380335,43.447406],[28.381735,43.448029],[28.383634,43.448689],[28.385081,43.449357],[28.386516,43.450042],[28.387928,43.450711],[28.389402,43.451396],[28.390876,43.4521],[28.392359,43.452768],[28.393811,43.453479],[28.395285,43.454125],[28.39671,43.454796],[28.398223,43.455509],[28.399725,43.456217],[28.401211,43.456916],[28.402755,43.457644],[28.4042,43.458317],[28.405648,43.458991],[28.407133,43.459682],[28.407474,43.45984],[28.408403,43.460273],[28.409982,43.461007],[28.415894,43.463781],[28.417387,43.464487],[28.418867,43.465183],[28.420243,43.465846],[28.420767,43.466992],[28.421241,43.468265],[28.421853,43.469397],[28.422326,43.470645],[28.422915,43.471894],[28.4234,43.473059],[28.423908,43.474223],[28.424428,43.475338],[28.426007,43.475935],[28.427507,43.476538],[28.429133,43.477166],[28.430655,43.477784],[28.432247,43.478397],[28.43365,43.478949],[28.435235,43.479582],[28.436673,43.480139],[28.438181,43.480752],[28.439668,43.481294],[28.441113,43.481872],[28.442597,43.482],[28.443437,43.48213]]}},{"type":"Feature","properties":{"osm_id":145240757,"voltage":"110000","circuits":"1","cables":"3","name":"","operator":"","ref":""},"geometry":{"type":"LineString","coordinates":[[27.761478,43.198082],[27.759243,43.19945],[27.757404,43.200562],[27.755055,43.201962],[27.752761,43.203355],[27.75069,43.204601],[27.748808,43.205745],[27.747177,43.206753],[27.744333,43.206554],[27.741412,43.206376],[27.738319,43.206176],[27.735221,43.206002],[27.731724,43.205791],[27.730253,43.205694],[27.726377,43.205447],[27.723599,43.205256],[27.721606,43.205115],[27.712145,43.206077],[27.709518,43.206374],[27.705594,43.206803],[27.702654,43.207099],[27.69929,43.206148],[27.696588,43.205403],[27.690468,43.203695],[27.688159,43.203047],[27.682079,43.201361],[27.678595,43.201484],[27.675133,43.20163],[27.672898,43.201694],[27.670172,43.202609],[27.66703,43.203646],[27.664129,43.204239],[27.661409,43.204797],[27.658351,43.205424],[27.655421,43.206026],[27.652881,43.205905],[27.651447,43.205836],[27.649878,43.205777],[27.64614,43.205636],[27.643392,43.205532],[27.637269,43.205236],[27.63296,43.205473],[27.629584,43.205687],[27.628117,43.206036],[27.625815,43.20668],[27.624452,43.207057],[27.623809,43.20605],[27.623162,43.205014],[27.622156,43.203433],[27.621273,43.202338],[27.62046,43.20175]]}},{"type":"Feature","properties":{"osm_id":145240759,"voltage":"110000","circuits":"2","cables":"6","name":"","operator":"","ref":""},"geometry":{"type":"LineString","coordinates":[[27.705608,43.206522],[27.707849,43.206261],[27.709675,43.206075],[27.711539,43.205908],[27.719872,43.205017],[27.72141,43.204852],[27.723798,43.205019],[27.726898,43.205192],[27.730866,43.205445],[27.735806,43.205738],[27.739907,43.20597],[27.74407,43.20623],[27.747025,43.206428],[27.750185,43.204531],[27.75207,43.203415],[27.753739,43.202428],[27.755491,43.201398],[27.757384,43.200297],[27.758889,43.199429],[27.761449,43.197911]]}},{"type":"Feature","properties":{"osm_id":145390811,"voltage":"110000","circuits":"1","cables":"3","name":"Лилия-Гларус","operator":"","ref":""},"geometry":{"type":"LineString","coordinates":[[27.724752,43.186956],[27.721835,43.189134],[27.722652,43.192829],[27.723315,43.195618],[27.724224,43.19911],[27.725192,43.201636],[27.726378,43.204648]]}},{"type":"Feature","properties":{"osm_id":146100941,"voltage":"110000","circuits":"2","cables":"6","name":"","operator":"","ref":""},"geometry":{"type":"LineString","coordinates":[[25.487731,42.988888],[25.489145,42.990497],[25.490987,42.993693],[25.492652,42.996537],[25.494287,42.999331],[25.495783,43.001846],[25.498214,43.005941],[25.499818,43.008691],[25.50044,43.009758],[25.501304,43.011229],[25.50346,43.014951],[25.504136,43.016053],[25.505418,43.018328],[25.506443,43.020066],[25.507306,43.021215],[25.5092,43.023737],[25.511345,43.026557],[25.515007,43.029019],[25.519878,43.032679],[25.521043,43.033541],[25.525908,43.037037],[25.527105,43.037897],[25.528287,43.038791],[25.531384,43.040956],[25.53381,43.042742],[25.536096,43.0443],[25.54009,43.047285],[25.543062,43.049416],[25.544505,43.050452],[25.548149,43.053062],[25.550135,43.054494],[25.55178,43.055672],[25.553421,43.056837],[25.556682,43.059178],[25.561033,43.062316],[25.563748,43.064173],[25.564942,43.064987],[25.566786,43.066434]]}},{"type":"Feature","properties":{"osm_id":146100943,"voltage":"110000","circuits":"2","cables":"6","name":"","operator":"","ref":""},"geometry":{"type":"LineString","coordinates":[[25.565036,43.067029],[25.563197,43.065757],[25.560069,43.066034],[25.556784,43.066307],[25.552338,43.066673],[25.549763,43.066898],[25.545087,43.067268],[25.541782,43.067524],[25.53853,43.067788],[25.535294,43.068062],[25.534825,43.070933],[25.534687,43.071806],[25.535683,43.076219],[25.536389,43.079044],[25.536885,43.081189],[25.537606,43.084375],[25.537877,43.085528]]}},{"type":"Feature","properties":{"osm_id":146100949,"voltage":"110000","circuits":"2","cables":"6","name":"","operator":"","ref":""},"geometry":{"type":"LineString","coordinates":[[25.564996,43.066642],[25.563475,43.065437],[25.55988,43.065771],[25.557789,43.065952],[25.553321,43.066329],[25.551236,43.066506],[25.546025,43.066928],[25.541962,43.067234],[25.538222,43.067548],[25.534929,43.067815],[25.534531,43.070361],[25.534339,43.071856],[25.535334,43.076181],[25.536065,43.079085],[25.536645,43.081559],[25.53735,43.084661],[25.537568,43.085548]]}},{"type":"Feature","properties":{"osm_id":146645339,"voltage":"400000","circuits":"1","cables":"3","name":"","operator":"","ref":""},"geometry":{"type":"LineString","coordinates":[[27.559265,43.339283],[27.554998,43.339014],[27.550417,43.338655],[27.54604,43.338398],[27.541169,43.338015],[27.536395,43.33761],[27.532934,43.337362],[27.531449,43.335105],[27.530065,43.333123],[27.528327,43.330758],[27.526527,43.328318],[27.524478,43.325464],[27.522452,43.322595],[27.520428,43.319749],[27.518332,43.316805],[27.516764,43.314564],[27.513521,43.313835],[27.509637,43.312966],[27.5062,43.312222],[27.505798,43.312702]]}},{"type":"Feature","properties":{"osm_id":146669845,"voltage":"400000","circuits":"1","cables":"3","name":"Черно море","operator":"","ref":""},"geometry":{"type":"LineString","coordinates":[[27.455445,43.252945],[27.454335,43.250365],[27.453227,43.247754],[27.45194,43.244718],[27.450754,43.241951],[27.449199,43.238231],[27.448174,43.235772],[27.446769,43.232478],[27.445644,43.229487],[27.444319,43.226308],[27.442916,43.222886],[27.441699,43.220094],[27.440973,43.21831],[27.439181,43.216113],[27.43659,43.21295],[27.434159,43.210052],[27.431728,43.207287],[27.429807,43.204874],[27.42617,43.200467],[27.424513,43.198453],[27.422297,43.195751],[27.419835,43.192689],[27.418349,43.190905],[27.416606,43.188938],[27.414417,43.186482],[27.412255,43.184174],[27.40997,43.181628],[27.407599,43.179081],[27.40511,43.176323],[27.402563,43.173553],[27.400394,43.171068],[27.397967,43.168394],[27.395497,43.165689],[27.393278,43.163221],[27.390696,43.160423],[27.388285,43.157809],[27.385814,43.155054],[27.38318,43.152153],[27.380302,43.149029],[27.377712,43.146106],[27.375538,43.143735],[27.373023,43.140985],[27.370063,43.137731],[27.368007,43.135506],[27.365796,43.133015],[27.363333,43.130357],[27.360877,43.127687],[27.358258,43.124828],[27.355454,43.121649],[27.352894,43.118898],[27.350364,43.116136],[27.34839,43.113997],[27.346127,43.1115],[27.343451,43.108489],[27.341032,43.105948],[27.337919,43.10249],[27.335521,43.099901],[27.334236,43.098457],[27.331738,43.095296],[27.329168,43.092005],[27.32612,43.087975],[27.323616,43.084758],[27.321718,43.082199],[27.31971,43.079774],[27.317623,43.076906],[27.315426,43.074201],[27.313597,43.0719],[27.311763,43.069504],[27.310088,43.067354],[27.307713,43.064268],[27.305657,43.061537]]}},{"type":"Feature","properties":{"osm_id":146669846,"voltage":"400000","circuits":"1","cables":"3","name":"Крайцер","operator":"","ref":""},"geometry":{"type":"LineString","coordinates":[[27.505543,43.312641],[27.505792,43.312088],[27.507776,43.3097],[27.510132,43.306941],[27.512118,43.304635],[27.514216,43.302187],[27.516658,43.299333],[27.518518,43.297179],[27.520249,43.295182],[27.522081,43.292986],[27.524394,43.292486],[27.525884,43.292108],[27.528736,43.29375],[27.531649,43.295447],[27.534512,43.297042],[27.538095,43.299084],[27.541834,43.301192],[27.545562,43.303367],[27.549307,43.305502],[27.552633,43.307384],[27.556672,43.309667],[27.560647,43.311955],[27.563265,43.3135]]}},{"type":"Feature","properties":{"osm_id":146669847,"voltage":"400000","circuits":"1","cables":"3","name":"","operator":"","ref":""},"geometry":{"type":"LineString","coordinates":[[27.504534,43.314308],[27.50416,43.314917],[27.503394,43.316584],[27.506172,43.317208],[27.50806,43.317638],[27.509862,43.318083],[27.510517,43.316701],[27.511075,43.315397],[27.511624,43.315153]]}},{"type":"Feature","properties":{"osm_id":146677581,"voltage":"400000","circuits":"1","cables":"1","name":"","operator":"","ref":""},"geometry":{"type":"LineString","coordinates":[[27.563265,43.3135],[27.563683,43.314995],[27.564397,43.318664]]}},{"type":"Feature","properties":{"osm_id":146677583,"voltage":"400000","circuits":"1","cables":"1","name":"","operator":"","ref":""},"geometry":{"type":"LineString","coordinates":[[27.566265,43.327885],[27.567066,43.331401],[27.569849,43.333158]]}},{"type":"Feature","properties":{"osm_id":146809402,"voltage":"220000","circuits":"1","cables":"3","name":"","operator":"","ref":""},"geometry":{"type":"LineString","coordinates":[[27.576392,43.333047],[27.576152,43.332237],[27.576133,43.329492],[27.576077,43.326949],[27.576054,43.32424],[27.576017,43.321557],[27.572746,43.319694],[27.568995,43.317486],[27.565122,43.315199],[27.561495,43.313153],[27.557011,43.310624],[27.55318,43.308438],[27.549275,43.30619],[27.545134,43.303793],[27.541304,43.301653],[27.537742,43.299623],[27.53389,43.297406],[27.530371,43.295415],[27.526591,43.293316],[27.523315,43.291497],[27.51934,43.289143],[27.516466,43.287363],[27.5127,43.285176],[27.508752,43.282888],[27.505104,43.280787],[27.501253,43.278553],[27.497476,43.27653],[27.493507,43.274194],[27.489644,43.27196],[27.48649,43.270187],[27.482628,43.267958],[27.478786,43.265685],[27.475181,43.264165],[27.471191,43.262454],[27.46728,43.260794],[27.463348,43.259095],[27.459131,43.25729],[27.455763,43.255801],[27.454507,43.252894],[27.453359,43.250206],[27.452233,43.247553],[27.451069,43.244744],[27.449787,43.241981],[27.448193,43.237889],[27.447249,43.235666],[27.445753,43.232105],[27.444643,43.229239],[27.443452,43.226361],[27.442109,43.223154],[27.440987,43.220467],[27.44019,43.218606],[27.438404,43.216419],[27.435888,43.21335],[27.433464,43.21037],[27.430685,43.207059],[27.425369,43.20056],[27.423615,43.198487],[27.421404,43.195797],[27.419371,43.193235],[27.417644,43.19119],[27.415718,43.189042],[27.41346,43.186567],[27.41118,43.184087],[27.409002,43.181665],[27.40654,43.17897],[27.403707,43.175915],[27.400928,43.172766],[27.398384,43.169973],[27.395623,43.167003],[27.393209,43.164257],[27.390492,43.16137],[27.388074,43.158669],[27.385381,43.155719],[27.382666,43.152704],[27.379922,43.149671],[27.377146,43.146629],[27.374817,43.144067],[27.372139,43.141133],[27.369184,43.137779],[27.367049,43.135482],[27.364311,43.132461],[27.361448,43.129398],[27.358646,43.126304],[27.356075,43.123455],[27.353158,43.120258],[27.351091,43.118002],[27.348552,43.115237],[27.346579,43.11305],[27.344024,43.110285],[27.342157,43.108228],[27.33999,43.105704],[27.33734,43.102988],[27.33484,43.100269],[27.333473,43.098782],[27.332553,43.097594],[27.330569,43.095031],[27.328505,43.092364],[27.326546,43.089834],[27.323422,43.085812],[27.322373,43.084461],[27.320994,43.082685],[27.318802,43.07984],[27.316813,43.077289],[27.31495,43.074829],[27.312933,43.072334],[27.311071,43.069865],[27.309314,43.0676],[27.307163,43.064822],[27.305494,43.062645]]}},{"type":"Feature","properties":{"osm_id":148478383,"voltage":"110000","circuits":"1","cables":"3","name":"","operator":"","ref":""},"geometry":{"type":"LineString","coordinates":[[24.17259,42.681007],[24.170646,42.682389],[24.167554,42.684595],[24.164752,42.686518],[24.161676,42.688687],[24.158121,42.691194],[24.155231,42.69327],[24.152826,42.694923],[24.151314,42.695963]]}},{"type":"Feature","properties":{"osm_id":148478400,"voltage":"110000","circuits":"1","cables":"3","name":"","operator":"","ref":""},"geometry":{"type":"LineString","coordinates":[[24.231753,42.707402],[24.228319,42.706061],[24.227381,42.705266],[24.225774,42.703552],[24.223729,42.701529],[24.221987,42.699884],[24.219432,42.697469],[24.217339,42.695495],[24.216001,42.694211],[24.213768,42.692106],[24.211549,42.690017],[24.210067,42.688611],[24.205749,42.688553],[24.202154,42.688477],[24.198606,42.688415],[24.19576,42.688333],[24.19194,42.688284],[24.188463,42.688221],[24.185293,42.68673],[24.181421,42.684978],[24.17953,42.684151],[24.175552,42.682325],[24.17259,42.681007]]}},{"type":"Feature","properties":{"osm_id":148478431,"voltage":"110000","circuits":"1","cables":"3","name":"","operator":"","ref":""},"geometry":{"type":"LineString","coordinates":[[24.199333,42.61153],[24.199567,42.612308],[24.196889,42.613677],[24.195719,42.61425],[24.192918,42.615757],[24.190794,42.616804],[24.18858,42.617871],[24.184661,42.619794],[24.183578,42.620411],[24.179545,42.62126],[24.176193,42.624095],[24.173923,42.625232],[24.17075,42.626846],[24.169264,42.627623],[24.168045,42.628264],[24.167893,42.628444]]}},{"type":"Feature","properties":{"osm_id":148478439,"voltage":"110000","circuits":"2","cables":"6","name":"","operator":"","ref":""},"geometry":{"type":"LineString","coordinates":[[24.156436,42.540639],[24.157399,42.54053],[24.161714,42.54005],[24.165035,42.539712],[24.166674,42.540959],[24.170354,42.543776],[24.172449,42.545394],[24.175246,42.547562],[24.178801,42.550267],[24.181795,42.552585],[24.183998,42.554279],[24.186145,42.555945],[24.190118,42.559004],[24.191852,42.560287],[24.192709,42.561263],[24.194078,42.562623],[24.195422,42.563954],[24.196822,42.564907],[24.198066,42.565916],[24.199509,42.566898],[24.20083,42.567899],[24.201818,42.569648],[24.202494,42.570891],[24.203719,42.573309],[24.204893,42.575478],[24.20562,42.576815],[24.206942,42.579209],[24.207834,42.580851],[24.20949,42.583893],[24.210169,42.585171],[24.209747,42.587186],[24.209514,42.588334],[24.207991,42.589819],[24.207111,42.590665],[24.204065,42.593626],[24.201975,42.59567],[24.201264,42.59638],[24.201159,42.597617],[24.201007,42.59935],[24.200635,42.60408],[24.200563,42.605211],[24.200474,42.606216],[24.200083,42.610859],[24.199946,42.612453],[24.199032,42.612881],[24.196979,42.613916],[24.193098,42.615916],[24.190589,42.61724],[24.188359,42.618225],[24.184701,42.62003],[24.183582,42.620588],[24.179658,42.621554],[24.17618,42.624403],[24.174179,42.625395],[24.170281,42.627323],[24.168254,42.628409],[24.167597,42.629562],[24.166829,42.630511],[24.164365,42.633999],[24.161826,42.637463],[24.160376,42.639589],[24.15873,42.641867],[24.1574,42.6438],[24.153405,42.649348],[24.151331,42.652332],[24.149647,42.653587],[24.147253,42.656886],[24.146491,42.658003],[24.146472,42.661023],[24.146364,42.665817],[24.146304,42.668857],[24.146205,42.672727],[24.14614,42.677492],[24.146077,42.679641],[24.146009,42.683082],[24.146733,42.685127],[24.148081,42.688821],[24.149109,42.691638],[24.150424,42.695326]]}},{"type":"Feature","properties":{"osm_id":150521466,"voltage":"110000","circuits":"1","cables":"3","name":"","operator":"","ref":""},"geometry":{"type":"LineString","coordinates":[[24.231753,42.707402],[24.235014,42.708766],[24.23796,42.710012],[24.240732,42.711216],[24.243927,42.712586],[24.246346,42.713608],[24.249793,42.715043],[24.252438,42.716171],[24.255611,42.717515],[24.258838,42.718895],[24.262107,42.720264],[24.265321,42.721618],[24.268671,42.723053],[24.272146,42.724523],[24.275558,42.725963],[24.279204,42.727478],[24.280149,42.727881],[24.281952,42.728661],[24.285241,42.730065],[24.288784,42.731585],[24.291312,42.732663],[24.292032,42.73297],[24.294477,42.732325],[24.297257,42.731549],[24.30032,42.730721],[24.303523,42.729845],[24.305804,42.729238],[24.309334,42.728283],[24.311051,42.727789],[24.314805,42.7268],[24.316509,42.726339],[24.319027,42.725661],[24.322384,42.724729],[24.32562,42.723863],[24.328881,42.722965],[24.331661,42.722221],[24.334765,42.721381],[24.338321,42.720402],[24.340326,42.719851],[24.343363,42.719027],[24.346438,42.718199],[24.349704,42.71726],[24.352291,42.716453],[24.354891,42.715852],[24.358048,42.715044],[24.361472,42.71433],[24.364204,42.713748],[24.367257,42.713118],[24.370771,42.712402],[24.377653,42.710986],[24.380085,42.710479],[24.381988,42.710097],[24.384534,42.709625],[24.386697,42.709171],[24.388892,42.708684],[24.391308,42.708198],[24.397271,42.705797],[24.399771,42.704785],[24.40991,42.700647],[24.412839,42.700537],[24.415736,42.700413],[24.418321,42.700289],[24.421582,42.700155],[24.426128,42.69995],[24.430142,42.699788],[24.432546,42.699697],[24.435942,42.699582],[24.440697,42.699458],[24.444003,42.699406],[24.44703,42.699458],[24.450154,42.70037],[24.453873,42.701562],[24.455304,42.702021],[24.457142,42.702174],[24.459442,42.702303],[24.460676,42.702551],[24.464378,42.703157],[24.467483,42.703711],[24.46999,42.704117],[24.473036,42.704317],[24.476589,42.704585],[24.480771,42.704818],[24.484214,42.705052],[24.488923,42.705391],[24.493171,42.705654],[24.495795,42.705835],[24.499543,42.706096],[24.503166,42.706303],[24.505966,42.70625],[24.508993,42.706226],[24.51311,42.706436],[24.517079,42.706728],[24.519989,42.706907],[24.524444,42.707181],[24.527594,42.707424],[24.531284,42.707644],[24.534642,42.707878],[24.538422,42.708116],[24.544852,42.70857],[24.547905,42.708751],[24.551613,42.708145],[24.555666,42.707496],[24.559388,42.706866],[24.562265,42.706393],[24.565909,42.705787],[24.569618,42.705162],[24.573164,42.704589],[24.576911,42.703964],[24.580516,42.703372],[24.584089,42.702771],[24.587252,42.702246],[24.590934,42.701659],[24.593396,42.701234],[24.59676,42.700656],[24.600138,42.700103],[24.603554,42.699573],[24.6066,42.699043],[24.609413,42.698599],[24.611394,42.698962],[24.614524,42.69964],[24.617715,42.700315]]}},{"type":"Feature","properties":{"osm_id":153207014,"voltage":"110000","circuits":"2","cables":"6","name":"","operator":"","ref":""},"geometry":{"type":"LineString","coordinates":[[25.327708,42.709241],[25.329253,42.70813],[25.330947,42.707086],[25.333479,42.705704],[25.33699,42.703682],[25.34035,42.701799],[25.343997,42.699702],[25.347052,42.697969],[25.350112,42.696205],[25.353369,42.694331],[25.355105,42.693244],[25.356357,42.692569],[25.359619,42.690687],[25.362267,42.689176],[25.364022,42.687362],[25.365926,42.685389],[25.368096,42.683131],[25.370285,42.680836],[25.367955,42.678802],[25.365131,42.6763],[25.362879,42.674333],[25.362053,42.671519],[25.361195,42.668669],[25.359548,42.663102],[25.358972,42.660662],[25.359042,42.658587],[25.359189,42.655656],[25.359344,42.652668],[25.359484,42.649675],[25.359628,42.64681],[25.362397,42.646407],[25.365862,42.645899],[25.370012,42.645278],[25.373764,42.644726],[25.377368,42.644187],[25.380022,42.644163],[25.383638,42.644122],[25.391437,42.644042],[25.39364,42.644014],[25.395193,42.643993],[25.397989,42.644005],[25.400275,42.644035],[25.404172,42.642133],[25.407437,42.637455],[25.410591,42.633786],[25.415601,42.628727],[25.415814,42.625131],[25.414793,42.623417],[25.413761,42.621854],[25.413399,42.620637],[25.412793,42.618413]]}},{"type":"Feature","properties":{"osm_id":156504312,"voltage":"110000","circuits":"1","cables":"3","name":"","operator":"","ref":""},"geometry":{"type":"LineString","coordinates":[[27.852172,43.554932],[27.853675,43.556888],[27.85523,43.559048],[27.856869,43.561131],[27.858319,43.563066],[27.860158,43.565485],[27.861906,43.567865],[27.863411,43.569831],[27.862163,43.571263],[27.860874,43.572796],[27.859152,43.574781],[27.856918,43.577295],[27.855052,43.579475],[27.853248,43.581568],[27.851404,43.583722],[27.849732,43.585667],[27.846326,43.585102],[27.842575,43.584095],[27.839515,43.583235],[27.837795,43.582767],[27.83598,43.582154],[27.833889,43.582288],[27.832426,43.580526],[27.832001,43.579207],[27.829473,43.577138],[27.828023,43.576436],[27.825415,43.576781],[27.823559,43.57774],[27.823209,43.57904],[27.821918,43.583624],[27.821685,43.585489],[27.821489,43.58721],[27.821797,43.590275],[27.822082,43.59178],[27.822252,43.592649],[27.824704,43.592659],[27.8253,43.592686]]}},{"type":"Feature","properties":{"osm_id":157467524,"voltage":"110000","circuits":"1","cables":"3","name":"","operator":"","ref":""},"geometry":{"type":"LineString","coordinates":[[24.072553,42.034712],[24.074462,42.034698],[24.078662,42.034668],[24.08304,42.03468],[24.087074,42.0347],[24.091829,42.034702],[24.09474,42.034704],[24.098693,42.03472],[24.102393,42.034685],[24.104599,42.036218],[24.106568,42.03758],[24.109533,42.039532],[24.111517,42.040909],[24.112828,42.041871],[24.11403,42.042704],[24.115188,42.043543],[24.11701,42.044761],[24.12028,42.047],[24.126062,42.05096],[24.127538,42.052098],[24.128431,42.052596],[24.131018,42.054412],[24.133425,42.056101],[24.135298,42.057416],[24.138098,42.059216],[24.14101,42.061212],[24.143502,42.062921],[24.147427,42.065606],[24.148932,42.066635],[24.152065,42.068778],[24.153025,42.069432],[24.154664,42.070002],[24.156504,42.070643],[24.158062,42.071185],[24.159998,42.071859],[24.162061,42.072577],[24.163266,42.072996],[24.164824,42.073538],[24.165968,42.073961],[24.167768,42.075629],[24.169046,42.076815],[24.169953,42.077656],[24.170964,42.078594],[24.172038,42.07959],[24.173135,42.080537],[24.174588,42.081902],[24.175542,42.082797],[24.176561,42.083755],[24.177692,42.084817],[24.179241,42.086272],[24.181185,42.087119],[24.183409,42.088049],[24.185214,42.088846],[24.187286,42.089712],[24.190835,42.091327],[24.192544,42.092031],[24.193785,42.092509],[24.199062,42.095715],[24.2022,42.097623],[24.204868,42.0992],[24.208116,42.100732],[24.209768,42.101449],[24.210936,42.101956],[24.214901,42.103768],[24.216734,42.104456],[24.218845,42.105451],[24.224582,42.108157],[24.22823,42.109788],[24.230726,42.11091],[24.236975,42.112943],[24.240757,42.114112],[24.24453,42.115278],[24.248395,42.116501],[24.252264,42.117736],[24.255591,42.118799],[24.262315,42.118885],[24.27365,42.118728],[24.27774,42.118715],[24.2835,42.118692],[24.289323,42.118752]]}},{"type":"Feature","properties":{"osm_id":157469922,"voltage":"110000","circuits":"1","cables":"3","name":"","operator":"","ref":""},"geometry":{"type":"LineString","coordinates":[[24.007733,42.033049],[24.007852,42.033198],[24.008924,42.034918],[24.006787,42.036445],[24.00422,42.038279],[24.002619,42.03927],[24.001806,42.039963],[23.999808,42.041403],[23.997022,42.043372],[23.994758,42.045002],[23.992676,42.04652],[23.990968,42.047703],[23.988478,42.049506],[23.985815,42.048982],[23.983251,42.048464],[23.980502,42.04793],[23.97676,42.04717],[23.972559,42.046337],[23.969842,42.045797],[23.968407,42.04553],[23.965293,42.044874],[23.960568,42.043874],[23.95718,42.043218],[23.954791,42.042766],[23.952026,42.042197],[23.949112,42.041606],[23.945957,42.041015],[23.942235,42.040242],[23.938556,42.03948],[23.937694,42.039293],[23.932681,42.038348],[23.929944,42.037822],[23.92595,42.037006],[23.921136,42.036028],[23.915965,42.034974],[23.914694,42.034715],[23.910357,42.033832],[23.90741,42.033234],[23.90571,42.032867],[23.899328,42.03159],[23.897895,42.031303],[23.894149,42.030543],[23.89204,42.030125],[23.888599,42.029444],[23.8873,42.029174],[23.886229,42.028949],[23.884135,42.028542],[23.882032,42.028137],[23.880762,42.027864],[23.878209,42.027348],[23.875868,42.026875],[23.874167,42.026531],[23.869346,42.025557],[23.865624,42.024796],[23.86284,42.02426],[23.861296,42.023943],[23.859048,42.023556],[23.85634,42.022928],[23.854636,42.022573],[23.853174,42.022269],[23.848685,42.021334],[23.847247,42.022056],[23.844802,42.023206],[23.84203,42.024543],[23.841069,42.025006],[23.83929,42.025854],[23.835661,42.027559],[23.834888,42.027922],[23.833847,42.028411],[23.831801,42.029334],[23.830505,42.029974],[23.829732,42.030355],[23.827284,42.031563],[23.826038,42.032137],[23.824174,42.033058],[23.822074,42.034065],[23.820134,42.034995],[23.818447,42.035738],[23.816403,42.03543],[23.814568,42.03524],[23.813798,42.035033],[23.812554,42.034822],[23.810547,42.034503],[23.809225,42.034254],[23.807927,42.033916],[23.806604,42.033764],[23.805207,42.033609],[23.804333,42.033451],[23.803136,42.0332],[23.801798,42.032922],[23.800239,42.032671],[23.797439,42.032268],[23.795964,42.031935],[23.794502,42.031686],[23.792537,42.031439],[23.786787,42.030446],[23.781652,42.029589],[23.779788,42.029284],[23.777552,42.028922],[23.774959,42.028458],[23.772511,42.028078],[23.768783,42.027439],[23.765685,42.026919],[23.762589,42.026417],[23.759461,42.02588],[23.758207,42.025685],[23.754515,42.025059],[23.753152,42.024808],[23.750368,42.024401],[23.746536,42.023856],[23.742273,42.023226],[23.739772,42.022874],[23.735047,42.022162],[23.733525,42.021943],[23.729199,42.021692],[23.727246,42.021589],[23.725226,42.021465],[23.723805,42.021413],[23.721832,42.021311],[23.718317,42.021122],[23.716573,42.02104],[23.713443,42.020877],[23.709849,42.019755],[23.707081,42.018992],[23.701662,42.017405],[23.700973,42.017209],[23.699751,42.01686],[23.697164,42.016099],[23.695179,42.015511],[23.692828,42.014823],[23.691215,42.014661],[23.689351,42.014474],[23.6847,42.014085],[23.68375,42.013926],[23.680924,42.013639],[23.678468,42.013401],[23.675628,42.0131],[23.671117,42.012664],[23.668457,42.012467],[23.664663,42.012035],[23.660418,42.01163],[23.657443,42.011325],[23.65559,42.011126],[23.651462,42.010713],[23.650421,42.01061],[23.651211,42.011009]]}},{"type":"Feature","properties":{"osm_id":165195386,"voltage":"110000","circuits":"1","cables":"3","name":"","operator":"","ref":""},"geometry":{"type":"LineString","coordinates":[[25.982743,42.500653],[25.98215,42.502957],[25.981628,42.505025],[25.98105,42.507381],[25.980417,42.509888],[25.979788,42.512326],[25.979152,42.514775],[25.978549,42.517225],[25.97794,42.519696],[25.97738,42.521786],[25.976883,42.523781],[25.976278,42.526213],[25.975654,42.528722],[25.974992,42.531272],[25.974372,42.533752],[25.973883,42.535709],[25.973218,42.538266],[25.972614,42.540674],[25.972022,42.543032],[25.971532,42.544986],[25.971019,42.547034],[25.970252,42.550092],[25.969691,42.552326],[25.96901,42.554942],[25.968516,42.556907],[25.967833,42.559623],[25.967218,42.56207],[25.966599,42.564531],[25.965529,42.568788],[25.964804,42.57158],[25.964061,42.574532],[25.963694,42.575987],[25.962692,42.579861],[25.96204,42.582249],[25.961585,42.58405],[25.960619,42.587763],[25.960124,42.589527],[25.959341,42.592614],[25.95773,42.595969],[25.956349,42.598858],[25.955668,42.60038],[25.954484,42.602845],[25.952384,42.607278],[25.95161,42.608904],[25.950442,42.611356],[25.949226,42.613909],[25.94874,42.61493],[25.947044,42.618492],[25.946621,42.619173],[25.945527,42.620743],[25.944168,42.623053],[25.943088,42.6248],[25.941458,42.627418],[25.940225,42.62944],[25.938769,42.6318],[25.937668,42.633556],[25.936106,42.636065],[25.93475,42.638279],[25.933284,42.640597],[25.931589,42.643341],[25.930042,42.645776],[25.928077,42.648945],[25.926416,42.651634],[25.924701,42.654389],[25.922127,42.65854],[25.920982,42.660386],[25.919369,42.66296],[25.917803,42.665459],[25.916345,42.667786],[25.914737,42.670454],[25.913782,42.67198],[25.912516,42.673999],[25.911077,42.676282],[25.910617,42.678448],[25.910188,42.680578],[25.909673,42.683023],[25.909126,42.685546],[25.908536,42.688362],[25.908028,42.690578],[25.908137,42.690717]]}},{"type":"Feature","properties":{"osm_id":166706908,"voltage":"400000","circuits":"1","cables":"3","name":"","operator":"","ref":""},"geometry":{"type":"LineString","coordinates":[[24.238601,42.178204],[24.242768,42.176582],[24.246935,42.174952],[24.251,42.173329],[24.255148,42.171686],[24.259417,42.169981],[24.263132,42.168443],[24.266518,42.167073],[24.270278,42.165587],[24.273771,42.164183],[24.277826,42.162553],[24.281947,42.160937],[24.285984,42.159289],[24.289409,42.158107],[24.293594,42.156457],[24.298113,42.15467],[24.301332,42.153385],[24.304056,42.152348],[24.306899,42.151225],[24.310361,42.151798],[24.313613,42.152372],[24.315953,42.152792],[24.318013,42.15319],[24.320555,42.152656]]}},{"type":"Feature","properties":{"osm_id":169361676,"voltage":"110000","circuits":"1","cables":"3","name":"","operator":"","ref":""},"geometry":{"type":"LineString","coordinates":[[24.571077,42.395139],[24.571274,42.395415],[24.573288,42.396234],[24.575911,42.397387],[24.577311,42.397374],[24.579283,42.397356],[24.583279,42.39732],[24.587153,42.397285],[24.590439,42.397259],[24.594098,42.39723],[24.597847,42.3972],[24.602432,42.397163],[24.605887,42.397136],[24.608946,42.397111],[24.611532,42.396252],[24.614364,42.395311],[24.617157,42.394384],[24.620895,42.393142],[24.623326,42.392334],[24.625478,42.391619],[24.629115,42.390732],[24.634575,42.389452],[24.637392,42.388792],[24.640642,42.38803],[24.644125,42.387194],[24.647593,42.386361],[24.650735,42.385607],[24.653952,42.38441],[24.657556,42.383068],[24.661293,42.381677],[24.664804,42.380371],[24.668651,42.378939],[24.672657,42.377427],[24.676516,42.375971],[24.68034,42.374529],[24.6847,42.372885],[24.687988,42.371644],[24.690822,42.372031],[24.693842,42.372443],[24.69791,42.372998],[24.701358,42.373468],[24.703757,42.372915],[24.706964,42.372175],[24.709875,42.371504],[24.712242,42.373384],[24.714555,42.375221],[24.718125,42.374033],[24.721161,42.373022],[24.724016,42.372072],[24.728192,42.371924],[24.733712,42.371676],[24.736665,42.371574]]}},{"type":"Feature","properties":{"osm_id":170771332,"voltage":"110000","circuits":"1","cables":"3","name":"","operator":"","ref":""},"geometry":{"type":"LineString","coordinates":[[27.700824,42.678136],[27.700336,42.677951],[27.695475,42.67839],[27.6931,42.678556],[27.690471,42.678813],[27.687804,42.679041],[27.684854,42.67927],[27.682131,42.679512],[27.679144,42.679776],[27.676232,42.680039],[27.673433,42.680274],[27.670511,42.680482],[27.667703,42.680765],[27.664647,42.680998],[27.662059,42.681251],[27.6591,42.681494],[27.656188,42.681782],[27.652203,42.682131],[27.649664,42.682303],[27.647826,42.681514],[27.645444,42.680477],[27.643345,42.679551],[27.640943,42.678508],[27.637824,42.677125],[27.635626,42.676141],[27.633307,42.675117],[27.63129,42.674239],[27.628693,42.673109],[27.625798,42.671829],[27.623283,42.670739],[27.620402,42.669459],[27.616945,42.667926],[27.613653,42.666478],[27.611062,42.665347],[27.608559,42.664247],[27.606233,42.663246],[27.603704,42.662133],[27.60169,42.661239],[27.598539,42.659852],[27.596264,42.658849],[27.593209,42.657503],[27.59113,42.656558],[27.588562,42.655463],[27.586249,42.654449],[27.583611,42.653285],[27.580847,42.652065],[27.577523,42.65061],[27.573737,42.648929],[27.570674,42.647577],[27.568326,42.647262],[27.56593,42.646963],[27.562887,42.646581],[27.560006,42.6462],[27.557664,42.645901],[27.555017,42.645551],[27.552392,42.645184],[27.549747,42.644858],[27.547739,42.644602],[27.545009,42.644243],[27.541266,42.643767],[27.53831,42.643392],[27.535286,42.642987],[27.532012,42.642555],[27.529179,42.642187],[27.526358,42.641816],[27.523781,42.64149],[27.521054,42.641142],[27.518128,42.640754],[27.5163,42.640518],[27.513586,42.640155],[27.510679,42.639789],[27.508095,42.639463],[27.50429,42.638964],[27.502103,42.638705],[27.49752,42.638073],[27.496171,42.637906],[27.494496,42.637698],[27.491693,42.637326],[27.488475,42.636],[27.485786,42.634917],[27.483578,42.634029],[27.480766,42.632889],[27.478635,42.631995],[27.476675,42.631204],[27.473758,42.630018],[27.47237,42.629463],[27.47061,42.628759],[27.467212,42.627372],[27.46468,42.626336],[27.462002,42.625255],[27.459899,42.624394],[27.457997,42.623628],[27.457076,42.623257],[27.454503,42.622198],[27.452218,42.621257],[27.449369,42.620107],[27.447065,42.619172],[27.444657,42.618184],[27.442061,42.617135],[27.43997,42.616297],[27.438508,42.614698],[27.437155,42.613235],[27.435649,42.611608],[27.433943,42.609808],[27.432454,42.608164],[27.430878,42.606444],[27.429219,42.604651],[27.427841,42.603179],[27.426096,42.601303],[27.424847,42.599928],[27.423155,42.598108],[27.420046,42.597526],[27.416874,42.596922],[27.413647,42.596325],[27.410538,42.595712],[27.407584,42.595151],[27.404675,42.594609],[27.401801,42.594068],[27.398787,42.593489],[27.395881,42.592936],[27.392962,42.592389],[27.39004,42.591833],[27.386867,42.591226],[27.38353,42.590587],[27.380574,42.590035],[27.377243,42.589397],[27.374341,42.588845],[27.371323,42.58826],[27.367965,42.587632],[27.365036,42.587083],[27.362076,42.586524],[27.358994,42.585934],[27.355841,42.585331],[27.35274,42.584739],[27.349554,42.584139],[27.347849,42.583772]]}},{"type":"Feature","properties":{"osm_id":171932493,"voltage":"110000","circuits":"1","cables":"3","name":"","operator":"","ref":""},"geometry":{"type":"LineString","coordinates":[[25.412013,42.612897],[25.414661,42.612301],[25.418392,42.612647],[25.421044,42.612857],[25.424616,42.613164],[25.426585,42.612312],[25.428918,42.611374],[25.431276,42.610324],[25.433428,42.609323],[25.435693,42.608367],[25.438024,42.607384],[25.440336,42.606345],[25.442686,42.605257],[25.445016,42.604253],[25.44729,42.603248],[25.449546,42.602251],[25.451753,42.601289],[25.454226,42.600249],[25.456462,42.59928],[25.458954,42.59822],[25.461124,42.597195],[25.463275,42.596225],[25.465833,42.595151],[25.46803,42.594159],[25.47033,42.593153],[25.472497,42.592185],[25.475224,42.591044],[25.477426,42.59012],[25.479514,42.589142],[25.481765,42.588148],[25.484117,42.587117],[25.48651,42.586068],[25.488762,42.585073],[25.49098,42.584113],[25.493359,42.583111],[25.49558,42.582074],[25.49786,42.581094],[25.500278,42.580037],[25.502402,42.579089],[25.504795,42.578102],[25.506951,42.577114],[25.509344,42.576095],[25.511693,42.575036],[25.513946,42.574057],[25.51856,42.571987],[25.520888,42.570975],[25.52335,42.569938],[25.525598,42.568913],[25.527733,42.567989],[25.530061,42.567009],[25.532502,42.565927]]}},{"type":"Feature","properties":{"osm_id":171940579,"voltage":"110000","circuits":"1","cables":"3","name":"","operator":"","ref":""},"geometry":{"type":"LineString","coordinates":[[24.76551,42.36512],[24.766613,42.363442],[24.767985,42.361388],[24.76888,42.360006],[24.770855,42.357066],[24.773064,42.35358],[24.775272,42.35025],[24.777432,42.346778],[24.779623,42.343419],[24.781535,42.340443],[24.783287,42.337827],[24.785188,42.334871],[24.786706,42.332529],[24.788685,42.329456],[24.790453,42.326753],[24.79426,42.325249],[24.798635,42.323484],[24.803509,42.321483],[24.807879,42.319773],[24.812086,42.318119],[24.816542,42.316311],[24.821016,42.314537],[24.825503,42.312742],[24.829907,42.310913],[24.834177,42.309228],[24.834571,42.306513],[24.834833,42.304362],[24.835191,42.302017],[24.835537,42.299222],[24.835954,42.296268],[24.836407,42.293279],[24.837849,42.291718],[24.836784,42.289886],[24.836577,42.286249],[24.833207,42.285296],[24.831602,42.282731],[24.830085,42.28038],[24.82802,42.277037],[24.824076,42.27656],[24.818802,42.27591],[24.813452,42.275253],[24.808714,42.274653],[24.803901,42.274078],[24.79938,42.273509],[24.795032,42.272957],[24.792469,42.272386],[24.787402,42.271188],[24.784219,42.271622],[24.780442,42.272132],[24.776745,42.27265],[24.77281,42.27321],[24.768377,42.273833],[24.764895,42.274317],[24.760606,42.274932],[24.756668,42.275408]]}},{"type":"Feature","properties":{"osm_id":172519476,"voltage":"110000","circuits":"1","cables":"3","name":"","operator":"","ref":""},"geometry":{"type":"LineString","coordinates":[[24.756668,42.275408],[24.756456,42.272852],[24.756194,42.269684],[24.755946,42.266683],[24.755688,42.263562],[24.755442,42.260588],[24.755142,42.257468],[24.754944,42.254568],[24.75467,42.251707],[24.75444,42.248705],[24.754188,42.245635],[24.753977,42.242871],[24.753715,42.239704],[24.753442,42.236861],[24.753174,42.233951],[24.752998,42.231589],[24.752816,42.229114],[24.752626,42.227045],[24.752451,42.224961],[24.752257,42.222883],[24.752068,42.22079],[24.751923,42.218644],[24.751728,42.216556],[24.75154,42.21436],[24.751358,42.21229],[24.751146,42.210251],[24.750996,42.208121],[24.750813,42.205943],[24.750652,42.203925],[24.750465,42.201787],[24.750261,42.199701],[24.750094,42.19757],[24.749934,42.195663],[24.749757,42.193576],[24.749586,42.19157],[24.749428,42.189452],[24.749255,42.187346],[24.749073,42.185343],[24.748742,42.183935],[24.748113,42.182793]]}},{"type":"Feature","properties":{"osm_id":176049805,"voltage":"110000","circuits":"1","cables":"3","name":"","operator":"","ref":""},"geometry":{"type":"LineString","coordinates":[[27.820365,42.894925],[27.820095,42.894607],[27.818262,42.892452],[27.816305,42.890227],[27.812064,42.885318],[27.808032,42.880665],[27.806289,42.878646],[27.804727,42.876871],[27.802139,42.873941],[27.800338,42.871772],[27.798376,42.86957],[27.796386,42.867286],[27.794982,42.865684],[27.793431,42.863902],[27.791238,42.861362],[27.789976,42.859994],[27.787647,42.857525],[27.785843,42.855521],[27.783513,42.853027],[27.781862,42.851305],[27.779847,42.849124],[27.778357,42.84754],[27.777906,42.845182],[27.777353,42.842661],[27.776667,42.839608],[27.776061,42.836563],[27.77424,42.827724],[27.773654,42.824859],[27.77324,42.822656],[27.772625,42.81968],[27.772219,42.817952],[27.771474,42.814246],[27.771201,42.812886],[27.769915,42.806617],[27.769674,42.805488],[27.767871,42.796606],[27.76638,42.789456],[27.765864,42.78697],[27.76484,42.782004],[27.763708,42.776404],[27.762674,42.775438],[27.761807,42.774613],[27.760445,42.77325],[27.758855,42.771751],[27.75616,42.769179],[27.754651,42.767693],[27.753637,42.766809],[27.751661,42.764921],[27.749471,42.762785],[27.747382,42.760737],[27.745887,42.759383],[27.744579,42.758112],[27.742385,42.756025],[27.741392,42.755068],[27.73999,42.753728],[27.73732,42.751164],[27.735697,42.749557],[27.733321,42.747347],[27.731939,42.745981],[27.730336,42.744468],[27.729339,42.743732],[27.726494,42.741769],[27.725016,42.740736],[27.723533,42.739725],[27.72047,42.737561],[27.717411,42.735479],[27.714269,42.733318],[27.711307,42.731284],[27.70849,42.729299],[27.707639,42.728731]]}},{"type":"Feature","properties":{"osm_id":176656993,"voltage":"400000","circuits":"1","cables":"3","name":"Люлин","operator":"","ref":""},"geometry":{"type":"LineString","coordinates":[[23.00563,42.528458],[23.005971,42.529068],[23.008293,42.53188]]}},{"type":"Feature","properties":{"osm_id":176754571,"voltage":"400000","circuits":"1","cables":"3","name":"Черно море","operator":"","ref":""},"geometry":{"type":"LineString","coordinates":[[27.356055,42.618367],[27.355414,42.618821],[27.354425,42.62072],[27.354075,42.623422],[27.354551,42.62794],[27.35518,42.632635],[27.355601,42.635974],[27.355988,42.639041],[27.35633,42.641728],[27.35665,42.644265],[27.357085,42.647892],[27.357607,42.651684],[27.357878,42.653913],[27.354833,42.655998],[27.352802,42.657396],[27.350455,42.658988],[27.347838,42.66079],[27.34259,42.664392],[27.339799,42.666309],[27.337676,42.667772],[27.335071,42.669544],[27.331035,42.672371],[27.328007,42.674405],[27.322562,42.678127],[27.320507,42.679549],[27.316947,42.681974],[27.314104,42.683932],[27.311259,42.685882],[27.308571,42.687712],[27.304935,42.690214],[27.301725,42.692407],[27.29904,42.694258],[27.296086,42.696278],[27.292875,42.69849],[27.289871,42.700493],[27.2875,42.70214],[27.284882,42.703936],[27.282828,42.705349],[27.282689,42.706518],[27.282525,42.70825],[27.282109,42.712369],[27.281779,42.715819],[27.281591,42.717856],[27.281369,42.720248],[27.281073,42.72307],[27.280669,42.726863],[27.280071,42.73004],[27.279434,42.733284],[27.278705,42.736967],[27.27459,42.740169],[27.271311,42.742677],[27.268199,42.745127],[27.265613,42.747092],[27.263287,42.748943],[27.260729,42.750878],[27.258491,42.752658],[27.257321,42.754874],[27.256628,42.756201],[27.255446,42.758509],[27.254393,42.760548],[27.252725,42.763703],[27.251473,42.766059],[27.249999,42.768938],[27.248485,42.771733],[27.24692,42.774754],[27.24548,42.777524],[27.24371,42.780824],[27.24269,42.782885],[27.241126,42.785801],[27.238937,42.790094],[27.237416,42.792957],[27.235718,42.796216],[27.234033,42.799418],[27.232669,42.801984],[27.231226,42.804779],[27.22952,42.807986],[27.228049,42.810822],[27.226372,42.814018],[27.224652,42.817219],[27.223117,42.820248],[27.221326,42.823615],[27.219542,42.827071],[27.217595,42.830798],[27.21726,42.832455],[27.21672,42.836536],[27.216379,42.838762],[27.216116,42.840679],[27.21591,42.841982],[27.215576,42.84427],[27.21527,42.84625],[27.215114,42.8475],[27.214865,42.849043],[27.214617,42.850736],[27.21424,42.853482],[27.216799,42.857061],[27.220174,42.861698],[27.221823,42.863985],[27.223614,42.866511],[27.225355,42.868876],[27.228319,42.872981],[27.23016,42.875554],[27.231731,42.877726],[27.233052,42.879559],[27.235777,42.883353],[27.237627,42.885842],[27.239371,42.88824],[27.241147,42.890707],[27.242633,42.892739],[27.245086,42.896095],[27.246473,42.898023],[27.24844,42.900774],[27.249624,42.902413],[27.252429,42.906274],[27.255591,42.910604],[27.256769,42.912266],[27.257842,42.913778],[27.259986,42.916702],[27.260079,42.920662],[27.260203,42.924638],[27.260221,42.925964],[27.2603,42.928169],[27.260379,42.931576],[27.260754,42.935934]]}},{"type":"Feature","properties":{"osm_id":178747350,"voltage":"400000","circuits":"1","cables":"3","name":"Зорница","operator":"","ref":""},"geometry":{"type":"LineString","coordinates":[[27.350847,42.620185],[27.346027,42.622325],[27.34277,42.623882],[27.338408,42.625931],[27.334622,42.626067],[27.329571,42.626207],[27.327228,42.626277],[27.321285,42.626422],[27.317293,42.626553],[27.312206,42.626708],[27.309077,42.626788],[27.305465,42.626904],[27.300295,42.627052],[27.297664,42.624087],[27.295342,42.62144],[27.293051,42.618871],[27.290738,42.616273],[27.286846,42.614642],[27.282745,42.61301],[27.278536,42.611299],[27.274359,42.609643],[27.269801,42.607813],[27.266203,42.606364],[27.263901,42.605398],[27.258899,42.603321],[27.255108,42.601744],[27.25152,42.600293],[27.247472,42.598656],[27.24278,42.596758],[27.238319,42.594954],[27.234045,42.593098],[27.229872,42.59127],[27.226578,42.58986],[27.224261,42.589007],[27.220527,42.587332],[27.217653,42.58619],[27.21513,42.584302],[27.211756,42.581721],[27.208726,42.579432],[27.205706,42.577136],[27.202585,42.5748],[27.199835,42.572725],[27.196734,42.57031],[27.193634,42.56802],[27.190836,42.565848],[27.187642,42.563453],[27.184929,42.561323],[27.181403,42.558677],[27.178209,42.556213],[27.172335,42.551781],[27.169147,42.54927],[27.166006,42.546986],[27.163226,42.544883],[27.160218,42.542608],[27.157725,42.540747],[27.154169,42.537994],[27.150874,42.535428],[27.148001,42.533227],[27.145963,42.531716],[27.146225,42.527905],[27.146466,42.524831],[27.146708,42.521341],[27.146987,42.517634],[27.147242,42.514269],[27.147458,42.510964],[27.147696,42.507576],[27.147925,42.504517],[27.148154,42.501553],[27.148387,42.498242],[27.148604,42.495112],[27.148812,42.492116],[27.14905,42.488967],[27.149301,42.485259],[27.149428,42.483465],[27.149748,42.478859],[27.15,42.47569],[27.150239,42.472456],[27.150456,42.469219],[27.15076,42.465176],[27.150934,42.46258],[27.151179,42.459194],[27.1514,42.456033],[27.151648,42.452312],[27.151915,42.448625],[27.152164,42.445898],[27.152311,42.443212],[27.152527,42.440214],[27.152736,42.437218],[27.151678,42.435859],[27.148476,42.433582],[27.144385,42.430685],[27.1409,42.428222],[27.137677,42.425943],[27.134439,42.423655],[27.131561,42.421696],[27.128278,42.4193],[27.124348,42.41645],[27.12134,42.41442],[27.118559,42.412391],[27.115782,42.410353],[27.112411,42.408003],[27.108546,42.40522],[27.105642,42.403162],[27.102015,42.400592],[27.099248,42.398631],[27.095425,42.395917],[27.092405,42.393743],[27.089734,42.391864],[27.086781,42.389749],[27.083248,42.387207],[27.079543,42.384561],[27.075517,42.382176],[27.072278,42.380213],[27.069395,42.378465],[27.064834,42.375714],[27.061327,42.373585],[27.058184,42.371677],[27.054703,42.369563],[27.052157,42.368017],[27.048275,42.36566],[27.048254,42.365647],[27.044973,42.363655],[27.041769,42.36171],[27.038434,42.359685],[27.034876,42.35752],[27.031686,42.355521],[27.027419,42.352847],[27.024066,42.350788],[27.020402,42.348536],[27.017792,42.346933],[27.01434,42.344811],[27.011449,42.343026],[27.008536,42.341227],[27.005084,42.339057],[27.002113,42.33716],[26.998912,42.336239],[26.9952,42.335216],[26.991252,42.334129],[26.986981,42.332945],[26.983498,42.331979],[26.97946,42.330859],[26.97574,42.329827],[26.971381,42.328618],[26.966372,42.327229],[26.9625,42.325824],[26.959165,42.324614],[26.95514,42.323154],[26.951451,42.321815],[26.948308,42.320675],[26.94463,42.31934],[26.941673,42.318267],[26.939144,42.317248],[26.936842,42.316478],[26.934709,42.315715],[26.930041,42.314046],[26.927833,42.313242],[26.923501,42.311662],[26.921402,42.310898],[26.918009,42.309612],[26.914725,42.308519],[26.912586,42.307635],[26.907149,42.305661],[26.903884,42.304475],[26.901158,42.303485],[26.898362,42.30247],[26.894728,42.30115],[26.89058,42.299643],[26.886734,42.298246],[26.882175,42.29659],[26.879281,42.295539],[26.876361,42.294479],[26.872498,42.293094],[26.869516,42.292024],[26.866363,42.290828],[26.863621,42.289788],[26.86028,42.288571],[26.856987,42.287371],[26.852385,42.285694],[26.849099,42.284501],[26.845041,42.283028],[26.840949,42.281543],[26.836362,42.27988],[26.83365,42.278897],[26.829258,42.277402],[26.824699,42.275745],[26.821221,42.274481],[26.817725,42.273211],[26.81379,42.271781],[26.810009,42.270407],[26.806005,42.268952],[26.802635,42.267727],[26.799439,42.266549],[26.796507,42.26551],[26.793363,42.264378],[26.78887,42.262744],[26.785743,42.261607],[26.782842,42.260552],[26.778478,42.258964],[26.774919,42.25767],[26.771299,42.256353],[26.76666,42.254665],[26.763644,42.253568],[26.759429,42.252035],[26.756015,42.250793],[26.752653,42.24957],[26.74932,42.248357],[26.745043,42.246801],[26.741234,42.245416],[26.738128,42.244286],[26.733258,42.242514],[26.728991,42.240961],[26.724651,42.239382],[26.720348,42.237816],[26.716046,42.236251],[26.711603,42.234634],[26.706994,42.232848],[26.703588,42.23177],[26.700038,42.230438],[26.69549,42.22873],[26.691632,42.227363],[26.687061,42.225679],[26.683057,42.224199],[26.678614,42.222483],[26.674369,42.221009],[26.670447,42.219584],[26.666815,42.218278],[26.661915,42.216451],[26.657585,42.214903],[26.652836,42.214008],[26.647606,42.213022],[26.643873,42.212318],[26.639536,42.211501],[26.635245,42.210663],[26.630353,42.209709],[26.627276,42.209126],[26.623398,42.210306],[26.618618,42.211828],[26.614666,42.213134],[26.610156,42.214624],[26.60592,42.216023],[26.601347,42.217461],[26.597743,42.218619],[26.593153,42.220101],[26.588996,42.221401],[26.584817,42.222767],[26.58061,42.224118],[26.577863,42.224997],[26.573958,42.226247],[26.570304,42.227422],[26.566315,42.228714],[26.563265,42.229681],[26.558777,42.231127],[26.554497,42.232446],[26.551294,42.230969],[26.548031,42.229424],[26.545105,42.228067],[26.540566,42.225848],[26.537314,42.224375],[26.533776,42.222697],[26.5302,42.220997],[26.527254,42.21964],[26.523941,42.218083],[26.520073,42.216249],[26.515853,42.214266],[26.511989,42.212412],[26.509307,42.211161],[26.505573,42.209405],[26.50207,42.20776],[26.498334,42.206024],[26.49548,42.204669],[26.491734,42.202928],[26.48841,42.201331],[26.485748,42.200071],[26.48145,42.199395],[26.477302,42.198707],[26.472467,42.197907],[26.469377,42.197395],[26.467308,42.197071],[26.464145,42.196557],[26.458859,42.195699],[26.452666,42.194699],[26.44824,42.193967],[26.444177,42.193304],[26.440779,42.192732],[26.436868,42.19214],[26.432389,42.191365],[26.428655,42.190566],[26.424401,42.189632],[26.419578,42.188531],[26.415308,42.187565],[26.411264,42.186663],[26.406173,42.185506],[26.402423,42.184671],[26.39656,42.183356],[26.393454,42.182648],[26.389672,42.181805],[26.385428,42.180847],[26.381861,42.180052],[26.375188,42.179055],[26.371787,42.178498],[26.367839,42.177882],[26.362544,42.177019],[26.358145,42.176407],[26.354567,42.175823],[26.349203,42.175008],[26.345506,42.174487],[26.342417,42.17401],[26.336553,42.173068],[26.332664,42.172447],[26.329574,42.171958],[26.323958,42.171151],[26.316866,42.169788],[26.312081,42.168865],[26.308095,42.16813],[26.30294,42.167147],[26.2986,42.166372],[26.295161,42.165704],[26.289851,42.164643],[26.284964,42.16378],[26.281707,42.163239],[26.276332,42.162241],[26.271842,42.161402],[26.268039,42.159541],[26.264793,42.157934],[26.261999,42.158404],[26.25932,42.161133],[26.255738,42.164674],[26.253587,42.166829],[26.251785,42.168627],[26.249671,42.170714],[26.246887,42.172276],[26.243942,42.173906],[26.240439,42.175787],[26.238347,42.17692],[26.234817,42.17888],[26.230719,42.181074],[26.227586,42.182783],[26.224067,42.184711],[26.221481,42.186122],[26.218659,42.187653],[26.216009,42.189088],[26.212823,42.191186],[26.209706,42.193253],[26.206418,42.195439],[26.203113,42.197617],[26.199664,42.19989],[26.196574,42.20192],[26.192792,42.204452],[26.190657,42.205878],[26.18746,42.207984],[26.183775,42.21042],[26.181935,42.211644],[26.17855,42.213881],[26.175937,42.215609],[26.172547,42.217862],[26.169076,42.219101],[26.166399,42.220082],[26.162279,42.221592],[26.159763,42.222494],[26.156411,42.223725],[26.152495,42.225124],[26.149829,42.226077],[26.14698,42.227134],[26.14389,42.228258],[26.140039,42.229628],[26.140106,42.231901],[26.140211,42.233616],[26.140367,42.235979],[26.140501,42.2392],[26.140624,42.241452],[26.139943,42.243823],[26.139283,42.245924],[26.135549,42.24723],[26.131413,42.24862],[26.128232,42.249728],[26.1254,42.248556],[26.122594,42.249513],[26.120132,42.250359],[26.117573,42.251284],[26.116178,42.253651],[26.116382,42.255835],[26.11642,42.257347],[26.11657,42.258523],[26.119209,42.259126],[26.12238,42.259849],[26.125802,42.260575],[26.127814,42.260996],[26.130124,42.261512],[26.1323,42.260821],[26.133361,42.260428],[26.134144,42.259265],[26.134098,42.258158]]}},{"type":"Feature","properties":{"osm_id":179323109,"voltage":"220000","circuits":"1","cables":"3","name":"","operator":"","ref":""},"geometry":{"type":"LineString","coordinates":[[23.340106,43.465966],[23.341034,43.466681],[23.346095,43.46703],[23.349305,43.467241],[23.355251,43.467727],[23.359563,43.467949],[23.364622,43.468122],[23.369478,43.468325],[23.386788,43.468941],[23.390832,43.468171],[23.425388,43.461287],[23.429501,43.460432],[23.433878,43.459598],[23.480968,43.450249],[23.485956,43.449273],[23.505192,43.445424],[23.519839,43.442537],[23.524526,43.441596],[23.528629,43.440767],[23.53258,43.440137],[23.53753,43.439466],[23.541913,43.438761],[23.547315,43.437811],[23.550979,43.4372],[23.55608,43.436331],[23.559433,43.43575],[23.565908,43.434745],[23.569443,43.43406],[23.573847,43.433281],[23.578573,43.432513],[23.583385,43.431676],[23.587961,43.430901],[23.592172,43.430188],[23.596378,43.429296],[23.600675,43.428551],[23.604526,43.427889],[23.60892,43.427168],[23.613458,43.426389],[23.617803,43.425629],[23.622288,43.424866],[23.626569,43.424118],[23.631139,43.423346],[23.634079,43.421453],[23.63778,43.419068],[23.64116,43.416851],[23.644572,43.414626],[23.647828,43.412491],[23.651159,43.410344],[23.654732,43.408036],[23.660467,43.404584],[23.664753,43.402163],[23.667955,43.400394],[23.671614,43.398367],[23.675133,43.396391],[23.67884,43.394325],[23.682208,43.392462],[23.687669,43.389378],[23.691024,43.387523],[23.694228,43.385723],[23.702363,43.381195],[23.705817,43.379292],[23.709631,43.377148],[23.712628,43.376992],[23.717768,43.376698],[23.722898,43.376415],[23.727173,43.376169],[23.736588,43.375619],[23.740052,43.375408],[23.743974,43.374892],[23.748057,43.374374],[23.751829,43.373886],[23.755572,43.373409],[23.759659,43.372878],[23.763905,43.372351],[23.77063,43.371576],[23.77644,43.370765],[23.781713,43.37009],[23.786756,43.369454],[23.791283,43.368862],[23.79587,43.36828],[23.800526,43.367672],[23.804458,43.367185],[23.813792,43.365976],[23.818298,43.365371],[23.823132,43.36472],[23.827788,43.364135],[23.833136,43.36348],[23.837149,43.362922],[23.841666,43.362368],[23.846097,43.361779],[23.850244,43.361218],[23.854835,43.360621],[23.859068,43.360083],[23.863569,43.35974],[23.86823,43.359369],[23.872742,43.359002],[23.877221,43.358675],[23.881711,43.358359],[23.886276,43.357984],[23.890723,43.357618],[23.895047,43.357271],[23.900159,43.356896],[23.904821,43.356506],[23.913699,43.355816],[23.916934,43.355543],[23.921681,43.35518],[23.925726,43.35488],[23.9302,43.354513],[23.939819,43.35378],[23.944137,43.353425],[23.948461,43.35312],[23.952763,43.352738],[23.95736,43.352403],[23.962065,43.352032],[23.971479,43.351299],[23.975991,43.35094],[23.980481,43.350601],[23.98511,43.350234],[23.99033,43.349824],[23.995002,43.349438],[23.999983,43.349048],[24.005156,43.348616],[24.010395,43.348247],[24.015117,43.347864],[24.020079,43.347481],[24.024849,43.347119],[24.029351,43.346756],[24.03461,43.346359],[24.039428,43.345948],[24.045156,43.345496],[24.050237,43.344924],[24.055515,43.344353],[24.060898,43.343733],[24.065639,43.343204],[24.076869,43.341919],[24.081868,43.341362],[24.086115,43.340899],[24.090856,43.340367],[24.095353,43.338318],[24.098334,43.336927],[24.102659,43.334936],[24.106972,43.333074],[24.115398,43.329177],[24.119827,43.327132],[24.122956,43.325704],[24.130028,43.322513],[24.13412,43.320617],[24.136615,43.317864],[24.138999,43.315251],[24.140687,43.313387],[24.143502,43.310278],[24.147816,43.305591],[24.14954,43.303668],[24.150877,43.302215],[24.153398,43.299465],[24.164135,43.287603],[24.16621,43.285359],[24.167605,43.283818],[24.166976,43.279788],[24.166483,43.277033],[24.166116,43.27427],[24.165477,43.271187],[24.164952,43.268988],[24.164233,43.266001],[24.163851,43.265562]]}},{"type":"Feature","properties":{"osm_id":179323110,"voltage":"110000","circuits":"1","cables":"3","name":"","operator":"","ref":""},"geometry":{"type":"LineString","coordinates":[[24.059113,43.493308],[24.058738,43.493652],[24.057498,43.492574],[24.056089,43.491365],[24.054705,43.490204],[24.052115,43.487991],[24.050467,43.486604],[24.050224,43.485976],[24.04945,43.483972],[24.048623,43.481536],[24.047771,43.478992],[24.046856,43.476259],[24.045995,43.473638],[24.044991,43.47059],[24.047077,43.469403],[24.049358,43.468114],[24.054627,43.465169],[24.057838,43.463371],[24.061101,43.461538],[24.064278,43.459755],[24.067476,43.457973],[24.07073,43.456152],[24.073391,43.454663],[24.07336,43.452453],[24.073322,43.449914],[24.07328,43.447371],[24.073251,43.444298],[24.073243,43.441889],[24.073179,43.439017],[24.073143,43.435709],[24.073117,43.433957],[24.07309,43.431613],[24.073466,43.429673],[24.073838,43.427708],[24.074354,43.424854],[24.074866,43.42211],[24.075292,43.419786],[24.075634,43.418041],[24.072719,43.415903],[24.07075,43.414473],[24.068788,43.413011],[24.069051,43.411121],[24.069321,43.409159],[24.069719,43.406323],[24.070093,43.40392],[24.069616,43.401196],[24.069107,43.398601],[24.06866,43.395756],[24.068187,43.393216],[24.07141,43.391834],[24.074979,43.390335],[24.077454,43.389316],[24.081683,43.387469],[24.084855,43.386167],[24.088424,43.384656],[24.092034,43.383118],[24.095523,43.381657],[24.098883,43.380263],[24.102432,43.378736],[24.105974,43.377242],[24.109031,43.375919],[24.112557,43.374425],[24.115917,43.37298],[24.118951,43.371718],[24.12247,43.370224],[24.126088,43.368675],[24.129941,43.367026],[24.132982,43.365769],[24.1332,43.365604]]}},{"type":"Feature","properties":{"osm_id":179323111,"voltage":"220000","circuits":"1","cables":"1","name":"","operator":"","ref":""},"geometry":{"type":"LineString","coordinates":[[23.781738,43.744505],[23.782337,43.745381],[23.786123,43.748548]]}},{"type":"Feature","properties":{"osm_id":179323112,"voltage":"400000","circuits":"1","cables":"3","name":"","operator":"","ref":""},"geometry":{"type":"LineString","coordinates":[[24.167685,43.264053],[24.168459,43.264723],[24.170007,43.267078]]}},{"type":"Feature","properties":{"osm_id":179323113,"voltage":"220000","circuits":"1","cables":"3","name":"","operator":"","ref":""},"geometry":{"type":"LineString","coordinates":[[24.167315,43.268438],[24.168955,43.271055],[24.1696,43.274029],[24.170339,43.277437],[24.170822,43.279677],[24.171702,43.283848],[24.169936,43.285786],[24.167734,43.288198],[24.165859,43.290291],[24.160966,43.294036],[24.16176,43.294797],[24.159834,43.296925],[24.157376,43.299557],[24.155112,43.302036],[24.154074,43.303177],[24.150101,43.307552],[24.148707,43.309074],[24.147145,43.310775],[24.145059,43.313036],[24.143104,43.315161],[24.141043,43.31748],[24.138456,43.320203],[24.136254,43.322657],[24.133905,43.32373],[24.129509,43.32572],[24.125491,43.327564],[24.121088,43.329527],[24.117071,43.331338],[24.11292,43.333209],[24.108576,43.335193],[24.104099,43.337253],[24.099903,43.339183],[24.095663,43.341097],[24.092054,43.342736],[24.086998,43.343312],[24.082091,43.343889],[24.077214,43.344396],[24.072284,43.344973],[24.067451,43.345533],[24.064175,43.345905],[24.059238,43.346434],[24.054376,43.34701],[24.049313,43.347587],[24.044176,43.348126],[24.040121,43.348579],[24.038454,43.351193],[24.036712,43.353877],[24.034955,43.356491],[24.033154,43.359326],[24.031382,43.361999],[24.029803,43.364392],[24.027105,43.368504],[24.025237,43.371413],[24.02351,43.374021],[24.022228,43.376635],[24.020589,43.379738],[24.0191,43.382771],[24.017669,43.385702],[24.015934,43.389031],[24.014207,43.392505],[24.012603,43.39567],[24.010905,43.398972],[24.009417,43.401752],[24.00807,43.404391],[24.006733,43.407083],[24.005295,43.40991],[24.003879,43.412651],[24.002286,43.415887],[24.000922,43.418536],[23.999521,43.421341],[23.997623,43.425094],[23.996363,43.427608],[23.995058,43.430143],[23.992101,43.435881],[23.990818,43.438508],[23.989385,43.44135],[23.987561,43.444965],[23.985925,43.448174],[23.984348,43.451216],[23.982814,43.4543],[23.981473,43.456928],[23.980164,43.459518],[23.978619,43.462621],[23.97709,43.465662],[23.975931,43.467967],[23.974354,43.471089],[23.972777,43.474176],[23.971168,43.477376],[23.969537,43.480634],[23.967868,43.483982],[23.966329,43.487088]]}},{"type":"Feature","properties":{"osm_id":179323115,"voltage":"400000","circuits":"1","cables":"3","name":"","operator":"","ref":""},"geometry":{"type":"LineString","coordinates":[[24.170254,43.26874],[24.17157,43.270969],[24.172152,43.273636],[24.172745,43.276512],[24.173264,43.278952],[24.174065,43.282378],[24.174391,43.284343],[24.171989,43.28696],[24.169951,43.289188],[24.167853,43.291513],[24.165251,43.294378],[24.163102,43.296704],[24.161004,43.299045],[24.157802,43.302524],[24.155467,43.305092],[24.153339,43.307444],[24.149462,43.311705],[24.146905,43.314407],[24.144704,43.316813],[24.142406,43.319337],[24.140382,43.321531],[24.136839,43.323182],[24.133518,43.324686],[24.12979,43.326379],[24.126098,43.328067],[24.122251,43.329771],[24.118322,43.331593],[24.114839,43.333146],[24.111251,43.334791],[24.107648,43.336419],[24.103831,43.338139],[24.100006,43.339875],[24.096152,43.341616],[24.092356,43.343341],[24.087931,43.34388],[24.08338,43.344376],[24.079147,43.34484],[24.074744,43.345336],[24.07006,43.345875],[24.065768,43.346354],[24.061669,43.346786],[24.057629,43.347276],[24.05347,43.34774],[24.049183,43.348212],[24.044885,43.348693],[24.040713,43.349173],[24.039004,43.351749],[24.036802,43.355103],[24.034821,43.358183],[24.032704,43.361407],[24.030848,43.364333],[24.028332,43.36809],[24.026414,43.371077],[24.024328,43.374255],[24.022776,43.377356],[24.021183,43.380396],[24.019852,43.383048],[24.018227,43.386194],[24.016633,43.389401],[24.014946,43.392685],[24.013363,43.395739],[24.011822,43.3989],[24.010218,43.401962],[24.008656,43.405077],[24.007031,43.408298],[24.005312,43.411657],[24.003582,43.415068],[24.002031,43.418152],[24.000437,43.42132],[23.998561,43.42505],[23.997135,43.427806],[23.995668,43.430692],[23.994148,43.433737],[23.992649,43.436667],[23.991129,43.439613],[23.989656,43.442626],[23.988122,43.445589],[23.986587,43.448606],[23.985144,43.451501],[23.983557,43.45459],[23.982259,43.457144],[23.981041,43.459621],[23.979399,43.462895],[23.977837,43.466086],[23.976512,43.468644],[23.975048,43.471579],[23.973589,43.474468],[23.972088,43.47749],[23.970521,43.480589],[23.96889,43.483851],[23.967426,43.486898]]}},{"type":"Feature","properties":{"osm_id":179325655,"voltage":"110000","circuits":"1","cables":"3","name":"","operator":"","ref":""},"geometry":{"type":"LineString","coordinates":[[23.93821,43.148445],[23.938155,43.148634],[23.937664,43.15031],[23.940475,43.151386],[23.943002,43.152341],[23.944161,43.152188],[23.947277,43.151703],[23.949772,43.150369],[23.952009,43.14914],[23.954407,43.147856],[23.95615,43.146913],[23.958033,43.145911],[23.959369,43.145202],[23.961654,43.143966],[23.963848,43.142772],[23.96608,43.141551],[23.970357,43.143063],[23.972147,43.143708],[23.975465,43.144869],[23.978324,43.145894],[23.981393,43.14699],[23.984145,43.14793],[23.987213,43.149045],[23.98967,43.14993],[23.992369,43.150853],[23.995546,43.151943],[24.000045,43.153558],[24.003248,43.154708],[24.006187,43.155729],[24.009234,43.156798],[24.012276,43.157866],[24.014931,43.158809],[24.01808,43.15992],[24.019673,43.160492],[24.023541,43.161861],[24.025075,43.162401],[24.026728,43.162988],[24.029941,43.164139],[24.033229,43.165301],[24.036641,43.166514],[24.039302,43.167449],[24.043497,43.168916],[24.045921,43.169785],[24.049129,43.170939],[24.052514,43.172135],[24.055437,43.173173],[24.05775,43.173499],[24.061504,43.17408],[24.063962,43.174433],[24.066745,43.174837],[24.070362,43.175365],[24.071988,43.175619],[24.073945,43.177574],[24.075498,43.178976],[24.07685,43.180184],[24.07769,43.181229],[24.079558,43.183044],[24.081704,43.185151],[24.083777,43.187183],[24.085971,43.189329],[24.087814,43.191158],[24.089996,43.193255],[24.092208,43.195429],[24.094245,43.197437],[24.096421,43.199609],[24.098023,43.201147],[24.100175,43.203204],[24.102387,43.205403],[24.103759,43.206773],[24.105765,43.208711],[24.10799,43.210901],[24.109344,43.212266],[24.111374,43.214182],[24.113774,43.216548],[24.115351,43.218098],[24.117255,43.219922],[24.119238,43.221895],[24.121142,43.223749],[24.12341,43.225885],[24.123183,43.228469],[24.122979,43.23119],[24.12266,43.233559],[24.122489,43.235644],[24.122449,43.23823],[24.122449,43.239973],[24.122454,43.242676],[24.122474,43.245071],[24.122509,43.247803],[24.122529,43.250479],[24.122569,43.25302],[24.122584,43.254989],[24.122569,43.257909],[24.122614,43.260028],[24.125701,43.260467],[24.128278,43.2608],[24.132181,43.261284],[24.135654,43.261756],[24.1389,43.262192],[24.141557,43.262541],[24.145198,43.263002],[24.1486,43.263464],[24.152117,43.263929],[24.155639,43.264411],[24.159181,43.264846],[24.161387,43.263794],[24.162091,43.263487]]}},{"type":"Feature","properties":{"osm_id":181256670,"voltage":"110000","circuits":"1","cables":"3","name":"","operator":"","ref":""},"geometry":{"type":"LineString","coordinates":[[25.616016,42.606837],[25.619136,42.608601],[25.621796,42.610066],[25.624763,42.611712],[25.627311,42.613102],[25.629371,42.614262],[25.631938,42.615697],[25.633507,42.61656],[25.635739,42.617834],[25.637734,42.618925],[25.641941,42.621222],[25.644748,42.622834],[25.646262,42.623667],[25.647629,42.624387],[25.646883,42.627301],[25.646358,42.629376],[25.646023,42.630846],[25.645253,42.633466],[25.644198,42.636445],[25.642409,42.64134],[25.642852,42.64402],[25.644122,42.650939],[25.642741,42.6526],[25.64157,42.654063],[25.640973,42.655356],[25.639978,42.657431],[25.639545,42.658334],[25.639487,42.658573]]}},{"type":"Feature","properties":{"osm_id":181256671,"voltage":"110000","circuits":"1","cables":"3","name":"","operator":"","ref":""},"geometry":{"type":"LineString","coordinates":[[25.532502,42.565927],[25.533445,42.567452],[25.534582,42.56936],[25.5357,42.571226],[25.536721,42.572953],[25.537645,42.574514],[25.538904,42.576436],[25.539818,42.578003],[25.543194,42.578335],[25.545911,42.578586],[25.549066,42.578826],[25.55119,42.57854],[25.554299,42.578125],[25.557069,42.577748],[25.559805,42.577385],[25.562487,42.577031],[25.564791,42.578323],[25.567069,42.579541],[25.569496,42.580918],[25.571778,42.582146],[25.574026,42.583325],[25.576344,42.5847],[25.578677,42.586015],[25.580954,42.587305],[25.58339,42.588653],[25.585627,42.589907],[25.58788,42.591185],[25.590195,42.592459],[25.592469,42.593695],[25.595017,42.595108],[25.597168,42.596352],[25.599437,42.597612],[25.60176,42.598931],[25.603901,42.600131],[25.606296,42.601439]]}},{"type":"Feature","properties":{"osm_id":181256685,"voltage":"110000","circuits":"2","cables":"6","name":"","operator":"","ref":""},"geometry":{"type":"LineString","coordinates":[[25.616016,42.606837],[25.617934,42.6059],[25.621005,42.605881],[25.623874,42.605839],[25.626719,42.605807],[25.630637,42.605739],[25.632717,42.6047],[25.632208,42.602842],[25.633365,42.601239],[25.636477,42.601417],[25.639204,42.601568]]}},{"type":"Feature","properties":{"osm_id":188481598,"voltage":"400000","circuits":"1","cables":"3","name":"Вършец","operator":"","ref":""},"geometry":{"type":"LineString","coordinates":[[23.776067,43.746802],[23.776353,43.74744],[23.777182,43.750432],[23.775052,43.752018],[23.771232,43.753007]]}},{"type":"Feature","properties":{"osm_id":188481601,"voltage":"400000","circuits":"1","cables":"3","name":"","operator":"","ref":""},"geometry":{"type":"LineString","coordinates":[[23.755063,43.754591],[23.752577,43.753307],[23.75024,43.753451]]}},{"type":"Feature","properties":{"osm_id":188481602,"voltage":"400000","circuits":"1","cables":"3","name":"","operator":"","ref":""},"geometry":{"type":"LineString","coordinates":[[23.712055,43.764987],[23.710033,43.76646],[23.707513,43.769031]]}},{"type":"Feature","properties":{"osm_id":188481603,"voltage":"400000","circuits":"2","cables":"6","name":"","operator":"","ref":""},"geometry":{"type":"LineString","coordinates":[[23.761426,43.750401],[23.759656,43.747528],[23.758,43.74484],[23.756884,43.743127],[23.753107,43.737042],[23.75139,43.734058],[23.749523,43.731096],[23.747679,43.728112]]}},{"type":"Feature","properties":{"osm_id":188481604,"voltage":"400000","circuits":"1","cables":"3","name":"Петрохан","operator":"","ref":""},"geometry":{"type":"LineString","coordinates":[[23.776592,43.746633],[23.777135,43.747172],[23.778122,43.749377],[23.778778,43.750572],[23.777257,43.752063],[23.775755,43.753187],[23.772151,43.754381],[23.768407,43.755481],[23.764846,43.756351],[23.762369,43.755053],[23.759608,43.753574],[23.758374,43.751676],[23.756427,43.748412],[23.755059,43.746289],[23.753375,43.743514],[23.751111,43.739864],[23.749631,43.737484],[23.748129,43.735058],[23.746509,43.732344],[23.744728,43.729515],[23.743126,43.726875]]}},{"type":"Feature","properties":{"osm_id":188481605,"voltage":"400000","circuits":"1","cables":"3","name":"","operator":"","ref":""},"geometry":{"type":"LineString","coordinates":[[23.761426,43.750401],[23.762449,43.751768],[23.765184,43.753283],[23.768687,43.752401],[23.772019,43.751328],[23.772993,43.751017],[23.774973,43.750056],[23.77517,43.747867],[23.774793,43.74717]]}},{"type":"Feature","properties":{"osm_id":188481606,"voltage":"400000","circuits":"1","cables":"3","name":"Вършец","operator":"","ref":""},"geometry":{"type":"LineString","coordinates":[[23.76341,43.753937],[23.760784,43.752692],[23.75989,43.750926]]}},{"type":"Feature","properties":{"osm_id":188481607,"voltage":"400000","circuits":"1","cables":"3","name":"Вършец","operator":"","ref":""},"geometry":{"type":"LineString","coordinates":[[23.771232,43.753007],[23.774843,43.751888],[23.776881,43.750345],[23.776079,43.747552],[23.775822,43.74687]]}},{"type":"Feature","properties":{"osm_id":188481608,"voltage":"400000","circuits":"1","cables":"3","name":"","operator":"","ref":""},"geometry":{"type":"LineString","coordinates":[[23.768687,43.752401],[23.765145,43.753506],[23.762194,43.751904],[23.761426,43.750401]]}},{"type":"Feature","properties":{"osm_id":188481609,"voltage":"400000","circuits":"2","cables":"6","name":"Вършец","operator":"","ref":""},"geometry":{"type":"LineString","coordinates":[[23.75989,43.750926],[23.758084,43.748041],[23.756744,43.745832],[23.755553,43.74398],[23.754095,43.741615],[23.752592,43.739143],[23.751025,43.736662],[23.749395,43.734073],[23.747754,43.731298],[23.746041,43.728625]]}},{"type":"Feature","properties":{"osm_id":188481610,"voltage":"400000","circuits":"1","cables":"3","name":"","operator":"","ref":""},"geometry":{"type":"LineString","coordinates":[[23.777837,43.746262],[23.777751,43.746995],[23.778875,43.749357],[23.780102,43.75183],[23.779898,43.752989],[23.77928,43.754704],[23.776728,43.755546]]}},{"type":"Feature","properties":{"osm_id":188481611,"voltage":"400000","circuits":"1","cables":"3","name":"","operator":"","ref":""},"geometry":{"type":"LineString","coordinates":[[23.743955,43.723689],[23.745919,43.725747],[23.747679,43.728112]]}},{"type":"Feature","properties":{"osm_id":188481612,"voltage":"400000","circuits":"1","cables":"3","name":"","operator":"","ref":""},"geometry":{"type":"LineString","coordinates":[[23.775309,43.747019],[23.775413,43.747775],[23.775214,43.750138],[23.772993,43.751017],[23.772154,43.751515],[23.768687,43.752401]]}},{"type":"Feature","properties":{"osm_id":188481613,"voltage":"400000","circuits":"1","cables":"3","name":"","operator":"","ref":""},"geometry":{"type":"LineString","coordinates":[[23.768393,43.757915],[23.764461,43.75916],[23.761159,43.757455]]}},{"type":"Feature","properties":{"osm_id":188481615,"voltage":"400000","circuits":"1","cables":"3","name":"","operator":"","ref":""},"geometry":{"type":"LineString","coordinates":[[23.724742,43.756827],[23.721133,43.757303],[23.71827,43.759983]]}},{"type":"Feature","properties":{"osm_id":188481616,"voltage":"400000","circuits":"2","cables":"6","name":"","operator":"","ref":""},"geometry":{"type":"LineString","coordinates":[[23.776728,43.755546],[23.772796,43.756687],[23.771015,43.757204],[23.768393,43.757915]]}},{"type":"Feature","properties":{"osm_id":188481618,"voltage":"400000","circuits":"1","cables":"3","name":"Вършец","operator":"","ref":""},"geometry":{"type":"LineString","coordinates":[[23.742293,43.724253],[23.744782,43.726305],[23.746041,43.728625]]}},{"type":"Feature","properties":{"osm_id":188795682,"voltage":"110000","circuits":"","cables":"","name":"","operator":"","ref":""},"geometry":{"type":"LineString","coordinates":[[25.213958,42.107531],[25.213264,42.106273],[25.213218,42.104203],[25.213143,42.101665],[25.212959,42.099835],[25.213078,42.09959]]}},{"type":"Feature","properties":{"osm_id":189492550,"voltage":"110000","circuits":"2","cables":"6","name":"","operator":"","ref":"Луна/Почивка"},"geometry":{"type":"LineString","coordinates":[[27.761834,43.198337],[27.760416,43.199347],[27.759173,43.200197],[27.75971,43.201496],[27.759966,43.203963],[27.760129,43.206006],[27.759227,43.20798],[27.758042,43.21066],[27.757425,43.213104],[27.75658,43.216589],[27.755855,43.219717],[27.75504,43.223103],[27.754273,43.22631],[27.753592,43.229187],[27.752987,43.231637],[27.753025,43.233129],[27.753042,43.236626],[27.75311,43.238313],[27.753164,43.240346],[27.753191,43.242951],[27.75323,43.245446],[27.754666,43.247646],[27.756124,43.249903],[27.757706,43.252409],[27.759345,43.25503],[27.760718,43.257259],[27.761674,43.258705],[27.764642,43.258443],[27.767298,43.25825],[27.771949,43.257885],[27.774649,43.257659],[27.777728,43.257413],[27.78059,43.25718],[27.783103,43.256974],[27.78505,43.256813],[27.788527,43.256536],[27.790909,43.256348],[27.792131,43.257916],[27.793455,43.25968],[27.794614,43.261162],[27.795491,43.262327],[27.797156,43.264479],[27.798183,43.265826],[27.799126,43.267036],[27.800727,43.269131],[27.802483,43.270113],[27.804257,43.271108],[27.806729,43.272493],[27.810003,43.274274],[27.811654,43.273458],[27.81313,43.272744],[27.814636,43.272042],[27.815905,43.271441],[27.818029,43.270406],[27.818869,43.269027],[27.819777,43.267551],[27.82056,43.266222],[27.821428,43.264813],[27.822209,43.26347],[27.82584,43.262275],[27.827545,43.261698],[27.829696,43.260952],[27.831504,43.260362],[27.833853,43.25953],[27.835715,43.258905],[27.838633,43.257904],[27.840462,43.257275],[27.842951,43.256424],[27.845301,43.255599],[27.847501,43.25487],[27.849727,43.25411],[27.851599,43.253447],[27.854423,43.252482],[27.857172,43.251522],[27.857207,43.251509],[27.857902,43.251326],[27.861595,43.250085],[27.864036,43.249233],[27.86778,43.247952],[27.87026,43.247073],[27.870158,43.245877],[27.869962,43.243767],[27.869848,43.242192]]}},{"type":"Feature","properties":{"osm_id":189492552,"voltage":"110000","circuits":"2","cables":"6","name":"Цар Крум-Калоян","operator":"","ref":"Цар Крум-Калоян"},"geometry":{"type":"LineString","coordinates":[[27.761949,43.198404],[27.759759,43.200134],[27.76021,43.202466],[27.760515,43.203968],[27.764962,43.204005],[27.768816,43.204009],[27.772902,43.203991],[27.77679,43.20398],[27.780307,43.203947],[27.784952,43.204999],[27.790333,43.206189],[27.794691,43.207124],[27.79749,43.209042],[27.79989,43.209348],[27.802208,43.209644],[27.80617,43.210189],[27.810216,43.210737],[27.813869,43.211215],[27.817268,43.211605],[27.820034,43.211914],[27.825085,43.212485],[27.828472,43.212897],[27.832906,43.213416],[27.837018,43.213887],[27.840975,43.214346],[27.845349,43.214841],[27.848517,43.215212],[27.852145,43.215618],[27.85619,43.216115],[27.858488,43.21558],[27.859513,43.215029],[27.8611,43.214225],[27.863509,43.212946],[27.866963,43.213645],[27.871124,43.214497],[27.874514,43.215181],[27.873638,43.218788],[27.874557,43.221368],[27.874515,43.222054],[27.874397,43.223572],[27.874657,43.225258],[27.876672,43.227248],[27.879501,43.22638],[27.882478,43.225418],[27.885697,43.22435],[27.888488,43.223451],[27.889674,43.223855]]}},{"type":"Feature","properties":{"osm_id":190337060,"voltage":"400000","circuits":"2","cables":"6","name":"Вършец","operator":"","ref":""},"geometry":{"type":"LineString","coordinates":[[23.203207,42.86008],[23.205983,42.861372],[23.208875,42.862706],[23.213321,42.864813],[23.215464,42.865783],[23.215991,42.866021],[23.219716,42.86782],[23.221967,42.868928],[23.222368,42.870377],[23.222593,42.871289],[23.223175,42.873645],[23.22369,42.875671],[23.224362,42.87856],[23.224943,42.880992],[23.225402,42.883136],[23.226036,42.885594],[23.226972,42.889512],[23.22729,42.890847],[23.227649,42.892349],[23.228029,42.893952],[23.228507,42.895719],[23.229156,42.898216],[23.22998,42.901703],[23.231198,42.906853],[23.23159,42.909156],[23.232104,42.912171],[23.232652,42.915309],[23.23332,42.919133],[23.233759,42.92165]]}},{"type":"Feature","properties":{"osm_id":190337061,"voltage":"400000","circuits":"2","cables":"6","name":"Вършец","operator":"","ref":""},"geometry":{"type":"LineString","coordinates":[[23.194588,42.853448],[23.197136,42.856089]]}},{"type":"Feature","properties":{"osm_id":190337062,"voltage":"400000","circuits":"","cables":"3","name":"Вършец","operator":"","ref":""},"geometry":{"type":"LineString","coordinates":[[23.190695,42.849419],[23.190584,42.849235],[23.189809,42.847986],[23.1896,42.847572]]}},{"type":"Feature","properties":{"osm_id":190337064,"voltage":"400000","circuits":"1","cables":"3","name":"Вършец","operator":"","ref":""},"geometry":{"type":"LineString","coordinates":[[23.197136,42.856089],[23.199032,42.858077],[23.203207,42.86008]]}},{"type":"Feature","properties":{"osm_id":190337066,"voltage":"400000","circuits":"1","cables":"3","name":"Люлин","operator":"","ref":""},"geometry":{"type":"LineString","coordinates":[[23.184062,42.845772],[23.185998,42.847367],[23.187095,42.848526]]}},{"type":"Feature","properties":{"osm_id":190339723,"voltage":"400000","circuits":"2","cables":"6","name":"","operator":"","ref":""},"geometry":{"type":"LineString","coordinates":[[24.170007,43.267078],[24.170763,43.268135]]}},{"type":"Feature","properties":{"osm_id":190339724,"voltage":"400000","circuits":"1","cables":"3","name":"","operator":"","ref":""},"geometry":{"type":"LineString","coordinates":[[24.170763,43.268135],[24.172517,43.270878],[24.173116,43.273276]]}},{"type":"Feature","properties":{"osm_id":190339725,"voltage":"400000","circuits":"1","cables":"3","name":"","operator":"","ref":""},"geometry":{"type":"LineString","coordinates":[[24.170007,43.267078],[24.168701,43.264593],[24.167913,43.263947]]}},{"type":"Feature","properties":{"osm_id":190339726,"voltage":"400000","circuits":"1","cables":"3","name":"","operator":"","ref":""},"geometry":{"type":"LineString","coordinates":[[24.173116,43.273276],[24.172231,43.270948],[24.170763,43.268135]]}},{"type":"Feature","properties":{"osm_id":190339728,"voltage":"220000","circuits":"1","cables":"3","name":"Ростов","operator":"","ref":""},"geometry":{"type":"LineString","coordinates":[[24.165692,43.264664],[24.166152,43.265067],[24.167869,43.267082],[24.171027,43.267878],[24.176029,43.269115],[24.180863,43.270277],[24.185878,43.2715],[24.190281,43.272578],[24.196441,43.274027],[24.201761,43.275363],[24.203686,43.276095],[24.208519,43.277951],[24.211255,43.279022],[24.21545,43.2806],[24.218953,43.281943],[24.222526,43.28331],[24.226984,43.28497],[24.230589,43.286419],[24.234419,43.287875],[24.237976,43.289234],[24.241586,43.290691],[24.245523,43.292209],[24.250437,43.294142],[24.254412,43.295739],[24.25858,43.297336],[24.262239,43.298761],[24.266343,43.300424],[24.27072,43.30213],[24.274818,43.303727],[24.276063,43.304195],[24.280371,43.305858],[24.284292,43.307346],[24.288138,43.308813],[24.292108,43.31034],[24.296115,43.31187],[24.300096,43.3134],[24.304065,43.314903],[24.308056,43.316436],[24.311903,43.317881],[24.315937,43.31941],[24.319853,43.320921],[24.323876,43.322408],[24.327846,43.323902],[24.331783,43.325428],[24.335839,43.326982],[24.339765,43.328468],[24.343773,43.330014],[24.347447,43.331399],[24.351744,43.333026],[24.35558,43.334481],[24.360113,43.336218],[24.364844,43.337954],[24.369447,43.339756],[24.373953,43.341497],[24.378298,43.34317],[24.382842,43.344867],[24.387557,43.346619],[24.391757,43.348257],[24.39599,43.349857],[24.400378,43.35153],[24.404079,43.352934],[24.40725,43.35414],[24.411434,43.356398],[24.41638,43.359082],[24.420248,43.361199],[24.424212,43.36336],[24.428423,43.36563],[24.432886,43.368055],[24.436835,43.370185],[24.440225,43.372064],[24.443401,43.373807],[24.444452,43.373655],[24.450755,43.37291],[24.454703,43.372485],[24.459472,43.371881],[24.466194,43.372329],[24.471398,43.372719],[24.476939,43.373078],[24.482228,43.373447],[24.48778,43.373862],[24.490237,43.37401],[24.495167,43.37438],[24.498504,43.374638],[24.503777,43.374981],[24.507049,43.37523],[24.511105,43.375499],[24.515037,43.375757],[24.520348,43.376139],[24.525267,43.37647],[24.529027,43.376774],[24.532418,43.377917],[24.53606,43.379125],[24.539729,43.38033],[24.543753,43.38166],[24.548797,43.383357],[24.553114,43.384806],[24.558602,43.38665],[24.563108,43.388139],[24.566074,43.389161],[24.568901,43.390104],[24.575663,43.392388],[24.581273,43.394323],[24.586035,43.395971],[24.588133,43.396685],[24.587655,43.398107],[24.587142,43.39963],[24.586336,43.401958],[24.585995,43.402975],[24.584702,43.406927],[24.583142,43.410838],[24.582161,43.413761],[24.581077,43.417022],[24.579977,43.420198],[24.578907,43.423412],[24.577813,43.426673],[24.576737,43.429843],[24.575952,43.432262],[24.57702,43.433136],[24.577901,43.43366]]}},{"type":"Feature","properties":{"osm_id":190339730,"voltage":"220000","circuits":"1","cables":"3","name":"Вит","operator":"","ref":""},"geometry":{"type":"LineString","coordinates":[[24.166009,43.264506],[24.166399,43.264938],[24.168132,43.266789],[24.172225,43.267813],[24.175058,43.26848],[24.178213,43.269269],[24.182873,43.270395],[24.187948,43.271609],[24.191193,43.272417],[24.197159,43.27382],[24.201896,43.27507],[24.203315,43.275532],[24.208155,43.277421],[24.214265,43.279776],[24.217505,43.280983],[24.221212,43.28242],[24.224221,43.283588],[24.227896,43.284966],[24.231249,43.286274],[24.234757,43.28761],[24.238378,43.28898],[24.241913,43.290386],[24.245518,43.291721],[24.250094,43.293475],[24.253677,43.29481],[24.256628,43.29595],[24.259508,43.297063],[24.262743,43.2983],[24.26653,43.299796],[24.270328,43.301205],[24.273848,43.302549],[24.276706,43.30364],[24.279769,43.3048],[24.284109,43.306443],[24.287982,43.30791],[24.291994,43.309456],[24.296071,43.311049],[24.300187,43.312584],[24.30428,43.31411],[24.308308,43.315652],[24.312348,43.317198],[24.316446,43.318727],[24.320529,43.320285],[24.324622,43.321795],[24.32776,43.322989],[24.331247,43.324371],[24.335367,43.325897],[24.339406,43.327446],[24.343639,43.329038],[24.347276,43.330415],[24.351315,43.331941],[24.354931,43.333326],[24.358847,43.334825],[24.363246,43.336491],[24.36795,43.338282],[24.37266,43.340115],[24.376817,43.341692],[24.381147,43.343315],[24.38554,43.344973],[24.390314,43.346818],[24.395212,43.348671],[24.399729,43.350348],[24.402846,43.351569],[24.408902,43.354405],[24.412872,43.356519],[24.417061,43.358828],[24.420999,43.360958],[24.424754,43.363028],[24.428745,43.365181],[24.432591,43.367295],[24.436459,43.369327],[24.439581,43.371039],[24.443272,43.373094],[24.44678,43.372676],[24.455272,43.371674],[24.45945,43.37114],[24.461296,43.37128],[24.466527,43.371674],[24.471553,43.372025],[24.476478,43.372337],[24.481686,43.372715],[24.486697,43.37307],[24.491739,43.373409],[24.496106,43.373729],[24.50309,43.3742],[24.505665,43.374396],[24.509791,43.374681],[24.514629,43.375024],[24.520176,43.375414],[24.524811,43.375737],[24.52878,43.376021],[24.532697,43.377367],[24.536263,43.378614],[24.540529,43.380061],[24.544692,43.381481],[24.549734,43.383153],[24.553124,43.384397],[24.558457,43.386214],[24.562539,43.387625],[24.566214,43.388907],[24.569035,43.389882],[24.574378,43.391674],[24.576795,43.392532],[24.58165,43.394175],[24.586572,43.395873],[24.588506,43.396532]]}},{"type":"Feature","properties":{"osm_id":190339732,"voltage":"400000","circuits":"2","cables":"6","name":"","operator":"","ref":""},"geometry":{"type":"LineString","coordinates":[[24.173116,43.273276],[24.173808,43.275641],[24.174712,43.278367],[24.175798,43.281832],[24.1753,43.28444],[24.173047,43.286886],[24.170784,43.28942],[24.168683,43.291762],[24.165652,43.295048],[24.163456,43.297526],[24.161441,43.29972],[24.158648,43.302754],[24.155709,43.305965],[24.153875,43.307982],[24.151742,43.310313],[24.150241,43.311865],[24.148129,43.3142],[24.14569,43.316895],[24.143294,43.319525],[24.141011,43.321968],[24.137262,43.323671],[24.133429,43.325449],[24.129605,43.327179],[24.126332,43.328667],[24.12306,43.330141],[24.118931,43.331996],[24.114812,43.333898],[24.110293,43.335947],[24.106026,43.337894],[24.101667,43.339865],[24.097239,43.342013],[24.092767,43.344053],[24.087855,43.344499],[24.083064,43.34502],[24.07829,43.345585],[24.073481,43.346119],[24.068526,43.346646],[24.063416,43.34728],[24.058668,43.347795],[24.053913,43.34836],[24.049356,43.348827],[24.044969,43.349319],[24.041403,43.349877],[24.039512,43.352568],[24.037399,43.355693],[24.035402,43.358792],[24.033262,43.36204],[24.028714,43.368963],[24.026883,43.371769],[24.025112,43.374518],[24.02385,43.377022],[24.0223,43.37998],[24.020652,43.383251],[24.019057,43.386389],[24.017298,43.389887],[24.015573,43.393289],[24.013995,43.396461],[24.012448,43.399428],[24.011049,43.402228],[24.00965,43.405004],[24.007901,43.408488],[24.006266,43.411709],[24.004309,43.415495],[24.002721,43.418588],[24.001147,43.421754],[23.999156,43.425629],[23.997945,43.428066],[23.9966,43.430714],[23.995026,43.433821],[23.993432,43.436981],[23.99179,43.440244],[23.989832,43.444108],[23.9881,43.447504],[23.986329,43.451005],[23.98464,43.454235],[23.982929,43.457343],[23.981464,43.46046],[23.979861,43.463662],[23.978359,43.466703],[23.976893,43.469605],[23.975612,43.472173],[23.974324,43.474768],[23.972721,43.477965],[23.971047,43.481266],[23.96932,43.484746],[23.967989,43.487622]]}},{"type":"Feature","properties":{"osm_id":191257633,"voltage":"400000","circuits":"1","cables":"3","name":"","operator":"","ref":""},"geometry":{"type":"LineString","coordinates":[[23.768393,43.757915],[23.76451,43.758932],[23.761159,43.757455]]}},{"type":"Feature","properties":{"osm_id":191257637,"voltage":"400000","circuits":"2","cables":"6","name":"","operator":"","ref":""},"geometry":{"type":"LineString","coordinates":[[23.761159,43.757455],[23.757886,43.755906],[23.755063,43.754591]]}},{"type":"Feature","properties":{"osm_id":191257645,"voltage":"400000","circuits":"1","cables":"3","name":"","operator":"","ref":""},"geometry":{"type":"LineString","coordinates":[[23.776728,43.755546],[23.779617,43.754865],[23.779898,43.752989],[23.780356,43.751788],[23.778875,43.749357],[23.777477,43.747068],[23.777074,43.746495]]}},{"type":"Feature","properties":{"osm_id":194174458,"voltage":"220000","circuits":"2","cables":"6","name":"","operator":"","ref":""},"geometry":{"type":"LineString","coordinates":[[25.887447,42.797692],[25.886409,42.79911],[25.885449,42.80035],[25.884422,42.801726],[25.883644,42.802793],[25.882534,42.804233],[25.88123,42.805977],[25.88034,42.807177],[25.878934,42.80907],[25.878035,42.810296],[25.876864,42.811852],[25.875512,42.813655],[25.874578,42.81489],[25.872561,42.817621],[25.871215,42.819392],[25.868012,42.823724],[25.865641,42.827686],[25.864762,42.829185],[25.863482,42.831358],[25.862101,42.833674],[25.859022,42.838898],[25.856876,42.842465],[25.854909,42.845739],[25.853861,42.847508],[25.852059,42.849836],[25.850208,42.852207],[25.847522,42.855674],[25.84653,42.856952],[25.845401,42.858397],[25.841359,42.863538],[25.839549,42.865829],[25.837872,42.867989],[25.835397,42.871168],[25.833385,42.873786],[25.829478,42.878684],[25.827425,42.881409],[25.823229,42.886768],[25.821296,42.889254],[25.815499,42.897345],[25.81329,42.90036],[25.808811,42.90664],[25.805433,42.911258],[25.803556,42.913898],[25.801013,42.917402],[25.79987,42.919646],[25.798481,42.920907],[25.797295,42.922572],[25.794484,42.92652],[25.793031,42.928405],[25.791012,42.931055],[25.789093,42.934116],[25.786929,42.93752],[25.786307,42.938572],[25.785483,42.939838],[25.782951,42.943188],[25.781127,42.94534],[25.777515,42.94965],[25.776111,42.951367],[25.774518,42.95333],[25.773627,42.954394],[25.770643,42.95804],[25.768794,42.960181],[25.767984,42.961206],[25.766587,42.964792],[25.765055,42.968821],[25.764715,42.969766],[25.763129,42.974014],[25.762071,42.976152],[25.760345,42.979756],[25.758439,42.983785],[25.756905,42.986999],[25.755596,42.989742],[25.754196,42.992653],[25.752645,42.995961],[25.751149,42.999088],[25.749743,43.002164],[25.747807,43.006154],[25.746296,43.009282],[25.74439,43.013367],[25.742995,43.01625],[25.741162,43.020092],[25.73932,43.023988],[25.73774,43.027331],[25.736182,43.030604],[25.734575,43.033905],[25.732969,43.037307],[25.731176,43.041181],[25.729999,43.043573],[25.728362,43.047042],[25.726255,43.051445],[25.724434,43.055248],[25.723152,43.057921],[25.72148,43.061352],[25.720219,43.06404],[25.718868,43.066834],[25.717676,43.069319],[25.716948,43.070832],[25.715438,43.072583],[25.712322,43.075956],[25.710224,43.078226],[25.707066,43.081646],[25.704981,43.083914],[25.702205,43.086963],[25.700775,43.08852],[25.698952,43.090561],[25.696367,43.093386],[25.693771,43.096222],[25.691155,43.09908],[25.688771,43.101697],[25.685908,43.104836],[25.683759,43.107141],[25.68105,43.11008],[25.678026,43.11341],[25.674639,43.117078],[25.671895,43.120018],[25.66939,43.122744],[25.668771,43.1247],[25.667989,43.127165],[25.667276,43.129502],[25.665935,43.133595],[25.665214,43.13618],[25.66406,43.140124],[25.663511,43.141893]]}},{"type":"Feature","properties":{"osm_id":194214569,"voltage":"110000","circuits":"1","cables":"3","name":"","operator":"","ref":""},"geometry":{"type":"LineString","coordinates":[[25.908416,42.690707],[25.90851,42.690437],[25.908962,42.691559],[25.912011,42.693878],[25.915497,42.696552]]}},{"type":"Feature","properties":{"osm_id":196556567,"voltage":"110000","circuits":"","cables":"3","name":"","operator":"","ref":""},"geometry":{"type":"LineString","coordinates":[[23.189079,42.847344],[23.189125,42.847419],[23.18928,42.847688]]}},{"type":"Feature","properties":{"osm_id":196558057,"voltage":"400000","circuits":"1","cables":"3","name":"Люлин","operator":"","ref":""},"geometry":{"type":"LineString","coordinates":[[22.999683,42.615056],[22.998943,42.611338],[22.999048,42.610508],[22.994605,42.608846],[22.993984,42.606946],[22.998263,42.604469],[23.001404,42.602418],[23.001057,42.601103],[22.999356,42.598767],[22.997564,42.596685],[22.996004,42.593194],[22.9962,42.589652]]}},{"type":"Feature","properties":{"osm_id":196558061,"voltage":"400000","circuits":"2","cables":"6","name":"","operator":"","ref":""},"geometry":{"type":"LineString","coordinates":[[23.010825,42.525414],[23.013986,42.524293],[23.018136,42.522925],[23.021875,42.521657],[23.026034,42.520301],[23.031099,42.518554],[23.035292,42.517148],[23.039716,42.515603],[23.044362,42.514038],[23.048674,42.512607],[23.052448,42.511251],[23.055254,42.510349]]}},{"type":"Feature","properties":{"osm_id":196558063,"voltage":"400000","circuits":"1","cables":"3","name":"","operator":"","ref":""},"geometry":{"type":"LineString","coordinates":[[23.006032,42.52779],[23.007643,42.527086],[23.011411,42.525832],[23.014946,42.52463],[23.019137,42.523213],[23.022437,42.522115],[23.026296,42.520816],[23.030303,42.519454],[23.033828,42.518252],[23.037299,42.517073],[23.041126,42.515773],[23.046297,42.514074],[23.050395,42.512625],[23.053219,42.51165],[23.056363,42.510592],[23.059399,42.509467],[23.064009,42.506812],[23.065378,42.506018],[23.06948,42.503521],[23.071975,42.50202],[23.073745,42.500984],[23.079164,42.497673],[23.08125,42.496416],[23.08485,42.494252],[23.087913,42.492405],[23.091491,42.490253],[23.096073,42.490058],[23.102456,42.48977],[23.108883,42.489465],[23.113271,42.489236],[23.116967,42.489003],[23.119354,42.486918],[23.122749,42.483805],[23.125592,42.481245],[23.126923,42.480003],[23.128935,42.478175],[23.131751,42.476581],[23.135136,42.474567],[23.138912,42.472367],[23.142824,42.470059],[23.144669,42.469003],[23.146524,42.467876],[23.152828,42.469169],[23.159125,42.47044],[23.166067,42.471825],[23.168637,42.471116],[23.174763,42.469288],[23.181447,42.467309],[23.186967,42.465691],[23.189976,42.464773],[23.198492,42.462259],[23.201552,42.461355],[23.206595,42.459866],[23.210897,42.458592],[23.212984,42.457939],[23.215028,42.457301],[23.218585,42.457333],[23.225805,42.457385],[23.227195,42.457373],[23.230826,42.4574],[23.23567,42.457476],[23.239163,42.457531],[23.241034,42.45756],[23.248405,42.457673],[23.253346,42.457571],[23.25657,42.457519],[23.260856,42.45744],[23.262476,42.457377],[23.264783,42.457282],[23.268211,42.457278],[23.27335,42.457159],[23.276558,42.457135],[23.280705,42.45708],[23.284454,42.457024],[23.288397,42.456945],[23.292469,42.456894],[23.296347,42.456807],[23.29963,42.456771],[23.303922,42.456704],[23.307972,42.456625],[23.311663,42.456585],[23.315048,42.456514],[23.320525,42.456391],[23.323137,42.455421],[23.325793,42.45442],[23.330363,42.452734],[23.333622,42.451523],[23.339949,42.449172],[23.343178,42.447948],[23.348863,42.445793],[23.350582,42.445142],[23.35297,42.442822],[23.355994,42.439867],[23.358193,42.437819],[23.361563,42.434532],[23.363102,42.433083],[23.3679,42.42841],[23.370198,42.42616],[23.374199,42.422303],[23.375345,42.421199],[23.379153,42.419143],[23.38161,42.417788],[23.385724,42.415542],[23.389907,42.413271],[23.392963,42.411638],[23.395267,42.410392],[23.400685,42.407406],[23.403453,42.405893],[23.408865,42.402957],[23.412095,42.401266],[23.414879,42.399781],[23.419766,42.398976],[23.423897,42.398335],[23.429406,42.397439],[23.434704,42.396586],[23.438468,42.395585],[23.440642,42.395002],[23.44427,42.394004],[23.44708,42.393251],[23.450342,42.392375],[23.453359,42.391565],[23.45702,42.390592],[23.459684,42.389863],[23.466052,42.38816],[23.468003,42.387646],[23.469661,42.387967],[23.47628,42.389254],[23.479778,42.389935],[23.485585,42.391065],[23.487562,42.391449],[23.490245,42.392106],[23.493645,42.392991],[23.49607,42.393505],[23.498876,42.394215],[23.501316,42.394872],[23.508601,42.396701],[23.510232,42.397111],[23.515262,42.398399],[23.517062,42.398864],[23.520805,42.397594],[23.52794,42.395237],[23.53287,42.393565],[23.537907,42.391873],[23.541582,42.390633],[23.544071,42.389773],[23.548121,42.388418],[23.552096,42.387083],[23.556039,42.385764],[23.558295,42.384995],[23.560529,42.384234],[23.563527,42.383267],[23.566467,42.382269],[23.569348,42.38129],[23.572149,42.380204],[23.575415,42.378976],[23.580104,42.377145],[23.583059,42.376028],[23.586004,42.374859],[23.590205,42.373277],[23.594373,42.371692],[23.596427,42.370891],[23.599973,42.369584],[23.601937,42.368827],[23.603782,42.368133],[23.609845,42.36579],[23.614522,42.363974],[23.619291,42.362245],[23.621351,42.362406],[23.628369,42.362777],[23.631002,42.362931],[23.636408,42.36329],[23.639071,42.363431],[23.645099,42.363789],[23.647765,42.363944],[23.649605,42.364058],[23.651782,42.364212],[23.655637,42.362698],[23.657085,42.362142],[23.659208,42.361326],[23.660944,42.360682],[23.662706,42.360038],[23.665364,42.359025],[23.667271,42.358289],[23.670989,42.356871],[23.673125,42.356092],[23.676133,42.355012],[23.678913,42.353927],[23.68109,42.353075],[23.683214,42.352289],[23.687422,42.351949],[23.690708,42.351644],[23.693693,42.351333],[23.698271,42.350907],[23.700378,42.350719],[23.704811,42.350323],[23.708588,42.349986],[23.710472,42.34981],[23.713719,42.350791],[23.716326,42.3516],[23.719826,42.352633],[23.722641,42.35347],[23.728692,42.35527],[23.730193,42.355717],[23.736547,42.357708],[23.739869,42.358698],[23.741825,42.35894],[23.746455,42.359559],[23.753591,42.360439],[23.760023,42.361436],[23.761919,42.361693],[23.767819,42.36244],[23.771683,42.362946],[23.779835,42.364019],[23.785019,42.362131],[23.790829,42.360018],[23.793688,42.358979],[23.80142,42.356141],[23.804128,42.355148],[23.808086,42.35369],[23.81128,42.352563],[23.814608,42.351402],[23.81926,42.34971],[23.820187,42.347301],[23.821451,42.344122],[23.822562,42.341503],[23.823579,42.339039],[23.824983,42.335651],[23.826422,42.332143],[23.827704,42.329028],[23.828891,42.326147],[23.830016,42.323429],[23.831105,42.320692],[23.832395,42.31758],[23.833679,42.314521],[23.834931,42.311442],[23.836458,42.307766],[23.837579,42.305021],[23.839159,42.301162],[23.839975,42.299255],[23.842022,42.296988],[23.845227,42.293401],[23.847079,42.291331],[23.849705,42.288461],[23.851592,42.28638],[23.854185,42.283505],[23.855885,42.281639],[23.858843,42.278322],[23.861479,42.275429],[23.864034,42.27263],[23.866132,42.270296],[23.868443,42.267773],[23.870505,42.265524],[23.873226,42.262543],[23.875901,42.259614],[23.878442,42.256851],[23.880578,42.254488],[23.882913,42.251958],[23.886018,42.248541],[23.889549,42.244652],[23.892976,42.2409],[23.894793,42.238887],[23.897945,42.237863],[23.8999,42.2372],[23.903171,42.237816],[23.908319,42.23866],[23.910749,42.23911],[23.91747,42.240214],[23.920967,42.24082],[23.92349,42.241269],[23.929117,42.24217],[23.931581,42.242674],[23.933802,42.243098],[23.934313,42.243772]]}},{"type":"Feature","properties":{"osm_id":196558066,"voltage":"400000","circuits":"2","cables":"6","name":"Люлин","operator":"","ref":""},"geometry":{"type":"LineString","coordinates":[[23.008293,42.53188],[23.010644,42.534544]]}},{"type":"Feature","properties":{"osm_id":196558069,"voltage":"400000","circuits":"2","cables":"6","name":"Люлин","operator":"","ref":""},"geometry":{"type":"LineString","coordinates":[[23.005198,42.552457],[23.008097,42.549137]]}},{"type":"Feature","properties":{"osm_id":196558071,"voltage":"400000","circuits":"1","cables":"3","name":"Люлин","operator":"","ref":""},"geometry":{"type":"LineString","coordinates":[[23.008293,42.53188],[23.005767,42.529156],[23.005111,42.528729]]}},{"type":"Feature","properties":{"osm_id":196558075,"voltage":"400000","circuits":"2","cables":"6","name":"Люлин","operator":"","ref":""},"geometry":{"type":"LineString","coordinates":[[22.9962,42.589652],[22.996224,42.587569],[22.996347,42.582891]]}},{"type":"Feature","properties":{"osm_id":196558078,"voltage":"400000","circuits":"1","cables":"3","name":"","operator":"","ref":""},"geometry":{"type":"LineString","coordinates":[[23.005739,42.527507],[23.007245,42.526485],[23.010825,42.525414]]}},{"type":"Feature","properties":{"osm_id":196558080,"voltage":"400000","circuits":"1","cables":"3","name":"","operator":"","ref":""},"geometry":{"type":"LineString","coordinates":[[23.005883,42.527644],[23.00739,42.526673],[23.010825,42.525414]]}},{"type":"Feature","properties":{"osm_id":196558083,"voltage":"400000","circuits":"1","cables":"3","name":"Люлин","operator":"","ref":""},"geometry":{"type":"LineString","coordinates":[[23.008097,42.549137],[23.009102,42.547734],[23.012317,42.544078],[23.013237,42.537697],[23.010644,42.534544]]}},{"type":"Feature","properties":{"osm_id":196558088,"voltage":"400000","circuits":"1","cables":"3","name":"Люлин","operator":"","ref":""},"geometry":{"type":"LineString","coordinates":[[23.010644,42.534544],[23.01347,42.53765],[23.012567,42.544124],[23.009383,42.547866],[23.008097,42.549137]]}},{"type":"Feature","properties":{"osm_id":196558092,"voltage":"400000","circuits":"1","cables":"3","name":"Люлин","operator":"","ref":""},"geometry":{"type":"LineString","coordinates":[[22.996347,42.582891],[22.996229,42.579948],[22.996685,42.575718],[22.998514,42.55992],[23.002673,42.555132],[23.005198,42.552457]]}},{"type":"Feature","properties":{"osm_id":196558095,"voltage":"400000","circuits":"1","cables":"3","name":"Люлин","operator":"","ref":""},"geometry":{"type":"LineString","coordinates":[[22.996347,42.582891],[22.996543,42.579961],[22.997035,42.575735],[22.998837,42.560006],[23.002968,42.555258],[23.005198,42.552457]]}},{"type":"Feature","properties":{"osm_id":196558098,"voltage":"400000","circuits":"2","cables":"6","name":"Люлин","operator":"","ref":""},"geometry":{"type":"LineString","coordinates":[[22.999683,42.615056],[23.000125,42.617703],[23.000853,42.621492],[23.001415,42.624806],[23.001761,42.627549],[23.002251,42.630344],[23.002634,42.632515],[23.005263,42.642426],[23.006257,42.644664],[23.007924,42.648044],[23.009965,42.652527],[23.011548,42.656429],[23.012901,42.659325],[23.014132,42.662159],[23.015761,42.665724],[23.017374,42.669176],[23.017122,42.671368],[23.016885,42.674309],[23.016587,42.678334],[23.016396,42.680992],[23.016105,42.684764],[23.015991,42.688288],[23.015715,42.691992],[23.015272,42.695633],[23.015211,42.697926],[23.014553,42.700292],[23.013177,42.706124],[23.012519,42.70885],[23.012007,42.711473],[23.015633,42.714342],[23.017783,42.716018],[23.021045,42.718537],[23.023729,42.720651],[23.026163,42.722582],[23.029668,42.725095],[23.032884,42.727699],[23.043816,42.742352],[23.0474,42.747166],[23.048908,42.749316],[23.050402,42.751443],[23.052652,42.753999],[23.054197,42.756078],[23.05521,42.75979],[23.055939,42.762601],[23.057227,42.767062],[23.05763,42.768965],[23.057278,42.770767],[23.056686,42.774043],[23.056283,42.776065],[23.055673,42.779291],[23.05721,42.780803],[23.062033,42.784879],[23.064102,42.786598],[23.066771,42.788885],[23.069707,42.791429],[23.073234,42.794503],[23.075921,42.796814],[23.078367,42.798836],[23.080813,42.800952],[23.083714,42.803458],[23.087139,42.806456],[23.090636,42.808281],[23.094515,42.810165],[23.098703,42.812152],[23.101813,42.813552],[23.105391,42.814329],[23.109789,42.815126]]}},{"type":"Feature","properties":{"osm_id":196561161,"voltage":"220000","circuits":"1","cables":"3","name":"","operator":"","ref":""},"geometry":{"type":"LineString","coordinates":[[25.872905,42.124751],[25.876423,42.125356],[25.881392,42.126211],[25.885238,42.126011],[25.893905,42.125546],[25.89749,42.125354],[25.901237,42.125153],[25.905502,42.124925],[25.910429,42.126286],[25.914062,42.127291],[25.920112,42.128963],[25.923194,42.128724],[25.928287,42.12833],[25.934019,42.127886],[25.93639,42.12662],[25.94042,42.124467],[25.942807,42.123193],[25.947896,42.124032],[25.951938,42.124699],[25.955919,42.125355],[25.960762,42.126154],[25.964618,42.12679],[25.969747,42.127636],[25.974865,42.12848],[25.979308,42.129248],[25.983409,42.129887],[25.984067,42.130197],[25.986618,42.131374],[25.989989,42.132981],[25.993575,42.134655],[25.997076,42.136343],[26.000951,42.138174],[26.00159,42.141067],[26.001699,42.141717]]}},{"type":"Feature","properties":{"osm_id":196561162,"voltage":"400000","circuits":"1","cables":"3","name":"","operator":"","ref":""},"geometry":{"type":"LineString","coordinates":[[25.875399,42.126628],[25.874758,42.128617],[25.874117,42.130543],[25.875994,42.131946],[25.878253,42.133616],[25.880876,42.135556],[25.883072,42.13718],[25.885763,42.139169],[25.888426,42.141145],[25.89108,42.143101],[25.895862,42.14458],[25.899687,42.145763],[25.903773,42.147027],[25.907443,42.148109],[25.909091,42.148663],[25.909653,42.15078],[25.910126,42.152563],[25.910721,42.154797],[25.910387,42.155085]]}},{"type":"Feature","properties":{"osm_id":196561163,"voltage":"400000","circuits":"1","cables":"3","name":"","operator":"","ref":""},"geometry":{"type":"LineString","coordinates":[[25.864639,42.121849],[25.8657,42.121889],[25.868324,42.122272],[25.871095,42.123833],[25.875154,42.124557],[25.880976,42.125595],[25.885069,42.125392],[25.888987,42.125181],[25.896415,42.12478],[25.901207,42.124522],[25.905668,42.12426],[25.91037,42.125575],[25.914417,42.126706],[25.920243,42.128335],[25.922983,42.128117],[25.928083,42.127711],[25.933729,42.127261],[25.935772,42.126173],[25.940271,42.123778],[25.942557,42.122562],[25.946707,42.123244],[25.951306,42.124001],[25.95648,42.124851],[25.960724,42.125549],[25.964208,42.126122],[25.969106,42.126901],[25.972529,42.127445],[25.976245,42.128166],[25.98016,42.128854],[25.983264,42.129383],[25.985628,42.130435],[25.988241,42.131672],[25.990872,42.132889],[25.994614,42.134588],[25.998146,42.136215],[26.001455,42.13773],[26.003833,42.139901],[26.004152,42.14078]]}},{"type":"Feature","properties":{"osm_id":196561164,"voltage":"400000","circuits":"1","cables":"3","name":"","operator":"","ref":""},"geometry":{"type":"LineString","coordinates":[[25.907752,42.156373],[25.90762,42.15612],[25.905705,42.156428],[25.90311,42.156667],[25.900122,42.154435],[25.895483,42.153149],[25.891765,42.152118],[25.887645,42.150975],[25.886549,42.146883],[25.885658,42.143619],[25.884588,42.139638],[25.880752,42.136792],[25.8777,42.134538],[25.873911,42.131732],[25.873146,42.131173],[25.873443,42.130294],[25.874292,42.127724]]}},{"type":"Feature","properties":{"osm_id":196562912,"voltage":"400000","circuits":"1","cables":"3","name":"","operator":"","ref":""},"geometry":{"type":"LineString","coordinates":[[23.935492,42.244669],[23.937327,42.243736],[23.937888,42.240685],[23.938023,42.239823],[23.940051,42.237509],[23.941819,42.235894],[23.944009,42.233744],[23.947496,42.230547],[23.950203,42.229914],[23.953643,42.229123],[23.957494,42.228036],[23.961472,42.226733],[23.965329,42.225546],[23.969924,42.224162],[23.973781,42.222942],[23.974682,42.222378],[23.978033,42.220484],[23.97913,42.219681],[23.981279,42.218368],[23.983023,42.217328],[23.988072,42.214243],[23.989858,42.213152],[23.993536,42.210916],[23.997235,42.208664],[24.002931,42.205189],[24.005903,42.203376],[24.007881,42.202118],[24.013465,42.201728],[24.016391,42.201416],[24.019486,42.201153],[24.026365,42.200538],[24.030199,42.200195],[24.035334,42.199719],[24.041101,42.19911],[24.04466,42.199239],[24.049219,42.199418],[24.051819,42.199494],[24.053403,42.199542],[24.05882,42.199805],[24.062065,42.200075],[24.066018,42.200146],[24.069319,42.200206],[24.073109,42.199049],[24.075349,42.198366],[24.076497,42.198015],[24.082378,42.196127],[24.086508,42.194852],[24.090926,42.193439],[24.094509,42.192334],[24.097811,42.191277],[24.101587,42.190111],[24.105044,42.18906],[24.108044,42.187079],[24.111768,42.184653],[24.115624,42.182277],[24.119259,42.179934],[24.122665,42.17775],[24.1261,42.175532],[24.129528,42.173293],[24.132719,42.1714],[24.136488,42.168906],[24.13863,42.167485],[24.141288,42.16576],[24.145274,42.16576],[24.150146,42.165808],[24.153472,42.165867],[24.156765,42.165873],[24.161887,42.165897],[24.165076,42.165921],[24.168439,42.165928],[24.173021,42.16627],[24.177855,42.166631],[24.182444,42.166974],[24.187349,42.16734],[24.192123,42.167697],[24.196269,42.168868],[24.200298,42.170005],[24.204961,42.171322],[24.209206,42.17252],[24.213695,42.173787],[24.217934,42.174984],[24.222002,42.176133],[24.224838,42.176933],[24.228331,42.177919],[24.232428,42.179116],[24.234366,42.179756],[24.238601,42.178204]]}},{"type":"Feature","properties":{"osm_id":196574335,"voltage":"400000","circuits":"2","cables":"6","name":"Вършец","operator":"","ref":""},"geometry":{"type":"LineString","coordinates":[[23.233692,42.97355],[23.233496,42.976083],[23.233432,42.977243],[23.233223,42.980121],[23.232979,42.983479],[23.232639,42.988176],[23.232544,42.989486],[23.232304,42.992195],[23.232115,42.994335],[23.234635,42.99667],[23.236419,42.998324],[23.238056,42.999841],[23.239996,43.001707],[23.241272,43.002953],[23.240404,43.004546],[23.23784,43.007762],[23.236896,43.009781],[23.234755,43.013028],[23.233658,43.01498],[23.232042,43.017654],[23.231094,43.0192],[23.230459,43.020237],[23.229697,43.021379],[23.230202,43.02299],[23.230787,43.025257],[23.23185,43.029153],[23.232393,43.030957],[23.233111,43.033347]]}},{"type":"Feature","properties":{"osm_id":196574337,"voltage":"400000","circuits":"2","cables":"6","name":"Вършец","operator":"","ref":""},"geometry":{"type":"LineString","coordinates":[[23.240707,42.950223],[23.241096,42.952994],[23.241336,42.954706],[23.241547,42.956216]]}},{"type":"Feature","properties":{"osm_id":196574338,"voltage":"400000","circuits":"2","cables":"6","name":"Вършец","operator":"","ref":""},"geometry":{"type":"LineString","coordinates":[[23.23367,42.924187],[23.232642,42.927611]]}},{"type":"Feature","properties":{"osm_id":196574340,"voltage":"400000","circuits":"2","cables":"6","name":"Вършец","operator":"","ref":""},"geometry":{"type":"LineString","coordinates":[[23.241401,42.959125],[23.240775,42.960201],[23.23899,42.96327],[23.237507,42.96582],[23.236355,42.967799],[23.234381,42.971193]]}},{"type":"Feature","properties":{"osm_id":196574341,"voltage":"400000","circuits":"","cables":"3","name":"Вършец","operator":"","ref":""},"geometry":{"type":"LineString","coordinates":[[23.241401,42.959125],[23.241692,42.958297],[23.241547,42.956216]]}},{"type":"Feature","properties":{"osm_id":196574342,"voltage":"400000","circuits":"","cables":"3","name":"Вършец","operator":"","ref":""},"geometry":{"type":"LineString","coordinates":[[23.233111,43.033347],[23.23365,43.035265],[23.234207,43.035553]]}},{"type":"Feature","properties":{"osm_id":196574343,"voltage":"400000","circuits":"2","cables":"6","name":"Вършец","operator":"","ref":""},"geometry":{"type":"LineString","coordinates":[[23.232166,42.932475],[23.233672,42.935328],[23.235026,42.937917],[23.237294,42.942045],[23.238628,42.944542],[23.239704,42.946557]]}},{"type":"Feature","properties":{"osm_id":196574344,"voltage":"400000","circuits":"","cables":"3","name":"Вършец","operator":"","ref":""},"geometry":{"type":"LineString","coordinates":[[23.257331,43.047877],[23.259868,43.049172],[23.26265,43.049897]]}},{"type":"Feature","properties":{"osm_id":196574345,"voltage":"400000","circuits":"1","cables":"3","name":"Вършец","operator":"","ref":""},"geometry":{"type":"LineString","coordinates":[[23.239704,42.946557],[23.240235,42.947759],[23.240707,42.950223]]}},{"type":"Feature","properties":{"osm_id":196574348,"voltage":"400000","circuits":"1","cables":"3","name":"Вършец","operator":"","ref":""},"geometry":{"type":"LineString","coordinates":[[23.239704,42.946557],[23.240514,42.94772],[23.240707,42.950223]]}},{"type":"Feature","properties":{"osm_id":196574351,"voltage":"400000","circuits":"1","cables":"3","name":"Вършец","operator":"","ref":""},"geometry":{"type":"LineString","coordinates":[[23.233759,42.92165],[23.233853,42.923022],[23.23367,42.924187]]}},{"type":"Feature","properties":{"osm_id":196574353,"voltage":"400000","circuits":"1","cables":"3","name":"Вършец","operator":"","ref":""},"geometry":{"type":"LineString","coordinates":[[23.232642,42.927611],[23.23135,42.93126],[23.232166,42.932475]]}},{"type":"Feature","properties":{"osm_id":196574355,"voltage":"400000","circuits":"2","cables":"6","name":"Вършец","operator":"","ref":""},"geometry":{"type":"LineString","coordinates":[[23.234207,43.035553],[23.237406,43.037254],[23.239611,43.038414],[23.241036,43.039178],[23.243784,43.040628],[23.246177,43.041933],[23.248996,43.043426],[23.250776,43.044388],[23.252619,43.045374],[23.255168,43.046716],[23.257331,43.047877]]}},{"type":"Feature","properties":{"osm_id":196574358,"voltage":"400000","circuits":"1","cables":"3","name":"Вършец","operator":"","ref":""},"geometry":{"type":"LineString","coordinates":[[23.233759,42.92165],[23.234145,42.923028],[23.23367,42.924187]]}},{"type":"Feature","properties":{"osm_id":196574360,"voltage":"400000","circuits":"","cables":"3","name":"Вършец","operator":"","ref":""},"geometry":{"type":"LineString","coordinates":[[23.234381,42.971193],[23.233817,42.972222],[23.233692,42.97355]]}},{"type":"Feature","properties":{"osm_id":196574362,"voltage":"400000","circuits":"","cables":"3","name":"Вършец","operator":"","ref":""},"geometry":{"type":"LineString","coordinates":[[23.241547,42.956216],[23.241984,42.958335],[23.241401,42.959125]]}},{"type":"Feature","properties":{"osm_id":196574364,"voltage":"400000","circuits":"1","cables":"3","name":"Вършец","operator":"","ref":""},"geometry":{"type":"LineString","coordinates":[[23.232642,42.927611],[23.23167,42.931244],[23.232166,42.932475]]}},{"type":"Feature","properties":{"osm_id":196574366,"voltage":"400000","circuits":"2","cables":"6","name":"Вършец","operator":"","ref":""},"geometry":{"type":"LineString","coordinates":[[23.26265,43.049897],[23.264758,43.05046],[23.267526,43.051126],[23.270166,43.051788],[23.272673,43.052396],[23.274823,43.052919],[23.277528,43.053603],[23.279325,43.054089],[23.282631,43.05504],[23.285117,43.055763],[23.287837,43.056612],[23.29037,43.05738],[23.292342,43.057979],[23.295586,43.058964],[23.296823,43.059339],[23.299476,43.060145],[23.302899,43.061184],[23.304382,43.061588],[23.306464,43.062156],[23.308439,43.062662],[23.30971,43.062988],[23.313322,43.063913],[23.315546,43.064483],[23.317641,43.065019],[23.322567,43.066281],[23.323663,43.066562],[23.326087,43.067183],[23.328358,43.067765],[23.330362,43.068278],[23.332651,43.068837],[23.335629,43.070248],[23.337577,43.071186],[23.339533,43.072129],[23.342742,43.073676],[23.345186,43.074978],[23.346623,43.075383],[23.346835,43.075459],[23.350382,43.076729],[23.353635,43.077893],[23.355295,43.078487],[23.358701,43.079707],[23.360168,43.080334],[23.362818,43.08139],[23.366654,43.083138],[23.36637,43.084569],[23.365114,43.090909],[23.364045,43.092366],[23.362062,43.094993],[23.360969,43.096441],[23.359547,43.098325],[23.358371,43.099884],[23.358622,43.102358],[23.358813,43.104237],[23.35896,43.105685],[23.359684,43.112798],[23.359996,43.115867],[23.360197,43.117838],[23.360472,43.120862],[23.360721,43.123578],[23.360878,43.125015],[23.36099,43.126482],[23.36124,43.129595],[23.361537,43.132668],[23.363855,43.135059],[23.367554,43.138875],[23.369751,43.141142],[23.371815,43.143272],[23.373145,43.144643],[23.372742,43.14672],[23.372409,43.14844],[23.371742,43.15188],[23.371422,43.153532],[23.370962,43.155908],[23.370504,43.158269],[23.368558,43.159692],[23.365149,43.162187],[23.360903,43.165293],[23.357975,43.167421],[23.354884,43.169668],[23.352165,43.171645],[23.351047,43.173293],[23.349028,43.176272],[23.347341,43.17876],[23.345933,43.180836],[23.344842,43.182445],[23.341822,43.186898],[23.34023,43.189245],[23.337968,43.192582],[23.336129,43.195293],[23.334982,43.196984],[23.333475,43.199206],[23.331937,43.201473],[23.331363,43.204694],[23.330747,43.208153],[23.330223,43.211095],[23.329725,43.213885],[23.329395,43.215739],[23.329002,43.217945],[23.328271,43.222046],[23.327751,43.224964],[23.32713,43.228454],[23.326529,43.231825],[23.326153,43.234727],[23.325818,43.237237],[23.325648,43.238513],[23.325453,43.239967],[23.325063,43.24289],[23.324715,43.245489],[23.324205,43.249054],[23.323927,43.251554],[23.323525,43.254561],[23.323335,43.256322],[23.322783,43.260463],[23.322393,43.26325],[23.321934,43.266739],[23.32169,43.269703],[23.320714,43.272017],[23.319481,43.275377],[23.318345,43.27847],[23.317131,43.281462],[23.316856,43.286481],[23.316704,43.289252],[23.316525,43.29251],[23.316404,43.294714],[23.316097,43.296947],[23.31668,43.298885],[23.317321,43.301623],[23.318129,43.305079],[23.318727,43.307632],[23.319379,43.310421],[23.320034,43.313223],[23.320902,43.316932],[23.321523,43.319583],[23.322529,43.323882],[23.323257,43.326996],[23.324103,43.330609],[23.325061,43.334729],[23.325597,43.337624],[23.326016,43.339888],[23.32653,43.342661],[23.328734,43.345372],[23.329992,43.346918],[23.331781,43.349118],[23.334209,43.352103],[23.336637,43.355088],[23.338794,43.357739],[23.341143,43.360628],[23.34402,43.364139],[23.345931,43.366471],[23.347424,43.368294],[23.350472,43.372014],[23.352817,43.374876],[23.354846,43.377353],[23.356934,43.3799],[23.359695,43.38327],[23.361975,43.386051],[23.361791,43.389042],[23.361569,43.392656],[23.361349,43.396243],[23.361135,43.399722],[23.360923,43.403171],[23.360696,43.406858],[23.360467,43.410596],[23.36023,43.414442],[23.361027,43.416979],[23.361967,43.419973],[23.363095,43.423569],[23.36426,43.427278],[23.365214,43.429707]]}},{"type":"Feature","properties":{"osm_id":196578884,"voltage":"400000","circuits":"2","cables":"6","name":"","operator":"","ref":""},"geometry":{"type":"LineString","coordinates":[[23.737799,43.711863],[23.740949,43.709246],[23.74381,43.706891],[23.746436,43.704686],[23.749458,43.702174],[23.752672,43.699544],[23.756057,43.696753],[23.75932,43.694052]]}},{"type":"Feature","properties":{"osm_id":196578885,"voltage":"400000","circuits":"2","cables":"6","name":"Вършец","operator":"","ref":""},"geometry":{"type":"LineString","coordinates":[[23.718214,43.658602],[23.713207,43.656273],[23.70947,43.654534],[23.705669,43.652765],[23.701877,43.651],[23.698278,43.649325],[23.69376,43.647222],[23.689973,43.64546],[23.686155,43.643682],[23.681977,43.641738]]}},{"type":"Feature","properties":{"osm_id":196578887,"voltage":"400000","circuits":"2","cables":"6","name":"Вършец","operator":"","ref":""},"geometry":{"type":"LineString","coordinates":[[23.771232,43.753007],[23.768111,43.75394],[23.764989,43.754912],[23.76341,43.753937]]}},{"type":"Feature","properties":{"osm_id":196578888,"voltage":"400000","circuits":"2","cables":"6","name":"","operator":"","ref":""},"geometry":{"type":"LineString","coordinates":[[23.738541,43.719083],[23.741364,43.721485],[23.743955,43.723689]]}},{"type":"Feature","properties":{"osm_id":196578889,"voltage":"400000","circuits":"2","cables":"6","name":"Вършец","operator":"","ref":""},"geometry":{"type":"LineString","coordinates":[[23.742293,43.724253],[23.739392,43.721791],[23.736878,43.719659]]}},{"type":"Feature","properties":{"osm_id":196578890,"voltage":"400000","circuits":"1","cables":"3","name":"Вършец","operator":"","ref":""},"geometry":{"type":"LineString","coordinates":[[23.681977,43.641738],[23.679291,43.640352],[23.675533,43.638704]]}},{"type":"Feature","properties":{"osm_id":196578891,"voltage":"400000","circuits":"1","cables":"3","name":"Вършец","operator":"","ref":""},"geometry":{"type":"LineString","coordinates":[[23.721968,43.662932],[23.721235,43.66015],[23.718214,43.658602]]}},{"type":"Feature","properties":{"osm_id":196578892,"voltage":"400000","circuits":"1","cables":"3","name":"","operator":"","ref":""},"geometry":{"type":"LineString","coordinates":[[23.788339,43.669994],[23.78919,43.669118],[23.793337,43.669299]]}},{"type":"Feature","properties":{"osm_id":196578893,"voltage":"400000","circuits":"1","cables":"3","name":"Вършец","operator":"","ref":""},"geometry":{"type":"LineString","coordinates":[[23.718214,43.658602],[23.721478,43.660036],[23.721968,43.662932]]}},{"type":"Feature","properties":{"osm_id":196578894,"voltage":"400000","circuits":"1","cables":"3","name":"Вършец","operator":"","ref":""},"geometry":{"type":"LineString","coordinates":[[23.736878,43.719659],[23.733602,43.71697],[23.733379,43.715373]]}},{"type":"Feature","properties":{"osm_id":196578895,"voltage":"400000","circuits":"1","cables":"3","name":"Вършец","operator":"","ref":""},"geometry":{"type":"LineString","coordinates":[[23.675533,43.638704],[23.679136,43.640494],[23.681977,43.641738]]}},{"type":"Feature","properties":{"osm_id":196578896,"voltage":"400000","circuits":"1","cables":"3","name":"","operator":"","ref":""},"geometry":{"type":"LineString","coordinates":[[23.747679,43.728112],[23.746176,43.725677],[23.743955,43.723689]]}},{"type":"Feature","properties":{"osm_id":196578897,"voltage":"400000","circuits":"2","cables":"6","name":"Вършец","operator":"","ref":""},"geometry":{"type":"LineString","coordinates":[[23.733379,43.715373],[23.732702,43.712303],[23.73205,43.709344],[23.73123,43.70562],[23.730457,43.70211],[23.729746,43.698884],[23.72897,43.69536],[23.728187,43.691733],[23.727348,43.687852],[23.726694,43.684821],[23.726047,43.681823],[23.725261,43.678184],[23.724587,43.675062],[23.724004,43.672362],[23.72334,43.669287],[23.722656,43.66612],[23.721968,43.662932]]}},{"type":"Feature","properties":{"osm_id":196578898,"voltage":"400000","circuits":"1","cables":"3","name":"Вършец","operator":"","ref":""},"geometry":{"type":"LineString","coordinates":[[23.733379,43.715373],[23.733892,43.716893],[23.736878,43.719659]]}},{"type":"Feature","properties":{"osm_id":196578899,"voltage":"400000","circuits":"2","cables":"6","name":"Вършец","operator":"","ref":""},"geometry":{"type":"LineString","coordinates":[[23.530206,43.570524],[23.533944,43.572289],[23.538101,43.574251],[23.542476,43.576316],[23.546073,43.578014],[23.549499,43.579631],[23.553611,43.581572],[23.557186,43.583259],[23.560894,43.585009],[23.563391,43.586188],[23.56749,43.588122],[23.571175,43.589809],[23.575047,43.591674],[23.580561,43.594256],[23.584163,43.595942],[23.588138,43.597803],[23.592319,43.599761],[23.596341,43.601643],[23.599669,43.603201],[23.604918,43.605659],[23.611234,43.608615],[23.615474,43.610599],[23.61895,43.612227],[23.623394,43.614307],[23.627259,43.616116],[23.630839,43.617791],[23.634455,43.619483],[23.638703,43.621471],[23.642607,43.623298],[23.646274,43.625014],[23.650727,43.627098],[23.654631,43.628925],[23.658821,43.630885],[23.663139,43.632906],[23.667446,43.634921],[23.671411,43.636776],[23.675533,43.638704]]}},{"type":"Feature","properties":{"osm_id":196578900,"voltage":"400000","circuits":"1","cables":"3","name":"","operator":"","ref":""},"geometry":{"type":"LineString","coordinates":[[23.793337,43.669299],[23.789306,43.669308],[23.788339,43.669994]]}},{"type":"Feature","properties":{"osm_id":196578902,"voltage":"400000","circuits":"1","cables":"3","name":"Вършец","operator":"","ref":""},"geometry":{"type":"LineString","coordinates":[[23.746041,43.728625],[23.744524,43.726375],[23.742293,43.724253]]}},{"type":"Feature","properties":{"osm_id":196578903,"voltage":"400000","circuits":"1","cables":"3","name":"","operator":"","ref":""},"geometry":{"type":"LineString","coordinates":[[23.738541,43.719083],[23.735586,43.716697],[23.735155,43.715241],[23.734681,43.714289],[23.737799,43.711863]]}},{"type":"Feature","properties":{"osm_id":196578904,"voltage":"400000","circuits":"1","cables":"3","name":"","operator":"","ref":""},"geometry":{"type":"LineString","coordinates":[[23.737799,43.711863],[23.73498,43.714327],[23.735155,43.715241],[23.735843,43.71661],[23.738541,43.719083]]}},{"type":"Feature","properties":{"osm_id":196578905,"voltage":"400000","circuits":"1","cables":"3","name":"Петрохан","operator":"","ref":""},"geometry":{"type":"LineString","coordinates":[[23.743126,43.726875],[23.741696,43.725729],[23.740005,43.724272],[23.737513,43.722126],[23.734812,43.719799],[23.732108,43.717471],[23.731815,43.716136],[23.731011,43.712467],[23.730314,43.709288],[23.729552,43.705812],[23.728809,43.702424],[23.72741,43.696043],[23.726743,43.692954],[23.726011,43.689564],[23.725391,43.686695],[23.724636,43.683194],[23.723933,43.679937],[23.723154,43.67633],[23.722426,43.672956],[23.721817,43.670135],[23.721084,43.666741],[23.720375,43.663456],[23.719804,43.660809],[23.711764,43.657069],[23.707982,43.65531],[23.704044,43.653478],[23.700172,43.651677],[23.69659,43.65001],[23.692431,43.648075],[23.688582,43.646284],[23.68501,43.644622],[23.681287,43.64289],[23.678279,43.641491],[23.674947,43.639932],[23.671071,43.638119],[23.666979,43.636206],[23.663282,43.634476],[23.659561,43.632736],[23.655584,43.630875],[23.651903,43.629154],[23.648219,43.62743],[23.644362,43.625626],[23.640586,43.62386],[23.637322,43.622333],[23.632077,43.619879],[23.628016,43.617979],[23.624165,43.616177],[23.620336,43.614385],[23.616412,43.612549],[23.612904,43.610908],[23.608788,43.608982],[23.605723,43.607548],[23.602399,43.605992],[23.597138,43.60353],[23.593565,43.601858],[23.58956,43.599984],[23.585374,43.598024],[23.581721,43.596315],[23.577037,43.594123],[23.574118,43.592756],[23.570672,43.591126],[23.566,43.588915],[23.562292,43.58716],[23.558863,43.585537],[23.55087,43.581755],[23.546627,43.579746],[23.543563,43.578296],[23.540343,43.576772],[23.536153,43.574789],[23.532267,43.57295],[23.529151,43.571463],[23.52467,43.569374],[23.520877,43.567575],[23.517215,43.565885],[23.513476,43.56412],[23.509109,43.562074],[23.505884,43.560552],[23.502181,43.558783],[23.498645,43.557106],[23.494553,43.555228],[23.491029,43.553559],[23.487188,43.551812],[23.4819,43.549288],[23.478806,43.54784],[23.475354,43.546183],[23.471795,43.544553],[23.467709,43.542658],[23.464783,43.5413],[23.461319,43.539861],[23.457221,43.538195],[23.453248,43.536556],[23.449611,43.535094],[23.444597,43.533034],[23.441827,43.531915],[23.439482,43.530032],[23.437185,43.528176],[23.434481,43.526055],[23.431364,43.52353],[23.426037,43.519277],[23.424499,43.518026],[23.422489,43.51639],[23.419405,43.513892],[23.416322,43.511394],[23.41251,43.509467],[23.408422,43.507399],[23.405176,43.505701],[23.401056,43.503544],[23.394199,43.500141],[23.391613,43.498756],[23.389182,43.497179],[23.383786,43.49368],[23.381334,43.492144],[23.3778,43.489929],[23.372968,43.486901],[23.369361,43.48464],[23.367044,43.481306],[23.365362,43.478886],[23.364431,43.477546],[23.360498,43.471561]]}},{"type":"Feature","properties":{"osm_id":196581439,"voltage":"110000","circuits":"1","cables":"3","name":"","operator":"","ref":""},"geometry":{"type":"LineString","coordinates":[[23.781201,43.74465],[23.781743,43.745592],[23.783566,43.747708],[23.785018,43.749395],[23.787874,43.750373],[23.790268,43.751193],[23.792881,43.752089],[23.795978,43.750871],[23.799381,43.749496],[23.802941,43.74809],[23.806344,43.746714],[23.809705,43.745359],[23.813092,43.744015],[23.816571,43.742644],[23.819686,43.741388],[23.822062,43.740431],[23.825525,43.739045],[23.828652,43.737794],[23.831646,43.736575]]}},{"type":"Feature","properties":{"osm_id":198233162,"voltage":"400000","circuits":"1","cables":"3","name":"","operator":"","ref":""},"geometry":{"type":"LineString","coordinates":[[23.087366,42.490831],[23.086759,42.492274],[23.084324,42.493607]]}},{"type":"Feature","properties":{"osm_id":198233163,"voltage":"400000","circuits":"1","cables":"3","name":"","operator":"","ref":""},"geometry":{"type":"LineString","coordinates":[[23.071771,42.501277],[23.073505,42.500461],[23.078574,42.497135]]}},{"type":"Feature","properties":{"osm_id":198233164,"voltage":"400000","circuits":"1","cables":"3","name":"","operator":"","ref":""},"geometry":{"type":"LineString","coordinates":[[23.084324,42.493607],[23.086507,42.492128],[23.087366,42.490831]]}},{"type":"Feature","properties":{"osm_id":198233165,"voltage":"400000","circuits":"2","cables":"6","name":"","operator":"","ref":""},"geometry":{"type":"LineString","coordinates":[[23.078574,42.497135],[23.080918,42.495716],[23.084324,42.493607]]}},{"type":"Feature","properties":{"osm_id":198233166,"voltage":"400000","circuits":"1","cables":"3","name":"","operator":"","ref":""},"geometry":{"type":"LineString","coordinates":[[23.005258,42.241879],[23.004502,42.240437],[23.002126,42.235629],[22.998566,42.229205],[22.996123,42.22499],[22.997684,42.223747],[23.000634,42.221466],[23.003274,42.219277],[23.004164,42.215599],[23.004073,42.210104],[23.004014,42.204692],[23.003976,42.200551],[23.003907,42.196497],[23.0038,42.190337],[23.003821,42.188215],[23.003842,42.186116]]}},{"type":"Feature","properties":{"osm_id":198233167,"voltage":"400000","circuits":"1","cables":"3","name":"","operator":"","ref":""},"geometry":{"type":"LineString","coordinates":[[23.071771,42.501277],[23.073225,42.500225],[23.078574,42.497135]]}},{"type":"Feature","properties":{"osm_id":200521429,"voltage":"400000","circuits":"1","cables":"3","name":"Дружба","operator":"","ref":""},"geometry":{"type":"LineString","coordinates":[[27.916901,44.006724],[27.915636,44.004604],[27.913866,44.001734],[27.912351,43.999234],[27.911025,43.997044],[27.9095,43.99449],[27.908064,43.992121],[27.905655,43.988172],[27.904089,43.985571],[27.902555,43.983101],[27.900978,43.980352],[27.899454,43.977842],[27.898016,43.975527],[27.895956,43.971913],[27.894347,43.969427],[27.892824,43.966863],[27.891257,43.964392],[27.889803,43.96187],[27.888425,43.959473],[27.886966,43.95721],[27.885528,43.954893],[27.884112,43.952499],[27.882653,43.949904],[27.881301,43.947895],[27.880443,43.945562],[27.879246,43.942808],[27.878275,43.940294],[27.877186,43.937571],[27.876194,43.935087],[27.87525,43.93263],[27.874134,43.929956],[27.872975,43.927159],[27.871881,43.924532],[27.870813,43.921869],[27.869821,43.919262],[27.868748,43.916711],[27.867632,43.914005],[27.866581,43.911316],[27.865637,43.908967],[27.865208,43.90671],[27.864736,43.904174],[27.864156,43.901422],[27.863668,43.89879],[27.863105,43.896149],[27.862482,43.893397],[27.861989,43.890583],[27.861517,43.887892],[27.860895,43.885062],[27.860471,43.882877],[27.859934,43.880055],[27.859457,43.877267],[27.858878,43.874854],[27.858427,43.872379],[27.857826,43.869471],[27.857333,43.866764],[27.85671,43.863825],[27.856217,43.860916],[27.855702,43.858286],[27.855101,43.855469],[27.854586,43.852699],[27.854093,43.850316],[27.852655,43.847841],[27.851153,43.845303],[27.849822,43.842796],[27.848213,43.840041],[27.846631,43.83739],[27.845273,43.834826],[27.843814,43.832349],[27.842312,43.829748],[27.840789,43.826947],[27.839265,43.82447],[27.837806,43.821822],[27.836326,43.819221],[27.834866,43.816744],[27.833364,43.814127],[27.831991,43.811573],[27.830189,43.808491],[27.828772,43.805952],[27.827528,43.803722],[27.826283,43.801522],[27.824846,43.799045],[27.823537,43.796736],[27.822142,43.794367],[27.820576,43.791672],[27.819224,43.78924],[27.817893,43.78701],[27.816542,43.784593],[27.814954,43.781959],[27.813623,43.779433],[27.812143,43.776723],[27.810619,43.774275],[27.808817,43.771006],[27.807336,43.768371],[27.805899,43.765891],[27.804509,43.76333],[27.802916,43.760591],[27.801521,43.758221],[27.800556,43.755881],[27.799504,43.753556],[27.798303,43.750874],[27.797062,43.748188],[27.796183,43.74577],[27.794852,43.742918],[27.793608,43.740282],[27.792492,43.737585],[27.791312,43.73498],[27.790175,43.732251],[27.788973,43.729414],[27.787857,43.727026],[27.786527,43.724359],[27.785454,43.721599],[27.784338,43.71904],[27.783158,43.716636],[27.782278,43.714248],[27.781119,43.711828],[27.780025,43.709532],[27.778974,43.707082],[27.778019,43.70484],[27.777032,43.702599],[27.77633,43.700959],[27.775278,43.699237],[27.77397,43.697515],[27.772704,43.695591],[27.771438,43.693838],[27.770306,43.692297],[27.769077,43.690487],[27.767881,43.688651],[27.766545,43.686918],[27.765429,43.685056],[27.763911,43.682926],[27.762704,43.681191],[27.761574,43.679528],[27.760537,43.678104],[27.75837,43.674814],[27.757453,43.67363],[27.756546,43.672237],[27.755357,43.670608],[27.754119,43.668813],[27.752941,43.666991],[27.751418,43.664943],[27.750001,43.662832],[27.748521,43.660643],[27.747083,43.658702],[27.745624,43.656607],[27.744208,43.654635],[27.742749,43.652508],[27.741633,43.650692],[27.740238,43.648704],[27.738865,43.646639],[27.73732,43.644605],[27.735925,43.642493],[27.734466,43.640381],[27.733028,43.638456],[27.731875,43.636682],[27.730759,43.635082],[27.729338,43.633005],[27.728157,43.631421],[27.72672,43.629122],[27.72488,43.62654],[27.723415,43.624462],[27.722106,43.622521],[27.720626,43.620377],[27.719231,43.61842],[27.717922,43.616385],[27.716527,43.61435],[27.715304,43.612625],[27.713888,43.610652],[27.712499,43.608582],[27.711099,43.606457],[27.709704,43.604391],[27.708502,43.602635],[27.707137,43.600731],[27.705771,43.598766],[27.704328,43.596669],[27.702919,43.594679],[27.7015,43.592578],[27.700178,43.590638],[27.698718,43.588447],[27.697387,43.586519],[27.696078,43.584686],[27.694667,43.582636],[27.693181,43.580458],[27.691814,43.578417],[27.69037,43.576447],[27.68889,43.57438],[27.687538,43.572219],[27.686122,43.570213],[27.684684,43.568083],[27.683225,43.565969],[27.682045,43.564134],[27.680607,43.562066],[27.679212,43.560123],[27.677796,43.558163],[27.676444,43.555924],[27.674921,43.55384],[27.673655,43.551896],[27.672239,43.549813],[27.670801,43.547743],[27.669326,43.545702],[27.668033,43.543809],[27.666638,43.541663],[27.66475,43.538972],[27.663441,43.536981],[27.661982,43.534989],[27.660566,43.532874],[27.659311,43.530805],[27.658012,43.529156],[27.656897,43.527491],[27.6557,43.52576],[27.654279,43.52382],[27.653099,43.521968],[27.651897,43.520194],[27.650738,43.518466],[27.649644,43.516787],[27.648378,43.514997],[27.647117,43.513266],[27.645331,43.510609],[27.644215,43.508912],[27.643056,43.507092],[27.641855,43.505566],[27.640675,43.503652],[27.639451,43.502002],[27.638298,43.500286],[27.637157,43.498546],[27.635853,43.496679],[27.634004,43.493947],[27.632854,43.492278],[27.631748,43.490607],[27.630636,43.488964],[27.629506,43.487345],[27.628395,43.485149],[27.627196,43.4829],[27.626017,43.480758],[27.624657,43.478115],[27.623606,43.476111],[27.622435,43.473978],[27.621304,43.471758],[27.620191,43.4696],[27.619249,43.4678],[27.617831,43.465158],[27.616626,43.462921],[27.615782,43.461334],[27.615191,43.460113],[27.614186,43.458313],[27.613342,43.456564],[27.612339,43.454788],[27.611448,43.453121],[27.610509,43.451338],[27.609657,43.449757],[27.608884,43.448156],[27.608079,43.446626],[27.607044,43.444737],[27.606229,43.442976],[27.605537,43.441718],[27.604099,43.44099],[27.600955,43.439412],[27.599893,43.438898],[27.599191,43.436841],[27.598445,43.434629],[27.597694,43.432447],[27.597061,43.43055],[27.596412,43.428591],[27.595688,43.426514],[27.594722,43.423604],[27.594269,43.42227],[27.594084,43.421722],[27.593558,43.420124],[27.592925,43.418223],[27.59234,43.416664],[27.591442,43.415747],[27.589854,43.413886],[27.588384,43.412248],[27.58697,43.410519],[27.585309,43.408747],[27.583898,43.407146],[27.582188,43.405205],[27.580802,43.403662],[27.57922,43.401835],[27.577868,43.400292],[27.576464,43.398707],[27.574938,43.396866],[27.573382,43.395058],[27.571697,43.393299],[27.570191,43.391545],[27.568291,43.38925],[27.566929,43.387725],[27.565572,43.386189],[27.564311,43.384786],[27.563759,43.382696],[27.56327,43.380606],[27.562584,43.378366],[27.562004,43.376137],[27.561479,43.374085],[27.560931,43.372001],[27.560364,43.369892],[27.559767,43.367555],[27.559462,43.366099],[27.56083,43.363952],[27.562117,43.36183],[27.563469,43.359794],[27.565014,43.357368],[27.566524,43.354846],[27.567927,43.352758],[27.569531,43.350211],[27.570781,43.348276],[27.572095,43.346029],[27.573616,43.343684]]}},{"type":"Feature","properties":{"osm_id":204958622,"voltage":"400000","circuits":"","cables":"6","name":"","operator":"","ref":""},"geometry":{"type":"LineString","coordinates":[[23.31668,43.298885],[23.316429,43.296908],[23.316404,43.294714]]}},{"type":"Feature","properties":{"osm_id":204958624,"voltage":"400000","circuits":"","cables":"6","name":"","operator":"","ref":""},"geometry":{"type":"LineString","coordinates":[[23.320714,43.272017],[23.321394,43.269655],[23.321934,43.266739]]}},{"type":"Feature","properties":{"osm_id":204971169,"voltage":"400000","circuits":"1","cables":"3","name":"","operator":"","ref":""},"geometry":{"type":"LineString","coordinates":[[23.346962,42.832272],[23.34859,42.833953],[23.353028,42.833426],[23.360143,42.831766],[23.366071,42.830521]]}},{"type":"Feature","properties":{"osm_id":204991291,"voltage":"110000","circuits":"1","cables":"3","name":"","operator":"","ref":""},"geometry":{"type":"LineString","coordinates":[[27.438479,43.04659],[27.437966,43.046461],[27.437507,43.044323],[27.437099,43.042355],[27.436617,43.040241],[27.433922,43.039636],[27.430681,43.038926],[27.427249,43.038169],[27.423936,43.037453],[27.420458,43.036693],[27.416953,43.035936],[27.413593,43.035206],[27.40726,43.03382],[27.405733,43.032781],[27.39997,43.028912],[27.39739,43.027183],[27.392649,43.023997],[27.391791,43.023422],[27.374256,43.005585],[27.370295,43.001238],[27.368005,42.998698],[27.365787,42.996244],[27.363297,42.993532],[27.361259,42.991272],[27.357422,42.98708],[27.355591,42.985053],[27.352404,42.981525],[27.349305,42.978196],[27.348335,42.977444],[27.347321,42.976654],[27.340461,42.971477],[27.339612,42.966559],[27.339241,42.964591],[27.337819,42.963681],[27.336137,42.962642],[27.334857,42.961852],[27.333189,42.960796],[27.314848,42.949458],[27.31091,42.947047],[27.284658,42.930754],[27.281513,42.928838],[27.278285,42.926809],[27.275997,42.925399],[27.273368,42.923737],[27.271304,42.922482],[27.269805,42.921552],[27.268784,42.920951],[27.266315,42.91935],[27.264402,42.918271],[27.262797,42.917178],[27.260908,42.916003],[27.258995,42.914865],[27.256656,42.913419],[27.255728,42.912106],[27.2543,42.910192],[27.251729,42.906587],[27.250049,42.904276],[27.248996,42.902816],[27.247018,42.900074],[27.245848,42.898451],[27.244852,42.897105],[27.243509,42.895278],[27.242206,42.893456],[27.240851,42.891634],[27.23965,42.88997],[27.238301,42.88801],[27.236901,42.886108],[27.235558,42.884265],[27.234391,42.882722],[27.232353,42.879907],[27.231278,42.878364],[27.229832,42.876378],[27.228813,42.874981],[27.227356,42.873012],[27.224835,42.869525],[27.222956,42.866909],[27.221198,42.864456],[27.219502,42.862112],[27.217219,42.85902],[27.216104,42.857427],[27.213457,42.853797],[27.211169,42.850579],[27.20953,42.848305],[27.208033,42.847483],[27.204299,42.845376],[27.202842,42.84457],[27.199757,42.842843],[27.198494,42.842104],[27.197156,42.841395],[27.194754,42.840042],[27.191391,42.838148],[27.188983,42.836808],[27.187475,42.83594],[27.185278,42.834675],[27.183024,42.833427],[27.180593,42.832117],[27.178624,42.830969],[27.176638,42.829888],[27.174168,42.828489],[27.171618,42.826991],[27.169091,42.825605],[27.166666,42.824269],[27.164384,42.823004],[27.160029,42.820545],[27.158777,42.819848],[27.158544,42.819719],[27.15559,42.818017],[27.151274,42.815588],[27.14842,42.814022],[27.139324,42.808872],[27.13453,42.806229],[27.128557,42.802839],[27.124597,42.800593],[27.122588,42.799485],[27.120353,42.79823],[27.118087,42.796963],[27.116012,42.795759],[27.112891,42.793966],[27.109175,42.791924],[27.105728,42.79002],[27.102062,42.791846]]}},{"type":"Feature","properties":{"osm_id":205122960,"voltage":"400000","circuits":"1","cables":"3","name":"Отечество","operator":"","ref":""},"geometry":{"type":"LineString","coordinates":[[25.53208,43.090455],[25.529297,43.09129],[25.52648,43.092138],[25.523747,43.09244],[25.520948,43.09275],[25.51751,43.093103],[25.513761,43.093535],[25.510757,43.093873],[25.507303,43.094289],[25.504403,43.096081],[25.501283,43.098114],[25.498437,43.099942],[25.498695,43.102436],[25.498929,43.104931],[25.499199,43.107833],[25.499482,43.110746],[25.499799,43.114014],[25.500026,43.11622],[25.50042,43.120523],[25.500586,43.122308],[25.500811,43.124446],[25.50104,43.12682],[25.502048,43.129739],[25.503344,43.133288],[25.504178,43.135612],[25.505408,43.139055],[25.5066,43.14231],[25.507654,43.145297],[25.509099,43.149232],[25.509011,43.151739],[25.508953,43.154432],[25.508829,43.158009],[25.508782,43.160743],[25.508713,43.163475],[25.508596,43.166975],[25.508541,43.168502],[25.511741,43.170146],[25.515243,43.171929],[25.518118,43.1734],[25.521219,43.17498],[25.52608,43.174073],[25.530658,43.173196],[25.534713,43.172414],[25.538986,43.171605],[25.543367,43.170731],[25.547592,43.16992],[25.551941,43.169069],[25.556269,43.16825],[25.559876,43.167562],[25.563461,43.166887],[25.567919,43.1661],[25.571389,43.16535],[25.574549,43.164801],[25.578719,43.164081],[25.582907,43.16335],[25.587026,43.162633],[25.590705,43.161994],[25.592105,43.161709],[25.597148,43.160034],[25.600612,43.158783],[25.603532,43.15771],[25.60766,43.156588],[25.611437,43.157339],[25.615119,43.158001],[25.618506,43.15853],[25.622351,43.159181],[25.626395,43.159879],[25.630786,43.160312],[25.635124,43.160775],[25.639541,43.161227],[25.643431,43.161655],[25.648014,43.162159],[25.651516,43.163275],[25.65461,43.164261],[25.658062,43.165361],[25.661488,43.166559],[25.666274,43.168175],[25.671598,43.170378],[25.676263,43.17236],[25.680233,43.174071],[25.684425,43.175825],[25.688287,43.177441],[25.690778,43.178449],[25.694403,43.178379],[25.698013,43.178267],[25.70188,43.178117],[25.70608,43.177973],[25.710465,43.177791],[25.714123,43.17765],[25.717981,43.177486],[25.722112,43.177335],[25.72758,43.177114],[25.732223,43.177008],[25.737433,43.176777],[25.741407,43.176633],[25.745441,43.176461],[25.748908,43.176313],[25.752921,43.176141],[25.756813,43.176007],[25.760686,43.175897],[25.765593,43.175707],[25.770188,43.175523],[25.775099,43.175346],[25.778821,43.175198],[25.782991,43.175037],[25.788664,43.174828],[25.792366,43.174683],[25.796377,43.174524],[25.801159,43.174295],[25.80534,43.174145],[25.81024,43.173955],[25.814718,43.173811],[25.818013,43.173648],[25.821369,43.173683],[25.825296,43.173724],[25.829307,43.173766],[25.833664,43.173811],[25.837816,43.173855],[25.842009,43.173898],[25.847193,43.173957],[25.852633,43.174018],[25.856002,43.174056],[25.860271,43.174104],[25.864026,43.174147],[25.868022,43.174192],[25.871891,43.174242],[25.874884,43.174281],[25.878908,43.174334],[25.883511,43.174394],[25.888178,43.174455],[25.892715,43.174514],[25.897212,43.174573],[25.905988,43.174687],[25.91001,43.174738],[25.915643,43.174809],[25.919615,43.17486],[25.924425,43.17492],[25.928909,43.174977],[25.93155,43.175011],[25.936565,43.175094],[25.941231,43.175144],[25.946166,43.175196],[25.949369,43.17523],[25.952888,43.175268],[25.956413,43.175305],[25.959974,43.175343],[25.967743,43.174735],[25.970206,43.174544],[25.976461,43.17406],[25.979274,43.173842],[25.982694,43.173585],[25.986286,43.173308],[25.989615,43.173072],[25.996742,43.172499],[25.998813,43.172346],[26.001959,43.172096],[26.004578,43.171867],[26.007352,43.172306],[26.011037,43.172927],[26.013888,43.173413],[26.016366,43.173871],[26.021829,43.174767],[26.02398,43.175082],[26.027452,43.175694],[26.0314,43.176369],[26.034616,43.176878],[26.037088,43.177353],[26.045369,43.178704],[26.048017,43.179169],[26.051931,43.179842],[26.054977,43.180356],[26.058522,43.180916],[26.061676,43.181531],[26.065675,43.181765],[26.06888,43.182014],[26.072968,43.182274],[26.076022,43.182515],[26.07891,43.182743],[26.082863,43.183056],[26.085487,43.183263],[26.090894,43.18369],[26.094386,43.183966],[26.09784,43.184239],[26.102688,43.184622],[26.107085,43.184969],[26.112925,43.185431],[26.120177,43.186004],[26.126288,43.186487],[26.129774,43.186914],[26.132185,43.187093],[26.135365,43.187341],[26.138363,43.187567],[26.141126,43.18778],[26.143678,43.188036],[26.148109,43.18838],[26.15122,43.188589],[26.153799,43.18879],[26.157391,43.189057],[26.160679,43.189204],[26.163568,43.189432],[26.166838,43.189691],[26.169888,43.189928],[26.174899,43.190411],[26.17875,43.190695],[26.181753,43.190922],[26.187712,43.191373],[26.190678,43.191662],[26.195017,43.19195],[26.198466,43.192228],[26.204447,43.192666],[26.208218,43.193014],[26.211094,43.193191],[26.216136,43.193671],[26.217897,43.193789],[26.221404,43.193949],[26.224467,43.194199],[26.227895,43.1945],[26.23209,43.194844],[26.236295,43.195172],[26.240137,43.195454],[26.243532,43.195712],[26.248768,43.19615],[26.255028,43.1966],[26.259513,43.196893],[26.262965,43.1972],[26.266336,43.197441],[26.269088,43.197659],[26.274769,43.19802],[26.278298,43.198335],[26.281941,43.198591],[26.285488,43.198901],[26.288025,43.199091],[26.291399,43.199334],[26.294838,43.19962],[26.297831,43.199822],[26.300916,43.200088],[26.307685,43.200706],[26.310582,43.200929],[26.314278,43.201164],[26.318538,43.201466],[26.32292,43.201836],[26.328392,43.202256],[26.330516,43.202427],[26.333488,43.202611],[26.335919,43.202795],[26.344769,43.203461],[26.34735,43.203655],[26.350682,43.203894],[26.354078,43.20418],[26.358922,43.204528],[26.362918,43.204821],[26.367499,43.205172],[26.369773,43.205387],[26.372101,43.205535],[26.375299,43.205774],[26.37841,43.205981],[26.382723,43.20631],[26.385239,43.206525],[26.388393,43.206755],[26.391761,43.207039],[26.394771,43.207189],[26.398805,43.207494],[26.401252,43.207702],[26.403242,43.207788],[26.406445,43.208059],[26.409159,43.208253],[26.413094,43.208566],[26.419399,43.210048],[26.423681,43.211183],[26.427044,43.211924],[26.431636,43.212981],[26.434854,43.213742],[26.438631,43.21459],[26.442498,43.215465],[26.446586,43.216401],[26.449656,43.217125],[26.453513,43.217997],[26.458141,43.219043],[26.463012,43.220212],[26.466198,43.220903],[26.471837,43.222038],[26.474593,43.222596],[26.477383,43.222839],[26.480292,43.223032],[26.485037,43.223266],[26.489508,43.22355],[26.493516,43.223868],[26.497824,43.224176],[26.501418,43.224424],[26.506278,43.22477],[26.510952,43.225098],[26.514951,43.225385],[26.519421,43.225705],[26.524139,43.226006],[26.528871,43.226416],[26.532733,43.226611],[26.537465,43.226987],[26.541489,43.227265],[26.545935,43.227561],[26.550345,43.227823],[26.553708,43.228067],[26.556616,43.227889],[26.55905,43.227747],[26.563911,43.227436],[26.570231,43.2271],[26.574531,43.226782],[26.578497,43.226498],[26.582944,43.22615],[26.585965,43.225947],[26.589397,43.225757],[26.593308,43.226334],[26.597072,43.226776],[26.601094,43.227264],[26.605373,43.227835],[26.609659,43.228261],[26.614691,43.228957],[26.618333,43.229359],[26.623119,43.23006],[26.627457,43.230622],[26.631959,43.2312],[26.637308,43.23192],[26.641685,43.232481],[26.646298,43.233053],[26.650745,43.233565],[26.655064,43.234233],[26.659887,43.234965],[26.664248,43.235659],[26.668341,43.236277],[26.672746,43.236935],[26.677106,43.237658],[26.681675,43.238328],[26.686322,43.239063],[26.690673,43.239704],[26.694034,43.240234],[26.700421,43.241226],[26.704315,43.24182],[26.708343,43.242444],[26.711836,43.242969],[26.716541,43.243703],[26.720622,43.244359],[26.725073,43.245034],[26.729539,43.245684],[26.734012,43.246375],[26.738979,43.247172],[26.74193,43.247649],[26.746613,43.248493],[26.750143,43.249525],[26.753743,43.250561],[26.757541,43.251651],[26.760356,43.252482],[26.764015,43.253556],[26.770731,43.25551],[26.77438,43.256582],[26.777717,43.2575],[26.78286,43.258987],[26.786883,43.260127],[26.791495,43.261479],[26.796019,43.262776],[26.800295,43.26402],[26.8046,43.265257],[26.808856,43.266507],[26.814161,43.268012],[26.816166,43.269376],[26.820044,43.271959],[26.822735,43.273762],[26.825642,43.275746],[26.828586,43.277729],[26.832798,43.280548],[26.834831,43.282014],[26.83702,43.283428],[26.839487,43.285094],[26.841386,43.286339],[26.845319,43.289027],[26.846954,43.290112],[26.848323,43.291026],[26.851493,43.29317],[26.853714,43.294658],[26.855377,43.29577],[26.860012,43.29887],[26.862891,43.300816],[26.865881,43.302808],[26.868761,43.304731],[26.871244,43.306368],[26.873958,43.308185],[26.87669,43.308454],[26.880445,43.308754],[26.884902,43.309136],[26.890594,43.309599],[26.89487,43.309946],[26.898361,43.310223],[26.901385,43.310476],[26.90682,43.311084],[26.910745,43.311409],[26.915544,43.311863],[26.919534,43.312194],[26.920878,43.312233],[26.922579,43.312283],[26.926435,43.312617],[26.930026,43.312852],[26.932888,43.313036],[26.935852,43.313269],[26.940579,43.313551],[26.945724,43.313908],[26.949167,43.31415],[26.953649,43.314471],[26.957891,43.314785],[26.962764,43.315132],[26.967372,43.315438],[26.972275,43.315785],[26.975695,43.316044],[26.980375,43.316391],[26.985034,43.316716],[26.988043,43.316974],[26.990637,43.316912],[26.994829,43.316934],[26.999574,43.316919],[27.004117,43.316945],[27.00888,43.316942],[27.01301,43.31693],[27.017336,43.316919],[27.022284,43.316947],[27.025503,43.316936],[27.028706,43.317208],[27.033865,43.317577],[27.03812,43.317866],[27.042125,43.318172],[27.046513,43.318552],[27.051017,43.318926],[27.05567,43.319255],[27.060158,43.319606],[27.064756,43.319941],[27.069572,43.320247],[27.073921,43.320621],[27.078456,43.320961],[27.08328,43.321341],[27.08772,43.321661],[27.092845,43.322015],[27.09729,43.322374],[27.101653,43.322714],[27.106061,43.323073],[27.110443,43.323382],[27.114938,43.323741],[27.119208,43.324036],[27.123828,43.324381],[27.128934,43.324785],[27.133654,43.325167],[27.13853,43.325507],[27.142182,43.325757],[27.147195,43.326125],[27.151621,43.326479],[27.156116,43.326829],[27.159761,43.327111],[27.163214,43.327347],[27.166074,43.327092],[27.169051,43.32688],[27.171561,43.326684],[27.176349,43.326333],[27.180308,43.326003],[27.184788,43.325648],[27.189733,43.325277],[27.193973,43.324909],[27.197962,43.324562],[27.202375,43.324251],[27.208025,43.323785],[27.212207,43.323518],[27.216433,43.323178],[27.223689,43.322783],[27.228547,43.322734],[27.232156,43.322623],[27.236366,43.322527],[27.240226,43.322451],[27.244514,43.322356],[27.248374,43.322248],[27.252847,43.322145],[27.256822,43.322061],[27.260924,43.321989],[27.265249,43.321874],[27.270084,43.321782],[27.274508,43.321675],[27.278571,43.321591],[27.2819,43.321495],[27.288255,43.321355],[27.291512,43.321511],[27.295434,43.321676],[27.298995,43.321854],[27.302504,43.321973],[27.306087,43.322139],[27.310556,43.322321],[27.315056,43.322487],[27.318414,43.322619],[27.32196,43.322764],[27.325984,43.32292],[27.330093,43.323088],[27.334203,43.323249],[27.33828,43.323398],[27.342307,43.323552],[27.345899,43.323731],[27.349501,43.323978],[27.353675,43.32429],[27.357754,43.324589],[27.361861,43.324844],[27.365818,43.325119],[27.369981,43.325439],[27.374831,43.325818],[27.378013,43.326065],[27.382678,43.326423],[27.386355,43.326741],[27.390442,43.327006],[27.39482,43.327334],[27.398983,43.327654],[27.403038,43.327919],[27.407109,43.328208],[27.411204,43.328505],[27.415074,43.328791],[27.419153,43.32909],[27.42319,43.329444],[27.427006,43.329675],[27.431354,43.329998],[27.434055,43.33019],[27.437585,43.330463],[27.441514,43.330732],[27.445288,43.33101],[27.449623,43.331345],[27.453796,43.331634],[27.45768,43.331907],[27.461725,43.332219],[27.465598,43.332508],[27.469525,43.332789],[27.473674,43.333055],[27.477807,43.33339],[27.482273,43.33372],[27.485447,43.333928],[27.489644,43.334242],[27.493755,43.334525],[27.497864,43.33481],[27.499315,43.333224],[27.501268,43.330942],[27.501313,43.328533],[27.501429,43.32548],[27.501537,43.322308],[27.501668,43.319499],[27.50176,43.316802],[27.503686,43.314806],[27.504041,43.314198]]}},{"type":"Feature","properties":{"osm_id":205122961,"voltage":"400000","circuits":"1","cables":"1","name":"Родина","operator":"Електроенергиен системен оператор ЕАД","ref":""},"geometry":{"type":"LineString","coordinates":[[25.531514,43.089499],[25.534313,43.088655],[25.534381,43.087393]]}},{"type":"Feature","properties":{"osm_id":206271319,"voltage":"110000","circuits":"1","cables":"3","name":"","operator":"","ref":""},"geometry":{"type":"LineString","coordinates":[[23.1574,42.676639],[23.159394,42.678046],[23.161898,42.679815],[23.162131,42.679973],[23.16365,42.681002],[23.165205,42.682363],[23.166845,42.683802],[23.168411,42.685183],[23.16981,42.686387],[23.171532,42.687865]]}},{"type":"Feature","properties":{"osm_id":206386454,"voltage":"110000","circuits":"1","cables":"3","name":"","operator":"","ref":""},"geometry":{"type":"LineString","coordinates":[[27.60267,43.218985],[27.603202,43.219578],[27.605779,43.218226],[27.610172,43.218507],[27.613714,43.218698],[27.616914,43.218894],[27.618491,43.219576],[27.616992,43.221693],[27.615037,43.224448],[27.613493,43.226604],[27.61365,43.228172],[27.611877,43.230955],[27.61015,43.233624],[27.608514,43.236155],[27.607142,43.23855],[27.606579,43.241049],[27.606139,43.243388],[27.605689,43.245619],[27.6052,43.248015],[27.604881,43.249644],[27.604602,43.251019],[27.604288,43.252604],[27.601278,43.252301],[27.598569,43.251938],[27.596761,43.253268],[27.594684,43.254728],[27.590913,43.257338],[27.589364,43.25852],[27.588629,43.258698]]}},{"type":"Feature","properties":{"osm_id":206386455,"voltage":"110000","circuits":"1","cables":"3","name":"","operator":"","ref":""},"geometry":{"type":"LineString","coordinates":[[27.602926,43.218853],[27.603293,43.219159],[27.605828,43.217886],[27.608531,43.218044],[27.611332,43.218199],[27.614017,43.218362],[27.616792,43.218528],[27.619211,43.21868],[27.620554,43.216651],[27.622284,43.213869]]}},{"type":"Feature","properties":{"osm_id":206386456,"voltage":"110000","circuits":"1","cables":"3","name":"","operator":"","ref":""},"geometry":{"type":"LineString","coordinates":[[27.602762,43.218938],[27.603275,43.219363],[27.605776,43.218078],[27.60948,43.218281],[27.61311,43.218472],[27.616438,43.218674],[27.617335,43.218733],[27.619294,43.218852],[27.621061,43.216768],[27.622716,43.214061],[27.624248,43.211141],[27.625337,43.208894],[27.623416,43.205841],[27.621185,43.202396]]}},{"type":"Feature","properties":{"osm_id":226072088,"voltage":"220000","circuits":"2","cables":"6","name":"Витоша-Верила","operator":"","ref":""},"geometry":{"type":"LineString","coordinates":[[23.195159,42.414475],[23.191929,42.413968],[23.188373,42.413393],[23.185739,42.41295],[23.181394,42.412264],[23.177456,42.411607],[23.173159,42.410871],[23.170777,42.408752],[23.16853,42.406775],[23.16367,42.402366],[23.162109,42.40111],[23.161085,42.400222],[23.157657,42.397073],[23.154824,42.394605],[23.152088,42.392241],[23.148129,42.390684],[23.145136,42.389447],[23.142384,42.388432],[23.138849,42.387038],[23.135104,42.385604],[23.131377,42.384133],[23.129005,42.383135],[23.125346,42.381753],[23.121758,42.380361],[23.118923,42.379243],[23.116484,42.378281],[23.111008,42.376208],[23.108314,42.375135],[23.104039,42.373482],[23.099973,42.371952],[23.095821,42.370307],[23.092752,42.369123],[23.090708,42.368354],[23.085924,42.366498],[23.080516,42.364342],[23.078424,42.363514],[23.07579,42.362503],[23.0702,42.360427],[23.068445,42.359602],[23.065683,42.356407],[23.063806,42.354214],[23.062368,42.352479],[23.061134,42.351012],[23.05813,42.347468],[23.056269,42.345311],[23.05481,42.343518],[23.052991,42.341421],[23.051178,42.33926],[23.050052,42.337927],[23.046989,42.334318],[23.044644,42.331528],[23.041812,42.328204],[23.038341,42.324095],[23.035986,42.321311],[23.034232,42.319181],[23.033143,42.314798],[23.032193,42.311057],[23.031099,42.306507],[23.030321,42.303389],[23.029457,42.299802],[23.028803,42.297159],[23.028127,42.294386],[23.027291,42.290924],[23.026517,42.287846],[23.028974,42.28683]]}},{"type":"Feature","properties":{"osm_id":226076384,"voltage":"400000","circuits":"1","cables":"3","name":"Руен","operator":"","ref":""},"geometry":{"type":"LineString","coordinates":[[22.456903,42.226672],[22.460382,42.224325],[22.461224,42.223757],[22.463308,42.224146],[22.466114,42.22467],[22.468517,42.22512],[22.469438,42.225292],[22.472854,42.227062],[22.475085,42.228218],[22.477764,42.229606],[22.479306,42.230406],[22.48136,42.23147],[22.483398,42.232526],[22.485305,42.233514],[22.487628,42.234718],[22.490046,42.235971],[22.491813,42.236887],[22.492951,42.239011],[22.49419,42.241191],[22.495028,42.242708],[22.49617,42.244558],[22.498495,42.245176],[22.502394,42.246179],[22.505532,42.247126],[22.508761,42.248012],[22.511857,42.248861],[22.514948,42.249708],[22.518593,42.250708],[22.520434,42.252008],[22.522718,42.253621],[22.526032,42.255961],[22.527678,42.257123],[22.530888,42.258752],[22.534343,42.260493],[22.537358,42.262034],[22.540276,42.263733],[22.543586,42.263586],[22.544468,42.263535],[22.54696,42.263392],[22.54843,42.263304],[22.551997,42.263114],[22.555409,42.262951],[22.558247,42.262744],[22.560827,42.263646],[22.562887,42.264309],[22.565532,42.265218],[22.56874,42.266285],[22.57117,42.267064],[22.57297,42.266832],[22.576679,42.266397],[22.580895,42.265873],[22.584795,42.265365],[22.588229,42.266691],[22.591453,42.267969],[22.595267,42.269501],[22.598518,42.270684],[22.600301,42.271367],[22.604606,42.273014],[22.607111,42.273689],[22.609783,42.274364],[22.613994,42.27538],[22.617652,42.276269],[22.621772,42.277237],[22.624798,42.277928],[22.629712,42.27738],[22.632555,42.277055],[22.636026,42.276694],[22.641014,42.276106],[22.643611,42.275812],[22.646969,42.27538],[22.647946,42.276554],[22.650532,42.279495],[22.648687,42.281486],[22.646796,42.283598],[22.645869,42.284601],[22.642914,42.287879],[22.644124,42.28994],[22.646406,42.293866],[22.648864,42.297955],[22.651777,42.298809],[22.658452,42.300827],[22.663552,42.30237],[22.667091,42.303416],[22.670744,42.304608],[22.674776,42.305989],[22.677563,42.30691],[22.680908,42.308059],[22.682851,42.308691],[22.685812,42.309169],[22.686278,42.310257],[22.689146,42.311032],[22.692154,42.311918],[22.695348,42.312],[22.699548,42.312133],[22.704243,42.312267],[22.708926,42.312404],[22.712842,42.31252],[22.715594,42.312551],[22.717432,42.313544],[22.720492,42.314856],[22.723209,42.316461],[22.725315,42.316508],[22.729562,42.316616],[22.733274,42.316719],[22.736794,42.316797],[22.739391,42.316864],[22.743219,42.316892],[22.746154,42.316799],[22.750764,42.316652],[22.75395,42.316596],[22.758573,42.316423],[22.764298,42.316239],[22.770185,42.316114],[22.773422,42.316292],[22.777417,42.316596],[22.780807,42.316828],[22.784938,42.317114],[22.789794,42.317448],[22.792121,42.317573],[22.795648,42.317829],[22.799755,42.318126],[22.804233,42.318412],[22.808356,42.318686],[22.811319,42.318871],[22.81583,42.319179],[22.819738,42.319473],[22.823665,42.319736],[22.829145,42.320111],[22.832339,42.320343],[22.836427,42.320621],[22.840002,42.320873],[22.843379,42.321113],[22.846933,42.321351],[22.850948,42.32162],[22.854784,42.321882],[22.858383,42.322118],[22.861658,42.322364],[22.865558,42.32262],[22.869635,42.322898],[22.873565,42.323167],[22.875676,42.321882],[22.878806,42.320502],[22.881365,42.319224],[22.884294,42.317747],[22.88726,42.316221],[22.891989,42.313826],[22.895248,42.312176],[22.898268,42.312198],[22.903096,42.312078],[22.90647,42.31193],[22.909802,42.312371],[22.917011,42.313348],[22.92156,42.314003],[22.927027,42.314744],[22.929084,42.314244],[22.936803,42.312289],[22.941663,42.311087],[22.945352,42.31016],[22.949125,42.309189],[22.95347,42.308052],[22.956268,42.308379],[22.959859,42.308814],[22.964427,42.307505],[22.966026,42.307037],[22.969594,42.308656],[22.975172,42.311174],[22.97856,42.312715],[22.981805,42.314209],[22.984096,42.315256],[22.988921,42.317386],[22.990563,42.317913],[22.995785,42.319577],[22.999347,42.320527],[23.006407,42.322676],[23.011812,42.324241],[23.016098,42.325548],[23.020172,42.326742],[23.023884,42.32786],[23.028374,42.329197],[23.031609,42.330408],[23.036045,42.332169],[23.039959,42.333569],[23.042113,42.334441],[23.045175,42.335513],[23.046023,42.336584],[23.048104,42.33903],[23.051693,42.343285],[23.054305,42.346361],[23.056354,42.348816],[23.056709,42.352363],[23.056961,42.354314],[23.056912,42.35672],[23.056317,42.360177],[23.056092,42.3616],[23.055308,42.365822],[23.054804,42.368861],[23.054429,42.371081],[23.054085,42.373074],[23.053479,42.376538],[23.053055,42.379046],[23.052589,42.38165],[23.051999,42.38409],[23.051596,42.387308],[23.0515,42.388009],[23.052744,42.392169],[23.053415,42.394491],[23.053716,42.397133],[23.053012,42.402014],[23.052653,42.404802],[23.052198,42.408153],[23.051672,42.411701],[23.051232,42.415353],[23.050846,42.418323],[23.050437,42.421223],[23.050373,42.423646],[23.050255,42.426715],[23.050127,42.430266],[23.049988,42.433782],[23.04987,42.436906],[23.049757,42.440564],[23.049655,42.443588],[23.049532,42.446676],[23.049354,42.45079],[23.049241,42.453857],[23.049139,42.456469],[23.049027,42.45943],[23.048936,42.46189],[23.049107,42.464325],[23.049335,42.468684],[23.049574,42.472334],[23.049725,42.474917],[23.04996,42.478886],[23.050138,42.482324],[23.050352,42.48596],[23.050496,42.48812],[23.049467,42.490951],[23.0484,42.493803],[23.0476,42.495991],[23.046469,42.498898],[23.0456,42.5015],[23.043969,42.505862],[23.043013,42.508457],[23.042144,42.510838],[23.039965,42.514967],[23.037287,42.515833],[23.033213,42.517221],[23.029395,42.518485],[23.025488,42.519833],[23.021175,42.521286],[23.017454,42.522504],[23.013442,42.523924],[23.009861,42.525143],[23.007007,42.52606],[23.005574,42.527344]]}},{"type":"Feature","properties":{"osm_id":226086266,"voltage":"400000","circuits":"1","cables":"3","name":"Зорница","operator":"","ref":""},"geometry":{"type":"LineString","coordinates":[[26.134342,42.258082],[26.134525,42.259126],[26.133436,42.260794],[26.131361,42.261568],[26.130056,42.261981],[26.127819,42.261476],[26.125706,42.261067],[26.122031,42.260166],[26.118705,42.259527],[26.11606,42.258852],[26.115969,42.257181],[26.115765,42.255716],[26.11561,42.253516],[26.117321,42.250788],[26.120481,42.249803],[26.123627,42.248796],[26.12526,42.248274],[26.127905,42.249263],[26.131226,42.248207],[26.134675,42.247059],[26.138489,42.24584],[26.138908,42.243219],[26.139771,42.240769],[26.139642,42.238827],[26.139492,42.236468],[26.139299,42.234073],[26.13916,42.231956],[26.138992,42.229449],[26.142683,42.228087],[26.146567,42.226677],[26.149802,42.225481],[26.152452,42.224528],[26.155837,42.223312],[26.159361,42.222053],[26.161984,42.221083],[26.166351,42.219526],[26.169908,42.218203],[26.172198,42.217401],[26.175143,42.215442],[26.177836,42.213642],[26.181007,42.211521],[26.183265,42.210042],[26.187165,42.207472],[26.190475,42.205262],[26.192545,42.203883],[26.195995,42.201591],[26.198988,42.199631],[26.202448,42.197291],[26.205779,42.195137],[26.209143,42.192911],[26.212496,42.190705],[26.215575,42.18867],[26.218085,42.187315],[26.221106,42.185653],[26.223681,42.184254],[26.227259,42.18231],[26.230145,42.180684],[26.234206,42.17851],[26.237977,42.176451],[26.240198,42.175258],[26.243899,42.173199],[26.246978,42.171549],[26.249151,42.170356],[26.251516,42.167967],[26.25341,42.166106],[26.255669,42.163831],[26.25864,42.160869],[26.261248,42.158276],[26.260452,42.155856],[26.258258,42.154862],[26.254717,42.153112],[26.251863,42.151784],[26.248709,42.150304],[26.244589,42.14828],[26.240791,42.146558],[26.236907,42.144668],[26.233335,42.142942],[26.229816,42.14124],[26.22627,42.139581],[26.222472,42.137747],[26.219146,42.136136],[26.214414,42.133829],[26.211523,42.13248],[26.208755,42.13114],[26.205236,42.129457],[26.2011,42.127472],[26.196293,42.126556],[26.192313,42.125741],[26.188322,42.124909],[26.184465,42.124173],[26.181976,42.123736],[26.178001,42.122936],[26.173892,42.122156],[26.168972,42.121185],[26.165201,42.120453],[26.162229,42.11988],[26.160019,42.119446],[26.155084,42.118384],[26.151584,42.117714],[26.148244,42.117051],[26.143663,42.116171],[26.140632,42.115622],[26.131899,42.113927],[26.126062,42.112777],[26.122028,42.112184],[26.117683,42.111416],[26.112466,42.110603],[26.107925,42.10986],[26.104902,42.109309],[26.099661,42.108517],[26.096641,42.108004],[26.093085,42.107395],[26.087924,42.106559],[26.084654,42.106047],[26.08157,42.105538],[26.077198,42.104818],[26.072265,42.103936],[26.06854,42.103309],[26.065286,42.104458],[26.061589,42.105746],[26.056755,42.107422],[26.0526,42.108878],[26.048135,42.11044],[26.044492,42.111728],[26.040904,42.112991],[26.037051,42.114337],[26.032233,42.116021],[26.02855,42.117317],[26.025409,42.118431],[26.022899,42.120545],[26.020124,42.122936],[26.018024,42.124732],[26.015659,42.126743],[26.013098,42.128969],[26.010891,42.130826],[26.007794,42.133422],[26.007617,42.134145],[26.00696,42.136759],[26.006234,42.139657],[26.006087,42.140549]]}},{"type":"Feature","properties":{"osm_id":226086267,"voltage":"220000","circuits":"1","cables":"3","name":"","operator":"","ref":""},"geometry":{"type":"LineString","coordinates":[[26.002402,42.141669],[26.002165,42.141023],[26.00146,42.138213],[26.004303,42.135782],[26.007444,42.13309],[26.010654,42.13033],[26.013063,42.128216],[26.016204,42.125512],[26.018361,42.123688],[26.020165,42.122051],[26.02253,42.120086],[26.025046,42.117944],[26.028654,42.116667],[26.032362,42.115375],[26.037092,42.113724],[26.039583,42.112835],[26.043222,42.111558],[26.047801,42.109958],[26.052228,42.108423],[26.056849,42.106782],[26.061175,42.105252],[26.064858,42.10397],[26.068478,42.102699],[26.072732,42.103431],[26.079137,42.104462],[26.083005,42.105059],[26.086717,42.105688],[26.092677,42.106675],[26.096196,42.107248],[26.100155,42.1079],[26.106142,42.10886],[26.111136,42.109659],[26.114703,42.110252],[26.119113,42.110965],[26.122766,42.111494],[26.121918,42.114296],[26.120937,42.117527],[26.119958,42.120775],[26.118912,42.124106],[26.117892,42.12746],[26.116959,42.130579],[26.116119,42.133278],[26.11528,42.136013],[26.113928,42.14044],[26.112952,42.143638],[26.112029,42.14657],[26.110508,42.149408],[26.108542,42.153124],[26.106828,42.156324],[26.105396,42.159068],[26.103698,42.162111],[26.106091,42.163841],[26.108666,42.165622],[26.112281,42.168238],[26.114878,42.170067],[26.117517,42.17196],[26.120585,42.174154],[26.124067,42.176647],[26.127146,42.178909],[26.129603,42.180718],[26.12934,42.183858],[26.129168,42.18571],[26.128991,42.187718],[26.128718,42.191049],[26.126395,42.192209],[26.123943,42.193441],[26.119453,42.195742],[26.116685,42.197161],[26.113493,42.19881],[26.110055,42.201127],[26.106268,42.20373],[26.103575,42.205578],[26.101654,42.206861],[26.098414,42.209106],[26.095265,42.211224],[26.091601,42.213763],[26.088855,42.215626],[26.085969,42.217605],[26.08326,42.219516],[26.081066,42.221021],[26.07922,42.222285]]}},{"type":"Feature","properties":{"osm_id":226110987,"voltage":"220000","circuits":"1","cables":"3","name":"Камчия","operator":"","ref":""},"geometry":{"type":"LineString","coordinates":[[26.137004,42.25676],[26.137429,42.257598],[26.136772,42.260508],[26.136353,42.26244],[26.135966,42.264072],[26.135666,42.265441],[26.134995,42.268482],[26.134277,42.271694],[26.133483,42.275417],[26.133027,42.277346],[26.132254,42.28087],[26.131492,42.28418],[26.130774,42.287419],[26.130066,42.29074],[26.129275,42.294149],[26.128547,42.297446],[26.128215,42.299009],[26.127479,42.302288],[26.129089,42.30552],[26.130752,42.308781],[26.132211,42.311729],[26.133692,42.3147],[26.135231,42.317734],[26.136782,42.320904],[26.138327,42.324033],[26.139904,42.327186],[26.141417,42.330184],[26.14309,42.33346],[26.144619,42.336529],[26.146094,42.339527],[26.147613,42.342572],[26.149211,42.345689],[26.150745,42.348769],[26.152226,42.351794],[26.156421,42.35275],[26.160836,42.353764],[26.165707,42.354807],[26.17047,42.355889],[26.175207,42.356932],[26.17915,42.357836],[26.184091,42.358946],[26.188366,42.359897],[26.192357,42.360808],[26.196995,42.361845],[26.20178,42.362925],[26.205331,42.363701],[26.209145,42.364581],[26.213611,42.365585],[26.218772,42.366734],[26.22295,42.367761],[26.228052,42.368815],[26.232842,42.36996],[26.23707,42.370828],[26.241763,42.371875],[26.2462,42.372873],[26.25084,42.373912],[26.257948,42.375513],[26.262652,42.375683],[26.267657,42.375802],[26.271702,42.375965],[26.277084,42.37612],[26.28092,42.376259],[26.286063,42.376436],[26.2914,42.376607],[26.295284,42.376729],[26.299694,42.376904],[26.304677,42.377058],[26.309516,42.377165],[26.313985,42.377391],[26.318319,42.377439],[26.323544,42.377609],[26.328528,42.377756],[26.333382,42.377879],[26.337465,42.379729],[26.341896,42.381643],[26.346493,42.383644],[26.350452,42.385332],[26.354706,42.38719],[26.358869,42.389013],[26.363101,42.390832],[26.367237,42.392662],[26.371668,42.394568],[26.375418,42.39622],[26.379854,42.398196],[26.383845,42.399856],[26.387606,42.401512],[26.391854,42.403398],[26.395953,42.405168],[26.400137,42.406935],[26.404332,42.408769],[26.409246,42.410927],[26.414433,42.413173],[26.419631,42.415427],[26.424594,42.417585],[26.428713,42.419375],[26.432592,42.421078],[26.435532,42.422321],[26.439812,42.424198],[26.444136,42.426055],[26.448417,42.427913],[26.452778,42.429825],[26.456735,42.431502],[26.460895,42.433266],[26.465159,42.435186],[26.469027,42.436841],[26.472498,42.438364],[26.476309,42.439979],[26.480797,42.441921],[26.484474,42.443468],[26.488875,42.445376],[26.492963,42.447149],[26.494803,42.447937],[26.497979,42.449255],[26.500107,42.450243],[26.503654,42.451784],[26.507531,42.453477],[26.511492,42.455173],[26.514136,42.456285],[26.51697,42.457525],[26.521137,42.459348],[26.52523,42.461101],[26.529489,42.462906],[26.533749,42.464881],[26.537509,42.466368],[26.541768,42.468224],[26.545937,42.470041],[26.550185,42.471817],[26.554305,42.473772],[26.558935,42.475841],[26.562475,42.477131],[26.566445,42.478836],[26.570592,42.480668],[26.574411,42.482302],[26.578998,42.484284],[26.583364,42.486143],[26.587109,42.487785],[26.591277,42.489601],[26.595413,42.491393],[26.599956,42.49326],[26.604452,42.495218],[26.608244,42.496808],[26.612584,42.498726],[26.616726,42.500478],[26.620577,42.502167],[26.624756,42.504006],[26.629015,42.505789],[26.633302,42.507632],[26.637765,42.509519],[26.641788,42.51127],[26.646251,42.513184],[26.650586,42.515055],[26.654394,42.516648],[26.65904,42.518613],[26.663203,42.520345],[26.667285,42.522081],[26.671661,42.52425],[26.675525,42.526165],[26.679355,42.52809],[26.683523,42.530173],[26.688004,42.532377],[26.691135,42.533917],[26.695298,42.536032],[26.699225,42.538059],[26.70269,42.539625],[26.706948,42.541813],[26.714454,42.545502],[26.718745,42.547599],[26.722856,42.549692],[26.726987,42.551727],[26.729004,42.552735],[26.731187,42.553877],[26.73529,42.555875],[26.739485,42.558064],[26.747978,42.562171],[26.752081,42.564206],[26.756252,42.566304],[26.760263,42.568322],[26.764364,42.570375],[26.768524,42.572414],[26.772642,42.574433],[26.776884,42.576521],[26.781156,42.578646],[26.784774,42.580445],[26.788549,42.582322],[26.7923,42.584187],[26.79622,42.586136],[26.799826,42.587929],[26.802721,42.589368],[26.806656,42.591325],[26.810171,42.593072],[26.814015,42.594983],[26.817778,42.596854],[26.821483,42.598696],[26.825261,42.600574],[26.82908,42.602452],[26.832496,42.604132],[26.836091,42.6059],[26.839761,42.607768],[26.843376,42.609588],[26.847308,42.611522],[26.851021,42.613311],[26.85484,42.615281],[26.858592,42.617142],[26.862345,42.619003],[26.8661,42.620831],[26.869855,42.622661],[26.87361,42.62449],[26.87736,42.626397],[26.880992,42.628236],[26.884913,42.630142],[26.887963,42.631648],[26.891012,42.633154],[26.893893,42.634756],[26.898041,42.636706],[26.900253,42.637849],[26.904303,42.639765],[26.907889,42.641571],[26.911091,42.64311],[26.917942,42.646575],[26.921251,42.648185],[26.924702,42.649889],[26.928471,42.651749],[26.932126,42.653592],[26.936432,42.655716],[26.940451,42.657672],[26.943634,42.659287],[26.948023,42.661417],[26.952108,42.663449],[26.956272,42.665473],[26.959682,42.667167],[26.963787,42.669183],[26.967872,42.671208],[26.972147,42.673309],[26.976305,42.675353],[26.980499,42.677386],[26.982999,42.679588],[26.986026,42.68229]]}},{"type":"Feature","properties":{"osm_id":226112273,"voltage":"220000","circuits":"1","cables":"3","name":"","operator":"","ref":""},"geometry":{"type":"LineString","coordinates":[[26.948023,42.661417],[26.948492,42.661399],[26.950091,42.661804],[26.954204,42.661936],[26.959971,42.662175],[26.965497,42.662338],[26.970545,42.662529],[26.975499,42.662704],[26.979322,42.661405],[26.983569,42.66],[26.987102,42.658839],[26.989828,42.657938],[26.989476,42.656696],[26.989829,42.656691]]}},{"type":"Feature","properties":{"osm_id":226125705,"voltage":"400000","circuits":"1","cables":"3","name":"","operator":"","ref":""},"geometry":{"type":"LineString","coordinates":[[26.004432,42.140746],[26.004418,42.13985],[26.00374,42.136592],[26.003474,42.135049],[26.006779,42.132392],[26.009213,42.130395],[26.011818,42.128333],[26.013861,42.126387],[26.017406,42.123108],[26.020118,42.120755],[26.021568,42.119426],[26.024129,42.117256],[26.027181,42.116199],[26.030366,42.115094],[26.033576,42.113934],[26.038129,42.112358],[26.041939,42.111038],[26.045622,42.109728],[26.048945,42.108591],[26.05319,42.107085],[26.057434,42.105611],[26.06159,42.104156],[26.06533,42.102836],[26.068494,42.101735],[26.072154,42.100474],[26.074815,42.099574],[26.076896,42.097998],[26.079364,42.096199],[26.082572,42.093874],[26.085544,42.091709],[26.088677,42.089384],[26.091498,42.087322],[26.092281,42.082584],[26.091209,42.081429],[26.08858,42.078658],[26.086145,42.076046],[26.083773,42.073625],[26.081917,42.071618],[26.079428,42.069022],[26.077755,42.06719],[26.075362,42.064705],[26.072798,42.061877],[26.071178,42.060268],[26.069654,42.058572],[26.067595,42.056463],[26.065411,42.054198],[26.063216,42.051857],[26.060528,42.04899],[26.058066,42.046356],[26.055413,42.04354],[26.053642,42.041699],[26.050357,42.038179],[26.049033,42.036773],[26.048446,42.034483],[26.047616,42.031322],[26.046699,42.027716],[26.045604,42.023557],[26.044907,42.020758],[26.044036,42.017445],[26.043235,42.014374],[26.042277,42.010569],[26.041482,42.0077],[26.043154,42.005949],[26.044866,42.004013],[26.046919,42.001809],[26.049325,41.999228],[26.050587,41.997873],[26.053379,41.994877],[26.055596,41.992498],[26.057971,41.989948],[26.059706,41.988087],[26.062149,41.985464],[26.06404,41.983434],[26.066503,41.98079],[26.068536,41.978608],[26.071083,41.975874],[26.073471,41.973311],[26.075909,41.970693],[26.078495,41.967917],[26.080753,41.965796],[26.083917,41.962824],[26.086103,41.960772],[26.089597,41.957489],[26.09179,41.95543],[26.093845,41.9535],[26.096122,41.951361],[26.099831,41.947877],[26.10307,41.944834],[26.106021,41.942062],[26.108777,41.939472],[26.110714,41.937653],[26.113794,41.934758],[26.115942,41.93274],[26.11911,41.929764],[26.121267,41.927737],[26.124613,41.924593],[26.12675,41.922584],[26.129261,41.920225],[26.133353,41.916379],[26.135911,41.91407],[26.139089,41.911485],[26.142123,41.90923],[26.145044,41.906848],[26.147388,41.904947],[26.151569,41.901627],[26.154889,41.89891],[26.157572,41.896827],[26.160985,41.894287],[26.163569,41.892221],[26.167091,41.889405],[26.170304,41.886853],[26.172666,41.884933]]}},{"type":"Feature","properties":{"osm_id":226132163,"voltage":"110000","circuits":"1","cables":"3","name":"","operator":"","ref":""},"geometry":{"type":"LineString","coordinates":[[24.899507,42.58718],[24.902954,42.586655],[24.908189,42.585964],[24.910933,42.585596],[24.913892,42.585209],[24.918272,42.584113],[24.921565,42.5833],[24.924405,42.582617],[24.929324,42.581353],[24.933741,42.580271],[24.936739,42.579488],[24.941033,42.578487],[24.944952,42.577507],[24.949999,42.577009],[24.954712,42.576547],[24.959744,42.576059],[24.960447,42.575087],[24.961753,42.573375],[24.967166,42.573215],[24.969419,42.5731],[24.972444,42.573014],[24.97448,42.572964],[24.977112,42.57445],[24.979931,42.575949],[24.983472,42.577913],[24.986148,42.579478],[24.989412,42.581264],[24.992483,42.583096],[24.995287,42.584652],[24.997939,42.58614],[25.000275,42.587461],[25.003145,42.589086],[25.006369,42.589574],[25.010105,42.590184],[25.013632,42.590739],[25.017361,42.591319],[25.020952,42.591896],[25.024292,42.592427],[25.027797,42.592962],[25.030874,42.593478],[25.034417,42.594015],[25.037788,42.59454],[25.041246,42.595101],[25.044869,42.595677],[25.047646,42.596129],[25.050373,42.596538],[25.053294,42.596994],[25.056564,42.597527],[25.060174,42.598112],[25.063709,42.598659],[25.067357,42.599263],[25.070855,42.599792],[25.074891,42.600453],[25.07803,42.600927],[25.081058,42.601431],[25.084427,42.601972],[25.087337,42.60192],[25.090899,42.601865],[25.094737,42.601814],[25.097299,42.60179],[25.099984,42.603188],[25.102937,42.604759],[25.106877,42.605332],[25.110179,42.605853],[25.114588,42.606497],[25.118459,42.607085],[25.122329,42.607673],[25.126127,42.608236],[25.129971,42.608824],[25.13357,42.609369],[25.137473,42.609954],[25.141183,42.610507],[25.145203,42.611126],[25.148277,42.611576],[25.152069,42.612146],[25.155779,42.612697],[25.159987,42.613323],[25.163911,42.613903],[25.168077,42.614562],[25.172043,42.615107],[25.176046,42.615736],[25.179803,42.616309],[25.183724,42.616856],[25.187192,42.617363],[25.191194,42.617999],[25.195057,42.618557],[25.199356,42.619205],[25.202977,42.619739],[25.206159,42.620244],[25.209503,42.620748],[25.209947,42.622964],[25.210468,42.625859],[25.211112,42.629074],[25.211725,42.63214],[25.212303,42.635381],[25.212912,42.638385]]}},{"type":"Feature","properties":{"osm_id":226153348,"voltage":"220000","circuits":"1","cables":"3","name":"Янтра","operator":"","ref":""},"geometry":{"type":"LineString","coordinates":[[25.662917,43.142848],[25.663164,43.141923],[25.662297,43.13974],[25.657778,43.13853],[25.654884,43.137693],[25.651489,43.136748],[25.647752,43.135686],[25.64412,43.134701],[25.642362,43.134149],[25.641772,43.131564],[25.64121,43.129026],[25.640776,43.12699],[25.640111,43.124141],[25.639579,43.121587],[25.639027,43.119119],[25.636721,43.1175],[25.634109,43.115597],[25.631684,43.11391],[25.628766,43.111806],[25.624297,43.108599],[25.621603,43.106682],[25.618313,43.104306],[25.615864,43.102525],[25.613353,43.100736]]}},{"type":"Feature","properties":{"osm_id":226154396,"voltage":"220000","circuits":"1","cables":"3","name":"Вит","operator":"","ref":""},"geometry":{"type":"LineString","coordinates":[[25.661804,43.142872],[25.661719,43.14254],[25.660924,43.140224],[25.656115,43.139104],[25.652194,43.138205],[25.646816,43.13895],[25.642069,43.139638],[25.636833,43.140366],[25.631891,43.141041],[25.629183,43.143438],[25.625696,43.146076],[25.622177,43.148797],[25.618497,43.151556],[25.615128,43.154139],[25.610826,43.155696],[25.60647,43.157332],[25.60264,43.158733],[25.599116,43.160055],[25.595468,43.161374],[25.591262,43.162153],[25.587153,43.162994],[25.582872,43.163816],[25.578511,43.164653],[25.573753,43.165588],[25.568737,43.166516],[25.563432,43.167572],[25.558716,43.168476],[25.55377,43.169434],[25.549092,43.170334],[25.544447,43.171234],[25.539919,43.172106],[25.535311,43.172959],[25.530666,43.173863],[25.526648,43.174649],[25.521316,43.17571],[25.516691,43.176543],[25.511826,43.177497],[25.506773,43.17846],[25.501966,43.179406],[25.496666,43.180408],[25.492047,43.181311],[25.487155,43.182238],[25.482477,43.183138],[25.478416,43.183917],[25.473363,43.184804],[25.468916,43.185743],[25.465349,43.186428],[25.460445,43.187374],[25.459276,43.187609],[25.455746,43.188278],[25.451519,43.189064],[25.446444,43.190049],[25.441595,43.190988],[25.437062,43.191849],[25.432068,43.192826],[25.427063,43.193761],[25.422095,43.194739],[25.417782,43.195548],[25.413737,43.196319],[25.409146,43.197195],[25.404709,43.198039],[25.40053,43.198845],[25.395429,43.199795],[25.390928,43.200639],[25.386271,43.201525],[25.381819,43.202196],[25.377233,43.202896],[25.372759,43.203545],[25.368735,43.204132],[25.364219,43.204816],[25.360077,43.205438],[25.356338,43.205974],[25.352363,43.206619],[25.348222,43.207952],[25.343909,43.209383],[25.340143,43.210607],[25.335733,43.21205],[25.331238,43.213555],[25.327,43.214907],[25.322145,43.216546],[25.31757,43.218035],[25.312972,43.219556],[25.308579,43.220986],[25.305097,43.222167],[25.301315,43.223402],[25.2977,43.224587],[25.294234,43.225716],[25.285656,43.22857],[25.281118,43.230059],[25.277181,43.231345],[25.27422,43.232299],[25.270019,43.233702],[25.265427,43.235222],[25.260819,43.236723],[25.256066,43.238317],[25.251539,43.239775],[25.247027,43.241272],[25.242838,43.242661],[25.242655,43.242721],[25.238503,43.244073],[25.233783,43.24564],[25.22829,43.24745],[25.223869,43.248887],[25.219208,43.25045],[25.214782,43.251931],[25.21004,43.253474],[25.205866,43.254862],[25.20246,43.255979],[25.196843,43.257128],[25.19223,43.258061],[25.187112,43.259085],[25.182386,43.260026],[25.177,43.261108],[25.172564,43.262007],[25.167656,43.262991],[25.162801,43.263956],[25.158525,43.264734],[25.154164,43.265558],[25.149561,43.266421],[25.145329,43.267195],[25.141451,43.26791],[25.136842,43.268761],[25.132379,43.269554],[25.128268,43.270315],[25.123805,43.271141],[25.119606,43.271919],[25.115736,43.272635],[25.111221,43.273471],[25.106244,43.274393],[25.101324,43.275303],[25.096137,43.276229],[25.091728,43.277069],[25.08686,43.277959],[25.082095,43.27883],[25.077072,43.279748],[25.07256,43.280587],[25.068253,43.28138],[25.05952,43.283138],[25.054692,43.284141],[25.051403,43.284836],[25.046375,43.285908],[25.041955,43.286826],[25.037387,43.287764],[25.032183,43.288851],[25.026829,43.289975],[25.021888,43.291041],[25.017605,43.291933],[25.014272,43.292627],[25.01036,43.294219],[25.006288,43.295905],[25.002297,43.297558],[24.997952,43.299303],[24.99343,43.30113],[24.989079,43.302937],[24.984874,43.304636],[24.980571,43.306388],[24.976114,43.308223],[24.971634,43.31005],[24.967096,43.311892],[24.962912,43.313578],[24.958408,43.315417],[24.954903,43.316847],[24.949935,43.318875],[24.946331,43.320339],[24.94206,43.322075],[24.938541,43.323507],[24.9322,43.326064],[24.92859,43.32757],[24.924417,43.329252],[24.920029,43.331047],[24.91571,43.332799],[24.911134,43.33464],[24.906564,43.336478],[24.902036,43.338324],[24.89767,43.340107],[24.893566,43.34178],[24.885122,43.345194],[24.881249,43.346766],[24.877237,43.347425],[24.872983,43.348159],[24.868847,43.348857],[24.863429,43.349758],[24.858633,43.350554],[24.853724,43.351416],[24.848704,43.352255],[24.843891,43.353058],[24.839203,43.353842],[24.83459,43.354654],[24.830427,43.355325],[24.825931,43.35607],[24.821511,43.356807],[24.81693,43.357602],[24.812928,43.358304],[24.808846,43.358968],[24.804222,43.359736],[24.799994,43.36045],[24.796894,43.360964],[24.792994,43.36162],[24.789432,43.362236],[24.785366,43.362895],[24.77756,43.364209],[24.773521,43.364868],[24.769718,43.365531],[24.767084,43.366514],[24.763629,43.36775],[24.760174,43.36899],[24.75658,43.37032],[24.75283,43.371681],[24.749413,43.372948],[24.745889,43.374224],[24.742316,43.375541],[24.738486,43.376902],[24.734908,43.378244],[24.731244,43.37955],[24.728041,43.380739],[24.723627,43.382337],[24.718965,43.384041],[24.714968,43.38548],[24.711948,43.386595],[24.708563,43.386341],[24.703027,43.385842],[24.700452,43.385624],[24.696327,43.385242],[24.691183,43.384821],[24.687122,43.384486],[24.682589,43.384072],[24.677434,43.383651],[24.672697,43.383254],[24.668079,43.382794],[24.663175,43.382407],[24.658304,43.382014],[24.65398,43.381651],[24.649533,43.381257],[24.645762,43.380934],[24.642356,43.380653],[24.636414,43.380123],[24.631906,43.379721],[24.627863,43.381295],[24.619752,43.384418],[24.616657,43.385615],[24.611861,43.387466],[24.609039,43.388562],[24.603276,43.390791],[24.602538,43.39108],[24.599946,43.392082],[24.596996,43.393224],[24.591067,43.395518],[24.588506,43.396532]]}},{"type":"Feature","properties":{"osm_id":226600469,"voltage":"220000","circuits":"2","cables":"6","name":"Кайлъка","operator":"","ref":""},"geometry":{"type":"LineString","coordinates":[[24.577479,43.433029],[24.576461,43.432021],[24.577247,43.429839],[24.578218,43.426971],[24.579317,43.423757],[24.580396,43.4205],[24.581573,43.417075],[24.582633,43.413878],[24.583504,43.411347],[24.584886,43.407218],[24.586365,43.402878],[24.587589,43.399156],[24.588506,43.396532]]}},{"type":"Feature","properties":{"osm_id":226664555,"voltage":"220000","circuits":"1","cables":"3","name":"Стрелец","operator":"","ref":""},"geometry":{"type":"LineString","coordinates":[[26.028422,43.788877],[26.02881,43.788531],[26.030881,43.786473],[26.032767,43.784497],[26.031936,43.782716],[26.0307,43.780054],[26.028193,43.778027],[26.026238,43.776509],[26.024235,43.774975],[26.022754,43.773773],[26.020964,43.77233],[26.018543,43.770422],[26.016427,43.768735],[26.014983,43.767654],[26.011894,43.765164],[26.009373,43.763163],[26.007068,43.761323],[26.005111,43.759744],[26.002993,43.758094],[26.000117,43.757397],[25.997176,43.756699],[25.993822,43.755911],[25.990074,43.754965],[25.987204,43.754224],[25.983476,43.753383],[25.979469,43.752404],[25.975628,43.751462],[25.97176,43.750543],[25.96808,43.749628],[25.964636,43.748847],[25.9624,43.746895],[25.958264,43.743282],[25.956918,43.742107],[25.95528,43.740676],[25.952867,43.7386],[25.94998,43.736006],[25.94777,43.73406],[25.94511,43.731755],[25.943506,43.730278],[25.940662,43.727815],[25.939418,43.726351],[25.937456,43.724041],[25.935306,43.720889],[25.93386,43.718809],[25.931966,43.716048],[25.930179,43.713427],[25.928616,43.711207],[25.926506,43.7081],[25.924781,43.705577],[25.922287,43.701992],[25.920694,43.699651],[25.918863,43.696969],[25.917033,43.694333],[25.915326,43.691823],[25.913279,43.688853],[25.911483,43.686252],[25.909545,43.683385],[25.907648,43.681004],[25.9061,43.679048],[25.903372,43.675628],[25.901892,43.673761],[25.899537,43.670792],[25.897605,43.668354],[25.895311,43.665456],[25.893373,43.663057],[25.891424,43.660577],[25.889326,43.657951],[25.887452,43.655586],[25.885447,43.653027],[25.883529,43.650627],[25.881438,43.64799],[25.879451,43.645489],[25.877383,43.642881],[25.875517,43.640543],[25.873938,43.638062],[25.872303,43.63546],[25.870615,43.632762],[25.868981,43.630187],[25.867471,43.627791],[25.865933,43.625326],[25.864535,43.623041],[25.862594,43.620088],[25.860877,43.617433],[25.859558,43.615359],[25.85753,43.6121],[25.856269,43.610091],[25.854376,43.607132],[25.852933,43.604844],[25.851199,43.602089],[25.849457,43.599258],[25.848287,43.597408],[25.846769,43.595016],[25.845857,43.593407],[25.844546,43.591078],[25.842483,43.587477],[25.840841,43.584681],[25.839688,43.582575],[25.838448,43.580494],[25.837102,43.578078],[25.836104,43.576329],[25.833878,43.572411],[25.832725,43.57036],[25.831196,43.567673],[25.830101,43.565737],[25.828841,43.563549],[25.827462,43.561217],[25.8261,43.558753],[25.823906,43.554975],[25.822436,43.552501],[25.82095,43.549981],[25.819346,43.547341],[25.818348,43.545612],[25.816116,43.541828],[25.814759,43.539522],[25.813764,43.53777],[25.812294,43.535324],[25.810195,43.531663],[25.808944,43.529679],[25.808012,43.527982],[25.806117,43.524833],[25.805093,43.523063],[25.803028,43.519516],[25.801976,43.517776],[25.800077,43.514567],[25.797432,43.510036],[25.795839,43.507377],[25.794764,43.50554],[25.793768,43.503763],[25.792733,43.502044],[25.791061,43.499196],[25.789745,43.496938],[25.7882,43.494413],[25.787262,43.492759],[25.78526,43.489353],[25.783903,43.487023],[25.782782,43.485153],[25.781403,43.482783],[25.779343,43.479288],[25.777552,43.476249],[25.775996,43.473648],[25.774376,43.470884],[25.773147,43.468781],[25.770948,43.465082],[25.768792,43.461375],[25.767783,43.4596],[25.764157,43.453433],[25.763063,43.451587],[25.760718,43.447611],[25.757495,43.442143],[25.756105,43.439829],[25.754351,43.436822],[25.752948,43.434428],[25.751149,43.431331],[25.749593,43.42868],[25.748036,43.426006],[25.746663,43.423704],[25.744915,43.420732],[25.743794,43.418796],[25.742447,43.416481],[25.740768,43.413621],[25.738874,43.41046],[25.738022,43.408937],[25.737324,43.407799],[25.735291,43.404322],[25.734449,43.402869],[25.733682,43.401485],[25.731482,43.397816],[25.730452,43.396079],[25.728854,43.393315],[25.726832,43.389881],[25.725973,43.388415],[25.723656,43.384419],[25.722449,43.382256],[25.721392,43.380593],[25.719198,43.376738],[25.718624,43.375762],[25.717567,43.373249],[25.716601,43.370892],[25.714456,43.365734],[25.713527,43.363529],[25.7126,43.361284],[25.711553,43.358728],[25.709965,43.35498],[25.709005,43.352695],[25.706532,43.346706],[25.705733,43.344791],[25.704649,43.342142],[25.703673,43.339744],[25.702241,43.336293],[25.700132,43.331225],[25.699049,43.328623],[25.698464,43.327186],[25.697831,43.325658],[25.696667,43.322867],[25.695379,43.319724],[25.69399,43.316338],[25.693712,43.315121],[25.693149,43.312667],[25.692782,43.311168],[25.691786,43.306941],[25.69133,43.304948],[25.690772,43.302562],[25.689184,43.295889],[25.688653,43.293668],[25.687816,43.290091],[25.687413,43.288381],[25.686732,43.285448],[25.686847,43.280798],[25.686972,43.276603],[25.687096,43.271667],[25.687177,43.267603],[25.687269,43.263944],[25.687349,43.260292],[25.687451,43.256827],[25.687549,43.253302],[25.68766,43.249312],[25.687735,43.246002],[25.687816,43.242393],[25.687896,43.238886],[25.688014,43.23514],[25.688095,43.231418],[25.688197,43.227944],[25.688277,43.224789],[25.688352,43.22239],[25.688411,43.219814],[25.688508,43.215998],[25.688613,43.212367],[25.688715,43.208806],[25.688814,43.205387],[25.688079,43.202322],[25.687252,43.198582],[25.686309,43.194363],[25.685598,43.191267],[25.68476,43.187474],[25.683792,43.183409],[25.68279,43.178926],[25.68098,43.177635],[25.678011,43.175552],[25.674889,43.173418],[25.671944,43.171373],[25.671891,43.170544],[25.671726,43.168377],[25.671561,43.165323],[25.671326,43.162358],[25.671155,43.159418],[25.670943,43.156491],[25.670814,43.154479],[25.670685,43.152131],[25.668914,43.149822],[25.66652,43.146655],[25.663384,43.144779],[25.662255,43.143793],[25.662375,43.143442]]}},{"type":"Feature","properties":{"osm_id":226664556,"voltage":"110000","circuits":"1","cables":"3","name":"","operator":"","ref":""},"geometry":{"type":"LineString","coordinates":[[25.836511,43.578165],[25.83768,43.580206],[25.838329,43.581342],[25.839182,43.582832],[25.840028,43.584311],[25.841207,43.586371],[25.841953,43.587676],[25.842355,43.588374],[25.844017,43.591267],[25.845436,43.593736],[25.846325,43.595293],[25.847152,43.596706],[25.847967,43.597989],[25.848829,43.599347],[25.849965,43.601137],[25.851074,43.60283],[25.852376,43.60498],[25.853416,43.606691],[25.854625,43.608514],[25.855666,43.610111],[25.856667,43.611836],[25.857574,43.613163],[25.858956,43.615356],[25.859504,43.616225],[25.860444,43.617716],[25.861493,43.619379],[25.862444,43.620888],[25.863589,43.622703],[25.864668,43.624416],[25.86565,43.625973],[25.866877,43.627919],[25.868037,43.629758],[25.869019,43.631297],[25.87005,43.63293],[25.871232,43.634879],[25.872576,43.636953],[25.873882,43.639037],[25.874971,43.640753],[25.876193,43.642293],[25.877629,43.644095],[25.879162,43.646015],[25.880709,43.647964],[25.882273,43.649953],[25.883643,43.651661],[25.884629,43.65292],[25.8862,43.654901],[25.887194,43.656119],[25.888197,43.657378],[25.889255,43.658712],[25.890394,43.660151],[25.89164,43.661694],[25.892886,43.663291],[25.894152,43.664881],[25.895464,43.666518],[25.897057,43.668499],[25.898326,43.670124],[25.899173,43.671204],[25.900592,43.672983],[25.901592,43.674217],[25.90254,43.675415],[25.903365,43.676453],[25.905016,43.678555],[25.905959,43.679706],[25.907039,43.681079],[25.908359,43.68273],[25.909029,43.683596],[25.910085,43.685136],[25.911183,43.686719],[25.912347,43.688453],[25.913496,43.69012],[25.914967,43.69225],[25.916123,43.693948],[25.917457,43.695829],[25.918859,43.697902],[25.920113,43.699797],[25.921279,43.70155],[25.922436,43.703178],[25.923814,43.705153],[25.924755,43.706548],[25.925773,43.708019],[25.926551,43.709158],[25.927948,43.711219],[25.929019,43.712759],[25.930036,43.714221],[25.93133,43.716116],[25.932274,43.717494],[25.933353,43.719052],[25.934413,43.720592],[25.935488,43.722113],[25.936527,43.72369],[25.937381,43.724902],[25.938855,43.727016],[25.939159,43.727464],[25.939938,43.728586],[25.940933,43.730527],[25.941539,43.73169],[25.942419,43.733392],[25.943272,43.735028],[25.944424,43.737294],[25.94513,43.738622],[25.946934,43.742072],[25.947811,43.743751],[25.94896,43.745949],[25.949814,43.747582],[25.950506,43.748993],[25.951267,43.750454],[25.952383,43.752616],[25.952968,43.753762],[25.953583,43.754969],[25.954956,43.757661],[25.95577,43.759256],[25.956397,43.760486],[25.957981,43.76338],[25.958711,43.76484],[25.959264,43.765863],[25.959789,43.766905],[25.961777,43.770723],[25.963169,43.773406],[25.963678,43.774383],[25.964585,43.776138],[25.965376,43.777666],[25.966393,43.779631],[25.967002,43.780834],[25.967804,43.782377],[25.969188,43.785038],[25.969987,43.786575],[25.970808,43.786647],[25.973336,43.78687],[25.975251,43.787038],[25.977812,43.787263],[25.979863,43.787444],[25.984027,43.78781],[25.986388,43.788005],[25.987861,43.788141],[25.990681,43.78841],[25.993215,43.788629],[25.995572,43.788843],[25.997442,43.788995],[25.999404,43.789172],[26.001515,43.789346],[26.00356,43.78954],[26.005133,43.789674],[26.007455,43.789875],[26.009693,43.790069],[26.012078,43.790271],[26.014494,43.790486],[26.016673,43.790668],[26.019144,43.790885],[26.021477,43.791082],[26.023521,43.791265],[26.024427,43.790577],[26.025261,43.789932],[26.025724,43.789594]]}},{"type":"Feature","properties":{"osm_id":226664944,"voltage":"110000","circuits":"2","cables":"6","name":"","operator":"","ref":""},"geometry":{"type":"LineString","coordinates":[[26.030708,43.783359],[26.029545,43.784561],[26.028419,43.786137],[26.027266,43.787725],[26.026341,43.78906]]}},{"type":"Feature","properties":{"osm_id":226714867,"voltage":"110000","circuits":"2","cables":"6","name":"","operator":"","ref":""},"geometry":{"type":"LineString","coordinates":[[27.150505,43.310951],[27.150698,43.30875],[27.150902,43.306521]]}},{"type":"Feature","properties":{"osm_id":226829892,"voltage":"220000","circuits":"1","cables":"3","name":"","operator":"","ref":""},"geometry":{"type":"LineString","coordinates":[[25.662641,43.143433],[25.662877,43.143761],[25.663905,43.14473],[25.666699,43.146396],[25.669146,43.149465],[25.670798,43.151532],[25.672128,43.153231],[25.672278,43.154935],[25.672409,43.157657],[25.672656,43.160777],[25.672816,43.162904],[25.672999,43.165385],[25.673142,43.168365],[25.676703,43.169661],[25.679881,43.170835],[25.683521,43.172188],[25.686987,43.173489],[25.690547,43.174808],[25.694068,43.176138],[25.698215,43.177615],[25.702485,43.177482],[25.706541,43.177329],[25.711073,43.177138],[25.714834,43.176985],[25.719147,43.176829],[25.722805,43.176692],[25.727145,43.176551],[25.731271,43.176351],[25.735227,43.17621],[25.739521,43.176062],[25.744322,43.175901],[25.747925,43.175717],[25.752143,43.175565],[25.756387,43.175389],[25.76063,43.175236],[25.764787,43.175103],[25.769063,43.1749],[25.773005,43.174772],[25.777436,43.17463],[25.78176,43.174419],[25.785741,43.174258],[25.789807,43.174106],[25.793181,43.173981],[25.797478,43.173789],[25.801724,43.173605],[25.805745,43.173464],[25.809859,43.173335],[25.813915,43.173183],[25.818013,43.173026],[25.823281,43.173108],[25.827556,43.173112],[25.832883,43.173222],[25.837406,43.173245],[25.842298,43.173327],[25.847416,43.173402],[25.852485,43.173468],[25.857313,43.173519],[25.862334,43.173562],[25.867393,43.173644],[25.872006,43.173707],[25.876834,43.173762],[25.882418,43.173824],[25.887729,43.173895],[25.893228,43.173922],[25.898431,43.173988],[25.903586,43.174051],[25.909101,43.174121],[25.914642,43.174184],[25.919358,43.174239],[25.925189,43.174305],[25.93103,43.174373],[25.935088,43.174422],[25.939914,43.174493],[25.941376,43.174505],[25.944619,43.174532],[25.949726,43.174583],[25.956158,43.174669],[25.959816,43.174693],[25.96665,43.1742],[25.969746,43.173953],[25.976821,43.173406],[25.979784,43.173163],[25.983243,43.172905],[25.987084,43.172619],[25.989996,43.172381],[25.997426,43.171727],[26.000938,43.171531],[26.004659,43.171204],[26.008066,43.171803],[26.012201,43.17253],[26.015295,43.17309],[26.021936,43.17419],[26.024995,43.174659],[26.029992,43.175512],[26.034599,43.176303],[26.038161,43.176922],[26.047292,43.178408],[26.051061,43.179053],[26.054051,43.179559],[26.057055,43.180042],[26.061793,43.180849],[26.06509,43.181113],[26.067961,43.181331],[26.072325,43.181681],[26.077107,43.182056],[26.081647,43.182413],[26.085045,43.18268],[26.090095,43.183076],[26.094348,43.18341],[26.098156,43.183709],[26.102356,43.184039],[26.107331,43.18443],[26.112771,43.184857],[26.12023,43.185247],[26.124299,43.185748],[26.129872,43.186263],[26.132577,43.18646],[26.136063,43.186676],[26.139464,43.186944],[26.142038,43.187147],[26.147108,43.187547],[26.150428,43.187809],[26.153794,43.188074],[26.15827,43.188427],[26.162358,43.18875],[26.16612,43.189047],[26.16957,43.189297],[26.174666,43.189688],[26.178362,43.189993],[26.181699,43.190267],[26.186859,43.190658],[26.190008,43.190901],[26.194198,43.191249],[26.197921,43.191534],[26.202228,43.191827],[26.206294,43.192121],[26.209599,43.192438],[26.212426,43.192637],[26.221529,43.193345],[26.226116,43.19367],[26.228841,43.193912],[26.236609,43.194471],[26.240219,43.194768],[26.243196,43.194972],[26.248362,43.195426],[26.25348,43.195781],[26.25606,43.195973],[26.256187,43.195983],[26.263318,43.196567],[26.266944,43.196833],[26.269782,43.197048],[26.274841,43.197267],[26.278414,43.19769],[26.282153,43.19796],[26.285666,43.198233],[26.289287,43.198542],[26.293155,43.198836],[26.29706,43.199117],[26.300794,43.19943],[26.307752,43.19995],[26.31151,43.200241],[26.315176,43.200525],[26.320809,43.200916],[26.327815,43.201444],[26.330518,43.201698],[26.333871,43.201968],[26.339927,43.202394],[26.348065,43.203016],[26.351209,43.203278],[26.354524,43.203524],[26.359057,43.203935],[26.367538,43.204486],[26.370467,43.204725],[26.376931,43.205249],[26.382006,43.205636],[26.385584,43.205866],[26.38935,43.206179],[26.392842,43.206433],[26.39576,43.206629],[26.402423,43.207133],[26.408866,43.20763],[26.413323,43.207978],[26.419213,43.209323],[26.422609,43.210089],[26.426171,43.210945],[26.432029,43.212283],[26.435806,43.213151],[26.439153,43.213889],[26.44374,43.214984],[26.447076,43.215805],[26.451551,43.21682],[26.455606,43.21774],[26.459082,43.218557],[26.46325,43.219531],[26.467713,43.220531],[26.473121,43.221759],[26.478345,43.222146],[26.483356,43.22247],[26.488495,43.222854],[26.493736,43.223209],[26.499224,43.223616],[26.503789,43.223948],[26.509502,43.224382],[26.514555,43.224738],[26.519587,43.225074],[26.524887,43.225457],[26.53016,43.225828],[26.534929,43.226192],[26.539913,43.226614],[26.544703,43.226852],[26.549875,43.227235],[26.553683,43.227458],[26.558324,43.22713],[26.563601,43.226806],[26.567701,43.226555],[26.572695,43.226258],[26.577614,43.225902],[26.583381,43.225512],[26.588311,43.225222],[26.593192,43.224898],[26.598616,43.224585],[26.603412,43.224272],[26.609243,43.223885],[26.613674,43.223592],[26.618539,43.223342],[26.623448,43.222971],[26.627868,43.221626],[26.633125,43.219929],[26.636666,43.218815],[26.641027,43.217428],[26.64549,43.216012],[26.650313,43.214464],[26.654556,43.213147],[26.658692,43.211876],[26.662871,43.210461],[26.668348,43.20876],[26.672103,43.20754],[26.67633,43.206308],[26.680616,43.206046],[26.685793,43.20589],[26.691002,43.205667],[26.695926,43.205495],[26.701575,43.205292],[26.706424,43.205127],[26.711901,43.204908],[26.716735,43.204717],[26.72263,43.204467],[26.727828,43.204279],[26.732812,43.204087],[26.737318,43.203911],[26.742071,43.203728],[26.747114,43.203528],[26.751754,43.203329],[26.757547,43.203086],[26.762014,43.202931],[26.766871,43.202758],[26.77186,43.202578],[26.776167,43.202386],[26.779888,43.202259],[26.785102,43.202071],[26.790125,43.201866],[26.795688,43.201667],[26.801766,43.201413],[26.80597,43.201265],[26.811267,43.201061],[26.816438,43.200877],[26.820939,43.200681],[26.823031,43.200607],[26.825225,43.200513],[26.82957,43.200333],[26.833931,43.200189],[26.838555,43.199993],[26.842986,43.199813],[26.847283,43.200943],[26.852278,43.202257],[26.85717,43.203532],[26.862878,43.205002],[26.867673,43.206293],[26.873344,43.207778],[26.877801,43.208908],[26.882399,43.210117],[26.885628,43.210828],[26.888958,43.211533],[26.898678,43.213623],[26.902015,43.214354],[26.907101,43.215501],[26.911681,43.216467],[26.916187,43.217351],[26.919706,43.218297],[26.925721,43.219464],[26.930064,43.220403],[26.934282,43.221451],[26.937217,43.222083],[26.94014,43.224111],[26.943048,43.226148],[26.946777,43.228783],[26.950246,43.231153],[26.953347,43.23326],[26.956331,43.235256],[26.959506,43.237565],[26.963985,43.240656],[26.96846,43.243763],[26.971673,43.246017],[26.975229,43.248483],[26.979102,43.251171],[26.98291,43.253779],[26.986205,43.256086],[26.989161,43.258176],[26.993259,43.260973],[26.996392,43.263177],[26.99961,43.265403],[27.002175,43.267169],[27.006793,43.270376],[27.008649,43.271641],[27.012222,43.274125],[27.015639,43.2765],[27.018322,43.278325],[27.020606,43.279927],[27.022023,43.280902],[27.023429,43.282367],[27.023777,43.283702],[27.024219,43.284221]]}},{"type":"Feature","properties":{"osm_id":226830343,"voltage":"110000","circuits":"1","cables":"3","name":"","operator":"","ref":""},"geometry":{"type":"LineString","coordinates":[[26.843199,43.184581],[26.845882,43.18651],[26.849543,43.189118],[26.852608,43.191317],[26.855269,43.193233],[26.858606,43.195576],[26.861631,43.197754],[26.864501,43.199799],[26.867666,43.202059],[26.870096,43.203799],[26.870881,43.206621],[26.874181,43.207477],[26.878869,43.20874],[26.883161,43.209874],[26.885371,43.210336],[26.890823,43.211512],[26.908386,43.215391],[26.911353,43.216023],[26.913087,43.217417],[26.914557,43.219044],[26.915662,43.219632],[26.917027,43.220418],[26.919285,43.222263],[26.92215,43.224514],[26.925146,43.22685],[26.928067,43.229053],[26.931068,43.231433],[26.93413,43.233729],[26.936798,43.235832],[26.940437,43.238642],[26.940571,43.241078],[26.940663,43.242886],[26.94095,43.246738],[26.941081,43.249116],[26.943567,43.250452],[26.946416,43.25197],[26.950074,43.25391],[26.953492,43.255727],[26.957198,43.257706],[26.959733,43.258944],[26.961576,43.259911],[26.962018,43.260147]]}},{"type":"Feature","properties":{"osm_id":226911592,"voltage":"220000","circuits":"1","cables":"3","name":"","operator":"","ref":""},"geometry":{"type":"LineString","coordinates":[[26.135042,42.257429],[26.135559,42.258214],[26.13446,42.260955],[26.134055,42.261965],[26.131884,42.263725],[26.130468,42.264908],[26.125677,42.266155],[26.122319,42.267064],[26.11872,42.268056],[26.115893,42.268802],[26.111816,42.269894],[26.108334,42.270867],[26.105105,42.27172],[26.101323,42.272776],[26.09826,42.273641],[26.09466,42.274546],[26.090395,42.275733],[26.087616,42.27644],[26.085079,42.277142],[26.081914,42.277936],[26.078234,42.278837],[26.073481,42.280004],[26.071405,42.280492],[26.066138,42.281818],[26.060288,42.283234],[26.057328,42.283972],[26.054917,42.284567],[26.051888,42.285314],[26.0481,42.286669],[26.04413,42.287577],[26.039973,42.288531],[26.036082,42.289434],[26.032238,42.290327],[26.024737,42.292037],[26.021851,42.29269],[26.017193,42.293783],[26.013195,42.294705],[26.009566,42.295536],[26.005428,42.296489],[26.002286,42.297207],[25.998198,42.298152],[25.994843,42.298917],[25.991087,42.2998],[25.987391,42.300648],[25.983192,42.301607],[25.979844,42.302378],[25.976379,42.303159],[25.973806,42.301801],[25.970226,42.299871],[25.967879,42.298543],[25.965062,42.297052],[25.963209,42.296034],[25.959805,42.294181],[25.956532,42.292419],[25.953592,42.29083],[25.950197,42.289],[25.948526,42.288099],[25.946888,42.28722],[25.94369,42.285484],[25.940531,42.283782],[25.937361,42.282044],[25.934094,42.280299],[25.931465,42.278856],[25.927876,42.276915],[25.924939,42.27532],[25.921463,42.273448],[25.917595,42.27136],[25.915085,42.269993],[25.912051,42.268357],[25.908784,42.266555],[25.906504,42.265356],[25.903275,42.263558],[25.900062,42.261837],[25.89669,42.260006],[25.89353,42.258273],[25.890652,42.256709],[25.88693,42.254672],[25.884199,42.253215],[25.882059,42.250803],[25.879486,42.24795],[25.877751,42.245985],[25.875007,42.242923],[25.873277,42.240999],[25.871113,42.238556],[25.869053,42.236249],[25.866789,42.233711],[25.864702,42.231334],[25.861947,42.228245],[25.860067,42.226146],[25.858192,42.224035],[25.855939,42.221484],[25.85363,42.218912],[25.851503,42.216514],[25.849523,42.214299],[25.847319,42.211814],[25.845294,42.209541],[25.842917,42.206869],[25.840763,42.204417],[25.841404,42.20104],[25.841984,42.198208],[25.842625,42.19484],[25.843159,42.192137],[25.843711,42.18925],[25.844197,42.186873],[25.844814,42.183697],[25.845455,42.180465],[25.846004,42.177653],[25.846581,42.174701],[25.847222,42.171435],[25.847721,42.169041],[25.848362,42.165819],[25.848936,42.162894],[25.849556,42.159811],[25.850165,42.156713],[25.850623,42.15445],[25.851388,42.150586],[25.851774,42.148656],[25.852493,42.145006],[25.852629,42.144398],[25.853364,42.141932],[25.854177,42.139139],[25.855035,42.136234],[25.855832,42.1336],[25.85668,42.130754],[25.860212,42.128052],[25.861846,42.126799],[25.862645,42.126946]]}},{"type":"Feature","properties":{"osm_id":227063136,"voltage":"220000","circuits":"1","cables":"3","name":"","operator":"","ref":""},"geometry":{"type":"LineString","coordinates":[[25.8627,42.126197],[25.861917,42.126159],[25.858468,42.126426],[25.856238,42.126973],[25.854783,42.127301],[25.853066,42.127723],[25.849499,42.12855],[25.847021,42.12912],[25.842595,42.130151],[25.839554,42.130071],[25.835954,42.129968],[25.831378,42.129853],[25.827414,42.129745],[25.82346,42.129638],[25.818659,42.129522],[25.815113,42.129419],[25.80976,42.129256],[25.804288,42.129192],[25.802904,42.129061],[25.801268,42.129057],[25.796166,42.128902],[25.793704,42.128842],[25.789009,42.128741],[25.784579,42.128583],[25.781591,42.12854],[25.776565,42.128377],[25.772434,42.128281],[25.767547,42.128138],[25.762236,42.127999],[25.759318,42.127879],[25.754125,42.127792],[25.749549,42.127692],[25.744797,42.127529],[25.741894,42.127473],[25.737662,42.127585],[25.73351,42.127732],[25.729106,42.127867],[25.724085,42.128034],[25.719364,42.128138],[25.714627,42.128317],[25.70944,42.128476],[25.704966,42.128599],[25.699961,42.128766],[25.696007,42.128894],[25.690568,42.129065],[25.685606,42.12923],[25.681904,42.12932],[25.676481,42.129511],[25.6717,42.129649],[25.667147,42.129781],[25.661734,42.129938],[25.658315,42.130037],[25.654192,42.130156],[25.650424,42.130265],[25.645899,42.130396],[25.636746,42.130661],[25.634199,42.130735],[25.625561,42.130985],[25.616566,42.131246],[25.611635,42.131388],[25.608955,42.131466],[25.604141,42.131605],[25.599128,42.131751],[25.593938,42.131901],[25.589305,42.132035],[25.583887,42.132192],[25.579781,42.132331],[25.576596,42.131743],[25.570873,42.130687],[25.566424,42.129865],[25.562007,42.12905],[25.558163,42.12834],[25.554588,42.127679],[25.549525,42.126745],[25.544882,42.125887],[25.541686,42.125297],[25.539383,42.124872],[25.536851,42.124404],[25.532613,42.123621],[25.528858,42.122928],[25.524017,42.122034],[25.519205,42.121145],[25.515072,42.120382],[25.51096,42.119623],[25.506796,42.118854],[25.502559,42.118071],[25.500042,42.117606],[25.494383,42.11768],[25.491137,42.117722],[25.486345,42.117784],[25.482236,42.117837],[25.478102,42.11789],[25.473528,42.117949],[25.469502,42.118002],[25.464998,42.11806],[25.460295,42.118654],[25.456376,42.119149],[25.45262,42.119623],[25.447369,42.120253],[25.443264,42.120745],[25.438061,42.121369],[25.433714,42.12189],[25.428634,42.122499],[25.424,42.123054],[25.420196,42.12351],[25.415335,42.124093],[25.411932,42.124501],[25.407639,42.125016],[25.402634,42.125616],[25.398536,42.126107],[25.394013,42.126649],[25.390343,42.127109],[25.385603,42.127506],[25.380963,42.127964],[25.375802,42.12859],[25.372303,42.128939],[25.367237,42.129412],[25.362763,42.129857],[25.357735,42.13039],[25.353071,42.130808],[25.348389,42.131322],[25.342965,42.131862],[25.337723,42.132385],[25.33304,42.132851],[25.328005,42.133353],[25.323222,42.13383],[25.318216,42.134329],[25.313365,42.134877],[25.308162,42.134876],[25.304198,42.134887],[25.299408,42.134899],[25.295245,42.13491],[25.290814,42.134922],[25.2862,42.134934],[25.281667,42.134946],[25.277161,42.134958],[25.272527,42.13497],[25.270912,42.134974],[25.267441,42.134984],[25.262193,42.134997],[25.257007,42.134982],[25.252047,42.134979],[25.247065,42.135012],[25.242467,42.13501],[25.23764,42.135004],[25.23359,42.133899],[25.229616,42.132834],[25.225477,42.131724],[25.221459,42.130646],[25.217875,42.13],[25.214239,42.129344],[25.21131,42.128815],[25.20776,42.128241],[25.203963,42.127588],[25.198695,42.127055],[25.193547,42.126575],[25.188387,42.126094],[25.183645,42.125627],[25.178872,42.125191],[25.173893,42.124744],[25.169138,42.124301],[25.164334,42.123853],[25.159286,42.123383],[25.15531,42.123063]]}},{"type":"Feature","properties":{"osm_id":227063893,"voltage":"220000","circuits":"1","cables":"3","name":"","operator":"","ref":""},"geometry":{"type":"LineString","coordinates":[[24.771771,42.112615],[24.771845,42.112287],[24.774099,42.111101],[24.777947,42.111548],[24.780799,42.112053],[24.783558,42.112737],[24.787359,42.113281],[24.792156,42.11398],[24.794669,42.114288],[24.796747,42.114596],[24.801048,42.115177],[24.805652,42.115778],[24.810295,42.116407],[24.814943,42.117081],[24.819612,42.117676],[24.824073,42.118205],[24.828424,42.118864],[24.831725,42.119263],[24.836206,42.11951],[24.840687,42.119816],[24.845124,42.120112],[24.849615,42.120346],[24.854037,42.120573],[24.858183,42.120847],[24.8624,42.121106],[24.865747,42.12103],[24.870747,42.120887],[24.875553,42.12072],[24.880724,42.120609],[24.885858,42.120454],[24.89105,42.120306],[24.896361,42.120135],[24.901055,42.120015],[24.905566,42.119888],[24.909986,42.119757],[24.914573,42.119626],[24.916363,42.119586],[24.918194,42.119546],[24.921874,42.119431],[24.925559,42.119319],[24.929176,42.119216],[24.933439,42.120914],[24.937983,42.122685],[24.942244,42.124369],[24.946583,42.126111],[24.949426,42.127237],[24.9533,42.128745],[24.957205,42.130285],[24.959731,42.132325],[24.963563,42.135331],[24.967488,42.135432],[24.971355,42.135579],[24.97474,42.135648],[24.97852,42.135767],[24.983409,42.134915],[24.987958,42.134139],[24.992731,42.133328],[24.994653,42.131995],[24.999255,42.132047],[25.003065,42.132155],[25.008364,42.132244],[25.010101,42.132273],[25.013633,42.132332],[25.018787,42.132418],[25.023182,42.132491],[25.02749,42.132582],[25.031737,42.132659],[25.036374,42.132764],[25.040258,42.131153],[25.042973,42.130093],[25.047194,42.128446],[25.049976,42.125534],[25.052757,42.122929],[25.055772,42.120084],[25.057978,42.118144],[25.059855,42.116352],[25.064529,42.116281],[25.069408,42.116213],[25.073917,42.116173],[25.07878,42.116165],[25.083243,42.116121],[25.087674,42.116078],[25.09173,42.116038],[25.096697,42.115989],[25.101783,42.115939],[25.106548,42.115894],[25.111559,42.115851],[25.115221,42.116412],[25.120318,42.117165],[25.124925,42.117974],[25.129494,42.118625],[25.133599,42.11921],[25.138356,42.119916],[25.143346,42.12069],[25.148322,42.121462],[25.151144,42.121899],[25.153276,42.12223],[25.15531,42.123063]]}},{"type":"Feature","properties":{"osm_id":227069212,"voltage":"220000","circuits":"1","cables":"3","name":"","operator":"","ref":""},"geometry":{"type":"LineString","coordinates":[[25.667177,42.439489],[25.667021,42.439809],[25.666596,42.440131],[25.666459,42.440624],[25.669002,42.443147],[25.675262,42.44646],[25.680696,42.447953],[25.684407,42.448998],[25.688382,42.450442],[25.692304,42.45184],[25.694449,42.450664],[25.697405,42.448966],[25.701134,42.446778],[25.705033,42.447554],[25.709284,42.448536],[25.712674,42.449229],[25.717004,42.450088],[25.720907,42.450936],[25.724381,42.450565],[25.728345,42.450113],[25.731158,42.450878],[25.734414,42.451848],[25.737043,42.453091],[25.739033,42.454017],[25.742075,42.453455],[25.744912,42.452916],[25.748329,42.452243],[25.751777,42.451595],[25.754292,42.44963],[25.757358,42.447224],[25.760434,42.444793],[25.761496,42.444016],[25.765305,42.443086],[25.769216,42.442121],[25.773191,42.441155],[25.777128,42.440205],[25.781192,42.439221],[25.785543,42.438132],[25.789657,42.437158],[25.793785,42.436151],[25.796955,42.435367],[25.800914,42.434381],[25.803773,42.432532],[25.806504,42.430639],[25.809379,42.428636],[25.812276,42.426628],[25.815106,42.424639],[25.817262,42.423134],[25.820151,42.421136],[25.822943,42.419202],[25.825818,42.417206],[25.828573,42.415311],[25.831459,42.413303],[25.834415,42.411251],[25.837247,42.409283],[25.840112,42.407306],[25.842969,42.405316],[25.84578,42.403323],[25.848686,42.401347],[25.851616,42.39933],[25.854532,42.397312],[25.857426,42.395321],[25.860255,42.393338],[25.863193,42.391316],[25.866038,42.389337],[25.86886,42.387376],[25.871676,42.385442],[25.874519,42.383469],[25.877448,42.38144],[25.880104,42.379589],[25.882657,42.377858],[25.885506,42.375864],[25.88815,42.374026],[25.891272,42.371842],[25.894483,42.369589],[25.897463,42.367466],[25.900488,42.365326],[25.903399,42.363295],[25.906363,42.3612],[25.909367,42.359111],[25.912719,42.356673],[25.916842,42.353781],[25.920066,42.351597],[25.923089,42.349458],[25.926031,42.34741],[25.929059,42.345255],[25.932214,42.343067],[25.93485,42.341217],[25.937852,42.339102],[25.940824,42.336996],[25.94379,42.334898],[25.946454,42.333032],[25.949216,42.331105],[25.95218,42.329604],[25.955248,42.327478],[25.958365,42.325283],[25.961208,42.323325],[25.96433,42.32116],[25.967366,42.31905],[25.970097,42.317122],[25.973085,42.315063],[25.975735,42.313239],[25.978793,42.311101],[25.98171,42.309083],[25.9842,42.307336],[25.987381,42.305148],[25.990363,42.303069],[25.993164,42.301107],[25.995191,42.2997],[25.997863,42.299072],[26.001431,42.298258],[26.00518,42.297401],[26.0082,42.2967],[26.011327,42.295994],[26.014214,42.295334],[26.01784,42.294505],[26.022244,42.293471],[26.025485,42.292743],[26.028188,42.292172],[26.032083,42.291354],[26.035382,42.290672],[26.039357,42.289826],[26.043653,42.288978],[26.047607,42.288187],[26.051502,42.286977],[26.054967,42.286121],[26.058556,42.285276],[26.062692,42.284276],[26.065465,42.283637],[26.068267,42.282969],[26.071313,42.282087],[26.074013,42.281488],[26.076663,42.280778],[26.079527,42.279996],[26.083131,42.279039],[26.086178,42.278218],[26.088604,42.277547],[26.091163,42.276836],[26.095175,42.275749],[26.09834,42.27488],[26.101139,42.274106],[26.103789,42.273427],[26.106762,42.272613],[26.109637,42.271819],[26.112861,42.27091],[26.116691,42.269882],[26.119637,42.269049],[26.122534,42.268247],[26.125023,42.267596],[26.127651,42.266877],[26.131437,42.265837],[26.134661,42.264924],[26.135267,42.262332],[26.135707,42.260493],[26.136277,42.257929],[26.135889,42.257133]]}},{"type":"Feature","properties":{"osm_id":227121571,"voltage":"220000","circuits":"2","cables":"6","name":"","operator":"","ref":""},"geometry":{"type":"LineString","coordinates":[[23.35183,42.780499],[23.349279,42.778493],[23.347657,42.777235],[23.346156,42.773631],[23.344551,42.769737],[23.343106,42.766231],[23.341985,42.763463],[23.341311,42.760058],[23.340679,42.757817],[23.339759,42.754687],[23.338959,42.751992],[23.338078,42.74896],[23.337118,42.745481],[23.336047,42.741752],[23.335175,42.738753],[23.334935,42.736029],[23.333754,42.732621]]}},{"type":"Feature","properties":{"osm_id":227121572,"voltage":"110000","circuits":"2","cables":"6","name":"","operator":"","ref":""},"geometry":{"type":"LineString","coordinates":[[23.343505,42.768096],[23.344562,42.770715],[23.345623,42.773396],[23.34676,42.776089],[23.347836,42.778724],[23.348991,42.781419],[23.350115,42.784158],[23.351261,42.78691],[23.352326,42.789448],[23.353379,42.792014],[23.354446,42.794577],[23.355512,42.797114],[23.356281,42.798996],[23.356553,42.801144],[23.357522,42.803591],[23.358691,42.806499],[23.359752,42.809072],[23.36039,42.810368],[23.360813,42.811687],[23.361762,42.814155],[23.362272,42.816016],[23.362657,42.816842]]}},{"type":"Feature","properties":{"osm_id":227121573,"voltage":"220000","circuits":"2","cables":"6","name":"Студена/Струма","operator":"","ref":""},"geometry":{"type":"LineString","coordinates":[[23.34684,42.782543],[23.344204,42.780666],[23.341339,42.77861],[23.338808,42.776809],[23.336341,42.774999],[23.334563,42.775359],[23.330799,42.776149],[23.327712,42.776782],[23.324274,42.777519],[23.320761,42.778248],[23.316945,42.779043],[23.313855,42.779657],[23.31077,42.780299],[23.307224,42.781047],[23.303126,42.781791],[23.299673,42.781704],[23.295544,42.78166],[23.291476,42.781609],[23.287596,42.781552],[23.283537,42.781515],[23.279176,42.781452],[23.274945,42.781376],[23.271803,42.781351],[23.268044,42.781275],[23.264851,42.782],[23.261143,42.78285],[23.257101,42.783745],[23.254457,42.784337],[23.250603,42.785225],[23.247293,42.786022],[23.243119,42.785884],[23.239068,42.78566],[23.234913,42.785502],[23.231901,42.785439],[23.228399,42.784576],[23.223816,42.783518],[23.219567,42.782497],[23.216374,42.781741],[23.213181,42.782107],[23.208478,42.78256],[23.204246,42.783014],[23.200341,42.78343],[23.196305,42.783939],[23.194105,42.784146],[23.192078,42.784336],[23.189163,42.784647],[23.185335,42.785032],[23.183587,42.78339],[23.181046,42.780885],[23.178351,42.778289],[23.175896,42.775908],[23.173596,42.773766],[23.171081,42.771328],[23.168609,42.768933],[23.165923,42.766356],[23.162987,42.763596],[23.160481,42.761164],[23.15776,42.758593],[23.155057,42.756034],[23.152234,42.753388],[23.149941,42.751143],[23.148036,42.749284],[23.143452,42.749051],[23.13953,42.748881],[23.135298,42.748616],[23.130595,42.748383],[23.126398,42.748156],[23.122415,42.747942],[23.118312,42.747715],[23.115059,42.7475],[23.113351,42.745961],[23.11053,42.743268],[23.107793,42.740694],[23.106144,42.739158],[23.104429,42.737488],[23.104408,42.733955],[23.104423,42.731317],[23.104422,42.72889],[23.104363,42.725678],[23.104369,42.723116],[23.104377,42.720519],[23.104368,42.718373],[23.104335,42.714541],[23.104342,42.712237],[23.104253,42.708447],[23.104253,42.706121],[23.104232,42.702493],[23.104205,42.700577],[23.104227,42.697758],[23.104812,42.694012],[23.10508,42.69214],[23.105608,42.688644],[23.106089,42.685522],[23.106375,42.683932],[23.106704,42.682145],[23.10659,42.679837],[23.106399,42.676981],[23.106234,42.673023],[23.106051,42.668616],[23.105089,42.666226],[23.104516,42.663831],[23.103599,42.659425],[23.102521,42.65443],[23.106302,42.652822],[23.108486,42.651841],[23.11562,42.648703],[23.118109,42.647554],[23.122847,42.645547],[23.1242,42.644955],[23.128993,42.642838],[23.13216,42.641449],[23.135224,42.640073],[23.138288,42.638696],[23.139162,42.635779],[23.143446,42.634415],[23.146717,42.63338],[23.149824,42.632426],[23.149583,42.630153],[23.14912,42.6269],[23.148785,42.624324],[23.14839,42.621317],[23.147978,42.618564],[23.147635,42.615905],[23.14736,42.613738],[23.144931,42.61135],[23.143644,42.610011],[23.139244,42.60855],[23.135922,42.607374],[23.132409,42.606063],[23.129868,42.605179],[23.124574,42.604987],[23.124564,42.604265],[23.12476,42.60336],[23.125728,42.599732],[23.126457,42.596766],[23.127375,42.592963],[23.128464,42.58854],[23.128979,42.586553],[23.129601,42.582991],[23.130153,42.579692],[23.130567,42.57718],[23.131173,42.57413],[23.131429,42.572401],[23.131819,42.570549],[23.133482,42.566672],[23.13401,42.564937],[23.135191,42.561958],[23.136398,42.558955],[23.137803,42.555611],[23.138458,42.553759],[23.138798,42.552205],[23.139466,42.548776],[23.139777,42.54714],[23.140495,42.543591],[23.140833,42.541951],[23.141499,42.538658],[23.141907,42.536385],[23.14534,42.531303],[23.146386,42.529811],[23.146225,42.527985],[23.146037,42.525894],[23.145694,42.52281],[23.145581,42.520391],[23.145206,42.517239],[23.144734,42.513083],[23.144482,42.510169],[23.144181,42.507057],[23.143897,42.504166],[23.143597,42.501247],[23.143221,42.497604],[23.141171,42.495402],[23.138908,42.493056],[23.135797,42.489796],[23.133951,42.487858],[23.131253,42.485105],[23.129402,42.483206],[23.127568,42.481216],[23.124451,42.477932],[23.120878,42.4743],[23.119575,42.472994],[23.118019,42.470525],[23.116077,42.467625],[23.114173,42.464712],[23.112327,42.462042],[23.110724,42.459607],[23.108696,42.456567],[23.10663,42.453516],[23.104447,42.450306],[23.102516,42.447484],[23.100456,42.444333],[23.0989,42.442049],[23.097617,42.440137],[23.095188,42.436593],[23.09419,42.435006],[23.092104,42.431929],[23.091122,42.430472],[23.089706,42.428449],[23.086991,42.425396],[23.084217,42.422288],[23.081723,42.419477],[23.07911,42.416594],[23.076348,42.413584],[23.073944,42.410815],[23.071718,42.408265],[23.069014,42.405167],[23.066305,42.402105],[23.063479,42.398892],[23.064717,42.395101],[23.065383,42.393298],[23.066607,42.389613],[23.067481,42.387057],[23.068683,42.383579],[23.069745,42.380389],[23.070732,42.377385],[23.071488,42.375245],[23.072781,42.371421],[23.073854,42.368203],[23.074659,42.36582],[23.075297,42.363902],[23.073623,42.363074],[23.069139,42.360822],[23.067733,42.360057],[23.064804,42.356632],[23.062819,42.354274],[23.061005,42.352102],[23.059782,42.350695],[23.057347,42.347789],[23.054895,42.344823],[23.052315,42.34183],[23.05011,42.3393],[23.049247,42.338197],[23.047396,42.336005],[23.045642,42.333915],[23.04334,42.331226],[23.041849,42.329434],[23.039102,42.326154],[23.036474,42.323076],[23.035026,42.321363],[23.0334,42.319371],[23.032574,42.316008],[23.031812,42.312977],[23.03105,42.309907],[23.030192,42.306237],[23.029425,42.303206],[23.028524,42.299516],[23.027666,42.295933],[23.026791,42.292465],[23.025879,42.288806],[23.025799,42.287029],[23.028889,42.286298]]}},{"type":"Feature","properties":{"osm_id":227152337,"voltage":"400000","circuits":"1","cables":"3","name":"Сердика","operator":"","ref":""},"geometry":{"type":"LineString","coordinates":[[23.346962,42.832272],[23.345629,42.830741],[23.343454,42.828209],[23.339055,42.828339],[23.334102,42.828535],[23.33048,42.82866],[23.326026,42.828868],[23.322558,42.829007],[23.317417,42.829221],[23.313589,42.829359],[23.309787,42.82951],[23.303778,42.829806],[23.300251,42.829963],[23.298328,42.830014],[23.294946,42.830177],[23.292028,42.830278],[23.287102,42.830473],[23.28075,42.831166],[23.277334,42.831562],[23.274218,42.831908],[23.268425,42.832538],[23.264142,42.83296],[23.259207,42.833501],[23.254683,42.833998],[23.252804,42.836182],[23.25101,42.838253],[23.248795,42.84077],[23.246881,42.843011],[23.245036,42.8451],[23.243216,42.847221],[23.240384,42.850493],[23.237912,42.853312],[23.236539,42.854898],[23.23508,42.856464],[23.231938,42.858169],[23.227681,42.86034],[23.224471,42.862026],[23.222016,42.863272],[23.218454,42.865096],[23.216738,42.864448],[23.214266,42.863335],[23.211107,42.861957],[23.207639,42.860434],[23.204515,42.858969],[23.200395,42.857194],[23.198387,42.855024],[23.196687,42.853199],[23.195173,42.851622],[23.19334,42.849482],[23.192023,42.848057],[23.19079,42.848129],[23.1905,42.848239]]}},{"type":"Feature","properties":{"osm_id":227157039,"voltage":"110000","circuits":"2","cables":"6","name":"","operator":"","ref":""},"geometry":{"type":"LineString","coordinates":[[23.619364,42.718573],[23.621241,42.718977],[23.623328,42.719679],[23.625487,42.720161],[23.626454,42.721644],[23.628041,42.724015],[23.631137,42.725221],[23.634023,42.726372],[23.638354,42.728129],[23.641948,42.729568],[23.646057,42.73116],[23.648804,42.73222],[23.654036,42.734324],[23.656963,42.735494],[23.660699,42.736995],[23.663497,42.738138],[23.666941,42.739517],[23.6701,42.740774],[23.672482,42.741695],[23.674875,42.742743],[23.678056,42.742649],[23.684574,42.742487],[23.687771,42.742409],[23.690528,42.742361],[23.693441,42.742279],[23.696027,42.742251],[23.698526,42.742192],[23.70204,42.742145],[23.704519,42.742085],[23.706289,42.741782],[23.711701,42.740919],[23.715049,42.740383],[23.717833,42.739926],[23.720848,42.739426],[23.725826,42.738646],[23.730118,42.737941],[23.735632,42.737019],[23.739736,42.736404],[23.743706,42.735742],[23.747777,42.735068],[23.750969,42.73454],[23.754209,42.734036],[23.757302,42.73353],[23.759055,42.733248],[23.7604,42.733031],[23.764139,42.732405],[23.767022,42.731915],[23.770447,42.731372],[23.775758,42.730474],[23.777657,42.72876],[23.780371,42.726285],[23.782099,42.724776],[23.782683,42.724481],[23.786907,42.722464],[23.788515,42.72169],[23.789984,42.719428],[23.791481,42.716831],[23.792854,42.714655],[23.794319,42.712298],[23.795832,42.709819],[23.796126,42.709351],[23.79801,42.706354],[23.798685,42.705186],[23.799531,42.703722],[23.8014,42.70074],[23.803841,42.700228],[23.806212,42.699664],[23.808797,42.699065],[23.816324,42.697381],[23.821232,42.696273],[23.82385,42.69567],[23.828919,42.694554],[23.83327,42.693565],[23.838334,42.692417],[23.840141,42.692013],[23.845394,42.69084],[23.847958,42.690257],[23.852756,42.690279],[23.854744,42.690288],[23.857914,42.690324],[23.862903,42.690294],[23.867325,42.69032],[23.871065,42.690318],[23.873076,42.690338],[23.875447,42.690371],[23.87799,42.690373],[23.880248,42.690343],[23.881584,42.690363],[23.887027,42.690584],[23.890578,42.690745],[23.892488,42.690828],[23.897048,42.691014],[23.899164,42.691101],[23.902986,42.691258],[23.905435,42.691343],[23.908575,42.691453],[23.912046,42.691665],[23.91475,42.691786],[23.918642,42.689922],[23.920903,42.688873],[23.923293,42.687751],[23.925366,42.686787],[23.928275,42.685401],[23.92942,42.685308],[23.930275,42.68523],[23.93181,42.685091],[23.934184,42.684857],[23.936611,42.68462],[23.941282,42.684202],[23.945093,42.683821],[23.946967,42.683663],[23.949224,42.683429],[23.952907,42.6831],[23.958375,42.682575],[23.961752,42.682264],[23.96389,42.682059],[23.968364,42.681634],[23.972682,42.681208],[23.975256,42.680963],[23.979103,42.680597],[23.984258,42.680132],[23.987881,42.679826],[23.9928,42.679994],[23.997204,42.680239],[23.999929,42.680369],[24.007042,42.68072],[24.012085,42.680921],[24.017116,42.68119],[24.020461,42.681369]]}},{"type":"Feature","properties":{"osm_id":227157040,"voltage":"110000","circuits":"1","cables":"3","name":"","operator":"","ref":""},"geometry":{"type":"LineString","coordinates":[[24.020952,42.681684],[24.021877,42.682974],[24.023625,42.685414],[24.025791,42.688644],[24.028122,42.691793],[24.029337,42.693149],[24.027054,42.695325],[24.025222,42.697092],[24.024896,42.697404],[24.023469,42.698714],[24.022709,42.699501],[24.020129,42.699903],[24.019699,42.699892]]}},{"type":"Feature","properties":{"osm_id":227182015,"voltage":"220000","circuits":"1","cables":"1","name":"Хайредин","operator":"","ref":""},"geometry":{"type":"LineString","coordinates":[[23.780077,43.744993],[23.780565,43.745944],[23.781425,43.748113]]}},{"type":"Feature","properties":{"osm_id":227339221,"voltage":"400000","circuits":"1","cables":"3","name":"Родина","operator":"Електроенергиен системен оператор ЕАД","ref":""},"geometry":{"type":"LineString","coordinates":[[24.17067,43.265825],[24.171946,43.2669],[24.176439,43.268079],[24.180938,43.269184],[24.185846,43.27045],[24.190363,43.271667],[24.196027,43.272974],[24.200463,43.274079],[24.203073,43.27482],[24.20592,43.275939],[24.210067,43.277449],[24.21391,43.2789],[24.216745,43.279984],[24.220339,43.281357],[24.223958,43.282737],[24.228016,43.284294],[24.230987,43.28543],[24.234394,43.286738],[24.237987,43.288111],[24.241646,43.289478],[24.245358,43.290938],[24.249896,43.292679],[24.253823,43.294171],[24.257482,43.295584],[24.260733,43.296842],[24.263876,43.29806],[24.266998,43.299207],[24.271268,43.300855],[24.274466,43.302081],[24.277446,43.303237],[24.280871,43.304517],[24.284819,43.306031],[24.288338,43.307398],[24.291814,43.308678],[24.29543,43.310099],[24.299056,43.31145],[24.302822,43.312902],[24.306415,43.314226],[24.309871,43.315571],[24.313459,43.316871],[24.316984,43.318257],[24.320761,43.319653],[24.324294,43.320999],[24.326862,43.321977],[24.329948,43.323153],[24.333086,43.324348],[24.336394,43.325608],[24.339977,43.326973],[24.343625,43.328363],[24.347051,43.329668],[24.350776,43.331087],[24.354372,43.332456],[24.357267,43.333559],[24.360874,43.334933],[24.365103,43.336496],[24.369351,43.338104],[24.373053,43.339532],[24.376465,43.340874],[24.380059,43.342185],[24.384007,43.34369],[24.388084,43.345212],[24.391914,43.346679],[24.396201,43.348319],[24.400233,43.349851],[24.403672,43.351175],[24.406681,43.352808],[24.409894,43.354563],[24.413241,43.356361],[24.416793,43.358347],[24.419443,43.359774],[24.422617,43.361458],[24.425671,43.36314],[24.429072,43.364981],[24.431995,43.366595],[24.435429,43.368444],[24.439091,43.370464],[24.442844,43.372536],[24.446192,43.372103],[24.45002,43.371645],[24.454283,43.371139],[24.459468,43.370463],[24.465254,43.370881],[24.468582,43.371168],[24.47231,43.371421],[24.476071,43.3717],[24.480792,43.37202],[24.485076,43.37232],[24.488683,43.372578],[24.493145,43.372862],[24.497532,43.373205],[24.503675,43.373591],[24.506641,43.373821],[24.510514,43.374086],[24.513969,43.374379],[24.518132,43.374605],[24.521736,43.374865],[24.52422,43.375044],[24.527997,43.373931],[24.531296,43.372928],[24.534623,43.371947],[24.537878,43.370955],[24.542138,43.369656],[24.54528,43.368724],[24.549599,43.367418],[24.554411,43.365963],[24.557635,43.364985],[24.561106,43.363935],[24.56492,43.362773],[24.569484,43.361403],[24.572779,43.360351],[24.576754,43.359216],[24.579801,43.358284],[24.582312,43.357524],[24.584726,43.356763],[24.587414,43.355978],[24.590128,43.355148],[24.593116,43.35422],[24.595256,43.353604],[24.598217,43.352695],[24.600765,43.351911],[24.603362,43.351131],[24.606039,43.350307],[24.60893,43.349426],[24.611266,43.348715],[24.613881,43.347928],[24.616671,43.347077],[24.619594,43.346192],[24.622689,43.345258],[24.625629,43.345513],[24.628601,43.345767],[24.631359,43.346007],[24.634068,43.34627],[24.636283,43.346488],[24.640526,43.346812],[24.644166,43.347193],[24.649686,43.347654],[24.653255,43.347972],[24.656401,43.348253],[24.660405,43.348613],[24.663468,43.348885],[24.666268,43.349157],[24.669548,43.348934],[24.673044,43.348751],[24.677069,43.348494],[24.681371,43.348252],[24.686462,43.34794],[24.690442,43.347699],[24.694166,43.347469],[24.696037,43.34783],[24.700018,43.348513],[24.703988,43.349236],[24.70811,43.35002],[24.713067,43.350886],[24.716932,43.351563],[24.720907,43.352266],[24.724592,43.352929],[24.72773,43.353498],[24.730622,43.354001],[24.734098,43.354622],[24.736818,43.355101],[24.739961,43.355659],[24.743148,43.356229],[24.746039,43.356747],[24.748979,43.357262],[24.752176,43.357824],[24.755191,43.35835],[24.758216,43.358908],[24.761215,43.359435],[24.764149,43.359987],[24.767094,43.3605],[24.770079,43.361023],[24.772776,43.361529],[24.775758,43.36205],[24.778735,43.362567],[24.781041,43.363016],[24.784261,43.362438],[24.787694,43.361865],[24.791875,43.361166],[24.794609,43.360683],[24.798267,43.360078],[24.802349,43.359411],[24.806459,43.358721],[24.810466,43.35805],[24.813025,43.357602],[24.817245,43.356917],[24.821527,43.356201],[24.825813,43.35548],[24.830175,43.35475],[24.834418,43.354037],[24.838919,43.353277],[24.843055,43.352589],[24.847464,43.351837],[24.851943,43.351084],[24.856294,43.35035],[24.860564,43.349621],[24.864906,43.348902],[24.869437,43.348127],[24.873487,43.34744],[24.877333,43.346816],[24.880986,43.346149],[24.884479,43.344776],[24.887928,43.343371],[24.892509,43.341503],[24.89627,43.339993],[24.899976,43.338475],[24.903646,43.336992],[24.907524,43.335428],[24.9118,43.333688],[24.915737,43.332068],[24.919637,43.330492],[24.923516,43.328911],[24.927501,43.327311],[24.931063,43.325842],[24.934159,43.324588],[24.937817,43.323097],[24.94184,43.321462],[24.945011,43.320158],[24.948562,43.318737],[24.952886,43.316966],[24.956496,43.315502],[24.960142,43.313994],[24.96391,43.312461],[24.967648,43.310959],[24.97157,43.309374],[24.975448,43.307801],[24.979397,43.306173],[24.983626,43.304433],[24.98718,43.302991],[24.991054,43.301402],[24.99512,43.299759],[24.998912,43.298209],[25.002598,43.296702],[25.006546,43.29507],[25.010779,43.293379],[25.014095,43.291983],[25.017007,43.291407],[25.021056,43.29057],[25.025863,43.289549],[25.03112,43.288459],[25.035508,43.287536],[25.039778,43.286605],[25.044058,43.285707],[25.048294,43.284851],[25.05238,43.284004],[25.055979,43.28323],[25.060035,43.282371],[25.064063,43.281516],[25.067534,43.280862],[25.071589,43.280132],[25.075898,43.279331],[25.07998,43.278575],[25.084201,43.277822],[25.088214,43.27708],[25.092473,43.276302],[25.096475,43.275576],[25.09978,43.274935],[25.10286,43.274389],[25.105927,43.273803],[25.110916,43.272893],[25.114666,43.272201],[25.118163,43.271545],[25.121902,43.270862],[25.125787,43.270172],[25.129423,43.269479],[25.13298,43.268825],[25.136957,43.268083],[25.140619,43.267421],[25.144101,43.266778],[25.147586,43.266141],[25.151668,43.265397],[25.155336,43.264716],[25.159228,43.26401],[25.162568,43.263375],[25.166726,43.262549],[25.171171,43.261645],[25.175275,43.26082],[25.179987,43.259864],[25.18341,43.259181],[25.187884,43.258286],[25.192719,43.257293],[25.197257,43.256384],[25.202406,43.255322],[25.205674,43.254221],[25.209623,43.252939],[25.213777,43.251576],[25.217765,43.250239],[25.221915,43.248876],[25.226165,43.24747],[25.230092,43.246149],[25.234329,43.24478],[25.238382,43.243429],[25.242467,43.242086],[25.246027,43.240953],[25.249502,43.239785],[25.253457,43.238469],[25.257579,43.237095],[25.261738,43.235734],[25.26598,43.234339],[25.269905,43.233053],[25.274061,43.231691],[25.277508,43.230556],[25.280968,43.229409],[25.285014,43.228064],[25.28823,43.22701],[25.292296,43.225689],[25.296555,43.224296],[25.300647,43.222961],[25.30508,43.221475],[25.309246,43.22012],[25.31351,43.218702],[25.317722,43.21734],[25.321876,43.215946],[25.326083,43.214573],[25.330061,43.213264]]}},{"type":"Feature","properties":{"osm_id":227347299,"voltage":"220000","circuits":"","cables":"","name":"","operator":"","ref":""},"geometry":{"type":"LineString","coordinates":[[25.622372,41.942894],[25.625219,41.943056],[25.627233,41.943206],[25.629596,41.943364],[25.634113,41.943624],[25.637319,41.943842],[25.639149,41.943946],[25.641551,41.944262],[25.64765,41.944957],[25.650145,41.945256],[25.652089,41.945196],[25.656115,41.945074],[25.659586,41.944969],[25.665205,41.944733],[25.669499,41.944571],[25.673912,41.944418],[25.678152,41.94426],[25.682323,41.944083],[25.686896,41.943901],[25.691126,41.943743],[25.695031,41.943616],[25.70027,41.943396],[25.702989,41.94331],[25.70756,41.943129],[25.711379,41.942978],[25.71617,41.944922],[25.719461,41.946231],[25.719182,41.950283],[25.718951,41.953714],[25.718747,41.956915],[25.718501,41.960481],[25.718283,41.963647],[25.718069,41.96686],[25.717854,41.97006],[25.715038,41.972506],[25.712382,41.974812],[25.709617,41.977221],[25.707085,41.979436],[25.704325,41.981805],[25.702136,41.983707],[25.699452,41.986028],[25.696405,41.988734],[25.697502,41.990873],[25.698521,41.992816],[25.699272,41.994251],[25.700471,41.99654],[25.702305,42.00006],[25.703633,42.002623],[25.705256,42.005717],[25.706849,42.00876],[25.708,42.011052],[25.704344,42.013693],[25.701259,42.015957],[25.698462,42.018005],[25.695275,42.020318],[25.691019,42.023427],[25.687669,42.02586],[25.684656,42.028075],[25.680797,42.030894],[25.677803,42.033086],[25.67566,42.034656],[25.672141,42.035753],[25.667563,42.037194],[25.663934,42.038354],[25.659452,42.039736],[25.658422,42.04069],[25.655058,42.041152],[25.651231,42.041977],[25.646526,42.042996],[25.642991,42.043752],[25.639284,42.044568],[25.635695,42.044253],[25.631168,42.043853],[25.627592,42.043542],[25.625844,42.044652],[25.623585,42.046043]]}},{"type":"Feature","properties":{"osm_id":227347300,"voltage":"110000","circuits":"1","cables":"3","name":"","operator":"","ref":""},"geometry":{"type":"LineString","coordinates":[[25.623563,41.941911],[25.626694,41.942083],[25.630553,41.942362],[25.635263,41.942669],[25.639812,41.942981],[25.644243,41.943432],[25.65031,41.944245],[25.653706,41.944158],[25.656586,41.94405],[25.660813,41.94393],[25.665667,41.943775],[25.669997,41.943659],[25.674825,41.943495],[25.678516,41.943348],[25.682759,41.94314],[25.687518,41.942921],[25.691727,41.94279],[25.695827,41.942574],[25.700119,41.942394],[25.703273,41.942234],[25.707541,41.942079],[25.711722,41.941863],[25.714812,41.943103],[25.717803,41.94431],[25.720925,41.945579],[25.720656,41.949572],[25.720453,41.952696],[25.720222,41.956235],[25.71999,41.95986],[25.719707,41.963666],[25.719445,41.967631],[25.719213,41.971048],[25.722817,41.972265],[25.726724,41.97363],[25.730187,41.974772],[25.732903,41.975691],[25.737646,41.977331],[25.740452,41.978503],[25.742982,41.979563],[25.745943,41.980827],[25.748675,41.981972],[25.752332,41.983535],[25.755444,41.984843],[25.759892,41.98671],[25.763313,41.988156],[25.767081,41.989768],[25.770915,41.99139],[25.773881,41.99265],[25.777787,41.994296],[25.779446,41.996657],[25.781532,41.999552],[25.784213,42.003262],[25.78665,42.006687],[25.788265,42.009003],[25.791423,42.013347],[25.793397,42.01622],[25.795194,42.018779],[25.796515,42.022554],[25.797994,42.026833],[25.798763,42.029017],[25.799791,42.032101],[25.801299,42.036388],[25.802888,42.040907],[25.804217,42.044786],[25.805354,42.048228],[25.807016,42.052979],[25.808478,42.057255],[25.810833,42.0598],[25.813558,42.06268],[25.817424,42.066765],[25.820092,42.069657],[25.823373,42.073144],[25.827386,42.077448],[25.829891,42.080096],[25.833109,42.083233],[25.836237,42.086295],[25.838958,42.088864],[25.841811,42.091618],[25.844478,42.094154],[25.847717,42.097374],[25.851129,42.100642],[25.854004,42.103463],[25.856554,42.105924],[25.857625,42.108892],[25.859192,42.113198],[25.860554,42.116934],[25.860863,42.117793],[25.861724,42.120185],[25.865791,42.120298],[25.869969,42.122624],[25.870839,42.122888],[25.875254,42.124121],[25.876096,42.125601],[25.878494,42.12621],[25.881273,42.126871],[25.885778,42.126647],[25.890848,42.126389],[25.895038,42.126198],[25.900353,42.125935],[25.90539,42.125648],[25.909849,42.126898],[25.91384,42.127977],[25.919788,42.129643],[25.923105,42.129381],[25.926935,42.129071],[25.93216,42.128657],[25.9351,42.12843],[25.936918,42.127416],[25.940029,42.125693],[25.942776,42.124197],[25.947892,42.125048],[25.95353,42.125975],[25.957764,42.126664],[25.963632,42.127638],[25.967955,42.128346],[25.97309,42.129182],[25.977958,42.129968],[25.984236,42.130996],[25.988686,42.132948],[25.992081,42.134498],[25.995025,42.135863],[25.997138,42.136888],[25.998605,42.137584],[25.9977,42.138706],[25.994757,42.13934],[25.992861,42.139745],[25.992983,42.141651],[25.993133,42.143064]]}},{"type":"Feature","properties":{"osm_id":227348369,"voltage":"110000","circuits":"1","cables":"3","name":"","operator":"","ref":""},"geometry":{"type":"LineString","coordinates":[[25.913997,42.12764],[25.917631,42.128791],[25.920221,42.129324],[25.923113,42.129075],[25.926594,42.128781],[25.928007,42.128692],[25.932428,42.128346],[25.934181,42.128229],[25.936206,42.127153],[25.940362,42.124922],[25.94284,42.123603],[25.946404,42.124211],[25.950692,42.124912],[25.955328,42.125665],[25.960158,42.126437],[25.964485,42.127139],[25.968855,42.127883],[25.973718,42.128654],[25.977855,42.129342],[25.982705,42.130118],[25.98552,42.131241],[25.989525,42.133065],[25.992806,42.134625],[25.996938,42.136564],[26.000453,42.138228],[26.000913,42.140461],[26.003655,42.140721]]}},{"type":"Feature","properties":{"osm_id":227397610,"voltage":"110000","circuits":"2","cables":"6","name":"","operator":"","ref":""},"geometry":{"type":"LineString","coordinates":[[24.469695,42.02684],[24.468892,42.027515],[24.468237,42.027974],[24.468631,42.030275],[24.469018,42.032552],[24.469804,42.033528]]}},{"type":"Feature","properties":{"osm_id":233090979,"voltage":"400000","circuits":"1","cables":"1","name":"","operator":"","ref":""},"geometry":{"type":"LineString","coordinates":[[27.459752,43.256849],[27.456344,43.2555],[27.455445,43.252945]]}},{"type":"Feature","properties":{"osm_id":234187718,"voltage":"110000","circuits":"1","cables":"3","name":"","operator":"","ref":""},"geometry":{"type":"LineString","coordinates":[[22.835697,43.941147],[22.834554,43.942355],[22.836286,43.944661],[22.837248,43.947441],[22.83808,43.949762],[22.838989,43.95241],[22.840001,43.955273],[22.841022,43.958194],[22.842105,43.961001],[22.842984,43.963578],[22.842485,43.964991],[22.84222,43.965626],[22.841621,43.967477],[22.840736,43.969867],[22.839634,43.972964],[22.838885,43.975274],[22.838871,43.977943],[22.838866,43.981089],[22.838866,43.984479],[22.838866,43.9867],[22.838866,43.987394],[22.838872,43.989522],[22.838866,43.990172],[22.838854,43.991567],[22.838853,43.993799],[22.83977,43.996266],[22.840591,43.998982],[22.841218,44.001039],[22.844098,44.002608],[22.847048,44.004236],[22.850163,44.005987],[22.851266,44.006618],[22.853227,44.007694],[22.85629,44.009416],[22.858517,44.010641],[22.860873,44.009203],[22.864106,44.007238],[22.866208,44.006178],[22.867459,44.005554],[22.869552,44.004482],[22.869943,44.004259]]}},{"type":"Feature","properties":{"osm_id":235026406,"voltage":"110000","circuits":"2","cables":"6","name":"","operator":"","ref":""},"geometry":{"type":"LineString","coordinates":[[27.559309,43.151572],[27.559615,43.151441],[27.562501,43.150222],[27.565295,43.148882],[27.56846,43.147399],[27.571429,43.145986],[27.574271,43.144649],[27.577445,43.143166],[27.580085,43.141934],[27.582166,43.141864],[27.585457,43.14174]]}},{"type":"Feature","properties":{"osm_id":235026407,"voltage":"110000","circuits":"1","cables":"3","name":"","operator":"","ref":""},"geometry":{"type":"LineString","coordinates":[[25.943625,43.224693],[25.944045,43.224985],[25.941188,43.226819],[25.938399,43.228578],[25.934883,43.228775],[25.931299,43.228978],[25.927815,43.229168],[25.924425,43.229355],[25.921005,43.229539],[25.919167,43.229643],[25.915238,43.22986],[25.912862,43.229983],[25.910866,43.230092],[25.908313,43.230237],[25.905274,43.230401],[25.902862,43.23053],[25.900835,43.230645],[25.898171,43.230784],[25.894582,43.230976],[25.89186,43.233323],[25.890521,43.23446],[25.888636,43.236082],[25.887947,43.237856],[25.887061,43.240072],[25.886147,43.24243],[25.885246,43.244728],[25.884529,43.246586],[25.88363,43.248815],[25.886023,43.24978],[25.888975,43.251],[25.891883,43.252197],[25.896335,43.254012],[25.900042,43.255531],[25.90283,43.25666],[25.906061,43.257984],[25.909292,43.25928],[25.912753,43.26072],[25.916039,43.262064],[25.917928,43.26283],[25.920431,43.263863],[25.923985,43.265334],[25.927336,43.266678],[25.930622,43.26803],[25.93393,43.269394],[25.93704,43.270638],[25.939795,43.271762],[25.943601,43.273305],[25.946449,43.274481],[25.950134,43.276036],[25.951887,43.276694],[25.954471,43.277727],[25.956702,43.278637],[25.959361,43.279702],[25.962821,43.28108],[25.965577,43.282226],[25.968376,43.283329],[25.972183,43.28487],[25.974709,43.285902],[25.978196,43.287282],[25.981068,43.288459],[25.98361,43.289797],[25.986109,43.291173],[25.988667,43.292518],[25.990531,43.29352],[25.9926,43.294628],[25.994916,43.295847],[25.996528,43.296745],[25.999258,43.298202],[26.001542,43.29944],[26.004777,43.301194],[26.007193,43.302466],[26.008931,43.303387],[26.01079,43.304389],[26.012858,43.305498],[26.015588,43.306973],[26.018224,43.308395],[26.02096,43.309847],[26.023449,43.311146],[26.025938,43.312499],[26.02869,43.313939],[26.030463,43.314929],[26.032642,43.316081],[26.03449,43.317105],[26.036775,43.318338],[26.039435,43.319662],[26.04172,43.320904],[26.043925,43.322086],[26.046991,43.32373],[26.049358,43.325012],[26.050671,43.325724],[26.053804,43.327402],[26.056448,43.328811],[26.058213,43.329775],[26.060213,43.33089],[26.063743,43.332779],[26.067369,43.3347],[26.070683,43.336494],[26.07316,43.337827],[26.075009,43.338788],[26.076644,43.339676],[26.079247,43.341061],[26.08151,43.342286],[26.083805,43.343515],[26.085781,43.344556],[26.088104,43.344452],[26.090785,43.344304],[26.093763,43.344129],[26.096402,43.343973],[26.100232,43.343761],[26.103587,43.343591],[26.106763,43.343415],[26.111289,43.343154],[26.114095,43.342984],[26.117575,43.342792],[26.120805,43.342605],[26.122992,43.342492],[26.125476,43.342367],[26.127694,43.342237],[26.131317,43.341993],[26.134053,43.341849],[26.13729,43.341677],[26.140482,43.341469],[26.144787,43.341245],[26.147566,43.341089],[26.150594,43.340917],[26.153258,43.340768],[26.155845,43.340648],[26.158421,43.340476],[26.161393,43.3403],[26.164608,43.340104],[26.16774,43.339932],[26.170789,43.339744],[26.172732,43.339455]]}},{"type":"Feature","properties":{"osm_id":235026408,"voltage":"110000","circuits":"1","cables":"3","name":"","operator":"","ref":""},"geometry":{"type":"LineString","coordinates":[[25.799394,43.48208],[25.798917,43.481639],[25.797059,43.480621],[25.795552,43.479762],[25.794382,43.479118],[25.79241,43.478031],[25.790912,43.477176],[25.788345,43.475732],[25.786587,43.47477],[25.784894,43.473819],[25.782076,43.47224],[25.779513,43.470828],[25.77763,43.469774],[25.776059,43.468896],[25.774287,43.467906],[25.77259,43.466959],[25.770737,43.465152],[25.768516,43.463002],[25.767273,43.461799],[25.76613,43.460719],[25.765011,43.459616],[25.760099,43.455592],[25.759115,43.454935],[25.756405,43.452972],[25.755336,43.452192],[25.753565,43.450892],[25.751557,43.449471],[25.749664,43.448074],[25.746328,43.445624],[25.742922,43.443179],[25.740946,43.441744],[25.739568,43.440748],[25.736189,43.438303],[25.735137,43.437536],[25.73378,43.436548],[25.73256,43.435652],[25.730716,43.434323],[25.728922,43.43305],[25.727283,43.431836],[25.726068,43.430964],[25.72462,43.429912],[25.722248,43.428196],[25.720609,43.427029],[25.719425,43.426163],[25.717377,43.424632],[25.715305,43.423131],[25.713648,43.421937],[25.7124,43.421024],[25.710579,43.419702],[25.708171,43.417985],[25.706523,43.416785],[25.704702,43.415445],[25.701483,43.413127],[25.699307,43.41153],[25.697167,43.409962],[25.695573,43.408834],[25.693448,43.407257],[25.691009,43.405481],[25.688653,43.403811],[25.686948,43.402565],[25.682594,43.399431],[25.678886,43.396715],[25.6761,43.394704],[25.673309,43.392658],[25.670846,43.390882],[25.667961,43.388811],[25.665328,43.386901],[25.66236,43.384766],[25.659487,43.382686],[25.656582,43.380554],[25.653835,43.37856],[25.65157,43.376917],[25.6499,43.374773],[25.647872,43.372154],[25.646094,43.369849],[25.644116,43.367756],[25.641726,43.365254],[25.639553,43.362961],[25.637521,43.360777],[25.635825,43.360088],[25.634633,43.357771],[25.632664,43.355643],[25.631027,43.353936],[25.629955,43.353029]]}},{"type":"Feature","properties":{"osm_id":235044643,"voltage":"110000","circuits":"2","cables":"6","name":"","operator":"","ref":""},"geometry":{"type":"LineString","coordinates":[[24.60584,42.283755],[24.604699,42.282267],[24.601743,42.279609],[24.598888,42.277038],[24.596864,42.27516],[24.594194,42.272834],[24.591772,42.270678],[24.589014,42.268214],[24.586443,42.265886],[24.583943,42.26364],[24.581716,42.261658],[24.579216,42.260142],[24.575837,42.258056],[24.572974,42.256295],[24.570353,42.254694],[24.567083,42.253356],[24.56489,42.251364],[24.562083,42.249626],[24.559514,42.248027],[24.556878,42.246406],[24.553247,42.246459],[24.549653,42.246489],[24.546171,42.246352],[24.54236,42.246179],[24.538356,42.246006],[24.534181,42.245803],[24.530204,42.24563],[24.526947,42.245463],[24.526695,42.247841],[24.526389,42.250182],[24.526095,42.252844],[24.523855,42.252734],[24.521704,42.252591]]}},{"type":"Feature","properties":{"osm_id":235044648,"voltage":"400000","circuits":"1","cables":"3","name":"","operator":"","ref":""},"geometry":{"type":"LineString","coordinates":[[22.992281,42.129069],[22.992515,42.126877],[22.993322,42.121928],[22.99389,42.119525]]}},{"type":"Feature","properties":{"osm_id":235044650,"voltage":"400000","circuits":"2","cables":"6","name":"","operator":"","ref":""},"geometry":{"type":"LineString","coordinates":[[22.990655,42.138655],[22.991145,42.135688],[22.991628,42.133029],[22.992281,42.129069]]}},{"type":"Feature","properties":{"osm_id":235044652,"voltage":"400000","circuits":"1","cables":"3","name":"","operator":"","ref":""},"geometry":{"type":"LineString","coordinates":[[22.992281,42.129069],[22.992788,42.126927],[22.993628,42.121939],[22.99389,42.119525]]}},{"type":"Feature","properties":{"osm_id":235044658,"voltage":"400000","circuits":"1","cables":"3","name":"Пирин","operator":"","ref":""},"geometry":{"type":"LineString","coordinates":[[23.101431,41.96402],[23.101084,41.964048],[23.0959,41.960897],[23.094666,41.960289],[23.091712,41.958635],[23.090269,41.957848],[23.087034,41.954065],[23.085202,41.951824],[23.08498,41.948016],[23.084875,41.944876],[23.084574,41.93947],[23.085046,41.93836],[23.086026,41.936082],[23.088366,41.930687],[23.089139,41.928841],[23.091146,41.924087],[23.0933,41.919339],[23.094472,41.916568],[23.095459,41.914273],[23.096798,41.911086],[23.10222,41.909307],[23.107718,41.907509],[23.109346,41.906924],[23.111683,41.906166],[23.117923,41.906158],[23.124037,41.906173],[23.125785,41.903954],[23.128508,41.900423],[23.128513,41.897785],[23.128687,41.892736],[23.128698,41.890977],[23.133549,41.888427],[23.138411,41.886023],[23.141971,41.884185],[23.142481,41.883751],[23.146444,41.880379],[23.147842,41.879134],[23.150029,41.877202],[23.151862,41.875624],[23.156774,41.871473],[23.158317,41.870071],[23.162823,41.866309],[23.165357,41.864142],[23.167224,41.857406],[23.169551,41.849078],[23.169932,41.847571],[23.170598,41.84548],[23.171727,41.841356],[23.172161,41.839772],[23.173081,41.836166],[23.174596,41.830872],[23.175094,41.829057],[23.175663,41.827464],[23.177081,41.822422],[23.177474,41.820968],[23.178218,41.818436],[23.179822,41.815956],[23.181836,41.812731],[23.184068,41.80914],[23.18517,41.807521],[23.18657,41.803844],[23.188438,41.799213],[23.189484,41.796553],[23.190356,41.794273],[23.191455,41.791305],[23.192112,41.789571],[23.190494,41.786697],[23.188708,41.783525],[23.188655,41.783432],[23.186984,41.780464],[23.187061,41.777516],[23.187172,41.774204],[23.187263,41.77091],[23.187355,41.768373],[23.187379,41.7675],[23.187418,41.766142],[23.187761,41.758059],[23.18779,41.755792],[23.18792,41.752217],[23.188026,41.749989],[23.188117,41.747243],[23.189037,41.745051],[23.191615,41.739187],[23.192964,41.736124],[23.195009,41.73148],[23.196018,41.729203],[23.196643,41.727697],[23.199464,41.721273],[23.20096,41.717824],[23.203017,41.713179],[23.205291,41.710117],[23.207992,41.706487],[23.209113,41.704979],[23.210391,41.703296],[23.212983,41.699852],[23.214777,41.697464],[23.216378,41.695332],[23.216849,41.694704],[23.217061,41.69442],[23.219134,41.691654],[23.220345,41.69015],[23.226559,41.685832],[23.226992,41.685537],[23.230824,41.682935],[23.232318,41.68192],[23.233614,41.681023],[23.236199,41.679233],[23.239208,41.677174],[23.241611,41.675536],[23.243887,41.673984],[23.244849,41.67332],[23.248148,41.671044],[23.2538,41.667204],[23.261927,41.661598],[23.265145,41.659358],[23.266802,41.658204],[23.268584,41.656963],[23.272083,41.654435],[23.272443,41.654175],[23.273453,41.653445],[23.276907,41.646724],[23.27901,41.642829],[23.280775,41.639315],[23.283033,41.636739],[23.286442,41.632884],[23.288943,41.629982],[23.292257,41.626188],[23.294583,41.623567],[23.298002,41.61965],[23.301865,41.615181],[23.304825,41.611857],[23.310046,41.605836],[23.31475,41.600423],[23.315336,41.599774],[23.315861,41.599192],[23.316888,41.598054],[23.31437,41.594168],[23.314285,41.594031],[23.312807,41.591662],[23.309862,41.586846],[23.308512,41.584623],[23.308199,41.582817],[23.307393,41.577141],[23.306917,41.573922],[23.306428,41.570763],[23.305168,41.566913],[23.303986,41.562849],[23.302437,41.558519],[23.301378,41.555106],[23.3005,41.552432],[23.298942,41.547607],[23.298041,41.544805],[23.296413,41.539798],[23.295351,41.536605],[23.294064,41.532604],[23.291498,41.530704],[23.288749,41.52864],[23.285384,41.526138],[23.283306,41.524599],[23.281954,41.523598],[23.278167,41.520743],[23.276276,41.519319],[23.274963,41.51587],[23.273713,41.512562],[23.272715,41.509679],[23.274091,41.506993],[23.275449,41.504325],[23.277092,41.501124],[23.279535,41.496419],[23.281143,41.49324],[23.282662,41.490268],[23.285146,41.485523],[23.287829,41.480333],[23.2896,41.476772],[23.290683,41.473263],[23.291761,41.469742],[23.292498,41.467314],[23.293117,41.465205],[23.294472,41.460842],[23.294873,41.459734],[23.29877,41.456583],[23.301544,41.454375],[23.304009,41.452401],[23.307812,41.449401],[23.308901,41.446074],[23.309913,41.443285],[23.310016,41.439369],[23.309984,41.436867],[23.309499,41.435001],[23.308671,41.43154],[23.307515,41.426933],[23.306937,41.424464],[23.308299,41.42186],[23.310126,41.418566],[23.313315,41.412475],[23.311168,41.409185],[23.309357,41.406305],[23.309657,41.402297],[23.309798,41.400336]]}},{"type":"Feature","properties":{"osm_id":235044668,"voltage":"400000","circuits":"1","cables":"3","name":"","operator":"","ref":""},"geometry":{"type":"LineString","coordinates":[[23.05423,41.96369],[23.057839,41.961867],[23.063122,41.959559],[23.065571,41.9593],[23.073689,41.958208],[23.078974,41.957764],[23.081104,41.957509],[23.083647,41.958646],[23.088939,41.960962],[23.093205,41.962796],[23.100989,41.964378],[23.1013,41.964398]]}},{"type":"Feature","properties":{"osm_id":235044679,"voltage":"400000","circuits":"1","cables":"3","name":"","operator":"","ref":""},"geometry":{"type":"LineString","coordinates":[[22.998832,42.16225],[22.996649,42.159845],[22.991435,42.154067],[22.98871,42.150946],[22.9894,42.147015],[22.99014,42.142586],[22.990655,42.138655]]}},{"type":"Feature","properties":{"osm_id":235044683,"voltage":"400000","circuits":"1","cables":"3","name":"","operator":"","ref":""},"geometry":{"type":"LineString","coordinates":[[22.998832,42.16225],[22.996407,42.159988],[22.991123,42.154214],[22.988461,42.151015],[22.989091,42.146972],[22.989841,42.142602],[22.990655,42.138655]]}},{"type":"Feature","properties":{"osm_id":237583897,"voltage":"400000","circuits":"1","cables":"3","name":"","operator":"Elektromreža Srbije","ref":"404"},"geometry":{"type":"LineString","coordinates":[[21.972588,43.300702],[21.972379,43.299669],[21.973485,43.297876],[21.975187,43.295114],[21.976979,43.292207],[21.978473,43.289784],[21.986398,43.289054],[21.989606,43.288759],[21.993138,43.288434],[21.996425,43.286853],[22.001754,43.28429],[22.00392,43.283248],[22.010024,43.283422],[22.014325,43.283544],[22.02007,43.283708],[22.022899,43.283789],[22.025295,43.283857],[22.031811,43.284043],[22.036777,43.283547],[22.041872,43.283039],[22.044707,43.282756],[22.048818,43.282346],[22.052742,43.281954],[22.055497,43.28168],[22.062422,43.284921],[22.064822,43.285248],[22.069596,43.285898],[22.076169,43.286793],[22.078977,43.287175],[22.082723,43.287685],[22.091087,43.288824],[22.096159,43.287487],[22.101051,43.286197],[22.10493,43.285174],[22.108607,43.284204],[22.112075,43.28329],[22.118159,43.281686],[22.121624,43.280772],[22.125548,43.279737],[22.129697,43.278644],[22.134701,43.277324],[22.141493,43.275533],[22.145488,43.27448],[22.150347,43.273198],[22.154753,43.273174],[22.161473,43.273138],[22.165415,43.273116],[22.169141,43.273096],[22.174162,43.272412],[22.180185,43.271592],[22.187254,43.270628],[22.189542,43.269174],[22.191272,43.268074],[22.194535,43.266],[22.197668,43.264008],[22.201167,43.261784],[22.204131,43.2599],[22.210522,43.255836],[22.212165,43.254792],[22.215817,43.25247],[22.217675,43.251288],[22.220644,43.2494],[22.223518,43.247573],[22.225341,43.246413],[22.230946,43.241771],[22.235314,43.238154],[22.237611,43.236252],[22.239386,43.234781],[22.242534,43.232173],[22.244702,43.230378],[22.247529,43.228035],[22.250393,43.225663],[22.255754,43.222143],[22.258136,43.220579],[22.262187,43.217919],[22.265275,43.215891],[22.269776,43.212935],[22.272495,43.211149],[22.27464,43.209741],[22.278179,43.207416],[22.284419,43.203318],[22.286509,43.201945],[22.29142,43.198719],[22.294769,43.198889],[22.297762,43.199041],[22.304663,43.199392],[22.308219,43.199572],[22.312234,43.199776],[22.315777,43.199956],[22.321338,43.200239],[22.323928,43.20037],[22.327085,43.200531],[22.330311,43.200694],[22.334662,43.200915],[22.339573,43.201165],[22.342743,43.20021],[22.35004,43.198013],[22.355109,43.196487],[22.358656,43.195419],[22.361931,43.194434],[22.365557,43.193342],[22.368276,43.192523],[22.373917,43.190825],[22.37885,43.189339],[22.383272,43.188008],[22.388099,43.186554],[22.391148,43.185636],[22.394125,43.18474],[22.399103,43.18324],[22.402555,43.182201],[22.406569,43.180992],[22.41097,43.179667],[22.415245,43.178379],[22.419156,43.177201],[22.423025,43.174836],[22.425486,43.173331],[22.428361,43.171573],[22.4327,43.168921],[22.437788,43.16581],[22.440942,43.163881],[22.444047,43.162328],[22.447014,43.160844],[22.452378,43.158161],[22.456797,43.155987],[22.460953,43.153943],[22.465264,43.151823],[22.468901,43.150034],[22.473199,43.14792],[22.476828,43.146134],[22.479173,43.144981],[22.484434,43.142485],[22.487561,43.141002],[22.491244,43.139255],[22.495591,43.137192],[22.499251,43.135456],[22.503089,43.133635],[22.507523,43.131531],[22.511649,43.129573],[22.51569,43.127656],[22.518925,43.126121],[22.52283,43.124268],[22.526793,43.123911],[22.529585,43.12366],[22.536498,43.123038],[22.541081,43.122626],[22.545218,43.122253],[22.549245,43.121891],[22.553963,43.121466],[22.557921,43.12111],[22.561879,43.120754],[22.566234,43.120362],[22.570503,43.119978],[22.575279,43.119548],[22.58107,43.119027],[22.585282,43.117136],[22.589714,43.115146],[22.594652,43.112929],[22.598696,43.111113],[22.602992,43.109184],[22.60773,43.109947],[22.612521,43.110718],[22.616808,43.111408],[22.621276,43.112128],[22.624497,43.112646],[22.626088,43.113247],[22.629845,43.114665],[22.633936,43.11621],[22.637841,43.117684],[22.641476,43.119056],[22.644902,43.118418],[22.648836,43.117684],[22.652961,43.116915],[22.656529,43.1164],[22.661045,43.115748],[22.665191,43.11515],[22.668978,43.114603],[22.671998,43.114167],[22.675877,43.113607],[22.681468,43.112799],[22.685397,43.112232],[22.69024,43.111533],[22.694956,43.110852],[22.700068,43.110114],[22.705103,43.109387],[22.71049,43.108609],[22.714217,43.108071],[22.719145,43.107359],[22.721935,43.106956],[22.724137,43.106638],[22.72704,43.105998],[22.73149,43.105016],[22.735116,43.104216],[22.739571,43.103234],[22.745245,43.101982],[22.747522,43.10148],[22.751641,43.100571],[22.755013,43.099827],[22.760229,43.098677],[22.765863,43.097434],[22.769699,43.096588],[22.772069,43.096065],[22.775912,43.095217],[22.780024,43.09431],[22.78525,43.093157],[22.786997,43.092771],[22.789669,43.092182],[22.792615,43.091532],[22.797087,43.091399],[22.80052,43.091297],[22.804833,43.09117],[22.809274,43.091038],[22.813867,43.090902],[22.817796,43.090785],[22.821903,43.090663],[22.826022,43.090541],[22.829686,43.090432],[22.833458,43.090321],[22.837559,43.090199],[22.841974,43.090068],[22.846398,43.089937],[22.85024,43.089823],[22.853827,43.089717],[22.856406,43.087925],[22.859592,43.08571],[22.862906,43.083407],[22.866167,43.081141],[22.869984,43.078488],[22.873937,43.07574],[22.876827,43.073731],[22.87923,43.072061],[22.882635,43.069693],[22.88649,43.067014],[22.891512,43.063522],[22.895154,43.06099],[22.898518,43.058652],[22.900661,43.056829],[22.904255,43.053772],[22.905567,43.052655]]}},{"type":"Feature","properties":{"osm_id":240533433,"voltage":"110000","circuits":"2","cables":"6","name":"","operator":"","ref":""},"geometry":{"type":"LineString","coordinates":[[25.407204,41.632077],[25.405392,41.633017],[25.404428,41.636169],[25.404209,41.636879],[25.403616,41.638804],[25.401957,41.643063],[25.400517,41.64745],[25.399761,41.649941],[25.398831,41.65354],[25.398115,41.655033],[25.397568,41.655445],[25.395762,41.656841],[25.395385,41.657723]]}},{"type":"Feature","properties":{"osm_id":240533434,"voltage":"110000","circuits":"2","cables":"6","name":"","operator":"","ref":""},"geometry":{"type":"LineString","coordinates":[[25.405112,41.632344],[25.404594,41.634313],[25.404328,41.635119],[25.404141,41.635685],[25.40403,41.636021],[25.403231,41.63866],[25.400955,41.641218],[25.400671,41.64305],[25.400477,41.644784],[25.400173,41.647362],[25.399413,41.649677],[25.398842,41.652073],[25.397761,41.654815],[25.395264,41.656749],[25.395011,41.657703]]}},{"type":"Feature","properties":{"osm_id":240533435,"voltage":"110000","circuits":"1","cables":"3","name":"","operator":"","ref":""},"geometry":{"type":"LineString","coordinates":[[25.395607,41.657991],[25.395634,41.657679],[25.396959,41.658246],[25.396711,41.659369],[25.396177,41.661824],[25.395682,41.663469],[25.394762,41.666394],[25.393892,41.6693],[25.393185,41.671482],[25.392961,41.672366],[25.392093,41.675175],[25.392736,41.676752],[25.393436,41.678454],[25.394162,41.680102],[25.394792,41.681536],[25.39555,41.683366],[25.39643,41.685415],[25.397373,41.687614],[25.398666,41.690655],[25.399832,41.693374],[25.40145,41.697247],[25.402018,41.69873],[25.402956,41.700967],[25.403967,41.70344],[25.404518,41.704696],[25.40494,41.705659],[25.405624,41.707103],[25.406698,41.709672],[25.407336,41.71123],[25.408438,41.713738],[25.410315,41.718235],[25.410894,41.719622],[25.411544,41.721181],[25.412529,41.723543],[25.413063,41.724757],[25.413746,41.726363],[25.41478,41.728794],[25.415311,41.730044],[25.416129,41.731969],[25.4173,41.734721],[25.41613,41.736856],[25.414937,41.739054],[25.41372,41.741164],[25.413523,41.74153],[25.412426,41.743567],[25.411241,41.745666],[25.410118,41.747678],[25.409335,41.749096],[25.409111,41.751736],[25.409088,41.752884],[25.408863,41.756089],[25.408597,41.75993],[25.408455,41.761731],[25.408364,41.763363],[25.408127,41.766633],[25.408008,41.767995],[25.407911,41.769702],[25.407732,41.772583],[25.407516,41.775482],[25.407461,41.77735],[25.407418,41.778947],[25.407337,41.781349],[25.407268,41.783685],[25.40722,41.785085],[25.407182,41.786551],[25.406715,41.789001],[25.406297,41.791305],[25.405946,41.793383],[25.407122,41.796707],[25.407879,41.798865],[25.408661,41.801051],[25.40946,41.803245],[25.41085,41.807288],[25.411607,41.809409],[25.412485,41.811778],[25.413071,41.813493],[25.413867,41.815687],[25.41454,41.817747],[25.415293,41.819839],[25.416107,41.822078],[25.416794,41.82401],[25.417744,41.826016],[25.418817,41.828198],[25.420584,41.831524],[25.421626,41.833568],[25.422672,41.835368],[25.423722,41.83737],[25.424628,41.839095],[25.425619,41.840984],[25.426401,41.842587],[25.427343,41.844374],[25.42828,41.846333],[25.429084,41.84785],[25.430006,41.849587],[25.431357,41.852134],[25.432273,41.853859],[25.433178,41.855724],[25.434256,41.857737],[25.435335,41.859751],[25.43624,41.86144],[25.436702,41.862446],[25.438449,41.865843],[25.439087,41.866987],[25.439909,41.868683],[25.440809,41.870376],[25.441742,41.872132],[25.442726,41.873502],[25.444926,41.876563],[25.446205,41.878343],[25.447173,41.87969],[25.448056,41.880919],[25.448861,41.882039],[25.451115,41.885126],[25.452114,41.88647],[25.454114,41.889217],[25.455998,41.891915],[25.45708,41.893421],[25.458212,41.89496],[25.459302,41.89648],[25.460433,41.898062],[25.461587,41.899667],[25.462743,41.901244],[25.463821,41.902749],[25.464734,41.90403],[25.466005,41.905728],[25.468175,41.908637],[25.470396,41.909156],[25.473175,41.909803],[25.476249,41.910553],[25.479205,41.911268],[25.482496,41.912052],[25.485307,41.912737],[25.487737,41.913885],[25.490854,41.915346],[25.493812,41.916168],[25.497682,41.917222],[25.500598,41.918048],[25.504157,41.919046],[25.507486,41.919934],[25.508686,41.920267],[25.511391,41.921018],[25.513483,41.922183],[25.514631,41.923249],[25.516351,41.924804],[25.518521,41.926757],[25.519996,41.9281],[25.520876,41.929461],[25.521989,41.931139],[25.52264,41.932163],[25.525146,41.933195],[25.527468,41.934184],[25.529694,41.935107],[25.530127,41.935231]]}},{"type":"Feature","properties":{"osm_id":243968375,"voltage":"110000","circuits":"1","cables":"3","name":"","operator":"","ref":""},"geometry":{"type":"LineString","coordinates":[[23.742227,41.586933],[23.741869,41.586873],[23.740465,41.587106],[23.736414,41.587624],[23.732836,41.588109],[23.729079,41.588635],[23.724141,41.588194],[23.720489,41.587955],[23.717201,41.587657],[23.713386,41.587332],[23.709599,41.587024],[23.706875,41.58671],[23.700796,41.586248],[23.697642,41.585918],[23.695062,41.585469],[23.694085,41.585299],[23.689085,41.584674],[23.685227,41.583899],[23.685146,41.583875],[23.682093,41.583256],[23.680454,41.58292],[23.678361,41.582525],[23.673431,41.581595],[23.666927,41.580195],[23.664602,41.577662],[23.662791,41.575715],[23.661574,41.572887],[23.660782,41.570961],[23.660489,41.570248],[23.659958,41.569678],[23.65885,41.568488],[23.658174,41.567744],[23.657787,41.567318],[23.657604,41.567117],[23.657044,41.566492],[23.656362,41.565731],[23.656246,41.565602],[23.656132,41.565475],[23.654045,41.563239],[23.652869,41.561978],[23.651737,41.559288],[23.650177,41.555989],[23.648948,41.553146],[23.647306,41.549928],[23.646957,41.549244],[23.639121,41.54804],[23.633152,41.547168],[23.627977,41.54397],[23.627236,41.543142],[23.627147,41.543042],[23.62669,41.542532],[23.626262,41.542054],[23.625633,41.541351],[23.624377,41.540925],[23.619917,41.539413],[23.619624,41.539314],[23.61929,41.539201],[23.618313,41.538869],[23.617056,41.538497],[23.615311,41.53798],[23.614879,41.537827],[23.609706,41.535998],[23.60464,41.534206],[23.604026,41.533989],[23.59979,41.532491],[23.595736,41.531145],[23.59515,41.53095],[23.592566,41.530092],[23.589291,41.52893],[23.588957,41.528812],[23.585917,41.527948],[23.58246,41.527017],[23.581381,41.526727],[23.581155,41.526667],[23.576943,41.525544],[23.574272,41.525322],[23.573769,41.52528],[23.573074,41.525223],[23.569902,41.524955],[23.565797,41.52472],[23.56552,41.524763],[23.563775,41.525037],[23.556117,41.526241],[23.554055,41.524931],[23.552445,41.523911],[23.551017,41.523037],[23.549226,41.521911],[23.546619,41.520242],[23.543026,41.517965],[23.541155,41.516852],[23.538541,41.515176],[23.53502,41.512923],[23.533443,41.5122],[23.526718,41.509081],[23.524335,41.508008],[23.520761,41.506379],[23.518848,41.505548],[23.51597,41.504339],[23.510919,41.502158],[23.510107,41.501799],[23.508702,41.502018],[23.505667,41.502547],[23.505107,41.502919]]}},{"type":"Feature","properties":{"osm_id":243968378,"voltage":"110000","circuits":"1","cables":"3","name":"","operator":"","ref":""},"geometry":{"type":"LineString","coordinates":[[23.742144,41.587082],[23.741316,41.587131],[23.739249,41.587441],[23.735562,41.588032],[23.732005,41.588517],[23.729003,41.588952],[23.72884,41.58893],[23.724324,41.588543],[23.72072,41.58828],[23.717089,41.587957],[23.713113,41.587624],[23.709735,41.587317],[23.705628,41.586956],[23.702907,41.586715],[23.70093,41.586544],[23.697548,41.58607],[23.695452,41.585821],[23.695052,41.585773],[23.693872,41.585633],[23.691662,41.585218],[23.689589,41.584936],[23.684718,41.584021]]}},{"type":"Feature","properties":{"osm_id":243968379,"voltage":"110000","circuits":"1","cables":"3","name":"Беласица","operator":"","ref":""},"geometry":{"type":"LineString","coordinates":[[23.210578,41.409381],[23.210631,41.410062],[23.210842,41.410812],[23.209915,41.410937],[23.205667,41.410702],[23.201456,41.41045],[23.197157,41.410573],[23.192397,41.410741],[23.187671,41.410935],[23.178045,41.409803],[23.173566,41.410014],[23.170104,41.41014],[23.167564,41.410271],[23.164299,41.410608],[23.160793,41.411],[23.157606,41.411249],[23.154645,41.411485],[23.150778,41.411796],[23.145749,41.412163],[23.141392,41.412538],[23.138284,41.412798],[23.135614,41.411628],[23.131526,41.409836],[23.129012,41.408578],[23.124858,41.406501],[23.12145,41.404989],[23.119326,41.403933],[23.115029,41.403846],[23.11077,41.403719],[23.103517,41.403402],[23.098408,41.403212],[23.092815,41.403012],[23.089328,41.402868],[23.085022,41.40272],[23.081062,41.402552],[23.076379,41.402364],[23.07348,41.402269],[23.066727,41.401423],[23.060901,41.400616],[23.057645,41.400225],[23.055433,41.399906],[23.049322,41.399096],[23.045551,41.399093],[23.040481,41.39899],[23.035621,41.398961],[23.03228,41.398975],[23.021956,41.398824],[23.017436,41.398757],[23.012374,41.398705],[23.00679,41.398622],[23.002134,41.398603],[22.998755,41.399166],[22.995596,41.399676],[22.988967,41.400775],[22.987226,41.401053],[22.984947,41.401416],[22.982076,41.401887],[22.975683,41.402922],[22.971801,41.403508],[22.967345,41.404214],[22.963695,41.404742],[22.960118,41.404573],[22.941788,41.404584],[22.938826,41.405555],[22.935398,41.406618],[22.932089,41.407688],[22.929856,41.408343],[22.926141,41.40952],[22.922486,41.410659],[22.918403,41.41194],[22.912402,41.413815],[22.907279,41.415415],[22.901499,41.41742],[22.894512,41.419795],[22.890049,41.420696],[22.885728,41.421549],[22.883419,41.421951],[22.879095,41.422705],[22.877987,41.422792],[22.877805,41.422729],[22.874613,41.423341],[22.871097,41.423874],[22.866295,41.42464],[22.862379,41.425247],[22.858058,41.425939],[22.853853,41.426591],[22.849768,41.427236],[22.846139,41.427816],[22.842461,41.428391],[22.838784,41.428968],[22.83512,41.429535],[22.834742,41.429318]]}},{"type":"Feature","properties":{"osm_id":243968385,"voltage":"110000","circuits":"1","cables":"3","name":"","operator":"","ref":""},"geometry":{"type":"LineString","coordinates":[[23.210691,41.409366],[23.210852,41.409979],[23.212632,41.412549],[23.214575,41.415359],[23.216491,41.418127],[23.218418,41.420931],[23.220329,41.423691],[23.222253,41.426548],[23.224264,41.429498],[23.226304,41.432523],[23.227614,41.434381],[23.228839,41.436198],[23.230709,41.438946],[23.233121,41.441439],[23.235135,41.4454],[23.23609,41.448206],[23.237258,41.451874],[23.238185,41.45475],[23.239376,41.458233],[23.240225,41.460706],[23.240967,41.46298],[23.242001,41.466054],[23.242799,41.468542],[23.243906,41.471886],[23.244305,41.473077],[23.24494,41.475031],[23.246054,41.47828],[23.247154,41.481627],[23.248356,41.485227],[23.249256,41.487938],[23.250005,41.490204],[23.250786,41.492464],[23.251742,41.495306],[23.252247,41.496956],[23.251924,41.498218],[23.250988,41.501709],[23.250088,41.505237],[23.249328,41.508119],[23.248299,41.511932],[23.247864,41.513171],[23.24637,41.517758],[23.24529,41.521397],[23.245828,41.524375],[23.24639,41.526914],[23.248032,41.528954],[23.251744,41.531816],[23.253416,41.533124],[23.255015,41.534199],[23.258827,41.536691],[23.261039,41.53818],[23.263455,41.539757],[23.26275,41.542589],[23.264652,41.543692],[23.267075,41.545233],[23.26829,41.547022],[23.268724,41.546618]]}},{"type":"Feature","properties":{"osm_id":245705214,"voltage":"110000","circuits":"2","cables":"6","name":"","operator":"","ref":""},"geometry":{"type":"LineString","coordinates":[[23.363218,42.712273],[23.363964,42.714057],[23.365572,42.715555],[23.366597,42.717733],[23.367647,42.719824],[23.3708,42.719866],[23.374414,42.719914],[23.37769,42.719967],[23.380776,42.720013],[23.383801,42.720074],[23.386897,42.720122],[23.390831,42.720993],[23.391641,42.720585]]}},{"type":"Feature","properties":{"osm_id":246439630,"voltage":"220000","circuits":"1","cables":"2","name":"","operator":"","ref":""},"geometry":{"type":"LineString","coordinates":[[25.902055,42.720136],[25.900564,42.715367],[25.901057,42.711982],[25.901515,42.708358],[25.901754,42.706266],[25.906038,42.703415]]}},{"type":"Feature","properties":{"osm_id":246479816,"voltage":"220000","circuits":"1","cables":"2","name":"","operator":"","ref":""},"geometry":{"type":"LineString","coordinates":[[25.906038,42.703415],[25.90214,42.706392],[25.901891,42.708428],[25.901467,42.711862],[25.900969,42.715361],[25.902055,42.720136]]}},{"type":"Feature","properties":{"osm_id":246912877,"voltage":"220000","circuits":"1","cables":"2","name":"","operator":"","ref":""},"geometry":{"type":"LineString","coordinates":[[25.907864,42.760893],[25.908806,42.756736],[25.910356,42.750899],[25.909678,42.747993]]}},{"type":"Feature","properties":{"osm_id":246912882,"voltage":"220000","circuits":"1","cables":"2","name":"","operator":"","ref":""},"geometry":{"type":"LineString","coordinates":[[25.907864,42.760893],[25.909171,42.756772],[25.910721,42.750923],[25.909678,42.747993]]}},{"type":"Feature","properties":{"osm_id":246994522,"voltage":"220000","circuits":"1","cables":"2","name":"","operator":"","ref":""},"geometry":{"type":"LineString","coordinates":[[25.907164,42.763652],[25.906079,42.769081],[25.905291,42.771533],[25.902613,42.778441],[25.901472,42.779624]]}},{"type":"Feature","properties":{"osm_id":246994525,"voltage":"220000","circuits":"1","cables":"2","name":"","operator":"","ref":""},"geometry":{"type":"LineString","coordinates":[[25.907164,42.763652],[25.905554,42.768997],[25.904941,42.771475],[25.90228,42.778386],[25.901472,42.779624]]}},{"type":"Feature","properties":{"osm_id":247774984,"voltage":"220000","circuits":"1","cables":"2","name":"","operator":"","ref":""},"geometry":{"type":"LineString","coordinates":[[25.895759,42.786742],[25.894893,42.788161],[25.893493,42.789905],[25.892946,42.790665],[25.892437,42.791358],[25.891777,42.792094],[25.890479,42.793901],[25.889808,42.794814],[25.888521,42.796471],[25.887447,42.797692]]}},{"type":"Feature","properties":{"osm_id":247775338,"voltage":"220000","circuits":"1","cables":"2","name":"","operator":"","ref":""},"geometry":{"type":"LineString","coordinates":[[25.887447,42.797692],[25.88822,42.796337],[25.889443,42.794668],[25.890119,42.793759],[25.891459,42.791969],[25.892024,42.791208],[25.892549,42.790512],[25.893129,42.789728],[25.894482,42.788011],[25.895759,42.786742]]}},{"type":"Feature","properties":{"osm_id":249995021,"voltage":"400000","circuits":"1","cables":"3","name":"","operator":"","ref":""},"geometry":{"type":"LineString","coordinates":[[26.328152,41.736499],[26.330645,41.735673]]}},{"type":"Feature","properties":{"osm_id":251516404,"voltage":"110000","circuits":"1","cables":"3","name":"","operator":"","ref":""},"geometry":{"type":"LineString","coordinates":[[27.150902,43.306521],[27.153847,43.306833],[27.155634,43.306751],[27.158423,43.30665],[27.160364,43.306571],[27.162846,43.30647],[27.164987,43.306382],[27.167474,43.306286],[27.169963,43.306179],[27.171996,43.306105],[27.174342,43.306015],[27.176651,43.305917],[27.181613,43.305744],[27.183856,43.306037]]}},{"type":"Feature","properties":{"osm_id":251516405,"voltage":"110000","circuits":"1","cables":"3","name":"","operator":"","ref":""},"geometry":{"type":"LineString","coordinates":[[27.021081,43.283974],[27.02102,43.283796],[27.02056,43.282177],[27.021827,43.281378],[27.023001,43.280648],[27.024069,43.279918],[27.026526,43.280453],[27.029047,43.281023],[27.031507,43.281346],[27.033392,43.281654],[27.034424,43.281891],[27.037126,43.282479],[27.039138,43.282929],[27.041026,43.283311],[27.04286,43.283725],[27.044658,43.284096],[27.046428,43.284545],[27.048311,43.284932],[27.050129,43.285338],[27.052114,43.285744],[27.054249,43.286213],[27.056513,43.286685],[27.059394,43.287349],[27.062119,43.287935],[27.064383,43.288407],[27.066641,43.288919],[27.06869,43.289348],[27.071008,43.289879],[27.073287,43.290367],[27.075782,43.290914],[27.078217,43.291488],[27.080267,43.291867],[27.082418,43.292343],[27.084413,43.292808],[27.086446,43.293257],[27.088512,43.29369],[27.090427,43.294217],[27.092578,43.294772],[27.094504,43.295275],[27.096864,43.295896],[27.099278,43.296505],[27.101179,43.296972],[27.103704,43.297661],[27.105608,43.29818],[27.107797,43.298735],[27.10991,43.299301],[27.111938,43.29982],[27.113901,43.300331],[27.116149,43.300886],[27.118316,43.30146],[27.120489,43.30203],[27.122758,43.302627],[27.126084,43.303494],[27.128466,43.304087],[27.130842,43.304571],[27.132709,43.304587],[27.135316,43.304852],[27.137902,43.305137],[27.140525,43.305399],[27.143513,43.305742],[27.14604,43.305996],[27.14818,43.306234],[27.150902,43.306521]]}},{"type":"Feature","properties":{"osm_id":251564318,"voltage":"220000","circuits":"1","cables":"3","name":"Коларов","operator":"","ref":""},"geometry":{"type":"LineString","coordinates":[[27.024428,43.284187],[27.023997,43.28362],[27.024002,43.281768],[27.027157,43.279917],[27.031212,43.280437],[27.034345,43.280925],[27.038588,43.281409],[27.043293,43.281534],[27.048046,43.282057],[27.052246,43.28255],[27.057219,43.283131],[27.062653,43.28378],[27.067186,43.284307],[27.071687,43.284818],[27.076348,43.285385],[27.080871,43.285888],[27.085205,43.286373],[27.089706,43.286911],[27.09419,43.287415],[27.098192,43.287892],[27.102264,43.288337],[27.107017,43.28895],[27.112526,43.289563],[27.11604,43.289942],[27.122917,43.290742],[27.127117,43.291211],[27.129681,43.291519],[27.133662,43.293358],[27.136564,43.294487],[27.140037,43.295984],[27.144337,43.29784],[27.145859,43.298504],[27.149723,43.300143],[27.152834,43.301495],[27.156734,43.303212],[27.160366,43.303447],[27.165183,43.30372],[27.168182,43.303958],[27.172692,43.304273],[27.176727,43.304528],[27.181497,43.304869],[27.185657,43.305541],[27.189673,43.306105],[27.193687,43.306675],[27.197737,43.307289],[27.201902,43.307871],[27.206064,43.30853],[27.209862,43.309088],[27.2145,43.309769],[27.217798,43.310231],[27.221981,43.310819],[27.226386,43.311442],[27.22868,43.311725],[27.233487,43.312506],[27.237216,43.313048],[27.241136,43.3139],[27.245648,43.314892],[27.248512,43.315506],[27.251018,43.316092],[27.254081,43.31673],[27.257549,43.317534],[27.260917,43.317793],[27.262625,43.317948],[27.266436,43.318275],[27.269278,43.318482],[27.271249,43.318641],[27.275065,43.318924],[27.27956,43.319314],[27.283312,43.319592],[27.288199,43.319785],[27.292861,43.320039],[27.297681,43.320213],[27.302011,43.320389],[27.3065,43.320582],[27.311023,43.32074],[27.316119,43.320974],[27.321033,43.321161],[27.325636,43.32138],[27.330152,43.321536],[27.334767,43.321683],[27.339422,43.32188],[27.344186,43.322145],[27.348724,43.322403],[27.353091,43.322754],[27.357479,43.323082],[27.361878,43.323355],[27.366267,43.323652],[27.370557,43.323959],[27.375014,43.324274],[27.379467,43.324598],[27.384365,43.324978],[27.3887,43.32529],[27.393088,43.325587],[27.397733,43.325915],[27.401746,43.326219],[27.40563,43.326508],[27.409782,43.326805],[27.41375,43.327117],[27.417464,43.32739],[27.421509,43.327741],[27.425532,43.328006],[27.430188,43.328373],[27.433278,43.328576],[27.437065,43.328857],[27.441078,43.329154],[27.444704,43.329427],[27.44877,43.329692],[27.452708,43.329973],[27.456892,43.330356],[27.461079,43.330626],[27.465003,43.330886],[27.46863,43.331175],[27.472417,43.331401],[27.476226,43.331737],[27.479916,43.33201],[27.484111,43.332314],[27.488006,43.332611],[27.492297,43.332908],[27.49631,43.333212],[27.49985,43.333493],[27.501771,43.333594],[27.501838,43.331412],[27.501922,43.329306],[27.502,43.326605],[27.502067,43.324325],[27.503648,43.322275],[27.505304,43.320142],[27.506981,43.31796],[27.507439,43.316941],[27.507694,43.316576]]}},{"type":"Feature","properties":{"osm_id":251566984,"voltage":"110000","circuits":"1","cables":"3","name":"Бели Лом","operator":"","ref":""},"geometry":{"type":"LineString","coordinates":[[26.903004,43.280033],[26.903281,43.280328],[26.905397,43.283391],[26.90861,43.288044],[26.910295,43.2905],[26.911821,43.292732],[26.913382,43.294918],[26.914224,43.296144],[26.915351,43.297932],[26.916246,43.299221],[26.917668,43.3012],[26.91991,43.304507],[26.920538,43.305518],[26.921504,43.306783],[26.922212,43.30777],[26.923209,43.30923],[26.924774,43.311417],[26.927439,43.311735],[26.930853,43.312225],[26.933892,43.31258],[26.937162,43.311436],[26.940377,43.310306],[26.943562,43.309176],[26.946904,43.307954],[26.950528,43.306652],[26.953577,43.305557],[26.956356,43.304522],[26.960267,43.303113],[26.964097,43.301762],[26.968284,43.300199],[26.97166,43.299021],[26.974704,43.297821],[26.978196,43.29656],[26.981272,43.29545],[26.984147,43.294415],[26.986933,43.293751],[26.989635,43.293128],[26.992394,43.292496],[26.995431,43.293072],[26.998332,43.293559],[27.00178,43.294223],[27.004598,43.293095],[27.007905,43.29177],[27.011314,43.290417],[27.014653,43.289063],[27.018288,43.287612],[27.021577,43.286266],[27.020961,43.284881],[27.020974,43.284302]]}},{"type":"Feature","properties":{"osm_id":251566986,"voltage":"110000","circuits":"2","cables":"6","name":"","operator":"","ref":""},"geometry":{"type":"LineString","coordinates":[[27.021175,43.28483],[27.021829,43.286394],[27.018466,43.287755],[27.014868,43.289184],[27.011249,43.290654],[27.007664,43.292074],[27.004277,43.293439],[27.001742,43.29446],[26.99872,43.293856],[26.995245,43.293266],[26.992429,43.292721],[26.98989,43.293294],[26.986944,43.293992],[26.984267,43.294628],[26.981668,43.29556],[26.9783,43.296781],[26.974846,43.298034],[26.971138,43.299373],[26.968222,43.300522],[26.963922,43.302068],[26.960469,43.303262],[26.957761,43.304214],[26.955196,43.305165],[26.951107,43.306634],[26.947378,43.307981],[26.944036,43.309233],[26.940532,43.310517],[26.937751,43.311479],[26.936253,43.312058],[26.934162,43.312873],[26.930092,43.312489],[26.926374,43.31218],[26.92248,43.311904],[26.919401,43.311646],[26.916813,43.311418]]}},{"type":"Feature","properties":{"osm_id":251568095,"voltage":"110000","circuits":"1","cables":"3","name":"","operator":"","ref":""},"geometry":{"type":"LineString","coordinates":[[27.003863,43.275815],[27.0075,43.276592],[27.011057,43.2774],[27.014396,43.278106],[27.01784,43.278864],[27.020388,43.280793],[27.021254,43.282651],[27.021575,43.283695],[27.021631,43.283873]]}},{"type":"Feature","properties":{"osm_id":251568096,"voltage":"110000","circuits":"1","cables":"3","name":"","operator":"","ref":""},"geometry":{"type":"LineString","coordinates":[[27.021846,43.283833],[27.021586,43.282373],[27.020702,43.280677],[27.019415,43.279658],[27.018101,43.278635],[27.016035,43.278182],[27.013838,43.277692],[27.01205,43.277318],[27.00968,43.276794],[27.007833,43.276385],[27.005344,43.275819],[27.003259,43.275329],[27.000401,43.274757],[26.99708,43.27402],[26.994685,43.273477],[26.992271,43.272954],[26.990147,43.272489],[26.98813,43.272034],[26.985879,43.271538],[26.984482,43.271239],[26.98272,43.270501],[26.981451,43.269896],[26.979573,43.268376],[26.977648,43.267966],[26.975864,43.267015],[26.973619,43.26588],[26.971985,43.265007],[26.969872,43.263928],[26.967844,43.26287],[26.966259,43.261636],[26.963217,43.26011],[26.962509,43.26008]]}},{"type":"Feature","properties":{"osm_id":251568097,"voltage":"110000","circuits":"1","cables":"3","name":"","operator":"","ref":""},"geometry":{"type":"LineString","coordinates":[[27.020203,43.280872],[27.01785,43.279118],[27.014535,43.278407],[27.011846,43.277818],[27.008119,43.277016],[27.004552,43.276208]]}},{"type":"Feature","properties":{"osm_id":257743285,"voltage":"110000","circuits":"1","cables":"3","name":"","operator":"","ref":""},"geometry":{"type":"LineString","coordinates":[[27.293936,43.931768],[27.294698,43.931652],[27.295924,43.931495],[27.29813,43.931196],[27.299532,43.93103],[27.302172,43.930678],[27.303825,43.93003],[27.304236,43.92837],[27.304782,43.926205],[27.30519,43.924604],[27.305664,43.922827],[27.306087,43.921229],[27.306514,43.919549],[27.306989,43.917709],[27.307539,43.915561],[27.307974,43.913957],[27.308349,43.912399],[27.308749,43.910892],[27.30914,43.909342],[27.309607,43.907539],[27.31001,43.905958],[27.310421,43.904362],[27.310947,43.902305],[27.311289,43.900944],[27.312226,43.897376],[27.313084,43.894011],[27.314215,43.889614],[27.314709,43.887742],[27.315651,43.883946],[27.316101,43.882184],[27.316576,43.880258],[27.317023,43.878513],[27.317458,43.876763],[27.317857,43.875241],[27.318743,43.871721],[27.319162,43.870116],[27.319613,43.868314],[27.320068,43.866441],[27.320463,43.864956],[27.320756,43.86373],[27.321337,43.861463],[27.321732,43.859895],[27.322128,43.858318],[27.322405,43.857181],[27.322867,43.855316],[27.323195,43.85407],[27.323832,43.851483],[27.324251,43.849827],[27.324828,43.847522],[27.325303,43.845646],[27.325805,43.843624],[27.326284,43.841733],[27.32688,43.83933],[27.327453,43.837076],[27.327904,43.835305],[27.328366,43.833488],[27.328778,43.831842],[27.329224,43.830031],[27.330166,43.826265],[27.331138,43.822462],[27.331557,43.820788],[27.331981,43.819107],[27.332384,43.817458],[27.332706,43.8162],[27.33338,43.813569],[27.333748,43.812088],[27.334199,43.810305],[27.334606,43.808607],[27.335033,43.806892],[27.335468,43.805177],[27.33586,43.803596],[27.336797,43.799868],[27.337196,43.798233],[27.337629,43.796512],[27.338463,43.793226],[27.339001,43.791013],[27.339289,43.789874],[27.339657,43.788416],[27.340061,43.786789],[27.340511,43.78501],[27.34097,43.783154],[27.341429,43.781373],[27.341836,43.779757],[27.342176,43.778261],[27.342959,43.776719],[27.343726,43.775123],[27.344481,43.773533],[27.34532,43.77174],[27.345964,43.770398],[27.346664,43.768947],[27.347541,43.767093],[27.348341,43.7654],[27.349157,43.763683],[27.349973,43.761982],[27.350831,43.760188],[27.351646,43.758446],[27.352508,43.756675],[27.353283,43.755004],[27.354058,43.753402],[27.354876,43.751685],[27.35573,43.749869],[27.356529,43.748223],[27.357411,43.746355],[27.358146,43.744701],[27.358886,43.74317],[27.360444,43.739882],[27.361085,43.738548],[27.361895,43.736796],[27.36267,43.735208],[27.363477,43.733459],[27.364125,43.732162],[27.364673,43.730995],[27.365161,43.72987],[27.365732,43.728795],[27.366257,43.727674],[27.367002,43.726057],[27.36813,43.723717],[27.368846,43.722218],[27.369507,43.720802],[27.370574,43.718548],[27.371239,43.717168],[27.372118,43.715287],[27.373132,43.713209],[27.374006,43.711296],[27.374697,43.709877],[27.375349,43.708533],[27.376045,43.707056],[27.376865,43.705329],[27.377412,43.704181],[27.378084,43.702776],[27.378563,43.701564],[27.37906,43.700375],[27.379683,43.698804],[27.380238,43.69741],[27.382416,43.697711],[27.384485,43.697974],[27.387086,43.698324],[27.389243,43.698592],[27.39155,43.698895],[27.393595,43.699184],[27.3958,43.699459],[27.39816,43.699773],[27.400338,43.700068],[27.402682,43.700359],[27.404439,43.70061],[27.406795,43.700897],[27.409001,43.701191],[27.411159,43.701485],[27.411528,43.702741],[27.41196,43.704297],[27.412387,43.705857],[27.41282,43.707443],[27.413254,43.709034],[27.413718,43.710673],[27.414136,43.712206],[27.414564,43.713728],[27.414957,43.715245],[27.415419,43.716816],[27.415851,43.718448],[27.416297,43.720021],[27.416744,43.72168],[27.417126,43.723252],[27.417665,43.725011],[27.418036,43.726377],[27.41854,43.728162],[27.418897,43.729465],[27.419375,43.731182],[27.419834,43.732852],[27.420316,43.734614],[27.42074,43.736108],[27.420673,43.736457]]}},{"type":"Feature","properties":{"osm_id":259629644,"voltage":"110000","circuits":"2","cables":"6","name":"","operator":"","ref":""},"geometry":{"type":"LineString","coordinates":[[26.539972,43.507021],[26.54094,43.507273],[26.544137,43.510034],[26.546502,43.512069],[26.549686,43.510373],[26.552424,43.508889],[26.554952,43.50755],[26.558467,43.50562],[26.561788,43.503849],[26.565174,43.504487],[26.568183,43.505038],[26.574268,43.506115],[26.576186,43.506526],[26.578821,43.507124],[26.581443,43.507765],[26.585975,43.508798],[26.58979,43.50966],[26.593691,43.5106],[26.596438,43.511195],[26.598833,43.509856],[26.603317,43.507382],[26.605201,43.506293],[26.608596,43.505284],[26.613201,43.503843],[26.616574,43.502872],[26.61994,43.50191],[26.621561,43.4997],[26.623256,43.497418],[26.625616,43.494292],[26.627346,43.492019],[26.628895,43.489899],[26.630375,43.487947],[26.632079,43.485677],[26.634402,43.482603],[26.635821,43.480664],[26.637341,43.478674],[26.639671,43.476127],[26.641937,43.473676],[26.644194,43.471209],[26.646113,43.469138],[26.648421,43.466612],[26.651134,43.463703],[26.651867,43.462877],[26.654507,43.460061],[26.656485,43.457928],[26.658768,43.455467],[26.660515,43.453579],[26.662322,43.451582],[26.66427,43.449482],[26.666287,43.447313],[26.668579,43.444843],[26.670304,43.442961],[26.673042,43.440022],[26.675372,43.43743],[26.677557,43.435049],[26.679475,43.43297],[26.682136,43.430094],[26.683307,43.428847],[26.685543,43.428283],[26.688002,43.427685],[26.691156,43.426899],[26.694199,43.426142],[26.697504,43.425338],[26.700636,43.424565],[26.703435,43.42387],[26.707031,43.423009],[26.709846,43.422314],[26.713059,43.421532],[26.716115,43.420778],[26.719527,43.420014],[26.72084,43.419703],[26.723668,43.41902],[26.72723,43.41816],[26.730191,43.417421],[26.733654,43.416597],[26.734856,43.416298],[26.737264,43.41512],[26.739946,43.41379],[26.742997,43.412318],[26.745598,43.411021],[26.748478,43.409584],[26.751246,43.408206],[26.754147,43.406768],[26.757014,43.405355],[26.759717,43.404021],[26.762731,43.402519],[26.765353,43.401219],[26.768226,43.400295],[26.771204,43.399345],[26.774328,43.398329],[26.776859,43.397517],[26.780018,43.396501],[26.782919,43.395566],[26.785687,43.394687],[26.788295,43.393824],[26.79179,43.392686],[26.794635,43.391758],[26.797258,43.390882],[26.799542,43.389487],[26.80209,43.387936],[26.804274,43.386568],[26.80691,43.384917],[26.809407,43.383348],[26.811654,43.381925],[26.814428,43.380183],[26.81679,43.378683],[26.819005,43.377305],[26.821415,43.375812],[26.823804,43.374317],[26.826528,43.37262],[26.829101,43.371032],[26.831561,43.369481],[26.835571,43.366953],[26.837726,43.365612],[26.840349,43.36398],[26.843045,43.362302],[26.846124,43.360357],[26.849165,43.358449],[26.852125,43.356591],[26.854972,43.354812],[26.857868,43.353001],[26.860576,43.351308],[26.863623,43.349403],[26.866853,43.347388],[26.869874,43.345491],[26.872786,43.343668],[26.875681,43.341853],[26.877441,43.34073],[26.879286,43.339565],[26.879382,43.338128],[26.87961,43.334311],[26.882165,43.332737],[26.883784,43.331753],[26.887943,43.329191],[26.889626,43.328149],[26.893295,43.325865],[26.895699,43.324376],[26.898372,43.322735],[26.900998,43.321124],[26.903415,43.319649],[26.906634,43.317665],[26.909743,43.315748],[26.91338,43.313495],[26.915495,43.312187],[26.916813,43.311418]]}},{"type":"Feature","properties":{"osm_id":259639514,"voltage":"220000","circuits":"1","cables":"3","name":"Дръзки","operator":"","ref":""},"geometry":{"type":"LineString","coordinates":[[27.508021,43.316656],[27.507865,43.317051],[27.507429,43.318039],[27.505671,43.320301],[27.504079,43.32244],[27.502593,43.324424],[27.502487,43.326667],[27.502396,43.329301],[27.502322,43.331447],[27.502268,43.333637],[27.503867,43.333751],[27.507267,43.333978],[27.511355,43.334266],[27.515349,43.334561],[27.519338,43.334811],[27.522931,43.335035],[27.52408,43.334953],[27.528527,43.334569],[27.532852,43.334182],[27.537909,43.333755],[27.541857,43.333392],[27.547376,43.332901],[27.55178,43.332523],[27.556346,43.332123],[27.560905,43.331718],[27.565397,43.331317],[27.569331,43.330984],[27.572469,43.331938],[27.575875,43.332474],[27.576158,43.333044]]}},{"type":"Feature","properties":{"osm_id":259639515,"voltage":"220000","circuits":"1","cables":"3","name":"","operator":"","ref":""},"geometry":{"type":"LineString","coordinates":[[27.024622,43.284155],[27.024314,43.283584],[27.024501,43.281925],[27.027302,43.280304],[27.029817,43.280605],[27.033621,43.281144],[27.038529,43.281768],[27.043186,43.28196],[27.047992,43.282507],[27.052235,43.282995],[27.057031,43.283541],[27.062701,43.284194],[27.067245,43.284744],[27.071848,43.285267],[27.077008,43.285873],[27.082131,43.286431],[27.086541,43.286951],[27.091857,43.28756],[27.096696,43.288118],[27.101454,43.288653],[27.106936,43.289325],[27.11281,43.289996],[27.11671,43.290508],[27.121764,43.291054],[27.126302,43.291543],[27.129462,43.291929],[27.133715,43.293749],[27.136805,43.295092],[27.14342,43.297914],[27.145512,43.298887],[27.149228,43.300465],[27.152759,43.301963],[27.156482,43.303622],[27.160623,43.303899],[27.165113,43.304243],[27.168455,43.304442],[27.17257,43.304715],[27.177295,43.30501],[27.181417,43.305242],[27.185187,43.305835],[27.189455,43.306453],[27.193567,43.307047],[27.197634,43.307673],[27.201783,43.308298],[27.205941,43.308908],[27.209784,43.309506],[27.21438,43.310164],[27.217751,43.310644],[27.221817,43.311245],[27.226216,43.311903],[27.228604,43.312233],[27.233307,43.312951],[27.237091,43.313484],[27.240956,43.314345],[27.24537,43.315301],[27.249054,43.31613],[27.253435,43.31707],[27.257582,43.317974],[27.263243,43.318457],[27.267952,43.318825],[27.27352,43.31927],[27.278491,43.31967],[27.283327,43.320106],[27.288265,43.320306],[27.292715,43.320499],[27.297434,43.320691],[27.301646,43.320865],[27.306345,43.321068],[27.311227,43.32124],[27.316527,43.321466],[27.321022,43.32163],[27.325539,43.321841],[27.330131,43.322004],[27.33476,43.322147],[27.339369,43.322364],[27.344121,43.322551],[27.348499,43.322871],[27.352962,43.32316],[27.357329,43.323495],[27.361566,43.323784],[27.366127,43.324114],[27.370754,43.324447],[27.375354,43.324756],[27.380302,43.32516],[27.384837,43.325493],[27.38915,43.325876],[27.393538,43.326118],[27.398002,43.326469],[27.402175,43.326711],[27.405898,43.327046],[27.409943,43.327327],[27.414025,43.327613],[27.417861,43.327921],[27.421884,43.328194],[27.425864,43.32849],[27.430703,43.328865],[27.43448,43.329107],[27.438578,43.329466],[27.442666,43.329723],[27.446582,43.329973],[27.450712,43.330348],[27.4551,43.330668],[27.459113,43.330941],[27.463233,43.331245],[27.466977,43.331487],[27.470829,43.331823],[27.474788,43.332088],[27.478811,43.332416],[27.483757,43.332759],[27.487673,43.33304],[27.492083,43.333337],[27.496449,43.333649],[27.500114,43.333914],[27.504105,43.334187],[27.507503,43.334424],[27.511301,43.334702],[27.515248,43.335014],[27.519903,43.335325],[27.524071,43.335616],[27.528497,43.335218],[27.532907,43.334792],[27.53805,43.334314],[27.542238,43.333942],[27.547365,43.333446],[27.551389,43.333071],[27.556017,43.332632],[27.560506,43.332224],[27.565038,43.331804],[27.569281,43.331422],[27.571752,43.332156],[27.573673,43.332735],[27.575563,43.3327],[27.575833,43.333041]]}},{"type":"Feature","properties":{"osm_id":259646379,"voltage":"110000","circuits":"1","cables":"3","name":"","operator":"","ref":""},"geometry":{"type":"LineString","coordinates":[[27.619532,43.218886],[27.618765,43.219576],[27.616812,43.222342],[27.615364,43.224417],[27.614072,43.226245],[27.614361,43.227529],[27.612295,43.230722],[27.610962,43.232829],[27.609729,43.234714],[27.60832,43.236846],[27.607762,43.240092],[27.607075,43.244138],[27.606595,43.246997],[27.606064,43.250078],[27.604683,43.251934],[27.604053,43.255143],[27.603465,43.258195],[27.602939,43.260901],[27.60187,43.263608],[27.600882,43.266044],[27.599909,43.268444],[27.598964,43.27082],[27.597941,43.27334],[27.596093,43.277884],[27.595179,43.28012],[27.594162,43.282634],[27.593008,43.285518],[27.591984,43.288075],[27.590947,43.29063],[27.589868,43.293284],[27.588856,43.295778],[27.587876,43.298197],[27.58687,43.300653],[27.58598,43.302798],[27.584993,43.305281],[27.583965,43.307822],[27.582935,43.310391],[27.581955,43.31279],[27.580936,43.315304],[27.579942,43.317766],[27.579026,43.320038],[27.578168,43.322163],[27.578138,43.324234],[27.578159,43.327079],[27.578137,43.329569]]}},{"type":"Feature","properties":{"osm_id":259646380,"voltage":"110000","circuits":"1","cables":"3","name":"","operator":"","ref":""},"geometry":{"type":"LineString","coordinates":[[27.588724,43.258847],[27.589682,43.258583],[27.591291,43.257462],[27.595015,43.254872],[27.596925,43.253504],[27.59869,43.252244],[27.601533,43.252569],[27.604238,43.25287],[27.603919,43.25445],[27.603591,43.256167],[27.603267,43.257781],[27.602897,43.259697],[27.602647,43.260845],[27.601864,43.262793],[27.601247,43.264353],[27.600539,43.266055],[27.599876,43.267662],[27.599296,43.269159],[27.598605,43.270859],[27.597954,43.272481],[27.597255,43.274217],[27.596425,43.276267],[27.595581,43.278285],[27.594952,43.279838],[27.594233,43.281644],[27.593709,43.282949],[27.592998,43.28473],[27.592513,43.285899],[27.591885,43.287457],[27.591187,43.289168],[27.590388,43.29115],[27.589681,43.292906],[27.588996,43.294596],[27.588342,43.296237],[27.587665,43.297916],[27.586976,43.299599],[27.586377,43.301052],[27.585725,43.302624],[27.58501,43.304398],[27.58424,43.306334],[27.583506,43.30807],[27.582859,43.309753],[27.582201,43.311352],[27.581557,43.312935],[27.580888,43.314604],[27.58016,43.31645],[27.579568,43.317898],[27.578872,43.319631],[27.5784,43.320791],[27.577891,43.322078],[27.577881,43.324779],[27.577929,43.327456],[27.578137,43.329569]]}},{"type":"Feature","properties":{"osm_id":259646382,"voltage":"110000","circuits":"2","cables":"6","name":"","operator":"","ref":""},"geometry":{"type":"LineString","coordinates":[[27.19182,43.307244],[27.195041,43.307749],[27.198714,43.308279],[27.202332,43.308837],[27.205836,43.309347],[27.209378,43.30987],[27.211857,43.310237],[27.214446,43.31062],[27.217438,43.311062],[27.221255,43.311617],[27.224385,43.312073],[27.227125,43.312472],[27.229576,43.312828],[27.232616,43.313271],[27.234548,43.313554],[27.237063,43.313931],[27.239469,43.314457],[27.241947,43.315003],[27.246363,43.315978],[27.249121,43.316587],[27.252271,43.317281],[27.254882,43.317858],[27.257189,43.318359],[27.260525,43.318644],[27.264293,43.318966],[27.267355,43.319226],[27.27104,43.319534],[27.274676,43.319838],[27.277799,43.320099],[27.280557,43.320318],[27.282723,43.32049],[27.286095,43.320617],[27.288328,43.320702],[27.291232,43.320836],[27.29481,43.321002],[27.298157,43.32112],[27.301513,43.321265],[27.304871,43.321393],[27.308334,43.321525],[27.311128,43.321631],[27.314409,43.321757],[27.316711,43.321844],[27.319454,43.321964],[27.322248,43.322086],[27.325239,43.322217],[27.328332,43.322352],[27.331241,43.322479],[27.334187,43.322568],[27.336808,43.322676],[27.338977,43.322752],[27.341165,43.322845],[27.345884,43.323072],[27.350776,43.323433],[27.355844,43.323801],[27.358559,43.323998],[27.360896,43.324168],[27.363461,43.324358],[27.365934,43.324542],[27.368197,43.324687],[27.370303,43.324848],[27.372506,43.32502],[27.376492,43.325312],[27.378448,43.325456],[27.380608,43.325614],[27.382712,43.325768],[27.385174,43.325949],[27.387646,43.32613],[27.390143,43.326314],[27.392775,43.326507],[27.397728,43.32687],[27.400412,43.327067],[27.404648,43.327378],[27.407058,43.327555],[27.409506,43.327734],[27.411938,43.327913],[27.414371,43.328091],[27.416849,43.328273],[27.418967,43.328428],[27.42102,43.328579],[27.423122,43.328733],[27.4252,43.328885],[27.427185,43.329031],[27.429751,43.329218],[27.431757,43.329365],[27.434021,43.32953],[27.436394,43.329703],[27.438802,43.329878],[27.441291,43.33006],[27.443583,43.330227],[27.44605,43.330407],[27.44848,43.330584],[27.4509,43.330761],[27.453356,43.33094],[27.455707,43.331111],[27.457946,43.331265],[27.460358,43.331433],[27.462577,43.331601],[27.464559,43.331751],[27.466464,43.331905],[27.468279,43.332049],[27.470428,43.332194],[27.472699,43.332352],[27.475175,43.332534],[27.477702,43.332726],[27.480199,43.332894],[27.482737,43.33309],[27.484861,43.333244],[27.48733,43.333412],[27.489691,43.333603],[27.492173,43.333762],[27.497138,43.334139],[27.499518,43.334317],[27.501455,43.334445],[27.503711,43.334594],[27.5059,43.334783],[27.508235,43.334933],[27.510711,43.335129],[27.513039,43.335311],[27.515259,43.33545],[27.517882,43.335628],[27.520012,43.335796],[27.522398,43.335954],[27.524976,43.336155],[27.527459,43.336318],[27.529499,43.336468],[27.530621,43.336547],[27.533071,43.336733],[27.535753,43.336915],[27.537613,43.337055],[27.539806,43.337205],[27.542199,43.337398],[27.544322,43.33752],[27.546589,43.337701],[27.549077,43.337874],[27.551342,43.338028],[27.553377,43.338175],[27.555481,43.33835],[27.558227,43.338568],[27.560032,43.338686],[27.561908,43.33884],[27.563685,43.338947],[27.565914,43.339108],[27.567979,43.339248],[27.570237,43.339455],[27.571336,43.339073],[27.572351,43.338757],[27.574357,43.337963],[27.575647,43.337508],[27.576789,43.337156],[27.576878,43.336373],[27.576981,43.33533]]}},{"type":"Feature","properties":{"osm_id":259646383,"voltage":"110000","circuits":"1","cables":"3","name":"","operator":"","ref":""},"geometry":{"type":"LineString","coordinates":[[27.596502,43.238798],[27.600094,43.240281],[27.603822,43.241817],[27.605868,43.242697],[27.605409,43.24509],[27.605053,43.246928],[27.604626,43.249097],[27.604208,43.251107],[27.603717,43.253635],[27.603227,43.256093],[27.602749,43.258523],[27.602299,43.260798],[27.601352,43.263144],[27.600341,43.265605],[27.599453,43.267838],[27.59853,43.270068],[27.597614,43.27237],[27.596712,43.274618],[27.595786,43.276904],[27.594947,43.278946],[27.593892,43.28157],[27.593257,43.28314],[27.592169,43.285838],[27.591164,43.288303],[27.590686,43.289481],[27.589683,43.291936],[27.588709,43.29435],[27.587771,43.296672],[27.586809,43.299048],[27.585975,43.301095],[27.585011,43.303501],[27.584014,43.30595],[27.582994,43.308445],[27.582004,43.310906],[27.581079,43.313194],[27.580128,43.315545],[27.579237,43.317702],[27.578291,43.320038],[27.577433,43.322098],[27.577526,43.32496],[27.57757,43.32772],[27.577671,43.330614],[27.578006,43.333137],[27.578056,43.334028]]}},{"type":"Feature","properties":{"osm_id":259648084,"voltage":"110000","circuits":"1","cables":"3","name":"Орляк","operator":"","ref":""},"geometry":{"type":"LineString","coordinates":[[27.577377,43.335009],[27.577367,43.335339],[27.577355,43.337174],[27.577366,43.33902],[27.576325,43.340662],[27.575014,43.342729],[27.573723,43.34478],[27.572434,43.346843],[27.57114,43.348897],[27.570118,43.350517],[27.568653,43.352824],[27.567592,43.35449],[27.566391,43.356396],[27.565098,43.358445],[27.563855,43.360418],[27.562853,43.362006],[27.561598,43.364021],[27.560381,43.365987],[27.559107,43.367928],[27.55781,43.370009],[27.556462,43.372142],[27.555087,43.374278],[27.553768,43.376356],[27.552541,43.378287],[27.551233,43.380338],[27.549886,43.382452],[27.548512,43.384621],[27.547166,43.386774],[27.545775,43.388949],[27.544541,43.390875],[27.54348,43.39258],[27.542402,43.394281],[27.541153,43.39623],[27.540185,43.39774],[27.539058,43.39951],[27.538015,43.401279],[27.53691,43.403032],[27.539364,43.404683],[27.539763,43.404907]]}},{"type":"Feature","properties":{"osm_id":259881323,"voltage":"110000","circuits":"1","cables":"3","name":"","operator":"","ref":""},"geometry":{"type":"LineString","coordinates":[[27.021617,43.284178],[27.021391,43.284774],[27.022033,43.286531],[27.018529,43.287907],[27.015117,43.289299],[27.011479,43.290753],[27.007744,43.292246],[27.00417,43.293675],[27.000419,43.295174],[26.997092,43.296479],[26.993907,43.297735],[26.995168,43.299952],[26.996851,43.302981],[26.998424,43.305743],[26.999781,43.308186],[27.001185,43.310691],[27.002785,43.31353],[27.004395,43.31643],[27.004465,43.317888],[27.004545,43.320848],[27.004642,43.323781],[27.004733,43.326017],[27.004785,43.328164],[27.00538,43.330915],[27.006058,43.334051],[27.006739,43.337177],[27.007377,43.34015],[27.00802,43.343108],[27.008659,43.346056],[27.009319,43.349045],[27.009909,43.351931],[27.010546,43.35478],[27.011143,43.357497],[27.011701,43.359958],[27.012225,43.362436],[27.012783,43.364932],[27.013504,43.36823],[27.013901,43.370044],[27.014645,43.373476],[27.015208,43.376069],[27.015761,43.378643],[27.016293,43.380954],[27.01684,43.383394],[27.017259,43.385266],[27.020386,43.385402],[27.025702,43.385632],[27.029313,43.385788],[27.032896,43.385928],[27.037086,43.3861],[27.041356,43.38631],[27.044955,43.386443],[27.049,43.386579],[27.053002,43.386778],[27.056853,43.386934],[27.060394,43.387078],[27.063951,43.387242],[27.067334,43.387345],[27.0702,43.389215],[27.073401,43.391282],[27.076326,43.393101],[27.079377,43.395176],[27.080199,43.39765],[27.081015,43.400199],[27.081777,43.402651],[27.083397,43.404693],[27.084207,43.405749],[27.086067,43.408139],[27.087629,43.410137],[27.089179,43.412094],[27.090676,43.414085],[27.091937,43.415683],[27.093739,43.418009],[27.095347,43.420067],[27.09625,43.421255],[27.098015,43.423479],[27.099478,43.42537],[27.100915,43.427205],[27.102349,43.429058],[27.102413,43.431474],[27.10253,43.433758],[27.1026,43.435503],[27.102691,43.437968],[27.102778,43.439965],[27.105101,43.441064],[27.107182,43.44203],[27.109724,43.443211],[27.112669,43.444594],[27.114585,43.445496],[27.118485,43.447249],[27.120411,43.448234],[27.122985,43.449392],[27.124923,43.450384],[27.127062,43.451386],[27.129879,43.45274],[27.131381,43.453963],[27.133103,43.455376],[27.135067,43.457],[27.136535,43.458243],[27.139315,43.460544],[27.139208,43.462673],[27.139095,43.465115],[27.138908,43.467458],[27.13881,43.469745],[27.138672,43.472052],[27.13719,43.473782],[27.135537,43.475705],[27.133903,43.4776],[27.132336,43.479441],[27.130748,43.481313],[27.129053,43.483279],[27.127255,43.485382],[27.125753,43.487098],[27.124143,43.488986],[27.122299,43.491149],[27.121225,43.492383],[27.12003,43.49381],[27.11923,43.494711],[27.117293,43.49694],[27.115535,43.499029],[27.114037,43.500769],[27.112499,43.502574],[27.110739,43.504636],[27.108447,43.507267],[27.108346,43.508838],[27.108211,43.510598],[27.108018,43.51257],[27.107852,43.514543],[27.107719,43.516129],[27.107563,43.51793],[27.10744,43.519855],[27.107278,43.521875],[27.107134,43.523356],[27.106977,43.525104],[27.106838,43.526897],[27.107471,43.528678],[27.108078,43.530415],[27.108695,43.532084],[27.109344,43.5339],[27.110008,43.535698],[27.11062,43.537374],[27.111231,43.539144],[27.111848,43.540847],[27.112611,43.54286],[27.113211,43.544517],[27.113731,43.546011],[27.11451,43.548101],[27.115073,43.549645],[27.115621,43.551192],[27.116242,43.552935],[27.116946,43.554827],[27.116833,43.556639],[27.116676,43.558378],[27.11658,43.560244],[27.116463,43.56205],[27.116317,43.563929],[27.116193,43.565826],[27.116061,43.567694],[27.115984,43.569168],[27.115839,43.570719],[27.115732,43.572507],[27.115603,43.574167],[27.114782,43.575962],[27.113935,43.577711],[27.113185,43.579388],[27.112349,43.581122],[27.111526,43.582782],[27.110739,43.584572],[27.109892,43.586251],[27.109141,43.587898],[27.109402,43.589326],[27.109828,43.591278],[27.110144,43.592909],[27.109516,43.594006],[27.109838,43.595723],[27.110106,43.597239],[27.110407,43.598816],[27.110739,43.600649],[27.111093,43.602335],[27.111415,43.604107],[27.111801,43.60601],[27.112273,43.607711],[27.112867,43.609861],[27.113765,43.612473],[27.114273,43.614296],[27.114917,43.616471],[27.115336,43.617876],[27.116043,43.620242],[27.11635,43.621262],[27.115979,43.621666]]}},{"type":"Feature","properties":{"osm_id":260496303,"voltage":"400000","circuits":"1","cables":"1","name":"Дръзки","operator":"","ref":""},"geometry":{"type":"LineString","coordinates":[[27.574163,43.335608],[27.5731,43.335523],[27.569988,43.33694]]}},{"type":"Feature","properties":{"osm_id":260496315,"voltage":"400000","circuits":"1","cables":"1","name":"","operator":"","ref":""},"geometry":{"type":"LineString","coordinates":[[27.574163,43.335428],[27.573091,43.335385],[27.569849,43.333158]]}},{"type":"Feature","properties":{"osm_id":260496317,"voltage":"400000","circuits":"1","cables":"1","name":"","operator":"","ref":""},"geometry":{"type":"LineString","coordinates":[[27.569849,43.333158],[27.566901,43.331417],[27.566265,43.327885]]}},{"type":"Feature","properties":{"osm_id":260496319,"voltage":"400000","circuits":"1","cables":"1","name":"","operator":"","ref":""},"geometry":{"type":"LineString","coordinates":[[27.569849,43.333158],[27.567261,43.331391],[27.566265,43.327885]]}},{"type":"Feature","properties":{"osm_id":260500541,"voltage":"110000","circuits":"1","cables":"3","name":"Изгрев","operator":"","ref":""},"geometry":{"type":"LineString","coordinates":[[27.578846,43.335038],[27.578726,43.335328],[27.578541,43.336865],[27.578732,43.337604],[27.580374,43.338152],[27.583073,43.338879],[27.586047,43.33976],[27.588305,43.340413],[27.591734,43.341382],[27.594966,43.342342],[27.59752,43.343082],[27.599418,43.343585],[27.602034,43.342934],[27.604338,43.342342],[27.606812,43.341717],[27.609274,43.34109],[27.61384,43.339927],[27.616316,43.339296],[27.618732,43.338644],[27.62119,43.338019],[27.623669,43.337367],[27.626051,43.336772],[27.62838,43.336194],[27.630599,43.335648],[27.632775,43.335094],[27.635288,43.334452],[27.637714,43.33386],[27.640129,43.333267],[27.642261,43.332744],[27.644752,43.332088],[27.647145,43.331502],[27.649353,43.330996],[27.651616,43.330434],[27.653824,43.329888],[27.655815,43.329382],[27.65823,43.32882],[27.660416,43.32829],[27.662842,43.327688],[27.66467,43.327237],[27.667106,43.326596],[27.669587,43.325987],[27.671947,43.325401],[27.674319,43.324839],[27.676407,43.324309],[27.678637,43.323771],[27.681041,43.32317],[27.683348,43.322608],[27.685545,43.322069],[27.687655,43.321547],[27.689646,43.320779],[27.691909,43.319917],[27.694258,43.318967],[27.696216,43.318184],[27.698359,43.31736],[27.700328,43.316617],[27.702058,43.315857],[27.704419,43.315002],[27.706464,43.314187],[27.708422,43.313419],[27.710032,43.312778],[27.711848,43.312018],[27.713263,43.311511],[27.715112,43.310831],[27.71719,43.310007],[27.71942,43.309121],[27.721465,43.308337],[27.72364,43.307459],[27.725577,43.306707],[27.727611,43.305915],[27.729721,43.305068],[27.731734,43.30426],[27.733616,43.303524],[27.735889,43.302638],[27.737923,43.301838],[27.740132,43.300983],[27.74234,43.300136],[27.744592,43.299249],[27.746713,43.298418],[27.748845,43.297571],[27.751097,43.296692],[27.753402,43.29582],[27.755654,43.294928],[27.757613,43.294158],[27.759556,43.293393],[27.761824,43.293044],[27.763658,43.292751],[27.766245,43.292341],[27.768217,43.292039],[27.770569,43.291673],[27.772962,43.291317],[27.775369,43.290931],[27.777781,43.290543],[27.780131,43.290169],[27.782702,43.289727],[27.784918,43.289393],[27.786889,43.289084],[27.788724,43.288799],[27.790237,43.28855],[27.791849,43.288296],[27.793881,43.287976],[27.79585,43.287673],[27.798874,43.287204],[27.801315,43.286831],[27.803854,43.286421],[27.806093,43.286066],[27.808729,43.285632],[27.811255,43.285237],[27.813645,43.284878],[27.815971,43.284497],[27.817773,43.28376],[27.819699,43.28294],[27.821567,43.282147],[27.823636,43.281295],[27.82555,43.280469],[27.827057,43.279851],[27.827846,43.279518],[27.829875,43.278648],[27.831925,43.277791],[27.834085,43.276891],[27.836172,43.276011],[27.838237,43.275145],[27.840271,43.274293],[27.842178,43.273486],[27.844081,43.272671],[27.846205,43.271776],[27.84842,43.27083],[27.850684,43.269873],[27.852801,43.268984],[27.854775,43.268135],[27.857022,43.267178],[27.85919,43.266264],[27.861354,43.265348],[27.86357,43.2644],[27.865387,43.263635],[27.867636,43.262688],[27.869847,43.26175],[27.870803,43.260025],[27.871849,43.258199],[27.872922,43.25629],[27.873951,43.25444],[27.874749,43.253096],[27.875741,43.251303],[27.876205,43.25047],[27.876736,43.249622],[27.87513,43.247838],[27.873755,43.246273],[27.872896,43.245347],[27.871117,43.243397],[27.870512,43.241949],[27.870215,43.241445]]}},{"type":"Feature","properties":{"osm_id":260504057,"voltage":"400000","circuits":"1","cables":"1","name":"","operator":"","ref":""},"geometry":{"type":"LineString","coordinates":[[27.529264,43.334256],[27.530028,43.335615],[27.531567,43.337034]]}},{"type":"Feature","properties":{"osm_id":260504058,"voltage":"400000","circuits":"1","cables":"1","name":"","operator":"","ref":""},"geometry":{"type":"LineString","coordinates":[[27.529264,43.334256],[27.530491,43.3354],[27.531567,43.337034]]}},{"type":"Feature","properties":{"osm_id":260509182,"voltage":"400000","circuits":"1","cables":"1","name":"","operator":"","ref":""},"geometry":{"type":"LineString","coordinates":[[27.559265,43.339283],[27.563562,43.339676],[27.56597,43.338583]]}},{"type":"Feature","properties":{"osm_id":260509184,"voltage":"110000","circuits":"1","cables":"3","name":"","operator":"","ref":""},"geometry":{"type":"LineString","coordinates":[[27.584271,43.35989],[27.583586,43.359871],[27.580294,43.360357],[27.57941,43.36206],[27.578691,43.363494],[27.577932,43.365005],[27.577153,43.366554],[27.576427,43.36799],[27.57581,43.369245],[27.57444,43.3704],[27.573583,43.371571],[27.572719,43.372744],[27.571812,43.373908],[27.570988,43.375082],[27.569193,43.375696],[27.567436,43.376304],[27.5656,43.376881],[27.564444,43.377549],[27.563298,43.378276],[27.562377,43.3788],[27.561527,43.379285],[27.560256,43.380049],[27.558297,43.379599],[27.555978,43.379929],[27.553799,43.38026],[27.551429,43.380606],[27.550408,43.382192],[27.549235,43.384054],[27.5481,43.38587],[27.547174,43.387311],[27.545979,43.389176],[27.5447,43.391203],[27.543627,43.392905],[27.542544,43.394603],[27.541363,43.396492],[27.540295,43.398163],[27.539366,43.399592],[27.538265,43.40142],[27.536985,43.403391],[27.539236,43.404803],[27.539707,43.404985]]}},{"type":"Feature","properties":{"osm_id":260518834,"voltage":"110000","circuits":"1","cables":"3","name":"","operator":"","ref":""},"geometry":{"type":"LineString","coordinates":[[27.524617,43.424445],[27.525035,43.424785],[27.525427,43.426047],[27.525795,43.427313],[27.526199,43.428612],[27.526589,43.429864],[27.526971,43.431118],[27.527353,43.43238],[27.527694,43.433647],[27.529294,43.434345],[27.530575,43.434892],[27.532172,43.435608],[27.533548,43.436225],[27.534732,43.436724],[27.536124,43.437341],[27.537486,43.437924],[27.538781,43.4385],[27.540637,43.439303],[27.541742,43.43979],[27.543432,43.440536],[27.544856,43.441164],[27.546493,43.441674],[27.548119,43.442202],[27.549722,43.442722],[27.551304,43.443236],[27.553138,43.443809],[27.555305,43.44453],[27.556742,43.444994],[27.558268,43.445497],[27.560115,43.446078],[27.561763,43.446614],[27.563469,43.447177],[27.564946,43.447656],[27.566589,43.448192],[27.567206,43.448593]]}},{"type":"Feature","properties":{"osm_id":260529714,"voltage":"110000","circuits":"2","cables":"6","name":"","operator":"","ref":""},"geometry":{"type":"LineString","coordinates":[[27.577623,43.335322],[27.577548,43.337177],[27.577602,43.339058],[27.576397,43.340873],[27.574943,43.343207],[27.573393,43.34565],[27.572114,43.347705],[27.570724,43.349859],[27.569376,43.35204],[27.567929,43.354294],[27.566483,43.356582],[27.565077,43.358919],[27.563646,43.361128],[27.562515,43.362932],[27.561246,43.364904],[27.560251,43.366509]]}},{"type":"Feature","properties":{"osm_id":260529716,"voltage":"400000","circuits":"1","cables":"1","name":"Дръзки","operator":"","ref":""},"geometry":{"type":"LineString","coordinates":[[27.569988,43.33694],[27.573193,43.335718],[27.574163,43.335608]]}},{"type":"Feature","properties":{"osm_id":260529717,"voltage":"110000","circuits":"1","cables":"1","name":"","operator":"","ref":""},"geometry":{"type":"LineString","coordinates":[[27.573812,43.337196],[27.57369,43.335503],[27.573475,43.334283]]}},{"type":"Feature","properties":{"osm_id":260529718,"voltage":"110000","circuits":"1","cables":"1","name":"","operator":"","ref":""},"geometry":{"type":"LineString","coordinates":[[27.573812,43.337196],[27.573388,43.335458],[27.573475,43.334283]]}},{"type":"Feature","properties":{"osm_id":260529720,"voltage":"110000","circuits":"1","cables":"3","name":"","operator":"","ref":""},"geometry":{"type":"LineString","coordinates":[[27.798154,43.555434],[27.797567,43.555025],[27.796741,43.553626],[27.795791,43.552139],[27.794872,43.550639],[27.79383,43.548895],[27.792758,43.54714],[27.791652,43.545395],[27.79064,43.543621],[27.78968,43.541948],[27.788578,43.540203],[27.787553,43.538465],[27.784372,43.533212],[27.783348,43.531516],[27.782363,43.529925],[27.781661,43.528774],[27.780728,43.527171],[27.779646,43.525391],[27.778572,43.523602],[27.777593,43.521906],[27.77656,43.520231],[27.774422,43.516677],[27.773392,43.514967],[27.772488,43.513458],[27.771537,43.511859],[27.770719,43.510486],[27.769721,43.508797],[27.768641,43.507009],[27.767672,43.505374],[27.766938,43.504125],[27.766073,43.50272],[27.765324,43.501475],[27.764317,43.499828],[27.763272,43.498042],[27.762242,43.496301],[27.761174,43.494546],[27.760086,43.492759],[27.759036,43.491013],[27.758115,43.489486],[27.757269,43.488083],[27.756302,43.486467],[27.755339,43.484868],[27.754217,43.483053],[27.753121,43.481248],[27.752224,43.479737],[27.751417,43.478345],[27.750617,43.477025],[27.749455,43.475102],[27.748578,43.473611],[27.742362,43.463316],[27.736372,43.453342],[27.733555,43.448728],[27.732601,43.447144],[27.730588,43.44379],[27.728727,43.443461],[27.723549,43.442568],[27.721448,43.442205],[27.717124,43.441456],[27.714928,43.441066],[27.708201,43.439864],[27.70546,43.439428],[27.703278,43.439032],[27.701361,43.438711],[27.699118,43.438308],[27.695496,43.436885],[27.693808,43.435545],[27.692088,43.434184],[27.690435,43.432887],[27.686368,43.42964],[27.677994,43.423049],[27.676368,43.421771],[27.668043,43.415207],[27.660079,43.408951],[27.642077,43.394708],[27.630312,43.385457],[27.627601,43.383334],[27.622563,43.379389],[27.600795,43.362222],[27.592296,43.355542],[27.586251,43.350791],[27.582203,43.347604],[27.579993,43.345021],[27.577788,43.342445],[27.578059,43.340484],[27.578191,43.339009],[27.578368,43.337496],[27.578373,43.335365],[27.578374,43.335023]]}},{"type":"Feature","properties":{"osm_id":260529722,"voltage":"110000","circuits":"1","cables":"3","name":"","operator":"","ref":""},"geometry":{"type":"LineString","coordinates":[[27.573812,43.337196],[27.576148,43.336799],[27.57672,43.335719],[27.576756,43.335334],[27.576807,43.335005]]}},{"type":"Feature","properties":{"osm_id":260592500,"voltage":"400000","circuits":"1","cables":"3","name":"Съединение","operator":"","ref":""},"geometry":{"type":"LineString","coordinates":[[27.579387,43.430249],[27.581103,43.432348],[27.582371,43.433958],[27.583784,43.435662],[27.585377,43.437611],[27.586956,43.439566],[27.588641,43.441636],[27.590177,43.443459],[27.59176,43.445477],[27.593411,43.447528],[27.595103,43.449461],[27.596879,43.45173],[27.598563,43.453823],[27.599814,43.455333],[27.602238,43.456151],[27.60463,43.456977],[27.607259,43.458028],[27.60993,43.458986],[27.611569,43.459611],[27.612283,43.460681],[27.613595,43.462955],[27.614753,43.464856],[27.61555,43.466305],[27.616828,43.468385],[27.618175,43.470632],[27.619411,43.472678],[27.620586,43.474689],[27.621719,43.476554],[27.622853,43.478485],[27.62436,43.480982],[27.625352,43.482641],[27.626313,43.484264],[27.627416,43.486173],[27.62834,43.487742],[27.629287,43.489065],[27.630287,43.490604],[27.631259,43.491966],[27.632353,43.493667],[27.634276,43.496495],[27.635483,43.498183],[27.636975,43.500408],[27.638275,43.502296],[27.639603,43.504195],[27.64109,43.506402],[27.642383,43.508263],[27.643682,43.510187],[27.645351,43.512668],[27.646705,43.514629],[27.647848,43.516325],[27.649328,43.518496],[27.650639,43.520382],[27.651851,43.522155],[27.653317,43.524304],[27.65483,43.526546],[27.656213,43.52859],[27.657379,43.530348],[27.65857,43.532113],[27.659643,43.533634],[27.660793,43.53523],[27.662171,43.537266],[27.663389,43.539121],[27.665212,43.54175],[27.665984,43.542975],[27.6673,43.54477],[27.668886,43.547072],[27.670357,43.549242],[27.671906,43.551472],[27.673398,43.553688],[27.674927,43.555922],[27.676719,43.558543],[27.678553,43.561208],[27.680532,43.564046],[27.682009,43.56625],[27.683506,43.568378],[27.684827,43.570357],[27.686267,43.572485],[27.687697,43.574523],[27.689179,43.576715],[27.690588,43.578757],[27.691946,43.580731],[27.693231,43.58266],[27.694676,43.584713],[27.695888,43.586514],[27.697178,43.588368],[27.698674,43.590581],[27.699422,43.591739],[27.700419,43.593112],[27.701905,43.5953],[27.70347,43.597558],[27.705004,43.599795],[27.706211,43.601577],[27.707579,43.603539],[27.708905,43.605433],[27.710547,43.607838],[27.711998,43.60989],[27.713588,43.612208],[27.715096,43.61441],[27.71665,43.616578],[27.71821,43.618885],[27.719645,43.621011],[27.721168,43.623168],[27.72266,43.625373],[27.724054,43.627379],[27.725686,43.629644],[27.727199,43.631872],[27.728644,43.633953],[27.729468,43.635138],[27.730281,43.636353],[27.731203,43.63765],[27.732649,43.639742],[27.734208,43.641996],[27.735752,43.644241],[27.737151,43.646217],[27.738389,43.648069],[27.739726,43.649917],[27.741223,43.652114],[27.7427,43.654303],[27.744233,43.656518],[27.7457,43.658573],[27.747192,43.660735],[27.748508,43.662665],[27.749912,43.664741],[27.751373,43.66684],[27.752404,43.668302],[27.754274,43.671049],[27.755693,43.673046],[27.757134,43.67516],[27.759905,43.67919],[27.761386,43.681308],[27.762817,43.683438],[27.764421,43.685785],[27.765816,43.687787],[27.767125,43.689571],[27.768476,43.691604],[27.769704,43.693438],[27.771109,43.695377],[27.77245,43.697386],[27.773931,43.699442],[27.775133,43.70128],[27.775991,43.70332],[27.77701,43.705507],[27.778105,43.707857],[27.779135,43.710238],[27.780229,43.712619],[27.78127,43.714953],[27.7823,43.71728],[27.78333,43.719621],[27.784177,43.721591],[27.785282,43.724188],[27.786537,43.726987],[27.78775,43.729677],[27.788973,43.732546],[27.790153,43.735073],[27.791258,43.737848],[27.792449,43.740476],[27.793576,43.743057],[27.794853,43.745941],[27.796205,43.749072],[27.797401,43.751618],[27.79856,43.754362],[27.799826,43.757353],[27.800587,43.759001],[27.801853,43.761209],[27.803419,43.763999],[27.804921,43.766408],[27.806316,43.76905],[27.807893,43.771762],[27.809631,43.7749],[27.811122,43.77744],[27.812796,43.780303],[27.81432,43.783056],[27.815838,43.78581],[27.817334,43.788343],[27.818788,43.790895],[27.820242,43.793505],[27.821808,43.796215],[27.823337,43.798813],[27.825011,43.801791],[27.826534,43.804462],[27.827956,43.806948],[27.829383,43.809418],[27.830767,43.811996],[27.832242,43.814663],[27.833782,43.817283],[27.835321,43.820012],[27.836893,43.822706],[27.838325,43.825222],[27.839688,43.827617],[27.841496,43.830791],[27.843111,43.833565],[27.844591,43.83622],[27.8462,43.838982],[27.847815,43.841815],[27.849339,43.844446],[27.851002,43.847382],[27.852809,43.850647],[27.852883,43.851006],[27.853094,43.85204],[27.853491,43.853881],[27.853813,43.855475],[27.854103,43.857231],[27.854478,43.85891],[27.855014,43.861525],[27.855561,43.864603],[27.856141,43.867311],[27.856656,43.870203],[27.857256,43.873111],[27.857901,43.876066],[27.858408,43.878825],[27.858989,43.881895],[27.85951,43.884673],[27.860175,43.887596],[27.860679,43.890433],[27.861173,43.893039],[27.861763,43.896147],[27.862374,43.899131],[27.862921,43.901806],[27.863522,43.904999],[27.864081,43.907449],[27.86444,43.909218],[27.865314,43.911546],[27.86644,43.91439],[27.867556,43.917095],[27.868597,43.919893],[27.869761,43.922781],[27.869731,43.923006],[27.870968,43.925603],[27.872062,43.928354],[27.873403,43.931615],[27.87453,43.934373],[27.875571,43.937062],[27.876858,43.940237],[27.877963,43.942949],[27.879197,43.945923],[27.880087,43.948178],[27.881439,43.950364],[27.88307,43.953006],[27.884636,43.955771],[27.886204,43.958351],[27.887962,43.961223],[27.8897,43.964004],[27.890925,43.966213],[27.89264,43.968838],[27.894224,43.971538],[27.895581,43.97381],[27.897598,43.977007],[27.89912,43.979585],[27.900259,43.981393],[27.901787,43.983933],[27.903058,43.986078],[27.904604,43.988572],[27.908154,43.990701],[27.909866,43.991737],[27.910912,43.993652],[27.912177,43.995935],[27.913599,43.998495],[27.914966,44.001009],[27.916547,44.003834],[27.917826,44.006105]]}},{"type":"Feature","properties":{"osm_id":260596359,"voltage":"110000","circuits":"","cables":"3","name":"","operator":"","ref":""},"geometry":{"type":"LineString","coordinates":[[27.846172,43.559384],[27.845715,43.559479]]}},{"type":"Feature","properties":{"osm_id":260596360,"voltage":"110000","circuits":"","cables":"3","name":"","operator":"","ref":""},"geometry":{"type":"LineString","coordinates":[[27.845854,43.559543],[27.846172,43.559384]]}},{"type":"Feature","properties":{"osm_id":260596364,"voltage":"110000","circuits":"2","cables":"6","name":"","operator":"","ref":""},"geometry":{"type":"LineString","coordinates":[[27.846172,43.559384],[27.847659,43.558281],[27.8492,43.557137],[27.850923,43.555859],[27.852172,43.554932]]}},{"type":"Feature","properties":{"osm_id":260596365,"voltage":"110000","circuits":"1","cables":"3","name":"","operator":"","ref":""},"geometry":{"type":"LineString","coordinates":[[27.798154,43.555434],[27.799026,43.55398],[27.799927,43.553447],[27.802199,43.552071],[27.803658,43.551105],[27.805399,43.550016],[27.807105,43.548978],[27.808794,43.547938],[27.811251,43.546382],[27.81222,43.545768],[27.814312,43.544514],[27.815587,43.543789],[27.817461,43.5426],[27.819296,43.541463],[27.82035,43.54167],[27.821538,43.541931],[27.823326,43.542278],[27.825091,43.542642],[27.826725,43.542974],[27.82844,43.543334],[27.83018,43.543685],[27.831908,43.544026],[27.833604,43.544377],[27.835325,43.544737],[27.836915,43.545019],[27.838711,43.545374],[27.840338,43.545734],[27.842047,43.546085],[27.843782,43.546435],[27.845471,43.546796],[27.847228,43.54713],[27.848973,43.547495],[27.850674,43.547838],[27.852425,43.548199],[27.854165,43.548548],[27.855907,43.548907],[27.857645,43.549266],[27.859326,43.549612],[27.860994,43.549946],[27.862644,43.550276],[27.863561,43.55152],[27.864582,43.552949],[27.865615,43.554372],[27.866632,43.555798],[27.867661,43.557209],[27.868665,43.558594],[27.869368,43.559582],[27.870479,43.561086],[27.871455,43.562446],[27.872527,43.563937],[27.8735,43.56529],[27.874578,43.566725],[27.875559,43.568116],[27.876671,43.569652],[27.877705,43.571075],[27.878722,43.572497],[27.879794,43.573959],[27.880785,43.5753],[27.881861,43.576734],[27.882756,43.577962],[27.883633,43.579164],[27.884563,43.580454],[27.885475,43.581719],[27.886379,43.583009],[27.886318,43.584614],[27.886222,43.586168],[27.886144,43.587785],[27.88604,43.589365],[27.886004,43.590742],[27.885876,43.592203],[27.885817,43.593588],[27.885747,43.595203],[27.885675,43.596739],[27.886841,43.597976],[27.888059,43.599293],[27.889304,43.600595],[27.890554,43.60192],[27.891793,43.603229],[27.893053,43.604557],[27.894293,43.605905],[27.895548,43.607233],[27.896825,43.60857],[27.898064,43.609863],[27.899298,43.611223],[27.900564,43.612528],[27.901776,43.613825],[27.90301,43.615145],[27.904244,43.616435],[27.905488,43.617747],[27.906754,43.619083],[27.908031,43.620419],[27.909329,43.621856],[27.910568,43.623095],[27.911823,43.624477],[27.913079,43.625821],[27.914377,43.627129],[27.915627,43.628481],[27.916861,43.62977],[27.918127,43.631059],[27.919328,43.632402],[27.920594,43.63373],[27.921871,43.635011],[27.923116,43.636378],[27.924349,43.637706],[27.925626,43.639034],[27.92686,43.640353],[27.928201,43.641751],[27.929446,43.643071],[27.930701,43.644399],[27.931924,43.645687],[27.933158,43.646999],[27.934392,43.648327],[27.935647,43.649678],[27.936773,43.65085],[27.938297,43.651479],[27.939863,43.652115],[27.941301,43.652736],[27.942449,43.653256],[27.944064,43.65387],[27.945598,43.654506],[27.947137,43.655166],[27.948645,43.655756],[27.950227,43.65642],[27.951622,43.656986],[27.95307,43.657603],[27.95453,43.658209],[27.956026,43.658826],[27.957421,43.659396],[27.958987,43.660068],[27.960559,43.660685],[27.962136,43.661364],[27.96366,43.662012],[27.965108,43.662586],[27.966578,43.663215],[27.968102,43.663859],[27.969604,43.664449],[27.971073,43.665062],[27.972586,43.665675],[27.97397,43.666265],[27.975405,43.666876],[27.976808,43.667445],[27.978251,43.668027],[27.979796,43.668702],[27.981373,43.669307],[27.983084,43.670126],[27.984678,43.670704],[27.986233,43.671344],[27.987773,43.672004],[27.989361,43.672613],[27.99089,43.673269],[27.992494,43.673933],[27.994098,43.674619],[27.99561,43.675275],[27.997128,43.675853],[27.998781,43.676559],[28.000347,43.677219],[28.001774,43.67782],[28.003314,43.678418],[28.004816,43.679038],[28.006264,43.679675],[28.007755,43.68028],[28.009247,43.680885],[28.010802,43.681552],[28.012294,43.682134],[28.013774,43.682794],[28.015362,43.683461],[28.016907,43.684051],[28.018409,43.684726],[28.02033,43.685502],[28.021451,43.68556],[28.023194,43.685649],[28.024964,43.68575],[28.02674,43.685835],[28.028451,43.685928],[28.030141,43.686017],[28.031847,43.686107],[28.03506,43.686206],[28.036442,43.686295],[28.038172,43.686401],[28.03992,43.686502],[28.041551,43.68658],[28.042452,43.687922],[28.043273,43.689028],[28.04389,43.690021],[28.044647,43.691167],[28.045467,43.692352],[28.046103,43.693321],[28.046336,43.69378]]}},{"type":"Feature","properties":{"osm_id":260605474,"voltage":"110000","circuits":"2","cables":"6","name":"","operator":"","ref":""},"geometry":{"type":"LineString","coordinates":[[27.784639,43.551424],[27.782657,43.550714],[27.780413,43.549885],[27.778291,43.549089],[27.776126,43.548305],[27.773832,43.54744],[27.771508,43.546594],[27.76928,43.545767],[27.766757,43.54485],[27.764558,43.544032],[27.762273,43.543196],[27.760011,43.542349],[27.757659,43.541491],[27.755631,43.540761],[27.753752,43.540067],[27.75151,43.539239],[27.749087,43.538343],[27.746816,43.537504],[27.744533,43.536658],[27.743151,43.536151],[27.740731,43.535249],[27.738513,43.53443],[27.736136,43.533566],[27.733891,43.532725],[27.732065,43.532058],[27.730675,43.531288],[27.728684,43.530131],[27.725949,43.528588],[27.72389,43.527373],[27.721848,43.526249],[27.719823,43.525159],[27.716626,43.523341],[27.715885,43.522928],[27.713014,43.524322],[27.708929,43.526204],[27.705297,43.524896],[27.701213,43.523343],[27.701269,43.520049],[27.700914,43.516927],[27.70041,43.515182],[27.700102,43.513905],[27.697652,43.512511],[27.694922,43.510964],[27.692398,43.509546],[27.690023,43.508158],[27.687303,43.506627],[27.684903,43.505248],[27.682146,43.503757],[27.679463,43.5022],[27.676995,43.500767],[27.674398,43.499312],[27.67222,43.498057],[27.669075,43.496249],[27.666909,43.495031],[27.664472,43.493651],[27.661726,43.4921],[27.659115,43.490652],[27.657236,43.489611],[27.655111,43.488414],[27.652652,43.487039],[27.650599,43.485889],[27.647737,43.484316],[27.645095,43.482824],[27.643047,43.481675],[27.640134,43.480058],[27.637787,43.478753],[27.634801,43.477077],[27.632878,43.475999],[27.63099,43.474966],[27.627425,43.472944],[27.625699,43.471985],[27.62408,43.470987],[27.622435,43.470024],[27.620527,43.468836],[27.61885,43.467841],[27.615894,43.466038],[27.61397,43.464881],[27.61145,43.463363],[27.608912,43.461779],[27.606174,43.460142],[27.603758,43.458656],[27.600984,43.456967],[27.598475,43.455448],[27.597512,43.454246],[27.596138,43.452561],[27.594867,43.450978],[27.593677,43.4495],[27.592386,43.447929],[27.591025,43.446248],[27.589888,43.444875],[27.588651,43.443344],[27.587507,43.44193],[27.586173,43.440332],[27.585006,43.438883],[27.58368,43.4373],[27.582376,43.435696],[27.581043,43.434057],[27.579674,43.432428],[27.578575,43.431036],[27.579392,43.429497],[27.580225,43.427757],[27.581189,43.425857],[27.581983,43.424217],[27.582779,43.42266],[27.583504,43.421143],[27.58463,43.418912],[27.585535,43.417107],[27.586365,43.415441],[27.58712,43.413949],[27.587799,43.412551],[27.586576,43.411149],[27.584986,43.409359],[27.583673,43.407873],[27.582035,43.40602],[27.58067,43.404476],[27.579301,43.40291],[27.577843,43.401278],[27.576905,43.400198],[27.575806,43.398969],[27.57448,43.397408],[27.573091,43.395796],[27.571748,43.394277],[27.570404,43.392748],[27.569073,43.391289],[27.567561,43.38954],[27.566208,43.38797],[27.564859,43.386444],[27.563478,43.385018],[27.563094,43.383156],[27.562656,43.381407],[27.562272,43.379802],[27.561779,43.377901],[27.5613,43.376091],[27.560802,43.374192],[27.56031,43.37222],[27.559753,43.370295],[27.559199,43.36819]]}},{"type":"Feature","properties":{"osm_id":260669255,"voltage":"110000","circuits":"1","cables":"3","name":"","operator":"","ref":""},"geometry":{"type":"LineString","coordinates":[[26.008282,43.866897],[26.008033,43.866799],[26.007844,43.864745],[26.007456,43.860053],[26.007202,43.856799],[26.007068,43.854709],[26.007043,43.853597],[26.006839,43.849694],[26.006746,43.846551],[26.006636,43.844192],[26.006577,43.842037],[26.006566,43.84162],[26.006514,43.84064],[26.006414,43.838764],[26.006649,43.837993],[26.006792,43.837523],[26.007568,43.834974],[26.008265,43.832718],[26.008802,43.830957],[26.009587,43.828423],[26.010263,43.82624],[26.010911,43.824115],[26.011577,43.82194],[26.012195,43.819996],[26.013071,43.817998],[26.014143,43.81521],[26.014894,43.813366],[26.015783,43.811188],[26.016648,43.809068],[26.017577,43.806797],[26.018506,43.804547],[26.0194,43.80237],[26.020327,43.80009],[26.021258,43.797869],[26.022189,43.795584],[26.023141,43.793301],[26.024657,43.792036],[26.026382,43.790589],[26.026754,43.790241]]}},{"type":"Feature","properties":{"osm_id":260669256,"voltage":"110000","circuits":"1","cables":"3","name":"","operator":"","ref":""},"geometry":{"type":"LineString","coordinates":[[26.00821,43.867831],[26.007757,43.86736],[26.00752,43.864747],[26.007411,43.863291],[26.007151,43.860073],[26.006908,43.857207],[26.006825,43.856016],[26.006746,43.854431],[26.00659,43.852184],[26.006428,43.849937],[26.006267,43.847099],[26.006093,43.844679],[26.006078,43.84447],[26.005881,43.841635],[26.005784,43.838978],[26.006211,43.837494],[26.007005,43.835093],[26.007748,43.832765],[26.008324,43.830995],[26.009095,43.828592],[26.009808,43.826374],[26.010556,43.824099],[26.011318,43.821753],[26.012,43.819687],[26.012793,43.817747],[26.013734,43.815434],[26.014465,43.813649],[26.015373,43.811399],[26.016278,43.809212],[26.017207,43.806954],[26.017351,43.806602],[26.018125,43.804704],[26.019035,43.802474],[26.019976,43.800166],[26.02091,43.797876],[26.021836,43.795604],[26.022727,43.793437],[26.0245,43.791938],[26.026226,43.790491],[26.026671,43.79019]]}},{"type":"Feature","properties":{"osm_id":260670992,"voltage":"110000","circuits":"1","cables":"3","name":"","operator":"","ref":""},"geometry":{"type":"LineString","coordinates":[[27.472735,43.134364],[27.473078,43.134595],[27.475128,43.135077],[27.478049,43.135928],[27.47965,43.136721],[27.479317,43.138123],[27.478974,43.139912],[27.478765,43.140832],[27.478255,43.143262],[27.477627,43.145998],[27.476866,43.14929],[27.476329,43.151857],[27.475777,43.154491],[27.475194,43.157195],[27.474667,43.159874],[27.474054,43.162399],[27.473454,43.165066],[27.472933,43.167593],[27.472567,43.169461],[27.472976,43.171467],[27.473406,43.173258],[27.473799,43.175035],[27.474335,43.177347],[27.474926,43.179645],[27.47545,43.181921],[27.471298,43.185476],[27.469678,43.186866],[27.468098,43.188237],[27.46499,43.188269],[27.463198,43.188289],[27.461349,43.188319],[27.456833,43.18833],[27.453995,43.1901],[27.45283,43.190863],[27.450839,43.191747],[27.44978,43.192423],[27.447285,43.194073],[27.444753,43.195589],[27.443558,43.195636]]}},{"type":"Feature","properties":{"osm_id":260670993,"voltage":"110000","circuits":"1","cables":"3","name":"Добрина","operator":"","ref":""},"geometry":{"type":"LineString","coordinates":[[27.601984,43.218707],[27.601537,43.218641],[27.600241,43.217627],[27.598672,43.216351],[27.597691,43.214977],[27.596571,43.213444],[27.595672,43.212565],[27.592999,43.209952],[27.59052,43.207535],[27.588064,43.205181],[27.585539,43.202701],[27.583493,43.200722],[27.580998,43.198291],[27.578442,43.195815],[27.576255,43.193676],[27.574082,43.191568],[27.572623,43.190155],[27.570511,43.188131],[27.568769,43.188112],[27.565385,43.188089],[27.562384,43.18808],[27.559555,43.188099],[27.555674,43.188072],[27.552915,43.188072],[27.549528,43.188053],[27.546432,43.18802],[27.543541,43.188041],[27.541344,43.188089],[27.53913,43.188032],[27.536158,43.188014],[27.532643,43.188006],[27.52926,43.187988],[27.524673,43.188003],[27.521416,43.188032],[27.517489,43.188065],[27.513918,43.188062],[27.511227,43.188074],[27.505348,43.188121],[27.503758,43.188133],[27.502238,43.18813],[27.49949,43.188127],[27.494312,43.188184],[27.491968,43.188178],[27.489183,43.18819],[27.486188,43.188217],[27.483074,43.18823],[27.480189,43.188271],[27.47712,43.188326],[27.475067,43.188348],[27.470928,43.18838],[27.468433,43.188405],[27.464026,43.188467],[27.45715,43.18851],[27.454251,43.190198],[27.448911,43.193363],[27.446866,43.194567],[27.444809,43.195782],[27.443543,43.195796]]}},{"type":"Feature","properties":{"osm_id":260801333,"voltage":"110000","circuits":"1","cables":"3","name":"","operator":"","ref":""},"geometry":{"type":"LineString","coordinates":[[27.662953,43.204276],[27.662524,43.204366]]}},{"type":"Feature","properties":{"osm_id":260801334,"voltage":"110000","circuits":"1","cables":"3","name":"","operator":"","ref":""},"geometry":{"type":"LineString","coordinates":[[27.662524,43.204366],[27.661903,43.202755],[27.661807,43.202502]]}},{"type":"Feature","properties":{"osm_id":260801336,"voltage":"110000","circuits":"2","cables":"6","name":"Дракон","operator":"","ref":""},"geometry":{"type":"LineString","coordinates":[[27.702782,43.206437],[27.702256,43.203622],[27.704601,43.200836],[27.70528,43.200688]]}},{"type":"Feature","properties":{"osm_id":260801337,"voltage":"110000","circuits":"2","cables":"6","name":"","operator":"","ref":""},"geometry":{"type":"LineString","coordinates":[[27.662524,43.204366],[27.664157,43.208753],[27.66423,43.209414],[27.664454,43.211682],[27.664829,43.214966],[27.66513,43.217453],[27.665382,43.220158],[27.665677,43.223055],[27.666036,43.226279],[27.665993,43.228918],[27.666283,43.23265],[27.666519,43.235457],[27.666766,43.238712],[27.667034,43.241885],[27.667259,43.24489],[27.667463,43.247551],[27.667662,43.250255],[27.667882,43.252756],[27.668053,43.255444],[27.668263,43.258007],[27.666492,43.259222],[27.665135,43.260159],[27.663461,43.26137],[27.661954,43.262425],[27.6602,43.263683],[27.658451,43.264906],[27.656338,43.266406],[27.654482,43.267695],[27.652915,43.268827],[27.651064,43.27014],[27.649047,43.271554],[27.647384,43.272733],[27.645716,43.273905],[27.643393,43.275565],[27.641044,43.277295],[27.638587,43.279053],[27.636291,43.280709],[27.633732,43.282528],[27.631683,43.284016],[27.629129,43.285844],[27.626866,43.287472],[27.626978,43.288936],[27.626018,43.289565],[27.625208,43.290178],[27.622944,43.291947],[27.622043,43.292607],[27.619382,43.294696],[27.617027,43.296492],[27.6148,43.298222],[27.611783,43.300566],[27.609319,43.30248],[27.606341,43.304793],[27.603819,43.306752],[27.601494,43.308558],[27.599092,43.310422],[27.596509,43.312427],[27.591962,43.315959],[27.589735,43.317736],[27.586981,43.319827],[27.584509,43.321746],[27.581871,43.323795],[27.579887,43.325336],[27.578329,43.326574],[27.578318,43.32923],[27.578332,43.331284],[27.578352,43.334029]]}},{"type":"Feature","properties":{"osm_id":260822553,"voltage":"110000","circuits":"1","cables":"3","name":"Юпитер","operator":"","ref":""},"geometry":{"type":"LineString","coordinates":[[27.878377,43.188741],[27.879051,43.189203],[27.881598,43.190516],[27.884574,43.192228],[27.885731,43.192829],[27.887048,43.19301],[27.887899,43.193042]]}},{"type":"Feature","properties":{"osm_id":260822554,"voltage":"110000","circuits":"1","cables":"3","name":"Галатея","operator":"","ref":"Галатея"},"geometry":{"type":"LineString","coordinates":[[27.878173,43.188415],[27.877388,43.188255],[27.874832,43.186855],[27.871844,43.185205],[27.869683,43.183967],[27.869893,43.182171],[27.870092,43.179954],[27.870379,43.177106],[27.870623,43.174427],[27.870725,43.173331],[27.87085,43.17212],[27.871169,43.168932],[27.880019,43.162152],[27.891138,43.153655],[27.882128,43.142276],[27.882076,43.142001],[27.876395,43.111954],[27.875324,43.106573],[27.874824,43.104154],[27.873588,43.097921],[27.872194,43.090987],[27.872129,43.088365],[27.872063,43.085591],[27.872004,43.083496],[27.871933,43.081044],[27.87188,43.079367],[27.871693,43.07135],[27.871625,43.068336],[27.871541,43.065454],[27.871491,43.062918],[27.872322,43.060815],[27.873127,43.058835],[27.874561,43.056216],[27.87602,43.053571],[27.877712,43.05049],[27.873962,43.049865],[27.871682,43.049488],[27.869611,43.049165],[27.867509,43.048833],[27.865186,43.048446],[27.862131,43.047961],[27.858714,43.047404],[27.856312,43.044934],[27.853909,43.042437],[27.848473,43.036845],[27.846223,43.034526],[27.843778,43.031988],[27.841504,43.029652],[27.83915,43.027189],[27.825971,43.026584],[27.822148,43.026417],[27.818694,43.026264],[27.816372,43.026143],[27.813832,43.02603],[27.808232,43.023697],[27.798888,43.019512],[27.798925,43.018572],[27.799568,43.014461],[27.799712,43.01155],[27.797213,43.00949],[27.794387,43.007156],[27.791955,43.005207],[27.789923,43.003562],[27.787475,43.001557],[27.784294,43.000083],[27.782606,42.998654],[27.781129,42.997492],[27.781329,42.99532],[27.781523,42.992693],[27.781668,42.990463],[27.78169,42.990021]]}},{"type":"Feature","properties":{"osm_id":260847108,"voltage":"110000","circuits":"1","cables":"3","name":"Юпитер","operator":"","ref":""},"geometry":{"type":"LineString","coordinates":[[27.888103,43.193011],[27.888856,43.193111],[27.889759,43.193186],[27.891765,43.194259],[27.894059,43.195549],[27.895528,43.199167],[27.895316,43.200965],[27.897156,43.202961],[27.897665,43.202877],[27.898785,43.202704],[27.902063,43.203294],[27.903108,43.202195],[27.905516,43.201588],[27.905052,43.201013],[27.905194,43.200966]]}},{"type":"Feature","properties":{"osm_id":261075731,"voltage":"110000","circuits":"2","cables":"6","name":"Лилия-Гларус","operator":"","ref":""},"geometry":{"type":"LineString","coordinates":[[27.724752,43.186956],[27.727948,43.184337],[27.72978,43.18289],[27.732378,43.182707],[27.733023,43.182601],[27.736395,43.182435],[27.741334,43.182164],[27.744412,43.18198],[27.747555,43.181764],[27.75207,43.181482],[27.756888,43.181227],[27.761147,43.180948],[27.765032,43.180711],[27.767894,43.180541],[27.772131,43.180291],[27.776117,43.180056],[27.779595,43.179857],[27.784581,43.179549],[27.788177,43.179356],[27.792015,43.179099],[27.797068,43.178956],[27.806749,43.178641],[27.80839,43.178571],[27.810155,43.178528],[27.816004,43.178266],[27.819174,43.178194],[27.830313,43.178671],[27.833863,43.178836],[27.838429,43.179036],[27.84222,43.179202],[27.844867,43.179318],[27.848685,43.179447],[27.85393,43.182237],[27.854995,43.182803],[27.858141,43.182952],[27.861807,43.183175],[27.864471,43.183322],[27.868441,43.18354],[27.871486,43.185235],[27.874635,43.186969],[27.877333,43.188467]]}},{"type":"Feature","properties":{"osm_id":261267120,"voltage":"400000","circuits":"1","cables":"1","name":"Черно море","operator":"","ref":""},"geometry":{"type":"LineString","coordinates":[[27.257357,42.945768],[27.258108,42.944354],[27.260808,42.939455],[27.260754,42.935934]]}},{"type":"Feature","properties":{"osm_id":261267122,"voltage":"400000","circuits":"1","cables":"1","name":"Черно море","operator":"","ref":""},"geometry":{"type":"LineString","coordinates":[[27.260754,42.935934],[27.260689,42.93944],[27.257966,42.944321],[27.257357,42.945768]]}},{"type":"Feature","properties":{"osm_id":261267123,"voltage":"400000","circuits":"1","cables":"1","name":"Черно море","operator":"","ref":""},"geometry":{"type":"LineString","coordinates":[[27.260754,42.935934],[27.260553,42.93945],[27.257815,42.944281],[27.257357,42.945768]]}},{"type":"Feature","properties":{"osm_id":261281618,"voltage":"110000","circuits":"1","cables":"3","name":"Лилия-Гларус","operator":"","ref":""},"geometry":{"type":"LineString","coordinates":[[27.724752,43.186956],[27.722333,43.189026],[27.723188,43.192888],[27.72385,43.195695],[27.724711,43.19905],[27.725479,43.201649],[27.726378,43.204648]]}},{"type":"Feature","properties":{"osm_id":261379796,"voltage":"400000","circuits":"1","cables":"3","name":"Съединение","operator":"","ref":""},"geometry":{"type":"LineString","coordinates":[[27.585713,43.413993],[27.584878,43.415819]]}},{"type":"Feature","properties":{"osm_id":261379798,"voltage":"400000","circuits":"1","cables":"1","name":"Съединение","operator":"","ref":""},"geometry":{"type":"LineString","coordinates":[[27.584946,43.411153],[27.58637,43.412711],[27.585713,43.413993]]}},{"type":"Feature","properties":{"osm_id":261379799,"voltage":"400000","circuits":"1","cables":"1","name":"Съединение","operator":"","ref":""},"geometry":{"type":"LineString","coordinates":[[27.579615,43.426334],[27.578533,43.428876],[27.579387,43.430249]]}},{"type":"Feature","properties":{"osm_id":261379800,"voltage":"400000","circuits":"1","cables":"1","name":"Съединение","operator":"","ref":""},"geometry":{"type":"LineString","coordinates":[[27.579387,43.430249],[27.578047,43.428923],[27.579615,43.426334]]}},{"type":"Feature","properties":{"osm_id":261379801,"voltage":"400000","circuits":"1","cables":"1","name":"Съединение","operator":"","ref":""},"geometry":{"type":"LineString","coordinates":[[27.579615,43.426334],[27.578299,43.428896],[27.579387,43.430249]]}},{"type":"Feature","properties":{"osm_id":261379802,"voltage":"400000","circuits":"1","cables":"1","name":"Съединение","operator":"","ref":""},"geometry":{"type":"LineString","coordinates":[[27.584946,43.411153],[27.586612,43.412696],[27.585713,43.413993]]}},{"type":"Feature","properties":{"osm_id":261379803,"voltage":"400000","circuits":"1","cables":"1","name":"Съединение","operator":"","ref":""},"geometry":{"type":"LineString","coordinates":[[27.579615,43.426334],[27.580973,43.424064],[27.582036,43.42194],[27.58379,43.418171],[27.584878,43.415819]]}},{"type":"Feature","properties":{"osm_id":261379804,"voltage":"400000","circuits":"1","cables":"1","name":"Съединение","operator":"","ref":""},"geometry":{"type":"LineString","coordinates":[[27.584878,43.415819],[27.583563,43.418125],[27.581822,43.42186],[27.580738,43.424013],[27.579615,43.426334]]}},{"type":"Feature","properties":{"osm_id":261379805,"voltage":"400000","circuits":"1","cables":"1","name":"Съединение","operator":"","ref":""},"geometry":{"type":"LineString","coordinates":[[27.584878,43.415819],[27.583327,43.41806],[27.581572,43.421779],[27.580488,43.42394],[27.579615,43.426334]]}},{"type":"Feature","properties":{"osm_id":261379806,"voltage":"400000","circuits":"1","cables":"1","name":"Съединение","operator":"","ref":""},"geometry":{"type":"LineString","coordinates":[[27.561924,43.383566],[27.562166,43.385397],[27.56354,43.386661]]}},{"type":"Feature","properties":{"osm_id":261874855,"voltage":"400000","circuits":"1","cables":"3","name":"Съединение","operator":"","ref":""},"geometry":{"type":"LineString","coordinates":[[27.56354,43.386661],[27.564629,43.387916],[27.565787,43.389222],[27.567261,43.390876],[27.56896,43.392836],[27.570454,43.394574],[27.572014,43.396314],[27.573611,43.398179],[27.574904,43.399652],[27.576077,43.400977],[27.577518,43.402553],[27.57899,43.40428],[27.580576,43.406071],[27.58196,43.40755],[27.583591,43.409428],[27.584946,43.411153]]}},{"type":"Feature","properties":{"osm_id":261891879,"voltage":"110000","circuits":"1","cables":"3","name":"","operator":"","ref":""},"geometry":{"type":"LineString","coordinates":[[27.014908,43.284091],[27.015231,43.284154],[27.016715,43.284663],[27.019284,43.284814],[27.020774,43.284902],[27.020868,43.284322]]}},{"type":"Feature","properties":{"osm_id":261891883,"voltage":"110000","circuits":"1","cables":"3","name":"","operator":"","ref":""},"geometry":{"type":"LineString","coordinates":[[27.014941,43.283931],[27.01533,43.283977],[27.017071,43.284531],[27.018965,43.28463],[27.020645,43.284723],[27.020758,43.284342]]}},{"type":"Feature","properties":{"osm_id":261956451,"voltage":"110000","circuits":"1","cables":"3","name":"","operator":"","ref":""},"geometry":{"type":"LineString","coordinates":[[27.325045,42.569074],[27.322917,42.570829],[27.320779,42.572602],[27.317741,42.571736],[27.31741,42.571651]]}},{"type":"Feature","properties":{"osm_id":261956455,"voltage":"110000","circuits":"1","cables":"3","name":"","operator":"","ref":""},"geometry":{"type":"LineString","coordinates":[[27.317202,42.572113],[27.317456,42.57219],[27.319229,42.573066],[27.320608,42.573736],[27.32184,42.576304],[27.322806,42.57834],[27.323922,42.580621],[27.325347,42.581464]]}},{"type":"Feature","properties":{"osm_id":261965314,"voltage":"110000","circuits":"2","cables":"6","name":"","operator":"","ref":""},"geometry":{"type":"LineString","coordinates":[[26.139445,42.256862],[26.139637,42.258701],[26.139821,42.261186],[26.139974,42.263519],[26.140583,42.265941],[26.141156,42.268447],[26.142357,42.269956],[26.144409,42.272428],[26.146482,42.274926],[26.148561,42.277372],[26.150591,42.279876],[26.152716,42.282384],[26.154533,42.284529],[26.156525,42.28688],[26.158162,42.288987],[26.161495,42.290795],[26.16513,42.292721],[26.168827,42.294688],[26.172056,42.296406],[26.175767,42.29838],[26.180007,42.300636],[26.183923,42.30271],[26.18742,42.304563],[26.191068,42.306495],[26.194905,42.308527],[26.198573,42.310469],[26.202269,42.312427],[26.205311,42.314038],[26.209022,42.316003],[26.212203,42.317687],[26.21706,42.320259],[26.219215,42.3214],[26.222546,42.323164],[26.226534,42.325232],[26.230308,42.327283],[26.233726,42.329077],[26.236926,42.330799],[26.239276,42.332042],[26.242347,42.332737],[26.246039,42.333612],[26.250493,42.334662],[26.254275,42.335521],[26.258499,42.336539],[26.262849,42.335424],[26.267118,42.334299],[26.272169,42.332985],[26.276303,42.33189],[26.280209,42.330924],[26.284438,42.329779],[26.288451,42.328754],[26.292457,42.330446],[26.296319,42.332156],[26.299361,42.333484],[26.301088,42.334226],[26.302265,42.334781],[26.305407,42.336058],[26.307713,42.337113],[26.311109,42.338603],[26.314188,42.339952],[26.315723,42.342537],[26.317246,42.34511],[26.31818,42.34748],[26.319143,42.349988],[26.320089,42.352378],[26.321116,42.354908],[26.322297,42.357928],[26.323243,42.36036],[26.323384,42.360847],[26.324011,42.363],[26.324779,42.365681],[26.325023,42.366473],[26.325725,42.368753],[26.326563,42.371671],[26.326964,42.373073],[26.329478,42.374795],[26.331341,42.376018],[26.333921,42.377752],[26.337344,42.37927],[26.341292,42.380981],[26.34612,42.38301],[26.349366,42.384496],[26.353384,42.386204],[26.357246,42.3879],[26.360507,42.389286],[26.363968,42.390792],[26.367068,42.392151],[26.37033,42.393589],[26.373318,42.394869],[26.37667,42.396339],[26.380533,42.39805],[26.384347,42.399686],[26.388606,42.40152],[26.392962,42.403433],[26.396127,42.404808],[26.400038,42.406479],[26.403863,42.408127],[26.408122,42.410009],[26.411818,42.411625],[26.416517,42.413636],[26.420455,42.415367],[26.424644,42.417185],[26.42767,42.418508],[26.431044,42.419977],[26.43437,42.421395],[26.438109,42.423046],[26.441644,42.424551],[26.445619,42.426257],[26.449669,42.428067],[26.453553,42.429845],[26.457191,42.431297],[26.460731,42.432802],[26.464813,42.434612],[26.468847,42.436326],[26.472195,42.437799]]}},{"type":"Feature","properties":{"osm_id":262082962,"voltage":"220000","circuits":"","cables":"2","name":"","operator":"","ref":""},"geometry":{"type":"LineString","coordinates":[[23.524485,42.773251],[23.522384,42.773655],[23.519893,42.774081]]}},{"type":"Feature","properties":{"osm_id":262082963,"voltage":"220000","circuits":"","cables":"2","name":"","operator":"","ref":""},"geometry":{"type":"LineString","coordinates":[[23.519893,42.774081],[23.522423,42.773812],[23.524485,42.773251],[23.522323,42.773464],[23.519893,42.774081]]}},{"type":"Feature","properties":{"osm_id":262168723,"voltage":"110000","circuits":"2","cables":"6","name":"","operator":"","ref":""},"geometry":{"type":"LineString","coordinates":[[23.490551,42.773312],[23.493688,42.773124],[23.497052,42.77357],[23.500537,42.774061],[23.503953,42.77454],[23.507283,42.775019],[23.510407,42.775466],[23.513631,42.774944],[23.517747,42.774183],[23.52064,42.773662],[23.521929,42.775111],[23.523143,42.776506],[23.52426,42.777748]]}},{"type":"Feature","properties":{"osm_id":262174219,"voltage":"110000","circuits":"2","cables":"6","name":"","operator":"","ref":""},"geometry":{"type":"LineString","coordinates":[[23.323557,42.721819],[23.324905,42.722535],[23.326226,42.72326],[23.327497,42.724396],[23.32906,42.726612],[23.330345,42.728385],[23.331793,42.730394],[23.332438,42.732577]]}},{"type":"Feature","properties":{"osm_id":262182351,"voltage":"110000","circuits":"2","cables":"6","name":"Горталов;Славяни","operator":"","ref":""},"geometry":{"type":"LineString","coordinates":[[24.698476,43.146513],[24.698506,43.147864],[24.698602,43.150665],[24.698664,43.153832],[24.698749,43.156244],[24.698814,43.159013],[24.698913,43.162614],[24.698978,43.164452],[24.699071,43.168217],[24.699142,43.170717],[24.699202,43.173492],[24.699306,43.176622],[24.69941,43.180525],[24.699485,43.182998],[24.69959,43.186158],[24.699682,43.189017],[24.699786,43.192939],[24.699841,43.195136],[24.699923,43.19771],[24.700027,43.201218],[24.700125,43.204171],[24.700224,43.206909],[24.700311,43.210212],[24.700409,43.212762],[24.700464,43.215352],[24.70054,43.2174],[24.700657,43.220702],[24.699117,43.222057],[24.696385,43.224464],[24.694822,43.225863],[24.692646,43.227834],[24.690295,43.229938],[24.687649,43.232336],[24.685004,43.23471],[24.682792,43.236684],[24.680568,43.238686],[24.678613,43.240452],[24.67676,43.242134],[24.674104,43.244524],[24.670834,43.24743],[24.669156,43.248956],[24.666976,43.250889],[24.665765,43.253],[24.664462,43.255243],[24.663252,43.257328],[24.6619,43.259647],[24.660493,43.262],[24.659233,43.264215],[24.658024,43.266332],[24.656512,43.268897],[24.655311,43.270955],[24.654085,43.273038],[24.653646,43.275381],[24.653154,43.277882],[24.648935,43.282557],[24.645064,43.287319],[24.643506,43.289825],[24.641847,43.292409],[24.640369,43.294781],[24.637304,43.2997],[24.634529,43.304348],[24.633272,43.306303],[24.631708,43.308722],[24.629873,43.311765],[24.628804,43.313523],[24.625669,43.318525],[24.624166,43.321057],[24.622656,43.323486],[24.622635,43.324337],[24.622655,43.326735],[24.622675,43.330007],[24.622705,43.333118],[24.622695,43.335385],[24.62272,43.337557],[24.622725,43.340261],[24.6227,43.342728],[24.622657,43.344572],[24.622062,43.345947],[24.621075,43.348237],[24.620104,43.350378],[24.619047,43.352836],[24.617985,43.355192],[24.616917,43.357579],[24.61549,43.360931],[24.614611,43.362915],[24.613586,43.365126],[24.612626,43.367411],[24.611381,43.370336],[24.610249,43.372855],[24.609016,43.375697],[24.60798,43.378074],[24.605977,43.379665],[24.603158,43.381885],[24.601092,43.383507],[24.599177,43.385028],[24.596246,43.387345],[24.59418,43.38901],[24.591512,43.391189],[24.588068,43.393916],[24.586462,43.395216],[24.586287,43.396707],[24.586064,43.398877],[24.585745,43.400856],[24.585305,43.403591],[24.584152,43.40687],[24.583229,43.409619],[24.582591,43.411548],[24.58177,43.413937],[24.580919,43.416487],[24.579163,43.421681],[24.578275,43.424369],[24.577465,43.426661],[24.57673,43.4289],[24.575952,43.431236],[24.5754,43.432839],[24.575998,43.434691]]}},{"type":"Feature","properties":{"osm_id":262191972,"voltage":"400000","circuits":"1","cables":"3","name":"","operator":"","ref":""},"geometry":{"type":"LineString","coordinates":[[23.309798,41.400336],[23.309954,41.399323],[23.310663,41.394749],[23.311999,41.393713]]}},{"type":"Feature","properties":{"osm_id":262292456,"voltage":"110000","circuits":"","cables":"3","name":"","operator":"","ref":""},"geometry":{"type":"LineString","coordinates":[[27.336137,42.502937],[27.338237,42.50602],[27.338794,42.506818],[27.340247,42.508852],[27.340751,42.509591],[27.341511,42.510823],[27.344372,42.511972],[27.347196,42.513131],[27.349874,42.514292],[27.35256,42.515393],[27.355556,42.516598],[27.35636,42.517782],[27.357518,42.519364],[27.358935,42.521243],[27.360339,42.523014],[27.361755,42.524816],[27.363086,42.526535],[27.364755,42.528737],[27.365933,42.530278],[27.367003,42.531712],[27.367997,42.532998],[27.366625,42.534475],[27.365054,42.536119],[27.363466,42.537808],[27.36256,42.53881],[27.362016,42.539357],[27.361707,42.539686],[27.359819,42.541685],[27.357999,42.54362],[27.356125,42.545653],[27.35415,42.547762],[27.352308,42.549665],[27.350506,42.551556],[27.348924,42.553323],[27.348033,42.553314],[27.345885,42.552411],[27.34538,42.55215]]}},{"type":"Feature","properties":{"osm_id":262292462,"voltage":"110000","circuits":"","cables":"3","name":"","operator":"","ref":""},"geometry":{"type":"LineString","coordinates":[[27.349013,42.554401],[27.347708,42.553769],[27.345563,42.55276],[27.345027,42.552519]]}},{"type":"Feature","properties":{"osm_id":262292464,"voltage":"110000","circuits":"1","cables":"3","name":"","operator":"","ref":""},"geometry":{"type":"LineString","coordinates":[[27.44789,42.513791],[27.448207,42.514142],[27.450201,42.515904],[27.44826,42.516993],[27.450604,42.519389],[27.451304,42.519118],[27.452169,42.519313],[27.454892,42.520534],[27.455429,42.520622]]}},{"type":"Feature","properties":{"osm_id":262292465,"voltage":"110000","circuits":"2","cables":"6","name":"","operator":"","ref":""},"geometry":{"type":"LineString","coordinates":[[27.325045,42.569074],[27.324269,42.56677],[27.32352,42.564071],[27.322887,42.561308],[27.325145,42.558999],[27.327239,42.556764],[27.329016,42.554903],[27.331234,42.552507],[27.331998,42.551657],[27.333276,42.550335]]}},{"type":"Feature","properties":{"osm_id":262415282,"voltage":"220000","circuits":"1","cables":"1","name":"Дунав","operator":"","ref":""},"geometry":{"type":"LineString","coordinates":[[23.780947,43.744722],[23.781459,43.745662],[23.783028,43.747842]]}},{"type":"Feature","properties":{"osm_id":262415286,"voltage":"110000","circuits":"1","cables":"3","name":"","operator":"","ref":""},"geometry":{"type":"LineString","coordinates":[[23.782099,43.743736],[23.782358,43.74422],[23.783338,43.744975],[23.784933,43.746192],[23.787045,43.747856],[23.790215,43.748736],[23.793,43.749482],[23.795351,43.748559],[23.797862,43.747549],[23.800395,43.746543],[23.802748,43.745606],[23.80528,43.744599],[23.80796,43.743511],[23.810399,43.742542],[23.813089,43.741473],[23.815557,43.7405],[23.817641,43.739649]]}},{"type":"Feature","properties":{"osm_id":262505762,"voltage":"110000","circuits":"1","cables":"3","name":"","operator":"","ref":""},"geometry":{"type":"LineString","coordinates":[[23.83547,43.681357],[23.835079,43.681728],[23.834277,43.682689],[23.833107,43.684005],[23.833422,43.68738],[23.833694,43.690763],[23.834695,43.692566],[23.835479,43.694021],[23.836483,43.695839],[23.83769,43.698073],[23.839293,43.701042],[23.840869,43.703957],[23.840041,43.705784],[23.839146,43.70782],[23.838134,43.710074],[23.837173,43.712271],[23.836013,43.714855],[23.834875,43.717383],[23.833695,43.719976],[23.834423,43.722551],[23.83522,43.725317],[23.835826,43.727532],[23.836445,43.729763],[23.836909,43.731395],[23.833864,43.732618],[23.830624,43.733905],[23.827502,43.735138],[23.82444,43.736331],[23.822338,43.73775]]}},{"type":"Feature","properties":{"osm_id":262539284,"voltage":"110000","circuits":"2","cables":"6","name":"","operator":"","ref":""},"geometry":{"type":"LineString","coordinates":[[25.3232,42.850324],[25.326053,42.849423],[25.327182,42.849024],[25.32994,42.848047],[25.330804,42.849466],[25.332433,42.852044],[25.333765,42.854168],[25.335075,42.857188],[25.335173,42.860028],[25.335277,42.862211],[25.335389,42.86391]]}},{"type":"Feature","properties":{"osm_id":262545229,"voltage":"220000","circuits":"1","cables":"3","name":"Шипка","operator":"","ref":""},"geometry":{"type":"LineString","coordinates":[[25.321711,42.849494],[25.322192,42.849275],[25.325705,42.847046],[25.326967,42.84628],[25.328932,42.845017],[25.32764,42.842867],[25.326383,42.840776],[25.326227,42.8397],[25.325825,42.836532],[25.325652,42.83533],[25.325411,42.833456],[25.32516,42.831664],[25.32479,42.828826],[25.324591,42.827262],[25.324366,42.825602],[25.324171,42.824173],[25.323793,42.821267],[25.32356,42.819564],[25.323227,42.817058],[25.322774,42.813659],[25.322379,42.810639],[25.322135,42.808785],[25.321877,42.80689],[25.321631,42.805028],[25.321364,42.803046],[25.321172,42.801597],[25.321021,42.800474],[25.320907,42.799642],[25.320705,42.798159],[25.320483,42.79637],[25.320252,42.794845],[25.320047,42.793276],[25.319742,42.79121],[25.319486,42.789372],[25.319326,42.788193],[25.319143,42.786923],[25.318957,42.78554],[25.318759,42.784153],[25.318522,42.782544],[25.318408,42.781571],[25.3182,42.779878],[25.318083,42.778901],[25.31793,42.777666],[25.31773,42.776136],[25.317577,42.774853],[25.317386,42.77335],[25.317221,42.772185],[25.316674,42.771261],[25.315908,42.770022],[25.315172,42.768834],[25.314411,42.767591],[25.313688,42.766409],[25.313898,42.765156],[25.314082,42.764078],[25.31438,42.762328],[25.314678,42.760568],[25.314923,42.759128],[25.315152,42.75779],[25.315336,42.756703],[25.315394,42.755767],[25.31548,42.754329],[25.315564,42.753138],[25.314144,42.751809],[25.313079,42.750783],[25.312266,42.749997],[25.311013,42.748817],[25.309798,42.747657],[25.30972,42.746571],[25.309616,42.745178],[25.309514,42.74333],[25.309429,42.742013],[25.30932,42.740253],[25.308384,42.739174],[25.307468,42.738056],[25.307435,42.736577],[25.307372,42.735574],[25.307752,42.734025],[25.308147,42.732844],[25.308703,42.730228],[25.309293,42.728365],[25.309579,42.726193],[25.309239,42.724114],[25.309986,42.722412],[25.310261,42.721224],[25.311329,42.719464],[25.31193,42.717651],[25.312555,42.716572],[25.314177,42.713682],[25.315808,42.710862],[25.317422,42.708051],[25.318956,42.705361],[25.320381,42.702864],[25.321993,42.700057],[25.323485,42.697402],[25.325324,42.69421],[25.327231,42.690877],[25.329071,42.687674],[25.330678,42.684857],[25.332542,42.681573],[25.33092,42.679508],[25.3285,42.676288],[25.326105,42.67322],[25.323635,42.670005],[25.321239,42.666876],[25.318811,42.663689],[25.316496,42.660675],[25.313959,42.657373],[25.312128,42.655013],[25.307723,42.653101],[25.303432,42.651217],[25.300229,42.649808],[25.297274,42.648791],[25.295979,42.648275],[25.291471,42.646539],[25.287173,42.644889],[25.282427,42.643189],[25.278329,42.641721],[25.270577,42.638825],[25.266549,42.637325],[25.262327,42.635798],[25.25788,42.634077],[25.253508,42.632455],[25.249184,42.630829],[25.245096,42.629325],[25.240998,42.627834],[25.236883,42.626215],[25.232249,42.62455],[25.228365,42.623985],[25.22336,42.623239],[25.21872,42.622552],[25.213747,42.621838],[25.209179,42.621171],[25.204198,42.620413],[25.199552,42.619679],[25.194719,42.61896],[25.189945,42.618234],[25.185165,42.617543],[25.180396,42.616868],[25.175504,42.616114],[25.17228,42.615636],[25.167725,42.614941],[25.163418,42.61429],[25.160837,42.613927],[25.156138,42.613204],[25.146611,42.611791],[25.14181,42.611045],[25.137046,42.61035],[25.132347,42.609623],[25.127304,42.60885],[25.122423,42.608119],[25.11758,42.607398],[25.112654,42.606694],[25.108207,42.605995],[25.103283,42.605221],[25.100171,42.604759],[25.098015,42.604467],[25.093321,42.603756],[25.088557,42.60305],[25.084319,42.602414],[25.079395,42.601624],[25.075152,42.600965],[25.071579,42.600404],[25.067684,42.59978],[25.063248,42.599061],[25.059032,42.598414],[25.054901,42.597774],[25.04981,42.596941],[25.044741,42.596116],[25.039951,42.595381],[25.035568,42.594674],[25.030552,42.593876],[25.025981,42.593166],[25.021239,42.592395],[25.016733,42.5917],[25.011894,42.590911],[25.007222,42.590176],[25.002871,42.589485],[25.000034,42.587909],[24.99763,42.586546],[24.99515,42.585104],[24.991805,42.583237],[24.98805,42.58108],[24.984691,42.579239],[24.981205,42.577221],[24.977632,42.575155],[24.974354,42.573393],[24.969616,42.573585],[24.960589,42.573859],[24.957703,42.572476],[24.954649,42.570982],[24.951087,42.569323],[24.947713,42.567746],[24.944554,42.566269],[24.938524,42.563345],[24.929554,42.559098],[24.92684,42.557841],[24.924978,42.55692],[24.918074,42.553656],[24.914272,42.551799],[24.911128,42.550376],[24.908794,42.549262],[24.903097,42.546713],[24.90034,42.545251],[24.895485,42.542883],[24.890534,42.540571],[24.888041,42.538208],[24.885439,42.535706],[24.882859,42.533263],[24.877561,42.528362],[24.875261,42.526142],[24.872706,42.523794],[24.870239,42.521418],[24.867466,42.518822],[24.86443,42.515973],[24.862201,42.513858],[24.860001,42.511779],[24.857757,42.509629],[24.855268,42.50735],[24.852589,42.504831],[24.850275,42.502649],[24.848313,42.501],[24.845654,42.498817],[24.842359,42.496166],[24.841027,42.495075],[24.839138,42.493529],[24.83572,42.490765],[24.832583,42.488193],[24.829247,42.485562],[24.82577,42.482718],[24.82283,42.480312],[24.820222,42.478221],[24.817126,42.475684],[24.814116,42.473216],[24.811027,42.470689],[24.807735,42.468034],[24.804678,42.465544],[24.802966,42.464118],[24.800479,42.462145],[24.798782,42.459117],[24.797146,42.456212],[24.795199,42.452804],[24.793363,42.449484],[24.791506,42.446098],[24.789663,42.442864],[24.78779,42.43951],[24.785954,42.436358],[24.784104,42.433042],[24.78232,42.429885],[24.77967,42.428382],[24.777165,42.426937],[24.773936,42.424266],[24.772644,42.423241],[24.77079,42.4217],[24.768441,42.419619],[24.765466,42.417192],[24.762342,42.414542],[24.760588,42.41311],[24.757387,42.410355],[24.75462,42.408147],[24.751524,42.405519],[24.748501,42.402987],[24.741993,42.397366],[24.738662,42.394703],[24.735457,42.39204],[24.732347,42.38951],[24.729024,42.386856],[24.725795,42.38417],[24.72329,42.382197],[24.720053,42.379409],[24.717956,42.377682],[24.714814,42.375009],[24.711844,42.372738],[24.708757,42.370173],[24.705646,42.367625],[24.702237,42.364799],[24.699417,42.362518],[24.696212,42.359853],[24.693031,42.357241],[24.689787,42.354565],[24.686314,42.351715],[24.68307,42.349108],[24.679889,42.346467],[24.67677,42.343906],[24.673539,42.3412],[24.670049,42.338326],[24.666846,42.335714],[24.66369,42.333185],[24.660567,42.330594],[24.657927,42.328369],[24.654624,42.325742],[24.651444,42.323115],[24.648171,42.320411],[24.644997,42.317788],[24.641866,42.315145],[24.639493,42.313063],[24.637059,42.310926],[24.634516,42.30861],[24.632422,42.306756],[24.629382,42.303991],[24.626273,42.301223],[24.623203,42.29849],[24.62014,42.295643],[24.617151,42.292968],[24.614819,42.29088],[24.611719,42.288105],[24.608656,42.285314],[24.606419,42.283302],[24.603566,42.280846],[24.600513,42.278071],[24.597488,42.275336],[24.594618,42.272756],[24.591512,42.270029],[24.58825,42.267096],[24.585166,42.264329],[24.581935,42.261481],[24.578128,42.259096],[24.574635,42.256952],[24.570998,42.254737],[24.568525,42.253204],[24.566261,42.251782],[24.562285,42.249375],[24.558386,42.246978],[24.554329,42.244539],[24.550292,42.242065],[24.547786,42.240481],[24.543709,42.237998],[24.541043,42.23633],[24.537379,42.234071],[24.53364,42.231814],[24.529751,42.229431],[24.526077,42.227147],[24.522364,42.224907],[24.518722,42.222662],[24.51501,42.220334],[24.511276,42.21805],[24.50751,42.215769],[24.503798,42.213465],[24.500081,42.211208],[24.496372,42.208943],[24.492688,42.206659],[24.48889,42.20435],[24.48535,42.202141],[24.481611,42.199844],[24.477877,42.197539],[24.474213,42.195321],[24.470566,42.193076],[24.466923,42.190798],[24.463211,42.188541],[24.458362,42.187615],[24.453373,42.186688],[24.448657,42.18583],[24.443953,42.184951],[24.439237,42.184069],[24.434565,42.183207],[24.431615,42.182615],[24.426948,42.181554],[24.424011,42.180888],[24.419853,42.1799],[24.415546,42.178878],[24.411249,42.177857],[24.406748,42.176788],[24.402295,42.175731],[24.397663,42.174631],[24.393057,42.173537],[24.38848,42.17245],[24.38416,42.171424],[24.379564,42.170333],[24.374955,42.169238],[24.370908,42.168277],[24.366332,42.167089],[24.363942,42.166518],[24.359306,42.165477],[24.357542,42.164923],[24.353375,42.163531],[24.34875,42.161947],[24.346279,42.161072],[24.343341,42.160098],[24.339116,42.158674],[24.334562,42.157221],[24.330189,42.155701],[24.325666,42.154237],[24.32246,42.153124],[24.319091,42.152006],[24.31892,42.151805]]}},{"type":"Feature","properties":{"osm_id":262545248,"voltage":"110000","circuits":"2","cables":"6","name":"","operator":"","ref":""},"geometry":{"type":"LineString","coordinates":[[25.452533,42.926771],[25.449792,42.926881],[25.445418,42.927052],[25.442105,42.926922],[25.438816,42.926806],[25.434335,42.926652],[25.431225,42.92655],[25.427211,42.926381],[25.423259,42.924996],[25.419092,42.923543],[25.4171,42.922844],[25.412775,42.921333],[25.410658,42.920596],[25.403709,42.918179],[25.401312,42.917319],[25.398936,42.916494],[25.396288,42.915581],[25.39364,42.914668],[25.39192,42.914064],[25.388909,42.913029],[25.386532,42.912186],[25.38303,42.910945],[25.380169,42.909935],[25.37596,42.9085],[25.373592,42.908358],[25.372034,42.908296],[25.368646,42.90827],[25.364725,42.908252],[25.362013,42.907411],[25.359012,42.906468],[25.357058,42.906717],[25.354377,42.907024],[25.353038,42.907167],[25.352057,42.903673],[25.351047,42.899693],[25.350588,42.898007],[25.349554,42.894135],[25.349144,42.892597],[25.348098,42.888673],[25.343986,42.888917],[25.33848,42.889213],[25.335273,42.889455]]}},{"type":"Feature","properties":{"osm_id":262545249,"voltage":"110000","circuits":"1","cables":"3","name":"","operator":"","ref":""},"geometry":{"type":"LineString","coordinates":[[25.322468,42.850156],[25.323129,42.850195],[25.325923,42.849225],[25.329843,42.847832],[25.328677,42.845933],[25.327936,42.844721],[25.326772,42.842865],[25.32566,42.841072],[25.325513,42.84015],[25.324837,42.839188]]}},{"type":"Feature","properties":{"osm_id":262545253,"voltage":"110000","circuits":"2","cables":"6","name":"","operator":"","ref":""},"geometry":{"type":"LineString","coordinates":[[25.33532,42.889185],[25.335509,42.888275],[25.335969,42.886115],[25.33633,42.884587],[25.336684,42.882956],[25.33725,42.880489],[25.337968,42.877084],[25.33871,42.874039],[25.337131,42.871559],[25.335621,42.869156],[25.335506,42.867157],[25.335445,42.865587],[25.335389,42.86391]]}},{"type":"Feature","properties":{"osm_id":262558536,"voltage":"110000","circuits":"1","cables":"3","name":"Юнак","operator":"","ref":""},"geometry":{"type":"LineString","coordinates":[[27.784639,43.551424],[27.784263,43.552527],[27.78379,43.554332],[27.783043,43.556876],[27.782392,43.559174],[27.781635,43.561933],[27.78098,43.564224],[27.780293,43.56673],[27.779657,43.568984],[27.778975,43.57149],[27.778394,43.573535],[27.779376,43.57562],[27.780355,43.577798],[27.781364,43.579918],[27.782028,43.581372],[27.782537,43.582513],[27.783285,43.583754],[27.784328,43.584554],[27.785163,43.586336],[27.786133,43.588447],[27.787069,43.590446],[27.787735,43.591979],[27.78847,43.59358],[27.789623,43.59593],[27.792533,43.595878],[27.795761,43.595815],[27.798053,43.595763],[27.802227,43.594681],[27.805538,43.593831],[27.808044,43.593201],[27.809867,43.592766],[27.812179,43.592805],[27.813617,43.592829],[27.817431,43.59285],[27.82059,43.59287],[27.824747,43.592892],[27.825315,43.592865]]}},{"type":"Feature","properties":{"osm_id":262562428,"voltage":"110000","circuits":"1","cables":"3","name":"","operator":"","ref":""},"geometry":{"type":"LineString","coordinates":[[26.581402,42.190788],[26.581816,42.191187],[26.584585,42.191211],[26.588344,42.191264],[26.591652,42.191354],[26.594902,42.191431],[26.597654,42.191496],[26.600948,42.191573],[26.604671,42.191661],[26.608003,42.19174],[26.61085,42.191807],[26.61276,42.191852],[26.616344,42.191937],[26.61953,42.192012],[26.623006,42.192096],[26.626455,42.192189],[26.629813,42.192279],[26.633837,42.192387],[26.635329,42.192427],[26.638708,42.192518],[26.64177,42.1926],[26.644882,42.192684],[26.647575,42.192756],[26.651239,42.192855],[26.653938,42.192927],[26.65752,42.193023],[26.660965,42.193116],[26.664343,42.193207],[26.667885,42.193151],[26.670359,42.193275],[26.673008,42.193439],[26.676461,42.193603],[26.680093,42.193774],[26.684964,42.193996],[26.688303,42.194147],[26.690539,42.194249],[26.693329,42.194376],[26.695695,42.194483],[26.698705,42.19462],[26.70121,42.194734],[26.704534,42.194885],[26.707261,42.195016],[26.710827,42.195186],[26.713588,42.195317],[26.717028,42.195481],[26.721101,42.195674],[26.725047,42.195861],[26.728218,42.196012],[26.730842,42.196136],[26.733623,42.196268],[26.735972,42.19638],[26.738803,42.196514],[26.741814,42.196659],[26.745283,42.196826],[26.748759,42.196994],[26.751399,42.197121],[26.754995,42.197294],[26.757574,42.197418],[26.759594,42.197515],[26.763023,42.19768],[26.765245,42.197787],[26.768192,42.197929],[26.769747,42.198004],[26.772635,42.198143],[26.775123,42.198263],[26.777612,42.198369],[26.780216,42.19848],[26.782479,42.198628],[26.786192,42.198779],[26.789065,42.198931],[26.791801,42.199128],[26.795614,42.199403],[26.798768,42.19963],[26.799566,42.199688],[26.802853,42.199924],[26.808068,42.2003],[26.811979,42.200595],[26.814556,42.200789],[26.818349,42.201074],[26.820902,42.201267],[26.824399,42.20153],[26.826834,42.201686],[26.829552,42.20189],[26.832256,42.202086],[26.835002,42.202293],[26.837685,42.202507],[26.83993,42.202656],[26.842684,42.202847],[26.845563,42.203085],[26.848127,42.203273],[26.85087,42.203451],[26.85346,42.203639],[26.856385,42.203864],[26.859142,42.204065],[26.861975,42.20429],[26.864829,42.204505],[26.867744,42.204707],[26.870111,42.204871],[26.872945,42.20507],[26.875763,42.205269],[26.878261,42.205445],[26.881058,42.205642],[26.883804,42.205836],[26.88645,42.206023],[26.889032,42.206068],[26.891964,42.20646],[26.894515,42.206607],[26.897353,42.206806],[26.899858,42.206982],[26.902713,42.207195],[26.905235,42.207382],[26.907987,42.207587],[26.910178,42.207751],[26.913089,42.207967],[26.915596,42.208154],[26.918203,42.208348],[26.921055,42.208561],[26.923493,42.208742],[26.926505,42.208966],[26.929062,42.209013],[26.931636,42.209061],[26.934518,42.209114],[26.937409,42.209167],[26.940011,42.209215],[26.942612,42.209262],[26.944849,42.209303],[26.9475,42.209352],[26.949994,42.209398],[26.952606,42.209446],[26.955349,42.209496],[26.95817,42.209538],[26.960889,42.209579],[26.963131,42.209615],[26.96578,42.209665],[26.968238,42.209707],[26.971002,42.209763],[26.973404,42.209806],[26.975567,42.209844],[26.978415,42.209895],[26.980271,42.210005],[26.982299,42.210126],[26.984267,42.210243],[26.986253,42.210361],[26.98834,42.210485],[26.990561,42.210617],[26.992358,42.210724],[26.99439,42.21089],[26.996471,42.210979],[26.998644,42.211191],[27.000805,42.211291],[27.002948,42.211391],[27.004866,42.21148],[27.006702,42.211565],[27.00882,42.211748],[27.0111,42.211881],[27.013432,42.212017],[27.014743,42.212093],[27.016969,42.212223],[27.019307,42.212359],[27.021063,42.212461],[27.023261,42.212589],[27.025177,42.2127],[27.027237,42.21282],[27.029247,42.212937],[27.031142,42.213048],[27.033346,42.213176],[27.035092,42.213278],[27.037033,42.213391],[27.039158,42.213514],[27.04128,42.213638],[27.043099,42.213744],[27.045518,42.213885],[27.048275,42.214045],[27.051026,42.214205],[27.053796,42.214367],[27.057567,42.214586],[27.059656,42.214708],[27.062273,42.21486],[27.066361,42.215098],[27.068248,42.215208],[27.07103,42.21537],[27.073553,42.215517],[27.076125,42.215667],[27.078857,42.215826],[27.081427,42.215975],[27.087039,42.216302],[27.088855,42.216408],[27.091044,42.21648],[27.094056,42.216654],[27.098145,42.216889],[27.100977,42.217052],[27.105188,42.217294],[27.107609,42.217434],[27.110001,42.217571],[27.113698,42.2178],[27.117085,42.218029],[27.11955,42.218172],[27.123498,42.218401],[27.127184,42.218615],[27.128655,42.2187],[27.131275,42.218852],[27.133966,42.219008],[27.13683,42.219174],[27.141278,42.219352],[27.144066,42.219512],[27.146167,42.219633],[27.148668,42.219777],[27.151179,42.219921],[27.153814,42.220073],[27.156608,42.220228],[27.158591,42.220337],[27.161173,42.220485],[27.164221,42.220648],[27.167018,42.220793],[27.170006,42.220955],[27.17209,42.221068],[27.174837,42.221217],[27.177572,42.221365],[27.17994,42.221493],[27.182215,42.221617],[27.183467,42.221684],[27.18474,42.221753],[27.18605,42.221824],[27.1874,42.221898],[27.190358,42.221859],[27.192349,42.221805],[27.193633,42.221742],[27.194875,42.221714],[27.201778,42.221557],[27.204527,42.221495],[27.206495,42.22145],[27.20832,42.221361],[27.212209,42.221163],[27.213863,42.22108],[27.21679,42.220931],[27.219077,42.220815],[27.221037,42.220716],[27.224891,42.220521],[27.2276,42.220383],[27.230657,42.220228],[27.232725,42.220123],[27.235623,42.219977],[27.237395,42.219855],[27.238769,42.219832],[27.240505,42.219821],[27.244967,42.219921],[27.248471,42.219998],[27.251674,42.22007],[27.254163,42.220125],[27.256496,42.220177],[27.258814,42.220228],[27.261887,42.220297],[27.265283,42.220372],[27.267606,42.220424],[27.269928,42.220475],[27.271704,42.220515],[27.273801,42.220561],[27.276016,42.220611],[27.278511,42.220666],[27.280577,42.220712],[27.282889,42.220763],[27.2852,42.220815],[27.287261,42.22086],[27.289695,42.220915],[27.292196,42.22097],[27.296251,42.220985],[27.299867,42.221061],[27.302668,42.221119],[27.305429,42.221177],[27.307849,42.221227],[27.310639,42.221285],[27.313289,42.221341],[27.315944,42.221396],[27.318019,42.22144],[27.320874,42.221499],[27.32458,42.221576],[27.326989,42.221627],[27.33127,42.221716],[27.338271,42.221862],[27.344996,42.222003],[27.346162,42.221262],[27.348793,42.219591],[27.350714,42.218371],[27.351769,42.217701],[27.35332,42.216716],[27.356046,42.214984],[27.357404,42.214122],[27.361959,42.211228],[27.364653,42.209517],[27.36641,42.208401],[27.367613,42.207637],[27.371808,42.204972],[27.373398,42.203962],[27.374957,42.202972],[27.376744,42.201837],[27.37853,42.200702],[27.380167,42.199662],[27.381917,42.19855],[27.383647,42.197451],[27.385395,42.19634],[27.387002,42.195319],[27.3887,42.194241],[27.390454,42.193126],[27.39422,42.192672],[27.396504,42.192397],[27.398639,42.192139],[27.401553,42.191788],[27.404209,42.191468],[27.409812,42.190792],[27.412109,42.190515],[27.414191,42.190264],[27.417304,42.189888],[27.41954,42.189619],[27.422117,42.189308],[27.425151,42.188975],[27.430688,42.188267],[27.433453,42.188095],[27.43395,42.188213]]}},{"type":"Feature","properties":{"osm_id":263464628,"voltage":"110000","circuits":"2","cables":"6","name":"","operator":"","ref":""},"geometry":{"type":"LineString","coordinates":[[23.228465,42.71433],[23.229626,42.713261],[23.231386,42.711574],[23.23217,42.710846],[23.233519,42.709586],[23.235288,42.707916],[23.23762,42.705722],[23.239483,42.703976],[23.241176,42.702325],[23.243138,42.700487],[23.244148,42.699528],[23.245307,42.69843],[23.24795,42.696425],[23.251188,42.69474],[23.251925,42.692838],[23.252611,42.691088],[23.255025,42.690974],[23.259021,42.690711],[23.262386,42.689901],[23.26619,42.68893],[23.268972,42.687282]]}},{"type":"Feature","properties":{"osm_id":263491185,"voltage":"110000","circuits":"","cables":"9","name":"","operator":"","ref":""},"geometry":{"type":"LineString","coordinates":[[23.269078,42.684202],[23.268007,42.685463],[23.268972,42.687282]]}},{"type":"Feature","properties":{"osm_id":264428397,"voltage":"110000","circuits":"","cables":"6","name":"Павлово","operator":"","ref":""},"geometry":{"type":"LineString","coordinates":[[23.335444,42.647147],[23.335487,42.646714]]}},{"type":"Feature","properties":{"osm_id":264428398,"voltage":"110000","circuits":"1","cables":"3","name":"","operator":"","ref":""},"geometry":{"type":"LineString","coordinates":[[23.284638,42.654583],[23.284836,42.652169],[23.283266,42.651445],[23.281218,42.651197],[23.277951,42.650693],[23.276745,42.650504],[23.276434,42.65068]]}},{"type":"Feature","properties":{"osm_id":264555503,"voltage":"400000","circuits":"1","cables":"3","name":"","operator":"","ref":""},"geometry":{"type":"LineString","coordinates":[[23.93477,42.24351],[23.934057,42.242341],[23.932793,42.241007],[23.931107,42.239066],[23.929439,42.23728],[23.926596,42.234148],[23.924169,42.231454],[23.922074,42.229215],[23.919819,42.226781],[23.918114,42.224278],[23.916563,42.221986],[23.915067,42.219817],[23.910255,42.21283],[23.909292,42.211431],[23.907314,42.208438],[23.906264,42.206841],[23.905002,42.206285],[23.902932,42.205291],[23.901634,42.203451],[23.899612,42.200618],[23.897503,42.199421],[23.895307,42.198171],[23.894258,42.197482],[23.893217,42.196811],[23.887166,42.192602],[23.885444,42.19034],[23.881501,42.18594],[23.878438,42.183651],[23.87758,42.181361],[23.8764,42.179552],[23.875466,42.178177],[23.87567,42.177004],[23.876099,42.173939],[23.874474,42.170957],[23.872099,42.168337],[23.870141,42.166214],[23.868262,42.164127],[23.866553,42.163232],[23.8631,42.161424],[23.861417,42.160455]]}},{"type":"Feature","properties":{"osm_id":265086897,"voltage":"400000","circuits":"1","cables":"3","name":"Черно море","operator":"","ref":""},"geometry":{"type":"LineString","coordinates":[[27.257357,42.945768],[27.255865,42.949498],[27.255258,42.950877],[27.254291,42.953296],[27.252957,42.956509],[27.251218,42.960707],[27.249879,42.964018],[27.248566,42.967352],[27.246988,42.971506],[27.245582,42.974802],[27.244678,42.976661],[27.243186,42.98061],[27.245032,42.983012],[27.247197,42.985822],[27.248582,42.98762],[27.249985,42.989518],[27.250992,42.990821],[27.254004,42.994822],[27.254826,42.995837],[27.256715,42.99829],[27.259351,43.001692],[27.261916,43.005039],[27.264287,43.008111],[27.265979,43.010235],[27.268045,43.012948],[27.270326,43.01592],[27.272963,43.019349],[27.275444,43.022616],[27.279542,43.027916],[27.281801,43.030753],[27.283698,43.033208],[27.285887,43.036031],[27.287669,43.038356],[27.289834,43.041144],[27.291834,43.043688],[27.294568,43.047231],[27.296685,43.049989],[27.298866,43.052761],[27.300945,43.055458],[27.303117,43.058273],[27.305657,43.061537]]}},{"type":"Feature","properties":{"osm_id":277498064,"voltage":"110000","circuits":"","cables":"","name":"","operator":"","ref":""},"geometry":{"type":"LineString","coordinates":[[27.872129,43.088365],[27.874065,43.08797],[27.875857,43.087688],[27.877211,43.08748],[27.879871,43.087072],[27.881084,43.086885],[27.886845,43.086],[27.888097,43.086012],[27.897231,43.086538],[27.90029,43.086727]]}},{"type":"Feature","properties":{"osm_id":281805143,"voltage":"110000","circuits":"1","cables":"3","name":"","operator":"","ref":""},"geometry":{"type":"LineString","coordinates":[[27.82532,43.592927],[27.824835,43.593067],[27.822491,43.593324],[27.819592,43.593628],[27.817092,43.593865],[27.814084,43.594181],[27.811812,43.594404],[27.809462,43.595377],[27.80673,43.596489],[27.804248,43.5975],[27.801258,43.598697],[27.799132,43.599579],[27.796152,43.600791],[27.794047,43.601661],[27.791618,43.602641],[27.788645,43.603849],[27.787428,43.605074],[27.788812,43.608449],[27.789741,43.610868],[27.790572,43.61295],[27.79138,43.614972],[27.792323,43.617337],[27.79321,43.61957],[27.794109,43.621828],[27.795042,43.624187],[27.795895,43.626326],[27.79682,43.628652],[27.797735,43.631004],[27.798625,43.633213],[27.799491,43.635424],[27.800353,43.637622],[27.801197,43.639676],[27.802049,43.641859],[27.802857,43.643931],[27.803668,43.64601],[27.804506,43.648075],[27.805302,43.650095],[27.806095,43.652077],[27.806808,43.653916],[27.807737,43.656322],[27.808634,43.658519],[27.809475,43.660704],[27.810319,43.662782],[27.811145,43.664922],[27.811879,43.666777],[27.812682,43.668765],[27.813553,43.670995],[27.814388,43.673181],[27.81523,43.675216],[27.815946,43.677068],[27.816618,43.678778],[27.817423,43.680775],[27.818372,43.68318],[27.819277,43.685463],[27.82004,43.687432],[27.820843,43.689433],[27.82163,43.691425],[27.822385,43.693319],[27.823127,43.695189],[27.823882,43.697122],[27.82465,43.699041],[27.824068,43.700696],[27.823296,43.702893],[27.822635,43.704829],[27.821783,43.707204],[27.821037,43.709322],[27.820286,43.711422],[27.819561,43.71357],[27.818759,43.715799],[27.817997,43.717941],[27.817267,43.720071],[27.816575,43.721961],[27.815954,43.72379],[27.815136,43.726132],[27.814409,43.728223],[27.813695,43.730239],[27.812825,43.732672],[27.812142,43.734698],[27.81144,43.73663],[27.810726,43.738668],[27.809969,43.740792],[27.809206,43.742955],[27.808509,43.745005],[27.807707,43.747205],[27.805895,43.748782],[27.804146,43.75025],[27.802435,43.75174],[27.800819,43.753091],[27.79922,43.754485],[27.797741,43.755736],[27.795738,43.757446],[27.793648,43.759258],[27.79174,43.760859],[27.789756,43.762611],[27.787761,43.76428],[27.785836,43.765923],[27.783874,43.767572],[27.78222,43.769023],[27.780304,43.770652],[27.778521,43.772176],[27.776492,43.773896],[27.774526,43.775594],[27.772593,43.777218],[27.77058,43.778936],[27.768697,43.780551],[27.766734,43.782214],[27.764951,43.783742],[27.763918,43.785513],[27.762731,43.787545],[27.761622,43.789489],[27.760337,43.791721],[27.759182,43.793746],[27.757967,43.795786],[27.756845,43.797765],[27.755682,43.799781],[27.754411,43.801981],[27.753166,43.804126],[27.752114,43.805946],[27.751421,43.807066],[27.751321,43.807358]]}},{"type":"Feature","properties":{"osm_id":284579631,"voltage":"110000","circuits":"2","cables":"6","name":"","operator":"","ref":""},"geometry":{"type":"LineString","coordinates":[[24.873837,42.028977],[24.871836,42.028452],[24.863525,42.028173],[24.858479,42.028197],[24.855935,42.026079],[24.853107,42.023869],[24.851085,42.022267]]}},{"type":"Feature","properties":{"osm_id":285006448,"voltage":"110000","circuits":"1","cables":"3","name":"","operator":"","ref":""},"geometry":{"type":"LineString","coordinates":[[26.122823,42.645537],[26.123007,42.645844],[26.124707,42.646649],[26.12646,42.647472],[26.129801,42.649039],[26.132139,42.650154],[26.134195,42.651127],[26.137514,42.652705],[26.140844,42.654288],[26.146511,42.657085],[26.147819,42.657592],[26.149958,42.65721],[26.154464,42.656344],[26.158308,42.655576],[26.163063,42.654698],[26.164411,42.654424],[26.170288,42.653311],[26.174845,42.652402],[26.178525,42.651618],[26.181453,42.651041],[26.184703,42.650461],[26.186621,42.650094],[26.19406,42.648662],[26.197607,42.647965],[26.202287,42.647045],[26.207701,42.645981],[26.215521,42.648894],[26.218646,42.65011],[26.222408,42.651502],[26.225403,42.652586],[26.230252,42.654395],[26.233631,42.655626],[26.23906,42.656964],[26.241764,42.657574],[26.246108,42.65861],[26.249009,42.65934],[26.250933,42.6598],[26.255388,42.660762],[26.257353,42.661243],[26.262049,42.66095],[26.266624,42.660625],[26.270641,42.660374],[26.279875,42.659802],[26.283704,42.658611],[26.285389,42.658088],[26.288758,42.657063],[26.29367,42.655552],[26.296277,42.654747],[26.299053,42.653891],[26.301435,42.653143],[26.303114,42.652628],[26.305387,42.651944],[26.305509,42.652052],[26.307448,42.653773],[26.308346,42.654558],[26.308298,42.65584],[26.308187,42.658347],[26.308048,42.660229],[26.306123,42.664116],[26.305086,42.666242],[26.304366,42.667633],[26.305806,42.668325],[26.309314,42.67017],[26.312342,42.671706],[26.314142,42.672634],[26.316956,42.673866],[26.320312,42.675147]]}},{"type":"Feature","properties":{"osm_id":285453499,"voltage":"220000","circuits":"1","cables":"3","name":"","operator":"","ref":""},"geometry":{"type":"LineString","coordinates":[[24.339852,41.663095],[24.33987,41.66301],[24.340218,41.665196],[24.340418,41.666483],[24.340527,41.667697],[24.340766,41.669118],[24.340932,41.67034],[24.341222,41.672673],[24.341436,41.674073],[24.341604,41.675412],[24.342937,41.675881],[24.346604,41.677177],[24.348465,41.678014],[24.354645,41.680332],[24.360432,41.682507],[24.364173,41.683945],[24.368665,41.685673],[24.372313,41.689582],[24.375117,41.692633],[24.377399,41.695071],[24.378562,41.696342],[24.379738,41.697626],[24.381728,41.699837],[24.385103,41.703425],[24.387785,41.706323],[24.389077,41.707706],[24.39121,41.710002],[24.393153,41.712125],[24.394113,41.713131],[24.396034,41.715226],[24.397284,41.716594],[24.397849,41.717492],[24.399613,41.720297],[24.401172,41.722814],[24.402169,41.724402],[24.403377,41.726343],[24.404336,41.727871],[24.406283,41.730956],[24.408163,41.733962],[24.409147,41.735493],[24.411738,41.739594],[24.413777,41.742837],[24.414703,41.744314],[24.416741,41.747562],[24.417712,41.749055],[24.418425,41.750218],[24.419126,41.751351],[24.420084,41.752868],[24.420418,41.754615],[24.42073,41.756114],[24.421513,41.759877],[24.422088,41.762637],[24.422469,41.764259],[24.422952,41.766826],[24.423496,41.76914],[24.423959,41.77122],[24.424431,41.773341],[24.425008,41.77562],[24.426257,41.78072],[24.426714,41.782709],[24.426582,41.784487],[24.426478,41.785618],[24.426007,41.791329],[24.425959,41.791917],[24.425823,41.793519],[24.425505,41.796944],[24.42518,41.800629],[24.424964,41.803459],[24.424806,41.805205],[24.424467,41.808402],[24.424305,41.810149],[24.424023,41.810881],[24.422972,41.813498],[24.422404,41.814852],[24.421929,41.816008],[24.421404,41.817278],[24.420268,41.820057],[24.419622,41.821593],[24.422167,41.823468],[24.426792,41.826863],[24.426099,41.828098],[24.424822,41.830316],[24.421923,41.835416],[24.420486,41.837976],[24.417408,41.843409],[24.416263,41.845407],[24.415966,41.849006],[24.415752,41.854734],[24.417102,41.856874],[24.420822,41.862559],[24.423131,41.866095],[24.426191,41.870928],[24.427721,41.873215],[24.42829,41.874046],[24.427351,41.875225],[24.425869,41.877201],[24.424534,41.878986],[24.4198,41.885234],[24.41966,41.887179],[24.419353,41.892252],[24.419152,41.895382],[24.418975,41.898099],[24.418702,41.899361],[24.417344,41.905706],[24.417068,41.906891],[24.416711,41.908638],[24.41626,41.910713],[24.416386,41.912502],[24.416535,41.914624],[24.416776,41.919413],[24.41725,41.926492],[24.417296,41.927589],[24.417368,41.928624],[24.417633,41.932852],[24.417753,41.934778],[24.417092,41.936696],[24.415759,41.940564],[24.414882,41.94291],[24.413349,41.947454],[24.412687,41.949517],[24.411709,41.952315]]}},{"type":"Feature","properties":{"osm_id":286439822,"voltage":"220000","circuits":"1","cables":"3","name":"","operator":"","ref":""},"geometry":{"type":"LineString","coordinates":[[24.411709,41.952315],[24.414162,41.952016],[24.421865,41.951161],[24.423641,41.95067],[24.426533,41.94985],[24.432083,41.948206],[24.436829,41.946868],[24.439354,41.946138],[24.442092,41.945345],[24.444849,41.944538],[24.447383,41.943776],[24.447487,41.942957],[24.447616,41.941612],[24.447598,41.940287]]}},{"type":"Feature","properties":{"osm_id":286439823,"voltage":"220000","circuits":"1","cables":"3","name":"","operator":"","ref":""},"geometry":{"type":"LineString","coordinates":[[24.447666,41.940236],[24.448596,41.940028],[24.447536,41.94409],[24.444587,41.944918],[24.442192,41.94563],[24.439484,41.946411],[24.432102,41.948453],[24.426761,41.950046],[24.423629,41.950951],[24.421756,41.951509],[24.414214,41.952335],[24.411603,41.952621]]}},{"type":"Feature","properties":{"osm_id":287478318,"voltage":"110000","circuits":"1","cables":"3","name":"","operator":"","ref":""},"geometry":{"type":"LineString","coordinates":[[25.639712,41.6124],[25.639396,41.612814],[25.639058,41.617372],[25.638954,41.61779],[25.637656,41.623018],[25.635252,41.625603],[25.631324,41.6292],[25.630139,41.630378],[25.628013,41.632252],[25.627048,41.633009],[25.626965,41.633074],[25.625929,41.633878],[25.623434,41.635816],[25.622319,41.636694],[25.620287,41.638245],[25.618276,41.639833],[25.615748,41.641801],[25.614294,41.64293],[25.613532,41.643522],[25.612708,41.644163],[25.608435,41.647731],[25.602889,41.650546],[25.600476,41.651833],[25.598884,41.652682],[25.596963,41.653704],[25.592084,41.656285],[25.588385,41.65722],[25.580406,41.659461],[25.580275,41.659497],[25.575411,41.660863],[25.568229,41.662947],[25.566386,41.663441],[25.562832,41.664504],[25.560246,41.664192],[25.556478,41.663639],[25.554257,41.663286],[25.549783,41.662613],[25.548558,41.662413],[25.545063,41.661911],[25.538979,41.66098],[25.537465,41.660811],[25.535126,41.660397],[25.532885,41.660047],[25.530157,41.659636],[25.52743,41.659229],[25.526526,41.659088],[25.52154,41.658333],[25.517749,41.657763],[25.515214,41.657353],[25.514263,41.657207],[25.512673,41.656974],[25.511264,41.656747],[25.508959,41.656387],[25.506907,41.65609],[25.505232,41.655834],[25.5044,41.655708],[25.502052,41.655366],[25.500808,41.655157],[25.497175,41.654598],[25.49585,41.654375],[25.494828,41.654204],[25.492798,41.653863],[25.490861,41.65354],[25.490292,41.653445],[25.487962,41.653067],[25.486518,41.652808],[25.484977,41.652571],[25.482752,41.652188],[25.480256,41.651791],[25.479335,41.651313],[25.47557,41.649362],[25.474514,41.648814],[25.473972,41.648533],[25.470541,41.64673],[25.461895,41.642298],[25.458269,41.640464],[25.454244,41.638343],[25.446552,41.635628],[25.438319,41.635832],[25.436817,41.635609],[25.432459,41.634946],[25.43052,41.634586],[25.427865,41.634186],[25.426644,41.63341],[25.42445,41.631989],[25.42252,41.63172],[25.420031,41.631396],[25.418775,41.631037],[25.416564,41.630474],[25.414225,41.630326],[25.411931,41.63008],[25.410335,41.631385],[25.408526,41.632191],[25.407204,41.632077]]}},{"type":"Feature","properties":{"osm_id":287733339,"voltage":"110000","circuits":"1","cables":"3","name":"","operator":"","ref":""},"geometry":{"type":"LineString","coordinates":[[24.471217,41.994454],[24.472788,41.993982]]}},{"type":"Feature","properties":{"osm_id":288603941,"voltage":"110000","circuits":"1","cables":"3","name":"","operator":"","ref":""},"geometry":{"type":"LineString","coordinates":[[26.122615,42.645585],[26.122705,42.645895],[26.122753,42.647796],[26.122867,42.650242],[26.122944,42.65169],[26.122968,42.654041],[26.123088,42.656599],[26.123137,42.658202],[26.123172,42.65947],[26.123295,42.663133],[26.123399,42.665295],[26.123477,42.667565],[26.120616,42.668712],[26.117147,42.670115],[26.115857,42.670649],[26.113191,42.67171],[26.111665,42.672331],[26.106125,42.674605],[26.098706,42.677612],[26.09692,42.678344],[26.093109,42.679892],[26.090802,42.680819],[26.08846,42.681781],[26.087189,42.68227],[26.085599,42.682922],[26.081321,42.684657],[26.076286,42.686708],[26.074709,42.687349],[26.073242,42.687942],[26.070559,42.687972],[26.067453,42.688013],[26.063846,42.688055],[26.061912,42.688074],[26.058361,42.68813],[26.056148,42.688155],[26.052312,42.688199],[26.046497,42.690438],[26.044475,42.691465],[26.041034,42.693223],[26.037344,42.695126],[26.035659,42.695985],[26.03107,42.695299],[26.028492,42.694911],[26.025557,42.69445],[26.022795,42.694042],[26.02043,42.693677],[26.018091,42.693328],[26.014566,42.692798],[26.012176,42.692447],[26.009585,42.692055],[26.006989,42.691666],[26.004384,42.691258],[26.002078,42.690923],[25.999205,42.690492],[25.996549,42.690095],[25.993875,42.690403],[25.991,42.690754],[25.988406,42.691069],[25.985348,42.691442],[25.983146,42.691706],[25.979716,42.692142],[25.977522,42.692398],[25.974185,42.692788],[25.97091,42.692932],[25.968987,42.693001],[25.96536,42.693117],[25.963641,42.693192],[25.960575,42.693305],[25.958464,42.69338],[25.955774,42.693478],[25.952961,42.693601],[25.950061,42.693683],[25.947483,42.69378],[25.944549,42.693886],[25.941937,42.693963],[25.938895,42.694085],[25.93684,42.694149],[25.934349,42.694241],[25.931852,42.694342],[25.928802,42.694465],[25.925642,42.69456],[25.923282,42.692696],[25.921238,42.691082],[25.919645,42.689865],[25.917901,42.688496],[25.916303,42.687187],[25.914083,42.68825],[25.912322,42.689115],[25.90831,42.690354],[25.908301,42.690711]]}},{"type":"Feature","properties":{"osm_id":290736610,"voltage":"110000","circuits":"2","cables":"6","name":"","operator":"","ref":"СВОБОДА;МАНАСТИР"},"geometry":{"type":"LineString","coordinates":[[24.799635,41.748433],[24.801845,41.748247],[24.802781,41.747193],[24.805114,41.746726],[24.806586,41.746258],[24.808136,41.745703],[24.811013,41.744949],[24.81232,41.744684],[24.815019,41.744098],[24.816816,41.743753],[24.817228,41.742549],[24.818963,41.741671],[24.8196,41.741604],[24.820382,41.74153],[24.823712,41.741241],[24.826063,41.741026],[24.828154,41.740849],[24.83096,41.740567],[24.831725,41.7398],[24.83304,41.738455],[24.833664,41.738225],[24.834647,41.737825],[24.841125,41.735213],[24.843567,41.734225],[24.845435,41.733475],[24.847139,41.732828],[24.849709,41.731803],[24.850553,41.731493],[24.851511,41.731131],[24.853688,41.730258],[24.856815,41.729208],[24.858488,41.728662],[24.860009,41.728151],[24.861967,41.727463],[24.86345,41.727009],[24.865218,41.72647],[24.867395,41.725717],[24.868878,41.724703],[24.87028,41.723683],[24.871084,41.722688],[24.871645,41.721986],[24.872274,41.721173],[24.873631,41.719465],[24.874569,41.718274],[24.875397,41.71725],[24.87611,41.716383],[24.876813,41.71552],[24.87753,41.714579],[24.878181,41.713743],[24.878944,41.712873],[24.879678,41.712285],[24.880427,41.711688],[24.882206,41.710274],[24.883799,41.709001],[24.884518,41.708437],[24.885761,41.707447],[24.886669,41.706727],[24.888025,41.705662],[24.890233,41.703924],[24.890827,41.703458],[24.892603,41.702784],[24.89429,41.702125],[24.895406,41.701726],[24.896178,41.701417],[24.89741,41.700979],[24.898688,41.700511],[24.900566,41.699765],[24.901747,41.699289],[24.903514,41.698626],[24.904917,41.698116],[24.906428,41.697561],[24.907893,41.697075],[24.909047,41.696639],[24.911646,41.695657],[24.913688,41.694906],[24.914969,41.694453],[24.915938,41.694081],[24.917125,41.693629],[24.918513,41.693102],[24.919689,41.692696],[24.9218,41.691901],[24.923772,41.691189],[24.927013,41.68999],[24.928651,41.689388],[24.930156,41.688887],[24.933346,41.687674],[24.935727,41.686797],[24.938912,41.685651],[24.941803,41.684551],[24.943739,41.683839],[24.946164,41.682965],[24.947645,41.682433],[24.94722,41.681286],[24.946738,41.680001],[24.9459,41.677673],[24.945223,41.675761],[24.945026,41.674203],[24.944677,41.671044],[24.944422,41.668834],[24.944244,41.66733],[24.94521,41.666447],[24.946105,41.665591],[24.947136,41.664656],[24.94797,41.663437],[24.949828,41.660554],[24.95033,41.659771],[24.951626,41.658149]]}},{"type":"Feature","properties":{"osm_id":302991635,"voltage":"110000","circuits":"1","cables":"3","name":"","operator":"","ref":""},"geometry":{"type":"LineString","coordinates":[[24.171516,43.08871],[24.171165,43.088849],[24.169767,43.089342],[24.168428,43.089837],[24.165831,43.090741],[24.163656,43.091489],[24.159194,43.093122],[24.157207,43.093864],[24.153918,43.095096],[24.149506,43.096708],[24.146365,43.105409],[24.13981,43.123891],[24.137331,43.130552],[24.136916,43.13192],[24.136532,43.133623],[24.136121,43.135804],[24.135615,43.1383],[24.135038,43.141272],[24.134749,43.142778],[24.134373,43.14472],[24.133689,43.148122],[24.132997,43.151624],[24.132412,43.154872],[24.132068,43.156571],[24.131463,43.159548],[24.131166,43.161302],[24.130747,43.163165],[24.130146,43.166153],[24.129774,43.168267],[24.129395,43.170165],[24.129173,43.172161],[24.128976,43.174742],[24.128667,43.177899],[24.128455,43.1801],[24.128267,43.182193],[24.127955,43.185307],[24.127729,43.18751],[24.127562,43.189637],[24.12741,43.19102],[24.127146,43.19364],[24.130929,43.194078],[24.136813,43.19473],[24.13971,43.195037],[24.143445,43.195473],[24.146452,43.195806],[24.149896,43.196186],[24.154224,43.193767],[24.154466,43.193607]]}},{"type":"Feature","properties":{"osm_id":302991638,"voltage":"110000","circuits":"1","cables":"3","name":"","operator":"","ref":""},"geometry":{"type":"LineString","coordinates":[[24.161984,43.263366],[24.161115,43.26357],[24.159001,43.26441],[24.15632,43.264036],[24.153362,43.263635],[24.150199,43.263213],[24.146819,43.262754],[24.142893,43.262224],[24.140598,43.261911],[24.13803,43.26158],[24.135293,43.26122],[24.131885,43.260732],[24.128863,43.260354],[24.126025,43.259991],[24.123341,43.259619],[24.123317,43.257193],[24.123277,43.252397],[24.12326,43.250243],[24.123217,43.247777],[24.123251,43.245278],[24.123251,43.242861],[24.123197,43.237846],[24.123414,43.233403],[24.123626,43.231113],[24.123819,43.228981],[24.124043,43.22674],[24.124356,43.223656],[24.124542,43.221512],[24.124754,43.219274],[24.125014,43.216439],[24.125211,43.214269],[24.125358,43.212382],[24.125554,43.210159],[24.125785,43.20781],[24.126001,43.205526],[24.126218,43.203116],[24.12639,43.20144],[24.126708,43.1983],[24.126874,43.196152],[24.127121,43.193924],[24.130849,43.194337],[24.134279,43.194716],[24.13697,43.195009],[24.139997,43.195338],[24.143582,43.195734],[24.146383,43.196059],[24.149902,43.196433],[24.154243,43.193942],[24.154496,43.193754]]}},{"type":"Feature","properties":{"osm_id":303035589,"voltage":"110000","circuits":"1","cables":"3","name":"","operator":"","ref":""},"geometry":{"type":"LineString","coordinates":[[25.647238,42.405322],[25.647871,42.405563],[25.649849,42.406644],[25.651853,42.407767],[25.653844,42.40889],[25.65586,42.410018],[25.65539,42.410763],[25.654651,42.411975],[25.653792,42.413368],[25.653237,42.414259],[25.652312,42.415816],[25.650881,42.418144],[25.649804,42.419931],[25.649107,42.421051],[25.648292,42.422369],[25.648013,42.423393],[25.647909,42.423695]]}},{"type":"Feature","properties":{"osm_id":303305767,"voltage":"110000","circuits":"2","cables":"6","name":"","operator":"","ref":""},"geometry":{"type":"LineString","coordinates":[[23.571637,43.223873],[23.571575,43.220868],[23.571528,43.217448],[23.571536,43.214793],[23.571512,43.211482],[23.571503,43.209814],[23.572366,43.20773],[23.573113,43.20599],[23.576117,43.204032],[23.579367,43.201648],[23.580266,43.201145],[23.583171,43.199631],[23.585816,43.19822],[23.584503,43.196696]]}},{"type":"Feature","properties":{"osm_id":303305768,"voltage":"110000","circuits":"2","cables":"6","name":"","operator":"","ref":""},"geometry":{"type":"LineString","coordinates":[[23.33844,43.465928],[23.33805,43.465411],[23.339912,43.463997],[23.341382,43.461977],[23.343029,43.459745],[23.344802,43.457337],[23.346766,43.454663],[23.34802,43.45297],[23.349232,43.451861],[23.35206,43.449292],[23.354287,43.447244],[23.356228,43.4455],[23.35895,43.442994],[23.361795,43.440412],[23.363818,43.438584],[23.365975,43.436603],[23.36833,43.434456],[23.37107,43.43195],[23.373635,43.429605],[23.376358,43.427145],[23.378113,43.425526],[23.380283,43.423406],[23.383125,43.420846],[23.385497,43.41867],[23.388541,43.415901],[23.390327,43.414248],[23.39292,43.41189],[23.395602,43.409448],[23.397727,43.407514],[23.400462,43.405024],[23.40838,43.397815],[23.410986,43.395443],[23.413612,43.393052],[23.416101,43.390765],[23.421366,43.385965],[23.423972,43.383527],[23.426974,43.380824],[23.429013,43.378949],[23.430811,43.377297],[23.433468,43.374906],[23.436204,43.372368],[23.438809,43.369973],[23.441254,43.367739],[23.443639,43.365536],[23.446331,43.363081],[23.448176,43.361414],[23.450392,43.359377],[23.452903,43.357072],[23.456198,43.354078],[23.457827,43.352547],[23.461306,43.350038],[23.464189,43.347942],[23.46711,43.34582],[23.469874,43.343814],[23.47256,43.341892],[23.475996,43.33939],[23.478559,43.337531],[23.480597,43.336046],[23.482066,43.334977],[23.484393,43.333292],[23.48711,43.331355],[23.489354,43.329719],[23.492884,43.327111],[23.494859,43.325679],[23.497899,43.32349],[23.499467,43.322371],[23.502153,43.32042],[23.50478,43.318501],[23.508323,43.315919],[23.510208,43.314534],[23.51308,43.312471],[23.514648,43.311273],[23.517544,43.309188],[23.519477,43.307759],[23.52926,43.30067],[23.530756,43.299538],[23.532886,43.297016],[23.539469,43.289416],[23.541204,43.287317],[23.542691,43.28561],[23.544765,43.283129],[23.549399,43.277767],[23.553435,43.272956],[23.555001,43.271157],[23.557122,43.268671],[23.558547,43.266991],[23.559455,43.26593]]}},{"type":"Feature","properties":{"osm_id":303305769,"voltage":"110000","circuits":"2","cables":"6","name":"","operator":"","ref":""},"geometry":{"type":"LineString","coordinates":[[23.5898,43.229971],[23.588181,43.231761],[23.580412,43.240854],[23.578804,43.24275],[23.571177,43.251684],[23.568035,43.255383],[23.566579,43.257098],[23.564004,43.260097],[23.562447,43.261846],[23.560875,43.263736],[23.559141,43.265755],[23.557805,43.267319],[23.556398,43.268985],[23.552788,43.27326],[23.549665,43.276913],[23.548146,43.278659],[23.545085,43.282276],[23.543504,43.284105],[23.541923,43.285952],[23.540491,43.287614],[23.539054,43.289338],[23.534653,43.294469],[23.533028,43.296355],[23.531774,43.297848],[23.530414,43.299401],[23.528939,43.300488],[23.526959,43.301936],[23.523254,43.304566],[23.517205,43.309052],[23.514879,43.310706],[23.513365,43.311829],[23.511097,43.313465],[23.509122,43.314909],[23.507036,43.316423],[23.504867,43.318068],[23.502722,43.319542],[23.500609,43.321099],[23.498319,43.32275],[23.496606,43.323981],[23.489634,43.329063],[23.487738,43.330477],[23.486168,43.331579],[23.48428,43.332956],[23.48205,43.334585],[23.480267,43.335916],[23.478151,43.337461],[23.476182,43.338858],[23.472125,43.341853],[23.470018,43.343361],[23.468381,43.344542],[23.466267,43.346059],[23.464167,43.347616],[23.461863,43.349262],[23.459791,43.350774],[23.457698,43.352291],[23.454815,43.354931],[23.453096,43.356506],[23.451283,43.358164],[23.449579,43.35974],[23.447693,43.361433],[23.446339,43.362667],[23.443947,43.364883],[23.442203,43.366474],[23.440163,43.368322],[23.438334,43.369996],[23.436393,43.371791],[23.434615,43.373401],[23.432758,43.3751],[23.430948,43.376757],[23.429508,43.378073],[23.427632,43.379759],[23.423913,43.383177],[23.421927,43.384985],[23.416435,43.390024],[23.41454,43.391754],[23.412797,43.393345],[23.410902,43.395081],[23.409018,43.396794],[23.407146,43.398502],[23.403766,43.401587],[23.401877,43.403311],[23.400109,43.404925],[23.396312,43.408389],[23.394461,43.410078],[23.392689,43.411695],[23.390778,43.413411],[23.388887,43.415133],[23.387024,43.416835],[23.385142,43.418537],[23.38326,43.420288],[23.381579,43.421787],[23.377863,43.425323],[23.37602,43.427027],[23.374253,43.428631],[23.372329,43.430358],[23.370505,43.432065],[23.368709,43.433682],[23.367252,43.435011],[23.363422,43.438486],[23.36155,43.440222],[23.35821,43.443253],[23.35607,43.445212],[23.354205,43.446918],[23.352112,43.448827],[23.350876,43.449931],[23.349046,43.451616],[23.347699,43.452822],[23.346527,43.454413],[23.345116,43.45636],[23.343735,43.458222],[23.342324,43.460143],[23.340949,43.462059],[23.33962,43.463853],[23.337638,43.465401],[23.338251,43.466047]]}},{"type":"Feature","properties":{"osm_id":303771351,"voltage":"110000","circuits":"1","cables":"3","name":"","operator":"","ref":""},"geometry":{"type":"LineString","coordinates":[[24.210138,42.528107],[24.207657,42.527925],[24.204885,42.527734],[24.202141,42.527523],[24.19923,42.527328],[24.19456,42.527035],[24.191511,42.526837],[24.190091,42.526741],[24.187897,42.526586],[24.184485,42.526384],[24.181199,42.526153],[24.179081,42.526018],[24.176126,42.525814],[24.173363,42.525645],[24.172029,42.52424],[24.170699,42.522842],[24.169518,42.521631],[24.167793,42.519803],[24.165941,42.517884],[24.164552,42.51644],[24.163042,42.514858],[24.161022,42.512711],[24.157183,42.512552],[24.153811,42.512404],[24.151029,42.512266],[24.149921,42.51137],[24.148487,42.510197],[24.148579,42.509667]]}},{"type":"Feature","properties":{"osm_id":303771352,"voltage":"110000","circuits":"1","cables":"1","name":"","operator":"","ref":""},"geometry":{"type":"LineString","coordinates":[[24.167893,42.628444],[24.167103,42.629785],[24.164257,42.633718],[24.161743,42.636985]]}},{"type":"Feature","properties":{"osm_id":303771355,"voltage":"110000","circuits":"1","cables":"1","name":"","operator":"","ref":""},"geometry":{"type":"LineString","coordinates":[[24.161743,42.636985],[24.164007,42.633625],[24.16681,42.629637],[24.167893,42.628444]]}},{"type":"Feature","properties":{"osm_id":303771357,"voltage":"110000","circuits":"1","cables":"1","name":"","operator":"","ref":""},"geometry":{"type":"LineString","coordinates":[[24.197706,42.605334],[24.197834,42.606004],[24.198861,42.609273],[24.199458,42.611114],[24.199333,42.61153]]}},{"type":"Feature","properties":{"osm_id":303771359,"voltage":"110000","circuits":"1","cables":"1","name":"","operator":"","ref":""},"geometry":{"type":"LineString","coordinates":[[24.199333,42.61153],[24.199027,42.611171],[24.198519,42.609344],[24.19756,42.60601],[24.197706,42.605334]]}},{"type":"Feature","properties":{"osm_id":303771360,"voltage":"110000","circuits":"2","cables":"6","name":"","operator":"","ref":""},"geometry":{"type":"LineString","coordinates":[[24.156277,42.540484],[24.157619,42.540333],[24.161755,42.539899],[24.165532,42.53948],[24.169678,42.539043],[24.171225,42.538855],[24.173001,42.536907],[24.176075,42.533631],[24.177192,42.532418],[24.179403,42.530044],[24.181173,42.528149],[24.183084,42.526114],[24.185402,42.523619],[24.188171,42.521797],[24.1898,42.520734],[24.193856,42.517999],[24.195496,42.516886],[24.196899,42.515951],[24.201077,42.513224],[24.202739,42.512113],[24.204769,42.51075],[24.207487,42.508975],[24.211615,42.506245],[24.213362,42.505091],[24.215606,42.503657],[24.215823,42.502658],[24.21617,42.5012],[24.216961,42.497847],[24.217409,42.495926],[24.217826,42.494096],[24.218422,42.491517],[24.219007,42.489182],[24.219547,42.486773],[24.221296,42.483253],[24.222688,42.480392],[24.224185,42.477305],[24.225537,42.474522],[24.226509,42.472511],[24.227957,42.469533],[24.229637,42.466089],[24.231456,42.462345],[24.233293,42.458708],[24.235397,42.454324],[24.236901,42.451161],[24.238156,42.449331],[24.239654,42.447193],[24.242164,42.443609],[24.243413,42.441854],[24.245499,42.438879],[24.247706,42.435795],[24.248986,42.433974],[24.250926,42.431163],[24.252625,42.428778],[24.255474,42.424666],[24.257084,42.422373],[24.257978,42.4211],[24.258295,42.419782],[24.259022,42.415333],[24.259679,42.411726],[24.260505,42.407405],[24.261025,42.404858],[24.261857,42.401186],[24.262656,42.397534],[24.263305,42.394697],[24.264067,42.391607],[24.264759,42.388335],[24.265516,42.38502],[24.266409,42.381089],[24.267254,42.37735],[24.26768,42.375375],[24.268394,42.372131],[24.269118,42.368836],[24.269633,42.366275],[24.270427,42.362952],[24.271407,42.358478],[24.272044,42.355813],[24.272629,42.35301],[24.273284,42.349674],[24.273978,42.346758],[24.274676,42.343521],[24.275421,42.340087],[24.276204,42.33681],[24.277014,42.333243],[24.277843,42.329499],[24.278493,42.326563],[24.279297,42.323175],[24.279978,42.319891],[24.28088,42.315909],[24.281829,42.313243],[24.282859,42.310414],[24.284082,42.306947]]}},{"type":"Feature","properties":{"osm_id":303771361,"voltage":"110000","circuits":"1","cables":"1","name":"","operator":"","ref":""},"geometry":{"type":"LineString","coordinates":[[24.158529,42.641416],[24.156758,42.643746],[24.152973,42.649133],[24.150709,42.652352],[24.147612,42.65661],[24.146819,42.658005]]}},{"type":"Feature","properties":{"osm_id":303771362,"voltage":"110000","circuits":"1","cables":"1","name":"","operator":"","ref":""},"geometry":{"type":"LineString","coordinates":[[24.158529,42.641416],[24.157172,42.643888],[24.153282,42.649286],[24.150911,42.652422],[24.147911,42.656739],[24.146819,42.658005]]}},{"type":"Feature","properties":{"osm_id":303771363,"voltage":"110000","circuits":"1","cables":"3","name":"","operator":"","ref":""},"geometry":{"type":"LineString","coordinates":[[24.217241,42.497899],[24.215354,42.496341],[24.213622,42.494833],[24.211276,42.492788],[24.208481,42.492092],[24.203322,42.490758],[24.202842,42.490856]]}},{"type":"Feature","properties":{"osm_id":303771365,"voltage":"110000","circuits":"1","cables":"3","name":"","operator":"","ref":""},"geometry":{"type":"LineString","coordinates":[[24.217644,42.49611],[24.215611,42.496166],[24.213866,42.494699],[24.21146,42.492609],[24.209136,42.492043],[24.20511,42.49094],[24.203659,42.490544],[24.20281,42.490784]]}},{"type":"Feature","properties":{"osm_id":303771367,"voltage":"110000","circuits":"1","cables":"3","name":"","operator":"","ref":""},"geometry":{"type":"LineString","coordinates":[[24.269127,42.415435],[24.269374,42.415592],[24.267949,42.416565],[24.265551,42.418235],[24.263264,42.41977],[24.260618,42.421649],[24.258015,42.422688],[24.256323,42.424603],[24.25477,42.426218],[24.253376,42.428196],[24.252437,42.429515],[24.25142,42.430967],[24.250426,42.432407],[24.24796,42.435913],[24.245812,42.438913],[24.243878,42.441656],[24.242821,42.443106],[24.242191,42.444055],[24.23949,42.447978],[24.238242,42.449734],[24.23717,42.451278],[24.235764,42.45417],[24.234679,42.456371],[24.233556,42.458769],[24.232827,42.460231],[24.231721,42.462464],[24.230173,42.465668],[24.228141,42.469833],[24.22688,42.472411],[24.225902,42.474397],[24.224119,42.478097],[24.223253,42.479887],[24.222507,42.48142],[24.221731,42.483156],[24.220547,42.485502],[24.220101,42.486792],[24.219265,42.489363],[24.218742,42.491532],[24.218378,42.493132],[24.217957,42.494851],[24.217644,42.49611]]}},{"type":"Feature","properties":{"osm_id":304204558,"voltage":"110000","circuits":"1","cables":"3","name":"","operator":"","ref":""},"geometry":{"type":"LineString","coordinates":[[23.551788,42.196021],[23.551773,42.196116],[23.552212,42.19752],[23.552738,42.199428],[23.552735,42.200647],[23.552748,42.201946],[23.552759,42.203009],[23.552599,42.20452],[23.552426,42.205878],[23.551926,42.207255],[23.551272,42.209166],[23.550706,42.210924],[23.550109,42.212628],[23.549712,42.213742],[23.549034,42.216052],[23.549117,42.21692],[23.549247,42.218542],[23.549302,42.220831],[23.549358,42.223051],[23.549074,42.223894],[23.548421,42.225699],[23.547684,42.227714],[23.547088,42.229386],[23.54631,42.231572],[23.545663,42.233352],[23.544902,42.235459],[23.544395,42.236912],[23.543903,42.238289],[23.543175,42.240352],[23.542642,42.241804],[23.542095,42.243351],[23.541475,42.24505],[23.54064,42.247041],[23.540761,42.248903],[23.540903,42.250922],[23.541029,42.252712],[23.541124,42.254569],[23.541258,42.256359],[23.541321,42.257634],[23.541523,42.259572],[23.541534,42.260198],[23.541658,42.262747],[23.541784,42.264915],[23.541909,42.266811],[23.541995,42.268535],[23.542123,42.27045],[23.542221,42.271979],[23.542309,42.273441],[23.542457,42.27526],[23.54251,42.276577],[23.542609,42.2784],[23.542716,42.279747],[23.542839,42.281599],[23.542452,42.28247],[23.541741,42.283954],[23.540985,42.285502],[23.540179,42.287415],[23.539581,42.28874],[23.539221,42.290104],[23.538857,42.291487],[23.53846,42.29299],[23.538197,42.293986],[23.537898,42.295033],[23.537585,42.296237],[23.537304,42.29731],[23.536936,42.298697],[23.536581,42.3001],[23.536288,42.301323],[23.536336,42.302567],[23.536443,42.303888],[23.536514,42.305229],[23.536588,42.306574],[23.53665,42.307928],[23.536745,42.309272],[23.536832,42.310568],[23.536846,42.31089],[23.536887,42.311876],[23.536968,42.313233],[23.537042,42.314557],[23.53712,42.315886],[23.53713,42.316056],[23.537163,42.316588],[23.537201,42.317208],[23.537278,42.31847],[23.537354,42.319794],[23.537432,42.321137],[23.537514,42.322474],[23.537588,42.323805],[23.537656,42.325118],[23.537745,42.326416],[23.537809,42.327638],[23.537896,42.328797],[23.537962,42.329978],[23.537965,42.331449],[23.537977,42.331763],[23.538012,42.332672],[23.53813,42.334016],[23.538211,42.335249],[23.538279,42.336589],[23.538348,42.337845],[23.538466,42.338351]]}},{"type":"Feature","properties":{"osm_id":304220294,"voltage":"110000","circuits":"1","cables":"3","name":"","operator":"","ref":""},"geometry":{"type":"LineString","coordinates":[[25.984469,43.850129],[25.98493,43.849842],[25.985457,43.847742],[25.985959,43.845961],[25.987506,43.845402],[25.98954,43.84611],[25.99092,43.846592],[25.992122,43.847013],[25.994341,43.847789],[25.996527,43.848563],[25.99909,43.849495],[26.001446,43.850348],[26.003898,43.85122],[26.005229,43.851672],[26.006361,43.852116],[26.00642,43.853054],[26.006503,43.854439],[26.006638,43.855928],[26.006718,43.857709],[26.006849,43.860092],[26.007131,43.863281],[26.007189,43.864],[26.007378,43.866138],[26.007535,43.867575],[26.008108,43.868055]]}},{"type":"Feature","properties":{"osm_id":304220295,"voltage":"110000","circuits":"1","cables":"3","name":"","operator":"","ref":""},"geometry":{"type":"LineString","coordinates":[[25.131491,43.353258],[25.132166,43.353186],[25.132804,43.351838],[25.13334,43.350628],[25.134027,43.348743],[25.134833,43.347766],[25.135472,43.346986],[25.13662,43.345546],[25.137882,43.343967],[25.139118,43.342413],[25.140027,43.341277],[25.141358,43.339562],[25.14277,43.337811],[25.144006,43.336249],[25.145208,43.334686],[25.146444,43.333114],[25.147724,43.331625],[25.148928,43.330113],[25.150245,43.328466],[25.1515,43.326898],[25.152708,43.325368],[25.153935,43.323824],[25.155504,43.321882],[25.156404,43.320756],[25.157704,43.319119],[25.158873,43.317645],[25.160328,43.315821],[25.161325,43.31458],[25.162558,43.31303],[25.163782,43.311488],[25.164951,43.310001],[25.166224,43.308406],[25.167545,43.306758],[25.168652,43.305362],[25.169751,43.303994],[25.171113,43.302257],[25.17243,43.300617],[25.173634,43.299092],[25.174825,43.297584],[25.175971,43.296146],[25.177382,43.294366],[25.178559,43.292897],[25.179772,43.291363],[25.181307,43.289424],[25.182336,43.288123],[25.183604,43.286556],[25.184801,43.285049],[25.185887,43.283682],[25.187217,43.282008],[25.189295,43.279381],[25.19057,43.277785],[25.19194,43.276057],[25.193173,43.274512],[25.194417,43.272938],[25.195579,43.271464],[25.196586,43.270193],[25.197813,43.26864],[25.198996,43.267146],[25.200259,43.265566],[25.201492,43.264013],[25.202762,43.262438],[25.204054,43.260782],[25.205077,43.259513],[25.206409,43.257799],[25.207502,43.256447],[25.208665,43.254965],[25.209895,43.253413],[25.211029,43.252009],[25.212242,43.250501],[25.213488,43.248945],[25.214721,43.247398],[25.215888,43.245926],[25.217089,43.244365],[25.218283,43.242873],[25.219416,43.241455],[25.220846,43.239661],[25.221861,43.238411],[25.222972,43.237021],[25.22423,43.235445],[25.225331,43.234076],[25.226782,43.232284],[25.227577,43.231284],[25.229002,43.229491],[25.229873,43.228428],[25.231035,43.226956],[25.231983,43.225764],[25.23328,43.224133],[25.233902,43.22336],[25.235177,43.22174],[25.236644,43.21992],[25.237966,43.218302],[25.239253,43.21666],[25.240528,43.215061],[25.241685,43.213605],[25.242849,43.212224],[25.243788,43.210989],[25.245159,43.209306],[25.246532,43.207538],[25.24759,43.20629],[25.248854,43.204684],[25.25012,43.203075],[25.25137,43.201569],[25.252332,43.200354],[25.25373,43.198611],[25.255954,43.198103],[25.257815,43.197703],[25.260487,43.197136],[25.262577,43.197058],[25.264998,43.196251],[25.267269,43.195507],[25.269397,43.194814],[25.271712,43.194039],[25.274026,43.19328],[25.276447,43.192476],[25.278714,43.191738],[25.281295,43.190883],[25.283067,43.190241],[25.284695,43.189762],[25.285976,43.189599],[25.28851,43.189244],[25.291149,43.188882],[25.293639,43.188545],[25.295944,43.188204],[25.300301,43.187578],[25.304751,43.18692],[25.307357,43.186536],[25.309649,43.186192],[25.312409,43.185816],[25.31488,43.185425],[25.317116,43.185102],[25.319357,43.184769],[25.321836,43.184396],[25.324358,43.184037],[25.326801,43.183662],[25.329196,43.183306],[25.331579,43.182956],[25.333971,43.182586],[25.336422,43.182216],[25.338892,43.181863],[25.341351,43.181501],[25.343715,43.181154],[25.345694,43.180874],[25.348152,43.180515],[25.350361,43.180165],[25.352983,43.179787],[25.355291,43.179434],[25.357682,43.179093],[25.35973,43.178768],[25.364642,43.178024],[25.367058,43.177721],[25.369435,43.177362],[25.371919,43.176986],[25.374351,43.176624],[25.376583,43.176286],[25.378899,43.17593],[25.381095,43.175624],[25.3836,43.175685],[25.386036,43.175764],[25.388544,43.175816],[25.390888,43.175877],[25.393348,43.175921],[25.396029,43.176],[25.398529,43.176052],[25.400782,43.17611],[25.403436,43.176197],[25.405713,43.176245],[25.408181,43.176318],[25.410618,43.176376],[25.413502,43.176443],[25.415582,43.176496],[25.418318,43.176575],[25.420726,43.176618],[25.423186,43.176685],[25.425503,43.17675],[25.428135,43.176814],[25.430927,43.176875],[25.433735,43.176942],[25.436283,43.177012],[25.438824,43.176671],[25.441264,43.176353],[25.443724,43.176023],[25.446052,43.175732],[25.44814,43.175469],[25.45022,43.175224],[25.452669,43.174918],[25.455029,43.174597]]}},{"type":"Feature","properties":{"osm_id":304220296,"voltage":"110000","circuits":"1","cables":"3","name":"","operator":"","ref":""},"geometry":{"type":"LineString","coordinates":[[25.537651,43.086643],[25.537692,43.087064],[25.537402,43.08844],[25.536716,43.089925],[25.535891,43.091748],[25.535174,43.093404],[25.535128,43.095055],[25.535111,43.096716],[25.535089,43.098589],[25.535074,43.100255],[25.535044,43.10214],[25.535006,43.104025],[25.535048,43.105869],[25.535361,43.107722],[25.535738,43.109579],[25.536017,43.111027],[25.536419,43.113041],[25.536296,43.114904],[25.536229,43.116442],[25.536098,43.118156],[25.535899,43.121248],[25.53907,43.12244],[25.54095,43.122534],[25.54135,43.122682]]}},{"type":"Feature","properties":{"osm_id":304220298,"voltage":"110000","circuits":"2","cables":"6","name":"","operator":"","ref":""},"geometry":{"type":"LineString","coordinates":[[25.610486,43.09815],[25.612048,43.099267],[25.613781,43.100531],[25.616927,43.102683],[25.619854,43.104685],[25.620989,43.105511],[25.622853,43.106805],[25.625776,43.1089],[25.627348,43.110014],[25.632659,43.113812],[25.634746,43.115279],[25.637878,43.117585],[25.639711,43.118891],[25.64017,43.120925],[25.640595,43.122847],[25.641044,43.124761],[25.641825,43.128391],[25.642112,43.12961],[25.643928,43.13406],[25.650492,43.135919],[25.652992,43.136583],[25.655521,43.137296],[25.658152,43.13804],[25.660801,43.138779],[25.662618,43.139282],[25.663079,43.139916],[25.664024,43.141328],[25.664781,43.14254]]}},{"type":"Feature","properties":{"osm_id":304220299,"voltage":"110000","circuits":"1","cables":"3","name":"","operator":"","ref":""},"geometry":{"type":"LineString","coordinates":[[23.927,42.90922],[23.925894,42.908607],[23.923306,42.908612],[23.919578,42.908619],[23.914836,42.908628],[23.910725,42.908636],[23.907031,42.909736],[23.903579,42.910695],[23.89986,42.911729],[23.896314,42.912722],[23.892501,42.913794],[23.889785,42.914532],[23.886409,42.915501],[23.882874,42.916477],[23.87943,42.917429],[23.876178,42.918345],[23.875107,42.917857],[23.872928,42.916749],[23.870083,42.915346],[23.866766,42.913686],[23.863622,42.912144],[23.860065,42.910385],[23.858437,42.909586],[23.856262,42.908491],[23.853991,42.907393],[23.850908,42.905848],[23.847717,42.905489],[23.844342,42.905143],[23.841198,42.904734],[23.83818,42.904379],[23.834834,42.903983],[23.831702,42.903645],[23.8288,42.903308],[23.825704,42.902959],[23.822534,42.902584],[23.818772,42.901642],[23.815725,42.900849],[23.813058,42.900168]]}},{"type":"Feature","properties":{"osm_id":304220300,"voltage":"110000","circuits":"1","cables":"3","name":"","operator":"","ref":""},"geometry":{"type":"LineString","coordinates":[[23.782528,42.915497],[23.78296,42.915615],[23.78415,42.916003],[23.784837,42.918247],[23.786299,42.91825],[23.788214,42.918253],[23.79108,42.918266],[23.793207,42.918979],[23.795444,42.919716],[23.797896,42.920518],[23.800525,42.92138],[23.803385,42.922309],[23.805663,42.923064],[23.808205,42.923866],[23.810516,42.924646],[23.813014,42.925438],[23.816202,42.92649],[23.818469,42.927249],[23.82091,42.928026],[23.823389,42.928867],[23.825839,42.92963],[23.828261,42.930431],[23.830668,42.93123],[23.833161,42.930509],[23.835713,42.929775],[23.83839,42.928966],[23.841168,42.928146],[23.843917,42.927338],[23.84671,42.926515],[23.849667,42.925639],[23.852378,42.924837],[23.854596,42.924191],[23.857293,42.923385],[23.859921,42.922601],[23.862401,42.921874],[23.865335,42.921004],[23.868058,42.920206],[23.870628,42.919475],[23.873418,42.918677],[23.876145,42.917922],[23.87876,42.917194],[23.881479,42.916426],[23.884166,42.915648],[23.886726,42.914963],[23.889661,42.914119],[23.891849,42.913509],[23.894433,42.912824],[23.897228,42.91203],[23.899514,42.911384],[23.902287,42.910596],[23.904977,42.909851],[23.906989,42.909287],[23.909481,42.908562],[23.912097,42.907843],[23.916857,42.905794],[23.919789,42.904599],[23.922409,42.903514],[23.923736,42.902945],[23.926113,42.901941],[23.929248,42.900616],[23.932108,42.899407],[23.934603,42.898364],[23.937011,42.897327],[23.939094,42.896399],[23.941133,42.895576],[23.942556,42.894941],[23.945034,42.893897],[23.947155,42.892997],[23.950946,42.891395],[23.953457,42.890344],[23.956383,42.889094],[23.960006,42.887565],[23.966674,42.884751],[23.970362,42.883182],[23.972889,42.88213],[23.975919,42.880285],[23.978836,42.878517],[23.981453,42.876935],[23.984336,42.875184],[23.985644,42.874386],[23.98902,42.872352],[23.991566,42.870787],[23.996166,42.868007],[23.997657,42.865921],[23.999024,42.864079],[24.000576,42.861955],[24.002122,42.859908],[24.003801,42.857608],[24.005749,42.854902],[24.008022,42.851791],[24.009248,42.850141],[24.008661,42.847766],[24.008105,42.845561],[24.007234,42.842151],[24.006858,42.840488],[24.006466,42.838887],[24.006334,42.838748]]}},{"type":"Feature","properties":{"osm_id":304220301,"voltage":"110000","circuits":"1","cables":"3","name":"Ловеч - Троян","operator":"","ref":""},"geometry":{"type":"LineString","coordinates":[[24.698244,43.145719],[24.698234,43.145541],[24.696621,43.143929],[24.69634,43.14041],[24.696112,43.136723],[24.696171,43.134216],[24.696699,43.133488],[24.697231,43.132762],[24.697606,43.132182],[24.699245,43.129517],[24.700705,43.128121],[24.702594,43.126115],[24.703628,43.125062],[24.705738,43.123073],[24.707106,43.121735],[24.709752,43.11914],[24.712781,43.116107],[24.715295,43.113643],[24.716665,43.111729],[24.718756,43.108781],[24.719689,43.107522],[24.721705,43.104646],[24.723584,43.102078],[24.725546,43.09932],[24.727938,43.095991],[24.730011,43.093113],[24.731297,43.091326],[24.733031,43.088872],[24.734282,43.087157],[24.735982,43.084783],[24.736873,43.082237],[24.737738,43.079799],[24.738482,43.077715],[24.739373,43.075122],[24.740181,43.072922],[24.739881,43.069522],[24.739705,43.065919],[24.739395,43.060784],[24.739272,43.058427],[24.739217,43.055805],[24.738947,43.05315],[24.73885,43.051506],[24.73856,43.046404],[24.738354,43.043088],[24.734766,43.037574],[24.733618,43.035804],[24.731933,43.033681],[24.730071,43.030382],[24.726847,43.025432],[24.724792,43.022241],[24.721492,43.017303],[24.720658,43.015925],[24.718664,43.012821],[24.716702,43.009833],[24.71602,43.008432],[24.714857,43.005917],[24.713435,43.002935],[24.712256,43.000423],[24.711106,42.998052],[24.710587,42.99698],[24.709271,42.994178],[24.706725,42.988706],[24.704939,42.984906],[24.703566,42.98198],[24.702119,42.978897],[24.701539,42.977676],[24.699678,42.9726],[24.697692,42.967192],[24.69631,42.96344],[24.694513,42.958527],[24.693558,42.955937],[24.692425,42.952804],[24.691189,42.949518],[24.689131,42.94392],[24.68835,42.94175],[24.687561,42.9395],[24.686713,42.937085],[24.689408,42.934176],[24.69112,42.932104],[24.693124,42.929914],[24.694973,42.927675],[24.695562,42.927029],[24.696685,42.92583],[24.698699,42.923595],[24.700115,42.921982],[24.702086,42.919757],[24.704028,42.917558],[24.706195,42.915069],[24.708608,42.912338],[24.709833,42.910955],[24.710521,42.91019],[24.712115,42.908473],[24.712546,42.907984],[24.713391,42.905844],[24.713613,42.905279],[24.713785,42.904828],[24.714129,42.903956]]}},{"type":"Feature","properties":{"osm_id":305106675,"voltage":"110000","circuits":"2","cables":"6","name":"","operator":"","ref":""},"geometry":{"type":"LineString","coordinates":[[24.699935,42.113645],[24.697241,42.113455],[24.694393,42.113207],[24.691567,42.112999],[24.688616,42.11272],[24.685911,42.112557],[24.679996,42.112017],[24.677097,42.111768],[24.674356,42.111577],[24.672277,42.111396],[24.668956,42.111108],[24.666087,42.110859],[24.663146,42.110629],[24.660284,42.110404],[24.657436,42.110153],[24.654502,42.10993],[24.651624,42.109674],[24.648712,42.109415],[24.645851,42.10916],[24.642919,42.108953],[24.640003,42.108686],[24.637155,42.10847],[24.634211,42.108218],[24.631308,42.10798],[24.62842,42.107753],[24.625515,42.107507],[24.623259,42.107328],[24.621077,42.107144],[24.618347,42.107503],[24.615477,42.10788],[24.612743,42.10824],[24.61002,42.108598],[24.607052,42.108989],[24.604197,42.109364],[24.601354,42.109738],[24.598472,42.110118],[24.595724,42.110514],[24.592858,42.110887],[24.589949,42.111266],[24.587137,42.111632],[24.584397,42.112027],[24.58158,42.112388],[24.579485,42.112655],[24.576714,42.113042],[24.573737,42.113411],[24.570986,42.113801],[24.568633,42.114126],[24.566231,42.114258],[24.563357,42.114416],[24.560401,42.114579],[24.558574,42.114679],[24.555627,42.11486],[24.552628,42.115022],[24.549716,42.11518],[24.546316,42.115399],[24.544724,42.115482],[24.542253,42.11561],[24.53982,42.115775],[24.536892,42.115952],[24.534282,42.116082],[24.532378,42.116198],[24.530824,42.116287],[24.530718,42.116293],[24.528749,42.116627],[24.52627,42.117047],[24.523632,42.117494],[24.520941,42.11795],[24.518573,42.118339],[24.516322,42.118709],[24.51468,42.118966],[24.513889,42.11912],[24.511414,42.119543],[24.508552,42.120032],[24.505473,42.120526],[24.502725,42.120982],[24.500014,42.121434],[24.497275,42.121879],[24.494431,42.12235],[24.491345,42.122861],[24.488534,42.123327],[24.485637,42.123806],[24.482827,42.124272],[24.48001,42.124738],[24.477156,42.125211],[24.474247,42.125693],[24.471642,42.126159],[24.469514,42.126476],[24.466628,42.126954],[24.463833,42.127417],[24.461172,42.127857],[24.458578,42.128287],[24.450389,42.129643],[24.448108,42.130005],[24.445954,42.130368],[24.443091,42.131658],[24.439444,42.133297],[24.436673,42.13451]]}},{"type":"Feature","properties":{"osm_id":305106678,"voltage":"110000","circuits":"1","cables":"3","name":"","operator":"","ref":""},"geometry":{"type":"LineString","coordinates":[[24.684753,42.134493],[24.682789,42.136942],[24.680768,42.139687],[24.678824,42.142236],[24.677041,42.14461],[24.678268,42.146559],[24.679371,42.148351],[24.681298,42.151457],[24.682721,42.153733],[24.685539,42.155729],[24.688382,42.157721],[24.691089,42.159623],[24.693839,42.161565],[24.696512,42.163465],[24.699142,42.165317],[24.701899,42.167271],[24.704694,42.169207],[24.707359,42.171083],[24.710056,42.172989],[24.71205,42.174376],[24.713293,42.175262],[24.715276,42.176652],[24.71918,42.177519],[24.723032,42.178343],[24.726822,42.179169],[24.730572,42.179998],[24.734379,42.180826],[24.73712,42.181434],[24.739705,42.182286],[24.73989,42.182331]]}},{"type":"Feature","properties":{"osm_id":305678219,"voltage":"110000","circuits":"1","cables":"3","name":"","operator":"","ref":""},"geometry":{"type":"LineString","coordinates":[[24.871455,41.508445],[24.873441,41.511244],[24.873699,41.512009],[24.874883,41.516113],[24.878077,41.517992],[24.879646,41.518866],[24.881957,41.519643],[24.88592,41.521077],[24.89163,41.523152],[24.894609,41.525522],[24.897515,41.527837],[24.899199,41.529197],[24.901305,41.530888],[24.903544,41.532696],[24.908017,41.535273],[24.910877,41.536938],[24.914181,41.538832],[24.915398,41.538689],[24.918062,41.536995],[24.920277,41.533986],[24.924044,41.529087],[24.926387,41.526546],[24.926407,41.526358],[24.92678,41.525583],[24.928786,41.52139],[24.93131,41.516081],[24.932294,41.514034],[24.933381,41.511729]]}},{"type":"Feature","properties":{"osm_id":305678226,"voltage":"110000","circuits":"1","cables":"3","name":"","operator":"","ref":""},"geometry":{"type":"LineString","coordinates":[[24.755492,41.570699],[24.755405,41.571022],[24.753043,41.571256],[24.751039,41.571475],[24.745221,41.572195],[24.736599,41.573514],[24.731008,41.5762],[24.727659,41.577777],[24.726209,41.578527],[24.72451,41.579704],[24.720026,41.581125],[24.718227,41.58168],[24.716526,41.581436],[24.715579,41.581454],[24.713276,41.582315],[24.711583,41.582957],[24.70782,41.584353],[24.704873,41.585438],[24.70215,41.58645],[24.697249,41.588265],[24.695595,41.588872],[24.694005,41.589471],[24.691689,41.590368],[24.689641,41.591034],[24.688696,41.591368],[24.686815,41.592622],[24.683443,41.594771],[24.682146,41.595587],[24.680397,41.59607],[24.677046,41.596935],[24.673642,41.597786],[24.671769,41.598296],[24.669902,41.600719],[24.668339,41.602803],[24.666605,41.605101],[24.665369,41.606717],[24.663964,41.608652],[24.662186,41.61099],[24.661256,41.612396],[24.661525,41.61587],[24.661711,41.619519],[24.66093,41.621127],[24.660215,41.622486],[24.659271,41.624254],[24.658045,41.62657],[24.657038,41.628472],[24.655708,41.631007],[24.65495,41.632457],[24.654197,41.633963],[24.653338,41.635594],[24.652577,41.637038],[24.651956,41.638264],[24.651422,41.639264],[24.650554,41.641001],[24.649928,41.642096],[24.649287,41.643318],[24.6487,41.644812],[24.648108,41.646284],[24.647643,41.646795],[24.647211,41.64761],[24.646235,41.649299],[24.644366,41.652769],[24.643404,41.654636],[24.642933,41.655584],[24.642789,41.656469],[24.642377,41.659588],[24.642154,41.661188],[24.64182,41.663515],[24.641678,41.664563],[24.641561,41.665441],[24.64069,41.666005],[24.63792,41.667965],[24.636177,41.669204],[24.635251,41.669869],[24.634107,41.670638],[24.633555,41.671026],[24.630992,41.672826],[24.629848,41.673575],[24.627985,41.674913],[24.625196,41.675755],[24.620367,41.677255],[24.616878,41.676928],[24.608792,41.676162],[24.603556,41.675717],[24.602198,41.6757],[24.598136,41.675739],[24.595501,41.676714],[24.592992,41.677664],[24.590477,41.678636],[24.587406,41.679799],[24.583923,41.681109],[24.581849,41.681905],[24.580176,41.682534],[24.577077,41.683727],[24.576544,41.683941],[24.575456,41.684361],[24.570993,41.686046],[24.568229,41.687139],[24.562773,41.686942],[24.557874,41.68703],[24.55038,41.68691],[24.545575,41.689305],[24.544056,41.690104],[24.542423,41.690922],[24.536309,41.693931],[24.532417,41.695965],[24.532328,41.695983],[24.524886,41.694198],[24.518165,41.696783],[24.5175,41.697039],[24.515471,41.697855],[24.51381,41.69853],[24.51032,41.702332],[24.508844,41.703916],[24.506278,41.704466],[24.503864,41.70501],[24.498366,41.706143],[24.495885,41.706715],[24.492817,41.707426],[24.490565,41.70796],[24.485125,41.709231],[24.48278,41.709601],[24.479401,41.710278],[24.478054,41.710656],[24.475189,41.711223],[24.472757,41.711511],[24.468197,41.712132],[24.464978,41.711914],[24.461529,41.712138],[24.457004,41.712448],[24.454402,41.712557],[24.452541,41.712737],[24.449379,41.712917],[24.445943,41.713135],[24.443199,41.714285],[24.439572,41.716595],[24.436225,41.718783],[24.432344,41.719126],[24.429546,41.720089],[24.427945,41.720126],[24.426086,41.720475],[24.425275,41.720602]]}},{"type":"Feature","properties":{"osm_id":305678228,"voltage":"110000","circuits":"1","cables":"3","name":"","operator":"","ref":""},"geometry":{"type":"LineString","coordinates":[[24.75572,41.570717],[24.755691,41.571016],[24.757317,41.571882],[24.759813,41.572971],[24.762237,41.574043],[24.765892,41.575647],[24.767925,41.576572],[24.768912,41.576989],[24.771302,41.578003],[24.770909,41.57845],[24.768676,41.580535],[24.766979,41.58209],[24.766667,41.584461],[24.766521,41.585446],[24.766361,41.586735],[24.765432,41.588637],[24.764311,41.59101],[24.763278,41.592925],[24.764621,41.59586]]}},{"type":"Feature","properties":{"osm_id":305678232,"voltage":"110000","circuits":"1","cables":"3","name":"","operator":"","ref":""},"geometry":{"type":"LineString","coordinates":[[24.871117,41.508613],[24.873112,41.511345],[24.874454,41.516175],[24.877837,41.51821],[24.879442,41.519108],[24.881523,41.519813],[24.885875,41.521366],[24.891388,41.523338],[24.894354,41.525767],[24.896974,41.528021],[24.898609,41.529379],[24.900916,41.531173],[24.903278,41.532959],[24.90722,41.535142],[24.908234,41.535712],[24.909176,41.536665],[24.908737,41.539455],[24.90538,41.539842],[24.903692,41.540043],[24.901784,41.541129],[24.89833,41.54305],[24.895707,41.544528],[24.891534,41.54686],[24.887478,41.549148],[24.885909,41.550036],[24.881057,41.552772],[24.879766,41.553493],[24.876814,41.555854],[24.875825,41.556423],[24.874747,41.55724],[24.869618,41.561504],[24.867382,41.562318],[24.861042,41.56459],[24.854425,41.5641],[24.851148,41.563864],[24.845208,41.563423],[24.841231,41.564924],[24.838346,41.566487],[24.835791,41.567842],[24.834065,41.568734],[24.828351,41.568095],[24.825949,41.56783],[24.821039,41.568804],[24.816513,41.569754],[24.810571,41.570987],[24.806982,41.571696],[24.80011,41.573058],[24.793459,41.574738],[24.78866,41.575947],[24.787606,41.576286],[24.785194,41.577059],[24.783111,41.577774],[24.780592,41.578634],[24.77828,41.579342],[24.776559,41.579329],[24.774593,41.579312],[24.771936,41.579181],[24.771586,41.577926],[24.769202,41.576892],[24.767123,41.575966],[24.765906,41.575406],[24.762128,41.573754],[24.760027,41.572831],[24.757686,41.571823],[24.755826,41.571004],[24.7559,41.570731]]}},{"type":"Feature","properties":{"osm_id":305688640,"voltage":"110000","circuits":"1","cables":"3","name":"","operator":"","ref":""},"geometry":{"type":"LineString","coordinates":[[24.871117,41.508613],[24.867446,41.503556],[24.864506,41.499438],[24.860748,41.496484],[24.860407,41.494332],[24.85969,41.490117],[24.859435,41.488177],[24.858142,41.484551],[24.858362,41.483312],[24.858672,41.481462],[24.856031,41.479207],[24.855008,41.47848],[24.854646,41.478042]]}},{"type":"Feature","properties":{"osm_id":305688641,"voltage":"110000","circuits":"1","cables":"3","name":"","operator":"","ref":""},"geometry":{"type":"LineString","coordinates":[[24.854734,41.477998],[24.855062,41.478345],[24.856156,41.479002],[24.859261,41.481555],[24.85884,41.483033],[24.858489,41.484283],[24.860524,41.48747],[24.861316,41.488682],[24.861078,41.491714],[24.86116,41.493258],[24.861111,41.494387],[24.860937,41.496331],[24.864828,41.499277],[24.86786,41.503507],[24.871455,41.508445]]}},{"type":"Feature","properties":{"osm_id":305823721,"voltage":"110000","circuits":"1","cables":"3","name":"","operator":"","ref":""},"geometry":{"type":"LineString","coordinates":[[24.310968,42.027381],[24.310908,42.027178],[24.310428,42.026198],[24.314418,42.025255],[24.319446,42.027275],[24.319857,42.02752],[24.322666,42.028389],[24.324846,42.030891],[24.324254,42.03305],[24.323554,42.03552],[24.322998,42.037481],[24.322563,42.039104],[24.320395,42.040046],[24.316688,42.041656],[24.314206,42.042776],[24.3096,42.043064],[24.306973,42.043232],[24.303271,42.043787],[24.303251,42.043243]]}},{"type":"Feature","properties":{"osm_id":305841342,"voltage":"110000","circuits":"2","cables":"6","name":"","operator":"","ref":""},"geometry":{"type":"LineString","coordinates":[[24.35227,42.172121],[24.354315,42.169618],[24.356668,42.166839],[24.357361,42.164556],[24.353818,42.163383],[24.350015,42.162098],[24.347203,42.161088],[24.345221,42.160461],[24.343117,42.159705],[24.339937,42.158592],[24.336614,42.157558],[24.333514,42.156528],[24.330317,42.155433],[24.327722,42.153797],[24.325106,42.152043],[24.321867,42.149892],[24.319381,42.148337],[24.317334,42.148022],[24.316033,42.149333],[24.316892,42.150163]]}},{"type":"Feature","properties":{"osm_id":305948268,"voltage":"110000","circuits":"1","cables":"3","name":"","operator":"","ref":""},"geometry":{"type":"LineString","coordinates":[[24.297417,43.281898],[24.297261,43.282945],[24.294791,43.285361],[24.29339,43.286764],[24.29138,43.288752],[24.289975,43.290175],[24.288324,43.291801],[24.286982,43.293132],[24.285504,43.294624],[24.283743,43.296364],[24.283329,43.296776],[24.282153,43.297963],[24.280574,43.299539],[24.277597,43.302459],[24.27666,43.30385],[24.276535,43.304063]]}},{"type":"Feature","properties":{"osm_id":305950590,"voltage":"110000","circuits":"1","cables":"3","name":"","operator":"","ref":""},"geometry":{"type":"LineString","coordinates":[[24.16234,43.263768],[24.161556,43.264014],[24.159254,43.265321],[24.155915,43.264911],[24.152793,43.264508],[24.149581,43.264088],[24.146909,43.26374],[24.14388,43.263356],[24.140139,43.262872],[24.137758,43.262575],[24.134587,43.26216],[24.13127,43.261712],[24.128635,43.261382],[24.125701,43.260998],[24.123344,43.262304],[24.123367,43.264431],[24.123379,43.265445],[24.1262,43.267243],[24.128234,43.268527],[24.131597,43.270647],[24.134545,43.272561],[24.135046,43.272887]]}},{"type":"Feature","properties":{"osm_id":305950591,"voltage":"110000","circuits":"1","cables":"3","name":"","operator":"","ref":""},"geometry":{"type":"LineString","coordinates":[[24.16266,43.264106],[24.162022,43.264554],[24.161238,43.265739],[24.161401,43.267427],[24.161575,43.269007],[24.16169,43.271103],[24.161887,43.273184],[24.162096,43.275494],[24.162311,43.277905],[24.162538,43.280197],[24.162747,43.282456],[24.162834,43.283788],[24.162881,43.284926],[24.160673,43.287286],[24.159308,43.288745],[24.158163,43.289997],[24.15617,43.292183],[24.155287,43.293147],[24.154259,43.294243],[24.152963,43.295655],[24.151946,43.296788],[24.150778,43.298044],[24.149628,43.299342],[24.14839,43.30064],[24.149489,43.30234]]}},{"type":"Feature","properties":{"osm_id":305950592,"voltage":"110000","circuits":"1","cables":"3","name":"","operator":"","ref":""},"geometry":{"type":"LineString","coordinates":[[24.162459,43.263895],[24.161638,43.264113],[24.159754,43.265561],[24.159812,43.267262],[24.15993,43.269167],[24.160007,43.271095],[24.160132,43.273125],[24.160261,43.275164],[24.160372,43.277226],[24.16045,43.279259],[24.160572,43.28145],[24.160728,43.283289],[24.160677,43.285621],[24.159659,43.286705],[24.158539,43.287926],[24.157442,43.289122],[24.156459,43.290173],[24.154759,43.29204],[24.153786,43.293103],[24.152962,43.294018],[24.151457,43.295614],[24.150341,43.296853],[24.147947,43.299509],[24.146704,43.300777],[24.145577,43.301987]]}},{"type":"Feature","properties":{"osm_id":305969557,"voltage":"110000","circuits":"1","cables":"3","name":"","operator":"","ref":""},"geometry":{"type":"LineString","coordinates":[[23.5898,43.229971],[23.585653,43.228358],[23.583624,43.227526],[23.581787,43.226771],[23.580211,43.226253],[23.576342,43.225309],[23.572802,43.224422],[23.569511,43.223615],[23.566491,43.222858],[23.56523,43.222344]]}},{"type":"Feature","properties":{"osm_id":305969560,"voltage":"110000","circuits":"2","cables":"6","name":"","operator":"","ref":""},"geometry":{"type":"LineString","coordinates":[[23.609862,43.205145],[23.60771,43.204461],[23.605835,43.203861],[23.603158,43.20299],[23.601822,43.202553],[23.598874,43.201607],[23.598118,43.20136],[23.5961,43.200701],[23.593657,43.199911],[23.589056,43.198446],[23.58644,43.197648],[23.584801,43.196427]]}},{"type":"Feature","properties":{"osm_id":305969562,"voltage":"110000","circuits":"1","cables":"3","name":"","operator":"","ref":""},"geometry":{"type":"LineString","coordinates":[[23.693971,43.142855],[23.694144,43.143243],[23.695552,43.14529],[23.697218,43.14592],[23.698403,43.146852],[23.699669,43.147838],[23.702491,43.148538],[23.705296,43.14918],[23.707785,43.149767],[23.71043,43.150382],[23.712941,43.150996],[23.715966,43.151705],[23.718761,43.152409],[23.723782,43.153563],[23.726679,43.154264],[23.729511,43.154921],[23.732236,43.155579],[23.735167,43.156276],[23.737876,43.156914],[23.740179,43.15745],[23.743249,43.158185],[23.746481,43.158941],[23.749696,43.159708],[23.752102,43.160282],[23.75474,43.160922],[23.757446,43.16157],[23.759757,43.16211],[23.762398,43.162735],[23.765071,43.163364],[23.766472,43.163693],[23.767569,43.163962],[23.770014,43.164543],[23.772417,43.165094],[23.77501,43.165704],[23.778225,43.166484],[23.781318,43.167205],[23.784265,43.167942],[23.787293,43.168682],[23.790058,43.169306],[23.792724,43.169906],[23.795343,43.170524],[23.797877,43.171133],[23.800523,43.171738],[23.803131,43.172372],[23.806421,43.173166],[23.809483,43.173887],[23.812088,43.174498],[23.814858,43.175177],[23.817838,43.175877],[23.823213,43.177128],[23.826228,43.177837],[23.829226,43.178546],[23.835216,43.179984],[23.838026,43.180651],[23.840479,43.181231],[23.842921,43.181786],[23.845679,43.182448],[23.84808,43.183028],[23.85094,43.184097],[23.855104,43.185703],[23.857354,43.186558],[23.859897,43.187535],[23.862398,43.188521],[23.864941,43.189507],[23.867259,43.190437],[23.870283,43.191617],[23.872976,43.19267],[23.875944,43.193831],[23.878756,43.194934],[23.881643,43.19605],[23.884611,43.197161],[23.890491,43.19942],[23.893346,43.200513],[23.896041,43.201579],[23.898666,43.202598],[23.90113,43.203562],[23.903378,43.204432],[23.905862,43.205382],[23.908314,43.206326],[23.910919,43.207336],[23.913633,43.208337],[23.916097,43.209304],[23.918714,43.210298],[23.921206,43.211297],[23.923771,43.212291],[23.926576,43.213385],[23.929467,43.214479],[23.932475,43.215639],[23.934733,43.216514],[23.937302,43.217517],[23.939905,43.218507],[23.942455,43.219519],[23.945222,43.220598],[23.948163,43.221706],[23.950443,43.222619],[23.954085,43.224016],[23.957298,43.22523],[23.958399,43.225667],[23.960784,43.226618],[23.963271,43.227576],[23.965281,43.228331],[23.969356,43.22991],[23.97156,43.231271],[23.973507,43.232514],[23.975776,43.233988],[23.978114,43.235413],[23.980283,43.236747],[23.982607,43.238206],[23.985098,43.239746],[23.987614,43.241322],[23.990085,43.242854],[23.992535,43.244412],[23.995041,43.245955],[23.997275,43.247381],[23.999388,43.248704],[24.001567,43.250053],[24.003977,43.251581],[24.005907,43.252804],[24.008442,43.254314],[24.010478,43.255594],[24.012396,43.256841],[24.015857,43.259047],[24.017374,43.25998],[24.019482,43.261298],[24.021546,43.262627],[24.02368,43.263928],[24.025319,43.264965],[24.02689,43.266078],[24.029066,43.267628],[24.031268,43.269174],[24.032883,43.270331],[24.034804,43.271727],[24.036369,43.272877],[24.038259,43.274177],[24.039858,43.275313],[24.041509,43.276499],[24.042678,43.277314],[24.04383,43.278141],[24.046198,43.279826],[24.048278,43.281332],[24.049457,43.282179],[24.050408,43.282874],[24.052395,43.284292],[24.054416,43.285752],[24.056588,43.287296],[24.058634,43.28877],[24.06076,43.290276],[24.062857,43.291802],[24.064282,43.292818],[24.065073,43.293394],[24.067199,43.294912],[24.069645,43.29663],[24.071473,43.296901],[24.072154,43.297048]]}},{"type":"Feature","properties":{"osm_id":305969570,"voltage":"110000","circuits":"1","cables":"3","name":"","operator":"","ref":""},"geometry":{"type":"LineString","coordinates":[[23.835584,43.680894],[23.836132,43.680473],[23.83692,43.679424],[23.837587,43.678522],[23.837188,43.677896],[23.836023,43.676083]]}},{"type":"Feature","properties":{"osm_id":305969575,"voltage":"110000","circuits":"1","cables":"6","name":"Лавров","operator":"Електроенергиен системен оператор","ref":""},"geometry":{"type":"LineString","coordinates":[[24.571311,43.434992],[24.570789,43.432046],[24.57147,43.43039],[24.57199,43.429167],[24.572951,43.426884],[24.571079,43.42441],[24.569753,43.422665],[24.568359,43.420884],[24.567044,43.419002],[24.567742,43.417194],[24.568756,43.414389],[24.564341,43.41269],[24.561701,43.410944],[24.558118,43.410324],[24.554443,43.409646],[24.551429,43.409159],[24.546831,43.408356],[24.543473,43.407787],[24.540094,43.407296],[24.537165,43.406758],[24.534509,43.40624],[24.531403,43.405749],[24.528394,43.405188],[24.525824,43.404759],[24.522321,43.40421],[24.518743,43.403543],[24.516302,43.401489],[24.513972,43.399451],[24.513052,43.39869],[24.511576,43.397431],[24.510128,43.396001],[24.50846,43.39429],[24.50637,43.392205],[24.504624,43.390458],[24.503331,43.389195],[24.503058,43.388902],[24.501258,43.38709],[24.499399,43.38523],[24.497463,43.383304],[24.495596,43.381413],[24.493729,43.379499],[24.491975,43.377756],[24.489979,43.375764],[24.487743,43.373519],[24.483602,43.373214],[24.481198,43.373047],[24.477765,43.372801],[24.474919,43.372609],[24.471837,43.372396],[24.468758,43.372185],[24.465432,43.371939],[24.462808,43.371751],[24.459456,43.371514],[24.456747,43.371869],[24.454156,43.372173],[24.451742,43.372454],[24.449124,43.372789],[24.446217,43.373144],[24.44349,43.373433]]}},{"type":"Feature","properties":{"osm_id":305969576,"voltage":"110000","circuits":"1","cables":"3","name":"","operator":"","ref":""},"geometry":{"type":"LineString","coordinates":[[24.073017,43.2968],[24.073874,43.297009],[24.077219,43.296264],[24.079865,43.295674],[24.082906,43.295],[24.085927,43.294349],[24.087484,43.294005],[24.088654,43.293753],[24.091827,43.29307],[24.094952,43.292781],[24.098164,43.292472],[24.099335,43.291413],[24.101198,43.291003],[24.103903,43.290405],[24.106609,43.288963],[24.108992,43.287705],[24.111295,43.286457],[24.112644,43.285722],[24.1135,43.285275],[24.11592,43.283969],[24.118317,43.282703],[24.120056,43.2818],[24.119376,43.279915],[24.118789,43.278613],[24.118427,43.277323],[24.119463,43.275622],[24.12129,43.272802],[24.1234,43.269478],[24.126516,43.269492],[24.130072,43.270912],[24.133453,43.272335],[24.134762,43.272845],[24.13474,43.272981]]}},{"type":"Feature","properties":{"osm_id":305969584,"voltage":"110000","circuits":"2","cables":"6","name":"","operator":"","ref":""},"geometry":{"type":"LineString","coordinates":[[23.693507,43.143256],[23.692627,43.144311],[23.691563,43.145612],[23.690559,43.146817],[23.688689,43.147974],[23.686411,43.149386],[23.684536,43.150534],[23.682267,43.151924],[23.679943,43.153397],[23.677718,43.154751],[23.675516,43.156115],[23.673263,43.157513],[23.671042,43.158884],[23.66871,43.160344],[23.66641,43.161769],[23.664119,43.163259],[23.661913,43.164623],[23.659496,43.166093],[23.657294,43.167456],[23.654971,43.168864],[23.652676,43.170286],[23.650441,43.171643],[23.648361,43.172942],[23.646226,43.174271],[23.644195,43.175535],[23.642286,43.176735],[23.640172,43.178045],[23.637995,43.179394],[23.635852,43.180694],[23.633689,43.182071],[23.631649,43.183335],[23.629847,43.184463],[23.627397,43.185958],[23.62499,43.187432],[23.622998,43.188667],[23.621792,43.19017],[23.620584,43.191659],[23.619391,43.193182],[23.617968,43.19496],[23.616327,43.196991],[23.615072,43.198602],[23.613816,43.200155],[23.612441,43.201894],[23.611263,43.203394],[23.609862,43.205145]]}},{"type":"Feature","properties":{"osm_id":305969593,"voltage":"110000","circuits":"1","cables":"3","name":"Мизия - Оряхово","operator":"","ref":""},"geometry":{"type":"LineString","coordinates":[[23.835849,43.681179],[23.836332,43.68086],[23.838057,43.679978],[23.840191,43.678811],[23.843401,43.677152],[23.848023,43.674757],[23.849992,43.673755],[23.853309,43.67267],[23.856037,43.671756],[23.860578,43.67175],[23.863036,43.673467],[23.864478,43.674497],[23.866359,43.675837],[23.868537,43.677337],[23.871104,43.677822],[23.873518,43.679528],[23.875819,43.681149],[23.87821,43.682849],[23.880301,43.68432],[23.882977,43.686297],[23.884625,43.687503],[23.886327,43.688722],[23.88791,43.689911],[23.889437,43.691047],[23.891343,43.692455],[23.892842,43.693489],[23.894633,43.694785],[23.89627,43.696005],[23.898016,43.697284],[23.899617,43.698471],[23.901338,43.699724],[23.902951,43.70093],[23.904558,43.702078],[23.906285,43.703336],[23.907886,43.704519],[23.909481,43.705728],[23.911112,43.706942],[23.912857,43.708199],[23.914404,43.709374],[23.916185,43.710683],[23.917582,43.71168],[23.919279,43.712889],[23.921345,43.714408],[23.92284,43.715529],[23.924777,43.716995],[23.926131,43.717947],[23.927706,43.719099],[23.929464,43.720409],[23.932148,43.720281],[23.934636,43.720157],[23.937388,43.720006],[23.93984,43.719887],[23.942579,43.719772],[23.945491,43.719623],[23.948274,43.719512],[23.950835,43.719394],[23.952867,43.719286],[23.955428,43.719169],[23.958138,43.719048],[23.959414,43.720464],[23.960835,43.721981],[23.962174,43.723459],[23.962595,43.72391],[23.963042,43.724084]]}},{"type":"Feature","properties":{"osm_id":305969595,"voltage":"110000","circuits":"1","cables":"3","name":"Червен Бряг - Койнаре","operator":"","ref":""},"geometry":{"type":"LineString","coordinates":[[24.072672,43.29736],[24.073467,43.297691],[24.074414,43.299959],[24.074519,43.300202],[24.07519,43.301764],[24.076042,43.30376],[24.077125,43.306229],[24.078193,43.308727],[24.076928,43.310446],[24.076253,43.31141],[24.077843,43.314393],[24.079125,43.316858],[24.080032,43.318563],[24.08171,43.318971],[24.082568,43.319188],[24.0843,43.321955],[24.086099,43.3248],[24.08784,43.327601],[24.089372,43.330066],[24.090921,43.332479],[24.092462,43.334947],[24.094005,43.337436],[24.09539,43.339663],[24.096325,43.341128],[24.096847,43.341969],[24.098052,43.343915],[24.099644,43.346485],[24.103219,43.348483],[24.106772,43.350437],[24.110246,43.352318],[24.113647,43.354216],[24.117212,43.356171],[24.120739,43.358104],[24.124035,43.360077],[24.127242,43.361999],[24.130332,43.363925],[24.132957,43.365529],[24.133082,43.365501]]}},{"type":"Feature","properties":{"osm_id":305969596,"voltage":"110000","circuits":"1","cables":"3","name":"Червен Бряг - Мизия","operator":"","ref":""},"geometry":{"type":"LineString","coordinates":[[24.072082,43.29719],[24.071683,43.297239],[24.071312,43.298587],[24.07093,43.299959],[24.070525,43.301291],[24.067478,43.30532],[24.06609,43.30715],[24.064687,43.308939],[24.063341,43.310716],[24.061922,43.312618],[24.060629,43.314351],[24.059347,43.316097],[24.058205,43.317642],[24.057014,43.319173],[24.055787,43.320772],[24.054531,43.322383],[24.053299,43.323962],[24.051889,43.326118],[24.050669,43.328015],[24.049365,43.330017],[24.048147,43.33191],[24.047162,43.333438],[24.04597,43.335276],[24.045153,43.336509],[24.044246,43.337861],[24.043276,43.339366],[24.041793,43.341682],[24.04114,43.342681],[24.039765,43.344786],[24.038625,43.346511],[24.03746,43.348349],[24.036266,43.350142],[24.035056,43.352013],[24.033922,43.353717],[24.032712,43.355533],[24.031556,43.357292],[24.0303,43.359269],[24.029036,43.361157],[24.027849,43.363005],[24.026516,43.365071],[24.025161,43.367148],[24.024127,43.368695],[24.023116,43.37026],[24.022151,43.371791],[24.021254,43.373334],[24.020296,43.375027],[24.019202,43.377185],[24.018151,43.379208],[24.017122,43.381221],[24.016156,43.383177],[24.015162,43.385097],[24.014104,43.387135],[24.013039,43.38922],[24.012059,43.391222],[24.011029,43.393261],[24.010092,43.395098],[24.009055,43.397089],[24.007975,43.399194],[24.00701,43.401088],[24.006065,43.40293],[24.004922,43.405174],[24.003985,43.40699],[24.003012,43.408961],[24.001876,43.411215],[24.000903,43.413096],[23.999962,43.414991],[23.998876,43.417085],[23.997752,43.419235],[23.996842,43.421084],[23.995825,43.423139],[23.994823,43.425111],[23.993898,43.426922],[23.992934,43.428838],[23.991955,43.430826],[23.991061,43.432559],[23.989936,43.434752],[23.989003,43.436551],[23.987963,43.438562],[23.986992,43.440472],[23.985898,43.442603],[23.98488,43.444564],[23.983869,43.446618],[23.982837,43.448614],[23.981847,43.450609],[23.980815,43.452594],[23.979838,43.454585],[23.978969,43.45624],[23.978196,43.457806],[23.976669,43.460905],[23.975847,43.462575],[23.974958,43.464323],[23.974151,43.465924],[23.973289,43.467633],[23.972414,43.469411],[23.971606,43.470943],[23.970785,43.472593],[23.970052,43.474085],[23.969434,43.475282],[23.968586,43.477045],[23.966252,43.481809],[23.965435,43.48339],[23.964584,43.485045],[23.963784,43.486656],[23.963048,43.488243],[23.962323,43.489766],[23.962084,43.490279],[23.9581,43.489712],[23.953438,43.489012],[23.948921,43.488362],[23.945161,43.487813],[23.940582,43.487139],[23.936667,43.486581],[23.933071,43.486056],[23.928693,43.485461],[23.924523,43.484904],[23.923417,43.483954],[23.92298,43.483762]]}},{"type":"Feature","properties":{"osm_id":305969597,"voltage":"110000","circuits":"1","cables":"3","name":"Червен Бряг - Плевен","operator":"","ref":""},"geometry":{"type":"LineString","coordinates":[[24.48258,43.394713],[24.480142,43.393365],[24.47773,43.392058],[24.475367,43.390787],[24.473035,43.389511],[24.470684,43.388279],[24.468339,43.38703],[24.466352,43.3859],[24.46413,43.384687],[24.461978,43.383499],[24.459633,43.382231],[24.457417,43.381005],[24.455143,43.379762],[24.453316,43.37879],[24.450791,43.377436],[24.448396,43.376115],[24.445954,43.37479],[24.44349,43.373433],[24.441555,43.372368],[24.439045,43.370992],[24.437055,43.369908],[24.434608,43.36859],[24.43242,43.367428],[24.42992,43.366035],[24.427833,43.364877],[24.425558,43.363648],[24.423542,43.362564],[24.421181,43.361285],[24.418735,43.359951],[24.416525,43.358715],[24.413993,43.357294],[24.411997,43.356281],[24.409519,43.354924],[24.407497,43.353867],[24.405045,43.352903],[24.402862,43.352068],[24.400528,43.351179],[24.398074,43.350273],[24.395368,43.34924],[24.39283,43.348277],[24.390207,43.347259],[24.387632,43.346272],[24.384869,43.34525],[24.382413,43.344337],[24.379757,43.343315],[24.377204,43.342359],[24.374623,43.341348],[24.37215,43.340412],[24.369382,43.339339],[24.366765,43.338321],[24.363964,43.337271],[24.3614,43.336329],[24.358997,43.33541],[24.356467,43.334442],[24.354024,43.33351],[24.351854,43.332717],[24.349234,43.331688],[24.346605,43.330677],[24.343928,43.32969],[24.341667,43.32885],[24.339229,43.327914],[24.336186,43.326739],[24.333698,43.325772],[24.331333,43.324874],[24.328865,43.323938],[24.326466,43.323031],[24.324107,43.322096],[24.322299,43.321444],[24.319558,43.320374],[24.317058,43.319453],[24.314419,43.318474],[24.311811,43.317428],[24.309172,43.316499],[24.306576,43.31548],[24.303963,43.314458],[24.301442,43.313482],[24.298583,43.31242],[24.296273,43.311506],[24.29383,43.310578],[24.291437,43.309696],[24.288728,43.308673],[24.286443,43.307791],[24.284099,43.306866],[24.281562,43.305925],[24.278911,43.30489],[24.276535,43.304063]]}},{"type":"Feature","properties":{"osm_id":309186561,"voltage":"110000","circuits":"1","cables":"3","name":"","operator":"","ref":""},"geometry":{"type":"LineString","coordinates":[[25.280019,42.880242],[25.278205,42.879732],[25.276078,42.879099],[25.273917,42.878451],[25.271717,42.877838],[25.26888,42.876952],[25.267483,42.876875],[25.265654,42.876829],[25.262874,42.876639],[25.260749,42.876524],[25.259122,42.876436],[25.255531,42.876188],[25.251976,42.875966],[25.250194,42.875855],[25.247784,42.875709],[25.245018,42.87553],[25.242752,42.875388],[25.239589,42.875204],[25.236634,42.875007],[25.234306,42.874865],[25.230052,42.874598],[25.227814,42.874461],[25.225269,42.874289],[25.223022,42.87414],[25.220267,42.873975],[25.217402,42.873799],[25.214849,42.874557],[25.212125,42.875372],[25.210301,42.875847],[25.208961,42.87585],[25.204391,42.875882],[25.201308,42.875886],[25.198495,42.875921],[25.195561,42.875935],[25.192354,42.875956],[25.188901,42.875973],[25.186298,42.874752],[25.184837,42.874059],[25.182762,42.873075],[25.180434,42.871998],[25.177884,42.870769],[25.176564,42.870184],[25.174529,42.86998],[25.172899,42.869824],[25.170745,42.869617],[25.166009,42.869147],[25.163807,42.868945],[25.158953,42.868467],[25.156082,42.868174],[25.152352,42.867819],[25.146768,42.867274],[25.143844,42.866753],[25.140761,42.8662],[25.139172,42.865894],[25.133598,42.864874],[25.1321,42.864599],[25.127361,42.863751],[25.122785,42.862924],[25.121081,42.862741],[25.118954,42.862495],[25.11596,42.8622],[25.113466,42.861976],[25.110955,42.86172],[25.107407,42.861378],[25.105489,42.861181],[25.10308,42.860945],[25.101176,42.860709],[25.098904,42.860519],[25.097094,42.86032],[25.09463,42.860071],[25.09203,42.859809],[25.090726,42.859695],[25.087057,42.859286],[25.084933,42.859085],[25.082588,42.858863],[25.080469,42.858645],[25.076167,42.858193],[25.074185,42.857975],[25.071366,42.857666],[25.069354,42.85743],[25.066602,42.857155],[25.064591,42.856919],[25.062493,42.856699],[25.060374,42.856466],[25.058164,42.856211],[25.056603,42.855578],[25.054613,42.854795],[25.052369,42.853885],[25.050421,42.8531],[25.048125,42.852171],[25.045207,42.850991],[25.042243,42.849794],[25.039893,42.848837],[25.037503,42.848975],[25.034226,42.849152],[25.031438,42.849312],[25.028523,42.849474],[25.026051,42.849612],[25.023258,42.849739],[25.020798,42.849873],[25.017212,42.850061],[25.0154,42.850183],[25.01273,42.849492],[25.010676,42.848974],[25.003056,42.847066],[24.999794,42.846246],[24.997518,42.845681],[24.994885,42.845003],[24.993011,42.844499],[24.990166,42.843731],[24.98754,42.843119],[24.986002,42.842741],[24.982928,42.841998],[24.98045,42.841387],[24.977165,42.841037],[24.974559,42.840813],[24.971369,42.840497],[24.968746,42.840248],[24.966421,42.840027],[24.963698,42.83974],[24.961856,42.839573],[24.959035,42.839334],[24.955305,42.838958],[24.954477,42.8391],[24.950625,42.839718],[24.947473,42.84026],[24.945712,42.84055],[24.942512,42.841021],[24.937589,42.841786],[24.932482,42.842585],[24.928469,42.843268],[24.926348,42.843795],[24.923566,42.844447],[24.921251,42.844989],[24.92001,42.845277],[24.915599,42.846372],[24.911047,42.847439],[24.908789,42.847965],[24.905828,42.848692],[24.903299,42.849255],[24.901272,42.84973],[24.894102,42.851445],[24.891431,42.852086],[24.886696,42.853224],[24.883971,42.853926],[24.881883,42.854466],[24.879009,42.855663],[24.877577,42.856255],[24.875933,42.856964],[24.874433,42.85758],[24.87277,42.858257],[24.871328,42.858898],[24.866309,42.860991],[24.864824,42.861625],[24.863094,42.862344],[24.860968,42.86326],[24.859653,42.86382],[24.855564,42.865502],[24.851692,42.867124],[24.849935,42.867836],[24.848667,42.868354],[24.84845,42.868451],[24.845782,42.86955],[24.844524,42.870294],[24.842848,42.871281],[24.840594,42.872603],[24.838418,42.873904],[24.836863,42.874908],[24.835001,42.876061],[24.833501,42.877032],[24.828881,42.879733],[24.825668,42.881606],[24.823644,42.88287],[24.822274,42.883468],[24.820021,42.884413],[24.817794,42.885334],[24.815261,42.886407],[24.812196,42.887544],[24.811307,42.887896],[24.810287,42.888328],[24.807281,42.889605],[24.804669,42.89072],[24.802071,42.891481],[24.791816,42.893951],[24.789563,42.894537],[24.786187,42.89536],[24.781249,42.896593],[24.778006,42.897408],[24.775092,42.898144],[24.770472,42.89931],[24.766046,42.898984],[24.761751,42.898604],[24.758009,42.898282],[24.755989,42.898125],[24.753252,42.897907],[24.749389,42.898525],[24.746498,42.898981],[24.74303,42.899541],[24.739929,42.900029],[24.735623,42.900721],[24.73378,42.902001],[24.731617,42.902127],[24.728043,42.902307],[24.726749,42.902385],[24.723462,42.902584],[24.720557,42.902726],[24.717573,42.902812],[24.7157,42.903467],[24.71532,42.90351]]}},{"type":"Feature","properties":{"osm_id":309186576,"voltage":"110000","circuits":"2","cables":"6","name":"Троян Север - Юг","operator":"","ref":""},"geometry":{"type":"LineString","coordinates":[[24.714129,42.903956],[24.712123,42.90219],[24.708343,42.900563],[24.705016,42.899137],[24.70244,42.898037],[24.69786,42.896092],[24.696993,42.895706],[24.697031,42.893481],[24.697032,42.891208],[24.697051,42.889209],[24.697123,42.885745],[24.697131,42.883623],[24.697117,42.88262],[24.697114,42.881777],[24.697122,42.879672],[24.697124,42.879281],[24.699153,42.878539],[24.701719,42.877628],[24.70274,42.877262],[24.703744,42.876905],[24.706204,42.876038]]}},{"type":"Feature","properties":{"osm_id":309196161,"voltage":"110000","circuits":"1","cables":"3","name":"","operator":"","ref":""},"geometry":{"type":"LineString","coordinates":[[24.698748,43.145916],[24.698674,43.146418],[24.698733,43.148167],[24.69881,43.150504],[24.698897,43.153324],[24.698916,43.153633],[24.698988,43.155997],[24.699084,43.159],[24.699219,43.163903]]}},{"type":"Feature","properties":{"osm_id":314890801,"voltage":"110000","circuits":"2","cables":"6","name":"","operator":"","ref":""},"geometry":{"type":"LineString","coordinates":[[26.651652,43.756651],[26.648273,43.756437],[26.645235,43.756322],[26.638771,43.756036],[26.635629,43.755868],[26.631899,43.755699],[26.628181,43.755531],[26.625087,43.755361],[26.621531,43.755167],[26.621172,43.752335],[26.620957,43.750421],[26.620689,43.7477],[26.620388,43.745003],[26.620163,43.742639],[26.619906,43.740205]]}},{"type":"Feature","properties":{"osm_id":314892571,"voltage":"110000","circuits":"1","cables":"3","name":"","operator":"","ref":""},"geometry":{"type":"LineString","coordinates":[[26.619906,43.740205],[26.616848,43.740361],[26.614366,43.740516],[26.611963,43.740671],[26.607071,43.740981],[26.605025,43.741105],[26.602286,43.741244],[26.599518,43.741415],[26.598083,43.742639],[26.596417,43.744035],[26.595111,43.745267],[26.593867,43.746336],[26.592136,43.747848],[26.590165,43.749591],[26.588524,43.750994],[26.587183,43.752118],[26.585874,43.753249],[26.584243,43.75466],[26.582526,43.756155],[26.580724,43.757728],[26.578922,43.759286],[26.577312,43.760704],[26.575796,43.76206],[26.574147,43.763455],[26.572173,43.765198],[26.570864,43.766344],[26.570092,43.767034],[26.56845,43.767204],[26.566734,43.767383],[26.563815,43.767654],[26.562335,43.767801],[26.560371,43.768003],[26.557507,43.76832],[26.55608,43.76846],[26.553677,43.768708],[26.551145,43.769041],[26.548613,43.769234],[26.545855,43.769521],[26.543538,43.769777],[26.540609,43.770094],[26.537626,43.770366],[26.53591,43.770559],[26.535391,43.771947],[26.534683,43.773977],[26.534233,43.775286],[26.533503,43.777401],[26.532935,43.779167],[26.53228,43.781072],[26.531554,43.783117],[26.530889,43.785185],[26.530338,43.786696],[26.529641,43.788748],[26.529051,43.790475],[26.528453,43.792186],[26.527745,43.794316],[26.527055,43.796307],[26.526436,43.798165],[26.525867,43.799868],[26.525253,43.801588],[26.524705,43.803183],[26.524022,43.805266],[26.521587,43.806009],[26.519001,43.80683],[26.516362,43.807697],[26.514098,43.808425],[26.511437,43.809261],[26.509248,43.808432],[26.507596,43.807797],[26.506083,43.807232],[26.502264,43.805839],[26.501842,43.804835],[26.501447,43.803989],[26.501388,43.803677]]}},{"type":"Feature","properties":{"osm_id":334878960,"voltage":"110000","circuits":"1","cables":"3","name":"","operator":"","ref":""},"geometry":{"type":"LineString","coordinates":[[23.224849,42.799715],[23.225139,42.799441],[23.227482,42.798586],[23.229641,42.798077],[23.231996,42.796322],[23.235429,42.793799],[23.238616,42.791449],[23.241877,42.789075],[23.243461,42.787907],[23.245676,42.786214]]}},{"type":"Feature","properties":{"osm_id":334878962,"voltage":"110000","circuits":"1","cables":"3","name":"","operator":"","ref":""},"geometry":{"type":"LineString","coordinates":[[23.224693,42.799627],[23.224971,42.799363],[23.227862,42.798214],[23.229475,42.797877],[23.231519,42.796338],[23.232554,42.795594],[23.23514,42.793688],[23.237414,42.792024],[23.239495,42.790469],[23.241673,42.788879],[23.243057,42.787866],[23.245146,42.786219]]}},{"type":"Feature","properties":{"osm_id":334885004,"voltage":"110000","circuits":"1","cables":"3","name":"","operator":"","ref":""},"geometry":{"type":"LineString","coordinates":[[23.361703,42.816098],[23.360648,42.814983],[23.358753,42.812237],[23.356862,42.809559],[23.355131,42.807108],[23.354105,42.805655],[23.352991,42.804078],[23.35121,42.801555],[23.349528,42.799152],[23.347621,42.79645],[23.346457,42.794692],[23.343496,42.79346],[23.339837,42.791876],[23.336868,42.790575],[23.333735,42.789206],[23.33109,42.788049],[23.327741,42.786617],[23.326362,42.784741],[23.324922,42.782781],[23.323512,42.780864],[23.321657,42.778354],[23.319007,42.778882],[23.316246,42.779469],[23.31314,42.7801],[23.309801,42.780777],[23.307377,42.781252],[23.30449,42.781848],[23.301422,42.782504],[23.298514,42.782462],[23.295071,42.78237],[23.291691,42.782344],[23.288193,42.782281],[23.284664,42.782221],[23.281617,42.782197],[23.278033,42.782111],[23.27431,42.782071],[23.270533,42.782053],[23.267422,42.782717],[23.263785,42.783536],[23.260502,42.784258],[23.25708,42.785032],[23.254011,42.785738],[23.251051,42.786402],[23.24773,42.786299],[23.245676,42.786214]]}},{"type":"Feature","properties":{"osm_id":334885736,"voltage":"110000","circuits":"2","cables":"6","name":"","operator":"","ref":""},"geometry":{"type":"LineString","coordinates":[[23.287445,42.750116],[23.288862,42.750983],[23.290122,42.751696],[23.29186,42.752854],[23.294762,42.754682],[23.297445,42.756368],[23.300135,42.758069],[23.3026,42.759605],[23.304952,42.761078],[23.307425,42.762642],[23.308925,42.763587],[23.311547,42.765266],[23.313864,42.766743],[23.315447,42.767726],[23.318951,42.769884],[23.321047,42.771191],[23.323097,42.773024],[23.325317,42.775008],[23.327211,42.776702],[23.328775,42.7781],[23.330406,42.779558],[23.332178,42.781143],[23.33413,42.782888],[23.335845,42.784421],[23.337869,42.78623],[23.338818,42.787078],[23.340836,42.788883],[23.342457,42.790332],[23.344083,42.791785],[23.345805,42.793336],[23.346963,42.794992],[23.348053,42.79655],[23.349442,42.798528],[23.350872,42.800567],[23.352237,42.802521],[23.354729,42.806095],[23.356212,42.808208],[23.357856,42.810514],[23.359501,42.81296],[23.361173,42.815332],[23.361703,42.816098]]}},{"type":"Feature","properties":{"osm_id":335587476,"voltage":"110000","circuits":"1","cables":"3","name":"Ерма","operator":"","ref":""},"geometry":{"type":"LineString","coordinates":[[22.889404,42.731637],[22.889768,42.731332],[22.888899,42.730461],[22.886895,42.728531],[22.884988,42.726646],[22.883065,42.72476],[22.880616,42.725799],[22.878374,42.726733],[22.875726,42.727818],[22.873471,42.728749],[22.870721,42.729873],[22.868348,42.73087],[22.864756,42.732362],[22.862243,42.733392],[22.859545,42.734503],[22.856806,42.735624],[22.854387,42.736623],[22.851957,42.737632],[22.849159,42.738802],[22.846823,42.739769],[22.844203,42.740845],[22.841641,42.741895],[22.838894,42.743043],[22.835968,42.744245],[22.833471,42.745273],[22.831138,42.746228],[22.828111,42.747487],[22.826548,42.748572],[22.824639,42.749927],[22.822219,42.751659],[22.820596,42.752815],[22.818182,42.754497],[22.815385,42.75648],[22.812869,42.758243],[22.810506,42.759899],[22.808567,42.761261],[22.806378,42.762819],[22.804275,42.7643],[22.801579,42.766204],[22.799718,42.767563],[22.797691,42.768984],[22.795524,42.770519],[22.79334,42.772047],[22.790669,42.773965],[22.78666,42.777003],[22.778701,42.783794],[22.778181,42.784238],[22.76632,42.790016],[22.763965,42.791584],[22.762353,42.792558],[22.759895,42.794923],[22.757624,42.796839],[22.755478,42.798622],[22.753365,42.800338],[22.751246,42.802109],[22.746638,42.805927],[22.744138,42.807147],[22.740836,42.808593],[22.73696,42.810425],[22.72971,42.814146],[22.726234,42.815543],[22.723662,42.817859],[22.721795,42.819629],[22.719912,42.821376],[22.717874,42.823292],[22.716109,42.824941],[22.71428,42.826645],[22.712252,42.828541],[22.710589,42.830083],[22.70796,42.830705],[22.70368,42.831712],[22.697446,42.833162],[22.695887,42.8335],[22.69426,42.83218],[22.69265,42.830897],[22.690789,42.829442],[22.688852,42.827884],[22.686723,42.826188],[22.684909,42.824748],[22.68293,42.823186],[22.68058,42.821345],[22.678499,42.819673],[22.675672,42.81741],[22.672392,42.816448],[22.670002,42.81571],[22.666413,42.814632],[22.66424,42.813955],[22.662266,42.813388],[22.658683,42.812298],[22.656907,42.811755],[22.654252,42.811861],[22.649842,42.812003],[22.646822,42.812078],[22.643201,42.812267],[22.639746,42.812349],[22.636597,42.812475],[22.630068,42.812719],[22.627037,42.812835],[22.62384,42.812958],[22.617623,42.813183],[22.614361,42.813309],[22.608402,42.81352],[22.605667,42.813615],[22.602655,42.813724],[22.599887,42.813816],[22.597031,42.813921],[22.593748,42.814045],[22.590521,42.814153],[22.58664,42.814287],[22.583106,42.814415],[22.579294,42.814564],[22.576304,42.814657],[22.573614,42.814741],[22.571238,42.814832],[22.568779,42.814924],[22.565844,42.815032],[22.563666,42.815119],[22.559356,42.814294],[22.557138,42.813903],[22.553897,42.813303],[22.550821,42.812734],[22.547857,42.812178],[22.544377,42.811548],[22.540317,42.810797],[22.536574,42.810098],[22.532928,42.809417],[22.529202,42.808732],[22.527081,42.808327],[22.518306,42.806652],[22.515485,42.80613],[22.512547,42.805571],[22.509583,42.804996],[22.506586,42.804436],[22.503656,42.803869],[22.500713,42.803314],[22.497754,42.802764],[22.494804,42.802205],[22.491859,42.801637],[22.489286,42.80115],[22.486617,42.800629],[22.483705,42.800077],[22.480887,42.799528],[22.478317,42.799035],[22.476081,42.798617],[22.473428,42.798117],[22.470608,42.797584],[22.467743,42.797033],[22.464886,42.796499],[22.461929,42.795929],[22.454793,42.794563],[22.453332,42.794377],[22.451003,42.79463],[22.444351,42.795321],[22.443104,42.794516],[22.439373,42.79212],[22.437557,42.790955],[22.435605,42.78975],[22.433816,42.788603],[22.431431,42.787091],[22.430037,42.786205],[22.4267,42.784073],[22.424393,42.782627],[22.42228,42.781296],[22.420627,42.780252],[22.418109,42.779304],[22.415389,42.778292],[22.412779,42.777311],[22.411232,42.776721],[22.408933,42.775858],[22.407643,42.773836],[22.406288,42.771669],[22.404494,42.768743],[22.403754,42.767512],[22.402528,42.765578],[22.400916,42.762971],[22.399502,42.760748],[22.397118,42.75923],[22.392483,42.756333],[22.391225,42.755525],[22.389594,42.754515],[22.385147,42.751712],[22.383433,42.750623],[22.380467,42.748744],[22.378442,42.74745],[22.377723,42.74488],[22.376671,42.740934],[22.376256,42.739265],[22.375378,42.73609],[22.374933,42.734362],[22.374402,42.7324],[22.373836,42.730191],[22.373316,42.728377],[22.3725,42.725214],[22.371859,42.72282],[22.371178,42.720191],[22.369909,42.717707],[22.368737,42.715399],[22.367206,42.712439],[22.36616,42.710403],[22.365092,42.708312],[22.363641,42.705521],[22.362845,42.704189],[22.362093,42.702495],[22.361195,42.700674],[22.358279,42.694902],[22.358113,42.693479],[22.357638,42.688485],[22.357528,42.6866],[22.357169,42.682584],[22.356941,42.67978],[22.356533,42.675199],[22.355125,42.674067],[22.353518,42.673184],[22.3524,42.671762],[22.34946,42.66937],[22.347728,42.667954],[22.345751,42.66723],[22.34198,42.665818],[22.339134,42.664771],[22.335285,42.663305],[22.333308,42.662585],[22.330586,42.661605],[22.326994,42.663623],[22.324344,42.665124],[22.321909,42.666486],[22.316284,42.669646],[22.313717,42.671086],[22.309077,42.670293],[22.305692,42.669709],[22.303696,42.669626],[22.300719,42.669543],[22.297551,42.669445],[22.296361,42.670044],[22.29503,42.670762],[22.291774,42.672505],[22.290063,42.673133],[22.288502,42.673054],[22.28697,42.672393]]}},{"type":"Feature","properties":{"osm_id":335601502,"voltage":"110000","circuits":"1","cables":"3","name":"","operator":"","ref":""},"geometry":{"type":"LineString","coordinates":[[22.889528,42.731812],[22.889918,42.731438],[22.890138,42.729905],[22.890385,42.72786],[22.89068,42.725748],[22.89098,42.723553],[22.891254,42.721405],[22.894078,42.720235],[22.897054,42.719003],[22.900175,42.717724],[22.904005,42.716143],[22.907295,42.714774],[22.910512,42.713447],[22.913833,42.712076],[22.91681,42.710854],[22.920534,42.709307],[22.923317,42.708158],[22.926144,42.706995],[22.928805,42.705879],[22.931167,42.704883],[22.933724,42.703845],[22.936449,42.702702],[22.940238,42.701147],[22.9425,42.700191],[22.945511,42.698966],[22.949334,42.697376],[22.951862,42.696317],[22.955477,42.694833],[22.958519,42.693557],[22.961721,42.69223],[22.963262,42.690695],[22.965091,42.68892],[22.967525,42.686501],[22.969681,42.684384],[22.971731,42.682365],[22.973871,42.680196],[22.976076,42.678042],[22.977637,42.676508],[22.979101,42.675021],[22.98088,42.673239],[22.982772,42.671377],[22.984437,42.669701],[22.986007,42.668151],[22.987809,42.666372],[22.988987,42.665205],[22.990869,42.663378],[22.992852,42.661405],[22.994295,42.659936],[22.995424,42.658825],[22.997411,42.656893],[22.999027,42.655304],[23.000339,42.654001],[23.002963,42.651383],[23.004858,42.649503],[23.008073,42.64778],[23.009973,42.646772],[23.013139,42.645015],[23.016044,42.643426],[23.018702,42.641972],[23.021821,42.640306],[23.02447,42.638843],[23.026672,42.637659],[23.029592,42.636051],[23.032411,42.634522],[23.033788,42.633778],[23.035262,42.632947],[23.038466,42.631243],[23.038734,42.631084],[23.039611,42.6305],[23.039774,42.629483],[23.039887,42.628667],[23.040324,42.625945],[23.041659,42.623314],[23.042715,42.621352],[23.043685,42.619558],[23.04391,42.617971],[23.04676,42.616917],[23.049568,42.614954],[23.051348,42.613708],[23.055931,42.613875],[23.056707,42.615724],[23.059942,42.618447],[23.063333,42.618964],[23.064829,42.619173],[23.066058,42.618358],[23.067699,42.61732],[23.069451,42.615443],[23.070864,42.613913],[23.071835,42.612837],[23.072771,42.611846],[23.07547,42.610899]]}},{"type":"Feature","properties":{"osm_id":335611143,"voltage":"110000","circuits":"1","cables":"3","name":"","operator":"","ref":""},"geometry":{"type":"LineString","coordinates":[[22.889144,42.731965],[22.889017,42.732281],[22.886812,42.734192],[22.884596,42.736119],[22.882441,42.737952],[22.883186,42.740476],[22.883787,42.742438],[22.884522,42.74507],[22.885283,42.747603],[22.886045,42.750105],[22.886539,42.751861],[22.890143,42.751546],[22.893271,42.751255],[22.896377,42.750975],[22.900183,42.750625],[22.901763,42.750473],[22.903501,42.751452],[22.90651,42.753177],[22.909467,42.754842],[22.91147,42.756023],[22.913951,42.757407],[22.914791,42.759488],[22.915584,42.761452],[22.916571,42.763614],[22.917625,42.766204],[22.91865,42.768687],[22.91914,42.770257]]}},{"type":"Feature","properties":{"osm_id":335787753,"voltage":"400000","circuits":"1","cables":"3","name":"","operator":"","ref":""},"geometry":{"type":"LineString","coordinates":[[23.109789,42.815126],[23.110182,42.817769],[23.112965,42.81983],[23.115865,42.821685],[23.119417,42.823856],[23.121189,42.82494],[23.124928,42.825319]]}},{"type":"Feature","properties":{"osm_id":335896591,"voltage":"110000","circuits":"","cables":"3","name":"","operator":"","ref":""},"geometry":{"type":"LineString","coordinates":[[23.188525,42.847938],[23.188373,42.847686],[23.18832,42.847612]]}},{"type":"Feature","properties":{"osm_id":335896592,"voltage":"110000","circuits":"","cables":"3","name":"","operator":"","ref":""},"geometry":{"type":"LineString","coordinates":[[23.188046,42.848116],[23.187724,42.84792]]}},{"type":"Feature","properties":{"osm_id":335896593,"voltage":"400000","circuits":"","cables":"3","name":"","operator":"","ref":""},"geometry":{"type":"LineString","coordinates":[[23.191184,42.849014],[23.191038,42.849068],[23.190584,42.849235],[23.190339,42.849325],[23.190062,42.849427],[23.189846,42.849507],[23.189613,42.849593],[23.189474,42.849644]]}},{"type":"Feature","properties":{"osm_id":335896594,"voltage":"400000","circuits":"","cables":"3","name":"","operator":"","ref":""},"geometry":{"type":"LineString","coordinates":[[23.188684,42.848392],[23.188189,42.848337],[23.188046,42.848116]]}},{"type":"Feature","properties":{"osm_id":335896595,"voltage":"110000","circuits":"","cables":"3","name":"","operator":"","ref":""},"geometry":{"type":"LineString","coordinates":[[23.1896,42.847572],[23.189345,42.847341],[23.189303,42.847265]]}},{"type":"Feature","properties":{"osm_id":335896596,"voltage":"400000","circuits":"1","cables":"3","name":"Петрохан","operator":"","ref":""},"geometry":{"type":"LineString","coordinates":[[23.190461,42.84951],[23.190932,42.850316],[23.193753,42.85331],[23.196294,42.856071],[23.198252,42.858187],[23.198769,42.858763],[23.19936,42.86238],[23.200024,42.866869],[23.200622,42.870758],[23.2009,42.8727],[23.201351,42.875392],[23.199713,42.876282],[23.195726,42.878409],[23.192851,42.879932],[23.191129,42.880822],[23.189718,42.882746],[23.187838,42.885341],[23.185558,42.888438],[23.183575,42.891197],[23.182649,42.892498],[23.17798,42.898857],[23.176609,42.900756],[23.175419,42.902374],[23.173583,42.904894],[23.171959,42.907136],[23.170569,42.909055],[23.169007,42.911199],[23.167309,42.913546],[23.164767,42.917026],[23.163459,42.918851],[23.161148,42.922023],[23.159713,42.92402],[23.158138,42.926177],[23.156913,42.927877],[23.155892,42.92925],[23.154399,42.931324],[23.152835,42.933491],[23.151207,42.935748],[23.149734,42.93779],[23.147944,42.940216],[23.145996,42.942861],[23.143472,42.946417],[23.141747,42.948698],[23.140194,42.950903],[23.13832,42.953463],[23.136469,42.954961],[23.134555,42.956569],[23.131795,42.958921],[23.130017,42.960429],[23.127541,42.962528],[23.124631,42.964994],[23.12353,42.966636],[23.121579,42.969542],[23.120505,42.971156],[23.118844,42.973596],[23.116793,42.976624],[23.117538,42.979232],[23.118151,42.981308],[23.118841,42.983667],[23.119968,42.987396],[23.120903,42.990641],[23.121841,42.993777],[23.12274,42.996777],[23.12381,43.000306],[23.124665,43.003125],[23.125442,43.005783],[23.126114,43.008084],[23.127046,43.011482],[23.128131,43.01514],[23.128825,43.017494],[23.129713,43.020402],[23.130609,43.023522],[23.131038,43.025145],[23.131902,43.028044],[23.132695,43.030788],[23.133844,43.034686],[23.136016,43.035909],[23.138748,43.037435],[23.139798,43.039575],[23.140929,43.041972],[23.142307,43.04502],[23.143485,43.047608],[23.142813,43.050012],[23.141707,43.053691],[23.140839,43.056578],[23.140359,43.058256],[23.139852,43.059968],[23.139235,43.062014],[23.13872,43.063711],[23.13746,43.064792],[23.135673,43.066325],[23.134672,43.067156],[23.132133,43.069264],[23.129981,43.071087],[23.127938,43.072819],[23.125475,43.074856],[23.123058,43.07688],[23.121184,43.078449],[23.1198,43.079621],[23.119078,43.080562],[23.118189,43.081596],[23.117392,43.082593],[23.116286,43.08408],[23.115251,43.085414],[23.112831,43.088503],[23.111607,43.090051],[23.11037,43.091623],[23.109353,43.092943],[23.108379,43.09416],[23.109404,43.096267],[23.110299,43.098048],[23.11111,43.099661],[23.112438,43.1023],[23.112962,43.103343],[23.114714,43.106826],[23.115409,43.108208],[23.116245,43.10987],[23.117265,43.111897],[23.118657,43.113241],[23.119564,43.11415],[23.120709,43.115282],[23.122509,43.116977],[23.124569,43.118998],[23.126087,43.120556],[23.127648,43.122087],[23.128415,43.122827],[23.129365,43.123744],[23.129998,43.124345],[23.131666,43.126007],[23.132251,43.12661],[23.13497,43.129569],[23.134858,43.130924],[23.13497,43.132529],[23.135434,43.133417],[23.136767,43.135868],[23.137915,43.138029],[23.138879,43.139951],[23.13965,43.14146],[23.140201,43.142523],[23.139584,43.144292],[23.140759,43.146359],[23.141681,43.147955],[23.143081,43.150398],[23.144723,43.153133],[23.14637,43.156013],[23.147636,43.157817],[23.149127,43.160091],[23.150511,43.162137],[23.152394,43.164869],[23.153022,43.166312],[23.153944,43.168363],[23.154998,43.170682],[23.155709,43.17337],[23.156337,43.175679],[23.156782,43.17758],[23.157104,43.178699],[23.157528,43.180388],[23.158139,43.182712],[23.16043,43.183897],[23.165258,43.18642],[23.167726,43.187703],[23.169726,43.18888],[23.175515,43.191806],[23.179613,43.193879],[23.186254,43.194352],[23.188116,43.194473],[23.193475,43.194813],[23.197841,43.195185],[23.202192,43.19547],[23.206708,43.195759]]}},{"type":"Feature","properties":{"osm_id":335896598,"voltage":"400000","circuits":"","cables":"3","name":"","operator":"","ref":""},"geometry":{"type":"LineString","coordinates":[[23.190374,42.847783],[23.190236,42.847833],[23.189809,42.847986],[23.189532,42.848087],[23.189254,42.848187],[23.189037,42.848265],[23.188806,42.848349],[23.188684,42.848392]]}},{"type":"Feature","properties":{"osm_id":341397079,"voltage":"110000","circuits":"1","cables":"3","name":"","operator":"","ref":""},"geometry":{"type":"LineString","coordinates":[[23.019776,42.869698],[23.024109,42.8679],[23.027517,42.866444],[23.031566,42.864687],[23.035269,42.863117],[23.038381,42.861771],[23.044213,42.859249],[23.045484,42.858659],[23.049837,42.856826],[23.053774,42.855228],[23.057579,42.853583],[23.058956,42.853044]]}},{"type":"Feature","properties":{"osm_id":341399808,"voltage":"110000","circuits":"1","cables":"3","name":"","operator":"","ref":""},"geometry":{"type":"LineString","coordinates":[[23.019776,42.869698],[23.016579,42.871093],[23.012994,42.871856],[23.009386,42.872586],[23.006753,42.873119],[23.0039,42.873697],[23.000371,42.874411],[22.996542,42.875186],[22.9924,42.87598],[22.988355,42.87679],[22.985019,42.877458],[22.983965,42.878215],[22.98422,42.878352]]}},{"type":"Feature","properties":{"osm_id":353819052,"voltage":"110000","circuits":"1","cables":"3","name":"","operator":"","ref":""},"geometry":{"type":"LineString","coordinates":[[23.363047,42.753786],[23.362746,42.75426],[23.359176,42.75453],[23.354965,42.754887],[23.352583,42.75504],[23.348688,42.756872],[23.344799,42.758664],[23.340687,42.760576]]}},{"type":"Feature","properties":{"osm_id":353840751,"voltage":"110000","circuits":"1","cables":"3","name":"","operator":"","ref":""},"geometry":{"type":"LineString","coordinates":[[23.150022,43.234035],[23.150381,43.234172],[23.153504,43.23466],[23.158199,43.234099],[23.162086,43.233589],[23.166707,43.233009],[23.169703,43.23266],[23.172319,43.232342],[23.171891,43.230135],[23.171469,43.227787],[23.170988,43.225285],[23.170586,43.223212],[23.170084,43.22059],[23.169639,43.218173],[23.16926,43.216256],[23.168814,43.213884],[23.168422,43.211719],[23.168051,43.209918],[23.167852,43.208662],[23.167444,43.206415],[23.167004,43.203994],[23.166702,43.202319],[23.166326,43.200387],[23.165839,43.197566],[23.164468,43.196521],[23.162029,43.194623],[23.16168,43.194473]]}},{"type":"Feature","properties":{"osm_id":353840759,"voltage":"110000","circuits":"1","cables":"3","name":"","operator":"","ref":""},"geometry":{"type":"LineString","coordinates":[[23.149779,43.234287],[23.150179,43.234491],[23.153581,43.235156],[23.158506,43.234522],[23.162439,43.234033],[23.167235,43.233459],[23.171955,43.232881],[23.174212,43.232582],[23.177065,43.231304],[23.184861,43.227802],[23.187351,43.226673],[23.191167,43.224961],[23.192884,43.224178],[23.194036,43.222323],[23.195753,43.219531],[23.197027,43.21743],[23.198315,43.215337],[23.20247,43.214735],[23.212574,43.21324],[23.216464,43.212379],[23.223719,43.211535],[23.225723,43.211139],[23.227278,43.210759],[23.232919,43.209575],[23.237964,43.208447],[23.241199,43.207762],[23.243262,43.207364],[23.249213,43.206108],[23.253752,43.205188],[23.257212,43.204466],[23.259883,43.203872],[23.263987,43.202996],[23.271532,43.201436],[23.275997,43.200434],[23.276457,43.19914],[23.277304,43.196763],[23.278289,43.194226],[23.280021,43.193039],[23.282016,43.192696]]}},{"type":"Feature","properties":{"osm_id":354862293,"voltage":"110000","circuits":"1","cables":"3","name":"","operator":"","ref":""},"geometry":{"type":"LineString","coordinates":[[25.625358,43.318786],[25.625535,43.318502],[25.628934,43.319155],[25.632327,43.320139],[25.635566,43.320243]]}},{"type":"Feature","properties":{"osm_id":354862294,"voltage":"110000","circuits":"1","cables":"3","name":"","operator":"","ref":""},"geometry":{"type":"LineString","coordinates":[[25.625181,43.318728],[25.625292,43.318434],[25.630088,43.316628],[25.633332,43.315422],[25.634587,43.314955],[25.636087,43.314744]]}},{"type":"Feature","properties":{"osm_id":356887054,"voltage":"110000","circuits":"1","cables":"3","name":"","operator":"","ref":""},"geometry":{"type":"LineString","coordinates":[[25.909306,42.154724],[25.909514,42.154674],[25.910408,42.154456],[25.910037,42.153143],[25.909665,42.151666],[25.908957,42.149001],[25.906181,42.148135],[25.903335,42.147262],[25.899397,42.146035],[25.895603,42.144865],[25.890819,42.14339],[25.889346,42.142288],[25.887345,42.140837],[25.884958,42.139046],[25.882437,42.137187],[25.880419,42.135668],[25.87768,42.133666],[25.875212,42.131855],[25.87286,42.130096],[25.870706,42.128498],[25.868352,42.12673],[25.866215,42.125157],[25.8653,42.125125],[25.864748,42.12517]]}},{"type":"Feature","properties":{"osm_id":358221691,"voltage":"110000","circuits":"2","cables":"6","name":"","operator":"","ref":""},"geometry":{"type":"LineString","coordinates":[[22.997502,42.530844],[22.99903,42.532445],[23.000802,42.531474],[23.003308,42.530065]]}},{"type":"Feature","properties":{"osm_id":358221693,"voltage":"110000","circuits":"2","cables":"6","name":"","operator":"","ref":""},"geometry":{"type":"LineString","coordinates":[[23.002443,42.529266],[23.000795,42.530287],[22.99807,42.531856],[22.995341,42.530529],[22.992637,42.529232],[22.989514,42.527745],[22.986293,42.526122]]}},{"type":"Feature","properties":{"osm_id":358221696,"voltage":"110000","circuits":"1","cables":"3","name":"","operator":"","ref":""},"geometry":{"type":"LineString","coordinates":[[23.003417,42.529416],[23.003,42.529734],[23.000647,42.531078],[22.998006,42.532512],[22.995116,42.531138],[22.991402,42.529318],[22.988096,42.527767],[22.9857,42.526526],[22.985373,42.526254]]}},{"type":"Feature","properties":{"osm_id":358221698,"voltage":"110000","circuits":"2","cables":"6","name":"","operator":"","ref":""},"geometry":{"type":"LineString","coordinates":[[23.003577,42.530257],[23.003338,42.531247],[23.00269,42.53343],[23.004081,42.536011],[23.005119,42.538015],[23.006431,42.540566],[23.007748,42.543094],[23.008638,42.544807],[23.008719,42.546113],[23.00881,42.547488]]}},{"type":"Feature","properties":{"osm_id":358221700,"voltage":"110000","circuits":"1","cables":"3","name":"","operator":"","ref":""},"geometry":{"type":"LineString","coordinates":[[23.003155,42.529153],[23.002721,42.529392],[23.001474,42.530064],[23.000345,42.528665],[23.00342,42.527102],[23.006741,42.525688],[23.00992,42.52461],[23.012999,42.523564],[23.016148,42.522496],[23.018816,42.521061]]}},{"type":"Feature","properties":{"osm_id":363030056,"voltage":"110000","circuits":"2","cables":"6","name":"","operator":"Електроенергиен системен оператор","ref":""},"geometry":{"type":"LineString","coordinates":[[23.41469,42.651787],[23.413443,42.651961],[23.412988,42.6488],[23.412396,42.647152],[23.415395,42.645264],[23.42045,42.64384],[23.422165,42.640807],[23.422813,42.638434],[23.423567,42.635719],[23.422812,42.632932],[23.422152,42.630525],[23.42127,42.627209],[23.420656,42.624981],[23.42002,42.622547],[23.416894,42.622661],[23.413256,42.622771],[23.408464,42.62272],[23.405739,42.622694],[23.403523,42.622658],[23.400297,42.62286],[23.39711,42.623825],[23.395437,42.623401]]}},{"type":"Feature","properties":{"osm_id":363861641,"voltage":"110000","circuits":"2","cables":"6","name":"","operator":"","ref":""},"geometry":{"type":"LineString","coordinates":[[26.903082,43.428072],[26.903468,43.425973],[26.903876,43.423619],[26.904123,43.421889],[26.904262,43.420463],[26.904423,43.418344],[26.90467,43.416029],[26.904799,43.413902],[26.905099,43.411548],[26.905346,43.409272],[26.905518,43.407246],[26.905754,43.405219],[26.905925,43.403644],[26.906043,43.402351],[26.906201,43.401013],[26.906341,43.399539],[26.906481,43.398088],[26.906668,43.396457],[26.906835,43.394893],[26.906996,43.393579],[26.906553,43.392337],[26.90608,43.390795],[26.905622,43.389303],[26.905134,43.387845],[26.90463,43.386303],[26.904119,43.384778],[26.903722,43.383542],[26.903157,43.381878],[26.902532,43.379942],[26.901914,43.378079],[26.90128,43.376148],[26.900632,43.374196],[26.900013,43.372324],[26.89936,43.37034],[26.898691,43.368371],[26.898119,43.36659],[26.897505,43.364705],[26.896771,43.362429],[26.895972,43.359974],[26.895171,43.357485],[26.894378,43.355145],[26.893743,43.353144],[26.892122,43.351888],[26.890348,43.350524],[26.887691,43.34847],[26.886169,43.347283],[26.883414,43.345155],[26.881894,43.343965],[26.879824,43.342388],[26.877697,43.340732],[26.875181,43.338788],[26.873683,43.337614]]}},{"type":"Feature","properties":{"osm_id":363861642,"voltage":"110000","circuits":"1","cables":"3","name":"Бели Лом","operator":"","ref":""},"geometry":{"type":"LineString","coordinates":[[26.873683,43.337614],[26.873053,43.337992],[26.871737,43.338812],[26.870322,43.339674],[26.868913,43.340537],[26.867688,43.341289],[26.86647,43.342042],[26.865304,43.342766],[26.86364,43.343829],[26.862293,43.344646],[26.860794,43.345575],[26.859102,43.346595],[26.857832,43.347367],[26.856439,43.348207],[26.854975,43.349121],[26.85361,43.349982],[26.852208,43.35083],[26.850852,43.351643],[26.84953,43.352466],[26.847659,43.35361],[26.846558,43.354296],[26.845144,43.355163],[26.843522,43.356171],[26.842008,43.357083],[26.840513,43.357999],[26.839126,43.358876],[26.837706,43.359728],[26.836285,43.36059],[26.834851,43.361472],[26.833444,43.362349],[26.83199,43.363236],[26.830599,43.364134],[26.829158,43.365001],[26.827789,43.365853],[26.826373,43.366723],[26.824866,43.367656],[26.823429,43.368539],[26.821974,43.369418],[26.820519,43.370324],[26.81909,43.371184],[26.817507,43.372132],[26.81579,43.373205],[26.814481,43.374039],[26.813151,43.374847],[26.811893,43.375617],[26.810567,43.376424],[26.809284,43.377233],[26.807966,43.378043],[26.806585,43.378898],[26.805349,43.379637],[26.804044,43.380452],[26.802581,43.381341],[26.800911,43.38214],[26.799452,43.382804],[26.798036,43.383461],[26.796603,43.384135],[26.795135,43.384831],[26.793363,43.385651],[26.791753,43.386394],[26.79064,43.386918],[26.789337,43.387523],[26.787818,43.388247],[26.78653,43.38883],[26.785171,43.389465],[26.783519,43.39022],[26.781643,43.391102],[26.780193,43.39176],[26.778674,43.392493],[26.777206,43.393173],[26.775485,43.393959],[26.773382,43.394994],[26.771945,43.395615],[26.770601,43.396245],[26.769172,43.396927],[26.767524,43.39767],[26.765958,43.398399],[26.764306,43.399182],[26.763177,43.399696],[26.761671,43.400414],[26.760285,43.401053],[26.75883,43.401751],[26.757319,43.402453],[26.755808,43.403142],[26.754401,43.403794],[26.752916,43.404492],[26.751538,43.405134],[26.750156,43.40577],[26.748534,43.406528],[26.746745,43.407357],[26.74526,43.40804],[26.743041,43.409075],[26.741415,43.409851],[26.740063,43.410481],[26.738363,43.411257],[26.73605,43.412339],[26.734188,43.413193],[26.732797,43.413851],[26.731454,43.414493],[26.729757,43.415246],[26.72801,43.416039],[26.725772,43.417058],[26.724407,43.417763],[26.722472,43.41867],[26.720618,43.419615],[26.719249,43.420584],[26.71766,43.421582],[26.716261,43.422552],[26.714793,43.423543],[26.713364,43.424528],[26.711635,43.425749],[26.70909,43.427457],[26.706704,43.429072],[26.705257,43.430079],[26.704026,43.430898],[26.702515,43.431955],[26.700951,43.43292],[26.699533,43.4338],[26.697945,43.434775],[26.694834,43.436648],[26.693636,43.437399],[26.692237,43.438266],[26.690915,43.439076],[26.689036,43.440232],[26.687928,43.440935],[26.686315,43.441883],[26.684701,43.442896],[26.683199,43.443862],[26.681298,43.44498],[26.67986,43.445875],[26.678234,43.446875],[26.67638,43.447958],[26.675006,43.448803],[26.673586,43.449675],[26.672032,43.450648],[26.670367,43.45167],[26.668865,43.452614],[26.667277,43.453569],[26.665767,43.454502],[26.664436,43.455337],[26.663097,43.456143],[26.661531,43.457087],[26.660042,43.458034],[26.658651,43.458857],[26.657145,43.459801],[26.655566,43.460754],[26.653901,43.461804],[26.652648,43.46257],[26.650969,43.463566],[26.649536,43.46447],[26.647506,43.46573],[26.645833,43.466768],[26.643897,43.467908]]}},{"type":"Feature","properties":{"osm_id":379523777,"voltage":"110000","circuits":"1","cables":"3","name":"","operator":"","ref":""},"geometry":{"type":"LineString","coordinates":[[23.754056,42.686888],[23.756475,42.687207],[23.758943,42.687475],[23.761668,42.687834],[23.763868,42.688084],[23.766633,42.688345],[23.769001,42.688621],[23.770981,42.688851],[23.773807,42.689191],[23.775918,42.689458],[23.778607,42.689757],[23.780665,42.689996],[23.782819,42.689655],[23.784658,42.689368],[23.786631,42.689045],[23.791071,42.688381],[23.792686,42.688138],[23.797134,42.687446],[23.798321,42.687446],[23.800427,42.687548],[23.804757,42.687705],[23.806746,42.687768],[23.809621,42.687846],[23.811367,42.687899],[23.815144,42.688005],[23.816769,42.688052],[23.818334,42.688091],[23.822584,42.688254],[23.826263,42.688392],[23.828744,42.68847],[23.835064,42.688662],[23.837743,42.688733],[23.839414,42.688793],[23.841834,42.688872],[23.842971,42.688898],[23.844321,42.688946],[23.847479,42.688991],[23.848723,42.689001],[23.850547,42.689004],[23.851393,42.689009],[23.853407,42.689017],[23.855219,42.689029],[23.85758,42.689042],[23.859746,42.689059]]}},{"type":"Feature","properties":{"osm_id":379877192,"voltage":"110000","circuits":"1","cables":"3","name":"","operator":"","ref":""},"geometry":{"type":"LineString","coordinates":[[25.891964,42.933206],[25.891893,42.933539],[25.890862,42.934581],[25.889546,42.935943],[25.887267,42.938284],[25.885575,42.940038],[25.883667,42.939619],[25.879957,42.938837],[25.877964,42.938456],[25.87467,42.937786],[25.871718,42.937195],[25.868593,42.936561],[25.865499,42.935938],[25.86245,42.935326],[25.858415,42.934625],[25.855011,42.933839],[25.851375,42.933038],[25.846925,42.932102],[25.844132,42.931551],[25.842458,42.931237],[25.839704,42.930748],[25.838092,42.930454],[25.836079,42.930106],[25.833476,42.929664],[25.830425,42.929131],[25.828755,42.928839],[25.826641,42.928458],[25.824463,42.928103],[25.822209,42.927701],[25.821204,42.926504],[25.82028,42.925366],[25.819147,42.923953],[25.817778,42.922277],[25.816247,42.920433],[25.814964,42.918893],[25.814294,42.918042],[25.813237,42.916764],[25.811573,42.914712],[25.810399,42.913292],[25.808345,42.910755],[25.80769,42.909946],[25.80461,42.91045],[25.802643,42.910707],[25.800985,42.910983],[25.796321,42.910837],[25.793533,42.910766],[25.791068,42.91072],[25.788936,42.910666],[25.786606,42.91063],[25.783433,42.910558],[25.781594,42.910507],[25.778936,42.910456],[25.7764,42.910385],[25.773978,42.910475],[25.771657,42.910551],[25.768749,42.910659],[25.765822,42.910772],[25.763641,42.910851],[25.761909,42.910911],[25.75963,42.911003],[25.757465,42.911067],[25.75499,42.911169],[25.752749,42.911233],[25.750375,42.911335],[25.748172,42.911432],[25.746421,42.911865],[25.745225,42.912165],[25.74413,42.912409],[25.742493,42.912843],[25.740569,42.913336],[25.738422,42.913869],[25.735875,42.914519],[25.734133,42.914952],[25.731959,42.915505],[25.729685,42.916078],[25.727933,42.916531],[25.725841,42.917028],[25.724042,42.917505],[25.722393,42.917881],[25.720656,42.9183],[25.717746,42.91906],[25.715701,42.919608],[25.714035,42.919988],[25.711238,42.919906],[25.709841,42.919846],[25.70762,42.919673],[25.704441,42.919577],[25.702085,42.919466],[25.699331,42.91934],[25.696472,42.919166],[25.694193,42.91909],[25.690846,42.918906],[25.688868,42.918821],[25.686458,42.918744],[25.684214,42.918588],[25.681807,42.918446],[25.678712,42.918336],[25.676959,42.917896],[25.673649,42.917052],[25.671203,42.916429],[25.669231,42.915931],[25.666484,42.915211],[25.661862,42.914044],[25.659813,42.91363],[25.656741,42.913048],[25.655707,42.912843],[25.652832,42.912244],[25.64879,42.911432],[25.647677,42.911006],[25.646829,42.91056],[25.643893,42.90908],[25.642165,42.908203],[25.640307,42.907248],[25.638227,42.906159],[25.635847,42.904972],[25.633979,42.904067],[25.632836,42.903494],[25.631744,42.903028],[25.627638,42.901151],[25.624303,42.899683],[25.623316,42.899229],[25.62037,42.897936],[25.618142,42.896977],[25.61667,42.896359],[25.61501,42.895619],[25.613014,42.894704],[25.610748,42.893708],[25.609186,42.893017],[25.606419,42.891812],[25.602332,42.890026],[25.59988,42.888968],[25.597657,42.887938],[25.595068,42.886813],[25.592818,42.885795],[25.590055,42.88458],[25.588142,42.883729],[25.585297,42.882483],[25.584347,42.882049],[25.582901,42.881853],[25.57907,42.881428],[25.57342,42.880628],[25.570738,42.880142],[25.567739,42.879768],[25.5638,42.879227],[25.56052,42.878793],[25.558304,42.878359],[25.556614,42.878091],[25.54942,42.877124],[25.547359,42.876847],[25.545087,42.876496],[25.543746,42.8763],[25.540773,42.87581],[25.539192,42.875592],[25.537203,42.874854],[25.535141,42.874005],[25.532204,42.872736],[25.528834,42.871369],[25.525873,42.87015],[25.525171,42.869865],[25.523893,42.869389],[25.519143,42.867409],[25.516042,42.866187],[25.513051,42.864989],[25.505379,42.861803],[25.501917,42.860449],[25.497938,42.858818],[25.496349,42.858198],[25.494837,42.857597],[25.492258,42.856519],[25.488644,42.857305],[25.487238,42.857624],[25.485264,42.858097],[25.482537,42.858706],[25.480642,42.85912],[25.478164,42.859677],[25.477774,42.861391],[25.476973,42.864275],[25.475538,42.863717],[25.476022,42.863176]]}},{"type":"Feature","properties":{"osm_id":379877195,"voltage":"110000","circuits":"1","cables":"3","name":"","operator":"","ref":""},"geometry":{"type":"LineString","coordinates":[[25.708495,43.121557],[25.70863,43.121064],[25.707326,43.119625],[25.705034,43.117176],[25.702754,43.114709],[25.702476,43.114409],[25.700158,43.111885],[25.697292,43.108808],[25.694992,43.106359],[25.692758,43.103939],[25.690806,43.101857],[25.688999,43.100679],[25.691414,43.098027],[25.692944,43.096339],[25.694339,43.094781],[25.696024,43.092958],[25.697586,43.091217],[25.69886,43.089851],[25.700378,43.088159],[25.703249,43.08502],[25.704617,43.083484],[25.705997,43.082],[25.709202,43.078457],[25.711753,43.078396],[25.716099,43.078304],[25.718107,43.078272],[25.720094,43.078238],[25.725051,43.078151],[25.727961,43.078084],[25.730911,43.078012],[25.734663,43.077953],[25.738052,43.07787],[25.740124,43.077815],[25.744078,43.077745],[25.748078,43.077658],[25.750193,43.077614],[25.751302,43.077591],[25.755635,43.077481],[25.758666,43.077435],[25.762438,43.076351],[25.766187,43.07526],[25.770426,43.074047],[25.774048,43.07301],[25.778386,43.07177],[25.782012,43.07071],[25.78601,43.069569],[25.789737,43.068485],[25.797277,43.066299],[25.801066,43.065203],[25.804977,43.064077],[25.808255,43.063111],[25.812343,43.061943],[25.816088,43.060858],[25.819882,43.059751],[25.824143,43.058513],[25.826651,43.056171],[25.829408,43.053624],[25.831323,43.051872],[25.833631,43.049731],[25.833895,43.049486],[25.835033,43.048427],[25.838549,43.045216],[25.84039,43.043502],[25.842556,43.041499],[25.845153,43.039081],[25.84782,43.036635],[25.847898,43.035803],[25.848099,43.033587]]}},{"type":"Feature","properties":{"osm_id":385749169,"voltage":"110000","circuits":"2","cables":"6","name":"","operator":"","ref":""},"geometry":{"type":"LineString","coordinates":[[23.284053,42.655267],[23.282084,42.655578],[23.278766,42.655874],[23.275736,42.65696],[23.272882,42.657992],[23.271507,42.659646],[23.270605,42.660674],[23.26773,42.661223],[23.264495,42.661823],[23.263927,42.662948],[23.262256,42.664463],[23.261106,42.664916],[23.260596,42.666356],[23.258034,42.666489],[23.256023,42.668186],[23.25396,42.669812],[23.252175,42.671255],[23.249782,42.673196],[23.246236,42.673311],[23.243239,42.671883],[23.241059,42.671029],[23.240678,42.669801]]}},{"type":"Feature","properties":{"osm_id":398029281,"voltage":"220000","circuits":"1","cables":"3","name":"","operator":"","ref":""},"geometry":{"type":"LineString","coordinates":[[23.712176,42.622234],[23.71139,42.624227],[23.709963,42.627843],[23.708944,42.630341],[23.707796,42.633309],[23.706643,42.636178],[23.704041,42.638448],[23.701514,42.640638],[23.698768,42.643021],[23.69637,42.645109],[23.693999,42.64718],[23.691344,42.649524],[23.68894,42.651607],[23.686027,42.654128],[23.68401,42.655907],[23.681553,42.658058],[23.678673,42.66057],[23.678324,42.660874],[23.676146,42.662815],[23.674553,42.664223],[23.672203,42.66631],[23.669414,42.66876],[23.667552,42.670404],[23.664634,42.672964],[23.662365,42.67494],[23.660171,42.678036],[23.657966,42.681092],[23.655767,42.684164],[23.653481,42.687347],[23.651143,42.690592],[23.648847,42.693825],[23.646518,42.697042],[23.644115,42.700338],[23.642366,42.702802],[23.640446,42.705471],[23.638166,42.708632],[23.636015,42.711628],[23.633762,42.714777],[23.631546,42.71784],[23.62942,42.720823],[23.626735,42.720891],[23.623961,42.720957],[23.621306,42.720256],[23.620646,42.720172]]}},{"type":"Feature","properties":{"osm_id":398029283,"voltage":"220000","circuits":"1","cables":"3","name":"","operator":"","ref":""},"geometry":{"type":"LineString","coordinates":[[23.713756,42.61744],[23.713056,42.619607],[23.712176,42.622234]]}},{"type":"Feature","properties":{"osm_id":409291310,"voltage":"110000","circuits":"1","cables":"3","name":"","operator":"","ref":""},"geometry":{"type":"LineString","coordinates":[[23.937996,43.148422],[23.937936,43.148603],[23.937358,43.150388],[23.936817,43.151159],[23.935229,43.153248],[23.932756,43.156606],[23.929677,43.160766],[23.927493,43.1637],[23.925514,43.166396],[23.922258,43.169229],[23.920031,43.171197],[23.917328,43.173548],[23.914892,43.17568],[23.911212,43.176064],[23.908197,43.176381],[23.904539,43.176764],[23.901996,43.177061],[23.8972,43.177597],[23.89131,43.178231],[23.888435,43.178513],[23.885817,43.178794],[23.881515,43.179221],[23.878087,43.179643],[23.874906,43.179952],[23.871628,43.180308],[23.868906,43.180568],[23.865017,43.180967],[23.859561,43.181546],[23.854599,43.18207],[23.848204,43.182782],[23.840667,43.180983],[23.837996,43.180345],[23.834327,43.179461],[23.829767,43.178405],[23.826387,43.177595],[23.823217,43.176852],[23.818872,43.175862],[23.815004,43.174919],[23.810439,43.173824],[23.808143,43.173288],[23.805906,43.172764],[23.803428,43.172157],[23.799297,43.171191],[23.795397,43.170287],[23.792951,43.169693],[23.790827,43.1692],[23.787576,43.168468],[23.784067,43.167599],[23.779427,43.166484],[23.775855,43.165608],[23.772609,43.164861],[23.76791,43.163749],[23.764375,43.16292],[23.759155,43.161664],[23.754837,43.160646],[23.750508,43.159641],[23.74804,43.159046],[23.743073,43.157833],[23.738695,43.156796],[23.73457,43.155818],[23.73273,43.155994],[23.728833,43.155035],[23.727532,43.154746],[23.723872,43.153869],[23.718714,43.152651],[23.715786,43.151784],[23.712971,43.151451],[23.711537,43.151268],[23.708331,43.150501],[23.705967,43.149942],[23.702642,43.149137],[23.69874,43.148233],[23.696446,43.147694],[23.695562,43.146175],[23.694723,43.144578],[23.693957,43.143287],[23.693876,43.142867]]}},{"type":"Feature","properties":{"osm_id":445175610,"voltage":"110000","circuits":"1","cables":"3","name":"ПС Бяла","operator":"","ref":""},"geometry":{"type":"LineString","coordinates":[[27.782054,42.989674],[27.782055,42.989015],[27.782513,42.987595],[27.78299,42.986311],[27.784965,42.98603],[27.788029,42.98557],[27.790253,42.985226],[27.792426,42.984938],[27.798689,42.983973],[27.80219,42.983628],[27.804197,42.983151],[27.807381,42.982664],[27.810556,42.982196],[27.814349,42.981651],[27.83707,42.97824],[27.840138,42.97774],[27.843107,42.97805],[27.846453,42.978313],[27.849787,42.97858],[27.853059,42.978844],[27.856389,42.979115],[27.859641,42.979377],[27.863357,42.979699],[27.86671,42.979983],[27.868452,42.982242],[27.87008,42.98424],[27.871252,42.98568],[27.871736,42.985888],[27.871957,42.985947]]}},{"type":"Feature","properties":{"osm_id":448678462,"voltage":"110000","circuits":"1","cables":"3","name":"","operator":"","ref":""},"geometry":{"type":"LineString","coordinates":[[22.392099,43.902848],[22.392777,43.902822],[22.395529,43.902758],[22.398591,43.902688],[22.401313,43.90262],[22.403574,43.902574],[22.406046,43.902582],[22.408868,43.902624],[22.412097,43.902645],[22.414778,43.902695],[22.418638,43.902716],[22.421426,43.902748],[22.424421,43.902779],[22.427494,43.9028],[22.43112,43.902863],[22.433778,43.90288],[22.437235,43.902914],[22.440144,43.902943],[22.443869,43.902985],[22.446714,43.903015],[22.449612,43.903052],[22.453127,43.903082],[22.457394,43.903128],[22.460134,43.903141],[22.463918,43.903166],[22.466436,43.9032],[22.469339,43.903237],[22.472516,43.903263],[22.47595,43.903288],[22.478603,43.903313],[22.481827,43.903351],[22.485208,43.903389],[22.488583,43.90341],[22.491982,43.903435],[22.494594,43.903473],[22.497566,43.90348],[22.501908,43.903485],[22.507679,43.903539],[22.513515,43.903569],[22.51703,43.903607],[22.518738,43.903623],[22.520814,43.903644],[22.52251,43.903644],[22.52497,43.903918],[22.525833,43.903623],[22.525839,43.902972],[22.525586,43.902875]]}},{"type":"Feature","properties":{"osm_id":449001747,"voltage":"110000","circuits":"1","cables":"3","name":"","operator":"","ref":""},"geometry":{"type":"LineString","coordinates":[[22.525771,43.902652],[22.526066,43.902674],[22.527844,43.903216],[22.530641,43.904139],[22.533085,43.904924],[22.535423,43.905696],[22.537233,43.906267],[22.540263,43.906045],[22.541007,43.905045],[22.54171,43.904135],[22.542479,43.903097],[22.543318,43.901989],[22.544096,43.900964],[22.544683,43.900181],[22.545779,43.898739],[22.546782,43.897383],[22.5485,43.895065],[22.549645,43.893549],[22.550489,43.892438],[22.551717,43.890776],[22.553608,43.890088],[22.555022,43.889582],[22.556886,43.888926],[22.559232,43.888046],[22.560626,43.887551],[22.562205,43.886975],[22.563941,43.886339],[22.565693,43.885722],[22.567194,43.885168],[22.568689,43.884621],[22.5702,43.884093],[22.571402,43.883635],[22.574134,43.882647],[22.576157,43.881919],[22.577811,43.881334],[22.57943,43.880738],[22.581035,43.88017],[22.582595,43.879609],[22.584273,43.878994],[22.585885,43.878417],[22.58752,43.877832],[22.589138,43.877248],[22.590682,43.876686],[22.592313,43.876109],[22.593808,43.875576],[22.595394,43.874999],[22.597062,43.87439],[22.598658,43.873811],[22.600178,43.873252],[22.601598,43.872717],[22.602947,43.872235],[22.604249,43.871747],[22.607148,43.871029],[22.609711,43.87039],[22.611758,43.869893],[22.614943,43.869099],[22.615586,43.868941],[22.618219,43.868294],[22.619867,43.867878],[22.620629,43.867593],[22.621482,43.867275],[22.622987,43.866688],[22.6237,43.866422],[22.624592,43.866089],[22.626263,43.865448],[22.627888,43.864835],[22.629513,43.864211],[22.630878,43.863692],[22.632477,43.863098],[22.634086,43.862492],[22.635607,43.861912],[22.637186,43.861299],[22.638736,43.860712],[22.640319,43.860102],[22.641941,43.859493],[22.64367,43.858838],[22.645399,43.858188],[22.646946,43.857587],[22.648506,43.857007],[22.650047,43.85641],[22.651516,43.855858],[22.652805,43.855367],[22.655375,43.8544],[22.658736,43.853118],[22.661442,43.852091],[22.663067,43.851464],[22.664647,43.85087],[22.666317,43.850229],[22.667985,43.849592],[22.669639,43.848972],[22.671163,43.848388],[22.672759,43.847784],[22.674241,43.847213],[22.675768,43.846633],[22.677211,43.846076],[22.678879,43.845442],[22.680471,43.844836],[22.681982,43.844263],[22.683686,43.843613],[22.685226,43.843028],[22.686815,43.842417],[22.688551,43.84175],[22.690443,43.841029],[22.692075,43.840397],[22.693638,43.839774],[22.695068,43.839218],[22.696624,43.838607],[22.698123,43.838031],[22.699214,43.837597],[22.701418,43.836725],[22.702897,43.836143],[22.704493,43.83552],[22.706092,43.834905],[22.707736,43.834256],[22.70928,43.833638],[22.71086,43.833032],[22.712035,43.832567],[22.713887,43.833644],[22.71557,43.834652],[22.716264,43.835714],[22.717117,43.836999],[22.716784,43.837422]]}},{"type":"Feature","properties":{"osm_id":449001755,"voltage":"110000","circuits":"1","cables":"3","name":"","operator":"","ref":""},"geometry":{"type":"LineString","coordinates":[[22.836148,43.941523],[22.835729,43.941865],[22.835317,43.94249]]}},{"type":"Feature","properties":{"osm_id":449008125,"voltage":"110000","circuits":"1","cables":"3","name":"","operator":"","ref":""},"geometry":{"type":"LineString","coordinates":[[22.835317,43.94249],[22.836825,43.944595],[22.83853,43.94692],[22.840323,43.949394],[22.842175,43.951802],[22.845032,43.952265],[22.84746,43.952692]]}},{"type":"Feature","properties":{"osm_id":449008126,"voltage":"110000","circuits":"2","cables":"6","name":"","operator":"","ref":""},"geometry":{"type":"LineString","coordinates":[[22.835504,43.941749],[22.83488,43.942383],[22.836078,43.944025],[22.838053,43.946783],[22.839983,43.949429],[22.84187,43.951901],[22.843863,43.95468],[22.845525,43.95694],[22.844748,43.959222],[22.843845,43.961769],[22.842879,43.964542],[22.842635,43.965355],[22.841888,43.967507],[22.840797,43.970415],[22.839854,43.973158]]}},{"type":"Feature","properties":{"osm_id":449008127,"voltage":"110000","circuits":"2","cables":"6","name":"","operator":"","ref":""},"geometry":{"type":"LineString","coordinates":[[22.8515,43.978044],[22.849555,43.977115],[22.847278,43.976097],[22.845048,43.975133],[22.842754,43.974106],[22.840344,43.973133],[22.840923,43.971],[22.841943,43.96831],[22.842491,43.966654],[22.843192,43.964679],[22.843276,43.964442],[22.84413,43.961968],[22.845048,43.959392],[22.845871,43.957006],[22.846506,43.955199],[22.846709,43.954622],[22.847089,43.953517],[22.84746,43.952692],[22.849414,43.951477],[22.850589,43.950733]]}},{"type":"Feature","properties":{"osm_id":449008172,"voltage":"110000","circuits":"2","cables":"6","name":"","operator":"","ref":""},"geometry":{"type":"LineString","coordinates":[[22.851925,43.979838],[22.852176,43.980234],[22.847952,43.982987],[22.846306,43.98477],[22.844573,43.986711],[22.842812,43.988498],[22.84183,43.989561],[22.840565,43.990936],[22.840795,43.993438],[22.840949,43.995405],[22.841055,43.996762],[22.841241,43.998941],[22.841471,44.000922],[22.844192,44.002467],[22.846626,44.003781],[22.849552,44.005412],[22.851495,44.006527],[22.854762,44.008306],[22.857233,44.009744],[22.858517,44.010421],[22.86105,44.008903],[22.864055,44.007087],[22.867505,44.005346],[22.86938,44.004403]]}},{"type":"Feature","properties":{"osm_id":449008179,"voltage":"110000","circuits":"1","cables":"3","name":"","operator":"","ref":""},"geometry":{"type":"LineString","coordinates":[[22.740548,44.099863],[22.740768,44.100344],[22.741644,44.101564],[22.743552,44.101814],[22.746279,44.103226],[22.748875,44.104539],[22.751603,44.105942],[22.754267,44.107275],[22.756873,44.108607],[22.759352,44.109888],[22.761616,44.109284],[22.763922,44.108686],[22.766196,44.108092],[22.767957,44.106584],[22.769782,44.105019],[22.771717,44.103376],[22.773696,44.101689],[22.778039,44.097984],[22.779479,44.096761],[22.781161,44.095311],[22.782936,44.09381],[22.78477,44.092251],[22.787716,44.089732],[22.78952,44.088202],[22.79116,44.0868],[22.794224,44.084177],[22.796086,44.082584],[22.797844,44.081086],[22.799794,44.079418],[22.801583,44.077891],[22.804457,44.07542],[22.806201,44.07393],[22.80837,44.072082],[22.810447,44.070557],[22.813249,44.068507],[22.81552,44.066846],[22.817918,44.065092],[22.820294,44.063343],[22.822914,44.061434],[22.825626,44.059444],[22.828356,44.057447],[22.830944,44.055546],[22.833683,44.053548],[22.836383,44.051564],[22.839079,44.049588],[22.841519,44.047798],[22.844022,44.045967],[22.846359,44.044234],[22.84902,44.042289],[22.851432,44.040246],[22.854417,44.038335],[22.856202,44.037028],[22.858954,44.035004],[22.861604,44.033094],[22.864332,44.031092],[22.86691,44.029185],[22.869438,44.027348],[22.871958,44.02548],[22.873946,44.024028],[22.874326,44.021642],[22.874662,44.01943],[22.872948,44.018457],[22.869711,44.016636],[22.866126,44.014658],[22.863878,44.013401],[22.860322,44.0114],[22.858918,44.010635],[22.860577,44.009657],[22.862927,44.008249],[22.865278,44.00682],[22.867889,44.005497],[22.86972,44.004581],[22.870052,44.004304]]}},{"type":"Feature","properties":{"osm_id":449454755,"voltage":"110000","circuits":"1","cables":"3","name":"","operator":"","ref":""},"geometry":{"type":"LineString","coordinates":[[22.716933,43.837545],[22.71758,43.837074],[22.716759,43.835831],[22.715863,43.834483],[22.714356,43.833738],[22.713531,43.832818],[22.712171,43.83131],[22.711373,43.830419],[22.710467,43.829404],[22.709591,43.828434],[22.708679,43.827412],[22.707716,43.826351],[22.706801,43.825321],[22.70583,43.824244],[22.704938,43.823242],[22.704064,43.822282],[22.703052,43.821152],[22.702216,43.820217],[22.701533,43.819449],[22.701177,43.819055],[22.700672,43.818498],[22.700482,43.818288],[22.70076,43.816918],[22.70104,43.815613],[22.70131,43.81434],[22.701574,43.813061],[22.701857,43.811755],[22.702127,43.81042],[22.702375,43.809184],[22.702645,43.807964],[22.702847,43.80693],[22.703088,43.805771],[22.703446,43.804093],[22.703867,43.802069],[22.704355,43.799558],[22.70468,43.798136],[22.705022,43.796507],[22.705397,43.794711],[22.705791,43.792804],[22.706161,43.791029],[22.706516,43.789332],[22.707014,43.786956],[22.707361,43.785294],[22.707696,43.783651],[22.708031,43.782032],[22.708534,43.77963],[22.708822,43.77823],[22.709159,43.77667],[22.709494,43.775083],[22.708647,43.773619],[22.707882,43.772273],[22.706995,43.770702],[22.706148,43.769257],[22.705252,43.767708],[22.704285,43.765965],[22.703622,43.764823],[22.702925,43.76359],[22.702318,43.762509],[22.701021,43.760306],[22.700279,43.759072],[22.699429,43.757516],[22.698666,43.756219],[22.698613,43.754998],[22.698588,43.753775],[22.698532,43.752519],[22.698498,43.751302],[22.698445,43.750147],[22.698381,43.748618],[22.698326,43.747149],[22.698308,43.745901],[22.698282,43.744638],[22.698249,43.743698],[22.698164,43.741784],[22.698122,43.740154],[22.698091,43.738812],[22.698009,43.737321],[22.697984,43.735805],[22.697945,43.734622],[22.697921,43.733508],[22.699251,43.732555],[22.702379,43.730301]]}},{"type":"Feature","properties":{"osm_id":450044838,"voltage":"110000","circuits":"1","cables":"3","name":"","operator":"","ref":""},"geometry":{"type":"LineString","coordinates":[[22.716547,43.732812],[22.716025,43.732195]]}},{"type":"Feature","properties":{"osm_id":450044839,"voltage":"110000","circuits":"2","cables":"6","name":"","operator":"","ref":""},"geometry":{"type":"LineString","coordinates":[[22.716025,43.732195],[22.713564,43.731655],[22.711538,43.731204],[22.709173,43.731157],[22.706998,43.731101],[22.704507,43.731065],[22.702379,43.730301]]}},{"type":"Feature","properties":{"osm_id":450184412,"voltage":"110000","circuits":"1","cables":"3","name":"","operator":"","ref":""},"geometry":{"type":"LineString","coordinates":[[23.078363,43.668203],[23.07946,43.668214],[23.080934,43.66997],[23.081703,43.670854],[23.082632,43.671991],[23.081897,43.672841],[23.080687,43.674244],[23.079587,43.67548],[23.078491,43.676747],[23.077424,43.67795],[23.076699,43.678787],[23.075682,43.679942],[23.074762,43.680996],[23.073566,43.68238],[23.072573,43.683504],[23.071496,43.684706],[23.070193,43.686224],[23.068856,43.68775],[23.069416,43.689536],[23.069952,43.691284],[23.070497,43.693042],[23.071135,43.695046],[23.071636,43.696716],[23.072004,43.697941],[23.072451,43.699347],[23.072895,43.700762],[23.073306,43.702103],[23.073733,43.703464],[23.07555,43.704404],[23.077213,43.705252],[23.078847,43.70609],[23.080458,43.706919],[23.082067,43.707737],[23.083698,43.708576],[23.085534,43.709521],[23.087054,43.710295],[23.088785,43.711181],[23.090465,43.712048],[23.09208,43.712875],[23.093682,43.713704],[23.095314,43.714532],[23.096939,43.715367],[23.098675,43.716257],[23.100484,43.717184],[23.102119,43.718028],[23.103848,43.718906],[23.105997,43.720007],[23.107942,43.721008],[23.109482,43.721797],[23.110906,43.722524],[23.112256,43.723223],[23.113759,43.724259],[23.115234,43.725268],[23.116593,43.726198],[23.118044,43.72719],[23.119491,43.728191],[23.120935,43.729188],[23.122514,43.730273],[23.124115,43.731389],[23.125586,43.732395],[23.127034,43.733376],[23.128491,43.734377],[23.129925,43.735373],[23.131477,43.736458],[23.132461,43.737368],[23.133752,43.738557],[23.134899,43.739626],[23.136109,43.740777],[23.137326,43.74191],[23.138537,43.743065],[23.13976,43.744221],[23.140986,43.745351],[23.142201,43.746504],[23.143659,43.747856],[23.144937,43.749062],[23.146152,43.750205],[23.147372,43.751338],[23.148612,43.752505],[23.149839,43.753667],[23.151076,43.754803],[23.152284,43.755951],[23.153506,43.757079],[23.154723,43.758225],[23.156023,43.759458],[23.157237,43.760578],[23.158601,43.761862],[23.159671,43.762846],[23.161052,43.764174],[23.162201,43.765234],[23.16343,43.766371],[23.164638,43.767528],[23.165971,43.768759],[23.167107,43.769835],[23.168482,43.771131],[23.169806,43.772352],[23.170935,43.773436],[23.1722,43.774595],[23.173332,43.775679],[23.174489,43.776735],[23.175628,43.777813],[23.176849,43.778954],[23.178068,43.780094],[23.179425,43.781369],[23.180757,43.782618],[23.18198,43.783755],[23.183238,43.784924],[23.184411,43.78603],[23.185623,43.787186],[23.186866,43.78833],[23.188234,43.789622],[23.189305,43.790602],[23.191768,43.791344],[23.194398,43.792116],[23.196769,43.792815],[23.199043,43.793489],[23.201581,43.794263],[23.204104,43.795005],[23.207072,43.795877],[23.209338,43.796535],[23.211315,43.797142],[23.213585,43.797791],[23.215845,43.798473],[23.218164,43.799166],[23.220291,43.79977],[23.222528,43.80044],[23.224554,43.801044],[23.227521,43.801895],[23.229159,43.802406],[23.230236,43.802735],[23.231802,43.801796],[23.231792,43.801607]]}},{"type":"Feature","properties":{"osm_id":450184413,"voltage":"110000","circuits":"1","cables":"3","name":"","operator":"","ref":""},"geometry":{"type":"LineString","coordinates":[[23.116904,43.777625],[23.117978,43.777958],[23.120563,43.779278],[23.122819,43.780446],[23.125042,43.781615],[23.127423,43.782827],[23.129817,43.784062],[23.132204,43.785299],[23.134591,43.786533],[23.137013,43.787791],[23.139156,43.788885],[23.141342,43.79003],[23.143928,43.791364],[23.146152,43.792502],[23.149137,43.793819],[23.151778,43.794991],[23.154343,43.796123],[23.15708,43.797331],[23.159662,43.798465],[23.162119,43.799565],[23.164832,43.800762],[23.167295,43.801847],[23.169886,43.80299],[23.172205,43.804032],[23.174521,43.805017],[23.177097,43.806104],[23.17976,43.807241],[23.182054,43.808219],[23.184463,43.809238],[23.187289,43.810507],[23.189315,43.811342],[23.191874,43.812461],[23.194064,43.813372],[23.196741,43.814246],[23.199833,43.81522],[23.202181,43.815982],[23.204407,43.816703],[23.207606,43.817669],[23.21005,43.818466],[23.212825,43.819335],[23.215366,43.820136],[23.21804,43.819114],[23.22154,43.817718],[23.224785,43.816464],[23.226182,43.815925],[23.226473,43.814188],[23.2273,43.809042],[23.226568,43.807526],[23.225849,43.806084],[23.22758,43.804866],[23.230196,43.803046],[23.231403,43.80307],[23.232222,43.802047],[23.232059,43.801744],[23.231903,43.801562]]}},{"type":"Feature","properties":{"osm_id":450184415,"voltage":"110000","circuits":"1","cables":"3","name":"","operator":"","ref":""},"geometry":{"type":"LineString","coordinates":[[23.116904,43.777625],[23.117834,43.778208],[23.118748,43.779283],[23.11969,43.780382],[23.120705,43.781536],[23.11815,43.784136],[23.11625,43.786057],[23.114029,43.788285],[23.112594,43.789691],[23.11112,43.788986],[23.109615,43.788283],[23.108102,43.78758],[23.106635,43.786898],[23.105114,43.786192],[23.103594,43.785498],[23.102059,43.784759],[23.099621,43.78354],[23.098819,43.78265],[23.099572,43.782194]]}},{"type":"Feature","properties":{"osm_id":450297525,"voltage":"110000","circuits":"1","cables":"3","name":"","operator":"","ref":""},"geometry":{"type":"LineString","coordinates":[[23.078327,43.667961],[23.079258,43.667961]]}},{"type":"Feature","properties":{"osm_id":450297526,"voltage":"110000","circuits":"2","cables":"6","name":"","operator":"","ref":""},"geometry":{"type":"LineString","coordinates":[[23.079258,43.667961],[23.080512,43.666533],[23.082221,43.665269],[23.083896,43.663963],[23.085807,43.662584],[23.087493,43.661355],[23.089346,43.659892],[23.091238,43.658524],[23.093187,43.657107],[23.09528,43.655498],[23.097143,43.654102],[23.099217,43.652563],[23.101292,43.650982],[23.10338,43.649429],[23.105488,43.647855],[23.107576,43.646296],[23.109703,43.644701],[23.111782,43.643137],[23.1139,43.641556],[23.115993,43.639989],[23.118077,43.638415],[23.120156,43.636869],[23.122297,43.635298],[23.124371,43.633742],[23.126143,43.632414],[23.127631,43.631174],[23.129269,43.629818],[23.130647,43.628675],[23.132649,43.626989],[23.134689,43.625286],[23.136677,43.623639],[23.138713,43.621936],[23.140763,43.620233],[23.142784,43.618544],[23.14482,43.616847],[23.146789,43.615203],[23.148752,43.613559],[23.150697,43.61205],[23.152526,43.610649],[23.154547,43.609064],[23.156554,43.6075],[23.158638,43.605887],[23.160549,43.604392],[23.162556,43.602834],[23.164563,43.601273],[23.166579,43.599705],[23.168577,43.598144],[23.170641,43.596537],[23.17272,43.594931],[23.174814,43.59331],[23.176907,43.5917],[23.179,43.590069],[23.180844,43.58863],[23.182904,43.58703],[23.184944,43.585434],[23.186908,43.583921],[23.188949,43.582317],[23.191103,43.580634],[23.193011,43.579166],[23.194878,43.577709],[23.196928,43.576105],[23.198979,43.574516],[23.201023,43.572914],[23.203123,43.571278],[23.205133,43.569714],[23.207099,43.568197],[23.208969,43.566718],[23.210006,43.565612],[23.210309,43.563839],[23.210577,43.562211],[23.210845,43.560624],[23.211141,43.558905],[23.211478,43.556861],[23.210113,43.555319],[23.208609,43.553703],[23.207151,43.55212],[23.205627,43.550494],[23.204089,43.548791],[23.205485,43.547002],[23.207592,43.546397],[23.209507,43.545814],[23.211838,43.545112],[23.214459,43.544348],[23.216998,43.543584],[23.219176,43.542951],[23.22146,43.542253],[23.223915,43.541525],[23.226636,43.540705],[23.228821,43.540061],[23.231498,43.539269],[23.233993,43.538519],[23.236563,43.537747],[23.239355,43.536928],[23.242002,43.536139],[23.244504,43.535383],[23.246578,43.534763],[23.249001,43.534047],[23.251345,43.53334],[23.252981,43.532407],[23.254681,43.531088],[23.256821,43.529411],[23.258988,43.527721],[23.260518,43.526526],[23.262407,43.525054],[23.264303,43.523583],[23.265927,43.522307],[23.268,43.520694],[23.269924,43.519197],[23.272064,43.517513],[23.274115,43.515903],[23.276165,43.514321],[23.278236,43.5127],[23.280313,43.511086],[23.282289,43.509544],[23.284345,43.507922],[23.28643,43.506301],[23.288438,43.504734],[23.290547,43.503087],[23.292215,43.501792],[23.29414,43.500279],[23.296311,43.498589],[23.29837,43.496981],[23.300472,43.495341],[23.302091,43.494071],[23.304096,43.492498],[23.306196,43.490852],[23.308071,43.489388],[23.309761,43.48807],[23.311461,43.486746],[23.313475,43.485124],[23.314691,43.482762],[23.315351,43.481479],[23.317548,43.480179],[23.319606,43.478941],[23.321626,43.477753],[23.323694,43.476518],[23.32567,43.47534],[23.327615,43.474192],[23.328192,43.472704],[23.328819,43.471017],[23.329242,43.469923],[23.329874,43.468265],[23.331491,43.4677],[23.333538,43.467181],[23.335472,43.466674],[23.336065,43.467545]]}},{"type":"Feature","properties":{"osm_id":450297527,"voltage":"110000","circuits":"1","cables":"3","name":"","operator":"","ref":""},"geometry":{"type":"LineString","coordinates":[[23.336226,43.467917],[23.336065,43.467545]]}},{"type":"Feature","properties":{"osm_id":450308685,"voltage":"110000","circuits":"","cables":"","name":"","operator":"","ref":""},"geometry":{"type":"LineString","coordinates":[[23.781293,43.740961],[23.781506,43.741294],[23.78178,43.742744],[23.78204,43.743192]]}},{"type":"Feature","properties":{"osm_id":450308686,"voltage":"110000","circuits":"1","cables":"3","name":"","operator":"","ref":""},"geometry":{"type":"LineString","coordinates":[[23.718122,43.77033],[23.717938,43.770175],[23.71525,43.76862],[23.712668,43.766723],[23.71007,43.764827],[23.707564,43.762977],[23.705057,43.761148],[23.702656,43.759383],[23.699877,43.757351],[23.697567,43.755676],[23.694931,43.753744],[23.692405,43.751862],[23.69131,43.751062],[23.690826,43.750681]]}},{"type":"Feature","properties":{"osm_id":450308687,"voltage":"110000","circuits":"1","cables":"3","name":"","operator":"","ref":""},"geometry":{"type":"LineString","coordinates":[[23.718274,43.770248],[23.718081,43.77008],[23.715471,43.76846],[23.712896,43.766571],[23.710321,43.764693],[23.707762,43.762798],[23.705173,43.760926],[23.702882,43.75923],[23.700193,43.757274],[23.697711,43.755468],[23.695051,43.753501],[23.692502,43.751589]]}},{"type":"Feature","properties":{"osm_id":450314208,"voltage":"400000","circuits":"1","cables":"3","name":"","operator":"","ref":""},"geometry":{"type":"LineString","coordinates":[[23.816975,43.669781],[23.821023,43.670009],[23.825714,43.669975]]}},{"type":"Feature","properties":{"osm_id":450314209,"voltage":"400000","circuits":"2","cables":"6","name":"","operator":"","ref":""},"geometry":{"type":"LineString","coordinates":[[23.816975,43.669781],[23.810173,43.669707],[23.805742,43.669622],[23.801682,43.669521],[23.797159,43.669435],[23.793337,43.669299]]}},{"type":"Feature","properties":{"osm_id":450314210,"voltage":"400000","circuits":"1","cables":"3","name":"","operator":"","ref":""},"geometry":{"type":"LineString","coordinates":[[23.825714,43.669975],[23.821042,43.669831],[23.816975,43.669781]]}},{"type":"Feature","properties":{"osm_id":450314211,"voltage":"400000","circuits":"1","cables":"3","name":"","operator":"","ref":""},"geometry":{"type":"LineString","coordinates":[[23.75932,43.694052],[23.762356,43.691706],[23.765037,43.689297]]}},{"type":"Feature","properties":{"osm_id":450314212,"voltage":"400000","circuits":"2","cables":"6","name":"","operator":"","ref":""},"geometry":{"type":"LineString","coordinates":[[23.765037,43.689297],[23.768338,43.686565],[23.771626,43.683841],[23.774859,43.681166],[23.778112,43.678471],[23.781308,43.675823],[23.784569,43.673118],[23.788339,43.669994]]}},{"type":"Feature","properties":{"osm_id":450314213,"voltage":"400000","circuits":"1","cables":"3","name":"","operator":"","ref":""},"geometry":{"type":"LineString","coordinates":[[23.75932,43.694052],[23.762119,43.691548],[23.765037,43.689297]]}},{"type":"Feature","properties":{"osm_id":450317772,"voltage":"110000","circuits":"1","cables":"3","name":"","operator":"","ref":""},"geometry":{"type":"LineString","coordinates":[[23.835598,43.68149],[23.835199,43.681883],[23.833883,43.683526],[23.83408,43.686199],[23.834253,43.688767],[23.834409,43.690769],[23.835032,43.691929],[23.835765,43.693301],[23.837193,43.695958],[23.838623,43.698614],[23.840165,43.701435],[23.841383,43.703681],[23.840124,43.706437],[23.839385,43.708169],[23.838301,43.710527],[23.837223,43.712954],[23.836193,43.71523],[23.835244,43.717324],[23.834026,43.719937],[23.834498,43.721507],[23.835119,43.723636],[23.835751,43.72597],[23.836489,43.728678],[23.837065,43.730763],[23.837598,43.732576],[23.838108,43.734411],[23.838578,43.736095],[23.838795,43.736789],[23.839437,43.737776],[23.840498,43.739519],[23.841585,43.741214],[23.842903,43.743304],[23.844233,43.745377],[23.845361,43.74717],[23.846749,43.747651],[23.849583,43.748683],[23.848838,43.75098],[23.849023,43.751105]]}},{"type":"Feature","properties":{"osm_id":450381466,"voltage":"110000","circuits":"2","cables":"6","name":"","operator":"","ref":""},"geometry":{"type":"LineString","coordinates":[[27.408468,42.521515],[27.410121,42.520807],[27.41477,42.519535],[27.416545,42.51944],[27.419206,42.519826],[27.421915,42.520249],[27.424077,42.518881]]}},{"type":"Feature","properties":{"osm_id":450516945,"voltage":"110000","circuits":"1","cables":"3","name":"","operator":"","ref":""},"geometry":{"type":"LineString","coordinates":[[23.78251,43.743626],[23.782771,43.744066],[23.783466,43.744511],[23.78585,43.746152],[23.787751,43.747486],[23.790935,43.748338],[23.793047,43.748883],[23.796279,43.747586],[23.799554,43.746274],[23.802855,43.744971],[23.806141,43.743658],[23.809076,43.742497],[23.81237,43.741175],[23.815326,43.740006],[23.815603,43.739881],[23.817641,43.739649]]}},{"type":"Feature","properties":{"osm_id":450516946,"voltage":"220000","circuits":"1","cables":"2","name":"","operator":"","ref":""},"geometry":{"type":"LineString","coordinates":[[23.818626,43.740487],[23.822767,43.738687],[23.826804,43.737066],[23.830607,43.735542],[23.837262,43.733036],[23.84083,43.731623]]}},{"type":"Feature","properties":{"osm_id":450516947,"voltage":"220000","circuits":"1","cables":"2","name":"","operator":"","ref":""},"geometry":{"type":"LineString","coordinates":[[23.832322,43.736963],[23.82925,43.738096],[23.826203,43.739328],[23.822572,43.740917]]}},{"type":"Feature","properties":{"osm_id":450516948,"voltage":"400000","circuits":"1","cables":"1","name":"","operator":"","ref":""},"geometry":{"type":"LineString","coordinates":[[23.841916,43.735369],[23.838256,43.736801],[23.835668,43.737852]]}},{"type":"Feature","properties":{"osm_id":450516949,"voltage":"400000","circuits":"1","cables":"2","name":"","operator":"","ref":""},"geometry":{"type":"LineString","coordinates":[[23.835668,43.737852],[23.832212,43.739142],[23.829008,43.740419],[23.825167,43.742067]]}},{"type":"Feature","properties":{"osm_id":450516950,"voltage":"400000","circuits":"1","cables":"1","name":"","operator":"","ref":""},"geometry":{"type":"LineString","coordinates":[[23.835668,43.737852],[23.838203,43.736712],[23.841916,43.735369]]}},{"type":"Feature","properties":{"osm_id":450516951,"voltage":"110000","circuits":"1","cables":"2","name":"","operator":"","ref":""},"geometry":{"type":"LineString","coordinates":[[23.835887,43.735606],[23.838451,43.734424],[23.842172,43.733057]]}},{"type":"Feature","properties":{"osm_id":450516952,"voltage":"400000","circuits":"1","cables":"3","name":"","operator":"","ref":""},"geometry":{"type":"LineString","coordinates":[[23.777713,43.74448],[23.777778,43.74238],[23.777603,43.741834]]}},{"type":"Feature","properties":{"osm_id":450516953,"voltage":"400000","circuits":"1","cables":"3","name":"","operator":"","ref":""},"geometry":{"type":"LineString","coordinates":[[23.777052,43.741993],[23.777225,43.742517],[23.777474,43.744543]]}},{"type":"Feature","properties":{"osm_id":450516954,"voltage":"400000","circuits":"1","cables":"3","name":"","operator":"","ref":""},"geometry":{"type":"LineString","coordinates":[[23.775982,43.742303],[23.77617,43.742837],[23.776722,43.74476]]}},{"type":"Feature","properties":{"osm_id":450516955,"voltage":"400000","circuits":"1","cables":"3","name":"","operator":"","ref":""},"geometry":{"type":"LineString","coordinates":[[23.77547,43.742451],[23.775624,43.742979],[23.776459,43.744828]]}},{"type":"Feature","properties":{"osm_id":450516956,"voltage":"400000","circuits":"1","cables":"3","name":"","operator":"","ref":""},"geometry":{"type":"LineString","coordinates":[[23.77637,43.742191],[23.776519,43.742737],[23.776958,43.744699]]}},{"type":"Feature","properties":{"osm_id":450516958,"voltage":"400000","circuits":"1","cables":"3","name":"","operator":"","ref":""},"geometry":{"type":"LineString","coordinates":[[23.746437,43.753581],[23.744736,43.753806],[23.740524,43.754376]]}},{"type":"Feature","properties":{"osm_id":450516959,"voltage":"400000","circuits":"2","cables":"6","name":"","operator":"","ref":""},"geometry":{"type":"LineString","coordinates":[[23.691138,43.781722],[23.685569,43.782365],[23.681599,43.78283],[23.677082,43.783325],[23.672866,43.783844],[23.668725,43.784332],[23.664347,43.784813],[23.660249,43.785332],[23.656558,43.785766]]}},{"type":"Feature","properties":{"osm_id":450516960,"voltage":"400000","circuits":"1","cables":"3","name":"","operator":"","ref":""},"geometry":{"type":"LineString","coordinates":[[23.746437,43.753581],[23.744737,43.753585],[23.740524,43.754376]]}},{"type":"Feature","properties":{"osm_id":450516961,"voltage":"400000","circuits":"2","cables":"6","name":"","operator":"","ref":""},"geometry":{"type":"LineString","coordinates":[[23.75024,43.753451],[23.746437,43.753581]]}},{"type":"Feature","properties":{"osm_id":450516962,"voltage":"400000","circuits":"1","cables":"3","name":"","operator":"","ref":""},"geometry":{"type":"LineString","coordinates":[[23.755063,43.754591],[23.752506,43.753493],[23.75024,43.753451]]}},{"type":"Feature","properties":{"osm_id":450516963,"voltage":"220000","circuits":"1","cables":"3","name":"Хайредин","operator":"","ref":""},"geometry":{"type":"LineString","coordinates":[[23.781085,43.75297],[23.778307,43.753768],[23.775561,43.754522],[23.771554,43.75572],[23.769346,43.756335],[23.764665,43.757639],[23.761617,43.756184],[23.758319,43.754601],[23.75696,43.752375],[23.754908,43.749021],[23.753748,43.747111],[23.751738,43.743934],[23.749462,43.740212],[23.748057,43.737968],[23.746759,43.735848],[23.745353,43.733573],[23.74391,43.73117],[23.742446,43.728735],[23.741169,43.726626],[23.739431,43.725177],[23.737478,43.723556],[23.734785,43.721249],[23.731888,43.71878],[23.730649,43.71769],[23.729941,43.714651],[23.729222,43.711328],[23.728584,43.708264],[23.727919,43.705348],[23.727275,43.702288],[23.725993,43.696506],[23.725355,43.69355],[23.724512,43.689698],[23.723793,43.686382],[23.723091,43.683104],[23.722393,43.679849],[23.721728,43.676765],[23.720972,43.67349],[23.720339,43.670398],[23.719722,43.667297],[23.718965,43.663964],[23.718268,43.660875],[23.714894,43.659318],[23.709696,43.656901],[23.705297,43.65484],[23.700716,43.652717],[23.696086,43.650547],[23.691215,43.64828],[23.686752,43.646176],[23.682096,43.644068],[23.677799,43.642034],[23.673695,43.640132],[23.668787,43.63781],[23.664672,43.6359],[23.660509,43.633986],[23.65617,43.631944],[23.651985,43.629987],[23.647978,43.628131],[23.643434,43.625972],[23.638987,43.62391],[23.635737,43.622345],[23.629707,43.619557],[23.62607,43.617801],[23.622454,43.6161],[23.618377,43.61419],[23.614322,43.612372],[23.610245,43.610383],[23.606243,43.60855],[23.602466,43.606755],[23.59692,43.604184],[23.592993,43.602382],[23.588648,43.600315],[23.584324,43.598272],[23.580322,43.59636],[23.574861,43.593812],[23.571374,43.59218],[23.566514,43.589942],[23.562051,43.587828],[23.558403,43.586002],[23.55335,43.583608],[23.549262,43.581774],[23.544735,43.579645],[23.540829,43.577818],[23.535773,43.575447],[23.531137,43.573189],[23.527582,43.571521],[23.522048,43.568899],[23.51917,43.567555],[23.515395,43.565791],[23.512174,43.564243],[23.508892,43.562735],[23.505154,43.561003],[23.500573,43.558826],[23.496212,43.556753],[23.491336,43.554486],[23.487022,43.552482],[23.480968,43.549586],[23.477061,43.547795],[23.472437,43.545623],[23.468117,43.543606],[23.46433,43.541811],[23.460705,43.540341],[23.457312,43.538901],[23.453101,43.537144],[23.449349,43.535522],[23.444246,43.533436],[23.441267,43.532191],[23.437534,43.52922],[23.43444,43.526713],[23.430809,43.523841],[23.425581,43.519581],[23.421854,43.51657],[23.418925,43.514223],[23.415877,43.511779],[23.412353,43.509997],[23.407814,43.5077],[23.40443,43.505988],[23.391097,43.499241],[23.388561,43.497609],[23.383332,43.494237],[23.380849,43.492726],[23.376914,43.490313],[23.372136,43.48727],[23.368552,43.484996],[23.363199,43.481542],[23.360046,43.47951],[23.356935,43.477478],[23.351329,43.47386],[23.348183,43.471827],[23.344851,43.469737],[23.342911,43.468432],[23.342721,43.468307],[23.340676,43.466961],[23.339905,43.466046]]}},{"type":"Feature","properties":{"osm_id":450516964,"voltage":"220000","circuits":"1","cables":"1","name":"","operator":"","ref":""},"geometry":{"type":"LineString","coordinates":[[23.781085,43.75297],[23.783242,43.752396],[23.782346,43.750435]]}},{"type":"Feature","properties":{"osm_id":450516965,"voltage":"220000","circuits":"1","cables":"1","name":"","operator":"","ref":""},"geometry":{"type":"LineString","coordinates":[[23.781085,43.75297],[23.783006,43.752303],[23.782346,43.750435]]}},{"type":"Feature","properties":{"osm_id":450516966,"voltage":"220000","circuits":"1","cables":"1","name":"Хайредин","operator":"","ref":""},"geometry":{"type":"LineString","coordinates":[[23.782346,43.750435],[23.783135,43.752354],[23.781085,43.75297]]}},{"type":"Feature","properties":{"osm_id":450516967,"voltage":"400000","circuits":"1","cables":"1","name":"","operator":"","ref":""},"geometry":{"type":"LineString","coordinates":[[23.779104,43.748408],[23.778153,43.74683],[23.778075,43.746192]]}},{"type":"Feature","properties":{"osm_id":450516968,"voltage":"400000","circuits":"1","cables":"1","name":"","operator":"","ref":""},"geometry":{"type":"LineString","coordinates":[[23.779104,43.748408],[23.777946,43.746818],[23.778075,43.746192]]}},{"type":"Feature","properties":{"osm_id":450516969,"voltage":"400000","circuits":"1","cables":"1","name":"","operator":"","ref":""},"geometry":{"type":"LineString","coordinates":[[23.779104,43.748408],[23.778285,43.746785],[23.778075,43.746192]]}},{"type":"Feature","properties":{"osm_id":450516970,"voltage":"220000","circuits":"1","cables":"3","name":"Дунав","operator":"","ref":""},"geometry":{"type":"LineString","coordinates":[[23.783028,43.747842],[23.78444,43.749755],[23.787807,43.75097],[23.790169,43.751823],[23.792847,43.752789],[23.796466,43.751351],[23.800187,43.749872],[23.803995,43.74836],[23.807789,43.746841],[23.811468,43.745374],[23.815277,43.743856],[23.819013,43.742358],[23.822572,43.740917]]}},{"type":"Feature","properties":{"osm_id":450516971,"voltage":"220000","circuits":"1","cables":"1","name":"","operator":"","ref":""},"geometry":{"type":"LineString","coordinates":[[23.783028,43.747842],[23.781369,43.745686],[23.780947,43.744722]]}},{"type":"Feature","properties":{"osm_id":450516972,"voltage":"220000","circuits":"1","cables":"1","name":"","operator":"","ref":""},"geometry":{"type":"LineString","coordinates":[[23.783028,43.747842],[23.781559,43.745634],[23.780947,43.744722]]}},{"type":"Feature","properties":{"osm_id":450516973,"voltage":"220000","circuits":"1","cables":"3","name":"Хайредин","operator":"","ref":""},"geometry":{"type":"LineString","coordinates":[[23.781425,43.748113],[23.782346,43.750435]]}},{"type":"Feature","properties":{"osm_id":450516974,"voltage":"220000","circuits":"1","cables":"1","name":"","operator":"","ref":""},"geometry":{"type":"LineString","coordinates":[[23.781425,43.748113],[23.780662,43.745909],[23.780077,43.744993]]}},{"type":"Feature","properties":{"osm_id":450516975,"voltage":"220000","circuits":"1","cables":"1","name":"","operator":"","ref":""},"geometry":{"type":"LineString","coordinates":[[23.780077,43.744993],[23.780452,43.745975],[23.781425,43.748113]]}},{"type":"Feature","properties":{"osm_id":450516976,"voltage":"220000","circuits":"1","cables":"1","name":"","operator":"","ref":""},"geometry":{"type":"LineString","coordinates":[[23.783917,43.747384],[23.781969,43.745507],[23.78147,43.744572]]}},{"type":"Feature","properties":{"osm_id":450516977,"voltage":"220000","circuits":"1","cables":"1","name":"","operator":"","ref":""},"geometry":{"type":"LineString","coordinates":[[23.78147,43.744572],[23.782058,43.745476],[23.783917,43.747384]]}},{"type":"Feature","properties":{"osm_id":450516978,"voltage":"220000","circuits":"1","cables":"1","name":"","operator":"","ref":""},"geometry":{"type":"LineString","coordinates":[[23.783917,43.747384],[23.782159,43.745442],[23.78147,43.744572]]}},{"type":"Feature","properties":{"osm_id":450516979,"voltage":"220000","circuits":"1","cables":"1","name":"","operator":"","ref":""},"geometry":{"type":"LineString","coordinates":[[23.781738,43.744505],[23.782428,43.745349],[23.786123,43.748548]]}},{"type":"Feature","properties":{"osm_id":450516980,"voltage":"220000","circuits":"1","cables":"1","name":"","operator":"","ref":""},"geometry":{"type":"LineString","coordinates":[[23.786123,43.748548],[23.782255,43.745409],[23.781738,43.744505]]}},{"type":"Feature","properties":{"osm_id":450516981,"voltage":"220000","circuits":"1","cables":"3","name":"","operator":"","ref":""},"geometry":{"type":"LineString","coordinates":[[23.786123,43.748548],[23.788618,43.749346],[23.791032,43.75009],[23.792963,43.750718],[23.796254,43.749393],[23.800272,43.747811],[23.804271,43.746211],[23.808252,43.744622],[23.811594,43.74331],[23.815027,43.741917],[23.818626,43.740487]]}},{"type":"Feature","properties":{"osm_id":450516982,"voltage":"220000","circuits":"1","cables":"2","name":"","operator":"","ref":""},"geometry":{"type":"LineString","coordinates":[[23.818626,43.740487],[23.82287,43.738836],[23.827039,43.737176],[23.830764,43.735746],[23.837348,43.733099],[23.84083,43.731623]]}},{"type":"Feature","properties":{"osm_id":450516983,"voltage":"220000","circuits":"1","cables":"3","name":"","operator":"","ref":""},"geometry":{"type":"LineString","coordinates":[[23.84083,43.731623],[23.845247,43.729916],[23.848201,43.728703],[23.851972,43.727219],[23.856,43.72563],[23.860084,43.724024],[23.86439,43.72228],[23.866747,43.721357],[23.868167,43.720795],[23.871227,43.719604],[23.874112,43.718383],[23.874723,43.71627],[23.876098,43.711453],[23.877201,43.707639],[23.878146,43.704265],[23.878915,43.701634],[23.879797,43.698622],[23.880485,43.696233],[23.88126,43.693606],[23.881827,43.691656],[23.882548,43.689162],[23.882376,43.686206],[23.882483,43.681943],[23.882472,43.678823],[23.882424,43.675204],[23.882403,43.671716],[23.882397,43.66929],[23.882349,43.666128],[23.882344,43.66328],[23.882247,43.66149],[23.882107,43.658091],[23.881941,43.654563],[23.881829,43.650969],[23.881528,43.648283],[23.881582,43.64567],[23.881249,43.641544],[23.881297,43.638869],[23.881131,43.635798],[23.880986,43.63216],[23.880799,43.627656],[23.880723,43.625761],[23.880627,43.624084],[23.880541,43.622018],[23.880394,43.619068],[23.880386,43.617295],[23.881437,43.615625],[23.884049,43.611668],[23.886989,43.607213],[23.889366,43.603546],[23.891098,43.60092],[23.892407,43.598903],[23.89422,43.596184],[23.896173,43.593177],[23.897857,43.590617],[23.899456,43.588169],[23.901221,43.585488],[23.903393,43.582146],[23.905663,43.578757],[23.907599,43.575761],[23.909493,43.572916],[23.911226,43.570289],[23.913334,43.567032],[23.914739,43.564948],[23.916509,43.562239],[23.918328,43.559533],[23.920045,43.556874],[23.921852,43.554227],[23.923768,43.551412],[23.925511,43.548737],[23.927271,43.546124],[23.928778,43.543834],[23.930291,43.541517],[23.932093,43.538841],[23.933869,43.536177],[23.935596,43.533513],[23.937452,43.530776],[23.939222,43.528104],[23.940966,43.525466],[23.942758,43.522783],[23.944319,43.520449],[23.946057,43.517784],[23.9478,43.515166],[23.949533,43.512583],[23.951641,43.509428],[23.953454,43.506677],[23.955225,43.504043],[23.957038,43.501307],[23.958813,43.498599],[23.960503,43.496035],[23.962375,43.493326]]}},{"type":"Feature","properties":{"osm_id":450516984,"voltage":"110000","circuits":"1","cables":"3","name":"Дунав","operator":"","ref":""},"geometry":{"type":"LineString","coordinates":[[23.842172,43.733057],[23.845778,43.731649],[23.849473,43.730176],[23.85394,43.728399],[23.857908,43.726835],[23.861764,43.725257],[23.866189,43.723547],[23.867662,43.722946],[23.870167,43.721898],[23.874982,43.720025],[23.877981,43.718783],[23.881165,43.717588],[23.884079,43.716365],[23.886835,43.715236],[23.88963,43.71421],[23.895682,43.711981],[23.897818,43.711103],[23.904152,43.708338],[23.906692,43.707298],[23.911095,43.70753],[23.913524,43.709506],[23.915774,43.711175],[23.917791,43.712653],[23.924032,43.717209],[23.925545,43.718337],[23.927593,43.719882],[23.929954,43.721565],[23.932257,43.723116],[23.934812,43.725104],[23.93714,43.726857],[23.939413,43.728487],[23.94191,43.730344],[23.943644,43.731446],[23.944539,43.732208],[23.945909,43.733388],[23.947029,43.734758],[23.948536,43.736435],[23.948769,43.737429],[23.949433,43.740455]]}},{"type":"Feature","properties":{"osm_id":450516985,"voltage":"110000","circuits":"1","cables":"2","name":"Дунав","operator":"","ref":""},"geometry":{"type":"LineString","coordinates":[[23.835887,43.735606],[23.838557,43.734581],[23.842172,43.733057]]}},{"type":"Feature","properties":{"osm_id":450516986,"voltage":"400000","circuits":"1","cables":"3","name":"","operator":"","ref":""},"geometry":{"type":"LineString","coordinates":[[23.825167,43.742067],[23.82158,43.743495],[23.818039,43.744947],[23.814349,43.746376],[23.810807,43.747799],[23.806973,43.749346],[23.803316,43.750798],[23.799589,43.752276],[23.796033,43.753709],[23.7927,43.755039],[23.790026,43.753958],[23.786943,43.752711],[23.783078,43.751183],[23.779799,43.749841],[23.779104,43.748408]]}},{"type":"Feature","properties":{"osm_id":450516987,"voltage":"400000","circuits":"1","cables":"2","name":"","operator":"","ref":""},"geometry":{"type":"LineString","coordinates":[[23.835668,43.737852],[23.832274,43.739213],[23.829074,43.740513],[23.825167,43.742067]]}},{"type":"Feature","properties":{"osm_id":450516989,"voltage":"400000","circuits":"1","cables":"1","name":"","operator":"","ref":""},"geometry":{"type":"LineString","coordinates":[[23.841916,43.735369],[23.838423,43.736847],[23.835668,43.737852]]}},{"type":"Feature","properties":{"osm_id":450516990,"voltage":"220000","circuits":"1","cables":"2","name":"Дунав","operator":"","ref":""},"geometry":{"type":"LineString","coordinates":[[23.822572,43.740917],[23.82634,43.739478],[23.829387,43.738285],[23.832322,43.736963]]}},{"type":"Feature","properties":{"osm_id":450516991,"voltage":"220000","circuits":"1","cables":"","name":"","operator":"","ref":""},"geometry":{"type":"LineString","coordinates":[[23.820318,43.740472],[23.816761,43.741906],[23.813328,43.743274],[23.809889,43.744665],[23.806622,43.745952],[23.803269,43.747281],[23.799693,43.748711],[23.796028,43.750161],[23.792911,43.751385],[23.790813,43.750688],[23.788591,43.749974],[23.785598,43.748978],[23.783917,43.747384]]}},{"type":"Feature","properties":{"osm_id":450516992,"voltage":"220000","circuits":"1","cables":"2","name":"","operator":"","ref":""},"geometry":{"type":"LineString","coordinates":[[23.820318,43.740472],[23.824405,43.738761],[23.82771,43.737443],[23.831446,43.735909],[23.833723,43.735096],[23.837448,43.73355],[23.841217,43.732116]]}},{"type":"Feature","properties":{"osm_id":450516993,"voltage":"220000","circuits":"1","cables":"2","name":"","operator":"","ref":""},"geometry":{"type":"LineString","coordinates":[[23.841217,43.732116],[23.839051,43.733007],[23.837516,43.733638],[23.833723,43.735096],[23.831545,43.736054],[23.827781,43.737539],[23.824469,43.738841],[23.820318,43.740472]]}},{"type":"Feature","properties":{"osm_id":450517344,"voltage":"400000","circuits":"1","cables":"3","name":"Вършец","operator":"","ref":""},"geometry":{"type":"LineString","coordinates":[[23.75989,43.750926],[23.761019,43.752562],[23.76341,43.753937]]}},{"type":"Feature","properties":{"osm_id":450600917,"voltage":"110000","circuits":"1","cables":"3","name":"","operator":"","ref":""},"geometry":{"type":"LineString","coordinates":[[23.433865,43.690333],[23.433579,43.690269]]}},{"type":"Feature","properties":{"osm_id":450600918,"voltage":"110000","circuits":"2","cables":"6","name":"Аспарухов вал","operator":"","ref":""},"geometry":{"type":"LineString","coordinates":[[23.433579,43.690269],[23.429802,43.691567],[23.430817,43.694474],[23.431733,43.69711],[23.432521,43.699432],[23.433634,43.702612],[23.434666,43.705568],[23.435699,43.708538],[23.435997,43.710293],[23.437483,43.713094],[23.438943,43.715884],[23.44036,43.718571],[23.441897,43.721521],[23.443314,43.724221],[23.444722,43.726875],[23.446094,43.729491],[23.447707,43.732543],[23.44909,43.735197],[23.450594,43.738035],[23.452066,43.740843],[23.453623,43.743807],[23.455039,43.746496],[23.456688,43.749637],[23.457645,43.751483],[23.459128,43.754316],[23.460616,43.757158],[23.462096,43.759991],[23.463685,43.763006],[23.465151,43.765801],[23.466475,43.768354],[23.468143,43.771529],[23.469804,43.774711],[23.471236,43.77743],[23.472214,43.779324],[23.473384,43.781562],[23.474329,43.783313],[23.47554,43.785645],[23.476804,43.78802],[23.478497,43.791274],[23.479631,43.793498],[23.48091,43.795886],[23.48271,43.799041],[23.483953,43.801205],[23.485115,43.803206],[23.486351,43.805343],[23.487504,43.807385],[23.488624,43.809322],[23.489671,43.811165]]}},{"type":"Feature","properties":{"osm_id":450628138,"voltage":"110000","circuits":"1","cables":"3","name":"","operator":"","ref":""},"geometry":{"type":"LineString","coordinates":[[26.008207,43.866071],[26.008131,43.865566],[26.00808,43.865018],[26.008037,43.864477],[26.007986,43.863971],[26.007939,43.863425],[26.007846,43.861803],[26.007746,43.859963],[26.009541,43.859452],[26.011357,43.85893],[26.013048,43.856869],[26.014806,43.856091],[26.015731,43.855682],[26.018133,43.854602],[26.020036,43.853962],[26.022867,43.853007],[26.026165,43.852751],[26.03212,43.852356],[26.034321,43.852188],[26.03714,43.851973],[26.039687,43.850698],[26.041918,43.849586],[26.04448,43.84828],[26.046781,43.848981],[26.049201,43.849683],[26.051424,43.850333],[26.053694,43.85104],[26.05594,43.851673],[26.058138,43.852312],[26.060487,43.853002],[26.061257,43.854206],[26.062116,43.855563],[26.063076,43.857029],[26.064017,43.85854],[26.064949,43.860048],[26.066088,43.861808],[26.067122,43.863337],[26.068628,43.865641],[26.069463,43.866935],[26.06971,43.868725],[26.069976,43.870619],[26.070306,43.872844],[26.070527,43.874543],[26.070811,43.876502]]}},{"type":"Feature","properties":{"osm_id":454312537,"voltage":"110000","circuits":"1","cables":"3","name":"","operator":"","ref":""},"geometry":{"type":"LineString","coordinates":[[27.147614,43.818379],[27.148537,43.818087],[27.151616,43.818629],[27.153354,43.818931],[27.155085,43.819222],[27.15521,43.818621],[27.155886,43.816446],[27.156648,43.814046],[27.157249,43.811831],[27.157968,43.809679],[27.158647,43.807447],[27.159277,43.805328],[27.160339,43.803802],[27.161637,43.801983],[27.163021,43.800171],[27.164312,43.798302],[27.165521,43.796639],[27.166808,43.794858],[27.168117,43.793038],[27.16743,43.790699],[27.166797,43.788616],[27.166175,43.786742],[27.165564,43.784852],[27.164952,43.78276],[27.164387,43.780868],[27.163708,43.778895],[27.163085,43.776819],[27.162431,43.774805],[27.161862,43.772969],[27.161218,43.770947],[27.160596,43.769049],[27.160042,43.767063],[27.15933,43.765059],[27.158751,43.762959],[27.158118,43.761029],[27.157463,43.759015],[27.156809,43.756946],[27.156154,43.754853],[27.155543,43.752893],[27.154899,43.7508],[27.154213,43.748785],[27.153569,43.746708],[27.152936,43.744654],[27.152303,43.742546],[27.151648,43.740461],[27.151005,43.738507],[27.150372,43.736445],[27.149739,43.73443],[27.149696,43.732283],[27.149642,43.729941],[27.149663,43.727522],[27.149642,43.725204],[27.149578,43.722925],[27.149567,43.720606],[27.149503,43.71842],[27.149417,43.71614],[27.14932,43.713806],[27.149224,43.711611],[27.149095,43.709269],[27.149009,43.706989],[27.148923,43.704693],[27.148848,43.702312],[27.148773,43.699977],[27.148612,43.697898],[27.14858,43.695959],[27.14844,43.693725],[27.148376,43.691359],[27.148247,43.689086],[27.148183,43.686759],[27.148086,43.68447],[27.148022,43.68229],[27.147872,43.680001],[27.147764,43.677533],[27.147711,43.675423],[27.147582,43.672699],[27.147528,43.670836],[27.147443,43.669245],[27.147271,43.666576],[27.147239,43.664783],[27.147164,43.662555],[27.147056,43.66001],[27.14696,43.658318],[27.146885,43.656004],[27.14682,43.654475],[27.144868,43.652426],[27.143194,43.650586],[27.141434,43.648669],[27.139829,43.646927],[27.138055,43.64495],[27.13651,43.643234],[27.134783,43.64141],[27.13263,43.63907],[27.131264,43.637574],[27.129665,43.635757],[27.12807,43.634046],[27.126457,43.632333],[27.124665,43.630321],[27.123167,43.628711],[27.121193,43.626591],[27.119687,43.624924],[27.118006,43.623065],[27.116597,43.621546],[27.116044,43.621723]]}},{"type":"Feature","properties":{"osm_id":454555212,"voltage":"110000","circuits":"1","cables":"3","name":"","operator":"","ref":""},"geometry":{"type":"LineString","coordinates":[[26.796268,43.218481],[26.793667,43.219261],[26.789828,43.220396],[26.785797,43.221628],[26.781701,43.222886],[26.774369,43.223793],[26.768157,43.223332],[26.764573,43.223066],[26.760786,43.222787],[26.757591,43.224156],[26.753875,43.225729],[26.750518,43.227104],[26.746844,43.228643],[26.743466,43.230091],[26.740096,43.231515],[26.736882,43.232872],[26.733457,43.234336],[26.730387,43.235616],[26.727414,43.236603],[26.723455,43.237813],[26.720011,43.238905],[26.716545,43.240048],[26.712809,43.241231],[26.710597,43.241976],[26.708038,43.242785],[26.705546,43.243541],[26.702237,43.244513],[26.698546,43.245753],[26.694967,43.246912],[26.69196,43.247872],[26.68931,43.248684],[26.685741,43.249778],[26.681754,43.251085],[26.677921,43.252325],[26.675573,43.253139],[26.67087,43.25463],[26.667181,43.25582],[26.663229,43.257094],[26.659351,43.258404],[26.655688,43.259569],[26.652677,43.260507],[26.649186,43.263439],[26.645708,43.26632],[26.643852,43.26787],[26.640678,43.270442],[26.636445,43.273955],[26.633877,43.276109],[26.630111,43.276282],[26.62663,43.276444],[26.623011,43.276588],[26.618875,43.276772],[26.614439,43.276948],[26.610931,43.277073],[26.606607,43.277264],[26.602106,43.277459],[26.598099,43.277627],[26.594505,43.276243],[26.591538,43.275065],[26.587864,43.273663],[26.585031,43.272511],[26.581121,43.270999],[26.57729,43.269499],[26.57404,43.268195],[26.570322,43.266742],[26.568616,43.266079],[26.567296,43.265555],[26.567396,43.265169]]}},{"type":"Feature","properties":{"osm_id":454555214,"voltage":"110000","circuits":"1","cables":"3","name":"","operator":"","ref":""},"geometry":{"type":"LineString","coordinates":[[26.805978,43.213527],[26.802552,43.215312],[26.799315,43.21693],[26.796268,43.218481]]}},{"type":"Feature","properties":{"osm_id":455589385,"voltage":"110000","circuits":"","cables":"","name":"","operator":"","ref":""},"geometry":{"type":"LineString","coordinates":[[23.481994,43.363034],[23.481802,43.362782]]}},{"type":"Feature","properties":{"osm_id":455589386,"voltage":"110000","circuits":"","cables":"3","name":"","operator":"","ref":""},"geometry":{"type":"LineString","coordinates":[[23.481802,43.362782],[23.480359,43.361265],[23.47856,43.359353],[23.475238,43.358151],[23.472004,43.357067],[23.469176,43.356089],[23.466618,43.355192],[23.46385,43.354232],[23.460278,43.352996],[23.45824,43.352457]]}},{"type":"Feature","properties":{"osm_id":455592876,"voltage":"110000","circuits":"","cables":"3","name":"","operator":"","ref":""},"geometry":{"type":"LineString","coordinates":[[23.536784,43.224677],[23.537383,43.225135]]}},{"type":"Feature","properties":{"osm_id":455592888,"voltage":"110000","circuits":"1","cables":"3","name":"","operator":"","ref":""},"geometry":{"type":"LineString","coordinates":[[23.55997,43.218925],[23.560057,43.219043],[23.559452,43.219927]]}},{"type":"Feature","properties":{"osm_id":455592895,"voltage":"110000","circuits":"2","cables":"6","name":"","operator":"","ref":""},"geometry":{"type":"LineString","coordinates":[[23.584734,43.196563],[23.586109,43.197826],[23.583399,43.199289],[23.580501,43.200832],[23.579257,43.201506],[23.576205,43.201226],[23.57366,43.202573],[23.572507,43.202077],[23.571673,43.200578],[23.570654,43.198829]]}},{"type":"Feature","properties":{"osm_id":455598099,"voltage":"400000","circuits":"","cables":"","name":"Вършец","operator":"","ref":""},"geometry":{"type":"LineString","coordinates":[[23.364787,43.440706],[23.367982,43.437664],[23.367055,43.434699],[23.366399,43.432952],[23.365214,43.429707]]}},{"type":"Feature","properties":{"osm_id":455598100,"voltage":"400000","circuits":"1","cables":"3","name":"Вършец","operator":"","ref":""},"geometry":{"type":"LineString","coordinates":[[23.366058,43.433007],[23.366753,43.434905],[23.367656,43.43761],[23.364787,43.440706]]}},{"type":"Feature","properties":{"osm_id":455598101,"voltage":"400000","circuits":"","cables":"1","name":"Петрохан","operator":"","ref":""},"geometry":{"type":"LineString","coordinates":[[23.364232,43.439818],[23.36616,43.438057],[23.365626,43.43629]]}},{"type":"Feature","properties":{"osm_id":455598102,"voltage":"400000","circuits":"","cables":"1","name":"Петрохан","operator":"","ref":""},"geometry":{"type":"LineString","coordinates":[[23.365626,43.43629],[23.366294,43.438091],[23.364232,43.439818]]}},{"type":"Feature","properties":{"osm_id":455598103,"voltage":"400000","circuits":"1","cables":"3","name":"Петрохан","operator":"","ref":""},"geometry":{"type":"LineString","coordinates":[[23.365626,43.43629],[23.364513,43.433523],[23.364033,43.432003],[23.363495,43.430296],[23.362691,43.42775],[23.361759,43.424799],[23.360878,43.422005],[23.359838,43.418712],[23.359262,43.416894],[23.358658,43.414989],[23.356084,43.412464],[23.353163,43.409599],[23.350776,43.407257],[23.348141,43.404672],[23.345694,43.402271],[23.343591,43.400208],[23.340617,43.397291],[23.339846,43.394693],[23.338849,43.391332],[23.337895,43.388114],[23.336907,43.384784],[23.335996,43.381711],[23.335271,43.379268],[23.334406,43.376352],[23.33345,43.373127],[23.332412,43.369627],[23.331329,43.365972],[23.330325,43.362587],[23.329322,43.359181],[23.328473,43.355919],[23.327476,43.352522],[23.326683,43.349121],[23.325869,43.34563],[23.325013,43.341961],[23.324245,43.338664],[23.323369,43.334908],[23.322222,43.329986],[23.321479,43.326798],[23.320885,43.324252],[23.320419,43.322251],[23.319506,43.318334],[23.318758,43.315124],[23.318029,43.311999],[23.317303,43.308882],[23.316549,43.305649],[23.315757,43.302247],[23.314801,43.298145],[23.314055,43.294943],[23.31287,43.289859],[23.31222,43.287068],[23.311446,43.283744],[23.309585,43.281939],[23.306485,43.279011],[23.304227,43.27681],[23.302351,43.274954],[23.300347,43.272971],[23.296652,43.269314],[23.294954,43.267634],[23.293203,43.265901],[23.291215,43.263947],[23.287917,43.260705],[23.286508,43.25932],[23.283114,43.255984],[23.280275,43.253193],[23.278584,43.251531],[23.274544,43.248802],[23.270863,43.246317],[23.266558,43.24341],[23.263552,43.24138],[23.261094,43.23972],[23.257843,43.237525],[23.253668,43.234705],[23.248339,43.231106],[23.245154,43.228411],[23.242576,43.226229],[23.239743,43.223832],[23.23638,43.220986],[23.231921,43.217212],[23.229374,43.215056],[23.227199,43.213215],[23.224317,43.210776],[23.220954,43.207929],[23.216171,43.20388],[23.212979,43.201178],[23.209391,43.19814],[23.206708,43.195759]]}},{"type":"Feature","properties":{"osm_id":455598104,"voltage":"400000","circuits":"","cables":"1","name":"Петрохан","operator":"","ref":""},"geometry":{"type":"LineString","coordinates":[[23.364232,43.439818],[23.366034,43.438036],[23.365626,43.43629]]}},{"type":"Feature","properties":{"osm_id":455598105,"voltage":"400000","circuits":"","cables":"","name":"Вършец","operator":"","ref":""},"geometry":{"type":"LineString","coordinates":[[23.367656,43.43761],[23.366598,43.435012],[23.366058,43.433007]]}},{"type":"Feature","properties":{"osm_id":455598106,"voltage":"400000","circuits":"","cables":"","name":"Вършец","operator":"","ref":""},"geometry":{"type":"LineString","coordinates":[[23.366399,43.432952],[23.366916,43.434794],[23.367982,43.437664]]}},{"type":"Feature","properties":{"osm_id":455598107,"voltage":"400000","circuits":"1","cables":"3","name":"Вършец","operator":"","ref":""},"geometry":{"type":"LineString","coordinates":[[23.358428,43.448884],[23.358951,43.446797],[23.361072,43.444476]]}},{"type":"Feature","properties":{"osm_id":455598108,"voltage":"400000","circuits":"1","cables":"3","name":"Вършец","operator":"","ref":""},"geometry":{"type":"LineString","coordinates":[[23.361072,43.444476],[23.358658,43.446693],[23.358428,43.448884]]}},{"type":"Feature","properties":{"osm_id":455598109,"voltage":"400000","circuits":"2","cables":"6","name":"Вършец","operator":"","ref":""},"geometry":{"type":"LineString","coordinates":[[23.358428,43.448884],[23.357709,43.452754],[23.357119,43.455975]]}},{"type":"Feature","properties":{"osm_id":455598110,"voltage":"400000","circuits":"","cables":"3","name":"Петрохан","operator":"","ref":""},"geometry":{"type":"LineString","coordinates":[[23.350346,43.453849],[23.349843,43.452702],[23.353226,43.449773]]}},{"type":"Feature","properties":{"osm_id":455598111,"voltage":"400000","circuits":"1","cables":"3","name":"Петрохан","operator":"","ref":""},"geometry":{"type":"LineString","coordinates":[[23.353226,43.449773],[23.35699,43.44639],[23.359844,43.443769],[23.364232,43.439818]]}},{"type":"Feature","properties":{"osm_id":455598112,"voltage":"400000","circuits":"","cables":"3","name":"Петрохан","operator":"","ref":""},"geometry":{"type":"LineString","coordinates":[[23.353226,43.449773],[23.349985,43.452727],[23.350346,43.453849]]}},{"type":"Feature","properties":{"osm_id":455598113,"voltage":"400000","circuits":"","cables":"3","name":"Петрохан","operator":"","ref":""},"geometry":{"type":"LineString","coordinates":[[23.350346,43.453849],[23.350119,43.452749],[23.353226,43.449773]]}},{"type":"Feature","properties":{"osm_id":455598114,"voltage":"400000","circuits":"","cables":"","name":"Вършец","operator":"","ref":""},"geometry":{"type":"LineString","coordinates":[[23.35883,43.46634],[23.360056,43.467782],[23.362193,43.470975],[23.363254,43.472806]]}},{"type":"Feature","properties":{"osm_id":455598115,"voltage":"400000","circuits":"2","cables":"6","name":"Вършец","operator":"","ref":""},"geometry":{"type":"LineString","coordinates":[[23.363254,43.472806],[23.366777,43.478188],[23.368278,43.48035],[23.370726,43.483878],[23.372785,43.485177],[23.375527,43.486906],[23.380301,43.489917],[23.383972,43.492232],[23.386331,43.49372],[23.388729,43.495232],[23.390903,43.496603],[23.392712,43.497751],[23.395456,43.499166],[23.398688,43.500833],[23.401881,43.502479],[23.406291,43.504753],[23.410125,43.50673],[23.41376,43.508605],[23.417358,43.51046],[23.419703,43.512281],[23.422787,43.514813],[23.425092,43.516666],[23.427267,43.518399],[23.432713,43.522775],[23.435719,43.525206],[23.438445,43.527406],[23.439978,43.529057],[23.442242,43.531518],[23.444972,43.532398],[23.449605,43.533561],[23.452906,43.534854],[23.457191,43.53658],[23.461182,43.538279],[23.465005,43.539974],[23.468252,43.541421],[23.473032,43.543664],[23.476626,43.545331],[23.480443,43.547113],[23.483913,43.548756],[23.488698,43.551023],[23.491716,43.552441],[23.495403,43.554124],[23.500172,43.556414],[23.504006,43.558195],[23.507459,43.559807],[23.50946,43.560741],[23.512331,43.562061],[23.517911,43.564646],[23.522038,43.566632],[23.524939,43.567984],[23.530206,43.570524]]}},{"type":"Feature","properties":{"osm_id":455598116,"voltage":"400000","circuits":"","cables":"","name":"Петрохан","operator":"","ref":""},"geometry":{"type":"LineString","coordinates":[[23.353908,43.462123],[23.35791,43.467692],[23.360498,43.471561]]}},{"type":"Feature","properties":{"osm_id":455598117,"voltage":"400000","circuits":"","cables":"3","name":"Петрохан","operator":"","ref":""},"geometry":{"type":"LineString","coordinates":[[23.360498,43.471561],[23.357722,43.467661],[23.353908,43.462123]]}},{"type":"Feature","properties":{"osm_id":455598118,"voltage":"400000","circuits":"1","cables":"3","name":"Петрохан","operator":"","ref":""},"geometry":{"type":"LineString","coordinates":[[23.353908,43.462123],[23.352098,43.459487],[23.351238,43.456726],[23.350346,43.453849]]}},{"type":"Feature","properties":{"osm_id":455598119,"voltage":"400000","circuits":"1","cables":"3","name":"Вършец","operator":"","ref":""},"geometry":{"type":"LineString","coordinates":[[23.35883,43.46634],[23.356101,43.462242],[23.356696,43.459245],[23.357119,43.455975]]}},{"type":"Feature","properties":{"osm_id":455598120,"voltage":"400000","circuits":"1","cables":"3","name":"Вършец","operator":"","ref":""},"geometry":{"type":"LineString","coordinates":[[23.357119,43.455975],[23.356378,43.45923],[23.355715,43.462326],[23.35883,43.46634]]}},{"type":"Feature","properties":{"osm_id":455598121,"voltage":"400000","circuits":"","cables":"","name":"Вършец","operator":"","ref":""},"geometry":{"type":"LineString","coordinates":[[23.35883,43.46634],[23.35976,43.46779],[23.362193,43.470975]]}},{"type":"Feature","properties":{"osm_id":455598122,"voltage":"110000","circuits":"1","cables":"3","name":"","operator":"","ref":""},"geometry":{"type":"LineString","coordinates":[[23.239263,43.420599],[23.239501,43.420675],[23.241325,43.420582],[23.24516,43.420405],[23.249316,43.42016],[23.253395,43.419943],[23.257875,43.419712],[23.263253,43.419412],[23.265254,43.419321],[23.267931,43.41916],[23.269822,43.421208],[23.271783,43.423313],[23.275256,43.425873],[23.277969,43.427914],[23.280452,43.429807],[23.283267,43.431906],[23.285241,43.433372],[23.288774,43.436012],[23.292249,43.438599],[23.29462,43.440405],[23.297382,43.442486],[23.299231,43.443777],[23.300997,43.44512],[23.303348,43.446875],[23.306893,43.449524],[23.310482,43.452268],[23.31286,43.453464],[23.316188,43.455165],[23.31867,43.45641],[23.324958,43.45964],[23.328207,43.461271],[23.329242,43.46179],[23.330999,43.462737],[23.33277,43.463627],[23.334135,43.464514]]}},{"type":"Feature","properties":{"osm_id":455760542,"voltage":"110000","circuits":"1","cables":"3","name":"","operator":"","ref":""},"geometry":{"type":"LineString","coordinates":[[23.239241,43.420461],[23.239474,43.420444],[23.241131,43.42036],[23.244939,43.420187],[23.249195,43.419935],[23.253068,43.419757],[23.257646,43.419494],[23.263027,43.419205],[23.265121,43.419096],[23.267719,43.41898],[23.266676,43.417883],[23.264785,43.415913],[23.262827,43.413792],[23.259184,43.409991],[23.257019,43.40768],[23.254668,43.405201],[23.252627,43.403075],[23.250302,43.400584],[23.248487,43.398656],[23.246299,43.399574],[23.242225,43.401306],[23.241811,43.401759]]}},{"type":"Feature","properties":{"osm_id":455813760,"voltage":"110000","circuits":"1","cables":"3","name":"","operator":"","ref":""},"geometry":{"type":"LineString","coordinates":[[23.149952,43.234104],[23.150247,43.234299],[23.151779,43.234607],[23.153484,43.234949],[23.158444,43.234307],[23.162124,43.233851],[23.16587,43.233419],[23.169807,43.232934],[23.172359,43.23259],[23.17284,43.235075],[23.173372,43.23778],[23.1739,43.240434],[23.174375,43.243111],[23.174856,43.245811],[23.175383,43.248528],[23.175862,43.25096],[23.176319,43.253243],[23.176754,43.255696],[23.177185,43.257947],[23.1777,43.260584],[23.178203,43.263206],[23.178607,43.265391],[23.1791,43.267967],[23.179632,43.270772],[23.180072,43.27309],[23.181215,43.279118],[23.181658,43.281455],[23.181927,43.282863],[23.182575,43.286322],[23.183021,43.288643],[23.183302,43.290013],[23.183768,43.292432],[23.184162,43.294626],[23.184657,43.296839],[23.185175,43.29968],[23.185606,43.301954],[23.186064,43.304379],[23.186442,43.30629],[23.186858,43.30849],[23.187352,43.31107],[23.187868,43.313751],[23.188375,43.316413],[23.188901,43.319207],[23.189406,43.321821],[23.189889,43.324328],[23.190356,43.326715],[23.190849,43.329343],[23.191392,43.332065],[23.191886,43.334736],[23.192259,43.336868],[23.192579,43.338426],[23.192902,43.339988],[23.194413,43.34154],[23.196403,43.343685],[23.197818,43.345162],[23.199106,43.346518],[23.200641,43.348131],[23.202187,43.349791],[23.204213,43.35194],[23.205567,43.353374],[23.207881,43.355792],[23.209651,43.357742],[23.211359,43.359529],[23.213007,43.361274],[23.21437,43.362688],[23.216078,43.364511],[23.21819,43.366757],[23.220254,43.36896],[23.222682,43.371458],[23.224578,43.373482],[23.226523,43.37552],[23.228616,43.377744],[23.230679,43.379926],[23.232812,43.382164],[23.234875,43.384353],[23.236366,43.385902],[23.237945,43.387581],[23.239539,43.389305],[23.241103,43.39096],[23.243603,43.393514],[23.244718,43.394685],[23.243211,43.398266],[23.241945,43.401251],[23.241702,43.401741]]}},{"type":"Feature","properties":{"osm_id":455813762,"voltage":"110000","circuits":"1","cables":"3","name":"","operator":"","ref":""},"geometry":{"type":"LineString","coordinates":[[23.21516,43.398594],[23.215779,43.398029],[23.218528,43.396855],[23.22035,43.396027],[23.221567,43.395483],[23.224971,43.393976],[23.229514,43.391933],[23.230707,43.391415],[23.232685,43.389011],[23.234045,43.388135],[23.235316,43.389473],[23.237989,43.392225],[23.239557,43.39377],[23.242056,43.396322],[23.241894,43.397961],[23.241577,43.40118],[23.241487,43.401705]]}},{"type":"Feature","properties":{"osm_id":455839139,"voltage":"110000","circuits":"","cables":"","name":"","operator":"","ref":""},"geometry":{"type":"LineString","coordinates":[[23.161535,43.194253],[23.161435,43.193378],[23.161374,43.192238],[23.161018,43.190897],[23.160651,43.189583],[23.160325,43.18837],[23.159981,43.187129],[23.159731,43.186196],[23.159379,43.184903],[23.15908,43.183793],[23.158769,43.182712],[23.158466,43.181468],[23.158126,43.180124],[23.1578,43.178743]]}},{"type":"Feature","properties":{"osm_id":456116156,"voltage":"110000","circuits":"1","cables":"3","name":"","operator":"","ref":""},"geometry":{"type":"LineString","coordinates":[[25.984142,43.850076],[25.98424,43.849678],[25.984797,43.847538],[25.98538,43.845277],[25.985984,43.843009],[25.987891,43.840886],[25.988494,43.840261],[25.989725,43.838889],[25.991363,43.837086],[25.993418,43.834793],[25.994305,43.833249],[25.995342,43.831425],[25.995558,43.831045],[25.996498,43.829391],[25.997589,43.827488],[25.998574,43.82574],[25.999792,43.823577],[26.000463,43.822393],[26.001225,43.821045],[26.001968,43.819818],[26.002753,43.818408],[26.003325,43.817375],[26.003992,43.816232],[26.004661,43.815066],[26.005487,43.813584],[26.006467,43.811844],[26.00713,43.8107],[26.007889,43.809347],[26.008727,43.807878],[26.009566,43.806411],[26.010341,43.805052],[26.010906,43.804074],[26.011566,43.802906],[26.01214,43.801891],[26.013382,43.800855],[26.014758,43.799742],[26.016178,43.798558],[26.017654,43.797334],[26.019054,43.796181],[26.020541,43.794962],[26.021904,43.793831],[26.023328,43.792672],[26.024506,43.791702],[26.026056,43.790423],[26.026494,43.790083]]}},{"type":"Feature","properties":{"osm_id":456116157,"voltage":"110000","circuits":"1","cables":"3","name":"","operator":"","ref":""},"geometry":{"type":"LineString","coordinates":[[25.983931,43.850047],[25.984008,43.849658],[25.984606,43.84747],[25.985217,43.845161],[25.985834,43.842833],[25.987619,43.840868],[25.989395,43.838939],[25.991172,43.836989],[25.991775,43.836329],[25.993,43.834988],[25.99398,43.833246],[25.995054,43.831339],[25.996216,43.829285],[25.997295,43.827425],[25.998097,43.82595],[25.999298,43.823822],[25.999718,43.823074],[26.000497,43.821774],[26.001211,43.820528],[26.002075,43.81902],[26.002753,43.817809],[26.003582,43.816338],[26.004413,43.814896],[26.005239,43.813437],[26.006187,43.811712],[26.006857,43.810583],[26.007683,43.809128],[26.008518,43.807664],[26.00936,43.806191],[26.010186,43.804736],[26.011017,43.803286],[26.011804,43.8019],[26.013236,43.800727],[26.014635,43.799571],[26.016055,43.798412],[26.017469,43.797251],[26.018872,43.796092],[26.020351,43.794885],[26.021746,43.793742],[26.023177,43.792584],[26.024376,43.791607],[26.02591,43.790329],[26.026411,43.790034]]}},{"type":"Feature","properties":{"osm_id":456124133,"voltage":"110000","circuits":"1","cables":"","name":"","operator":"","ref":""},"geometry":{"type":"LineString","coordinates":[[26.025819,43.789649],[26.025435,43.79002],[26.023523,43.791523],[26.021145,43.791305],[26.018254,43.791059],[26.015221,43.790797],[26.01254,43.790563],[26.009389,43.790283],[26.006415,43.790026],[26.003105,43.78976],[26.001183,43.789566],[25.999147,43.789389],[25.996762,43.7892],[25.994607,43.789003],[25.992325,43.78883],[25.990056,43.788592],[25.987535,43.78838],[25.985292,43.788191],[25.982745,43.78797],[25.980459,43.787752],[25.97817,43.787516],[25.975943,43.787344],[25.973496,43.787127],[25.970038,43.786823],[25.967696,43.786754],[25.965307,43.786685],[25.962975,43.786629],[25.960607,43.786561],[25.95792,43.786476],[25.955859,43.786415],[25.953638,43.786372],[25.951633,43.786335],[25.949144,43.786272],[25.946837,43.786204],[25.944455,43.786122],[25.942059,43.78605],[25.939749,43.78599],[25.937458,43.785953],[25.935063,43.78587],[25.932741,43.785783],[25.93105,43.785707],[25.928504,43.785624],[25.925602,43.785496],[25.923126,43.785412],[25.920709,43.785401],[25.918735,43.785378],[25.91672,43.785345],[25.91452,43.785298],[25.912968,43.785263],[25.911925,43.786669],[25.911117,43.78778],[25.910173,43.789047],[25.908843,43.790858],[25.908478,43.792449],[25.907859,43.792592],[25.907309,43.79272]]}},{"type":"Feature","properties":{"osm_id":456124134,"voltage":"110000","circuits":"1","cables":"3","name":"","operator":"","ref":""},"geometry":{"type":"LineString","coordinates":[[25.96137,43.830928],[25.961382,43.830811],[25.961638,43.829616],[25.963215,43.828264],[25.964655,43.82703],[25.965753,43.826108],[25.967243,43.824864],[25.968342,43.823962],[25.970056,43.822378],[25.971633,43.820923],[25.972807,43.819914],[25.974075,43.818825],[25.975347,43.817763],[25.976866,43.817061],[25.978957,43.816116],[25.981004,43.815168],[25.983075,43.814218],[25.985174,43.813254],[25.987256,43.812316],[25.987259,43.812315],[25.987264,43.812313],[25.98937,43.811339],[25.991443,43.810389],[25.993507,43.809441],[25.995488,43.808554],[25.997588,43.807584],[25.999549,43.806688],[26.00172,43.805714],[26.003661,43.804813],[26.005694,43.803874],[26.00773,43.802941],[26.009775,43.802005],[26.011852,43.801052],[26.013109,43.800048],[26.01437,43.799029],[26.015644,43.797998],[26.017049,43.796866],[26.018295,43.795861],[26.019485,43.794885],[26.020592,43.794003],[26.022003,43.792866],[26.02385,43.791536],[26.025582,43.790134],[26.026159,43.789864]]}},{"type":"Feature","properties":{"osm_id":456124135,"voltage":"110000","circuits":"1","cables":"3","name":"","operator":"","ref":""},"geometry":{"type":"LineString","coordinates":[[26.026245,43.789918],[26.025843,43.790152],[26.024483,43.79127],[26.023336,43.792198],[26.021912,43.793323],[26.020533,43.794425],[26.019165,43.795553],[26.017781,43.796669],[26.016288,43.797864],[26.014841,43.799023],[26.013319,43.800247],[26.012037,43.801292],[26.010293,43.802082],[26.008553,43.802886],[26.006817,43.803677],[26.00499,43.80451],[26.003207,43.805343],[26.001419,43.806148],[25.999778,43.80691],[25.998145,43.807644],[25.996255,43.808511],[25.994483,43.80933],[25.992751,43.810106],[25.990988,43.810917],[25.989074,43.811787],[25.987259,43.812617],[25.985514,43.813423],[25.983946,43.814131],[25.982434,43.814836],[25.980729,43.815603],[25.979009,43.81639],[25.97757,43.817066],[25.976,43.817791],[25.975098,43.818199],[25.973839,43.819265],[25.972906,43.820056],[25.971788,43.821003],[25.97015,43.822515],[25.968491,43.824058],[25.967115,43.825192],[25.965891,43.826201],[25.964466,43.827488],[25.963075,43.828678],[25.961842,43.829761],[25.961609,43.83084],[25.961589,43.830951]]}},{"type":"Feature","properties":{"osm_id":456129354,"voltage":"110000","circuits":"2","cables":"6","name":"","operator":"","ref":""},"geometry":{"type":"LineString","coordinates":[[26.026803,43.790891],[26.025558,43.791987],[26.024239,43.793151],[26.025474,43.794363],[26.026697,43.795606],[26.027765,43.796679],[26.030087,43.797879],[26.031632,43.798673],[26.033574,43.799672],[26.035634,43.800721],[26.037876,43.801855],[26.040178,43.803036],[26.042323,43.804132],[26.04455,43.805266],[26.046728,43.806385],[26.048745,43.807426],[26.050853,43.808487],[26.051553,43.80885],[26.052832,43.809513],[26.054935,43.810585],[26.057145,43.811704],[26.05942,43.812881],[26.0617,43.814023],[26.064087,43.815234],[26.065964,43.816214],[26.068062,43.817286],[26.069248,43.817893],[26.071372,43.818981],[26.074086,43.820351],[26.077015,43.821849],[26.080348,43.82356],[26.083535,43.825181],[26.086222,43.826563],[26.088921,43.827949],[26.09208,43.829555],[26.095009,43.831037],[26.098083,43.832623],[26.1009,43.834043],[26.103802,43.835529],[26.107181,43.837255],[26.109729,43.83854],[26.11232,43.839863],[26.115898,43.841689],[26.118586,43.843051],[26.121628,43.844614],[26.123956,43.845891],[26.12704,43.84747],[26.129508,43.848704],[26.132927,43.850427],[26.13585,43.851908],[26.138175,43.853088],[26.141149,43.854594],[26.143881,43.855985],[26.146479,43.857311],[26.148674,43.856558],[26.150985,43.85578],[26.152827,43.855159],[26.155279,43.854318],[26.157877,43.853416],[26.159759,43.852781],[26.162507,43.851854],[26.165129,43.850941],[26.167545,43.850126],[26.169977,43.849304],[26.1725,43.848438],[26.1749,43.847619],[26.177558,43.846704],[26.178728,43.846002],[26.180274,43.845104],[26.182279,43.843886],[26.184466,43.842933],[26.187058,43.841774],[26.189377,43.84074],[26.191077,43.839533],[26.19435,43.837317],[26.196242,43.836052],[26.19856,43.834473],[26.200625,43.833087],[26.204266,43.83344],[26.2071,43.833736],[26.211092,43.83414],[26.213704,43.834393],[26.217202,43.834755],[26.220087,43.835046],[26.222582,43.834041],[26.226164,43.832594],[26.228848,43.832425],[26.232301,43.832212],[26.235069,43.832033],[26.237517,43.832515],[26.241886,43.833362],[26.244967,43.83399],[26.248312,43.833884],[26.252456,43.83379],[26.255307,43.83367],[26.25972,43.833542],[26.262504,43.833448],[26.265213,43.833368],[26.267593,43.833071],[26.271385,43.832603],[26.274454,43.832235],[26.278428,43.831739],[26.281967,43.831291],[26.285921,43.830815]]}},{"type":"Feature","properties":{"osm_id":456129356,"voltage":"110000","circuits":"1","cables":"3","name":"","operator":"","ref":""},"geometry":{"type":"LineString","coordinates":[[26.026919,43.790344],[26.026507,43.790702],[26.024996,43.791996],[26.023593,43.793186],[26.024943,43.794522],[26.026246,43.795807],[26.027491,43.797036],[26.029953,43.798301],[26.032335,43.799517],[26.034706,43.800744],[26.037233,43.802022],[26.039432,43.803156],[26.041905,43.804414],[26.044453,43.805727],[26.047023,43.807039],[26.048771,43.807937],[26.050676,43.808909],[26.053219,43.810221],[26.055654,43.811425],[26.057789,43.812536],[26.059988,43.813657],[26.062204,43.814797],[26.062696,43.816402],[26.064016,43.82071],[26.064579,43.822564],[26.065191,43.824574],[26.0658,43.826561],[26.066518,43.828947],[26.06631,43.829763],[26.065939,43.831218],[26.065555,43.83249],[26.064315,43.837076],[26.063954,43.838359],[26.063542,43.839834],[26.063016,43.841838],[26.062664,43.843139],[26.062264,43.844575],[26.061859,43.846108],[26.061315,43.848079],[26.060906,43.849566],[26.060509,43.850994],[26.060196,43.852129],[26.061708,43.854537],[26.062696,43.856094],[26.063843,43.857822],[26.06473,43.859274],[26.066042,43.861243],[26.067197,43.863032],[26.068695,43.865367],[26.0697,43.866901],[26.069959,43.868636]]}},{"type":"Feature","properties":{"osm_id":456129357,"voltage":"110000","circuits":"2","cables":"6","name":"","operator":"","ref":""},"geometry":{"type":"LineString","coordinates":[[26.077037,43.821656],[26.077879,43.820599],[26.078791,43.8195],[26.079692,43.818432],[26.080588,43.817344],[26.081473,43.816279],[26.082326,43.815258],[26.083222,43.814162],[26.084236,43.812935],[26.085169,43.811828],[26.086043,43.810771],[26.087025,43.809602],[26.086848,43.807678],[26.086526,43.804279],[26.086414,43.803117],[26.08629,43.801789],[26.086113,43.800233],[26.084617,43.798278],[26.083603,43.797054],[26.082932,43.79609],[26.082004,43.794886],[26.082068,43.793197]]}},{"type":"Feature","properties":{"osm_id":456129358,"voltage":"110000","circuits":"1","cables":"3","name":"","operator":"","ref":""},"geometry":{"type":"LineString","coordinates":[[26.082055,43.792622],[26.082068,43.793197]]}},{"type":"Feature","properties":{"osm_id":456129378,"voltage":"110000","circuits":"2","cables":"6","name":"","operator":"","ref":""},"geometry":{"type":"LineString","coordinates":[[26.189517,43.629012],[26.191445,43.627189],[26.193342,43.625368],[26.195634,43.623107],[26.197663,43.62111],[26.199829,43.618967],[26.202097,43.616825],[26.204143,43.614803],[26.208341,43.611478],[26.21101,43.610378],[26.213405,43.609402],[26.21622,43.608227],[26.2201,43.606544],[26.222632,43.605443],[26.225292,43.604362],[26.227884,43.603305],[26.229644,43.602553],[26.232176,43.601484],[26.235656,43.597111],[26.238,43.594233],[26.239407,43.592436],[26.240665,43.590945],[26.242905,43.590805],[26.248819,43.590326],[26.25253,43.590056],[26.254925,43.589913],[26.26032,43.589499],[26.262573,43.588539],[26.265324,43.587339],[26.268148,43.586179],[26.270881,43.585036],[26.2734,43.583951],[26.275331,43.58317],[26.279971,43.581131],[26.282181,43.580254],[26.28443,43.579284],[26.287481,43.577957],[26.290288,43.576782],[26.293249,43.57556],[26.296313,43.574235],[26.299662,43.572821],[26.303104,43.572583],[26.306398,43.572365],[26.311593,43.571999],[26.313867,43.571841],[26.316256,43.571679],[26.318849,43.571504],[26.322156,43.571284],[26.326629,43.570978],[26.329872,43.570756],[26.333469,43.570495],[26.336248,43.570297],[26.338793,43.570162],[26.342156,43.569923],[26.345219,43.569712],[26.348129,43.569581],[26.350837,43.569348],[26.353785,43.569102],[26.356377,43.568956],[26.359424,43.568735],[26.362879,43.568499],[26.365943,43.568297],[26.36981,43.568023],[26.373415,43.567746],[26.377548,43.567457],[26.380565,43.567277],[26.384006,43.567028],[26.387272,43.566817],[26.394177,43.566313],[26.400902,43.565862],[26.403966,43.565461],[26.407661,43.565196],[26.411227,43.564948],[26.414905,43.564699],[26.418429,43.564478],[26.422252,43.564226],[26.425171,43.564015],[26.428939,43.563726],[26.432346,43.563505],[26.435835,43.563265],[26.438917,43.563029],[26.442701,43.56274],[26.445319,43.562597],[26.448684,43.562351],[26.452134,43.562137],[26.455761,43.561869],[26.459898,43.561574],[26.463563,43.56134],[26.466631,43.561114],[26.470657,43.560824],[26.474425,43.560588],[26.479296,43.56024],[26.481836,43.560031],[26.483836,43.558906],[26.485943,43.557596],[26.488241,43.556167],[26.490233,43.554954],[26.493063,43.553311],[26.495307,43.551929],[26.497564,43.550592],[26.499525,43.549373],[26.502178,43.547836],[26.50477,43.546253],[26.507604,43.544532],[26.509623,43.543326],[26.511124,43.542397]]}},{"type":"Feature","properties":{"osm_id":456129379,"voltage":"110000","circuits":"1","cables":"3","name":"","operator":"","ref":""},"geometry":{"type":"LineString","coordinates":[[26.030708,43.783359],[26.031914,43.782122],[26.033031,43.781122]]}},{"type":"Feature","properties":{"osm_id":456129380,"voltage":"110000","circuits":"1","cables":"3","name":"","operator":"","ref":""},"geometry":{"type":"LineString","coordinates":[[26.033031,43.781122],[26.032013,43.782172],[26.030708,43.783359]]}},{"type":"Feature","properties":{"osm_id":456189849,"voltage":"110000","circuits":"1","cables":"3","name":"","operator":"","ref":""},"geometry":{"type":"LineString","coordinates":[[26.807043,43.212789],[26.805978,43.213527]]}},{"type":"Feature","properties":{"osm_id":456190971,"voltage":"110000","circuits":"1","cables":"3","name":"","operator":"","ref":""},"geometry":{"type":"LineString","coordinates":[[26.808957,43.211334],[26.807043,43.212789]]}},{"type":"Feature","properties":{"osm_id":456190972,"voltage":"110000","circuits":"1","cables":"3","name":"","operator":"","ref":""},"geometry":{"type":"LineString","coordinates":[[26.822009,43.201574],[26.819273,43.2036],[26.816594,43.205609],[26.813953,43.20763],[26.811112,43.209728],[26.808957,43.211334]]}},{"type":"Feature","properties":{"osm_id":456195380,"voltage":"110000","circuits":"1","cables":"3","name":"","operator":"","ref":""},"geometry":{"type":"LineString","coordinates":[[26.822009,43.201574],[26.824846,43.199498],[26.827271,43.197691],[26.829621,43.195838],[26.832367,43.19389],[26.831927,43.190628],[26.831681,43.187664],[26.831412,43.184871],[26.831209,43.182274],[26.83093,43.179375],[26.833177,43.176918],[26.835292,43.174706],[26.837957,43.17177],[26.839168,43.169892],[26.839442,43.169381]]}},{"type":"Feature","properties":{"osm_id":456195381,"voltage":"110000","circuits":"1","cables":"3","name":"","operator":"","ref":""},"geometry":{"type":"LineString","coordinates":[[26.839347,43.169967],[26.839532,43.169413]]}},{"type":"Feature","properties":{"osm_id":456195913,"voltage":"110000","circuits":"1","cables":"3","name":"","operator":"","ref":""},"geometry":{"type":"LineString","coordinates":[[26.843199,43.184581],[26.840828,43.181272],[26.838811,43.17853],[26.836522,43.175356],[26.837348,43.173838],[26.838516,43.171514],[26.839347,43.169967]]}},{"type":"Feature","properties":{"osm_id":456266383,"voltage":"110000","circuits":"1","cables":"3","name":"","operator":"","ref":""},"geometry":{"type":"LineString","coordinates":[[26.045932,43.872585],[26.045834,43.872474]]}},{"type":"Feature","properties":{"osm_id":456266384,"voltage":"110000","circuits":"2","cables":"6","name":"","operator":"","ref":""},"geometry":{"type":"LineString","coordinates":[[26.045834,43.872474],[26.047511,43.870863],[26.049112,43.869211],[26.050914,43.869826],[26.052925,43.870492],[26.055058,43.871192],[26.057051,43.871858],[26.059048,43.872517],[26.061089,43.873186],[26.063074,43.873845],[26.065091,43.874509],[26.066804,43.875072],[26.068973,43.875781]]}},{"type":"Feature","properties":{"osm_id":456266392,"voltage":"110000","circuits":"1","cables":"3","name":"","operator":"","ref":""},"geometry":{"type":"LineString","coordinates":[[26.07039,43.868749],[26.069959,43.868636]]}},{"type":"Feature","properties":{"osm_id":456686041,"voltage":"110000","circuits":"1","cables":"3","name":"","operator":"","ref":""},"geometry":{"type":"LineString","coordinates":[[26.612522,44.035512],[26.611883,44.035183],[26.6096,44.034598],[26.607492,44.034065],[26.605428,44.033548],[26.603621,44.033107],[26.601873,44.032658],[26.600054,44.032195],[26.597092,44.031421],[26.595133,44.030928],[26.592147,44.030183],[26.590704,44.029825],[26.587438,44.029003],[26.586034,44.028631],[26.583752,44.028054],[26.580969,44.027357],[26.578719,44.0268],[26.576753,44.026297],[26.574468,44.025705],[26.571807,44.025051],[26.569881,44.024579],[26.567749,44.023985],[26.565148,44.023286],[26.563435,44.022822],[26.560768,44.022123],[26.558576,44.021519],[26.555976,44.020835],[26.554068,44.019931],[26.552153,44.018987],[26.550323,44.01809],[26.548284,44.017117],[26.546502,44.016247],[26.544608,44.015339],[26.542599,44.014373],[26.540565,44.013381],[26.53884,44.012556],[26.537021,44.011678],[26.534597,44.0105],[26.532623,44.009542],[26.530437,44.008464],[26.528692,44.007598],[26.526855,44.006718],[26.524984,44.005806],[26.523093,44.004903],[26.521527,44.004136],[26.51959,44.003197],[26.51772,44.002287],[26.515715,44.001315],[26.513845,44.000401],[26.512129,43.999562],[26.510511,43.998797],[26.508629,43.99787],[26.506701,43.996949],[26.504797,43.996027],[26.503067,43.99517],[26.501289,43.994335],[26.499468,43.99339],[26.497578,43.992465],[26.495664,43.99153],[26.493702,43.990585],[26.491794,43.989658],[26.489561,43.988566],[26.487733,43.987684],[26.485937,43.986805],[26.484111,43.985926],[26.482206,43.984993],[26.480463,43.984146],[26.478403,43.983147],[26.476589,43.982261],[26.474671,43.981327],[26.472836,43.980435],[26.470995,43.97954],[26.469108,43.978625],[26.467214,43.97771],[26.465335,43.976789],[26.463469,43.975883],[26.461423,43.974884],[26.459516,43.973962],[26.457643,43.973051],[26.455755,43.972124],[26.453652,43.971107],[26.451951,43.970282],[26.450039,43.969349],[26.44807,43.96839],[26.446204,43.967485],[26.444128,43.966475],[26.442224,43.965545],[26.4403,43.964604],[26.438407,43.963692],[26.436463,43.962742],[26.434523,43.9618],[26.432179,43.960657],[26.430295,43.959742],[26.428206,43.95872],[26.426267,43.957781],[26.424231,43.956793],[26.422702,43.956042],[26.420601,43.955014],[26.418738,43.954112],[26.416862,43.953205],[26.415141,43.952365],[26.413134,43.951385],[26.411396,43.950538],[26.409121,43.949436],[26.407083,43.948443],[26.405161,43.947504],[26.403323,43.946613],[26.401378,43.945668],[26.399406,43.944706],[26.39735,43.943705],[26.395705,43.942905],[26.393843,43.941999],[26.391846,43.941024],[26.38992,43.940083],[26.388176,43.939225],[26.386422,43.938371],[26.384616,43.937491],[26.382768,43.936601],[26.380902,43.935687],[26.378951,43.934737],[26.377082,43.933823],[26.375167,43.932895],[26.373414,43.932033],[26.371417,43.931065],[26.36944,43.930129],[26.367372,43.929146],[26.365345,43.928161],[26.363417,43.927215],[26.361492,43.92628],[26.359468,43.925295],[26.357356,43.924278],[26.355447,43.923355],[26.353426,43.922373],[26.351559,43.921456],[26.349816,43.920613],[26.348139,43.919792],[26.346348,43.918918],[26.344427,43.917985],[26.342532,43.917068],[26.340537,43.916094],[26.338795,43.915246],[26.336611,43.914178],[26.334104,43.912972],[26.33265,43.912232]]}},{"type":"Feature","properties":{"osm_id":456686042,"voltage":"110000","circuits":"1","cables":"3","name":"","operator":"","ref":""},"geometry":{"type":"LineString","coordinates":[[26.33265,43.912232],[26.330397,43.91178],[26.328172,43.911363],[26.326064,43.910967],[26.32386,43.910536],[26.321713,43.910137],[26.319701,43.909768],[26.31938,43.909694],[26.317581,43.909366],[26.315525,43.908968],[26.313508,43.908575],[26.31114,43.90813],[26.30864,43.907694],[26.306035,43.90717],[26.303907,43.906771],[26.301641,43.906341],[26.299498,43.905931],[26.297379,43.905532],[26.29501,43.905096],[26.292918,43.904466],[26.29087,43.903868],[26.288798,43.903264],[26.286568,43.902623],[26.284282,43.901956],[26.282103,43.901324],[26.280577,43.900882],[26.277544,43.89999],[26.275741,43.899457],[26.273617,43.898859],[26.271608,43.898295],[26.269362,43.89766],[26.267081,43.896993],[26.264886,43.896352],[26.262901,43.895787],[26.260612,43.895141],[26.258543,43.894548],[26.256373,43.893927],[26.25419,43.893268],[26.251987,43.892616],[26.249678,43.891926],[26.247305,43.891217],[26.245237,43.890601],[26.243185,43.89],[26.241006,43.889342],[26.23874,43.888678],[26.236585,43.888039],[26.234909,43.887558],[26.232659,43.886888],[26.23008,43.88613],[26.22859,43.885688],[26.226719,43.885152],[26.224521,43.884517],[26.22235,43.883884],[26.220112,43.883217],[26.217846,43.882556],[26.215849,43.881966],[26.214054,43.881433],[26.210716,43.880458],[26.209091,43.879994],[26.206987,43.879384],[26.204975,43.878788],[26.203009,43.878215],[26.201087,43.877668],[26.199308,43.877132],[26.196548,43.876322],[26.194353,43.875695],[26.192163,43.87504],[26.189343,43.874256],[26.187232,43.873646],[26.185693,43.873181],[26.182973,43.872357],[26.181518,43.871964],[26.179493,43.871371],[26.177741,43.870852],[26.175657,43.870239],[26.17368,43.869666],[26.171513,43.869025],[26.169374,43.868403],[26.167175,43.867762],[26.165408,43.867237],[26.163458,43.866673],[26.162733,43.866265],[26.161921,43.865823],[26.160387,43.864968],[26.15882,43.864105],[26.15608,43.862589],[26.154949,43.861981],[26.15311,43.861006],[26.15105,43.859963],[26.149097,43.858959],[26.147222,43.857978],[26.146459,43.857588],[26.145198,43.856938],[26.143316,43.855977],[26.141686,43.855147],[26.140061,43.854317],[26.138072,43.853299],[26.136206,43.852342],[26.133872,43.851159],[26.132218,43.850316],[26.129991,43.84918],[26.128135,43.848239],[26.126622,43.847473],[26.124519,43.846379],[26.122502,43.845353],[26.120635,43.844409],[26.118881,43.843519],[26.117143,43.842618],[26.11539,43.841735],[26.113597,43.840819],[26.111162,43.839573],[26.109504,43.838714],[26.107868,43.837894],[26.10606,43.836969],[26.103662,43.835746],[26.101801,43.834783],[26.099998,43.833881],[26.098148,43.832929],[26.096286,43.831993],[26.094328,43.830979],[26.092504,43.830054],[26.090578,43.829071],[26.08861,43.828069],[26.086625,43.827043],[26.08472,43.826068],[26.082789,43.825096],[26.080568,43.823958],[26.07861,43.82296],[26.076747,43.821989]]}},{"type":"Feature","properties":{"osm_id":456850240,"voltage":"110000","circuits":"1","cables":"3","name":"","operator":"","ref":""},"geometry":{"type":"LineString","coordinates":[[26.612729,44.035312],[26.612338,44.034916],[26.614483,44.034161],[26.616288,44.03352],[26.618385,44.032783],[26.620935,44.031879],[26.623141,44.031099],[26.62452,44.031413],[26.626785,44.030591],[26.628774,44.029873],[26.631168,44.029018],[26.633141,44.028301],[26.635464,44.027456],[26.637556,44.026712],[26.639675,44.025944],[26.641746,44.025181],[26.643822,44.024436],[26.646037,44.023638],[26.647867,44.022974],[26.649905,44.022253],[26.652046,44.021474],[26.654116,44.020733],[26.656412,44.019904],[26.658424,44.019179],[26.660269,44.018515],[26.662378,44.017759],[26.664421,44.017018],[26.666487,44.016285],[26.668654,44.015502],[26.670703,44.014769],[26.67301,44.013936],[26.674909,44.013249],[26.677162,44.014028],[26.67912,44.014715],[26.681829,44.015626],[26.684227,44.016482],[26.685564,44.01693],[26.688427,44.01789],[26.690165,44.018538],[26.693706,44.019769],[26.695846,44.020502],[26.698164,44.021316],[26.70025,44.022033],[26.702707,44.0226],[26.705566,44.023256],[26.708544,44.023946],[26.711677,44.024687],[26.714477,44.025331],[26.717492,44.026029],[26.720472,44.026707],[26.721762,44.027009],[26.723469,44.027407],[26.725802,44.027944],[26.728309,44.028521],[26.729909,44.028885],[26.732194,44.029403],[26.734974,44.029699],[26.73794,44.030013],[26.740946,44.030338],[26.743957,44.030648],[26.746842,44.030983],[26.749816,44.031313],[26.752412,44.031582],[26.756792,44.032054],[26.759978,44.032401],[26.763037,44.032715],[26.766313,44.033059],[26.768499,44.03331],[26.770889,44.033569],[26.773067,44.033805],[26.774912,44.033982],[26.779062,44.034446],[26.781183,44.034665],[26.783756,44.034656],[26.787606,44.034617],[26.790227,44.034607],[26.793309,44.034566],[26.796146,44.034554],[26.798611,44.034525],[26.800593,44.035029],[26.803553,44.035784],[26.805136,44.036186],[26.809605,44.03732],[26.81243,44.038056],[26.815489,44.038812],[26.818134,44.039498],[26.822157,44.040514],[26.823722,44.040915],[26.826273,44.041031],[26.828865,44.041138],[26.831247,44.041242],[26.834263,44.041382],[26.837436,44.041506],[26.839588,44.042995],[26.841722,44.044489],[26.844148,44.046155],[26.846081,44.04749],[26.847858,44.048729],[26.849307,44.049688],[26.851753,44.051398],[26.854531,44.053358],[26.856781,44.054871],[26.859605,44.056839],[26.861383,44.058067],[26.86301,44.059176],[26.864669,44.060303]]}},{"type":"Feature","properties":{"osm_id":457098318,"voltage":"110000","circuits":"1","cables":"3","name":"","operator":"","ref":""},"geometry":{"type":"LineString","coordinates":[[26.83331,44.101062],[26.834002,44.100176],[26.835056,44.09913],[26.837282,44.099645],[26.838813,44.100019],[26.841067,44.100555],[26.844424,44.099484],[26.845356,44.097757],[26.846432,44.095805],[26.847396,44.09405],[26.848342,44.092324],[26.849275,44.090624],[26.850349,44.088661],[26.85121,44.087105],[26.852005,44.085653],[26.852916,44.083999],[26.854014,44.082015],[26.855052,44.080136],[26.856024,44.078375],[26.856794,44.076978],[26.857386,44.075476],[26.858107,44.073648],[26.858881,44.071689],[26.859443,44.070279],[26.860215,44.068331],[26.861012,44.066332],[26.861554,44.064924],[26.862313,44.063805],[26.863412,44.062182],[26.864669,44.060303]]}},{"type":"Feature","properties":{"osm_id":457098331,"voltage":"110000","circuits":"2","cables":"6","name":"","operator":"","ref":""},"geometry":{"type":"LineString","coordinates":[[27.207955,44.088793],[27.208206,44.087222],[27.208524,44.085396],[27.2067,44.084553],[27.205817,44.084135],[27.203572,44.084363],[27.201315,44.084577],[27.199062,44.084798],[27.196814,44.085015],[27.194187,44.085125],[27.191632,44.085229],[27.188954,44.085347],[27.186625,44.085449],[27.184311,44.085551],[27.181313,44.085679],[27.178919,44.085775],[27.176943,44.085864],[27.174149,44.085982],[27.171223,44.086105],[27.168407,44.08622],[27.165751,44.086335],[27.163968,44.086414],[27.16217,44.086484],[27.159332,44.086612],[27.156636,44.087247],[27.155185,44.087594],[27.152738,44.088178],[27.149511,44.08895],[27.146395,44.089678],[27.144402,44.090153],[27.141842,44.090757],[27.139121,44.091405],[27.136638,44.091986],[27.134168,44.092555],[27.131269,44.093244],[27.129305,44.093718],[27.127392,44.094167],[27.12465,44.094811],[27.121408,44.09488],[27.118428,44.094946],[27.115931,44.094991],[27.113167,44.094847],[27.111378,44.094754],[27.107931,44.094563],[27.105003,44.094396],[27.101999,44.094244],[27.099924,44.094132],[27.097735,44.09401],[27.094294,44.093823],[27.091922,44.093693],[27.089487,44.092572],[27.086602,44.091231],[27.084244,44.090141],[27.081781,44.088999],[27.079352,44.087873],[27.07633,44.08647],[27.074075,44.08542],[27.071579,44.084271],[27.069251,44.083183],[27.067333,44.082294],[27.064844,44.081138],[27.061957,44.079807],[27.059199,44.078535],[27.056504,44.077282],[27.05458,44.076386],[27.052286,44.075327],[27.049343,44.073949],[27.04685,44.07278],[27.043863,44.071401],[27.04175,44.070428],[27.039933,44.069576],[27.037907,44.068638],[27.035731,44.067374],[27.033969,44.066352],[27.032081,44.065266],[27.029433,44.063742],[27.02742,44.062558],[27.025388,44.061388],[27.023125,44.060068],[27.020581,44.058592],[27.018544,44.057399],[27.017059,44.056198],[27.014854,44.05529],[27.012923,44.054185],[27.010657,44.052886],[27.008592,44.051693],[27.006494,44.050497],[27.00455,44.049373],[27.001863,44.047819],[26.999147,44.047189],[26.995904,44.046431],[26.99293,44.045742],[26.98941,44.044932],[26.986524,44.044258],[26.983414,44.04354],[26.981167,44.043022],[26.978334,44.042355],[26.974683,44.041702],[26.971481,44.041142],[26.969658,44.040833],[26.965932,44.040185],[26.963401,44.039747],[26.96034,44.03922],[26.957165,44.038668],[26.954266,44.038157],[26.951529,44.03823],[26.948817,44.038296],[26.946405,44.038369],[26.943786,44.038447],[26.940871,44.038517],[26.937684,44.038616],[26.93427,44.038705],[26.93115,44.037944],[26.927917,44.037153],[26.924631,44.03666],[26.921718,44.036217],[26.918533,44.03575],[26.915647,44.035316],[26.912921,44.034914],[26.91091,44.036023],[26.908282,44.037438],[26.906002,44.038671],[26.903491,44.040024],[26.901497,44.041113],[26.899371,44.042271],[26.89647,44.043825],[26.8943,44.045008],[26.892557,44.04597],[26.89082,44.046925],[26.888389,44.04818],[26.885809,44.049504],[26.883461,44.050704],[26.880762,44.052085],[26.878147,44.053417],[26.875524,44.05476],[26.873017,44.05604],[26.870213,44.057475],[26.867386,44.058929],[26.864669,44.060303]]}},{"type":"Feature","properties":{"osm_id":457811353,"voltage":"110000","circuits":"1","cables":"3","name":"","operator":"","ref":""},"geometry":{"type":"LineString","coordinates":[[27.147548,43.81868],[27.148423,43.818603],[27.151438,43.819152],[27.153279,43.819503],[27.155607,43.819906],[27.154996,43.82181],[27.154406,43.823707],[27.153816,43.825773],[27.153129,43.827979],[27.152124,43.829857],[27.150854,43.832236],[27.1499,43.834032],[27.14888,43.835997],[27.147861,43.837971],[27.146874,43.83982],[27.147775,43.841089],[27.14917,43.843009],[27.15049,43.844951],[27.151809,43.846816],[27.153209,43.8488],[27.154504,43.85062],[27.155875,43.852549],[27.157157,43.854328],[27.159845,43.858158],[27.161261,43.860084],[27.162635,43.861972],[27.163937,43.863945],[27.164044,43.865906],[27.16412,43.867684],[27.164248,43.870338],[27.164351,43.872213],[27.164431,43.873872],[27.164534,43.87625],[27.164674,43.878563],[27.164716,43.880225],[27.164845,43.882723],[27.164941,43.885011],[27.165038,43.886906],[27.163214,43.887648],[27.161401,43.888398],[27.159459,43.889233],[27.157442,43.890045],[27.155514,43.890839],[27.153161,43.891824],[27.151756,43.892411],[27.149996,43.893161],[27.147962,43.89397],[27.146041,43.89479],[27.144067,43.895578],[27.142003,43.896439],[27.142518,43.89855],[27.143022,43.900738],[27.14353,43.902892],[27.143982,43.904978],[27.144441,43.907057],[27.144921,43.909094],[27.146364,43.915399],[27.146833,43.917383],[27.147305,43.919394],[27.147769,43.921431],[27.14822,43.923453],[27.1487,43.925517],[27.149183,43.927578],[27.14969,43.929761],[27.150178,43.931866],[27.150642,43.93396],[27.150261,43.936052],[27.149875,43.938144],[27.149467,43.940222],[27.1491,43.942115],[27.148771,43.943942],[27.148448,43.94562],[27.149459,43.9464],[27.151892,43.948254],[27.153936,43.949853],[27.156484,43.951817],[27.158471,43.953359],[27.160397,43.954827],[27.162672,43.956586],[27.164849,43.958267],[27.166899,43.959843],[27.169058,43.961492],[27.170893,43.962923],[27.17291,43.964467],[27.174575,43.965772],[27.177118,43.967732],[27.178612,43.968903],[27.180967,43.970697],[27.182681,43.972015],[27.183746,43.973693],[27.184494,43.974893],[27.186034,43.977321],[27.187313,43.979342],[27.18856,43.98138],[27.189601,43.983013],[27.190969,43.985194],[27.192074,43.986987],[27.19353,43.989266],[27.194767,43.991217],[27.196515,43.993957],[27.19732,43.995315],[27.198479,43.997106],[27.199906,43.99939],[27.201118,44.00132],[27.202148,44.002971],[27.203701,44.005389],[27.204862,44.007285],[27.205922,44.008916],[27.207158,44.010881],[27.209548,44.014687],[27.210785,44.016645],[27.211997,44.018535],[27.212469,44.020456],[27.213081,44.022886],[27.213596,44.025069],[27.2141,44.027222],[27.214776,44.029829],[27.215312,44.03202],[27.215817,44.034118],[27.216686,44.036031],[27.218196,44.039095],[27.218982,44.040728],[27.219979,44.042818],[27.220924,44.044776],[27.221825,44.046643],[27.222777,44.048604],[27.223617,44.050375],[27.224429,44.052012],[27.225159,44.05357],[27.225912,44.055123],[27.225114,44.056315],[27.22396,44.058047],[27.222282,44.060571],[27.221362,44.061984],[27.2203,44.063561],[27.219418,44.06487],[27.217953,44.067076],[27.217046,44.068409],[27.214165,44.068854],[27.21177,44.06919],[27.21121,44.071724],[27.210866,44.073347],[27.21056,44.074627],[27.210071,44.076859],[27.209789,44.078115],[27.209416,44.079925],[27.209112,44.081183],[27.208759,44.082913],[27.208461,44.084175],[27.208107,44.085817],[27.207724,44.08755],[27.207509,44.088469],[27.206056,44.088929]]}},{"type":"Feature","properties":{"osm_id":457811354,"voltage":"110000","circuits":"1","cables":"3","name":"","operator":"","ref":""},"geometry":{"type":"LineString","coordinates":[[27.207751,44.088818],[27.206649,44.089143],[27.205385,44.089517],[27.203828,44.092018],[27.202717,44.093808],[27.201856,44.095189],[27.200997,44.096563],[27.199906,44.098337],[27.198937,44.099888],[27.198017,44.101331],[27.197203,44.102668],[27.196219,44.104241],[27.195284,44.105774],[27.194463,44.10709],[27.196084,44.107926],[27.197719,44.10875],[27.19894,44.109377],[27.199375,44.109586],[27.200136,44.109797],[27.200262,44.109943]]}},{"type":"Feature","properties":{"osm_id":457811355,"voltage":"110000","circuits":"1","cables":"3","name":"","operator":"","ref":""},"geometry":{"type":"LineString","coordinates":[[27.200081,44.109964],[27.199191,44.109652],[27.197984,44.109225],[27.195995,44.108157],[27.193954,44.107164],[27.19464,44.106079],[27.195259,44.105103],[27.195992,44.103934],[27.197153,44.102102],[27.197815,44.101037],[27.198576,44.099878],[27.198954,44.09898],[27.200108,44.09713],[27.200777,44.096048],[27.201329,44.095173],[27.202136,44.09389],[27.203127,44.092283],[27.203916,44.091035],[27.205017,44.089268],[27.206056,44.088929]]}},{"type":"Feature","properties":{"osm_id":457825940,"voltage":"110000","circuits":"2","cables":"6","name":"","operator":"","ref":""},"geometry":{"type":"LineString","coordinates":[[26.10142,41.81774],[26.100247,41.815094],[26.099944,41.814436],[26.099731,41.813998],[26.098314,41.811028],[26.096743,41.807697],[26.095481,41.805046],[26.094349,41.802662],[26.092648,41.799095],[26.09114,41.795894],[26.089809,41.793112],[26.088422,41.790183],[26.086866,41.7869],[26.08504,41.78305],[26.083518,41.779837],[26.08283,41.77839],[26.080353,41.775679],[26.077687,41.772843],[26.07516,41.770035],[26.072943,41.767586],[26.070966,41.765388],[26.068542,41.762708],[26.06639,41.760325],[26.064033,41.757703],[26.06172,41.75514],[26.059447,41.752627],[26.057134,41.750054],[26.054385,41.747013],[26.051322,41.743608],[26.048034,41.73996],[26.045275,41.736904],[26.042593,41.733812],[26.040705,41.731771],[26.038226,41.728986],[26.03774,41.726888],[26.036646,41.721881],[26.03564,41.717711],[26.035152,41.715601],[26.034513,41.712578],[26.033839,41.709573],[26.033384,41.707596],[26.032826,41.703979],[26.032255,41.700333],[26.031769,41.696951],[26.031315,41.693734],[26.030927,41.691232],[26.030713,41.689955],[26.030471,41.688375],[26.030213,41.686621],[26.029901,41.684649],[26.029622,41.682703],[26.029049,41.678833],[26.028479,41.675196],[26.0281,41.672577],[26.02765,41.669647],[26.02694,41.664654],[26.026305,41.660661],[26.02611,41.659393],[26.025725,41.656856],[26.025192,41.653434],[26.024774,41.650607],[26.024398,41.647688],[26.023961,41.645039],[26.023384,41.641169],[26.023047,41.638928],[26.022533,41.635566],[26.024908,41.633376],[26.028038,41.630498],[26.030399,41.628357],[26.032603,41.626292],[26.03577,41.623425],[26.037369,41.622027],[26.040485,41.619122],[26.041976,41.617842],[26.043744,41.616182],[26.046105,41.614044],[26.049008,41.611415],[26.051012,41.609551],[26.05316,41.607599],[26.055829,41.605172],[26.059374,41.601935],[26.06468,41.599718],[26.069747,41.597594],[26.073023,41.596216],[26.077218,41.594469],[26.078909,41.59375],[26.083922,41.59171],[26.089024,41.589558],[26.091975,41.588388],[26.096868,41.586182],[26.098622,41.585534],[26.100304,41.585232],[26.104427,41.584502],[26.105883,41.584225],[26.108697,41.583624],[26.107992,41.58364]]}},{"type":"Feature","properties":{"osm_id":457966446,"voltage":"110000","circuits":"1","cables":"3","name":"","operator":"","ref":""},"geometry":{"type":"LineString","coordinates":[[27.217562,44.068358],[27.221753,44.067864],[27.224122,44.067625],[27.225855,44.067443],[27.228355,44.067194],[27.231898,44.06684],[27.234338,44.066577],[27.236524,44.066347],[27.238964,44.066088],[27.241198,44.065861],[27.243385,44.065341],[27.245208,44.064912],[27.247098,44.064469],[27.24938,44.063935],[27.251571,44.064497],[27.253935,44.065087],[27.256509,44.06572],[27.257506,44.067476],[27.258455,44.069153],[27.259429,44.070891],[27.260367,44.072587],[27.259775,44.073573],[27.258623,44.075384],[27.260608,44.077252],[27.261986,44.078535],[27.263795,44.078965],[27.266353,44.079576]]}},{"type":"Feature","properties":{"osm_id":457992430,"voltage":"110000","circuits":"1","cables":"3","name":"","operator":"","ref":""},"geometry":{"type":"LineString","coordinates":[[27.266353,44.079576],[27.265023,44.081728],[27.263915,44.083582],[27.263038,44.085044],[27.262181,44.086446],[27.260977,44.088406],[27.25989,44.090236],[27.259129,44.091439],[27.257619,44.093956],[27.256879,44.095138],[27.255927,44.096698],[27.254929,44.09837],[27.254082,44.099736],[27.253915,44.100762],[27.253677,44.10202],[27.253459,44.103172],[27.253113,44.104751],[27.25264,44.10661],[27.25212,44.10735],[27.252161,44.107698]]}},{"type":"Feature","properties":{"osm_id":458394846,"voltage":"110000","circuits":"1","cables":"3","name":"","operator":"","ref":""},"geometry":{"type":"LineString","coordinates":[[27.293989,43.931927],[27.294394,43.931871],[27.295786,43.931686],[27.298249,43.931344],[27.300036,43.93113],[27.302492,43.930816],[27.302947,43.931893],[27.303406,43.932889],[27.30462,43.934387],[27.305509,43.935461],[27.30668,43.93687],[27.307676,43.938095],[27.308519,43.939094],[27.309701,43.940532],[27.310674,43.941702],[27.310769,43.9432],[27.31084,43.944276],[27.310994,43.946309],[27.311085,43.947451],[27.3112,43.949287],[27.311275,43.950634],[27.311342,43.951641],[27.311436,43.952935],[27.311559,43.954695],[27.311325,43.955897],[27.311427,43.957341],[27.311515,43.95878],[27.311623,43.959934],[27.311684,43.961002],[27.311786,43.962832],[27.311871,43.963919],[27.312015,43.966044],[27.312068,43.966821],[27.31227,43.969824],[27.312481,43.971255],[27.312553,43.97235],[27.312664,43.973781],[27.31273,43.97491],[27.312842,43.976604],[27.313096,43.979993],[27.313178,43.981357],[27.313288,43.982988],[27.313413,43.984587],[27.313476,43.985582],[27.313557,43.987026],[27.313543,43.988574],[27.312837,43.990008],[27.312189,43.991355],[27.31156,43.992636],[27.310945,43.993897],[27.310336,43.995151],[27.309779,43.996298],[27.30915,43.997631],[27.308434,43.999047],[27.307805,44.000335],[27.307085,44.001813],[27.306423,44.003167],[27.305707,44.004649],[27.305073,44.00593],[27.30431,44.007501],[27.303647,44.008855],[27.302884,44.010409],[27.302284,44.011673],[27.301521,44.013233],[27.300853,44.014584],[27.300138,44.016061],[27.299355,44.017567],[27.298635,44.018896],[27.298083,44.019963],[27.297468,44.021137],[27.296719,44.022552],[27.2961,44.02373],[27.295442,44.025007],[27.294679,44.026419],[27.293968,44.027779],[27.293176,44.02926],[27.29248,44.030603],[27.29174,44.03198],[27.291054,44.033295],[27.290285,44.034742],[27.289623,44.036002],[27.288802,44.037555],[27.288091,44.038887],[27.287347,44.040295],[27.286728,44.041493],[27.285912,44.043025],[27.285215,44.044354],[27.284481,44.045752],[27.283833,44.046973],[27.283002,44.04854],[27.282344,44.049817],[27.281715,44.050973],[27.281091,44.052143],[27.280366,44.053533],[27.279651,44.054872],[27.278906,44.056287],[27.278239,44.057564],[27.277442,44.059065],[27.276703,44.060458],[27.275949,44.061883],[27.275161,44.063367],[27.274523,44.064616],[27.273697,44.066151],[27.272838,44.068252],[27.271584,44.070487],[27.270475,44.072409],[27.269405,44.074282],[27.268292,44.076249],[27.267379,44.07785],[27.266353,44.079576]]}},{"type":"Feature","properties":{"osm_id":458598028,"voltage":"110000","circuits":"1","cables":"3","name":"","operator":"","ref":""},"geometry":{"type":"LineString","coordinates":[[27.420868,43.736549],[27.421058,43.736261],[27.42104,43.734901],[27.420696,43.733685],[27.420254,43.732067],[27.419834,43.730553],[27.419379,43.728947],[27.419061,43.727725],[27.418579,43.726074],[27.418195,43.724612],[27.417678,43.722952],[27.41723,43.721184],[27.416905,43.719902],[27.416452,43.71824],[27.415989,43.716672],[27.41562,43.71528],[27.415086,43.713387],[27.414651,43.711729],[27.414213,43.710168],[27.413742,43.708502],[27.413306,43.706843],[27.412837,43.705222],[27.412353,43.703498],[27.411918,43.701908],[27.411717,43.701114],[27.410387,43.700944],[27.408612,43.700701],[27.406469,43.700412],[27.404581,43.700171],[27.402646,43.699919],[27.400365,43.699622],[27.398096,43.699316],[27.395773,43.699013],[27.393541,43.698715],[27.39134,43.698421],[27.389098,43.698134],[27.386856,43.697828],[27.384657,43.697551],[27.382497,43.697268],[27.380407,43.696978],[27.381027,43.695451],[27.381722,43.693744],[27.382652,43.691367],[27.38366,43.688882],[27.384487,43.686873],[27.385234,43.684992],[27.386116,43.682843],[27.386958,43.680752],[27.387938,43.678305],[27.38867,43.67652],[27.389422,43.674636],[27.390375,43.672236],[27.39113,43.670368],[27.391992,43.668131],[27.392649,43.666521],[27.393396,43.664719],[27.394135,43.662885],[27.394899,43.660957],[27.395614,43.659201],[27.396309,43.657437],[27.397047,43.655638],[27.397762,43.653871],[27.398478,43.652079],[27.399381,43.650418],[27.400431,43.648455],[27.401458,43.646579],[27.402391,43.644863],[27.403328,43.643124],[27.404323,43.641302],[27.405304,43.639496],[27.406223,43.637805],[27.407157,43.636065],[27.408148,43.634257],[27.40934,43.632113],[27.410558,43.629934],[27.41173,43.627814],[27.412864,43.625759],[27.414128,43.623488],[27.415279,43.621416],[27.416446,43.619296],[27.417547,43.6173],[27.418626,43.615374],[27.419751,43.613378],[27.420906,43.611279],[27.422013,43.609312],[27.423223,43.607056],[27.424105,43.605536],[27.42499,43.603921],[27.42637,43.601419],[27.427354,43.599672],[27.428385,43.597764],[27.461537,43.537875],[27.462465,43.536178],[27.463453,43.534402],[27.464404,43.532653],[27.465302,43.531059],[27.466322,43.529229],[27.467326,43.527399],[27.468258,43.525684],[27.469204,43.523962],[27.47026,43.522072],[27.471196,43.520366],[27.472179,43.518575],[27.473066,43.51698],[27.47407,43.515196],[27.475037,43.513408],[27.476057,43.511563],[27.477052,43.509742],[27.478055,43.507979],[27.478961,43.506261],[27.479916,43.504562],[27.480799,43.502955],[27.482025,43.500757],[27.483196,43.498592],[27.484424,43.4964],[27.485655,43.494192],[27.486842,43.491998],[27.487565,43.490728],[27.48867,43.488701],[27.489833,43.486623],[27.49104,43.484389],[27.492288,43.482102],[27.493486,43.479939],[27.494617,43.477888],[27.495703,43.475917],[27.496827,43.473885],[27.498053,43.471719],[27.499194,43.469697],[27.500302,43.467738],[27.501451,43.465713],[27.502385,43.464066],[27.50519,43.459084],[27.506134,43.457409],[27.507126,43.455648],[27.508082,43.45395],[27.50907,43.452195],[27.509977,43.450583],[27.510972,43.448816],[27.511937,43.447103],[27.513036,43.44515],[27.514033,43.443379],[27.515047,43.441624],[27.515966,43.439951],[27.517027,43.438101],[27.518047,43.436206],[27.518753,43.435017],[27.519592,43.433473],[27.520393,43.432032],[27.521291,43.430463],[27.522147,43.428898],[27.52297,43.427416],[27.523881,43.425763],[27.524617,43.424445],[27.525577,43.42287],[27.526444,43.421317],[27.527296,43.419771],[27.528135,43.418277],[27.528973,43.416749],[27.529862,43.415173],[27.530867,43.413424],[27.531904,43.411551],[27.532718,43.410016],[27.533729,43.408157],[27.534608,43.406565],[27.535636,43.404958],[27.53726,43.404996],[27.539102,43.405068],[27.539661,43.405082]]}},{"type":"Feature","properties":{"osm_id":458843768,"voltage":"110000","circuits":"","cables":"3","name":"","operator":"","ref":""},"geometry":{"type":"LineString","coordinates":[[24.706204,42.876038],[24.706517,42.87585]]}},{"type":"Feature","properties":{"osm_id":458868207,"voltage":"110000","circuits":"2","cables":"6","name":"","operator":"","ref":""},"geometry":{"type":"LineString","coordinates":[[25.326418,42.890491],[25.327954,42.890369],[25.331033,42.890055],[25.33532,42.889185]]}},{"type":"Feature","properties":{"osm_id":458945963,"voltage":"110000","circuits":"1","cables":"3","name":"","operator":"","ref":""},"geometry":{"type":"LineString","coordinates":[[25.452362,42.927029],[25.452533,42.926771]]}},{"type":"Feature","properties":{"osm_id":459097427,"voltage":"110000","circuits":"","cables":"3","name":"","operator":"","ref":""},"geometry":{"type":"LineString","coordinates":[[25.601431,43.057094],[25.600323,43.057496],[25.595409,43.05793],[25.590381,43.058655],[25.588728,43.059869],[25.585652,43.062129],[25.581988,43.064802],[25.581336,43.065279],[25.577853,43.067828],[25.575877,43.069291],[25.572706,43.069299],[25.570625,43.069343]]}},{"type":"Feature","properties":{"osm_id":459097428,"voltage":"110000","circuits":"2","cables":"6","name":"","operator":"","ref":""},"geometry":{"type":"LineString","coordinates":[[25.613581,43.069976],[25.613941,43.068358],[25.615298,43.067123],[25.617388,43.064604],[25.617492,43.062644],[25.6176,43.061048],[25.617661,43.059168],[25.617033,43.057945],[25.61636,43.056661]]}},{"type":"Feature","properties":{"osm_id":459097429,"voltage":"110000","circuits":"1","cables":"3","name":"","operator":"","ref":""},"geometry":{"type":"LineString","coordinates":[[25.600879,43.056834],[25.601346,43.056888],[25.602756,43.056688],[25.606576,43.056637],[25.61039,43.056535],[25.612015,43.056496],[25.61636,43.056661]]}},{"type":"Feature","properties":{"osm_id":459097437,"voltage":"220000","circuits":"1","cables":"1","name":"Янтра","operator":"","ref":""},"geometry":{"type":"LineString","coordinates":[[25.577288,43.074972],[25.574375,43.072877],[25.569536,43.069452],[25.564257,43.06555],[25.561905,43.063998]]}},{"type":"Feature","properties":{"osm_id":459097438,"voltage":"220000","circuits":"1","cables":"1","name":"Янтра","operator":"","ref":""},"geometry":{"type":"LineString","coordinates":[[25.577288,43.074972],[25.574182,43.07292],[25.56938,43.069534],[25.563945,43.065576],[25.561905,43.063998]]}},{"type":"Feature","properties":{"osm_id":459097439,"voltage":"220000","circuits":"1","cables":"3","name":"Янтра","operator":"","ref":""},"geometry":{"type":"LineString","coordinates":[[25.365828,42.922604],[25.363198,42.920717],[25.36004,42.918425],[25.357921,42.91692],[25.355737,42.915291],[25.355421,42.914135],[25.355058,42.912774],[25.354223,42.909661],[25.353506,42.907013],[25.353028,42.905209],[25.35263,42.903577],[25.351784,42.90047],[25.35121,42.898122],[25.350534,42.895786],[25.350013,42.893731],[25.349311,42.891226],[25.348652,42.88875],[25.348138,42.886738],[25.347589,42.884626],[25.347343,42.883707],[25.346098,42.881242],[25.344965,42.87896],[25.343856,42.876714],[25.343105,42.874174],[25.34253,42.872218],[25.341866,42.870042],[25.341055,42.867188],[25.340455,42.86512],[25.339666,42.862473],[25.339444,42.861704],[25.338908,42.859846],[25.337808,42.858755],[25.336366,42.857388],[25.334682,42.855754],[25.33392,42.853328],[25.332592,42.851094],[25.331018,42.848527],[25.329482,42.846346],[25.327511,42.847224],[25.325884,42.847969],[25.322369,42.849593],[25.321987,42.849769]]}},{"type":"Feature","properties":{"osm_id":459097440,"voltage":"220000","circuits":"1","cables":"1","name":"Янтра","operator":"","ref":""},"geometry":{"type":"LineString","coordinates":[[25.561905,43.063998],[25.564251,43.06538],[25.569745,43.069385],[25.574605,43.07283],[25.577288,43.074972]]}},{"type":"Feature","properties":{"osm_id":459100104,"voltage":"110000","circuits":"1","cables":"3","name":"","operator":"","ref":""},"geometry":{"type":"LineString","coordinates":[[25.570556,43.069115],[25.572561,43.069101],[25.575737,43.069072],[25.577482,43.067778],[25.580956,43.065245],[25.581682,43.064716],[25.585389,43.062023],[25.588338,43.059857],[25.590283,43.058429],[25.595168,43.057737],[25.600171,43.057329],[25.600627,43.057113]]}},{"type":"Feature","properties":{"osm_id":459105896,"voltage":"110000","circuits":"1","cables":"3","name":"","operator":"","ref":""},"geometry":{"type":"LineString","coordinates":[[25.708389,43.121532],[25.708416,43.121133],[25.706939,43.119527],[25.704734,43.117182],[25.70232,43.114547],[25.699845,43.111899],[25.697122,43.10896],[25.695097,43.106797],[25.692928,43.104428],[25.690648,43.101998],[25.688391,43.101337],[25.686993,43.10284],[25.685052,43.104914],[25.683196,43.106959],[25.681444,43.108846],[25.679419,43.111053],[25.677523,43.113107],[25.67596,43.114809],[25.672835,43.118214],[25.671261,43.119944],[25.668663,43.122755],[25.668288,43.124013],[25.667829,43.125496],[25.667353,43.127042],[25.666974,43.128343],[25.66641,43.130088],[25.665384,43.133513],[25.665115,43.134528],[25.664201,43.137532],[25.663547,43.139728],[25.664501,43.141268],[25.665181,43.142364],[25.665182,43.142864]]}},{"type":"Feature","properties":{"osm_id":459117270,"voltage":"110000;20000","circuits":"2","cables":"6","name":"","operator":"","ref":""},"geometry":{"type":"LineString","coordinates":[[25.570625,43.069343],[25.573232,43.071178],[25.576635,43.073633],[25.578523,43.074943],[25.583827,43.078855],[25.588218,43.081966],[25.589285,43.082722],[25.592105,43.084742],[25.593812,43.085965],[25.595767,43.087398],[25.597776,43.088845],[25.601613,43.091586],[25.60306,43.092623],[25.604942,43.093997],[25.606817,43.095322],[25.610474,43.097627],[25.610985,43.098311],[25.611933,43.09897],[25.613939,43.100391],[25.621224,43.105385],[25.625801,43.10865],[25.627346,43.10976],[25.632762,43.113624],[25.635217,43.115375],[25.637982,43.117351],[25.639982,43.118811],[25.640508,43.121173],[25.641041,43.123584],[25.641751,43.126909],[25.64202,43.128186],[25.642341,43.129546],[25.643568,43.132618],[25.644042,43.133873],[25.649175,43.135353],[25.65352,43.13654],[25.656249,43.137318],[25.659731,43.138289],[25.662829,43.13915],[25.663451,43.140139],[25.664604,43.141986],[25.66494,43.142537]]}},{"type":"Feature","properties":{"osm_id":459117273,"voltage":"220000","circuits":"1","cables":"1","name":"Янтра","operator":"","ref":""},"geometry":{"type":"LineString","coordinates":[[25.602743,43.093176],[25.606238,43.095471],[25.611263,43.099052],[25.613353,43.100736]]}},{"type":"Feature","properties":{"osm_id":459117276,"voltage":"220000","circuits":"1","cables":"1","name":"Янтра","operator":"","ref":""},"geometry":{"type":"LineString","coordinates":[[25.613353,43.100736],[25.611011,43.099294],[25.606073,43.095733],[25.602743,43.093176]]}},{"type":"Feature","properties":{"osm_id":459117278,"voltage":"220000","circuits":"1","cables":"3","name":"Янтра","operator":"","ref":""},"geometry":{"type":"LineString","coordinates":[[25.602743,43.093176],[25.600912,43.091817],[25.598551,43.09017],[25.595747,43.08813],[25.592682,43.085947],[25.590756,43.084557],[25.5883,43.082822],[25.585601,43.080849],[25.583247,43.079158],[25.580742,43.077372],[25.577288,43.074972]]}},{"type":"Feature","properties":{"osm_id":459117281,"voltage":"220000","circuits":"1","cables":"1","name":"Янтра","operator":"","ref":""},"geometry":{"type":"LineString","coordinates":[[25.613353,43.100736],[25.611083,43.099154],[25.606214,43.095637],[25.602743,43.093176]]}},{"type":"Feature","properties":{"osm_id":459555012,"voltage":"110000","circuits":"1","cables":"3","name":"","operator":"","ref":"ЕДЕЛВАЙС"},"geometry":{"type":"LineString","coordinates":[[25.556407,42.764452],[25.555536,42.764186],[25.555025,42.764087],[25.554154,42.763883],[25.55309,42.764049],[25.551433,42.764373],[25.550058,42.764628],[25.549206,42.764755],[25.548285,42.766774],[25.547522,42.767958],[25.546416,42.769081],[25.545172,42.770364],[25.544655,42.77087],[25.543811,42.771748],[25.543149,42.772434],[25.5425,42.773089],[25.541541,42.774067],[25.540696,42.774925],[25.539397,42.776285],[25.538687,42.777017],[25.538168,42.777559],[25.537323,42.778418],[25.536239,42.779527],[25.535795,42.779969],[25.535188,42.780893],[25.533823,42.781238],[25.532748,42.781517],[25.5311,42.78195],[25.529358,42.78236],[25.528873,42.782846],[25.527905,42.78379],[25.526987,42.784695],[25.525611,42.786099],[25.524549,42.787184],[25.522897,42.788879],[25.522298,42.789476],[25.521088,42.790695],[25.520302,42.791484],[25.518562,42.792888],[25.517925,42.793401],[25.517408,42.793789],[25.516052,42.794867],[25.514412,42.796215],[25.513393,42.797067],[25.512329,42.797917],[25.511054,42.798942],[25.509554,42.800154],[25.508351,42.801104],[25.505812,42.803207],[25.504962,42.803875],[25.503542,42.80507],[25.501548,42.806677],[25.500729,42.807305],[25.498774,42.808876],[25.497755,42.809712],[25.49621,42.810981],[25.495242,42.811732],[25.493562,42.811823],[25.491736,42.811952],[25.487202,42.812326],[25.486041,42.812397],[25.483099,42.812622],[25.480441,42.812757],[25.47946,42.812826],[25.478121,42.813295],[25.475456,42.81421],[25.473671,42.814842],[25.473413,42.814938],[25.472705,42.815202],[25.470993,42.81583],[25.467684,42.816934],[25.469585,42.820069],[25.470053,42.820799],[25.47179,42.823464],[25.470365,42.824788],[25.468618,42.82643],[25.467483,42.827439],[25.466864,42.829274],[25.466197,42.831314],[25.465754,42.832572],[25.464609,42.83583],[25.464262,42.83675],[25.463902,42.837839],[25.462814,42.841036],[25.462539,42.841812],[25.461347,42.845278],[25.461046,42.846153],[25.459946,42.849329],[25.460485,42.851025],[25.46103,42.852741],[25.461631,42.854701],[25.462644,42.857834],[25.46309,42.859245],[25.463791,42.861447],[25.464588,42.863984],[25.467697,42.863812],[25.470572,42.863633],[25.472492,42.863506],[25.475382,42.863551],[25.475816,42.863114]]}},{"type":"Feature","properties":{"osm_id":459820109,"voltage":"110000","circuits":"2","cables":"6","name":"","operator":"","ref":""},"geometry":{"type":"LineString","coordinates":[[25.889755,43.026697],[25.886549,43.028151],[25.882325,43.031101],[25.878463,43.033771],[25.87606,43.035447],[25.872419,43.035988],[25.869214,43.036478],[25.868811,43.03654],[25.864088,43.037252],[25.860048,43.036324],[25.855855,43.035377],[25.852931,43.034721],[25.850994,43.034282],[25.848099,43.033587]]}},{"type":"Feature","properties":{"osm_id":459826238,"voltage":"110000","circuits":"1","cables":"3","name":"","operator":"","ref":""},"geometry":{"type":"LineString","coordinates":[[25.889983,43.026397],[25.891213,43.026168]]}},{"type":"Feature","properties":{"osm_id":460007306,"voltage":"110000","circuits":"1","cables":"3","name":"","operator":"","ref":""},"geometry":{"type":"LineString","coordinates":[[24.646848,43.420062],[24.64719,43.420274],[24.647358,43.421369],[24.647902,43.422746],[24.648755,43.425079],[24.650758,43.429547],[24.651795,43.432135],[24.652477,43.433594],[24.655346,43.433106],[24.658103,43.432692],[24.660865,43.432292],[24.663206,43.43192],[24.665265,43.431602],[24.668803,43.431056],[24.671556,43.430641],[24.674251,43.430234],[24.677289,43.429757],[24.680021,43.42934],[24.682696,43.428942],[24.685249,43.428541],[24.688429,43.428054],[24.691509,43.427584],[24.694129,43.427189],[24.696713,43.426794],[24.699373,43.42638],[24.700857,43.42614],[24.70285,43.425829],[24.705381,43.425447],[24.708354,43.424997],[24.711158,43.42455],[24.713851,43.424145],[24.716458,43.423757],[24.719239,43.423335],[24.722034,43.422896],[24.724872,43.42246],[24.727895,43.421998],[24.730196,43.421632],[24.73312,43.421186],[24.735864,43.420771],[24.738567,43.420338],[24.741236,43.419935],[24.743878,43.419518],[24.746743,43.419072],[24.749473,43.418647],[24.752322,43.418207],[24.755157,43.417771],[24.758045,43.417359],[24.760754,43.416931],[24.763405,43.41652],[24.766175,43.416081],[24.769026,43.415633],[24.771738,43.41521],[24.774359,43.414811],[24.776998,43.414386],[24.779822,43.413946],[24.782652,43.413502],[24.785433,43.413073],[24.788067,43.41266],[24.790731,43.412237],[24.793526,43.411801],[24.796479,43.411341],[24.799338,43.410885],[24.80205,43.410462],[24.804821,43.410028],[24.80765,43.409589],[24.810416,43.409155],[24.813092,43.40873],[24.815855,43.408295],[24.818738,43.407851],[24.821328,43.407437],[24.824094,43.407004],[24.826745,43.406583],[24.829528,43.406143],[24.8324,43.405694],[24.835011,43.405302],[24.837653,43.404901],[24.840326,43.404468],[24.842888,43.404083],[24.845544,43.403653],[24.848358,43.4032],[24.851963,43.402642],[24.855012,43.402179],[24.857137,43.401852],[24.859978,43.401393],[24.862792,43.400937],[24.86516,43.400558],[24.86801,43.400115],[24.870815,43.399685],[24.873523,43.399268],[24.876112,43.398857],[24.878865,43.398426],[24.881543,43.398019],[24.884258,43.39757],[24.887005,43.397128],[24.889683,43.39672],[24.892364,43.396306],[24.895148,43.39586],[24.897909,43.395417],[24.900684,43.39498],[24.903396,43.39455],[24.906021,43.394142],[24.908708,43.393694],[24.911474,43.393274],[24.914311,43.392824],[24.916975,43.392404],[24.91978,43.391941],[24.922736,43.391469],[24.925462,43.391042],[24.928236,43.390599],[24.931478,43.390074],[24.934107,43.389657],[24.934484,43.389595],[24.936868,43.389207],[24.939528,43.388777],[24.94228,43.388334],[24.945015,43.38791],[24.947644,43.387499],[24.950202,43.387072],[24.953135,43.386594],[24.955835,43.386167],[24.958614,43.385711],[24.961486,43.385248],[24.964366,43.384796],[24.967207,43.384327],[24.969995,43.383852],[24.972805,43.383396],[24.975531,43.382972],[24.978261,43.382526],[24.980938,43.382089],[24.983616,43.381655],[24.986412,43.381215],[24.989125,43.380785],[24.991904,43.380345],[24.994621,43.379893],[24.997369,43.379446],[24.999967,43.379032],[25.002733,43.378602],[25.00537,43.378178],[25.00799,43.377754],[25.010659,43.37732],[25.013411,43.376887],[25.016058,43.37646],[25.018868,43.376004],[25.021501,43.375602],[25.024304,43.375142],[25.027101,43.374696],[25.029981,43.37424],[25.032522,43.373832],[25.035446,43.373357],[25.038093,43.372936],[25.04073,43.372512],[25.043266,43.372117],[25.04597,43.37167],[25.04883,43.371229],[25.051569,43.370783],[25.054079,43.370375],[25.056774,43.369938],[25.0595,43.369505],[25.062239,43.369065],[25.064815,43.368647],[25.067611,43.368182],[25.070342,43.36778],[25.073096,43.367301],[25.075774,43.366872],[25.078589,43.366412],[25.081201,43.366002],[25.083803,43.365303],[25.086414,43.364616],[25.089051,43.363919],[25.09168,43.363214],[25.094533,43.362457],[25.097191,43.36175],[25.100068,43.360988],[25.102864,43.360239],[25.10549,43.359542],[25.108053,43.358862],[25.110916,43.358114],[25.113811,43.357342],[25.11624,43.356682],[25.117844,43.35539],[25.119355,43.354187],[25.121852,43.354027],[25.124079,43.35389],[25.126377,43.353759],[25.129095,43.353605],[25.130543,43.353487],[25.130961,43.353426]]}},{"type":"Feature","properties":{"osm_id":461012581,"voltage":"110000","circuits":"","cables":"","name":"","operator":"","ref":""},"geometry":{"type":"LineString","coordinates":[[24.645723,43.401055],[24.646032,43.401449],[24.645873,43.401015]]}},{"type":"Feature","properties":{"osm_id":461012582,"voltage":"110000","circuits":"2","cables":"6","name":"","operator":"","ref":""},"geometry":{"type":"LineString","coordinates":[[24.646032,43.401449],[24.649066,43.40108],[24.651448,43.400806],[24.655271,43.40033],[24.658173,43.4],[24.659699,43.40209],[24.661618,43.404642],[24.66408,43.407974],[24.665838,43.410349],[24.668053,43.411463],[24.666766,43.413838],[24.66549,43.416206],[24.660706,43.417648],[24.656635,43.418855],[24.653096,43.41992],[24.64913,43.421168],[24.64777,43.420262]]}},{"type":"Feature","properties":{"osm_id":461012583,"voltage":"110000","circuits":"1","cables":"3","name":"","operator":"","ref":""},"geometry":{"type":"LineString","coordinates":[[24.625082,43.421974],[24.625144,43.422076],[24.626305,43.422043],[24.627378,43.421679],[24.628843,43.42203],[24.629779,43.423345],[24.631074,43.425399],[24.633439,43.42488],[24.635263,43.424487],[24.639419,43.423393],[24.642648,43.422627]]}},{"type":"Feature","properties":{"osm_id":462198925,"voltage":"110000","circuits":"1","cables":"3","name":"","operator":"","ref":""},"geometry":{"type":"LineString","coordinates":[[24.57872,43.434792],[24.579605,43.435897],[24.583188,43.435826],[24.586668,43.43578],[24.589047,43.43446],[24.591548,43.433092],[24.593635,43.431939],[24.596469,43.432441],[24.599525,43.433007],[24.601237,43.433306],[24.604295,43.433847],[24.606154,43.434179],[24.60819,43.434543],[24.611335,43.433579],[24.615383,43.432318],[24.61867,43.431285],[24.621046,43.430767],[24.623393,43.430278],[24.626467,43.42986],[24.630078,43.42934],[24.633882,43.428801],[24.637698,43.428269],[24.645075,43.427209],[24.647782,43.425452],[24.647355,43.423567],[24.647048,43.422195],[24.646966,43.420371],[24.646729,43.420086]]}},{"type":"Feature","properties":{"osm_id":462211543,"voltage":"110000","circuits":"1","cables":"3","name":"","operator":"","ref":""},"geometry":{"type":"LineString","coordinates":[[24.528385,43.522433],[24.529282,43.519122],[24.530104,43.515736],[24.530992,43.51222],[24.531728,43.509288],[24.532678,43.505539],[24.533538,43.502091],[24.534431,43.498557],[24.535333,43.494898],[24.536186,43.491543],[24.537047,43.488098],[24.537933,43.48454],[24.540346,43.480088],[24.541333,43.479284],[24.542095,43.477483],[24.543776,43.475699],[24.546634,43.474099],[24.549543,43.472504],[24.550937,43.470131],[24.551647,43.46894],[24.552501,43.467447],[24.552604,43.466598],[24.552892,43.464353],[24.553276,43.461002],[24.553674,43.45768],[24.55403,43.454614],[24.555395,43.453912],[24.559564,43.451793],[24.561091,43.449077],[24.56478,43.448511],[24.568549,43.447956],[24.573947,43.445876],[24.581449,43.442975],[24.580283,43.440888],[24.578596,43.437847],[24.578009,43.436144],[24.57719,43.435586],[24.577152,43.435517]]}},{"type":"Feature","properties":{"osm_id":462211546,"voltage":"110000","circuits":"1","cables":"3","name":"","operator":"","ref":""},"geometry":{"type":"LineString","coordinates":[[24.677046,43.636381],[24.677038,43.636059],[24.675837,43.633777],[24.672983,43.631963],[24.670111,43.630146],[24.667251,43.628319],[24.664628,43.626654],[24.661683,43.624805],[24.658427,43.622728],[24.655847,43.621104],[24.65281,43.619163],[24.650204,43.617587],[24.647491,43.615863],[24.644586,43.61399],[24.641821,43.612252],[24.639406,43.610701],[24.636621,43.608897],[24.631695,43.605796],[24.628578,43.60381],[24.625797,43.60202],[24.622892,43.600202],[24.620128,43.598412],[24.6192,43.594508],[24.618623,43.592314],[24.618164,43.590555],[24.617613,43.588447],[24.616978,43.585772],[24.616314,43.583034],[24.615713,43.580628],[24.61494,43.578141],[24.614059,43.575305],[24.612751,43.571384],[24.61197,43.568835],[24.610956,43.565609],[24.610193,43.563165],[24.609363,43.560686],[24.608634,43.558078],[24.607785,43.555367],[24.60725,43.553686],[24.607804,43.552425],[24.607864,43.549846],[24.608107,43.546905],[24.608283,43.54392],[24.608359,43.540867],[24.608611,43.537937],[24.608793,43.535145],[24.608959,43.53301],[24.609428,43.528731],[24.609565,43.525361],[24.609656,43.52259],[24.609738,43.519574],[24.609812,43.51727],[24.609861,43.515389],[24.609907,43.513365],[24.609996,43.508826],[24.60882,43.505862],[24.607975,43.503705],[24.60648,43.499751],[24.605667,43.49788],[24.605037,43.496249],[24.603911,43.493417],[24.602685,43.490181],[24.601237,43.48648],[24.600426,43.484405],[24.599877,43.483107],[24.59912,43.481177],[24.597927,43.478092],[24.596573,43.474643],[24.595462,43.471988],[24.594614,43.469837],[24.59389,43.467935],[24.593236,43.466223],[24.59244,43.464203],[24.591507,43.461864],[24.590532,43.459453],[24.589768,43.457483],[24.588618,43.454563],[24.587111,43.450796],[24.58628,43.448655],[24.585411,43.446452],[24.584331,43.443689],[24.58263,43.441518],[24.580557,43.438905],[24.5783,43.43609],[24.577718,43.435382],[24.577624,43.435252]]}},{"type":"Feature","properties":{"osm_id":463690645,"voltage":"110000","circuits":"2","cables":"6","name":"","operator":"","ref":""},"geometry":{"type":"LineString","coordinates":[[23.386985,42.673511],[23.387366,42.674662],[23.390791,42.674061],[23.392399,42.672769],[23.395281,42.671835],[23.401697,42.668614],[23.403095,42.670131],[23.404498,42.67163],[23.405912,42.673164],[23.407183,42.674275]]}},{"type":"Feature","properties":{"osm_id":465293453,"voltage":"110000","circuits":"1","cables":"3","name":"","operator":"","ref":""},"geometry":{"type":"LineString","coordinates":[[24.846289,43.697773],[24.846662,43.69772],[24.847701,43.697597],[24.849074,43.696528],[24.850721,43.695351],[24.851839,43.694399],[24.853707,43.692778],[24.854927,43.691733],[24.857207,43.689782],[24.858628,43.688546],[24.860482,43.686953],[24.861764,43.685581],[24.863348,43.683893],[24.864884,43.68223],[24.866469,43.680549],[24.868015,43.678882],[24.869513,43.677285],[24.872206,43.67683],[24.874996,43.676375],[24.877536,43.675962],[24.879941,43.67557],[24.882711,43.675104],[24.884886,43.674761],[24.887105,43.674396],[24.889817,43.673938],[24.891503,43.673668],[24.892136,43.673566],[24.893903,43.673274],[24.89665,43.672826],[24.899386,43.672399],[24.900974,43.672131],[24.901656,43.672002],[24.904215,43.671593],[24.906887,43.671127],[24.909666,43.670677],[24.91238,43.670243],[24.915169,43.669777],[24.917948,43.669335],[24.920523,43.6689],[24.923173,43.66845],[24.925963,43.668],[24.928602,43.667581],[24.931381,43.667154],[24.93416,43.666681],[24.936552,43.665586],[24.938966,43.664461],[24.941047,43.663506],[24.943354,43.662466],[24.945854,43.661294],[24.947356,43.660596],[24.948354,43.660169],[24.950135,43.659354],[24.952527,43.658228],[24.954823,43.657188],[24.957237,43.656047],[24.95963,43.654992],[24.962065,43.653882],[24.963835,43.653028],[24.966207,43.651941],[24.968417,43.650947],[24.970798,43.64986],[24.973202,43.648719],[24.975605,43.647632],[24.977858,43.646592],[24.980154,43.645544],[24.982418,43.644504],[24.984853,43.643409],[24.986626,43.642602],[24.98905,43.641498],[24.99154,43.640364],[24.993844,43.639269],[24.994682,43.638888],[24.995785,43.638387],[24.997693,43.637518],[25.00006,43.636442],[25.003359,43.634939],[25.005077,43.634159],[25.007459,43.633055],[25.009749,43.632012],[25.011931,43.63102],[25.013769,43.63017],[25.016113,43.629088],[25.018127,43.628158],[25.021053,43.626834],[25.022177,43.626318],[25.02384,43.625537],[25.026082,43.624543],[25.027847,43.623738],[25.030248,43.622639],[25.032542,43.621597],[25.034892,43.620522],[25.03726,43.619448],[25.039695,43.61836],[25.041838,43.617413],[25.045425,43.615788],[25.047987,43.614535],[25.050284,43.613557],[25.052743,43.612446],[25.055198,43.61131],[25.057531,43.610248],[25.06004,43.609135],[25.062489,43.60801],[25.06437,43.607149],[25.066289,43.606184],[25.068769,43.604897],[25.07055,43.603974],[25.072464,43.60298],[25.07462,43.601867],[25.077001,43.600655],[25.078194,43.600034],[25.080602,43.598782],[25.082643,43.597733],[25.084764,43.596658],[25.086937,43.595544],[25.089111,43.594444],[25.091157,43.59337],[25.093461,43.592182],[25.095153,43.59131],[25.096758,43.590496],[25.099977,43.588829],[25.103172,43.587168],[25.104438,43.586532],[25.10696,43.585243],[25.10904,43.584149],[25.111128,43.583066],[25.113793,43.583009],[25.116625,43.582963],[25.119495,43.582912],[25.122382,43.582849],[25.125104,43.582801],[25.127949,43.582745],[25.130778,43.58269],[25.133693,43.582633],[25.136081,43.582586],[25.1388,43.582533],[25.14167,43.582477],[25.144539,43.582421],[25.146474,43.582382],[25.149037,43.582331],[25.151433,43.582283],[25.153678,43.582233],[25.15714,43.582162],[25.159287,43.582126],[25.162281,43.582086],[25.165115,43.582022],[25.168086,43.581954],[25.170957,43.581902],[25.173772,43.581857],[25.176675,43.581782],[25.179372,43.581742],[25.182553,43.582537],[25.186025,43.583407],[25.188959,43.584146],[25.192439,43.585006],[25.195832,43.585865],[25.199256,43.58669],[25.202934,43.587629],[25.205567,43.5883],[25.207359,43.588752],[25.209658,43.589325],[25.213094,43.590192],[25.216623,43.59109],[25.219863,43.591937],[25.223345,43.592781],[25.226619,43.593578],[25.229966,43.594412],[25.233029,43.595198],[25.236174,43.595969],[25.249991,43.599411],[25.256881,43.601136],[25.260257,43.601978],[25.263715,43.602824],[25.267099,43.603666],[25.27038,43.604496],[25.273124,43.606082],[25.275766,43.607577],[25.278502,43.609129],[25.281363,43.610776],[25.284266,43.612409],[25.287171,43.614064],[25.289903,43.615604],[25.29274,43.617228],[25.292941,43.619838],[25.293085,43.621993],[25.293469,43.62714],[25.293642,43.629566],[25.293824,43.632044],[25.293968,43.634126],[25.294175,43.636763],[25.294362,43.639414],[25.294569,43.642316],[25.294756,43.644723],[25.296134,43.644876],[25.299547,43.64525],[25.302486,43.645607],[25.304598,43.645554],[25.305219,43.64448],[25.305092,43.644277]]}},{"type":"Feature","properties":{"osm_id":465315301,"voltage":"110000","circuits":"1","cables":"3","name":"","operator":"","ref":""},"geometry":{"type":"LineString","coordinates":[[25.304447,43.644221],[25.304456,43.644402],[25.302973,43.644865],[25.300028,43.644574],[25.297022,43.644293],[25.295476,43.644164],[25.295284,43.641617],[25.295063,43.63889],[25.294866,43.636186],[25.294669,43.633479],[25.294496,43.631213],[25.294304,43.628433],[25.294103,43.625934],[25.29393,43.623641],[25.2938,43.621788],[25.295606,43.620777],[25.298241,43.619331],[25.300244,43.618232],[25.304284,43.615992],[25.307002,43.614497],[25.308735,43.613566],[25.309703,43.61303],[25.310155,43.61278],[25.312761,43.611358],[25.31407,43.610655],[25.315842,43.609667],[25.317942,43.608535],[25.320356,43.608947],[25.322596,43.609368],[25.324351,43.609687],[25.326142,43.610013],[25.327886,43.610308],[25.330353,43.610774],[25.332939,43.611353],[25.335653,43.611967],[25.337268,43.612328],[25.33839,43.612496],[25.338968,43.612582],[25.340658,43.612865],[25.341622,43.613309],[25.341669,43.613523]]}},{"type":"Feature","properties":{"osm_id":465315303,"voltage":"110000","circuits":"1","cables":"3","name":"","operator":"","ref":""},"geometry":{"type":"LineString","coordinates":[[25.130985,43.353511],[25.130596,43.353632],[25.1282,43.353801],[25.123766,43.354133],[25.120251,43.354386],[25.118951,43.355856],[25.117636,43.357357],[25.118586,43.359579],[25.119709,43.362138],[25.120817,43.364633],[25.122051,43.367486],[25.123299,43.370329],[25.124571,43.373225],[25.125806,43.376019],[25.127075,43.378898],[25.128287,43.38161],[25.129426,43.384183],[25.130952,43.387686],[25.132311,43.390782],[25.13357,43.393576],[25.134891,43.396562],[25.136102,43.399333],[25.137297,43.402011],[25.13857,43.404868],[25.139907,43.407893],[25.140755,43.409869],[25.141874,43.41237],[25.143065,43.415051],[25.143998,43.417181],[25.145565,43.420823],[25.146252,43.422439],[25.147637,43.425453],[25.148558,43.427471],[25.150111,43.431164],[25.152362,43.436103],[25.153562,43.438878],[25.154861,43.441847],[25.155769,43.44383],[25.157031,43.446771],[25.158041,43.449128],[25.159106,43.451612],[25.160285,43.454093],[25.161313,43.456558],[25.162432,43.458941],[25.163279,43.461057],[25.164413,43.463985],[25.165152,43.465855],[25.166248,43.468636],[25.166852,43.470179],[25.167905,43.472872],[25.168798,43.47513],[25.169818,43.477828],[25.170683,43.480051],[25.171453,43.48205],[25.172582,43.484914],[25.173326,43.486913],[25.174109,43.48892],[25.175021,43.491205],[25.175731,43.493082],[25.17674,43.495705],[25.177676,43.498115],[25.178454,43.500191],[25.1794,43.50259],[25.180273,43.505578],[25.180806,43.507525],[25.181603,43.510283],[25.182607,43.513726],[25.183361,43.516456],[25.183903,43.518364],[25.184801,43.521463],[25.185723,43.524551],[25.186966,43.528916],[25.187893,43.532237],[25.188407,43.534047],[25.189137,43.536501],[25.189924,43.538523],[25.190855,43.541057],[25.191772,43.543518],[25.193045,43.546813],[25.194173,43.549705],[25.195143,43.552371],[25.197553,43.558564],[25.198876,43.56215],[25.199915,43.56493],[25.201029,43.567807],[25.202115,43.570709],[25.203217,43.573545],[25.204257,43.576456],[25.205928,43.578607],[25.206919,43.579899],[25.206562,43.58085],[25.205733,43.582612],[25.207041,43.582985],[25.207811,43.584541],[25.209234,43.587436],[25.210174,43.589172],[25.213434,43.589962],[25.216643,43.590785],[25.219933,43.591655],[25.223147,43.592431],[25.226446,43.593269],[25.230014,43.59414],[25.232857,43.594867],[25.235785,43.595601],[25.255845,43.600604],[25.25968,43.60156],[25.263253,43.602457],[25.267017,43.603402],[25.270578,43.604318],[25.273156,43.60575],[25.27594,43.607354],[25.278747,43.608957],[25.28165,43.610569],[25.284534,43.612228],[25.287454,43.613887],[25.290311,43.615524],[25.293096,43.617075],[25.293296,43.619758],[25.293445,43.621927],[25.293642,43.624638],[25.293848,43.627408],[25.294064,43.630143],[25.294261,43.632892],[25.294415,43.635085],[25.294588,43.637263],[25.294737,43.639466],[25.294905,43.64193],[25.295116,43.644442],[25.297115,43.644609],[25.300133,43.644887],[25.302962,43.645128],[25.304308,43.645209],[25.304816,43.644448],[25.304841,43.644255]]}},{"type":"Feature","properties":{"osm_id":467593866,"voltage":"110000","circuits":"1","cables":"3","name":"","operator":"","ref":""},"geometry":{"type":"LineString","coordinates":[[24.677161,43.636387],[24.677285,43.636066],[24.679535,43.63403],[24.681799,43.631906],[24.684343,43.629546],[24.687331,43.628579],[24.689768,43.627773],[24.693496,43.626589],[24.697359,43.625362],[24.700695,43.624278],[24.702945,43.624494],[24.706529,43.624891],[24.710015,43.625283],[24.713443,43.625675],[24.716936,43.626063],[24.72038,43.626459],[24.723695,43.626844],[24.726393,43.628479],[24.729145,43.630164],[24.730974,43.631259],[24.733678,43.632913],[24.736237,43.634458],[24.738855,43.636096],[24.742164,43.638127],[24.745077,43.639893],[24.74793,43.641627],[24.750186,43.642984],[24.752149,43.64418],[24.75437,43.645507],[24.756741,43.646967],[24.758811,43.648254],[24.762556,43.650584],[24.764702,43.651081],[24.767213,43.651656],[24.770206,43.652432],[24.772802,43.653061],[24.776161,43.653868],[24.778929,43.654536],[24.781493,43.655172],[24.784497,43.655909],[24.787029,43.656523],[24.789743,43.657214],[24.792383,43.657866],[24.795043,43.658502],[24.797822,43.659193],[24.800397,43.659798],[24.803122,43.660435],[24.805697,43.66104],[24.808444,43.661715],[24.811362,43.662375],[24.814269,43.663027],[24.817027,43.663679],[24.819913,43.664331],[24.822241,43.664898],[24.825119,43.665547],[24.827763,43.666197],[24.830512,43.666819],[24.832378,43.667252],[24.834169,43.667674],[24.835981,43.668088],[24.837547,43.671004],[24.839082,43.673888],[24.840617,43.67681],[24.842065,43.679528],[24.843364,43.682011],[24.844586,43.684344],[24.844748,43.684653],[24.846169,43.687264],[24.847253,43.689432],[24.848631,43.691891],[24.84972,43.693656],[24.849736,43.694518],[24.84771,43.697357],[24.846626,43.697547],[24.846262,43.697614]]}},{"type":"Feature","properties":{"osm_id":469780729,"voltage":"110000","circuits":"","cables":"","name":"","operator":"","ref":""},"geometry":{"type":"LineString","coordinates":[[23.139591,43.142651],[23.13916,43.143094],[23.138916,43.143638],[23.138737,43.144976],[23.138562,43.14631],[23.138501,43.14693],[23.139109,43.147783],[23.139726,43.148622],[23.140321,43.14944],[23.141002,43.150301],[23.141745,43.151166],[23.142492,43.152083],[23.14412,43.153993],[23.145206,43.155481],[23.146011,43.156541],[23.146939,43.157747],[23.147648,43.158673],[23.148619,43.160046],[23.149372,43.161087],[23.150213,43.162274],[23.150834,43.163098],[23.151849,43.164509],[23.152382,43.165261],[23.153992,43.166788],[23.155198,43.167866],[23.155518,43.168339]]}},{"type":"Feature","properties":{"osm_id":473848601,"voltage":"400000","circuits":"1","cables":"3","name":"Люлин","operator":"","ref":""},"geometry":{"type":"LineString","coordinates":[[23.187095,42.848526],[23.189661,42.850658],[23.19007,42.850451],[23.189731,42.849774]]}},{"type":"Feature","properties":{"osm_id":473848602,"voltage":"400000","circuits":"1","cables":"3","name":"Люлин","operator":"","ref":""},"geometry":{"type":"LineString","coordinates":[[23.187095,42.848526],[23.189639,42.850874],[23.190367,42.850514],[23.189969,42.849694]]}},{"type":"Feature","properties":{"osm_id":478457842,"voltage":"220000","circuits":"1","cables":"1","name":"","operator":"","ref":""},"geometry":{"type":"LineString","coordinates":[[23.962375,43.493326],[23.963806,43.490465],[23.965567,43.486741]]}},{"type":"Feature","properties":{"osm_id":478457843,"voltage":"220000","circuits":"1","cables":"1","name":"","operator":"","ref":""},"geometry":{"type":"LineString","coordinates":[[23.965567,43.486741],[23.963602,43.490406],[23.962375,43.493326]]}},{"type":"Feature","properties":{"osm_id":478457844,"voltage":"220000","circuits":"1","cables":"1","name":"","operator":"","ref":""},"geometry":{"type":"LineString","coordinates":[[23.966329,43.487088],[23.964675,43.49057],[23.963156,43.493597]]}},{"type":"Feature","properties":{"osm_id":478457845,"voltage":"220000","circuits":"1","cables":"1","name":"","operator":"","ref":""},"geometry":{"type":"LineString","coordinates":[[23.966329,43.487088],[23.964476,43.490538],[23.963156,43.493597]]}},{"type":"Feature","properties":{"osm_id":478457846,"voltage":"400000","circuits":"1","cables":"1","name":"","operator":"","ref":""},"geometry":{"type":"LineString","coordinates":[[23.963869,43.493841],[23.965337,43.49067],[23.967426,43.486898]]}},{"type":"Feature","properties":{"osm_id":478457847,"voltage":"400000","circuits":"1","cables":"1","name":"","operator":"","ref":""},"geometry":{"type":"LineString","coordinates":[[23.963869,43.493841],[23.965675,43.49076],[23.967426,43.486898]]}},{"type":"Feature","properties":{"osm_id":478457848,"voltage":"400000","circuits":"1","cables":"3","name":"","operator":"","ref":""},"geometry":{"type":"LineString","coordinates":[[23.962759,43.49704],[23.96487,43.494147],[23.966617,43.490688],[23.967989,43.487622]]}},{"type":"Feature","properties":{"osm_id":478457849,"voltage":"400000","circuits":"1","cables":"3","name":"","operator":"","ref":""},"geometry":{"type":"LineString","coordinates":[[23.967989,43.487622],[23.966338,43.490635],[23.96462,43.494048],[23.962759,43.49704]]}},{"type":"Feature","properties":{"osm_id":478457850,"voltage":"400000","circuits":"2","cables":"6","name":"","operator":"","ref":""},"geometry":{"type":"LineString","coordinates":[[23.962759,43.49704],[23.960828,43.4999],[23.959004,43.502655],[23.957105,43.505461],[23.955222,43.508418],[23.953457,43.511009],[23.951499,43.513973],[23.951059,43.514626],[23.949734,43.516595],[23.947771,43.519544],[23.946274,43.521574],[23.945029,43.523704],[23.943376,43.526178],[23.941574,43.528924],[23.939654,43.531747],[23.937765,43.53466],[23.935909,43.537456],[23.934053,43.540206],[23.93231,43.542611],[23.930926,43.544932],[23.929049,43.547747],[23.927177,43.550609],[23.925203,43.553532],[23.923309,43.556359],[23.921539,43.559026],[23.920026,43.56135],[23.918347,43.563877],[23.916705,43.566341],[23.915574,43.567709],[23.914045,43.57029],[23.912349,43.572918],[23.910949,43.575102],[23.909377,43.577369],[23.907312,43.580605],[23.905242,43.583709],[23.903568,43.58627],[23.90191,43.588835],[23.900049,43.591663],[23.897538,43.595214],[23.89617,43.597532],[23.894605,43.599961],[23.892496,43.603147],[23.890565,43.606091],[23.88943,43.607814],[23.887099,43.611397],[23.883955,43.616359],[23.883087,43.617697],[23.88306,43.62033],[23.883189,43.623231],[23.883296,43.625875],[23.883537,43.631245],[23.88373,43.634665],[23.883858,43.637246],[23.883918,43.639453],[23.883918,43.641669],[23.882787,43.642235],[23.880571,43.643859],[23.878484,43.645625],[23.876199,43.647686],[23.87393,43.649596],[23.871827,43.651335],[23.866269,43.655927],[23.863523,43.658213],[23.861012,43.66032],[23.858925,43.662039],[23.856093,43.664379],[23.853738,43.666323],[23.851335,43.668364],[23.848706,43.670596],[23.845187,43.67038],[23.841309,43.670324],[23.834399,43.670177],[23.830199,43.670072],[23.825714,43.669975]]}},{"type":"Feature","properties":{"osm_id":478457851,"voltage":"400000","circuits":"1","cables":"3","name":"","operator":"","ref":""},"geometry":{"type":"LineString","coordinates":[[23.963869,43.493841],[23.962206,43.496445],[23.960452,43.499064],[23.958725,43.501632],[23.95696,43.504286],[23.9552,43.506943],[23.953462,43.509554],[23.951692,43.512254],[23.950356,43.514261],[23.9488,43.516554],[23.946832,43.519528],[23.945126,43.522092],[23.943297,43.52483],[23.941291,43.527844],[23.939386,43.530715],[23.937391,43.533744],[23.935733,43.536299],[23.933925,43.538948],[23.932155,43.541584],[23.930422,43.544213],[23.92862,43.546919],[23.926973,43.549454],[23.925197,43.552113],[23.923432,43.554742],[23.921726,43.557303],[23.920026,43.559865],[23.918362,43.562378],[23.916593,43.565012],[23.914898,43.567511],[23.912886,43.570644],[23.91096,43.573555],[23.909313,43.576038],[23.907763,43.578374],[23.9061,43.580966],[23.903761,43.584494],[23.902404,43.586604],[23.900816,43.589072],[23.898885,43.59197],[23.897165,43.594622],[23.89546,43.597214],[23.893475,43.600178],[23.891726,43.602839],[23.890299,43.605014],[23.888845,43.60731],[23.885991,43.611637],[23.883115,43.616025],[23.88215,43.617548],[23.882215,43.620488],[23.882311,43.62291],[23.882419,43.625249],[23.882569,43.627594],[23.882751,43.63211],[23.882853,43.634528],[23.88295,43.636757],[23.883078,43.639451],[23.88318,43.641408],[23.883432,43.647576],[23.883588,43.650577],[23.883701,43.653779],[23.883947,43.658118],[23.884082,43.661914],[23.884141,43.663151],[23.884173,43.665666],[23.884194,43.668126],[23.884237,43.670264],[23.884275,43.673628],[23.88428,43.678556],[23.884328,43.681543],[23.884382,43.685492],[23.884479,43.68763],[23.884373,43.689317],[23.883762,43.692018],[23.882754,43.695277],[23.881961,43.697984],[23.880983,43.701351],[23.880189,43.703941],[23.879138,43.707516],[23.87788,43.711156],[23.876452,43.716173],[23.875596,43.71894],[23.874564,43.72234],[23.873407,43.722839],[23.870764,43.723911],[23.869296,43.724487],[23.863278,43.726827],[23.859566,43.728314],[23.855924,43.729801],[23.852281,43.731247],[23.84867,43.73274],[23.84503,43.73414],[23.841916,43.735369]]}},{"type":"Feature","properties":{"osm_id":478457852,"voltage":"400000","circuits":"1","cables":"1","name":"","operator":"","ref":""},"geometry":{"type":"LineString","coordinates":[[23.967426,43.486898],[23.965484,43.490697],[23.963869,43.493841]]}},{"type":"Feature","properties":{"osm_id":478457853,"voltage":"220000","circuits":"1","cables":"1","name":"","operator":"","ref":""},"geometry":{"type":"LineString","coordinates":[[23.966329,43.487088],[23.96458,43.490559],[23.963156,43.493597]]}},{"type":"Feature","properties":{"osm_id":478457854,"voltage":"220000","circuits":"1","cables":"3","name":"","operator":"","ref":""},"geometry":{"type":"LineString","coordinates":[[23.965567,43.486741],[23.967074,43.48367],[23.968705,43.48044],[23.970341,43.477232],[23.971919,43.474083],[23.973469,43.471023],[23.975121,43.467706],[23.976199,43.465607],[23.977766,43.462497],[23.979279,43.459471],[23.980856,43.456344],[23.982444,43.453221],[23.983828,43.450499],[23.985153,43.447882],[23.986746,43.444731],[23.988334,43.441553],[23.989922,43.438468],[23.991345,43.435575],[23.99451,43.429411],[23.995859,43.426773],[23.997208,43.424109],[23.99892,43.420652],[24.000418,43.417707],[24.002137,43.414353],[24.003664,43.41138],[24.005199,43.408241],[24.0068,43.405177],[24.008149,43.402446],[24.009468,43.399894],[24.011032,43.396851],[24.012463,43.394018],[24.014064,43.39085],[24.015613,43.387796],[24.017133,43.384752],[24.018771,43.381612],[24.020291,43.378627],[24.021395,43.376369],[24.022729,43.373789],[24.024434,43.371229],[24.026169,43.368546],[24.028467,43.365022],[24.030149,43.362473],[24.031995,43.359606],[24.03407,43.356431],[24.03599,43.35351],[24.037851,43.350594],[24.039548,43.348023],[24.043751,43.347586],[24.048488,43.347074],[24.053254,43.346513],[24.058139,43.345969],[24.06324,43.34535],[24.066993,43.344969],[24.07215,43.344374],[24.077067,43.343802],[24.081994,43.343254],[24.0869,43.34275],[24.091722,43.342118],[24.094971,43.340669],[24.098106,43.339198],[24.102855,43.337101],[24.10732,43.335035],[24.111692,43.333083],[24.116199,43.331031],[24.120644,43.328999],[24.125021,43.327013],[24.129083,43.325169],[24.132982,43.323411],[24.135754,43.322138],[24.137718,43.319959],[24.140594,43.316853],[24.14259,43.314651],[24.145185,43.311824],[24.147021,43.309812],[24.148845,43.307832],[24.151482,43.304952],[24.15295,43.303324],[24.154066,43.302034],[24.156498,43.299441],[24.158888,43.296782],[24.160791,43.294668],[24.164931,43.290144],[24.166902,43.287999],[24.169056,43.285634],[24.170739,43.283795],[24.169848,43.279575],[24.16935,43.277064],[24.168669,43.273938],[24.168087,43.271072],[24.166797,43.268641]]}},{"type":"Feature","properties":{"osm_id":478457855,"voltage":"220000","circuits":"1","cables":"1","name":"","operator":"","ref":""},"geometry":{"type":"LineString","coordinates":[[23.962375,43.493326],[23.963716,43.490422],[23.965567,43.486741]]}},{"type":"Feature","properties":{"osm_id":478457856,"voltage":"220000","circuits":"1","cables":"3","name":"","operator":"","ref":""},"geometry":{"type":"LineString","coordinates":[[23.963156,43.493597],[23.961302,43.496327],[23.959554,43.498969],[23.957832,43.50156],[23.956104,43.50414],[23.954339,43.506801],[23.952505,43.50954],[23.95052,43.512525],[23.948782,43.515123],[23.947076,43.517745],[23.945118,43.52067],[23.943439,43.523203],[23.941752,43.525729],[23.940188,43.52808],[23.938675,43.530371],[23.936808,43.533218],[23.934909,43.5361],[23.933198,43.538639],[23.931417,43.541365],[23.929668,43.544009],[23.927802,43.546766],[23.926026,43.549402],[23.924272,43.552116],[23.922518,43.55476],[23.920721,43.557399],[23.918945,43.560097],[23.917164,43.562725],[23.915517,43.565213],[23.914171,43.567214],[23.912175,43.570223],[23.910603,43.572597],[23.90908,43.57491],[23.906296,43.579204],[23.904488,43.581998],[23.902288,43.585336],[23.900727,43.587671],[23.899306,43.589871],[23.897509,43.592602],[23.895368,43.595827],[23.894236,43.597548],[23.892305,43.600566],[23.888159,43.606879],[23.884999,43.611718],[23.882181,43.615955],[23.881238,43.617408],[23.881346,43.620181],[23.881458,43.62281],[23.881657,43.626883],[23.881839,43.63143],[23.882043,43.635453],[23.882166,43.638065],[23.88222,43.639735],[23.882322,43.641738],[23.882499,43.645973],[23.882553,43.65074],[23.882896,43.654206],[23.883095,43.65837],[23.883234,43.661917],[23.883298,43.663268],[23.883288,43.665992],[23.883341,43.668584],[23.883357,43.670501],[23.883427,43.673912],[23.883416,43.678067],[23.883438,43.680329],[23.883492,43.682319],[23.883534,43.685163],[23.883352,43.687005],[23.883529,43.689243],[23.882869,43.691505],[23.88213,43.693926],[23.881423,43.6964],[23.880674,43.698816],[23.879806,43.70177],[23.879097,43.704187],[23.878145,43.70741],[23.877014,43.711117],[23.875774,43.715243],[23.875353,43.716691],[23.874711,43.718845],[23.871916,43.71996],[23.869159,43.721073],[23.867465,43.721703],[23.865373,43.722482],[23.86075,43.724326],[23.856822,43.725921],[23.852756,43.727518],[23.848578,43.729211],[23.845393,43.730517],[23.841217,43.732116]]}},{"type":"Feature","properties":{"osm_id":478457865,"voltage":"110000","circuits":"1","cables":"3","name":"","operator":"","ref":""},"geometry":{"type":"LineString","coordinates":[[23.922893,43.483814],[23.92327,43.484028],[23.924263,43.485047],[23.927532,43.485555],[23.931403,43.486043],[23.934329,43.48647],[23.937978,43.487006],[23.941213,43.487473],[23.944721,43.487985],[23.948178,43.488497],[23.95186,43.489009],[23.955433,43.489553],[23.958978,43.49006],[23.962293,43.490545],[23.965401,43.491023],[23.967866,43.491574],[23.969634,43.492083],[23.972777,43.492106],[23.976441,43.492165],[23.980207,43.492196],[23.983828,43.492231],[23.987395,43.492305],[23.991075,43.492344],[23.994777,43.492387],[23.998446,43.492425],[24.002148,43.49248],[24.00579,43.492531],[24.009046,43.492573],[24.011911,43.492663],[24.015403,43.492745],[24.018788,43.492826],[24.022264,43.492908],[24.025853,43.493005],[24.029291,43.493095],[24.032757,43.493196],[24.036131,43.493279],[24.040033,43.493359],[24.043204,43.49345],[24.046557,43.493538],[24.049915,43.493631],[24.053617,43.493734],[24.056667,43.493784],[24.059003,43.493842],[24.059372,43.493465]]}},{"type":"Feature","properties":{"osm_id":478457866,"voltage":"110000","circuits":"1","cables":"3","name":"Червен Бряг - Мизия","operator":"","ref":""},"geometry":{"type":"LineString","coordinates":[[23.9228,43.483868],[23.923114,43.484114],[23.924216,43.485262],[23.927589,43.485733],[23.931491,43.486238],[23.934707,43.486713],[23.93789,43.487185],[23.940748,43.487615],[23.944583,43.488185],[23.948149,43.488719],[23.951693,43.48921],[23.955332,43.489753],[23.959065,43.490308],[23.961907,43.490719],[23.960986,43.492572],[23.960067,43.493972],[23.959154,43.49526],[23.958355,43.496405],[23.95681,43.498788],[23.955205,43.501203],[23.954141,43.502746],[23.953128,43.504265],[23.952047,43.505882],[23.951094,43.507358],[23.949894,43.50916],[23.948685,43.511],[23.947383,43.51287],[23.9462,43.514746],[23.944915,43.516666],[23.943766,43.5184],[23.942217,43.520659],[23.941051,43.522523],[23.939834,43.524368],[23.938498,43.526306],[23.93723,43.528151],[23.936004,43.53007],[23.934659,43.532063],[23.933136,43.534315],[23.93191,43.536178],[23.93071,43.537986],[23.929459,43.539843],[23.928182,43.541743],[23.926829,43.543736],[23.925544,43.545692],[23.924208,43.547696],[23.922982,43.54951],[23.92168,43.55149],[23.920369,43.553498],[23.919119,43.555377],[23.917801,43.557374],[23.916483,43.559265],[23.915318,43.560972],[23.914034,43.562919],[23.91275,43.564891],[23.9115,43.566782],[23.909153,43.570361],[23.907938,43.57232],[23.906875,43.573897],[23.905948,43.57532],[23.904673,43.577248],[23.903295,43.579337],[23.901901,43.581462],[23.900668,43.583303],[23.899367,43.58528],[23.898372,43.586795],[23.897403,43.588292],[23.895915,43.59062],[23.89503,43.591987],[23.893542,43.594216],[23.892701,43.595503],[23.891077,43.597911],[23.889912,43.599672],[23.888679,43.601519],[23.88805,43.602517],[23.887012,43.604099],[23.885388,43.606605],[23.884257,43.60839],[23.883586,43.609468],[23.882608,43.610982],[23.881231,43.613067],[23.879792,43.615285],[23.878917,43.616628],[23.877968,43.617976],[23.876922,43.619528],[23.875164,43.622127],[23.874385,43.623324],[23.873584,43.624538],[23.872352,43.62638],[23.871017,43.628377],[23.8698,43.630251],[23.868413,43.632361],[23.866915,43.634643],[23.866106,43.635947],[23.865009,43.637574],[23.863592,43.639716],[23.861965,43.642223],[23.860657,43.644229],[23.858679,43.647229],[23.857159,43.649568],[23.85564,43.651831],[23.854317,43.653846],[23.853038,43.655793],[23.851882,43.657564],[23.850938,43.65898],[23.849468,43.66124],[23.847504,43.664263],[23.846817,43.666375],[23.846105,43.669018],[23.845452,43.671228],[23.844995,43.67278],[23.843207,43.674363],[23.841416,43.675943],[23.838803,43.678233],[23.83754,43.679511],[23.836249,43.680734],[23.835706,43.681034]]}},{"type":"Feature","properties":{"osm_id":478457880,"voltage":"110000","circuits":"1","cables":"3","name":"","operator":"","ref":""},"geometry":{"type":"LineString","coordinates":[[23.922723,43.483914],[23.92298,43.48418],[23.92346,43.485012],[23.921924,43.485803],[23.919362,43.487119],[23.916589,43.486216],[23.913525,43.485262],[23.910023,43.48605],[23.90626,43.486901],[23.90277,43.487692],[23.89859,43.488632],[23.89465,43.489525],[23.891301,43.490275],[23.888015,43.491017],[23.884517,43.491798],[23.881575,43.490876],[23.878718,43.489956],[23.875724,43.488989],[23.872789,43.488075],[23.869814,43.486962],[23.865331,43.485292],[23.862622,43.484261],[23.860069,43.483315],[23.855604,43.481639],[23.852014,43.480301],[23.848873,43.479117],[23.844821,43.477591],[23.841065,43.476206],[23.839174,43.473251],[23.837242,43.470327],[23.835175,43.467158],[23.833757,43.464963],[23.830492,43.462142],[23.828146,43.460099],[23.826013,43.458238],[23.823673,43.456197],[23.819894,43.455308],[23.815421,43.454324],[23.811518,43.453441],[23.80574,43.452126],[23.801589,43.451193],[23.797175,43.450198],[23.792168,43.449067],[23.78778,43.448071],[23.783173,43.447025],[23.778876,43.446069],[23.774655,43.445107],[23.771549,43.444402],[23.767566,43.443504],[23.764026,43.443708],[23.759324,43.443959],[23.755439,43.444192],[23.752261,43.444361],[23.748534,43.444568],[23.745114,43.443868],[23.742967,43.443434],[23.739354,43.44275],[23.736387,43.442147],[23.735797,43.439592],[23.735177,43.436991],[23.734592,43.434513],[23.734132,43.432449],[23.734194,43.431177],[23.734398,43.429475],[23.734278,43.428526],[23.734165,43.42758],[23.734047,43.426769],[23.734213,43.425754],[23.734412,43.424566],[23.733851,43.423654],[23.73336,43.422902],[23.73281,43.422008],[23.732142,43.420987],[23.731628,43.420152],[23.731099,43.419293],[23.731121,43.418338],[23.731131,43.417506],[23.731142,43.41647],[23.731161,43.415511],[23.731161,43.414771],[23.73115,43.414262],[23.732011,43.413155],[23.733205,43.413356],[23.734205,43.41365],[23.735299,43.413906],[23.736611,43.414167],[23.737617,43.414402],[23.737789,43.414396]]}},{"type":"Feature","properties":{"osm_id":479264438,"voltage":"110000","circuits":"1","cables":"3","name":"","operator":"","ref":""},"geometry":{"type":"LineString","coordinates":[[24.171321,43.088384],[24.171054,43.088492],[24.169133,43.089226],[24.168749,43.090299],[24.168359,43.092314],[24.168965,43.092679],[24.170544,43.093272],[24.172978,43.092695],[24.175731,43.092048],[24.17819,43.090506],[24.180919,43.088831],[24.183386,43.087237],[24.186478,43.085377],[24.18912,43.083765],[24.19237,43.081761],[24.195514,43.079771],[24.198436,43.078012],[24.201301,43.076247],[24.204322,43.074346],[24.206955,43.072717],[24.209621,43.071088],[24.210593,43.069227],[24.212083,43.066321],[24.213117,43.064388],[24.214363,43.063206],[24.214598,43.06156],[24.215,43.059096],[24.215437,43.056401],[24.21591,43.053377],[24.216286,43.051211],[24.216877,43.047239],[24.217357,43.044338],[24.21542,43.042998],[24.213177,43.041455],[24.211074,43.040051],[24.20916,43.038773],[24.207159,43.037612],[24.204778,43.036259],[24.201706,43.03452],[24.199104,43.03304],[24.196162,43.031346],[24.193149,43.029629],[24.190254,43.028074],[24.187327,43.026413],[24.183896,43.024432],[24.180527,43.022512],[24.177118,43.020569],[24.173607,43.018563],[24.174112,43.01641],[24.17483,43.013492],[24.175416,43.011011],[24.176032,43.008437],[24.176642,43.006017],[24.177253,43.003566],[24.177995,43.000574],[24.178597,42.99801],[24.179044,42.995841],[24.179571,42.993869],[24.182177,42.98922],[24.183361,42.987118],[24.184512,42.985021],[24.185849,42.98199],[24.188255,42.980205],[24.190499,42.97849],[24.192339,42.977008],[24.194289,42.975442],[24.195981,42.974132],[24.196689,42.971572],[24.197574,42.968374],[24.198328,42.965615],[24.198849,42.963403],[24.199427,42.961219],[24.200186,42.958445],[24.201071,42.954926],[24.201263,42.954087],[24.200693,42.948925],[24.200263,42.946612],[24.19971,42.943154],[24.199552,42.942069],[24.204712,42.940339],[24.208132,42.93944],[24.210846,42.938726],[24.216834,42.936932],[24.21827,42.936266],[24.218506,42.936172]]}},{"type":"Feature","properties":{"osm_id":479264446,"voltage":"110000","circuits":"1","cables":"3","name":"","operator":"","ref":""},"geometry":{"type":"LineString","coordinates":[[24.218442,42.936104],[24.218206,42.936194],[24.216825,42.936621],[24.211158,42.938319],[24.208675,42.93898],[24.206163,42.939641],[24.203066,42.940655],[24.199157,42.941915],[24.194055,42.940599],[24.190601,42.939745],[24.18611,42.938703],[24.182473,42.937827],[24.178837,42.937912],[24.17365,42.938134],[24.165782,42.938352],[24.160113,42.938543],[24.15631,42.93869],[24.149457,42.938957],[24.144621,42.939087],[24.141721,42.939173],[24.138586,42.93929],[24.133473,42.939491],[24.131221,42.940445],[24.127269,42.942176],[24.123528,42.943826],[24.121213,42.944851],[24.116533,42.946902],[24.11295,42.948453],[24.109332,42.950091],[24.104171,42.949885],[24.10086,42.949732],[24.093865,42.949463],[24.084913,42.948964],[24.081595,42.948776],[24.076469,42.948533],[24.072769,42.948359],[24.0709,42.948292],[24.067088,42.947255],[24.063641,42.946334],[24.058648,42.944992],[24.054126,42.943822],[24.046701,42.941863],[24.040835,42.940329],[24.034632,42.938675],[24.030505,42.937589],[24.025702,42.936308],[24.023095,42.93562],[24.019231,42.934596],[24.017015,42.934232],[24.014115,42.933676],[24.009448,42.933026],[24.003463,42.932138],[24.000479,42.931647],[23.996971,42.931082],[23.993044,42.930503],[23.98956,42.92988],[23.986239,42.929387],[23.981536,42.928671],[23.97817,42.928105],[23.973609,42.927414],[23.970395,42.926938],[23.967172,42.926401],[23.958488,42.925014],[23.957144,42.924341],[23.951008,42.921266],[23.948875,42.920197],[23.946613,42.919064],[23.944709,42.918105],[23.9398,42.915634]]}},{"type":"Feature","properties":{"osm_id":479362423,"voltage":"110000","circuits":"1","cables":"3","name":"","operator":"","ref":""},"geometry":{"type":"LineString","coordinates":[[23.782239,42.91514],[23.782031,42.915074],[23.781254,42.914193],[23.781175,42.911564],[23.781108,42.909636],[23.780036,42.907631],[23.778809,42.905317],[23.778121,42.904031],[23.776251,42.902965],[23.774824,42.902152],[23.77432,42.900981],[23.773518,42.899382],[23.775917,42.898335]]}},{"type":"Feature","properties":{"osm_id":479777134,"voltage":"110000","circuits":"","cables":"3","name":"","operator":"Електроенергиен системен оператор","ref":""},"geometry":{"type":"LineString","coordinates":[[23.24067,42.723456],[23.241073,42.724008],[23.243151,42.726561],[23.244817,42.728761],[23.246641,42.730559],[23.246865,42.730965]]}},{"type":"Feature","properties":{"osm_id":483626656,"voltage":"110000","circuits":"1","cables":"3","name":"","operator":"","ref":""},"geometry":{"type":"LineString","coordinates":[[26.324054,42.652866],[26.324193,42.652456],[26.323444,42.652346],[26.323151,42.653148],[26.322365,42.653676],[26.320414,42.655119],[26.319563,42.655758],[26.316118,42.658352],[26.314436,42.659614],[26.313176,42.661249],[26.311807,42.663103],[26.310771,42.664521],[26.309951,42.665596],[26.309225,42.666569],[26.308268,42.667838],[26.307451,42.668922],[26.308227,42.66932],[26.309657,42.670054],[26.312351,42.671451],[26.314305,42.672426],[26.317215,42.673686],[26.320312,42.675147]]}},{"type":"Feature","properties":{"osm_id":483629382,"voltage":"110000","circuits":"1","cables":"3","name":"","operator":"","ref":""},"geometry":{"type":"LineString","coordinates":[[26.354221,42.659391],[26.353746,42.659904],[26.350319,42.658553],[26.348248,42.657752],[26.346012,42.657156],[26.344013,42.656594],[26.341782,42.655987],[26.339577,42.655395],[26.334717,42.653359],[26.331638,42.652848],[26.3293,42.652175],[26.327262,42.652001],[26.325053,42.651792],[26.324909,42.652569],[26.324701,42.652937]]}},{"type":"Feature","properties":{"osm_id":483629385,"voltage":"110000","circuits":"1","cables":"3","name":"","operator":"","ref":""},"geometry":{"type":"LineString","coordinates":[[26.324566,42.654521],[26.324557,42.65367],[26.324539,42.653224]]}},{"type":"Feature","properties":{"osm_id":483859145,"voltage":"110000","circuits":"1","cables":"3","name":"","operator":"","ref":""},"geometry":{"type":"LineString","coordinates":[[26.324369,42.652914],[26.324395,42.652586],[26.32487,42.650033],[26.325451,42.647049],[26.32378,42.64688],[26.320173,42.646575],[26.320409,42.643695],[26.320678,42.640729],[26.32095,42.637874],[26.321154,42.635037],[26.321439,42.632351],[26.32166,42.630105],[26.321931,42.626969],[26.325228,42.625431],[26.327163,42.624539],[26.330419,42.623011],[26.333722,42.621501],[26.336933,42.620001],[26.340352,42.618414],[26.342313,42.617499],[26.345889,42.61585],[26.349126,42.61434],[26.351712,42.613146],[26.353353,42.610956],[26.354923,42.608923],[26.356538,42.606814],[26.358115,42.604781],[26.359795,42.602585],[26.361423,42.600456],[26.36295,42.598466],[26.364586,42.596345],[26.366164,42.594281],[26.367848,42.592078],[26.36924,42.590273],[26.370644,42.588427],[26.373301,42.586983],[26.375488,42.585318],[26.377651,42.58369],[26.379921,42.581996],[26.382309,42.580193],[26.384445,42.578595],[26.386335,42.577168],[26.388656,42.575438],[26.390827,42.573811],[26.393275,42.571979],[26.395141,42.57059],[26.396288,42.569595],[26.397925,42.568176],[26.400215,42.566207],[26.401951,42.564137],[26.403566,42.56221],[26.405343,42.560085],[26.407083,42.558035],[26.40855,42.556284],[26.410547,42.553907],[26.412299,42.55183],[26.413873,42.549949],[26.415344,42.548209],[26.417068,42.546179],[26.418278,42.544716],[26.419773,42.542939],[26.421449,42.540952],[26.422817,42.539309],[26.424522,42.537287],[26.42655,42.534901],[26.428025,42.533123],[26.429271,42.531652],[26.430936,42.529705],[26.431027,42.5296],[26.432707,42.527619],[26.43451,42.525523],[26.435974,42.52368],[26.437806,42.521555],[26.438891,42.520231],[26.441193,42.517654],[26.442668,42.515914],[26.444139,42.514223],[26.446085,42.51195],[26.447694,42.510084],[26.449497,42.507988],[26.451269,42.505925],[26.45285,42.504091],[26.454824,42.5018],[26.456291,42.500079],[26.458149,42.498635],[26.459774,42.497352],[26.461902,42.495687],[26.463828,42.494112],[26.466954,42.493722],[26.468758,42.493861],[26.472339,42.494121],[26.472547,42.49457],[26.473327,42.496458],[26.474402,42.49896],[26.475038,42.500604],[26.475965,42.502643],[26.477157,42.505433],[26.477908,42.507193],[26.478069,42.50757],[26.479111,42.510038],[26.480153,42.51251],[26.480876,42.514215],[26.481671,42.516029],[26.482479,42.517945],[26.483671,42.520777],[26.484568,42.523018],[26.487233,42.523499],[26.489884,42.523994],[26.492894,42.523355],[26.496014,42.52275],[26.499635,42.521992],[26.502898,42.521334],[26.502047,42.518508],[26.501269,42.515975],[26.500483,42.51346],[26.499882,42.511552],[26.501844,42.510256],[26.503911,42.508855],[26.506933,42.506843],[26.510371,42.504524],[26.51258,42.503032],[26.514276,42.501898],[26.516391,42.500453],[26.515593,42.499575],[26.514056,42.497904],[26.510957,42.495327],[26.506915,42.494926],[26.505056,42.493543],[26.50465,42.491374],[26.504709,42.491293]]}},{"type":"Feature","properties":{"osm_id":483859146,"voltage":"110000","circuits":"1","cables":"3","name":"","operator":"","ref":""},"geometry":{"type":"LineString","coordinates":[[26.463828,42.494112],[26.464125,42.492671],[26.465104,42.487459],[26.465452,42.485663],[26.465962,42.482928],[26.466379,42.480721],[26.466842,42.47831],[26.466917,42.477892]]}},{"type":"Feature","properties":{"osm_id":483859149,"voltage":"110000","circuits":"1","cables":"3","name":"","operator":"","ref":""},"geometry":{"type":"LineString","coordinates":[[26.466699,42.477869],[26.466622,42.478295],[26.466104,42.481101],[26.46559,42.483903],[26.464455,42.489811],[26.463143,42.490616]]}},{"type":"Feature","properties":{"osm_id":483859150,"voltage":"110000","circuits":"1","cables":"3","name":"","operator":"","ref":""},"geometry":{"type":"LineString","coordinates":[[26.466502,42.476791],[26.466345,42.478266],[26.466586,42.477857]]}},{"type":"Feature","properties":{"osm_id":483859155,"voltage":"110000","circuits":"2","cables":"6","name":"","operator":"","ref":""},"geometry":{"type":"LineString","coordinates":[[26.466502,42.476791],[26.467486,42.473966],[26.468645,42.470656],[26.469668,42.467749],[26.470595,42.465105],[26.467981,42.46347],[26.465009,42.461606],[26.463818,42.458796],[26.462799,42.456303],[26.463035,42.454339],[26.46332,42.452364],[26.461561,42.450757],[26.459348,42.448711],[26.462072,42.446546],[26.465081,42.444185],[26.467053,42.442619],[26.469973,42.440327],[26.4722,42.438563],[26.472195,42.437799]]}},{"type":"Feature","properties":{"osm_id":483864327,"voltage":"110000","circuits":"1","cables":"3","name":"","operator":"","ref":""},"geometry":{"type":"LineString","coordinates":[[26.466736,42.476798],[26.467658,42.474165],[26.468714,42.471188],[26.469851,42.467937],[26.47088,42.465047],[26.469234,42.464018],[26.46712,42.462686],[26.465186,42.46149],[26.464018,42.458702],[26.46303,42.456291],[26.463341,42.45406],[26.463567,42.452312],[26.461953,42.450816],[26.45968,42.448701],[26.462195,42.446723],[26.465219,42.444328],[26.467159,42.442802],[26.470162,42.440429],[26.472171,42.438855],[26.473247,42.438002],[26.476244,42.438497],[26.479014,42.438967],[26.481743,42.439443],[26.482303,42.437317],[26.482974,42.434495],[26.483669,42.43185],[26.484422,42.429198],[26.484884,42.427085],[26.485468,42.425041],[26.486201,42.422224],[26.486871,42.41972],[26.487576,42.417235],[26.488268,42.414439],[26.488901,42.412005],[26.489469,42.409824],[26.490131,42.407314],[26.490684,42.40524],[26.491215,42.403236],[26.491921,42.400538],[26.49262,42.397921],[26.494068,42.392396],[26.494665,42.390182],[26.496069,42.384892],[26.496782,42.38228],[26.497379,42.379899],[26.498507,42.375544],[26.500101,42.371157],[26.50069,42.369614],[26.502721,42.364646],[26.506825,42.35459],[26.507662,42.352573],[26.508485,42.350519],[26.510428,42.345764],[26.511184,42.343925],[26.512087,42.341676],[26.512982,42.339519],[26.514918,42.334742],[26.515615,42.333049],[26.516044,42.332011],[26.518692,42.325719],[26.520816,42.320926],[26.52177,42.318772],[26.522767,42.316458],[26.523741,42.314196],[26.524836,42.311941],[26.525687,42.309885],[26.526829,42.307302],[26.527797,42.305154],[26.528626,42.303244],[26.52955,42.301123],[26.530416,42.299131],[26.531421,42.296811],[26.532461,42.294437],[26.533626,42.292069],[26.534732,42.289835],[26.535838,42.287611],[26.536864,42.285485],[26.537883,42.283412],[26.538953,42.281258],[26.539831,42.279494],[26.540969,42.277187],[26.542022,42.275003],[26.543001,42.273032],[26.544099,42.270851],[26.545155,42.26867],[26.546086,42.266812],[26.547207,42.264518],[26.548262,42.262434],[26.549965,42.25889],[26.55292,42.255556],[26.55479,42.253407],[26.556413,42.251511],[26.558116,42.249577],[26.559782,42.247632],[26.561536,42.24566],[26.563224,42.243732],[26.564913,42.241814],[26.566572,42.239874],[26.568224,42.237967],[26.569781,42.236221],[26.572939,42.232578],[26.574951,42.23025],[26.577035,42.227858],[26.578818,42.225783],[26.580579,42.223816],[26.582268,42.221876],[26.583949,42.219936],[26.585666,42.217915],[26.587165,42.216184],[26.588162,42.215085],[26.589938,42.213016],[26.591415,42.211317],[26.590437,42.209364],[26.589501,42.207474],[26.587177,42.202676],[26.586054,42.200445],[26.585353,42.199037],[26.58405,42.196493],[26.583134,42.194616],[26.58221,42.192782],[26.581494,42.191179],[26.581277,42.190818]]}},{"type":"Feature","properties":{"osm_id":483864328,"voltage":"110000","circuits":"2","cables":"6","name":"","operator":"","ref":""},"geometry":{"type":"LineString","coordinates":[[26.472972,42.460185],[26.472631,42.460886],[26.471932,42.462973],[26.471394,42.46451],[26.471153,42.464974]]}},{"type":"Feature","properties":{"osm_id":483866595,"voltage":"110000","circuits":"","cables":"","name":"","operator":"","ref":""},"geometry":{"type":"LineString","coordinates":[[26.4714,42.449856],[26.47112,42.44957],[26.469315,42.44795],[26.467452,42.446287],[26.465409,42.444458]]}},{"type":"Feature","properties":{"osm_id":483876106,"voltage":"110000","circuits":"1","cables":"3","name":"","operator":"","ref":""},"geometry":{"type":"LineString","coordinates":[[26.471222,42.449965],[26.470768,42.449555],[26.469374,42.448286],[26.467348,42.446494],[26.465235,42.444594],[26.462534,42.446704],[26.459993,42.448701],[26.462194,42.450754],[26.463828,42.452245],[26.463598,42.453894],[26.463279,42.456265],[26.464573,42.459366],[26.4654,42.461397],[26.467981,42.462986],[26.471153,42.464974]]}},{"type":"Feature","properties":{"osm_id":483876107,"voltage":"110000","circuits":"1","cables":"3","name":"","operator":"","ref":""},"geometry":{"type":"LineString","coordinates":[[26.50489,42.491349],[26.504843,42.491422],[26.50529,42.493477],[26.506999,42.494725],[26.511044,42.4951],[26.514153,42.497751],[26.516424,42.498103],[26.519733,42.495824],[26.522116,42.495641],[26.524013,42.495145],[26.525491,42.494686],[26.525646,42.49389],[26.526845,42.493378],[26.529203,42.495329],[26.530356,42.494669],[26.53002,42.494176],[26.529909,42.494421]]}},{"type":"Feature","properties":{"osm_id":484153673,"voltage":"110000","circuits":"1","cables":"3","name":"","operator":"","ref":""},"geometry":{"type":"LineString","coordinates":[[26.068881,41.849401],[26.069059,41.849125],[26.069976,41.846488],[26.071055,41.843321],[26.072385,41.839462],[26.073313,41.836768],[26.074203,41.834116],[26.07694,41.832439],[26.080006,41.832093],[26.084126,41.830682],[26.087387,41.829479],[26.091582,41.827952],[26.095552,41.82647],[26.099725,41.825019],[26.103511,41.823582],[26.103958,41.823142]]}},{"type":"Feature","properties":{"osm_id":484167693,"voltage":"400000","circuits":"","cables":"1","name":"Maritsa - Hamitabat DGKÇS","operator":"","ref":""},"geometry":{"type":"LineString","coordinates":[[26.173238,41.88525],[26.174615,41.88343],[26.176469,41.881218]]}},{"type":"Feature","properties":{"osm_id":484167694,"voltage":"400000","circuits":"","cables":"2","name":"","operator":"","ref":""},"geometry":{"type":"LineString","coordinates":[[26.172666,41.884933],[26.174087,41.883035],[26.175801,41.880945]]}},{"type":"Feature","properties":{"osm_id":484167695,"voltage":"400000","circuits":"1","cables":"3","name":"Maritsa - Hamitabat DGKÇS","operator":"","ref":""},"geometry":{"type":"LineString","coordinates":[[26.176469,41.881218],[26.178859,41.877972],[26.180771,41.875322],[26.182179,41.873436],[26.184054,41.870893],[26.185876,41.868478],[26.187908,41.865666],[26.189844,41.863032],[26.193531,41.861403],[26.195966,41.860269],[26.198187,41.859302],[26.201363,41.857843],[26.204367,41.856409],[26.208251,41.854635],[26.211201,41.853288],[26.2142,41.85193],[26.218322,41.850051],[26.220816,41.848908],[26.225086,41.846964],[26.22792,41.845671],[26.23148,41.844047],[26.233897,41.842944],[26.236458,41.841751],[26.238572,41.839664],[26.240564,41.837672],[26.24251,41.835752],[26.244401,41.833866],[26.246284,41.831992],[26.248316,41.829986],[26.250162,41.828143],[26.251749,41.826592],[26.254507,41.82384],[26.255968,41.822392],[26.258083,41.8203],[26.259788,41.818589],[26.261969,41.816221],[26.263393,41.814672],[26.265205,41.812722],[26.267302,41.810435],[26.269009,41.808577],[26.271793,41.805554],[26.273722,41.803448],[26.276061,41.800906],[26.277703,41.799126],[26.280141,41.796094],[26.281532,41.794369],[26.283716,41.791678],[26.285896,41.78897],[26.287906,41.786471],[26.289819,41.784145],[26.291384,41.782194],[26.293887,41.7791],[26.295497,41.777082],[26.297313,41.774854],[26.299045,41.772706],[26.300668,41.770702],[26.301558,41.769581],[26.303145,41.7676],[26.304558,41.76587],[26.306874,41.762978],[26.308909,41.760475],[26.311072,41.75778],[26.312518,41.755988],[26.314548,41.75348],[26.31578,41.751947],[26.31774,41.749505],[26.31996,41.746748],[26.321973,41.744246],[26.324221,41.741443],[26.326276,41.738903],[26.328152,41.736499]]}},{"type":"Feature","properties":{"osm_id":484167696,"voltage":"400000","circuits":"1","cables":"3","name":"","operator":"","ref":""},"geometry":{"type":"LineString","coordinates":[[26.175801,41.880945],[26.178386,41.877492],[26.180571,41.874434],[26.182694,41.871678],[26.184776,41.86881],[26.186621,41.866317],[26.189393,41.862754],[26.193777,41.860612],[26.197388,41.859046],[26.201357,41.85724],[26.204941,41.85556],[26.204608,41.855678],[26.208122,41.854056],[26.211126,41.852681],[26.214119,41.851342],[26.217606,41.84973],[26.220209,41.848542],[26.224647,41.846517],[26.2273,41.845293],[26.231107,41.843596],[26.233947,41.842274],[26.235965,41.841358],[26.238224,41.83911],[26.240237,41.837117],[26.243217,41.834147],[26.245858,41.831523],[26.248357,41.829037],[26.250323,41.827094],[26.254372,41.82308],[26.256514,41.820949],[26.259271,41.818214],[26.26252,41.814697],[26.264346,41.812708],[26.266516,41.810331],[26.268431,41.80824],[26.271218,41.805208],[26.275444,41.800627],[26.277122,41.798773],[26.279355,41.796018],[26.280658,41.794403],[26.28285,41.791721],[26.285403,41.788543],[26.287513,41.785922],[26.289737,41.783182],[26.291461,41.781059],[26.294235,41.777632],[26.29668,41.774623],[26.298801,41.771986],[26.300412,41.769986],[26.30245,41.767452],[26.304256,41.765206],[26.30667,41.762212],[26.308724,41.759678],[26.310875,41.757002],[26.312893,41.754495],[26.314854,41.752053],[26.31698,41.749415],[26.319285,41.746546],[26.32138,41.743931],[26.323758,41.740993],[26.325985,41.738239],[26.328019,41.735664]]}},{"type":"Feature","properties":{"osm_id":484167697,"voltage":"400000","circuits":"","cables":"1","name":"","operator":"","ref":""},"geometry":{"type":"LineString","coordinates":[[26.172666,41.884933],[26.174229,41.883134],[26.175801,41.880945]]}},{"type":"Feature","properties":{"osm_id":484167699,"voltage":"400000","circuits":"","cables":"2","name":"Maritsa - Hamitabat DGKÇS","operator":"","ref":""},"geometry":{"type":"LineString","coordinates":[[26.173238,41.88525],[26.174708,41.883499],[26.176469,41.881218]]}},{"type":"Feature","properties":{"osm_id":484180778,"voltage":"110000","circuits":"1","cables":"3","name":"","operator":"","ref":""},"geometry":{"type":"LineString","coordinates":[[26.068693,41.849308],[26.06885,41.849001],[26.069767,41.846332],[26.070877,41.843131],[26.072084,41.839586],[26.073018,41.836908],[26.074026,41.833984],[26.076903,41.832208],[26.079781,41.831886],[26.081522,41.831313],[26.08457,41.830227],[26.087972,41.828969],[26.089625,41.828376],[26.09095,41.827883],[26.093119,41.827129],[26.096049,41.826072],[26.098514,41.82517],[26.100957,41.824292],[26.103364,41.823363],[26.103901,41.823003]]}},{"type":"Feature","properties":{"osm_id":484302906,"voltage":"110000","circuits":"2","cables":"6","name":"","operator":"","ref":""},"geometry":{"type":"LineString","coordinates":[[26.103958,41.823142],[26.10649,41.825238],[26.109022,41.827397],[26.112026,41.830007],[26.115352,41.832845],[26.118571,41.835627],[26.121687,41.8383],[26.125029,41.841178],[26.12827,41.843979],[26.131971,41.847152],[26.136128,41.850733],[26.138371,41.852635],[26.14072,41.854669],[26.143429,41.857018],[26.147088,41.860142],[26.149953,41.862591],[26.156749,41.868505],[26.159948,41.871209],[26.163059,41.873877],[26.166545,41.876868],[26.169542,41.879441],[26.173133,41.882532],[26.176209,41.885176],[26.178811,41.887396],[26.182259,41.890345],[26.185194,41.892817],[26.188634,41.895779],[26.191572,41.898302],[26.195538,41.901707],[26.197223,41.903137],[26.200749,41.906181],[26.204576,41.909504],[26.208023,41.912416],[26.210323,41.914463],[26.213016,41.916714],[26.2164,41.919637],[26.219444,41.92217],[26.223074,41.92535],[26.225518,41.927425],[26.228173,41.929686],[26.23091,41.932019],[26.232436,41.933283],[26.234112,41.934465],[26.237982,41.937019],[26.240579,41.938794],[26.244504,41.941319],[26.247039,41.943012],[26.250938,41.94563],[26.253559,41.94738],[26.256661,41.949454],[26.259575,41.951386],[26.261904,41.952929],[26.264679,41.954739],[26.265966,41.95656],[26.26744,41.958613],[26.269255,41.961098],[26.27069,41.963094],[26.272904,41.966146],[26.275689,41.969991],[26.277542,41.972532],[26.279232,41.97488],[26.281755,41.978382],[26.284545,41.982236],[26.287992,41.986997],[26.289845,41.989556],[26.291578,41.991897],[26.29202,41.992518],[26.29516,41.996971],[26.296861,41.999288],[26.297652,42.000364],[26.299371,42.002723],[26.30157,42.005766],[26.303197,42.008003],[26.304542,42.009905],[26.305944,42.010536],[26.307341,42.011153],[26.308603,42.011763],[26.31134,42.013122],[26.312574,42.013729],[26.31508,42.014938],[26.317116,42.015908],[26.318518,42.016597],[26.320679,42.017631],[26.322374,42.018434],[26.323502,42.018958],[26.326483,42.020421],[26.32984,42.022026],[26.331525,42.02285],[26.332375,42.023203],[26.336595,42.025218],[26.338856,42.026359],[26.340177,42.026994],[26.341584,42.027672],[26.344719,42.029163],[26.347206,42.030354],[26.349539,42.03147],[26.352116,42.032719],[26.354004,42.033635],[26.355339,42.034277],[26.35755,42.035343],[26.360707,42.036866],[26.36334,42.038129],[26.368567,42.040656],[26.370761,42.041726],[26.37345,42.043002],[26.378183,42.045289],[26.381621,42.046949],[26.384464,42.048322],[26.387042,42.049556],[26.391315,42.05162],[26.396093,42.053927],[26.399098,42.055374],[26.402843,42.057156],[26.412038,42.061598],[26.415864,42.063446],[26.419691,42.065294],[26.424259,42.067489],[26.427446,42.069009],[26.430847,42.071205],[26.434279,42.073447],[26.437743,42.075661],[26.440464,42.077433],[26.447277,42.081847],[26.449806,42.083463],[26.453271,42.085681],[26.456544,42.087835],[26.459802,42.089866],[26.463045,42.092037],[26.465623,42.093704],[26.468976,42.095858],[26.471444,42.097501],[26.473532,42.098845],[26.477691,42.101526],[26.479971,42.103008],[26.482993,42.104946],[26.486278,42.107072],[26.489841,42.109412],[26.493091,42.111512],[26.49684,42.113953],[26.499654,42.116791],[26.503877,42.118522],[26.507594,42.120067],[26.511294,42.121618],[26.515558,42.123381],[26.518807,42.124775],[26.521711,42.125986],[26.525001,42.12734],[26.528565,42.128843],[26.531927,42.130251],[26.535105,42.13157],[26.538025,42.132793],[26.541374,42.134176],[26.543696,42.136587],[26.545969,42.138985],[26.548461,42.141548],[26.550691,42.143923],[26.553229,42.146603],[26.555563,42.149038],[26.557939,42.151519],[26.560292,42.153968],[26.563857,42.156318],[26.566637,42.158158],[26.569719,42.160187],[26.571822,42.161578],[26.57381,42.162884],[26.576724,42.16544],[26.579562,42.167902],[26.582624,42.170548],[26.585513,42.173017],[26.587878,42.175127],[26.586509,42.178189],[26.585011,42.181562],[26.583778,42.184251],[26.582414,42.187329],[26.581235,42.189971]]}},{"type":"Feature","properties":{"osm_id":484302935,"voltage":"110000","circuits":"1","cables":"3","name":"","operator":"","ref":""},"geometry":{"type":"LineString","coordinates":[[26.127005,41.786256],[26.131013,41.786075],[26.133216,41.784828],[26.135483,41.783539],[26.138829,41.782604],[26.142313,41.781632],[26.145902,41.780603],[26.148788,41.779758],[26.151667,41.779189],[26.154415,41.778636],[26.160616,41.777402],[26.160686,41.777388],[26.163586,41.776824],[26.167232,41.776096],[26.170951,41.775358],[26.174319,41.774673],[26.177693,41.774017],[26.181171,41.773337],[26.184688,41.772642],[26.187301,41.772116],[26.189471,41.773157],[26.192812,41.774865],[26.196231,41.776622],[26.201486,41.779355],[26.204018,41.780678],[26.204817,41.780347]]}},{"type":"Feature","properties":{"osm_id":484337873,"voltage":"400000","circuits":"","cables":"","name":"","operator":"","ref":""},"geometry":{"type":"LineString","coordinates":[[25.766079,42.124519],[25.770278,42.124182],[25.775958,42.123607],[25.779796,42.123118]]}},{"type":"Feature","properties":{"osm_id":484337874,"voltage":"400000","circuits":"","cables":"","name":"","operator":"","ref":""},"geometry":{"type":"LineString","coordinates":[[25.779796,42.123118],[25.775587,42.123423],[25.770256,42.123969],[25.766079,42.124519]]}},{"type":"Feature","properties":{"osm_id":484344860,"voltage":"110000","circuits":"1","cables":"3","name":"","operator":"","ref":""},"geometry":{"type":"LineString","coordinates":[[25.865911,42.151521],[25.865166,42.151325],[25.862586,42.150307],[25.859086,42.14823],[25.857041,42.147005],[25.855753,42.146358],[25.852853,42.144923],[25.851824,42.144357],[25.852512,42.142142],[25.853287,42.139651],[25.854573,42.135454],[25.855288,42.133175],[25.856285,42.129964],[25.857908,42.126817],[25.858201,42.126316],[25.858637,42.125578],[25.860681,42.125087],[25.861995,42.124777],[25.863633,42.124809],[25.864243,42.124838]]}},{"type":"Feature","properties":{"osm_id":484364721,"voltage":"400000","circuits":"","cables":"","name":"","operator":"","ref":""},"geometry":{"type":"LineString","coordinates":[[25.851841,42.118116],[25.85719,42.120026],[25.859041,42.121228],[25.860212,42.121999]]}},{"type":"Feature","properties":{"osm_id":484364723,"voltage":"220000","circuits":"","cables":"","name":"","operator":"","ref":""},"geometry":{"type":"LineString","coordinates":[[25.862765,42.125255],[25.862292,42.125038],[25.862962,42.123432],[25.865055,42.123549]]}},{"type":"Feature","properties":{"osm_id":484364725,"voltage":"110000","circuits":"1","cables":"3","name":"","operator":"","ref":""},"geometry":{"type":"LineString","coordinates":[[25.909281,42.154641],[25.910183,42.154427],[25.910044,42.153831],[25.909553,42.151916],[25.90883,42.149188],[25.903186,42.14744],[25.899213,42.146205],[25.89544,42.145045],[25.890667,42.143569],[25.889138,42.14246],[25.887085,42.140959],[25.884907,42.139335],[25.882519,42.137559],[25.880261,42.135881],[25.877762,42.134041],[25.875362,42.132277],[25.872967,42.130502],[25.870766,42.128851],[25.868449,42.127126],[25.866122,42.125426],[25.865283,42.125404],[25.864743,42.125415]]}},{"type":"Feature","properties":{"osm_id":484364726,"voltage":"400000","circuits":"1","cables":"2","name":"","operator":"","ref":""},"geometry":{"type":"LineString","coordinates":[[25.875399,42.126628],[25.872877,42.125304],[25.868639,42.123254]]}},{"type":"Feature","properties":{"osm_id":484364727,"voltage":"220000","circuits":"1","cables":"2","name":"","operator":"","ref":""},"geometry":{"type":"LineString","coordinates":[[25.872905,42.124751],[25.872358,42.125468],[25.871101,42.126794]]}},{"type":"Feature","properties":{"osm_id":484364728,"voltage":"400000","circuits":"1","cables":"3","name":"","operator":"","ref":""},"geometry":{"type":"LineString","coordinates":[[25.869177,42.12453],[25.871446,42.125879],[25.874292,42.127724]]}},{"type":"Feature","properties":{"osm_id":484364731,"voltage":"110000","circuits":"1","cables":"3","name":"","operator":"","ref":""},"geometry":{"type":"LineString","coordinates":[[25.865887,42.022594],[25.865049,42.024087],[25.864035,42.025991],[25.86326,42.027444],[25.862361,42.02913],[25.861032,42.031623],[25.85899,42.035422],[25.857595,42.038038],[25.856736,42.039623],[25.855915,42.041179],[25.855003,42.042865],[25.854303,42.044201],[25.854331,42.045138],[25.854403,42.046737],[25.854483,42.048742],[25.854575,42.050385],[25.854727,42.054313],[25.85482,42.056381],[25.854932,42.058922],[25.855005,42.060825],[25.855087,42.062518],[25.855143,42.063716],[25.855245,42.066282],[25.855342,42.068269],[25.855397,42.069975],[25.855513,42.072696],[25.855577,42.073766],[25.855638,42.075586],[25.855847,42.080408],[25.855926,42.082111],[25.855984,42.083481],[25.856083,42.08556],[25.856156,42.087309],[25.856216,42.088545],[25.856311,42.090809],[25.856398,42.092739],[25.856475,42.094439],[25.856553,42.096662],[25.856671,42.09889],[25.856728,42.100607],[25.856821,42.102461],[25.856889,42.104157],[25.856964,42.105826],[25.857462,42.107153],[25.858169,42.109124],[25.858872,42.111134],[25.859566,42.11304],[25.860365,42.115216],[25.86092,42.116756],[25.860239,42.118778],[25.859247,42.121741],[25.859,42.121921]]}},{"type":"Feature","properties":{"osm_id":484370556,"voltage":"400000","circuits":"","cables":"","name":"","operator":"","ref":""},"geometry":{"type":"LineString","coordinates":[[25.766079,42.124519],[25.770268,42.124085],[25.775774,42.12349],[25.779796,42.123118]]}},{"type":"Feature","properties":{"osm_id":484370557,"voltage":"400000","circuits":"1","cables":"3","name":"","operator":"","ref":""},"geometry":{"type":"LineString","coordinates":[[25.779796,42.123118],[25.784739,42.122607],[25.789072,42.122158],[25.792836,42.121769],[25.797565,42.121295],[25.801491,42.120861],[25.804612,42.120514],[25.809242,42.120063],[25.812501,42.119727],[25.817502,42.119213],[25.820982,42.118855],[25.825049,42.118437],[25.829006,42.117478],[25.832713,42.11658],[25.835969,42.115791],[25.841162,42.114533],[25.843599,42.115351],[25.847573,42.116684],[25.851841,42.118116],[25.857253,42.119917],[25.859036,42.121106],[25.860212,42.121999],[25.861269,42.12215]]}},{"type":"Feature","properties":{"osm_id":484462487,"voltage":"110000","circuits":"2","cables":"6","name":"","operator":"","ref":""},"geometry":{"type":"LineString","coordinates":[[25.370265,41.61303],[25.366352,41.614989],[25.366511,41.616279],[25.367238,41.617235],[25.369059,41.617993],[25.371027,41.618705],[25.374904,41.616861],[25.376449,41.616087],[25.378865,41.617047],[25.383157,41.618783],[25.384123,41.619164],[25.386942,41.620293],[25.388814,41.622142],[25.392009,41.625207],[25.392529,41.625758],[25.394802,41.625653],[25.39657,41.625556],[25.398339,41.627136],[25.399138,41.630582],[25.399578,41.631626],[25.399839,41.633923],[25.400072,41.635782],[25.400471,41.63907],[25.400722,41.640616],[25.40049,41.642368],[25.40013,41.645039],[25.399812,41.647354],[25.39924,41.649188],[25.398743,41.651001],[25.397692,41.654407],[25.395285,41.656454],[25.394197,41.657706],[25.394731,41.657831]]}},{"type":"Feature","properties":{"osm_id":484474216,"voltage":"110000","circuits":"2","cables":"6","name":"","operator":"","ref":""},"geometry":{"type":"LineString","coordinates":[[25.395113,41.65777],[25.395486,41.656823],[25.397911,41.65499],[25.399041,41.652056],[25.399542,41.649881],[25.400295,41.647436],[25.400592,41.644848],[25.400822,41.643048],[25.401094,41.641341],[25.403376,41.638771],[25.404248,41.635921],[25.405204,41.632927]]}},{"type":"Feature","properties":{"osm_id":484507755,"voltage":"110000","circuits":"1","cables":"3","name":"","operator":"","ref":""},"geometry":{"type":"LineString","coordinates":[[25.405204,41.632927],[25.407316,41.631839],[25.408594,41.631544],[25.410148,41.631184],[25.411875,41.629806],[25.41381,41.629371],[25.413365,41.628135],[25.412389,41.625207],[25.411239,41.621976],[25.408954,41.615616],[25.407049,41.610852],[25.405032,41.605614],[25.403733,41.602335]]}},{"type":"Feature","properties":{"osm_id":484507759,"voltage":"110000","circuits":"1","cables":"3","name":"","operator":"","ref":""},"geometry":{"type":"LineString","coordinates":[[25.39151,41.55616],[25.390956,41.558529],[25.390454,41.560718],[25.390039,41.56258],[25.389484,41.565038],[25.389094,41.566944],[25.391308,41.56769],[25.394352,41.567202],[25.398289,41.566583],[25.40101,41.566227],[25.401206,41.568467],[25.401461,41.570367],[25.401874,41.5737],[25.402253,41.576749],[25.402613,41.57991],[25.402754,41.581009],[25.402968,41.582884],[25.403285,41.585491],[25.403561,41.587308],[25.405012,41.591163],[25.404979,41.592751],[25.404917,41.595605],[25.404163,41.599957],[25.403733,41.602335]]}},{"type":"Feature","properties":{"osm_id":484639917,"voltage":"220000","circuits":"","cables":"","name":"","operator":"","ref":""},"geometry":{"type":"LineString","coordinates":[[25.865055,42.123549],[25.865045,42.12287],[25.864776,42.12286]]}},{"type":"Feature","properties":{"osm_id":484661305,"voltage":"110000","circuits":"1","cables":"3","name":"","operator":"","ref":""},"geometry":{"type":"LineString","coordinates":[[25.266375,41.37288],[25.267915,41.373313],[25.270582,41.374054],[25.271523,41.374288],[25.27702,41.375764],[25.282152,41.377181],[25.285692,41.378092],[25.28941,41.379104],[25.293301,41.380156],[25.295857,41.380867],[25.297349,41.38127],[25.300217,41.382065],[25.30337,41.382801],[25.306026,41.383607],[25.309226,41.384455],[25.312978,41.385503],[25.316188,41.386334],[25.319719,41.387314],[25.327614,41.38946],[25.33158,41.390519],[25.333804,41.391505],[25.338396,41.392332],[25.341435,41.393157],[25.34323,41.393631],[25.348415,41.395002],[25.351271,41.395792],[25.35601,41.397064],[25.358511,41.397722],[25.361509,41.398581],[25.364926,41.399487],[25.366869,41.400221],[25.368835,41.400567],[25.370545,41.401918],[25.371272,41.402517],[25.374537,41.405312],[25.376963,41.407415],[25.379781,41.409779],[25.382172,41.411832],[25.384301,41.413763],[25.386699,41.415625],[25.390133,41.418588],[25.390795,41.421639],[25.391874,41.424548],[25.393221,41.42824],[25.394692,41.431979],[25.395551,41.434901],[25.395216,41.439867],[25.394859,41.44338],[25.394722,41.444979],[25.394433,41.447895],[25.394095,41.452228],[25.393592,41.457255],[25.393471,41.458241],[25.393572,41.462301],[25.393398,41.470219],[25.393166,41.470782],[25.393079,41.476532],[25.392651,41.479612],[25.392767,41.481325],[25.392615,41.483869],[25.392508,41.486687],[25.393148,41.489268],[25.392232,41.490366],[25.392054,41.492179],[25.391945,41.493343],[25.391765,41.495031],[25.391676,41.496364],[25.391223,41.501984],[25.391018,41.504214],[25.390833,41.506066],[25.389303,41.508232],[25.390319,41.512485],[25.39112,41.515891],[25.391681,41.51672],[25.392893,41.51849],[25.392836,41.520269],[25.393829,41.523392],[25.394935,41.52683],[25.396066,41.530484],[25.396809,41.532545],[25.397483,41.534536],[25.397923,41.537789],[25.398089,41.538206]]}},{"type":"Feature","properties":{"osm_id":484949996,"voltage":"110000","circuits":"1","cables":"3","name":"","operator":"","ref":""},"geometry":{"type":"LineString","coordinates":[[25.639917,41.612541],[25.639531,41.612931],[25.639568,41.613406],[25.641591,41.613951],[25.643344,41.614194],[25.647332,41.614584],[25.64946,41.614701],[25.650422,41.614799],[25.652376,41.615763],[25.653739,41.616314],[25.655247,41.617144],[25.657038,41.618014],[25.658924,41.618911],[25.659941,41.619424],[25.660688,41.619782],[25.662087,41.621185],[25.663321,41.62247],[25.66439,41.625494],[25.664917,41.626979],[25.665407,41.628317],[25.666018,41.630005],[25.666531,41.631454],[25.667149,41.6332],[25.667826,41.635088],[25.669552,41.635906],[25.671301,41.636729],[25.672835,41.637466],[25.675247,41.638604],[25.677573,41.639668],[25.679117,41.640404],[25.681398,41.641498],[25.682878,41.642211],[25.684467,41.642947],[25.686161,41.643753],[25.687798,41.644532],[25.690332,41.645737],[25.693815,41.647395],[25.694545,41.64859],[25.695486,41.65005],[25.696557,41.651743],[25.698917,41.655545],[25.700353,41.657804],[25.701587,41.659813],[25.702743,41.661143],[25.704388,41.663176],[25.707084,41.666718],[25.707742,41.667589],[25.708092,41.668053],[25.709148,41.669415],[25.710152,41.67075],[25.711208,41.67212],[25.71237,41.673629],[25.713681,41.675387],[25.715942,41.678338],[25.717224,41.680041],[25.71818,41.681307],[25.720354,41.684156],[25.721358,41.685573],[25.72227,41.686815],[25.723739,41.68894],[25.724957,41.690635],[25.726062,41.692188],[25.726952,41.693511],[25.729458,41.696995],[25.73359,41.702818],[25.73452,41.70414],[25.735706,41.705818],[25.736973,41.70761],[25.737833,41.708815],[25.739566,41.711259],[25.741174,41.71356],[25.743455,41.716492],[25.744953,41.718897],[25.747326,41.722274],[25.752365,41.729445],[25.753366,41.730871],[25.754912,41.733017],[25.756521,41.735332],[25.758072,41.737506],[25.75938,41.739392],[25.761696,41.742631],[25.762868,41.744388],[25.763722,41.745577],[25.765004,41.74739],[25.765739,41.74845],[25.766613,41.749657],[25.767269,41.750633],[25.768388,41.752349],[25.770755,41.755689],[25.771715,41.757086],[25.773055,41.758962],[25.775542,41.762497],[25.776814,41.764338],[25.778134,41.766293],[25.779277,41.767847],[25.780117,41.769054],[25.781366,41.770916],[25.782436,41.77242],[25.783526,41.773942],[25.784539,41.775428],[25.785744,41.777197],[25.786892,41.778873],[25.788063,41.780598],[25.789206,41.782288],[25.791295,41.785335],[25.79884,41.796433],[25.799409,41.798417],[25.799835,41.799987],[25.800338,41.801756],[25.800842,41.803503],[25.801393,41.805397],[25.801885,41.807096],[25.802387,41.808775],[25.80275,41.810066],[25.803134,41.811369],[25.803496,41.812679],[25.804437,41.813937],[25.806195,41.816248],[25.807877,41.818482],[25.808847,41.819775],[25.810643,41.82217],[25.811916,41.823866],[25.813483,41.825932],[25.814681,41.827516],[25.816085,41.829351],[25.817134,41.830732],[25.818524,41.832615],[25.819475,41.833879],[25.820846,41.83568],[25.821914,41.837089],[25.823103,41.838654],[25.824197,41.840115],[25.825588,41.841906],[25.826953,41.843728],[25.828307,41.845535],[25.829617,41.847245],[25.830776,41.848813],[25.831593,41.849873],[25.832557,41.851137],[25.833932,41.852915],[25.83499,41.854392],[25.836423,41.856221],[25.83754,41.85772],[25.838664,41.859224],[25.839957,41.8609],[25.841259,41.862649],[25.842242,41.863949],[25.843588,41.865731],[25.844565,41.867014],[25.845917,41.868814],[25.847017,41.87023],[25.848278,41.871875],[25.849736,41.873866],[25.850836,41.875318],[25.851903,41.876697],[25.852876,41.877991],[25.853951,41.879475],[25.855245,41.881161],[25.85663,41.882965],[25.85886,41.885907],[25.860282,41.887784],[25.861585,41.889503],[25.862766,41.891061],[25.864197,41.892949],[25.86564,41.894852],[25.867954,41.897904],[25.869194,41.89954],[25.870468,41.901221],[25.871713,41.902911],[25.872833,41.904404],[25.87403,41.905977],[25.875472,41.907886],[25.876712,41.909505],[25.877427,41.910372],[25.879115,41.912611],[25.879652,41.915273],[25.880019,41.917083],[25.880442,41.919194],[25.880798,41.920966],[25.881064,41.922397],[25.881746,41.923494],[25.882527,41.924942],[25.883699,41.926832],[25.884689,41.928533],[25.886207,41.929686],[25.888161,41.931164],[25.889776,41.932448],[25.891326,41.93366],[25.893006,41.934962],[25.893177,41.937357],[25.893411,41.939499],[25.893574,41.940851],[25.894271,41.942299],[25.895052,41.943313],[25.895814,41.94329]]}},{"type":"Feature","properties":{"osm_id":485066605,"voltage":"110000","circuits":"1","cables":"3","name":"","operator":"","ref":""},"geometry":{"type":"LineString","coordinates":[[25.802334,41.813065],[25.800095,41.81273],[25.797949,41.812398],[25.795553,41.812028],[25.794024,41.811791],[25.793605,41.811716]]}},{"type":"Feature","properties":{"osm_id":485282393,"voltage":"110000","circuits":"1","cables":"3","name":"","operator":"","ref":""},"geometry":{"type":"LineString","coordinates":[[25.64673,41.479292],[25.647081,41.479632],[25.646516,41.481085],[25.645322,41.484179],[25.646543,41.485277],[25.648345,41.486909],[25.650757,41.489092],[25.653619,41.491737],[25.654424,41.492436],[25.65683,41.494621],[25.659128,41.496732],[25.661903,41.49919],[25.662757,41.501112],[25.663448,41.502598],[25.664854,41.505862],[25.665454,41.506963],[25.666849,41.509919],[25.667796,41.511989],[25.668727,41.514108],[25.669793,41.516387],[25.671016,41.518957],[25.67253,41.522131],[25.673001,41.523118],[25.674784,41.526938],[25.676035,41.52955],[25.677252,41.532169],[25.678655,41.535013],[25.679421,41.536706],[25.680084,41.538218],[25.679039,41.540354],[25.678172,41.542114],[25.676992,41.544603],[25.676241,41.54611],[25.675001,41.548658],[25.67398,41.550759],[25.67277,41.553228],[25.671536,41.55575],[25.670952,41.558018],[25.669958,41.561859],[25.669443,41.563839],[25.668478,41.567605],[25.667448,41.571578],[25.666811,41.573991],[25.666047,41.576953],[25.665326,41.579746],[25.664639,41.582386],[25.663974,41.584976],[25.663309,41.58745],[25.662697,41.589842],[25.660895,41.591537],[25.658528,41.593761],[25.656925,41.595263],[25.655444,41.596651],[25.653037,41.598922],[25.652076,41.599822],[25.650211,41.60142],[25.648653,41.602762],[25.646658,41.604488],[25.644313,41.606472],[25.642198,41.608284],[25.640507,41.610237],[25.640094,41.610716],[25.639074,41.611899],[25.639107,41.612497],[25.639483,41.61225]]}},{"type":"Feature","properties":{"osm_id":485675185,"voltage":"110000","circuits":"1","cables":"3","name":"","operator":"","ref":""},"geometry":{"type":"LineString","coordinates":[[25.448442,41.526939],[25.453192,41.52773],[25.45567,41.528147],[25.459178,41.528715],[25.462441,41.527303],[25.464385,41.526457],[25.46588,41.525816],[25.47038,41.523886],[25.475001,41.521875],[25.47842,41.520404],[25.48617,41.517063],[25.48746,41.516504],[25.489436,41.515363],[25.492696,41.513466],[25.494351,41.512512],[25.497499,41.510697],[25.500147,41.509166],[25.503994,41.50693],[25.506694,41.505357],[25.510087,41.503401],[25.513276,41.501549],[25.514829,41.500657],[25.51762,41.499037],[25.521025,41.496913],[25.525269,41.494266],[25.526731,41.493354],[25.528338,41.493363],[25.533688,41.49343],[25.536793,41.4935],[25.53968,41.493544],[25.547604,41.49362],[25.549638,41.49364],[25.554138,41.493673],[25.557565,41.493705],[25.559389,41.494068],[25.566326,41.495283],[25.570909,41.496122],[25.575755,41.496994],[25.578852,41.496977],[25.582683,41.496967],[25.588238,41.496955],[25.592445,41.496924],[25.595568,41.496964],[25.598667,41.496693],[25.602627,41.496394],[25.604326,41.496256],[25.609862,41.493718],[25.612062,41.492722],[25.61514,41.491307],[25.616246,41.490809],[25.623891,41.487312],[25.625231,41.486714],[25.630622,41.485951],[25.633498,41.485553],[25.639345,41.48374],[25.641501,41.482599],[25.643261,41.481663],[25.646744,41.479813],[25.646491,41.479441]]}},{"type":"Feature","properties":{"osm_id":485733592,"voltage":"110000","circuits":"1","cables":"3","name":"","operator":"","ref":""},"geometry":{"type":"LineString","coordinates":[[25.448442,41.526939],[25.444423,41.526297],[25.440252,41.525616],[25.436129,41.52488],[25.432427,41.524397],[25.428942,41.523855],[25.426436,41.524586],[25.422596,41.52552],[25.420561,41.527737],[25.417336,41.531336],[25.409925,41.532983],[25.406564,41.533479],[25.405404,41.535897],[25.403776,41.53926]]}},{"type":"Feature","properties":{"osm_id":497419413,"voltage":"110000","circuits":"1","cables":"3","name":"","operator":"","ref":""},"geometry":{"type":"LineString","coordinates":[[24.135954,41.802622],[24.135446,41.801905],[24.134275,41.800225],[24.133771,41.799515],[24.132122,41.797074],[24.130882,41.795342],[24.129576,41.793441],[24.129531,41.792339],[24.129514,41.791267],[24.129442,41.789009],[24.129402,41.788069],[24.131094,41.786531],[24.132409,41.785355],[24.134316,41.783635],[24.135871,41.782175],[24.136966,41.781165],[24.13858,41.779623],[24.140013,41.778203],[24.142008,41.776309],[24.14288,41.775458],[24.144401,41.77397],[24.147175,41.771301],[24.147198,41.771143]]}},{"type":"Feature","properties":{"osm_id":509241647,"voltage":"110000","circuits":"1","cables":"3","name":"","operator":"","ref":""},"geometry":{"type":"LineString","coordinates":[[26.404989,43.115069],[26.405007,43.115391],[26.401659,43.114491],[26.401912,43.112662],[26.402238,43.110301],[26.402577,43.107845],[26.402883,43.105627],[26.403249,43.102976],[26.403518,43.101033],[26.403925,43.098079],[26.404347,43.095026],[26.404602,43.093399],[26.405009,43.090592],[26.405264,43.088544],[26.405732,43.085366],[26.406027,43.082951],[26.406618,43.078715],[26.406782,43.076743],[26.40693,43.074819],[26.407086,43.072266],[26.407324,43.069329],[26.407619,43.066775],[26.407744,43.064366],[26.407893,43.062755],[26.408168,43.059553],[26.408946,43.057242],[26.409865,43.054612],[26.410628,43.052398],[26.411494,43.049886],[26.412554,43.046812],[26.413298,43.044715],[26.41427,43.041777],[26.41521,43.039191],[26.416228,43.036392],[26.416992,43.034113],[26.4178,43.031687],[26.418899,43.028525],[26.419908,43.02569],[26.420313,43.024602],[26.422657,43.022877],[26.425262,43.021001],[26.427953,43.019039],[26.430866,43.016943],[26.433418,43.015085],[26.436931,43.012562],[26.439633,43.010628],[26.438357,43.007844],[26.437339,43.005562],[26.436125,43.002721],[26.434643,42.999393],[26.434055,42.997931],[26.432338,42.994144],[26.431764,42.992587],[26.432869,42.991292],[26.4342,42.989738],[26.436324,42.987003],[26.438078,42.984696],[26.439629,42.982992],[26.44098,42.981356],[26.441941,42.980139],[26.443668,42.978016],[26.445358,42.97594],[26.446849,42.974182],[26.449846,42.970448],[26.45277,42.966909],[26.452455,42.964964],[26.452137,42.962756],[26.451975,42.961377],[26.451794,42.958938],[26.451601,42.955959],[26.451412,42.95369],[26.451191,42.950697],[26.451709,42.94917],[26.452474,42.946789],[26.453348,42.944015],[26.455038,42.938884],[26.454971,42.937043],[26.454947,42.935313],[26.454935,42.932379],[26.453991,42.930689],[26.452463,42.927845],[26.451243,42.925358],[26.450133,42.923249],[26.449786,42.922588],[26.449919,42.919595],[26.449807,42.917406],[26.449761,42.915739],[26.449743,42.9138],[26.45133,42.911155],[26.452849,42.908577],[26.453651,42.907241],[26.454722,42.9054],[26.456136,42.903],[26.457721,42.900308],[26.461399,42.893947],[26.463039,42.887734],[26.46292,42.886723],[26.46257,42.884328],[26.462333,42.882762],[26.461718,42.878177],[26.459946,42.875684],[26.459838,42.875214]]}},{"type":"Feature","properties":{"osm_id":511860946,"voltage":"400000","circuits":"1","cables":"3","name":"","operator":"","ref":""},"geometry":{"type":"LineString","coordinates":[[26.328019,41.735664],[26.332158,41.734958]]}},{"type":"Feature","properties":{"osm_id":528696824,"voltage":"110000","circuits":"1","cables":"3","name":"","operator":"","ref":""},"geometry":{"type":"LineString","coordinates":[[27.855603,43.552753],[27.856205,43.55237],[27.857965,43.551278],[27.8604,43.549948],[27.862256,43.548813],[27.864139,43.547704],[27.866693,43.546204],[27.86893,43.544901],[27.871097,43.543653],[27.873554,43.544193],[27.877191,43.544967],[27.87961,43.545403],[27.882083,43.545982],[27.885023,43.546616],[27.888107,43.547285],[27.8905,43.547759],[27.892522,43.548171],[27.89462,43.548626],[27.896937,43.548097],[27.899625,43.547471],[27.902141,43.546884],[27.904581,43.54632],[27.906818,43.545803],[27.909152,43.545259],[27.911148,43.544796],[27.912966,43.544376],[27.916185,43.543626],[27.918652,43.543054],[27.92149,43.542389],[27.923861,43.541837],[27.926248,43.541285],[27.928823,43.540686],[27.931441,43.540079],[27.934,43.53948],[27.936457,43.538909],[27.938635,43.538403],[27.940469,43.537972],[27.942771,43.537439],[27.945099,43.536894],[27.947009,43.536455],[27.949374,43.535697],[27.951585,43.535296],[27.953945,43.534833],[27.956348,43.534273],[27.959148,43.533628],[27.962061,43.532947],[27.964561,43.532372],[27.967363,43.531719],[27.970293,43.53103],[27.973166,43.530361],[27.975762,43.529752],[27.978503,43.529116],[27.981035,43.528521],[27.983283,43.528],[27.985761,43.52744],[27.988594,43.526771],[27.991051,43.526188],[27.993915,43.525519],[27.996619,43.524888],[27.999355,43.524251],[28.002133,43.523613],[28.004698,43.523014],[28.007294,43.522407],[28.009622,43.52187],[28.01194,43.521325],[28.014697,43.520676],[28.017218,43.520085],[28.019106,43.519647],[28.0221,43.518949],[28.02461,43.518361],[28.026429,43.518525],[28.029272,43.518758],[28.031917,43.519015],[28.034738,43.519217],[28.037753,43.519486],[28.040763,43.519756],[28.042911,43.519933],[28.045408,43.519748],[28.048026,43.51961],[28.050392,43.519466],[28.052988,43.519287],[28.055863,43.519108],[28.058621,43.518937],[28.061303,43.518758],[28.064286,43.518595],[28.067064,43.5184],[28.069843,43.518206],[28.072611,43.518058],[28.075722,43.517887],[28.078802,43.517692],[28.08157,43.517529],[28.084005,43.517373],[28.086484,43.517171],[28.088919,43.517],[28.091397,43.516891],[28.094401,43.51672],[28.097835,43.516494],[28.100839,43.516323],[28.103306,43.516113],[28.106257,43.515996],[28.109175,43.515802],[28.112211,43.515615],[28.115172,43.515374],[28.118176,43.515234],[28.120966,43.515],[28.123466,43.51486],[28.126234,43.514728],[28.129088,43.514526],[28.131716,43.514323],[28.134881,43.514191],[28.137907,43.513973],[28.140267,43.513818],[28.142904,43.513666]]}}]}
