{"type":"FeatureCollection","name":"ЕПМ България – линии 110/220/400 kV — част 3/3","metadata":{"generated_at":"2026-09-25","source":"OpenStreetMap contributors via Overpass API","license":"ODbL 1.0","voltage_filter_kv":[110,220,400],"qualification":"Индикативни трасета. Наличието на линия не доказва свободен капацитет; присъединяването на ФЕЦ над 10 MWp изисква проучване и становище на ЕСО.","part":3,"parts":3},"features":[{"type":"Feature","properties":{"osm_id":1437093381,"voltage":"220000","circuits":"1","cables":"3","name":"","operator":"","ref":""},"geometry":{"type":"LineString","coordinates":[[23.472156,42.648133],[23.473116,42.64786]]}},{"type":"Feature","properties":{"osm_id":1437093382,"voltage":"220000","circuits":"1","cables":"3","name":"","operator":"","ref":""},"geometry":{"type":"LineString","coordinates":[[23.470608,42.647768],[23.469824,42.648214]]}},{"type":"Feature","properties":{"osm_id":1437093383,"voltage":"220000","circuits":"1","cables":"3","name":"","operator":"","ref":""},"geometry":{"type":"LineString","coordinates":[[23.470708,42.648009],[23.469824,42.648214]]}},{"type":"Feature","properties":{"osm_id":1437099245,"voltage":"110000","circuits":"","cables":"3","name":"","operator":"","ref":""},"geometry":{"type":"LineString","coordinates":[[23.546224,42.721848],[23.546043,42.721499]]}},{"type":"Feature","properties":{"osm_id":1437099246,"voltage":"110000","circuits":"","cables":"3","name":"","operator":"","ref":""},"geometry":{"type":"LineString","coordinates":[[23.545986,42.721882],[23.546043,42.721499]]}},{"type":"Feature","properties":{"osm_id":1437099247,"voltage":"110000","circuits":"","cables":"3","name":"","operator":"","ref":""},"geometry":{"type":"LineString","coordinates":[[23.618279,42.719132],[23.61797,42.719029],[23.615665,42.719793],[23.613283,42.721933],[23.611261,42.7225]]}},{"type":"Feature","properties":{"osm_id":1437099249,"voltage":"110000","circuits":"","cables":"3","name":"","operator":"","ref":""},"geometry":{"type":"LineString","coordinates":[[23.61881,42.718452],[23.619364,42.718573]]}},{"type":"Feature","properties":{"osm_id":1437099250,"voltage":"110000","circuits":"","cables":"3","name":"","operator":"","ref":""},"geometry":{"type":"LineString","coordinates":[[23.618788,42.718605],[23.619364,42.718573]]}},{"type":"Feature","properties":{"osm_id":1437099251,"voltage":"110000","circuits":"2","cables":"6","name":"","operator":"","ref":""},"geometry":{"type":"LineString","coordinates":[[23.612792,42.718879],[23.615698,42.718217],[23.618605,42.717533]]}},{"type":"Feature","properties":{"osm_id":1437099252,"voltage":"110000","circuits":"1","cables":"3","name":"","operator":"","ref":""},"geometry":{"type":"LineString","coordinates":[[23.618267,42.718471],[23.617865,42.718332]]}},{"type":"Feature","properties":{"osm_id":1437099253,"voltage":"110000","circuits":"1","cables":"3","name":"","operator":"","ref":""},"geometry":{"type":"LineString","coordinates":[[23.618305,42.718316],[23.617865,42.718332]]}},{"type":"Feature","properties":{"osm_id":1437099256,"voltage":"220000","circuits":"1","cables":"3","name":"","operator":"","ref":""},"geometry":{"type":"LineString","coordinates":[[23.61939,42.72078],[23.618735,42.720649]]}},{"type":"Feature","properties":{"osm_id":1437099257,"voltage":"220000","circuits":"1","cables":"3","name":"","operator":"","ref":""},"geometry":{"type":"LineString","coordinates":[[23.619441,42.720497],[23.618735,42.720649]]}},{"type":"Feature","properties":{"osm_id":1437099258,"voltage":"220000","circuits":"1","cables":"3","name":"","operator":"","ref":""},"geometry":{"type":"LineString","coordinates":[[23.620683,42.719921],[23.621346,42.71986]]}},{"type":"Feature","properties":{"osm_id":1437099259,"voltage":"220000","circuits":"1","cables":"3","name":"","operator":"","ref":""},"geometry":{"type":"LineString","coordinates":[[23.620738,42.719622],[23.621346,42.71986]]}},{"type":"Feature","properties":{"osm_id":1437104325,"voltage":"110000","circuits":"1","cables":"3","name":"","operator":"","ref":""},"geometry":{"type":"LineString","coordinates":[[23.003285,42.529284],[23.002825,42.529575]]}},{"type":"Feature","properties":{"osm_id":1437104326,"voltage":"110000","circuits":"1","cables":"3","name":"","operator":"","ref":""},"geometry":{"type":"LineString","coordinates":[[23.002898,42.528894],[23.002443,42.529266]]}},{"type":"Feature","properties":{"osm_id":1437104327,"voltage":"110000","circuits":"","cables":"3","name":"","operator":"","ref":""},"geometry":{"type":"LineString","coordinates":[[23.077601,42.604519],[23.077515,42.604389]]}},{"type":"Feature","properties":{"osm_id":1437104328,"voltage":"110000","circuits":"","cables":"3","name":"","operator":"","ref":""},"geometry":{"type":"LineString","coordinates":[[23.077487,42.604524],[23.077515,42.604389]]}},{"type":"Feature","properties":{"osm_id":1437104329,"voltage":"110000","circuits":"","cables":"3","name":"","operator":"","ref":""},"geometry":{"type":"LineString","coordinates":[[23.077813,42.604511],[23.07776,42.604382]]}},{"type":"Feature","properties":{"osm_id":1437104330,"voltage":"110000","circuits":"","cables":"3","name":"","operator":"","ref":""},"geometry":{"type":"LineString","coordinates":[[23.077702,42.604515],[23.07776,42.604382]]}},{"type":"Feature","properties":{"osm_id":1437104331,"voltage":"110000","circuits":"","cables":"3","name":"","operator":"","ref":""},"geometry":{"type":"LineString","coordinates":[[23.078051,42.604501],[23.078015,42.604374]]}},{"type":"Feature","properties":{"osm_id":1437104332,"voltage":"110000","circuits":"","cables":"3","name":"","operator":"","ref":""},"geometry":{"type":"LineString","coordinates":[[23.077937,42.604506],[23.078015,42.604374]]}},{"type":"Feature","properties":{"osm_id":1437104333,"voltage":"110000","circuits":"","cables":"3","name":"","operator":"","ref":""},"geometry":{"type":"LineString","coordinates":[[23.077293,42.604532],[23.077251,42.604397]]}},{"type":"Feature","properties":{"osm_id":1437104334,"voltage":"110000","circuits":"","cables":"3","name":"","operator":"","ref":""},"geometry":{"type":"LineString","coordinates":[[23.077174,42.604537],[23.077251,42.604397]]}},{"type":"Feature","properties":{"osm_id":1437104335,"voltage":"110000","circuits":"","cables":"3","name":"","operator":"","ref":""},"geometry":{"type":"LineString","coordinates":[[23.077063,42.604541],[23.077052,42.604403]]}},{"type":"Feature","properties":{"osm_id":1437104336,"voltage":"110000","circuits":"","cables":"3","name":"","operator":"","ref":""},"geometry":{"type":"LineString","coordinates":[[23.076937,42.604546],[23.077052,42.604403]]}},{"type":"Feature","properties":{"osm_id":1437104337,"voltage":"110000","circuits":"","cables":"","name":"","operator":"","ref":""},"geometry":{"type":"LineString","coordinates":[[23.077317,42.599],[23.076255,42.598901]]}},{"type":"Feature","properties":{"osm_id":1437104338,"voltage":"110000","circuits":"2","cables":"6","name":"","operator":"","ref":""},"geometry":{"type":"LineString","coordinates":[[23.077332,42.602462],[23.077052,42.604403]]}},{"type":"Feature","properties":{"osm_id":1437104339,"voltage":"110000","circuits":"2","cables":"6","name":"","operator":"","ref":""},"geometry":{"type":"LineString","coordinates":[[23.079003,42.585229],[23.078818,42.587958],[23.078789,42.590466],[23.078746,42.592543],[23.078657,42.594603],[23.078542,42.597209],[23.07796,42.599052],[23.078279,42.602358],[23.078015,42.604374]]}},{"type":"Feature","properties":{"osm_id":1437104341,"voltage":"110000","circuits":"2","cables":"6","name":"","operator":"","ref":""},"geometry":{"type":"LineString","coordinates":[[23.077317,42.599],[23.077792,42.602419],[23.077515,42.604389]]}},{"type":"Feature","properties":{"osm_id":1437104342,"voltage":"110000","circuits":"1","cables":"3","name":"","operator":"","ref":""},"geometry":{"type":"LineString","coordinates":[[23.006117,42.593565],[23.008923,42.592779],[23.014136,42.5913],[23.016919,42.590541],[23.020623,42.589477],[23.022939,42.589192],[23.029895,42.588331],[23.032237,42.588038],[23.034031,42.587814],[23.039497,42.587093],[23.042534,42.5867],[23.046387,42.586193],[23.049784,42.585213],[23.051585,42.584701],[23.055435,42.583632],[23.057056,42.583174],[23.060055,42.582317],[23.062358,42.58171],[23.064347,42.581111],[23.067896,42.580122],[23.069269,42.579726],[23.072721,42.581284],[23.074806,42.582248],[23.076711,42.583095],[23.076761,42.584717],[23.076898,42.588784],[23.07693,42.590554],[23.077008,42.592313],[23.077115,42.595507],[23.077219,42.597542],[23.077317,42.599]]}},{"type":"Feature","properties":{"osm_id":1437104343,"voltage":"110000","circuits":"2","cables":"6","name":"","operator":"","ref":""},"geometry":{"type":"LineString","coordinates":[[23.010693,42.550142],[23.013823,42.55214],[23.015534,42.553231],[23.017479,42.554475],[23.019702,42.555906],[23.02099,42.556712],[23.023766,42.55846],[23.027186,42.560636],[23.028489,42.561485],[23.030576,42.562801],[23.033886,42.564024],[23.036458,42.564956],[23.0395,42.566088],[23.043917,42.567734],[23.047165,42.568893],[23.049531,42.56975],[23.05158,42.570718],[23.052696,42.571236],[23.054375,42.571998],[23.05592,42.572745],[23.057267,42.573337],[23.061102,42.575135],[23.063495,42.576245],[23.066847,42.577813],[23.06917,42.578895],[23.072813,42.58055],[23.077185,42.582597],[23.077835,42.583087],[23.077858,42.584832],[23.077893,42.587522],[23.077941,42.590788],[23.077979,42.593458],[23.078027,42.596147],[23.078252,42.597299],[23.077765,42.599089],[23.078027,42.602366]]}},{"type":"Feature","properties":{"osm_id":1437104344,"voltage":"110000","circuits":"1","cables":"3","name":"","operator":"","ref":""},"geometry":{"type":"LineString","coordinates":[[23.010693,42.550142],[23.008987,42.548976],[23.00881,42.547488]]}},{"type":"Feature","properties":{"osm_id":1437104345,"voltage":"110000","circuits":"1","cables":"3","name":"","operator":"","ref":""},"geometry":{"type":"LineString","coordinates":[[23.010693,42.550142],[23.008815,42.549024],[23.00881,42.547488]]}},{"type":"Feature","properties":{"osm_id":1437104346,"voltage":"110000","circuits":"1","cables":"3","name":"","operator":"","ref":""},"geometry":{"type":"LineString","coordinates":[[22.985579,42.526102],[22.985928,42.526399]]}},{"type":"Feature","properties":{"osm_id":1437104347,"voltage":"110000","circuits":"1","cables":"3","name":"","operator":"","ref":""},"geometry":{"type":"LineString","coordinates":[[22.985477,42.526177],[22.985928,42.526399]]}},{"type":"Feature","properties":{"osm_id":1437104348,"voltage":"110000","circuits":"1","cables":"3","name":"","operator":"","ref":""},"geometry":{"type":"LineString","coordinates":[[22.985991,42.525797],[22.986293,42.526122]]}},{"type":"Feature","properties":{"osm_id":1437104349,"voltage":"110000","circuits":"1","cables":"3","name":"","operator":"","ref":""},"geometry":{"type":"LineString","coordinates":[[22.986293,42.526122],[22.985892,42.525869]]}},{"type":"Feature","properties":{"osm_id":1437104350,"voltage":"110000","circuits":"1","cables":"3","name":"","operator":"","ref":""},"geometry":{"type":"LineString","coordinates":[[23.003672,42.529673],[23.003308,42.530065]]}},{"type":"Feature","properties":{"osm_id":1437104351,"voltage":"110000","circuits":"1","cables":"3","name":"","operator":"","ref":""},"geometry":{"type":"LineString","coordinates":[[23.002443,42.529266],[23.002971,42.528968]]}},{"type":"Feature","properties":{"osm_id":1437104352,"voltage":"110000","circuits":"1","cables":"3","name":"","operator":"","ref":""},"geometry":{"type":"LineString","coordinates":[[23.003356,42.529355],[23.002825,42.529575]]}},{"type":"Feature","properties":{"osm_id":1437104353,"voltage":"110000","circuits":"1","cables":"3","name":"","operator":"","ref":""},"geometry":{"type":"LineString","coordinates":[[23.0038,42.529801],[23.003577,42.530257]]}},{"type":"Feature","properties":{"osm_id":1437104354,"voltage":"110000","circuits":"1","cables":"3","name":"","operator":"","ref":""},"geometry":{"type":"LineString","coordinates":[[23.003878,42.52988],[23.003577,42.530257]]}},{"type":"Feature","properties":{"osm_id":1437110686,"voltage":"110000","circuits":"","cables":"3","name":"","operator":"","ref":""},"geometry":{"type":"LineString","coordinates":[[23.149628,42.693738],[23.149818,42.693587]]}},{"type":"Feature","properties":{"osm_id":1437110687,"voltage":"110000","circuits":"","cables":"3","name":"","operator":"","ref":""},"geometry":{"type":"LineString","coordinates":[[23.149526,42.693593],[23.149818,42.693587]]}},{"type":"Feature","properties":{"osm_id":1437111250,"voltage":"110000","circuits":"2","cables":"6","name":"","operator":"","ref":""},"geometry":{"type":"LineString","coordinates":[[23.171532,42.687865],[23.16886,42.689535],[23.165901,42.6914],[23.163987,42.692592],[23.160762,42.692849],[23.15627,42.69316],[23.152504,42.693426],[23.149818,42.693587]]}},{"type":"Feature","properties":{"osm_id":1437112574,"voltage":"110000","circuits":"1","cables":"3","name":"","operator":"","ref":""},"geometry":{"type":"LineString","coordinates":[[23.247226,42.730809],[23.246896,42.730415]]}},{"type":"Feature","properties":{"osm_id":1437112575,"voltage":"110000","circuits":"1","cables":"3","name":"","operator":"","ref":""},"geometry":{"type":"LineString","coordinates":[[23.247071,42.730876],[23.246896,42.730415]]}},{"type":"Feature","properties":{"osm_id":1437112576,"voltage":"110000","circuits":"1","cables":"3","name":"","operator":"","ref":""},"geometry":{"type":"LineString","coordinates":[[23.246616,42.731072],[23.246357,42.73075]]}},{"type":"Feature","properties":{"osm_id":1437112577,"voltage":"110000","circuits":"1","cables":"3","name":"","operator":"","ref":""},"geometry":{"type":"LineString","coordinates":[[23.246511,42.731118],[23.246357,42.73075]]}},{"type":"Feature","properties":{"osm_id":1437112578,"voltage":"110000","circuits":"1","cables":"3","name":"","operator":"","ref":""},"geometry":{"type":"LineString","coordinates":[[23.247673,42.731015],[23.248179,42.731283]]}},{"type":"Feature","properties":{"osm_id":1437112579,"voltage":"110000","circuits":"1","cables":"3","name":"","operator":"","ref":""},"geometry":{"type":"LineString","coordinates":[[23.247549,42.731072],[23.248179,42.731283]]}},{"type":"Feature","properties":{"osm_id":1437114245,"voltage":"110000","circuits":"1","cables":"3","name":"","operator":"","ref":""},"geometry":{"type":"LineString","coordinates":[[23.187982,42.847731],[23.187875,42.847565]]}},{"type":"Feature","properties":{"osm_id":1437114246,"voltage":"110000","circuits":"1","cables":"3","name":"","operator":"","ref":""},"geometry":{"type":"LineString","coordinates":[[23.188377,42.847373],[23.188422,42.847127]]}},{"type":"Feature","properties":{"osm_id":1437114247,"voltage":"110000","circuits":"1","cables":"3","name":"","operator":"","ref":""},"geometry":{"type":"LineString","coordinates":[[23.188573,42.847326],[23.188422,42.847127]]}},{"type":"Feature","properties":{"osm_id":1437114248,"voltage":"110000","circuits":"1","cables":"3","name":"","operator":"","ref":""},"geometry":{"type":"LineString","coordinates":[[23.189187,42.847103],[23.189303,42.847265]]}},{"type":"Feature","properties":{"osm_id":1437114249,"voltage":"110000","circuits":"1","cables":"3","name":"","operator":"","ref":""},"geometry":{"type":"LineString","coordinates":[[23.188673,42.847483],[23.188573,42.847326]]}},{"type":"Feature","properties":{"osm_id":1437114250,"voltage":"110000","circuits":"1","cables":"3","name":"","operator":"","ref":""},"geometry":{"type":"LineString","coordinates":[[23.188481,42.847553],[23.188377,42.847373]]}},{"type":"Feature","properties":{"osm_id":1437114251,"voltage":"110000","circuits":"1","cables":"3","name":"","operator":"","ref":""},"geometry":{"type":"LineString","coordinates":[[23.189037,42.846888],[23.189187,42.847103]]}},{"type":"Feature","properties":{"osm_id":1441592351,"voltage":"110000","circuits":"1","cables":"3","name":"","operator":"","ref":""},"geometry":{"type":"LineString","coordinates":[[27.620675,43.201574],[27.6217,43.20175],[27.626801,43.199795],[27.628443,43.198611],[27.628925,43.197805],[27.629715,43.196906]]}},{"type":"Feature","properties":{"osm_id":1441592352,"voltage":"110000","circuits":"1","cables":"3","name":"","operator":"","ref":""},"geometry":{"type":"LineString","coordinates":[[27.620819,43.201457],[27.621272,43.201505],[27.626647,43.199468],[27.628051,43.198125],[27.628373,43.19782],[27.628781,43.197449],[27.629109,43.19709],[27.62955,43.196834]]}},{"type":"Feature","properties":{"osm_id":1441592353,"voltage":"110000","circuits":"1","cables":"3","name":"","operator":"","ref":""},"geometry":{"type":"LineString","coordinates":[[27.620896,43.2014],[27.621621,43.201538],[27.626737,43.199631],[27.628174,43.198208],[27.628573,43.197824],[27.628893,43.197523],[27.629593,43.196861]]}},{"type":"Feature","properties":{"osm_id":1441592354,"voltage":"110000","circuits":"2","cables":"6","name":"","operator":"","ref":""},"geometry":{"type":"LineString","coordinates":[[27.578137,43.329569],[27.578143,43.331556],[27.578216,43.334039]]}},{"type":"Feature","properties":{"osm_id":1441592357,"voltage":"110000","circuits":"1","cables":"3","name":"","operator":"","ref":""},"geometry":{"type":"LineString","coordinates":[[27.594975,43.238892],[27.595323,43.238946],[27.596502,43.238798]]}},{"type":"Feature","properties":{"osm_id":1441592358,"voltage":"110000","circuits":"1","cables":"3","name":"","operator":"","ref":""},"geometry":{"type":"LineString","coordinates":[[27.602394,43.219128],[27.602327,43.219222],[27.602896,43.219484],[27.604869,43.221227],[27.603509,43.224038],[27.602404,43.226383],[27.601199,43.228882],[27.599925,43.231536],[27.598751,43.234024],[27.597721,43.236219],[27.5966,43.238563],[27.595454,43.238708],[27.595101,43.238601]]}},{"type":"Feature","properties":{"osm_id":1442582057,"voltage":"110000","circuits":"1","cables":"3","name":"","operator":"","ref":""},"geometry":{"type":"LineString","coordinates":[[24.421474,41.832759],[24.4215,41.833265],[24.424037,41.830966],[24.425633,41.827985],[24.426089,41.827141],[24.426596,41.826052],[24.423334,41.823601],[24.420539,41.821315],[24.421079,41.819925],[24.421827,41.818008],[24.422723,41.81561],[24.423533,41.813537],[24.424777,41.810276],[24.425343,41.805188],[24.425451,41.802903],[24.425614,41.800965],[24.425907,41.797686],[24.426236,41.79407],[24.426432,41.791937],[24.4271,41.784559],[24.427253,41.783083],[24.426454,41.778725],[24.425598,41.775785],[24.424995,41.773084],[24.4246,41.771506],[24.424021,41.768857],[24.423772,41.767473],[24.423098,41.764072],[24.422881,41.762709],[24.422422,41.760152],[24.421679,41.756095],[24.420961,41.752145],[24.419338,41.749894],[24.417104,41.746664],[24.41793,41.744264],[24.418796,41.741969],[24.419413,41.740306],[24.422146,41.736933],[24.423711,41.733965],[24.422666,41.733062],[24.419126,41.730162],[24.418718,41.72789],[24.418147,41.724657],[24.418073,41.724257],[24.420006,41.720901],[24.42303,41.719186],[24.426068,41.720358],[24.425295,41.720506]]}},{"type":"Feature","properties":{"osm_id":1442592455,"voltage":"110000","circuits":"","cables":"","name":"","operator":"","ref":""},"geometry":{"type":"LineString","coordinates":[[25.370828,41.61291],[25.370265,41.61303]]}},{"type":"Feature","properties":{"osm_id":1442592456,"voltage":"110000","circuits":"1","cables":"3","name":"","operator":"","ref":""},"geometry":{"type":"LineString","coordinates":[[25.370819,41.612831],[25.370265,41.61303]]}},{"type":"Feature","properties":{"osm_id":1442592458,"voltage":"110000","circuits":"1","cables":"3","name":"","operator":"","ref":""},"geometry":{"type":"LineString","coordinates":[[25.3708,41.612664],[25.370318,41.612854]]}},{"type":"Feature","properties":{"osm_id":1442592459,"voltage":"110000","circuits":"1","cables":"3","name":"","operator":"","ref":""},"geometry":{"type":"LineString","coordinates":[[25.370809,41.612745],[25.370318,41.612854]]}},{"type":"Feature","properties":{"osm_id":1442592460,"voltage":"110000","circuits":"1","cables":"3","name":"","operator":"","ref":""},"geometry":{"type":"LineString","coordinates":[[25.136289,41.571139],[25.140498,41.57201],[25.142,41.572252],[25.144186,41.572559],[25.153013,41.574379]]}},{"type":"Feature","properties":{"osm_id":1442592461,"voltage":"110000","circuits":"","cables":"","name":"","operator":"","ref":""},"geometry":{"type":"LineString","coordinates":[[25.133835,41.57843],[25.134105,41.578886]]}},{"type":"Feature","properties":{"osm_id":1442592462,"voltage":"110000","circuits":"1","cables":"3","name":"","operator":"","ref":""},"geometry":{"type":"LineString","coordinates":[[25.133995,41.57892],[25.133835,41.57843]]}},{"type":"Feature","properties":{"osm_id":1442592463,"voltage":"110000","circuits":"1","cables":"3","name":"","operator":"","ref":""},"geometry":{"type":"LineString","coordinates":[[25.133932,41.576385],[25.132839,41.574343],[25.132974,41.572026]]}},{"type":"Feature","properties":{"osm_id":1442592464,"voltage":"110000","circuits":"","cables":"","name":"","operator":"","ref":""},"geometry":{"type":"LineString","coordinates":[[25.133845,41.579035],[25.133626,41.578593]]}},{"type":"Feature","properties":{"osm_id":1442592465,"voltage":"110000","circuits":"","cables":"","name":"","operator":"","ref":""},"geometry":{"type":"LineString","coordinates":[[25.133783,41.579096],[25.133626,41.578593]]}},{"type":"Feature","properties":{"osm_id":1442592466,"voltage":"110000","circuits":"2","cables":"6","name":"","operator":"","ref":""},"geometry":{"type":"LineString","coordinates":[[25.136289,41.571139],[25.135272,41.573005],[25.134728,41.575442],[25.13455,41.576237],[25.134708,41.577634],[25.133835,41.57843]]}},{"type":"Feature","properties":{"osm_id":1442592471,"voltage":"110000","circuits":"1","cables":"3","name":"","operator":"","ref":"СВОБОДА;МАНАСТИР"},"geometry":{"type":"LineString","coordinates":[[24.951626,41.658149],[24.954149,41.658954],[24.95641,41.658894],[24.957719,41.658856],[24.962896,41.655307],[24.968067,41.651601],[24.969454,41.650808],[24.970416,41.649834],[24.972696,41.647559],[24.973737,41.646472],[24.975639,41.644562],[24.97706,41.643123],[24.978645,41.641508],[24.979311,41.640838],[24.982323,41.639487],[24.986027,41.637789]]}},{"type":"Feature","properties":{"osm_id":1442592472,"voltage":"110000","circuits":"1","cables":"3","name":"","operator":"","ref":""},"geometry":{"type":"LineString","coordinates":[[24.951626,41.658149],[24.951673,41.657779]]}},{"type":"Feature","properties":{"osm_id":1442592473,"voltage":"110000","circuits":"1","cables":"3","name":"","operator":"","ref":""},"geometry":{"type":"LineString","coordinates":[[24.79938,41.748493],[24.799635,41.748433]]}},{"type":"Feature","properties":{"osm_id":1442592474,"voltage":"110000","circuits":"1","cables":"3","name":"","operator":"","ref":""},"geometry":{"type":"LineString","coordinates":[[24.799394,41.748391],[24.799635,41.748433]]}},{"type":"Feature","properties":{"osm_id":1442592475,"voltage":"110000","circuits":"1","cables":"3","name":"","operator":"","ref":""},"geometry":{"type":"LineString","coordinates":[[24.79967,41.748704],[24.799363,41.74862]]}},{"type":"Feature","properties":{"osm_id":1442595622,"voltage":"110000","circuits":"1","cables":"3","name":"","operator":"","ref":""},"geometry":{"type":"LineString","coordinates":[[25.405204,41.632927],[25.406643,41.631747]]}},{"type":"Feature","properties":{"osm_id":1442595623,"voltage":"110000","circuits":"1","cables":"3","name":"","operator":"","ref":""},"geometry":{"type":"LineString","coordinates":[[25.406551,41.631684],[25.405112,41.632344]]}},{"type":"Feature","properties":{"osm_id":1442595624,"voltage":"110000","circuits":"1","cables":"3","name":"","operator":"","ref":""},"geometry":{"type":"LineString","coordinates":[[25.405112,41.632344],[25.403908,41.632204],[25.400611,41.632648]]}},{"type":"Feature","properties":{"osm_id":1442595625,"voltage":"110000","circuits":"1","cables":"3","name":"","operator":"","ref":""},"geometry":{"type":"LineString","coordinates":[[25.406585,41.631521],[25.406551,41.631684]]}},{"type":"Feature","properties":{"osm_id":1442595626,"voltage":"110000","circuits":"1","cables":"3","name":"","operator":"","ref":""},"geometry":{"type":"LineString","coordinates":[[25.406643,41.631747],[25.406801,41.631525]]}},{"type":"Feature","properties":{"osm_id":1442595627,"voltage":"110000","circuits":"1","cables":"3","name":"","operator":"","ref":""},"geometry":{"type":"LineString","coordinates":[[25.395054,41.658072],[25.395011,41.657703]]}},{"type":"Feature","properties":{"osm_id":1442595628,"voltage":"110000","circuits":"1","cables":"3","name":"","operator":"","ref":""},"geometry":{"type":"LineString","coordinates":[[25.395276,41.65804],[25.395113,41.65777]]}},{"type":"Feature","properties":{"osm_id":1442595629,"voltage":"110000","circuits":"1","cables":"3","name":"","operator":"","ref":""},"geometry":{"type":"LineString","coordinates":[[25.395499,41.658007],[25.395385,41.657723]]}},{"type":"Feature","properties":{"osm_id":1442595630,"voltage":"110000","circuits":"1","cables":"3","name":"","operator":"","ref":""},"geometry":{"type":"LineString","coordinates":[[25.395385,41.657723],[25.395371,41.658026]]}},{"type":"Feature","properties":{"osm_id":1442595631,"voltage":"110000","circuits":"1","cables":"3","name":"","operator":"","ref":""},"geometry":{"type":"LineString","coordinates":[[25.39517,41.658055],[25.395113,41.65777]]}},{"type":"Feature","properties":{"osm_id":1442595632,"voltage":"110000","circuits":"1","cables":"3","name":"","operator":"","ref":""},"geometry":{"type":"LineString","coordinates":[[25.395011,41.657703],[25.394958,41.658086]]}},{"type":"Feature","properties":{"osm_id":1442595633,"voltage":"110000","circuits":"1","cables":"3","name":"","operator":"","ref":""},"geometry":{"type":"LineString","coordinates":[[25.406916,41.631536],[25.406949,41.631742],[25.407204,41.632077]]}},{"type":"Feature","properties":{"osm_id":1442595634,"voltage":"110000","circuits":"1","cables":"3","name":"","operator":"","ref":""},"geometry":{"type":"LineString","coordinates":[[25.394758,41.658116],[25.394731,41.657831]]}},{"type":"Feature","properties":{"osm_id":1442595635,"voltage":"110000","circuits":"1","cables":"3","name":"","operator":"","ref":""},"geometry":{"type":"LineString","coordinates":[[25.394647,41.658131],[25.394731,41.657831]]}},{"type":"Feature","properties":{"osm_id":1442595636,"voltage":"110000","circuits":"1","cables":"3","name":"","operator":"","ref":""},"geometry":{"type":"LineString","coordinates":[[25.393567,41.626105],[25.395749,41.626303],[25.396973,41.626651],[25.398165,41.627235],[25.398954,41.63065],[25.400611,41.632648]]}},{"type":"Feature","properties":{"osm_id":1442595637,"voltage":"110000","circuits":"1","cables":"3","name":"","operator":"","ref":""},"geometry":{"type":"LineString","coordinates":[[25.377365,41.627733],[25.377788,41.62755],[25.382056,41.627653],[25.385227,41.627594],[25.38815,41.627076],[25.391407,41.626497],[25.392585,41.626299],[25.393567,41.626105]]}},{"type":"Feature","properties":{"osm_id":1442595638,"voltage":"110000","circuits":"1","cables":"3","name":"","operator":"","ref":""},"geometry":{"type":"LineString","coordinates":[[25.361045,41.62359],[25.361171,41.623726],[25.363733,41.626189],[25.3674,41.627036],[25.371326,41.628533],[25.374049,41.627687],[25.376296,41.627615],[25.377731,41.627407],[25.377357,41.62757]]}},{"type":"Feature","properties":{"osm_id":1442599507,"voltage":"110000","circuits":"1","cables":"3","name":"","operator":"","ref":""},"geometry":{"type":"LineString","coordinates":[[25.39151,41.55616],[25.392323,41.553185],[25.394561,41.552045],[25.399056,41.550783]]}},{"type":"Feature","properties":{"osm_id":1442599509,"voltage":"110000","circuits":"1","cables":"3","name":"","operator":"","ref":""},"geometry":{"type":"LineString","coordinates":[[25.399056,41.550783],[25.400012,41.548771],[25.399854,41.547801],[25.399691,41.545224],[25.39906,41.543134],[25.398846,41.541917],[25.398364,41.539044],[25.397969,41.538756]]}},{"type":"Feature","properties":{"osm_id":1442599511,"voltage":"110000","circuits":"1","cables":"3","name":"","operator":"","ref":""},"geometry":{"type":"LineString","coordinates":[[25.398107,41.538627],[25.398808,41.539032],[25.403776,41.53926]]}},{"type":"Feature","properties":{"osm_id":1442600648,"voltage":"110000","circuits":"1","cables":"3","name":"","operator":"","ref":""},"geometry":{"type":"LineString","coordinates":[[25.338315,41.633212],[25.338543,41.632901]]}},{"type":"Feature","properties":{"osm_id":1442600649,"voltage":"110000","circuits":"1","cables":"3","name":"","operator":"","ref":""},"geometry":{"type":"LineString","coordinates":[[25.33821,41.633177],[25.338543,41.632901]]}},{"type":"Feature","properties":{"osm_id":1442600650,"voltage":"110000","circuits":"1","cables":"3","name":"","operator":"","ref":""},"geometry":{"type":"LineString","coordinates":[[25.338624,41.632779],[25.338543,41.632901]]}},{"type":"Feature","properties":{"osm_id":1442600651,"voltage":"110000","circuits":"1","cables":"3","name":"","operator":"","ref":""},"geometry":{"type":"LineString","coordinates":[[25.338543,41.632901],[25.338537,41.632742]]}},{"type":"Feature","properties":{"osm_id":1442600652,"voltage":"110000","circuits":"1","cables":"3","name":"","operator":"","ref":""},"geometry":{"type":"LineString","coordinates":[[25.338114,41.633489],[25.337984,41.633549]]}},{"type":"Feature","properties":{"osm_id":1442600653,"voltage":"110000","circuits":"1","cables":"3","name":"","operator":"","ref":""},"geometry":{"type":"LineString","coordinates":[[25.337994,41.633449],[25.337984,41.633549]]}},{"type":"Feature","properties":{"osm_id":1442773223,"voltage":"110000","circuits":"1","cables":"3","name":"","operator":"","ref":""},"geometry":{"type":"LineString","coordinates":[[23.078624,42.604478],[23.078669,42.604356],[23.079422,42.604327],[23.08311,42.604313],[23.086063,42.604153],[23.088824,42.603959],[23.090743,42.604536],[23.093106,42.604421],[23.102462,42.603982],[23.10465,42.603878],[23.106933,42.603194],[23.109275,42.60307],[23.111718,42.602953],[23.113197,42.602866],[23.11601,42.602191],[23.118593,42.601572],[23.121308,42.601748],[23.121526,42.601844]]}},{"type":"Feature","properties":{"osm_id":1442775444,"voltage":"110000","circuits":"1","cables":"3","name":"","operator":"","ref":""},"geometry":{"type":"LineString","coordinates":[[23.09751,42.582415],[23.092213,42.582042],[23.088455,42.581186],[23.085408,42.5825],[23.083214,42.583448],[23.079003,42.585229]]}},{"type":"Feature","properties":{"osm_id":1442775445,"voltage":"110000","circuits":"","cables":"","name":"","operator":"","ref":""},"geometry":{"type":"LineString","coordinates":[[23.077818,42.582717],[23.078649,42.584996]]}},{"type":"Feature","properties":{"osm_id":1442775447,"voltage":"110000","circuits":"","cables":"","name":"","operator":"","ref":""},"geometry":{"type":"LineString","coordinates":[[23.078695,42.585099],[23.082986,42.583262],[23.085719,42.582107],[23.088616,42.58089],[23.092543,42.581852],[23.096931,42.582253],[23.098074,42.579861],[23.099071,42.577961],[23.100413,42.575204],[23.101767,42.572439],[23.10288,42.570128],[23.1063,42.568022],[23.109033,42.56638],[23.112198,42.564298],[23.11495,42.562504],[23.116626,42.562868],[23.12054,42.56371],[23.122428,42.56413],[23.127594,42.565288],[23.130413,42.565823],[23.133318,42.566471]]}},{"type":"Feature","properties":{"osm_id":1442971663,"voltage":"110000","circuits":"1","cables":"3","name":"","operator":"","ref":""},"geometry":{"type":"LineString","coordinates":[[24.85847,42.016076],[24.858036,42.015915]]}},{"type":"Feature","properties":{"osm_id":1442971664,"voltage":"110000","circuits":"1","cables":"3","name":"","operator":"","ref":""},"geometry":{"type":"LineString","coordinates":[[24.858564,42.015935],[24.858036,42.015915]]}},{"type":"Feature","properties":{"osm_id":1442971666,"voltage":"110000","circuits":"2","cables":"6","name":"","operator":"","ref":""},"geometry":{"type":"LineString","coordinates":[[24.853988,42.015817],[24.852592,42.01884],[24.851943,42.020291],[24.851085,42.022267]]}},{"type":"Feature","properties":{"osm_id":1442971667,"voltage":"110000","circuits":"","cables":"3","name":"","operator":"","ref":""},"geometry":{"type":"LineString","coordinates":[[24.874077,42.02899],[24.873837,42.028977]]}},{"type":"Feature","properties":{"osm_id":1442971668,"voltage":"110000","circuits":"","cables":"3","name":"","operator":"","ref":""},"geometry":{"type":"LineString","coordinates":[[24.873837,42.028977],[24.874077,42.028908]]}},{"type":"Feature","properties":{"osm_id":1442971669,"voltage":"110000","circuits":"1","cables":"3","name":"","operator":"","ref":""},"geometry":{"type":"LineString","coordinates":[[24.858615,42.015852],[24.858227,42.015763],[24.857443,42.015553]]}},{"type":"Feature","properties":{"osm_id":1443189388,"voltage":"110000","circuits":"","cables":"","name":"","operator":"","ref":""},"geometry":{"type":"LineString","coordinates":[[25.21317,42.099587],[25.213194,42.099857],[25.213322,42.101658],[25.213474,42.104156],[25.213552,42.106289],[25.213958,42.107531]]}},{"type":"Feature","properties":{"osm_id":1443189389,"voltage":"110000","circuits":"1","cables":"3","name":"","operator":"","ref":""},"geometry":{"type":"LineString","coordinates":[[25.010648,42.228538],[25.010755,42.228752]]}},{"type":"Feature","properties":{"osm_id":1443189390,"voltage":"110000","circuits":"1","cables":"3","name":"","operator":"","ref":""},"geometry":{"type":"LineString","coordinates":[[25.014255,42.227206],[25.013993,42.227476],[25.010755,42.228752]]}},{"type":"Feature","properties":{"osm_id":1443189391,"voltage":"110000","circuits":"","cables":"3","name":"","operator":"","ref":""},"geometry":{"type":"LineString","coordinates":[[25.010648,42.228538],[25.013856,42.227368],[25.014127,42.227106]]}},{"type":"Feature","properties":{"osm_id":1443189392,"voltage":"110000","circuits":"2","cables":"6","name":"","operator":"","ref":""},"geometry":{"type":"LineString","coordinates":[[24.786589,42.097832],[24.790123,42.097078],[24.794414,42.096161]]}},{"type":"Feature","properties":{"osm_id":1443189394,"voltage":"110000","circuits":"1","cables":"3","name":"","operator":"","ref":""},"geometry":{"type":"LineString","coordinates":[[24.794414,42.096161],[24.798148,42.095854],[24.801504,42.09557],[24.804906,42.095485],[24.808327,42.093983],[24.811761,42.092456],[24.812024,42.092626]]}},{"type":"Feature","properties":{"osm_id":1443192543,"voltage":"110000","circuits":"1","cables":"3","name":"","operator":"","ref":""},"geometry":{"type":"LineString","coordinates":[[24.885724,42.580056],[24.886202,42.580121],[24.890505,42.580664],[24.893509,42.581042],[24.894958,42.582612],[24.896593,42.584411],[24.898303,42.586295],[24.897959,42.587486],[24.897267,42.590087],[24.896522,42.592765],[24.895937,42.594917],[24.893147,42.595821],[24.889728,42.596976],[24.885892,42.598269],[24.88204,42.599557],[24.878022,42.600909],[24.874578,42.602052],[24.870515,42.603438],[24.866556,42.604753],[24.862597,42.60608],[24.858729,42.607365],[24.854457,42.60881],[24.851005,42.609953],[24.84763,42.611272],[24.844508,42.612486],[24.840978,42.613871],[24.83758,42.615176],[24.834254,42.616507],[24.83063,42.617909],[24.827203,42.619256],[24.824172,42.620436],[24.820696,42.621782],[24.817659,42.622978],[24.815396,42.623859],[24.813206,42.624735],[24.813053,42.625172]]}},{"type":"Feature","properties":{"osm_id":1443192544,"voltage":"110000","circuits":"1","cables":"3","name":"","operator":"","ref":""},"geometry":{"type":"LineString","coordinates":[[24.865346,42.380091],[24.865633,42.380094],[24.868935,42.379949],[24.872234,42.379813],[24.873901,42.381946],[24.871751,42.384391],[24.869286,42.387202],[24.866966,42.389774],[24.866075,42.39264],[24.865145,42.395621],[24.864284,42.398461],[24.863302,42.401466],[24.862381,42.404459],[24.861454,42.407382],[24.860834,42.409399],[24.860472,42.41059],[24.859551,42.413525],[24.858624,42.416501],[24.857955,42.418631],[24.858163,42.420591],[24.858473,42.423783],[24.858758,42.426439],[24.859115,42.429924],[24.859485,42.433373],[24.859828,42.436646],[24.860113,42.439325],[24.860434,42.442274],[24.860727,42.445147],[24.861383,42.451121],[24.861654,42.453733],[24.861972,42.456399],[24.862189,42.458637],[24.862496,42.461536],[24.862792,42.464482],[24.863044,42.466701],[24.863368,42.4695],[24.863598,42.471705],[24.862619,42.474606],[24.862054,42.47626],[24.861141,42.478906],[24.860578,42.480561],[24.859235,42.484453],[24.858734,42.486081],[24.857875,42.488558],[24.857,42.491254],[24.85513,42.496739],[24.854319,42.499236],[24.853101,42.502883],[24.849654,42.505629],[24.847762,42.507163],[24.845867,42.508687],[24.843051,42.510925],[24.839713,42.513557],[24.836118,42.516458],[24.83413,42.518054],[24.831914,42.519801],[24.829394,42.52184],[24.82694,42.523821],[24.82434,42.525884],[24.821757,42.527958],[24.819221,42.529999],[24.817623,42.531724],[24.816133,42.53509],[24.814926,42.537827],[24.813775,42.540357],[24.812456,42.543337],[24.811353,42.545789],[24.810026,42.548723],[24.808985,42.551134],[24.80792,42.553493],[24.806598,42.556431],[24.805917,42.557964],[24.806504,42.561805],[24.806981,42.564984],[24.807507,42.568374],[24.807971,42.571421],[24.808408,42.574199],[24.808875,42.577313],[24.809393,42.580712],[24.809994,42.584723],[24.810345,42.587074],[24.810857,42.590324],[24.811257,42.593002],[24.811689,42.595778],[24.812091,42.598447],[24.812209,42.601527],[24.812346,42.604733],[24.812467,42.608123],[24.812598,42.611465],[24.812719,42.614698],[24.81285,42.618113],[24.812971,42.621445],[24.813056,42.624601],[24.812945,42.625151]]}},{"type":"Feature","properties":{"osm_id":1443192545,"voltage":"110000","circuits":"1","cables":"3","name":"","operator":"","ref":""},"geometry":{"type":"LineString","coordinates":[[24.785706,42.625964],[24.787039,42.625193],[24.790239,42.625063],[24.793654,42.624905],[24.797191,42.624757],[24.800625,42.624609],[24.803835,42.624487],[24.807075,42.624345],[24.811184,42.624565],[24.812458,42.624658],[24.812517,42.625067]]}},{"type":"Feature","properties":{"osm_id":1443431139,"voltage":"110000","circuits":"2","cables":"6","name":"","operator":"","ref":""},"geometry":{"type":"LineString","coordinates":[[25.984361,42.130409],[25.985649,42.130073],[25.986305,42.12962],[25.98798,42.130326],[25.99079,42.131388],[25.99704,42.131166],[25.999929,42.130998],[26.004808,42.130778],[26.007508,42.130639]]}},{"type":"Feature","properties":{"osm_id":1443554415,"voltage":"110000","circuits":"1","cables":"3","name":"","operator":"","ref":""},"geometry":{"type":"LineString","coordinates":[[26.092863,42.155384],[26.09524,42.157037],[26.098068,42.159032],[26.100654,42.160831],[26.102984,42.162497]]}},{"type":"Feature","properties":{"osm_id":1443554449,"voltage":"110000","circuits":"1","cables":"3","name":"","operator":"","ref":""},"geometry":{"type":"LineString","coordinates":[[25.945505,42.18648],[25.946913,42.18574],[25.947596,42.185353]]}},{"type":"Feature","properties":{"osm_id":1443554460,"voltage":"110000","circuits":"1","cables":"3","name":"","operator":"","ref":""},"geometry":{"type":"LineString","coordinates":[[26.00022,42.149686],[26.000583,42.149648]]}},{"type":"Feature","properties":{"osm_id":1443554461,"voltage":"110000","circuits":"1","cables":"3","name":"","operator":"","ref":""},"geometry":{"type":"LineString","coordinates":[[25.997274,42.150255],[25.999745,42.149318],[26.000583,42.149648]]}},{"type":"Feature","properties":{"osm_id":1443554465,"voltage":"110000","circuits":"1","cables":"3","name":"","operator":"","ref":""},"geometry":{"type":"LineString","coordinates":[[25.99946,42.149813],[25.99927,42.149828],[25.997312,42.150489],[25.994395,42.150831],[25.99244,42.151072],[25.99008,42.151378],[25.987802,42.152006],[25.986008,42.152506],[25.982666,42.153426],[25.979544,42.152132],[25.977645,42.152569],[25.974944,42.153176],[25.972581,42.153742],[25.970357,42.154488],[25.966983,42.155379],[25.96476,42.155959],[25.961157,42.156902],[25.957915,42.157755],[25.955533,42.157916],[25.952698,42.158091],[25.952295,42.160028],[25.95174,42.162741],[25.9514,42.164841],[25.950211,42.16726],[25.949407,42.168859],[25.948787,42.170144],[25.947902,42.171864],[25.946553,42.174472],[25.947591,42.176426],[25.948677,42.178679],[25.949694,42.181121],[25.950777,42.183316],[25.949621,42.185073],[25.948917,42.185369],[25.948665,42.185471]]}},{"type":"Feature","properties":{"osm_id":1443555729,"voltage":"220000","circuits":"1","cables":"3","name":"","operator":"","ref":""},"geometry":{"type":"LineString","coordinates":[[26.07922,42.222285],[26.079392,42.225518],[26.081699,42.229379],[26.083388,42.232176],[26.084172,42.235242],[26.084901,42.237962],[26.085255,42.2394],[26.086543,42.241215],[26.088342,42.243894],[26.090048,42.246428],[26.093747,42.248995],[26.097492,42.251587],[26.101306,42.25422],[26.104892,42.254997],[26.108392,42.255769],[26.114065,42.257046],[26.117933,42.257864],[26.121849,42.258781],[26.126585,42.259837],[26.133683,42.261365],[26.134948,42.258958],[26.134648,42.257559]]}},{"type":"Feature","properties":{"osm_id":1443559089,"voltage":"110000","circuits":"1","cables":"3","name":"","operator":"","ref":""},"geometry":{"type":"LineString","coordinates":[[26.078896,42.2255],[26.080436,42.228371],[26.081642,42.230506],[26.082268,42.231598]]}},{"type":"Feature","properties":{"osm_id":1443559090,"voltage":"110000","circuits":"1","cables":"3","name":"","operator":"","ref":""},"geometry":{"type":"LineString","coordinates":[[26.078896,42.2255],[26.0791,42.225608],[26.080505,42.225802],[26.082182,42.225993],[26.08254,42.225988]]}},{"type":"Feature","properties":{"osm_id":1443559091,"voltage":"110000","circuits":"1","cables":"3","name":"","operator":"","ref":""},"geometry":{"type":"LineString","coordinates":[[26.139604,42.256198],[26.139445,42.256862]]}},{"type":"Feature","properties":{"osm_id":1443570825,"voltage":"110000","circuits":"1","cables":"3","name":"","operator":"","ref":""},"geometry":{"type":"LineString","coordinates":[[26.09144,42.248175],[26.089136,42.246476],[26.087702,42.244046],[26.085922,42.241303],[26.084383,42.238976],[26.083796,42.236199],[26.083295,42.234656],[26.082754,42.232944]]}},{"type":"Feature","properties":{"osm_id":1443570826,"voltage":"110000","circuits":"1","cables":"3","name":"","operator":"","ref":""},"geometry":{"type":"LineString","coordinates":[[26.07924,42.230624],[26.077526,42.230367],[26.075357,42.229976],[26.074513,42.229678],[26.071767,42.229846],[26.069173,42.229958],[26.066308,42.230136],[26.064831,42.228872],[26.062419,42.226873],[26.060649,42.225379],[26.058455,42.223546],[26.057838,42.222671]]}},{"type":"Feature","properties":{"osm_id":1443570827,"voltage":"110000","circuits":"1","cables":"3","name":"","operator":"","ref":""},"geometry":{"type":"LineString","coordinates":[[26.11383,42.255092],[26.113754,42.255299],[26.114393,42.256811],[26.114192,42.257319]]}},{"type":"Feature","properties":{"osm_id":1443570828,"voltage":"110000","circuits":"1","cables":"3","name":"","operator":"","ref":""},"geometry":{"type":"LineString","coordinates":[[26.113692,42.255052],[26.113573,42.255251],[26.11389,42.256688],[26.113813,42.257399]]}},{"type":"Feature","properties":{"osm_id":1443570831,"voltage":"110000","circuits":"1","cables":"3","name":"","operator":"","ref":""},"geometry":{"type":"LineString","coordinates":[[26.092837,42.24696],[26.092624,42.245079],[26.091045,42.243283],[26.089995,42.242047],[26.090338,42.241947]]}},{"type":"Feature","properties":{"osm_id":1443647741,"voltage":"110000","circuits":"1","cables":"3","name":"","operator":"","ref":""},"geometry":{"type":"LineString","coordinates":[[25.326029,42.891042],[25.325789,42.891064]]}},{"type":"Feature","properties":{"osm_id":1443647742,"voltage":"110000","circuits":"1","cables":"3","name":"","operator":"","ref":""},"geometry":{"type":"LineString","coordinates":[[25.325789,42.891064],[25.32614,42.891175]]}},{"type":"Feature","properties":{"osm_id":1443647743,"voltage":"110000","circuits":"1","cables":"3","name":"","operator":"","ref":""},"geometry":{"type":"LineString","coordinates":[[25.326513,42.891329],[25.326917,42.891309],[25.326418,42.890491]]}},{"type":"Feature","properties":{"osm_id":1443647744,"voltage":"110000","circuits":"1","cables":"3","name":"","operator":"","ref":""},"geometry":{"type":"LineString","coordinates":[[25.326106,42.890894],[25.326418,42.890491]]}},{"type":"Feature","properties":{"osm_id":1443669564,"voltage":"110000","circuits":"1","cables":"3","name":"","operator":"","ref":""},"geometry":{"type":"LineString","coordinates":[[25.537893,43.086627],[25.537876,43.087056]]}},{"type":"Feature","properties":{"osm_id":1443669565,"voltage":"110000","circuits":"1","cables":"3","name":"","operator":"","ref":""},"geometry":{"type":"LineString","coordinates":[[25.537766,43.086636],[25.537876,43.087056]]}},{"type":"Feature","properties":{"osm_id":1443669566,"voltage":"110000","circuits":"1","cables":"3","name":"","operator":"","ref":""},"geometry":{"type":"LineString","coordinates":[[25.537877,43.085528],[25.538141,43.085615],[25.538027,43.085743]]}},{"type":"Feature","properties":{"osm_id":1443669567,"voltage":"110000","circuits":"1","cables":"3","name":"","operator":"","ref":""},"geometry":{"type":"LineString","coordinates":[[25.537877,43.085528],[25.537956,43.085705]]}},{"type":"Feature","properties":{"osm_id":1443669568,"voltage":"110000","circuits":"2","cables":"6","name":"","operator":"","ref":""},"geometry":{"type":"LineString","coordinates":[[25.567225,43.066726],[25.570556,43.069115]]}},{"type":"Feature","properties":{"osm_id":1443669569,"voltage":"110000","circuits":"1","cables":"3","name":"","operator":"","ref":""},"geometry":{"type":"LineString","coordinates":[[25.537568,43.085548],[25.537651,43.085697]]}},{"type":"Feature","properties":{"osm_id":1443669570,"voltage":"110000","circuits":"1","cables":"3","name":"","operator":"","ref":""},"geometry":{"type":"LineString","coordinates":[[25.537745,43.085691],[25.537568,43.085548]]}},{"type":"Feature","properties":{"osm_id":1443669571,"voltage":"400000","circuits":"1","cables":"1","name":"Родина","operator":"Електроенергиен системен оператор ЕАД","ref":""},"geometry":{"type":"LineString","coordinates":[[25.531514,43.089499],[25.534424,43.088749],[25.534381,43.087393]]}},{"type":"Feature","properties":{"osm_id":1443669572,"voltage":"110000","circuits":"","cables":"","name":"","operator":"","ref":""},"geometry":{"type":"LineString","coordinates":[[25.601431,43.057094],[25.600994,43.057002]]}},{"type":"Feature","properties":{"osm_id":1443669573,"voltage":"110000","circuits":"","cables":"3","name":"","operator":"","ref":""},"geometry":{"type":"LineString","coordinates":[[25.570625,43.069343],[25.570556,43.069115]]}},{"type":"Feature","properties":{"osm_id":1443669575,"voltage":"110000","circuits":"1","cables":"3","name":"","operator":"","ref":""},"geometry":{"type":"LineString","coordinates":[[25.487916,42.988575],[25.488059,42.988886]]}},{"type":"Feature","properties":{"osm_id":1443669576,"voltage":"110000","circuits":"1","cables":"3","name":"","operator":"","ref":""},"geometry":{"type":"LineString","coordinates":[[25.487792,42.988583],[25.488059,42.988886]]}},{"type":"Feature","properties":{"osm_id":1443669577,"voltage":"110000","circuits":"1","cables":"3","name":"","operator":"","ref":""},"geometry":{"type":"LineString","coordinates":[[25.487582,42.988588],[25.487731,42.988888]]}},{"type":"Feature","properties":{"osm_id":1443669578,"voltage":"110000","circuits":"1","cables":"3","name":"","operator":"","ref":""},"geometry":{"type":"LineString","coordinates":[[25.487697,42.988584],[25.487731,42.988888]]}},{"type":"Feature","properties":{"osm_id":1443669580,"voltage":"220000","circuits":"1","cables":"1","name":"Янтра","operator":"","ref":""},"geometry":{"type":"LineString","coordinates":[[25.375613,42.929691],[25.37322,42.927968],[25.368049,42.924223],[25.365828,42.922604]]}},{"type":"Feature","properties":{"osm_id":1443669581,"voltage":"220000","circuits":"1","cables":"3","name":"Янтра","operator":"","ref":""},"geometry":{"type":"LineString","coordinates":[[25.403208,42.950139],[25.39744,42.94619],[25.393943,42.943725],[25.392118,42.942008],[25.389941,42.939968],[25.386955,42.937792],[25.385122,42.936552],[25.38182,42.934172],[25.378745,42.931946],[25.375613,42.929691]]}},{"type":"Feature","properties":{"osm_id":1443669582,"voltage":"220000","circuits":"1","cables":"1","name":"Янтра","operator":"","ref":""},"geometry":{"type":"LineString","coordinates":[[25.414247,42.957859],[25.411034,42.955684],[25.405664,42.951962],[25.403208,42.950139]]}},{"type":"Feature","properties":{"osm_id":1443669583,"voltage":"220000","circuits":"1","cables":"3","name":"Янтра","operator":"","ref":""},"geometry":{"type":"LineString","coordinates":[[25.428103,42.967608],[25.423584,42.96439],[25.421261,42.962678],[25.419757,42.961658],[25.417814,42.960282],[25.416114,42.959146],[25.414247,42.957859]]}},{"type":"Feature","properties":{"osm_id":1443670169,"voltage":"110000","circuits":"1","cables":"3","name":"","operator":"","ref":""},"geometry":{"type":"LineString","coordinates":[[25.66494,43.142537],[25.665061,43.142861]]}},{"type":"Feature","properties":{"osm_id":1443886206,"voltage":"110000","circuits":"1","cables":"3","name":"","operator":"","ref":""},"geometry":{"type":"LineString","coordinates":[[24.698658,43.145938],[24.698476,43.146513]]}},{"type":"Feature","properties":{"osm_id":1443886207,"voltage":"110000","circuits":"1","cables":"3","name":"","operator":"","ref":""},"geometry":{"type":"LineString","coordinates":[[24.698376,43.146002],[24.698476,43.146513]]}},{"type":"Feature","properties":{"osm_id":1444671786,"voltage":"110000","circuits":"1","cables":"3","name":"","operator":"","ref":""},"geometry":{"type":"LineString","coordinates":[[23.502181,41.83268],[23.502848,41.832652]]}},{"type":"Feature","properties":{"osm_id":1444671787,"voltage":"110000","circuits":"1","cables":"3","name":"","operator":"","ref":""},"geometry":{"type":"LineString","coordinates":[[23.502848,41.832652],[23.502201,41.832784]]}},{"type":"Feature","properties":{"osm_id":1444671788,"voltage":"110000","circuits":"1","cables":"3","name":"","operator":"","ref":""},"geometry":{"type":"LineString","coordinates":[[23.103497,41.96477],[23.104006,41.964941]]}},{"type":"Feature","properties":{"osm_id":1444671789,"voltage":"110000","circuits":"1","cables":"3","name":"","operator":"","ref":""},"geometry":{"type":"LineString","coordinates":[[23.103443,41.964927],[23.104006,41.964941]]}},{"type":"Feature","properties":{"osm_id":1444671790,"voltage":"110000","circuits":"2","cables":"6","name":"","operator":"","ref":""},"geometry":{"type":"LineString","coordinates":[[23.102396,41.966848],[23.103629,41.965471]]}},{"type":"Feature","properties":{"osm_id":1444671791,"voltage":"110000","circuits":"1","cables":"3","name":"","operator":"","ref":""},"geometry":{"type":"LineString","coordinates":[[23.104188,41.998947],[23.1043,41.998557],[23.10763,41.99412],[23.106096,41.990954],[23.104125,41.988753],[23.101212,41.985478],[23.097323,41.981111],[23.094002,41.977353],[23.09372,41.977042],[23.095066,41.975658],[23.096952,41.973875],[23.098404,41.972173],[23.100977,41.969175],[23.104076,41.965562],[23.103603,41.965213],[23.103354,41.965153]]}},{"type":"Feature","properties":{"osm_id":1444671792,"voltage":"110000","circuits":"2","cables":"6","name":"","operator":"","ref":""},"geometry":{"type":"LineString","coordinates":[[23.191761,41.89839],[23.193,41.899954],[23.194758,41.902141],[23.198178,41.904887],[23.199217,41.905347],[23.203582,41.907355],[23.20752,41.9064],[23.212996,41.90509],[23.218339,41.903799],[23.220342,41.90332],[23.223352,41.902584],[23.225456,41.903036],[23.229771,41.903933],[23.232035,41.904409],[23.234897,41.903974],[23.236178,41.903777],[23.23819,41.904764],[23.239757,41.905539],[23.242277,41.905627],[23.245678,41.905741],[23.247447,41.905738],[23.249243,41.905726],[23.252712,41.905069],[23.254625,41.904702],[23.257409,41.904161],[23.25862,41.902973],[23.261349,41.902259],[23.264533,41.901423],[23.266715,41.900836],[23.269046,41.899648],[23.272036,41.900139],[23.27404,41.900467],[23.275661,41.900733],[23.277052,41.900131],[23.278808,41.899371],[23.282186,41.89792],[23.284007,41.897138],[23.285592,41.896693],[23.28851,41.895888],[23.289873,41.895134],[23.292401,41.895103],[23.295268,41.895065],[23.298782,41.895022],[23.302691,41.895124],[23.306528,41.895234],[23.309823,41.895325],[23.312194,41.895385],[23.313145,41.895918],[23.313635,41.896174],[23.316513,41.897801],[23.32002,41.896365],[23.322959,41.894853],[23.326118,41.89317],[23.327583,41.892439],[23.329513,41.891476],[23.330988,41.890604],[23.333062,41.88934],[23.334685,41.888303],[23.336002,41.887439],[23.34083,41.884128],[23.346527,41.88152],[23.348517,41.880613],[23.351038,41.88031],[23.353372,41.879978],[23.355888,41.879679],[23.360539,41.877973],[23.362942,41.877126],[23.364787,41.87647],[23.36678,41.876456],[23.377048,41.876361],[23.39008,41.876181],[23.393498,41.876156],[23.396707,41.875433],[23.405769,41.873342],[23.408491,41.872711],[23.412235,41.871842],[23.414974,41.871215],[23.418587,41.871321],[23.424144,41.871426],[23.428055,41.871506],[23.431966,41.871596],[23.435718,41.87168],[23.439712,41.871766],[23.443126,41.871826],[23.443814,41.870579],[23.444907,41.869479],[23.446497,41.86786],[23.449443,41.868179],[23.452408,41.868479],[23.455601,41.868808],[23.458626,41.869131],[23.462311,41.869508],[23.465532,41.869822],[23.468217,41.869421],[23.472161,41.868798],[23.475446,41.868285],[23.477526,41.867872],[23.479836,41.866367],[23.482104,41.864897],[23.484238,41.863507],[23.484778,41.861068],[23.485469,41.857962],[23.486172,41.854843],[23.486887,41.851612],[23.487438,41.849172],[23.489806,41.848183],[23.495144,41.845954],[23.497675,41.844862],[23.496736,41.842825],[23.497401,41.841154],[23.500459,41.839297],[23.503321,41.837527],[23.505854,41.835922],[23.504037,41.834008],[23.502848,41.832652]]}},{"type":"Feature","properties":{"osm_id":1444864535,"voltage":"110000","circuits":"1","cables":"3","name":"","operator":"","ref":""},"geometry":{"type":"LineString","coordinates":[[23.336318,41.628485],[23.339587,41.631123],[23.341877,41.632924],[23.344186,41.6348],[23.347068,41.63712],[23.349777,41.639329],[23.350271,41.642382]]}},{"type":"Feature","properties":{"osm_id":1444864536,"voltage":"110000","circuits":"1","cables":"3","name":"","operator":"","ref":""},"geometry":{"type":"LineString","coordinates":[[23.336318,41.628485],[23.333759,41.626691],[23.334024,41.626569]]}},{"type":"Feature","properties":{"osm_id":1444864538,"voltage":"110000","circuits":"1","cables":"3","name":"","operator":"","ref":""},"geometry":{"type":"LineString","coordinates":[[23.289996,41.585739],[23.289538,41.585845],[23.286731,41.583843],[23.284093,41.581964],[23.282667,41.580936],[23.280267,41.579223],[23.27849,41.57796],[23.275086,41.575541],[23.274244,41.57354],[23.271913,41.568032],[23.270188,41.563943],[23.26904,41.56123],[23.267717,41.558091],[23.26629,41.554726],[23.265429,41.5527],[23.26489,41.551391],[23.266685,41.549315],[23.268525,41.547204],[23.268983,41.546733]]}},{"type":"Feature","properties":{"osm_id":1444864540,"voltage":"110000","circuits":"1","cables":"3","name":"","operator":"","ref":""},"geometry":{"type":"LineString","coordinates":[[23.290054,41.585814],[23.289538,41.585845],[23.290821,41.587899],[23.291621,41.589184],[23.292413,41.590462],[23.293794,41.592714],[23.294831,41.594593],[23.296343,41.596432],[23.298212,41.598694],[23.29991,41.600725],[23.303314,41.603522],[23.306637,41.606236],[23.30975,41.608781],[23.313097,41.611487],[23.314737,41.61287],[23.318102,41.614606],[23.319676,41.615437],[23.320763,41.616013],[23.323328,41.617879],[23.325874,41.619842],[23.329543,41.622759],[23.333376,41.62595],[23.334077,41.626477]]}},{"type":"Feature","properties":{"osm_id":1445396400,"voltage":"110000","circuits":"1","cables":"3","name":"","operator":"","ref":""},"geometry":{"type":"LineString","coordinates":[[23.141806,42.131735],[23.141668,42.131597]]}},{"type":"Feature","properties":{"osm_id":1445396401,"voltage":"110000","circuits":"1","cables":"3","name":"","operator":"","ref":""},"geometry":{"type":"LineString","coordinates":[[23.141806,42.131735],[23.141571,42.131651]]}},{"type":"Feature","properties":{"osm_id":1445396402,"voltage":"110000","circuits":"1","cables":"3","name":"","operator":"","ref":""},"geometry":{"type":"LineString","coordinates":[[23.078306,42.006845],[23.077957,42.006707]]}},{"type":"Feature","properties":{"osm_id":1445396403,"voltage":"110000","circuits":"1","cables":"3","name":"","operator":"","ref":""},"geometry":{"type":"LineString","coordinates":[[23.078157,42.006922],[23.077957,42.006707]]}},{"type":"Feature","properties":{"osm_id":1445396404,"voltage":"110000","circuits":"2","cables":"6","name":"","operator":"","ref":""},"geometry":{"type":"LineString","coordinates":[[23.068479,42.01466],[23.069694,42.016761],[23.07115,42.019084],[23.072045,42.02006],[23.073584,42.021706]]}},{"type":"Feature","properties":{"osm_id":1445396405,"voltage":"110000","circuits":"1","cables":"3","name":"","operator":"","ref":""},"geometry":{"type":"LineString","coordinates":[[23.078408,42.00679],[23.078236,42.006599]]}},{"type":"Feature","properties":{"osm_id":1445396406,"voltage":"110000","circuits":"1","cables":"3","name":"","operator":"","ref":""},"geometry":{"type":"LineString","coordinates":[[23.078327,42.006834],[23.078236,42.006599]]}},{"type":"Feature","properties":{"osm_id":1445396407,"voltage":"110000","circuits":"2","cables":"6","name":"","operator":"","ref":""},"geometry":{"type":"LineString","coordinates":[[23.097079,41.972926],[23.097156,41.970709],[23.098408,41.968431],[23.100515,41.965658],[23.102396,41.966848]]}},{"type":"Feature","properties":{"osm_id":1445712476,"voltage":"110000","circuits":"1","cables":"3","name":"","operator":"","ref":""},"geometry":{"type":"LineString","coordinates":[[23.135907,42.250405],[23.135837,42.249922]]}},{"type":"Feature","properties":{"osm_id":1445712477,"voltage":"110000","circuits":"1","cables":"3","name":"","operator":"","ref":""},"geometry":{"type":"LineString","coordinates":[[23.084753,42.237247],[23.085111,42.236897],[23.086138,42.236785]]}},{"type":"Feature","properties":{"osm_id":1445712478,"voltage":"110000","circuits":"1","cables":"3","name":"","operator":"","ref":""},"geometry":{"type":"LineString","coordinates":[[23.086138,42.236785],[23.085277,42.236966],[23.084939,42.237351]]}},{"type":"Feature","properties":{"osm_id":1445712479,"voltage":"110000","circuits":"1","cables":"3","name":"","operator":"","ref":""},"geometry":{"type":"LineString","coordinates":[[23.136099,42.250252],[23.135837,42.249922]]}},{"type":"Feature","properties":{"osm_id":1445714605,"voltage":"110000","circuits":"1","cables":"3","name":"","operator":"","ref":""},"geometry":{"type":"LineString","coordinates":[[23.211813,42.122773],[23.212233,42.12269]]}},{"type":"Feature","properties":{"osm_id":1445966661,"voltage":"110000","circuits":"1","cables":"3","name":"","operator":"","ref":""},"geometry":{"type":"LineString","coordinates":[[23.491429,41.893191],[23.491323,41.892976],[23.491125,41.891672],[23.489382,41.890585],[23.488528,41.888765],[23.489031,41.887004],[23.489205,41.886801]]}},{"type":"Feature","properties":{"osm_id":1445966662,"voltage":"110000","circuits":"1","cables":"3","name":"","operator":"","ref":""},"geometry":{"type":"LineString","coordinates":[[23.489191,41.886402],[23.489458,41.885889],[23.4901,41.885137],[23.492806,41.884081],[23.495366,41.88308],[23.497142,41.882387],[23.498592,41.881823],[23.505004,41.879291],[23.507353,41.878396],[23.509901,41.877397],[23.512736,41.876299],[23.515396,41.875253],[23.517665,41.874373],[23.518618,41.873962]]}},{"type":"Feature","properties":{"osm_id":1445966663,"voltage":"110000","circuits":"1","cables":"3","name":"","operator":"","ref":""},"geometry":{"type":"LineString","coordinates":[[23.50212,41.832521],[23.503042,41.832352]]}},{"type":"Feature","properties":{"osm_id":1445966664,"voltage":"110000","circuits":"1","cables":"3","name":"","operator":"","ref":""},"geometry":{"type":"LineString","coordinates":[[23.503042,41.832352],[23.502035,41.832282]]}},{"type":"Feature","properties":{"osm_id":1446232871,"voltage":"110000","circuits":"1","cables":"3","name":"","operator":"","ref":""},"geometry":{"type":"LineString","coordinates":[[26.28889,42.63336],[26.288514,42.633584]]}},{"type":"Feature","properties":{"osm_id":1446232872,"voltage":"110000","circuits":"1","cables":"3","name":"","operator":"","ref":""},"geometry":{"type":"LineString","coordinates":[[26.288792,42.63328],[26.288514,42.633584]]}},{"type":"Feature","properties":{"osm_id":1446232873,"voltage":"110000","circuits":"1","cables":"3","name":"","operator":"","ref":""},"geometry":{"type":"LineString","coordinates":[[26.320312,42.675147],[26.320339,42.675324]]}},{"type":"Feature","properties":{"osm_id":1446232874,"voltage":"110000","circuits":"1","cables":"3","name":"","operator":"","ref":""},"geometry":{"type":"LineString","coordinates":[[26.320312,42.675147],[26.320437,42.67527]]}},{"type":"Feature","properties":{"osm_id":1446679970,"voltage":"110000","circuits":"1","cables":"3","name":"","operator":"","ref":""},"geometry":{"type":"LineString","coordinates":[[23.356032,43.031115],[23.356522,43.030369]]}},{"type":"Feature","properties":{"osm_id":1446679971,"voltage":"110000","circuits":"1","cables":"3","name":"","operator":"","ref":""},"geometry":{"type":"LineString","coordinates":[[23.355921,43.031125],[23.356522,43.030369]]}},{"type":"Feature","properties":{"osm_id":1446679972,"voltage":"110000","circuits":"2","cables":"6","name":"","operator":"","ref":""},"geometry":{"type":"LineString","coordinates":[[23.386268,43.028724],[23.385048,43.027223],[23.381334,43.022592],[23.382055,43.013583],[23.382451,43.008395],[23.382552,43.007068],[23.382648,43.00581],[23.382713,43.004963],[23.382573,43.004128],[23.382072,43.001118],[23.381776,42.999479],[23.381489,42.997889],[23.381249,42.996563],[23.380801,42.994079],[23.380533,42.992595],[23.380247,42.991011],[23.379935,42.989282],[23.379532,42.986865],[23.379368,42.985624],[23.378955,42.984051],[23.378648,42.982692],[23.378317,42.981229],[23.377339,42.976904],[23.376928,42.975088],[23.37639,42.972705],[23.375851,42.970324],[23.375516,42.968641]]}},{"type":"Feature","properties":{"osm_id":1446680922,"voltage":"110000","circuits":"1","cables":"3","name":"","operator":"","ref":""},"geometry":{"type":"LineString","coordinates":[[23.433579,43.690269],[23.433866,43.690175]]}},{"type":"Feature","properties":{"osm_id":1446680923,"voltage":"110000","circuits":"1","cables":"3","name":"","operator":"","ref":""},"geometry":{"type":"LineString","coordinates":[[23.49009,43.811486],[23.489671,43.811165]]}},{"type":"Feature","properties":{"osm_id":1446680924,"voltage":"110000","circuits":"1","cables":"3","name":"","operator":"","ref":""},"geometry":{"type":"LineString","coordinates":[[23.489729,43.811374],[23.489671,43.811165]]}},{"type":"Feature","properties":{"osm_id":1447082159,"voltage":"110000","circuits":"1","cables":"3","name":"","operator":"","ref":""},"geometry":{"type":"LineString","coordinates":[[26.990694,42.657179],[26.991441,42.657116],[26.992024,42.65726],[26.992969,42.660025]]}},{"type":"Feature","properties":{"osm_id":1447082160,"voltage":"110000","circuits":"1","cables":"3","name":"","operator":"","ref":""},"geometry":{"type":"LineString","coordinates":[[26.990678,42.656989],[26.991599,42.656962]]}},{"type":"Feature","properties":{"osm_id":1447082161,"voltage":"110000","circuits":"1","cables":"3","name":"","operator":"","ref":""},"geometry":{"type":"LineString","coordinates":[[26.990683,42.657052],[26.991599,42.656962]]}},{"type":"Feature","properties":{"osm_id":1447082162,"voltage":"110000","circuits":"1","cables":"3","name":"","operator":"","ref":""},"geometry":{"type":"LineString","coordinates":[[26.982268,42.672354],[26.981596,42.672054]]}},{"type":"Feature","properties":{"osm_id":1447082163,"voltage":"110000","circuits":"1","cables":"3","name":"","operator":"","ref":""},"geometry":{"type":"LineString","coordinates":[[26.981714,42.671921],[26.982268,42.672354]]}},{"type":"Feature","properties":{"osm_id":1447082165,"voltage":"110000","circuits":"1","cables":"3","name":"","operator":"","ref":""},"geometry":{"type":"LineString","coordinates":[[26.990681,42.656811],[26.991625,42.65666],[26.993836,42.656314],[26.997217,42.655809],[27.000437,42.655261],[27.004067,42.65462],[27.006717,42.654154],[27.007086,42.654093]]}},{"type":"Feature","properties":{"osm_id":1447082166,"voltage":"110000","circuits":"1","cables":"3","name":"","operator":"","ref":""},"geometry":{"type":"LineString","coordinates":[[26.990683,42.656723],[26.991619,42.656487]]}},{"type":"Feature","properties":{"osm_id":1447082167,"voltage":"110000","circuits":"1","cables":"3","name":"","operator":"","ref":""},"geometry":{"type":"LineString","coordinates":[[26.991619,42.656487],[26.990661,42.656574]]}},{"type":"Feature","properties":{"osm_id":1447661484,"voltage":"110000","circuits":"1","cables":"3","name":"","operator":"","ref":""},"geometry":{"type":"LineString","coordinates":[[24.773119,42.370035],[24.772063,42.370051]]}},{"type":"Feature","properties":{"osm_id":1447661485,"voltage":"110000","circuits":"1","cables":"3","name":"","operator":"","ref":""},"geometry":{"type":"LineString","coordinates":[[24.772931,42.369565],[24.771903,42.369644]]}},{"type":"Feature","properties":{"osm_id":1447661486,"voltage":"110000","circuits":"1","cables":"3","name":"","operator":"","ref":""},"geometry":{"type":"LineString","coordinates":[[24.771903,42.369644],[24.772959,42.369635]]}},{"type":"Feature","properties":{"osm_id":1447661487,"voltage":"110000","circuits":"1","cables":"3","name":"","operator":"","ref":""},"geometry":{"type":"LineString","coordinates":[[24.772063,42.370051],[24.773023,42.369794]]}},{"type":"Feature","properties":{"osm_id":1447661488,"voltage":"110000","circuits":"1","cables":"3","name":"","operator":"","ref":""},"geometry":{"type":"LineString","coordinates":[[24.81519,42.536309],[24.814607,42.537532],[24.813301,42.540455],[24.811988,42.543457],[24.810954,42.545741],[24.810068,42.547747],[24.808817,42.550597],[24.807746,42.552954],[24.806042,42.556729],[24.805599,42.557685],[24.806213,42.561826],[24.80665,42.564977],[24.807194,42.568405],[24.807704,42.571732],[24.808145,42.574632],[24.808641,42.57748],[24.809056,42.580547],[24.809698,42.584658],[24.810023,42.58684],[24.81043,42.58948],[24.810881,42.592427],[24.811332,42.595379],[24.811792,42.59839],[24.81191,42.601523],[24.812031,42.604573],[24.812157,42.607559],[24.812232,42.610293],[24.812345,42.61312],[24.812457,42.616155],[24.81256,42.619098],[24.812673,42.621941],[24.812767,42.624676],[24.812741,42.625111]]}},{"type":"Feature","properties":{"osm_id":1448152681,"voltage":"220000","circuits":"1","cables":"3","name":"Камчия","operator":"","ref":""},"geometry":{"type":"LineString","coordinates":[[26.986026,42.68229],[26.989228,42.685059],[26.992372,42.687803],[26.995499,42.690516],[26.998718,42.693327],[27.002006,42.696146],[27.005209,42.698985],[27.008395,42.701693],[27.014511,42.707003],[27.01781,42.709856],[27.02098,42.712569],[27.024012,42.715216],[27.027326,42.718],[27.030423,42.720619],[27.033337,42.723212],[27.039861,42.728881],[27.045286,42.733549],[27.047841,42.735748],[27.051097,42.738676],[27.053172,42.743374],[27.052974,42.746895],[27.052923,42.749906],[27.052845,42.752806],[27.052766,42.755741],[27.052671,42.758402],[27.05262,42.761536],[27.054406,42.764148],[27.056639,42.767212],[27.058367,42.769754],[27.060166,42.772322],[27.062282,42.775342],[27.06429,42.778208],[27.067482,42.782765],[27.070242,42.786671],[27.074935,42.793355],[27.080895,42.801918],[27.082213,42.803777],[27.085727,42.808794],[27.087038,42.810695],[27.088809,42.813133],[27.091182,42.816587],[27.093012,42.81917],[27.094681,42.821484],[27.096858,42.824581],[27.098803,42.827346],[27.102637,42.832883],[27.104486,42.835431],[27.108882,42.841758],[27.110664,42.844338],[27.114065,42.849128],[27.115431,42.851052],[27.119304,42.856587],[27.122824,42.861573],[27.124724,42.864276],[27.128186,42.869208],[27.129772,42.871445],[27.131925,42.874568],[27.133589,42.876949],[27.136945,42.881641],[27.138898,42.884497],[27.142906,42.89015],[27.146324,42.895011],[27.151789,42.901202],[27.154858,42.904134],[27.15679,42.905863],[27.162835,42.911361],[27.164011,42.912581],[27.165986,42.914376],[27.167427,42.915704],[27.170797,42.918818],[27.172523,42.920421],[27.174625,42.922285],[27.176524,42.924143],[27.178321,42.92574],[27.18023,42.927536],[27.182661,42.929822],[27.18539,42.932296],[27.187861,42.934911],[27.189713,42.936383],[27.192169,42.938523],[27.195744,42.942379],[27.19767,42.944563],[27.199244,42.946266],[27.201149,42.948315],[27.203343,42.950692],[27.207481,42.955177],[27.209316,42.957083],[27.211353,42.959301],[27.213409,42.961529],[27.214894,42.963138],[27.21613,42.964493],[27.219202,42.967139],[27.220419,42.968167],[27.221669,42.969192],[27.224678,42.971724],[27.22684,42.973568],[27.228362,42.974824],[27.229704,42.975988],[27.232698,42.978467],[27.235877,42.981166],[27.23977,42.984387],[27.241018,42.985426],[27.242687,42.986782],[27.247414,42.990767],[27.249277,42.992211],[27.252474,42.994918],[27.254167,42.996295],[27.25604,42.998712],[27.258241,43.001604],[27.260669,43.004718],[27.263208,43.007979],[27.264939,43.01021],[27.266897,43.012716],[27.269392,43.015897],[27.271888,43.019213],[27.274348,43.022412],[27.276952,43.025715],[27.278803,43.028162],[27.280775,43.030687],[27.282948,43.033482],[27.285298,43.036508],[27.287606,43.039478],[27.289717,43.042253],[27.291543,43.044591],[27.293918,43.047636],[27.296246,43.050651],[27.298654,43.05381],[27.301127,43.056907],[27.30358,43.060102],[27.305494,43.062645]]}},{"type":"Feature","properties":{"osm_id":1448154843,"voltage":"110000","circuits":"1","cables":"3","name":"","operator":"","ref":""},"geometry":{"type":"LineString","coordinates":[[27.408036,42.521604],[27.407655,42.522918]]}},{"type":"Feature","properties":{"osm_id":1448154844,"voltage":"110000","circuits":"1","cables":"3","name":"","operator":"","ref":""},"geometry":{"type":"LineString","coordinates":[[27.407655,42.522918],[27.408468,42.521515]]}},{"type":"Feature","properties":{"osm_id":1448154846,"voltage":"110000","circuits":"1","cables":"3","name":"","operator":"","ref":""},"geometry":{"type":"LineString","coordinates":[[27.407138,42.523254],[27.407655,42.522918]]}},{"type":"Feature","properties":{"osm_id":1448154847,"voltage":"110000","circuits":"1","cables":"3","name":"","operator":"","ref":""},"geometry":{"type":"LineString","coordinates":[[27.407081,42.523089],[27.407655,42.522918]]}},{"type":"Feature","properties":{"osm_id":1448154848,"voltage":"110000","circuits":"2","cables":"6","name":"","operator":"","ref":""},"geometry":{"type":"LineString","coordinates":[[27.333718,42.550205],[27.332209,42.551805],[27.330697,42.5534]]}},{"type":"Feature","properties":{"osm_id":1448407900,"voltage":"110000","circuits":"1","cables":"3","name":"","operator":"","ref":""},"geometry":{"type":"LineString","coordinates":[[25.374966,42.610191],[25.374691,42.609786],[25.37468,42.608906],[25.376216,42.608913],[25.378664,42.608922],[25.381067,42.606491]]}},{"type":"Feature","properties":{"osm_id":1449316314,"voltage":"110000","circuits":"1","cables":"3","name":"","operator":"","ref":""},"geometry":{"type":"LineString","coordinates":[[25.401529,41.597635],[25.399507,41.59475],[25.398062,41.592103]]}},{"type":"Feature","properties":{"osm_id":1449602738,"voltage":"110000","circuits":"1","cables":"3","name":"","operator":"","ref":""},"geometry":{"type":"LineString","coordinates":[[26.103901,41.823003],[26.103958,41.823142]]}},{"type":"Feature","properties":{"osm_id":1449602739,"voltage":"110000","circuits":"1","cables":"3","name":"","operator":"","ref":""},"geometry":{"type":"LineString","coordinates":[[26.097397,41.81812],[26.099791,41.815605],[26.100165,41.814168],[26.102209,41.811692],[26.104075,41.809448],[26.106722,41.807057],[26.108303,41.804333],[26.110331,41.801827],[26.112444,41.799286],[26.114953,41.797095],[26.117567,41.794744],[26.120188,41.792412],[26.122828,41.790083],[26.125334,41.787842],[26.127005,41.786256]]}},{"type":"Feature","properties":{"osm_id":1449602740,"voltage":"110000","circuits":"1","cables":"3","name":"","operator":"","ref":""},"geometry":{"type":"LineString","coordinates":[[26.068501,41.849214],[26.068259,41.848873],[26.069124,41.846196],[26.070074,41.843522],[26.070862,41.841128],[26.071606,41.838975],[26.072559,41.836218],[26.073437,41.833674],[26.076223,41.831721],[26.078678,41.829965],[26.081146,41.828158],[26.084013,41.82618],[26.086559,41.824369],[26.089069,41.822554],[26.091477,41.820818],[26.094034,41.818974]]}},{"type":"Feature","properties":{"osm_id":1449602741,"voltage":"110000","circuits":"1","cables":"3","name":"","operator":"","ref":""},"geometry":{"type":"LineString","coordinates":[[26.068606,41.849265],[26.068533,41.848845],[26.069148,41.847076],[26.069949,41.844769],[26.070684,41.842635],[26.071634,41.839838],[26.072358,41.83772],[26.073082,41.835621],[26.073673,41.833839],[26.076645,41.831944],[26.080638,41.831392],[26.084102,41.830154],[26.087265,41.828976],[26.089099,41.827334],[26.090456,41.826061],[26.092965,41.823306],[26.094803,41.821212],[26.097307,41.819752],[26.097397,41.81812]]}},{"type":"Feature","properties":{"osm_id":1449602742,"voltage":"110000","circuits":"2","cables":"6","name":"","operator":"","ref":""},"geometry":{"type":"LineString","coordinates":[[26.10142,41.81774],[26.10251,41.820151],[26.103901,41.823003]]}},{"type":"Feature","properties":{"osm_id":1457205259,"voltage":"110000","circuits":"1","cables":"3","name":"","operator":"","ref":""},"geometry":{"type":"LineString","coordinates":[[24.310846,42.027409],[24.310745,42.027224],[24.310193,42.026057],[24.314442,42.025044],[24.319984,42.027325]]}},{"type":"Feature","properties":{"osm_id":1457215783,"voltage":"110000","circuits":"1","cables":"3","name":"","operator":"","ref":""},"geometry":{"type":"LineString","coordinates":[[24.192864,41.919321],[24.192485,41.919417],[24.189706,41.91906],[24.188359,41.919583],[24.186658,41.920317],[24.183755,41.921507],[24.181665,41.922388],[24.180561,41.922914],[24.179127,41.923561],[24.1768,41.922203],[24.171765,41.919278],[24.171309,41.917956],[24.170928,41.916707],[24.17015,41.914164],[24.169721,41.912783],[24.169219,41.911166],[24.168747,41.909713],[24.168229,41.907952],[24.167867,41.906671],[24.167189,41.904545],[24.166953,41.903696],[24.165223,41.903056],[24.16323,41.902297],[24.161468,41.901632],[24.160073,41.901053],[24.159518,41.900273],[24.159236,41.899171],[24.158922,41.897931],[24.158576,41.896545],[24.158375,41.895833],[24.158126,41.894788],[24.157855,41.893722],[24.157493,41.892317],[24.157281,41.89149],[24.156868,41.889909],[24.156648,41.889026],[24.156406,41.888078],[24.156009,41.886598],[24.155728,41.885462],[24.155516,41.884643],[24.155258,41.883633],[24.154918,41.882347],[24.154679,41.881364],[24.154156,41.879461],[24.153829,41.878233],[24.153579,41.877298],[24.153298,41.876222],[24.153035,41.875179],[24.152721,41.874009],[24.15249,41.873118],[24.152219,41.872038],[24.151431,41.871213],[24.150312,41.870056],[24.149137,41.868806],[24.148204,41.867831],[24.147214,41.866788],[24.146324,41.865864],[24.145517,41.865029],[24.145109,41.864028],[24.144602,41.862732],[24.144224,41.861845],[24.143328,41.859723],[24.142502,41.857725],[24.142059,41.856651],[24.141676,41.855748],[24.140828,41.854823],[24.140072,41.853952],[24.139216,41.853003],[24.138183,41.851848],[24.136885,41.850421],[24.136426,41.848625],[24.136115,41.847263],[24.135697,41.845488],[24.135439,41.844497],[24.135032,41.842761],[24.134798,41.841858],[24.134621,41.841078],[24.134147,41.839098],[24.133767,41.837517],[24.133354,41.835877],[24.133012,41.834445],[24.132685,41.833099],[24.132458,41.83218],[24.132174,41.830979],[24.13181,41.829492],[24.131297,41.827463],[24.130652,41.824785],[24.131648,41.821946],[24.132268,41.820164],[24.132673,41.819029],[24.133322,41.817666],[24.134242,41.814645],[24.134636,41.813468],[24.135838,41.81006],[24.135889,41.806703],[24.135899,41.805523],[24.135938,41.803731],[24.135954,41.802622]]}},{"type":"Feature","properties":{"osm_id":1457230334,"voltage":"110000","circuits":"1","cables":"3","name":"","operator":"","ref":""},"geometry":{"type":"LineString","coordinates":[[24.317405,42.151055],[24.316533,42.150736]]}},{"type":"Feature","properties":{"osm_id":1457230335,"voltage":"110000","circuits":"1","cables":"3","name":"","operator":"","ref":""},"geometry":{"type":"LineString","coordinates":[[24.316533,42.150736],[24.317358,42.151128]]}},{"type":"Feature","properties":{"osm_id":1457230337,"voltage":"110000","circuits":"1","cables":"3","name":"","operator":"","ref":""},"geometry":{"type":"LineString","coordinates":[[24.316892,42.150163],[24.317774,42.150533]]}},{"type":"Feature","properties":{"osm_id":1457230338,"voltage":"110000","circuits":"1","cables":"3","name":"","operator":"","ref":""},"geometry":{"type":"LineString","coordinates":[[24.316892,42.150163],[24.317723,42.150609]]}},{"type":"Feature","properties":{"osm_id":1457230340,"voltage":"110000","circuits":"1","cables":"3","name":"","operator":"","ref":""},"geometry":{"type":"LineString","coordinates":[[24.31705,42.151432],[24.316198,42.151229]]}},{"type":"Feature","properties":{"osm_id":1457230341,"voltage":"110000","circuits":"1","cables":"3","name":"","operator":"","ref":""},"geometry":{"type":"LineString","coordinates":[[24.317003,42.151514],[24.316198,42.151229]]}},{"type":"Feature","properties":{"osm_id":1457230342,"voltage":"220000","circuits":"1","cables":"3","name":"","operator":"","ref":""},"geometry":{"type":"LineString","coordinates":[[24.411603,41.952621],[24.410617,41.955151],[24.409883,41.957393],[24.409089,41.959657],[24.408727,41.960746],[24.40819,41.962477],[24.407668,41.963778],[24.407173,41.965018],[24.406005,41.968047],[24.405349,41.969705],[24.404462,41.972036],[24.40343,41.974619],[24.402821,41.976197],[24.401661,41.979132],[24.400982,41.980867],[24.400131,41.983094],[24.399226,41.985508],[24.398222,41.987993],[24.397341,41.990358],[24.39657,41.992315],[24.395396,41.995051],[24.394408,41.99738],[24.392956,42.0008],[24.39173,42.003706],[24.390753,42.006055],[24.389815,42.008238],[24.388379,42.011662],[24.387269,42.014268],[24.385577,42.018393],[24.384812,42.02011],[24.383774,42.02263],[24.381975,42.026831],[24.380383,42.029295],[24.378278,42.032555],[24.376123,42.03589],[24.374021,42.039144],[24.372768,42.041114],[24.370956,42.043914],[24.368758,42.047308],[24.366571,42.050686],[24.365106,42.052949],[24.363719,42.055139],[24.362463,42.057063],[24.35994,42.061031],[24.358127,42.063809],[24.356014,42.067087],[24.354595,42.069255],[24.353107,42.071638],[24.351561,42.074048],[24.349743,42.076854],[24.347983,42.079613],[24.346686,42.08251],[24.345335,42.085571],[24.34361,42.0895],[24.342774,42.091394],[24.341174,42.09503],[24.339497,42.098873],[24.337809,42.102569],[24.336772,42.10495],[24.335089,42.108758],[24.333418,42.112602],[24.332337,42.115123],[24.330711,42.118814],[24.328649,42.122574],[24.327432,42.124755],[24.325225,42.128785],[24.323439,42.132037],[24.321584,42.135461],[24.319669,42.138969],[24.318216,42.141513],[24.316852,42.144135],[24.315601,42.146409],[24.316849,42.148237],[24.317533,42.149213],[24.318371,42.149421]]}},{"type":"Feature","properties":{"osm_id":1457248570,"voltage":"110000","circuits":"1","cables":"3","name":"","operator":"","ref":""},"geometry":{"type":"LineString","coordinates":[[24.311145,42.203945],[24.310837,42.204161]]}},{"type":"Feature","properties":{"osm_id":1457248571,"voltage":"110000","circuits":"1","cables":"3","name":"","operator":"","ref":""},"geometry":{"type":"LineString","coordinates":[[24.311089,42.203878],[24.310837,42.204161]]}},{"type":"Feature","properties":{"osm_id":1457248572,"voltage":"110000","circuits":"2","cables":"6","name":"","operator":"","ref":""},"geometry":{"type":"LineString","coordinates":[[24.304068,42.150561],[24.306416,42.149193],[24.309684,42.14928],[24.312114,42.150048],[24.316376,42.150965]]}},{"type":"Feature","properties":{"osm_id":1457248574,"voltage":"110000","circuits":"2","cables":"6","name":"Бенковски-Оборище","operator":"","ref":""},"geometry":{"type":"LineString","coordinates":[[24.316198,42.151229],[24.314434,42.150735],[24.312682,42.1504],[24.309303,42.149742],[24.308513,42.149869],[24.30742,42.15039],[24.306586,42.15098],[24.304746,42.152327],[24.303713,42.152726],[24.302209,42.154145]]}},{"type":"Feature","properties":{"osm_id":1457272832,"voltage":"110000","circuits":"1","cables":"3","name":"","operator":"","ref":""},"geometry":{"type":"LineString","coordinates":[[24.289323,42.118752],[24.289831,42.119559],[24.290904,42.120993],[24.291212,42.121415],[24.292272,42.122803],[24.293475,42.124425],[24.294782,42.126137],[24.296171,42.127956],[24.297543,42.129754],[24.298873,42.131495],[24.300204,42.133238],[24.301607,42.135076],[24.30312,42.13721],[24.30437,42.138821],[24.305652,42.140563],[24.306818,42.142154],[24.308156,42.14388],[24.309414,42.145644],[24.310723,42.147381],[24.312064,42.149163],[24.314271,42.149954],[24.316639,42.150565],[24.317559,42.150826]]}},{"type":"Feature","properties":{"osm_id":1457286507,"voltage":"110000","circuits":"2","cables":"6","name":"","operator":"","ref":""},"geometry":{"type":"LineString","coordinates":[[23.842297,42.425504],[23.843696,42.424114],[23.845737,42.422116],[23.847384,42.420487],[23.849229,42.418655],[23.850994,42.416916],[23.852743,42.41518],[23.854301,42.413643],[23.85612,42.411853],[23.857906,42.410085],[23.859534,42.408476],[23.860966,42.407062],[23.862286,42.405761],[23.862805,42.403961],[23.863437,42.401774],[23.864056,42.399663],[23.864678,42.397454],[23.865261,42.395505],[23.865912,42.393295],[23.866524,42.391189],[23.867122,42.389087],[23.867755,42.386963],[23.868321,42.385024],[23.86875,42.383526],[23.869327,42.381555],[23.869954,42.379383],[23.871132,42.375341],[23.87166,42.373546],[23.872529,42.370593],[23.872961,42.369081],[23.873428,42.36745],[23.873766,42.366307],[23.874298,42.364444],[23.87387,42.363233],[23.873538,42.362226],[23.872816,42.360197],[23.871953,42.357725],[23.871352,42.355965],[23.870654,42.353965],[23.869941,42.351989],[23.869303,42.350078],[23.868788,42.348536],[23.868184,42.346772],[23.86761,42.345107],[23.866958,42.343201],[23.866312,42.341223],[23.865644,42.339284],[23.865043,42.337573],[23.864504,42.335915],[23.863906,42.334177],[23.863217,42.332166],[23.862517,42.330044],[23.861782,42.327928],[23.861192,42.326076]]}},{"type":"Feature","properties":{"osm_id":1457286508,"voltage":"110000","circuits":"1","cables":"3","name":"","operator":"","ref":""},"geometry":{"type":"LineString","coordinates":[[23.846096,42.308],[23.846012,42.308498]]}},{"type":"Feature","properties":{"osm_id":1457286509,"voltage":"110000","circuits":"1","cables":"3","name":"","operator":"","ref":""},"geometry":{"type":"LineString","coordinates":[[23.846222,42.308024],[23.846012,42.308498]]}},{"type":"Feature","properties":{"osm_id":1457286510,"voltage":"110000","circuits":"2","cables":"6","name":"","operator":"","ref":""},"geometry":{"type":"LineString","coordinates":[[23.861192,42.326076],[23.860929,42.325993],[23.858265,42.325019],[23.854526,42.323687],[23.852413,42.322905],[23.84759,42.321166],[23.845342,42.320361],[23.844766,42.31785],[23.844173,42.315294],[23.843548,42.31267],[23.844401,42.311252],[23.846012,42.308498]]}},{"type":"Feature","properties":{"osm_id":1457286511,"voltage":"110000","circuits":"1","cables":"3","name":"","operator":"","ref":""},"geometry":{"type":"LineString","coordinates":[[23.93231,42.243141],[23.933654,42.242266],[23.935065,42.241543]]}},{"type":"Feature","properties":{"osm_id":1457286512,"voltage":"110000","circuits":"2","cables":"6","name":"","operator":"","ref":""},"geometry":{"type":"LineString","coordinates":[[23.935065,42.241543],[23.93676,42.24063],[23.93842,42.239713],[23.940529,42.237761],[23.941985,42.236358],[23.943827,42.234626],[23.944795,42.233715],[23.945893,42.232687],[23.946891,42.231735],[23.947738,42.232241]]}},{"type":"Feature","properties":{"osm_id":1457286513,"voltage":"110000","circuits":"2","cables":"6","name":"","operator":"","ref":""},"geometry":{"type":"LineString","coordinates":[[23.947989,42.231955],[23.948848,42.231341],[23.950917,42.230905],[23.952257,42.230621],[23.955043,42.230021],[23.958031,42.229454],[23.960895,42.228915],[23.962932,42.228517],[23.965936,42.227941],[23.969086,42.227334],[23.97124,42.226873],[23.977524,42.225496],[23.979469,42.225071],[23.983758,42.224146],[23.98592,42.223663],[23.987436,42.223913],[23.992022,42.224897],[23.993583,42.224702],[23.997054,42.224269],[23.999776,42.223919],[24.002072,42.223629],[24.006205,42.221592],[24.007214,42.221141],[24.006229,42.219973]]}},{"type":"Feature","properties":{"osm_id":1457286514,"voltage":"110000","circuits":"1","cables":"3","name":"","operator":"","ref":""},"geometry":{"type":"LineString","coordinates":[[23.948437,42.232187],[23.947989,42.231955]]}},{"type":"Feature","properties":{"osm_id":1457286515,"voltage":"110000","circuits":"1","cables":"3","name":"","operator":"","ref":""},"geometry":{"type":"LineString","coordinates":[[23.948375,42.232257],[23.947989,42.231955]]}},{"type":"Feature","properties":{"osm_id":1457286516,"voltage":"110000","circuits":"1","cables":"3","name":"","operator":"","ref":""},"geometry":{"type":"LineString","coordinates":[[23.948134,42.232524],[23.947738,42.232241]]}},{"type":"Feature","properties":{"osm_id":1457286517,"voltage":"110000","circuits":"1","cables":"3","name":"","operator":"","ref":""},"geometry":{"type":"LineString","coordinates":[[23.947738,42.232241],[23.948186,42.232467]]}},{"type":"Feature","properties":{"osm_id":1457286518,"voltage":"110000","circuits":"2","cables":"6","name":"","operator":"","ref":""},"geometry":{"type":"LineString","coordinates":[[23.947851,42.232131],[23.947696,42.231482],[23.948751,42.231129],[23.951392,42.230341],[23.956291,42.228796],[23.958347,42.228153],[23.961025,42.227316],[23.963404,42.226578],[23.96569,42.225869],[23.967918,42.225182],[23.970269,42.224447],[23.972215,42.223834],[23.97354,42.223432],[23.974844,42.223035],[23.978604,42.220731],[23.98085,42.219368],[23.982528,42.218338],[23.984162,42.217329],[23.985963,42.216242],[23.987579,42.215296],[23.989012,42.214359],[23.990986,42.213207],[23.993272,42.21182],[23.99531,42.210565],[23.997713,42.209138],[23.999822,42.207827],[24.001806,42.206635],[24.002831,42.206003],[24.004789,42.204811],[24.006178,42.203976],[24.007444,42.203194]]}},{"type":"Feature","properties":{"osm_id":1457286519,"voltage":"110000","circuits":"1","cables":"3","name":"","operator":"","ref":""},"geometry":{"type":"LineString","coordinates":[[23.948323,42.232317],[23.947851,42.232131]]}},{"type":"Feature","properties":{"osm_id":1457286520,"voltage":"110000","circuits":"1","cables":"3","name":"","operator":"","ref":""},"geometry":{"type":"LineString","coordinates":[[23.948251,42.232395],[23.947851,42.232131]]}},{"type":"Feature","properties":{"osm_id":1457299977,"voltage":"110000","circuits":"1","cables":"3","name":"","operator":"","ref":""},"geometry":{"type":"LineString","coordinates":[[24.006099,42.219971],[24.006229,42.219973]]}},{"type":"Feature","properties":{"osm_id":1457299978,"voltage":"110000","circuits":"1","cables":"3","name":"","operator":"","ref":""},"geometry":{"type":"LineString","coordinates":[[24.00618,42.220062],[24.006229,42.219973]]}},{"type":"Feature","properties":{"osm_id":1457299981,"voltage":"110000","circuits":"1","cables":"3","name":"","operator":"","ref":""},"geometry":{"type":"LineString","coordinates":[[23.704349,42.556155],[23.703783,42.555509]]}},{"type":"Feature","properties":{"osm_id":1457299982,"voltage":"110000","circuits":"1","cables":"3","name":"","operator":"","ref":""},"geometry":{"type":"LineString","coordinates":[[23.704025,42.556261],[23.703783,42.555509]]}},{"type":"Feature","properties":{"osm_id":1457299983,"voltage":"110000","circuits":"1","cables":"3","name":"","operator":"","ref":""},"geometry":{"type":"LineString","coordinates":[[23.786464,42.476207],[23.788702,42.476958],[23.79089,42.477705]]}},{"type":"Feature","properties":{"osm_id":1457299984,"voltage":"110000","circuits":"1","cables":"3","name":"","operator":"","ref":""},"geometry":{"type":"LineString","coordinates":[[23.790689,42.477936],[23.78826,42.477098],[23.7856,42.476178]]}},{"type":"Feature","properties":{"osm_id":1457299985,"voltage":"110000","circuits":"1","cables":"3","name":"","operator":"","ref":""},"geometry":{"type":"LineString","coordinates":[[23.79089,42.477705],[23.790689,42.477936]]}},{"type":"Feature","properties":{"osm_id":1457299986,"voltage":"110000","circuits":"2","cables":"6","name":"","operator":"","ref":""},"geometry":{"type":"LineString","coordinates":[[23.752087,42.522181],[23.754115,42.519853],[23.755102,42.518727],[23.756398,42.517236],[23.759561,42.51361],[23.76077,42.512244],[23.762309,42.512301],[23.763117,42.512331],[23.76427,42.511069],[23.767231,42.507934],[23.768725,42.506312],[23.770443,42.504469],[23.771938,42.502838],[23.773486,42.501084],[23.775991,42.498272],[23.777793,42.496235],[23.778373,42.49562],[23.77844,42.49378],[23.778511,42.491855],[23.779755,42.490435],[23.781356,42.488607],[23.782944,42.486793],[23.784483,42.485037],[23.785998,42.483307],[23.787566,42.481516],[23.789167,42.479681],[23.790689,42.477936]]}},{"type":"Feature","properties":{"osm_id":1457788333,"voltage":"110000","circuits":"1","cables":"3","name":"","operator":"","ref":""},"geometry":{"type":"LineString","coordinates":[[27.544685,42.449313],[27.544312,42.449124]]}},{"type":"Feature","properties":{"osm_id":1457788336,"voltage":"110000","circuits":"1","cables":"3","name":"","operator":"","ref":""},"geometry":{"type":"LineString","coordinates":[[27.54453,42.449419],[27.544312,42.449124]]}},{"type":"Feature","properties":{"osm_id":1457788339,"voltage":"110000","circuits":"1","cables":"3","name":"","operator":"","ref":""},"geometry":{"type":"LineString","coordinates":[[27.331074,42.411722],[27.332667,42.413124],[27.334435,42.414693],[27.336527,42.416526],[27.33904,42.418813],[27.341798,42.418736],[27.344161,42.418669],[27.346746,42.418602],[27.349799,42.418544],[27.352054,42.420251],[27.354045,42.421712],[27.356282,42.423403],[27.358156,42.424785],[27.360326,42.42643],[27.362199,42.427828],[27.36446,42.429505],[27.36656,42.431081],[27.368215,42.432334],[27.36936,42.433207]]}},{"type":"Feature","properties":{"osm_id":1457788341,"voltage":"110000","circuits":"1","cables":"3","name":"","operator":"","ref":""},"geometry":{"type":"LineString","coordinates":[[27.369964,42.431587],[27.369832,42.43172],[27.36936,42.433207]]}},{"type":"Feature","properties":{"osm_id":1457788344,"voltage":"110000","circuits":"1","cables":"3","name":"","operator":"","ref":""},"geometry":{"type":"LineString","coordinates":[[27.408696,42.520493],[27.408048,42.52065],[27.408468,42.521515]]}},{"type":"Feature","properties":{"osm_id":1457788347,"voltage":"110000","circuits":"1","cables":"3","name":"","operator":"","ref":""},"geometry":{"type":"LineString","coordinates":[[27.408615,42.520335],[27.407741,42.520599],[27.408036,42.521604]]}},{"type":"Feature","properties":{"osm_id":1457788348,"voltage":"110000","circuits":"1","cables":"3","name":"","operator":"","ref":""},"geometry":{"type":"LineString","coordinates":[[27.44744,42.490195],[27.446612,42.490636]]}},{"type":"Feature","properties":{"osm_id":1457788349,"voltage":"110000","circuits":"1","cables":"3","name":"","operator":"","ref":""},"geometry":{"type":"LineString","coordinates":[[27.447364,42.490126],[27.446612,42.490636]]}},{"type":"Feature","properties":{"osm_id":1457788352,"voltage":"110000","circuits":"2","cables":"6","name":"","operator":"","ref":""},"geometry":{"type":"LineString","coordinates":[[27.446612,42.490636],[27.444559,42.488727],[27.443715,42.487865],[27.441558,42.485959],[27.438322,42.4834],[27.435585,42.480685],[27.434707,42.477675],[27.433744,42.474184],[27.433276,42.4727]]}},{"type":"Feature","properties":{"osm_id":1457788353,"voltage":"110000","circuits":"2","cables":"6","name":"","operator":"","ref":""},"geometry":{"type":"LineString","coordinates":[[27.438823,42.461986],[27.438111,42.464227],[27.437404,42.466449],[27.436576,42.469028],[27.435935,42.47103],[27.434513,42.47143]]}},{"type":"Feature","properties":{"osm_id":1457788354,"voltage":"110000","circuits":"1","cables":"3","name":"","operator":"","ref":""},"geometry":{"type":"LineString","coordinates":[[27.434363,42.471986],[27.434513,42.47143]]}},{"type":"Feature","properties":{"osm_id":1457788355,"voltage":"110000","circuits":"1","cables":"3","name":"","operator":"","ref":""},"geometry":{"type":"LineString","coordinates":[[27.434481,42.472008],[27.434513,42.47143]]}},{"type":"Feature","properties":{"osm_id":1457788357,"voltage":"110000","circuits":"1","cables":"3","name":"","operator":"","ref":""},"geometry":{"type":"LineString","coordinates":[[27.43416,42.47195],[27.434034,42.472193],[27.433276,42.4727]]}},{"type":"Feature","properties":{"osm_id":1457788358,"voltage":"110000","circuits":"1","cables":"3","name":"","operator":"","ref":""},"geometry":{"type":"LineString","coordinates":[[27.434058,42.471931],[27.433882,42.472149],[27.433276,42.4727]]}},{"type":"Feature","properties":{"osm_id":1457788359,"voltage":"110000","circuits":"1","cables":"3","name":"","operator":"","ref":""},"geometry":{"type":"LineString","coordinates":[[27.447506,42.513741],[27.447068,42.513553]]}},{"type":"Feature","properties":{"osm_id":1457788360,"voltage":"110000","circuits":"1","cables":"3","name":"","operator":"","ref":""},"geometry":{"type":"LineString","coordinates":[[27.447405,42.51379],[27.447068,42.513553]]}},{"type":"Feature","properties":{"osm_id":1457788361,"voltage":"110000","circuits":"1","cables":"3","name":"","operator":"","ref":""},"geometry":{"type":"LineString","coordinates":[[27.447325,42.513829],[27.446915,42.513671]]}},{"type":"Feature","properties":{"osm_id":1457788362,"voltage":"110000","circuits":"1","cables":"3","name":"","operator":"","ref":""},"geometry":{"type":"LineString","coordinates":[[27.447231,42.513875],[27.446915,42.513671]]}},{"type":"Feature","properties":{"osm_id":1457788369,"voltage":"110000","circuits":"1","cables":"3","name":"","operator":"","ref":""},"geometry":{"type":"LineString","coordinates":[[27.707328,42.728827],[27.706228,42.727727],[27.704932,42.724407],[27.703864,42.721428],[27.70273,42.718441],[27.701491,42.715137],[27.700403,42.712254],[27.699203,42.709014],[27.698132,42.706139],[27.696909,42.70364],[27.695911,42.700344],[27.696072,42.697269],[27.696286,42.694091],[27.696297,42.691213],[27.696415,42.688406],[27.696576,42.685567],[27.696705,42.682798],[27.698239,42.6782],[27.70019,42.678146],[27.70076,42.678249]]}},{"type":"Feature","properties":{"osm_id":1457788370,"voltage":"110000","circuits":"1","cables":"3","name":"","operator":"","ref":""},"geometry":{"type":"LineString","coordinates":[[27.707221,42.729155],[27.707639,42.728731]]}},{"type":"Feature","properties":{"osm_id":1457788371,"voltage":"110000","circuits":"1","cables":"3","name":"","operator":"","ref":""},"geometry":{"type":"LineString","coordinates":[[27.707142,42.729053],[27.707328,42.728827]]}},{"type":"Feature","properties":{"osm_id":1457788372,"voltage":"110000","circuits":"1","cables":"3","name":"","operator":"","ref":""},"geometry":{"type":"LineString","coordinates":[[27.707092,42.728981],[27.707328,42.728827]]}},{"type":"Feature","properties":{"osm_id":1457788375,"voltage":"110000","circuits":"2","cables":"6","name":"","operator":"","ref":""},"geometry":{"type":"LineString","coordinates":[[27.324088,42.582205],[27.321591,42.583159],[27.319531,42.584019],[27.31748,42.584802],[27.314939,42.585782],[27.312141,42.586869],[27.308879,42.588177],[27.306766,42.588998],[27.304724,42.589796],[27.302794,42.590553],[27.300871,42.591299],[27.298596,42.592217],[27.296364,42.593064],[27.294167,42.593949],[27.291909,42.594827],[27.289781,42.595598],[27.287682,42.596471],[27.285462,42.597342],[27.283478,42.598119],[27.281538,42.598872],[27.279465,42.599685],[27.277882,42.600306],[27.276285,42.60093],[27.274675,42.601557],[27.272908,42.602253],[27.270809,42.603071],[27.268722,42.603885],[27.266539,42.604736],[27.265002,42.605342],[27.263573,42.605895],[27.262199,42.606426],[27.260031,42.607281],[27.257871,42.60813],[27.2558,42.608941],[27.253524,42.60984],[27.251545,42.610605],[27.249836,42.611277],[27.248106,42.611956],[27.245969,42.612795],[27.243799,42.613631],[27.241684,42.614463],[27.239522,42.615304],[27.237332,42.616149],[27.235057,42.617048],[27.232722,42.61797],[27.230763,42.618719],[27.22861,42.619565],[27.226465,42.620395],[27.224278,42.621246],[27.222042,42.622126],[27.219898,42.622956],[27.217914,42.623735],[27.215772,42.624563],[27.21363,42.625408],[27.211653,42.62617],[27.209458,42.627033],[27.207228,42.627897],[27.205491,42.628574],[27.203652,42.629282],[27.201908,42.629969],[27.199643,42.630848],[27.197697,42.63161],[27.195414,42.632487],[27.193725,42.633139],[27.192038,42.633804],[27.190163,42.634547],[27.188352,42.635245],[27.186543,42.635947],[27.184711,42.636665],[27.182956,42.637337],[27.180903,42.638146]]}},{"type":"Feature","properties":{"osm_id":1457788376,"voltage":"110000","circuits":"2","cables":"6","name":"","operator":"","ref":""},"geometry":{"type":"LineString","coordinates":[[27.236929,42.704226],[27.235742,42.703164],[27.234818,42.701022],[27.233828,42.698767],[27.232913,42.696642],[27.232003,42.694553]]}},{"type":"Feature","properties":{"osm_id":1457788377,"voltage":"110000","circuits":"1","cables":"3","name":"","operator":"","ref":""},"geometry":{"type":"LineString","coordinates":[[27.23745,42.704251],[27.23734,42.704154],[27.23628,42.703127],[27.235445,42.700658],[27.234686,42.698225],[27.233884,42.695678],[27.233217,42.693624],[27.232532,42.691331],[27.231366,42.689993],[27.229481,42.687871]]}},{"type":"Feature","properties":{"osm_id":1457788378,"voltage":"110000","circuits":"1","cables":"3","name":"","operator":"","ref":""},"geometry":{"type":"LineString","coordinates":[[27.237233,42.704293],[27.236929,42.704226]]}},{"type":"Feature","properties":{"osm_id":1457788379,"voltage":"110000","circuits":"1","cables":"3","name":"","operator":"","ref":""},"geometry":{"type":"LineString","coordinates":[[27.237006,42.704338],[27.236929,42.704226]]}},{"type":"Feature","properties":{"osm_id":1457879677,"voltage":"110000","circuits":"1","cables":"3","name":"","operator":"","ref":""},"geometry":{"type":"LineString","coordinates":[[27.577596,43.335011],[27.577623,43.335322]]}},{"type":"Feature","properties":{"osm_id":1457879678,"voltage":"110000","circuits":"1","cables":"3","name":"","operator":"","ref":""},"geometry":{"type":"LineString","coordinates":[[27.577809,43.335012],[27.577623,43.335322]]}},{"type":"Feature","properties":{"osm_id":1457879679,"voltage":"110000","circuits":"1","cables":"3","name":"","operator":"","ref":""},"geometry":{"type":"LineString","coordinates":[[27.871024,43.241213],[27.871401,43.241611]]}},{"type":"Feature","properties":{"osm_id":1457879680,"voltage":"110000","circuits":"1","cables":"3","name":"","operator":"","ref":""},"geometry":{"type":"LineString","coordinates":[[27.869638,43.241603],[27.869848,43.242192]]}},{"type":"Feature","properties":{"osm_id":1457879681,"voltage":"110000","circuits":"1","cables":"3","name":"","operator":"","ref":"Луна/Почивка"},"geometry":{"type":"LineString","coordinates":[[27.869848,43.242192],[27.869505,43.241648]]}},{"type":"Feature","properties":{"osm_id":1457879682,"voltage":"110000","circuits":"1","cables":"3","name":"Нектар","operator":"","ref":"Нектар"},"geometry":{"type":"LineString","coordinates":[[27.871401,43.241611],[27.870913,43.241253]]}},{"type":"Feature","properties":{"osm_id":1457879683,"voltage":"110000","circuits":"2","cables":"6","name":"Нектар","operator":"","ref":"Нектар"},"geometry":{"type":"LineString","coordinates":[[27.879384,43.248428],[27.878631,43.248474],[27.877279,43.248556],[27.876482,43.247668],[27.874265,43.245201],[27.872052,43.242756],[27.871401,43.241611]]}},{"type":"Feature","properties":{"osm_id":1457879684,"voltage":"110000","circuits":"1","cables":"3","name":"","operator":"","ref":""},"geometry":{"type":"LineString","coordinates":[[28.443806,43.48272],[28.444314,43.483126]]}},{"type":"Feature","properties":{"osm_id":1457879685,"voltage":"110000","circuits":"1","cables":"3","name":"","operator":"","ref":""},"geometry":{"type":"LineString","coordinates":[[28.443437,43.48213],[28.443763,43.482204]]}},{"type":"Feature","properties":{"osm_id":1457879686,"voltage":"110000","circuits":"1","cables":"3","name":"","operator":"","ref":""},"geometry":{"type":"LineString","coordinates":[[28.443437,43.48213],[28.443675,43.482258]]}},{"type":"Feature","properties":{"osm_id":1457879687,"voltage":"110000","circuits":"1","cables":"3","name":"","operator":"","ref":""},"geometry":{"type":"LineString","coordinates":[[28.336961,43.442485],[28.336809,43.442782]]}},{"type":"Feature","properties":{"osm_id":1457879688,"voltage":"110000","circuits":"1","cables":"3","name":"","operator":"","ref":""},"geometry":{"type":"LineString","coordinates":[[28.336848,43.44248],[28.336809,43.442782]]}},{"type":"Feature","properties":{"osm_id":1457879689,"voltage":"110000","circuits":"1","cables":"3","name":"","operator":"","ref":""},"geometry":{"type":"LineString","coordinates":[[28.336503,43.442464],[28.336416,43.442732]]}},{"type":"Feature","properties":{"osm_id":1457879690,"voltage":"110000","circuits":"1","cables":"3","name":"","operator":"","ref":""},"geometry":{"type":"LineString","coordinates":[[28.336401,43.442459],[28.336416,43.442732]]}},{"type":"Feature","properties":{"osm_id":1457879693,"voltage":"110000","circuits":"1","cables":"3","name":"","operator":"","ref":""},"geometry":{"type":"LineString","coordinates":[[28.546075,43.54997],[28.545942,43.550474]]}},{"type":"Feature","properties":{"osm_id":1457879695,"voltage":"110000","circuits":"1","cables":"3","name":"","operator":"","ref":""},"geometry":{"type":"LineString","coordinates":[[28.545752,43.550107],[28.545429,43.550865]]}},{"type":"Feature","properties":{"osm_id":1457879696,"voltage":"110000","circuits":"1","cables":"3","name":"","operator":"","ref":""},"geometry":{"type":"LineString","coordinates":[[28.444314,43.483126],[28.44389,43.482669]]}},{"type":"Feature","properties":{"osm_id":1457884284,"voltage":"110000","circuits":"1","cables":"3","name":"","operator":"","ref":""},"geometry":{"type":"LineString","coordinates":[[28.062824,43.369165],[28.062603,43.369424],[28.061437,43.370687],[28.059924,43.371993],[28.058696,43.373038],[28.056958,43.373892],[28.055322,43.37459],[28.055804,43.376781],[28.056389,43.379055],[28.056838,43.381393],[28.057265,43.383491],[28.057685,43.385523],[28.058056,43.387412],[28.058393,43.389142],[28.060331,43.391856],[28.061233,43.393125],[28.062568,43.395021],[28.063749,43.396669],[28.064975,43.398414],[28.066517,43.400577],[28.068118,43.402828],[28.068416,43.403253],[28.070575,43.404075],[28.072697,43.404874],[28.074786,43.405665],[28.076913,43.406468],[28.079124,43.407302],[28.081047,43.408228],[28.083112,43.409013],[28.085193,43.409812],[28.087497,43.410695],[28.090096,43.411427],[28.092459,43.412353],[28.094637,43.413194],[28.096842,43.414036],[28.098921,43.414825],[28.100836,43.415562],[28.10303,43.416374],[28.104926,43.417112],[28.107112,43.417942],[28.109317,43.41878],[28.111423,43.419561],[28.11356,43.420384],[28.118335,43.422184],[28.12065,43.423086],[28.122793,43.423917],[28.125081,43.424773],[28.126749,43.425602],[28.128471,43.426206],[28.132027,43.427441],[28.134415,43.428328],[28.136086,43.428953],[28.140289,43.430575],[28.141903,43.431199],[28.144044,43.431993],[28.146179,43.432798],[28.151031,43.434652],[28.151755,43.43514]]}},{"type":"Feature","properties":{"osm_id":1457884286,"voltage":"110000","circuits":"1","cables":"3","name":"","operator":"","ref":""},"geometry":{"type":"LineString","coordinates":[[27.929987,43.22599],[27.930242,43.225945]]}},{"type":"Feature","properties":{"osm_id":1457884287,"voltage":"110000","circuits":"1","cables":"3","name":"","operator":"","ref":"Сирена"},"geometry":{"type":"LineString","coordinates":[[27.930076,43.225623],[27.930242,43.225945]]}},{"type":"Feature","properties":{"osm_id":1457884288,"voltage":"110000","circuits":"1","cables":"3","name":"Лебед-Бриз","operator":"","ref":"Лебед/Бриз"},"geometry":{"type":"LineString","coordinates":[[27.929955,43.225636],[27.929987,43.22599]]}},{"type":"Feature","properties":{"osm_id":1457884290,"voltage":"110000","circuits":"1","cables":"3","name":"","operator":"","ref":""},"geometry":{"type":"LineString","coordinates":[[27.890416,43.223796],[27.890184,43.223982]]}},{"type":"Feature","properties":{"osm_id":1457884291,"voltage":"110000","circuits":"1","cables":"3","name":"","operator":"","ref":""},"geometry":{"type":"LineString","coordinates":[[27.890338,43.223751],[27.890184,43.223982]]}},{"type":"Feature","properties":{"osm_id":1457884292,"voltage":"110000","circuits":"1","cables":"3","name":"","operator":"","ref":""},"geometry":{"type":"LineString","coordinates":[[27.890242,43.223696],[27.889869,43.223945]]}},{"type":"Feature","properties":{"osm_id":1457884293,"voltage":"110000","circuits":"1","cables":"3","name":"","operator":"","ref":""},"geometry":{"type":"LineString","coordinates":[[27.890158,43.223647],[27.889869,43.223945]]}},{"type":"Feature","properties":{"osm_id":1457884294,"voltage":"110000","circuits":"1","cables":"3","name":"","operator":"","ref":""},"geometry":{"type":"LineString","coordinates":[[27.890081,43.223603],[27.889674,43.223855]]}},{"type":"Feature","properties":{"osm_id":1457884295,"voltage":"110000","circuits":"1","cables":"3","name":"","operator":"","ref":""},"geometry":{"type":"LineString","coordinates":[[27.889991,43.223551],[27.889674,43.223855]]}},{"type":"Feature","properties":{"osm_id":1457884296,"voltage":"110000","circuits":"1","cables":"3","name":"","operator":"","ref":"Сирена"},"geometry":{"type":"LineString","coordinates":[[28.036169,43.276305],[28.035609,43.276672],[28.033322,43.275901],[28.029293,43.27449],[28.025278,43.272354],[28.023222,43.27134],[28.020742,43.270144],[28.017823,43.268716],[28.015402,43.267532],[28.012201,43.265966],[28.010522,43.265145],[28.007865,43.263866],[28.006259,43.263103],[28.004352,43.262143],[28.002638,43.261995],[27.999985,43.261713],[27.995336,43.261243],[27.993462,43.261052],[27.990212,43.260641],[27.987727,43.259779],[27.985672,43.259066],[27.983498,43.258312],[27.98085,43.257422],[27.976971,43.256063],[27.972895,43.254715],[27.971592,43.253421],[27.970368,43.252208],[27.968964,43.250849],[27.967399,43.249319],[27.966463,43.248383],[27.965151,43.247092],[27.96422,43.246167]]}},{"type":"Feature","properties":{"osm_id":1457886998,"voltage":"110000","circuits":"1","cables":"3","name":"","operator":"","ref":""},"geometry":{"type":"LineString","coordinates":[[27.781494,42.989687],[27.781263,42.989107],[27.780283,42.986095],[27.779832,42.98466],[27.778679,42.981005],[27.775503,42.980865],[27.772925,42.980734],[27.768062,42.980494],[27.764922,42.980334],[27.760839,42.980131],[27.757714,42.979976],[27.754769,42.98127],[27.752034,42.98333],[27.749383,42.985347],[27.747259,42.986924],[27.744405,42.989063],[27.741948,42.990872],[27.739213,42.992944],[27.736445,42.994996],[27.734368,42.996569],[27.733411,42.996883]]}},{"type":"Feature","properties":{"osm_id":1457887000,"voltage":"110000","circuits":"1","cables":"3","name":"","operator":"","ref":""},"geometry":{"type":"LineString","coordinates":[[27.877966,43.188607],[27.877333,43.188467]]}},{"type":"Feature","properties":{"osm_id":1457887001,"voltage":"110000","circuits":"1","cables":"3","name":"","operator":"","ref":""},"geometry":{"type":"LineString","coordinates":[[27.877895,43.188679],[27.877333,43.188467]]}},{"type":"Feature","properties":{"osm_id":1457887006,"voltage":"110000","circuits":"1","cables":"3","name":"","operator":"","ref":""},"geometry":{"type":"LineString","coordinates":[[27.76242,43.197828],[27.761834,43.198337]]}},{"type":"Feature","properties":{"osm_id":1457887007,"voltage":"110000","circuits":"1","cables":"3","name":"","operator":"","ref":""},"geometry":{"type":"LineString","coordinates":[[27.762574,43.197964],[27.761949,43.198404]]}},{"type":"Feature","properties":{"osm_id":1457887008,"voltage":"110000","circuits":"1","cables":"3","name":"","operator":"","ref":""},"geometry":{"type":"LineString","coordinates":[[27.762497,43.197896],[27.761949,43.198404]]}},{"type":"Feature","properties":{"osm_id":1457887009,"voltage":"110000","circuits":"1","cables":"3","name":"","operator":"","ref":""},"geometry":{"type":"LineString","coordinates":[[27.762213,43.197646],[27.761806,43.19811]]}},{"type":"Feature","properties":{"osm_id":1457887010,"voltage":"110000","circuits":"1","cables":"3","name":"","operator":"","ref":""},"geometry":{"type":"LineString","coordinates":[[27.762103,43.197549],[27.761806,43.19811]]}},{"type":"Feature","properties":{"osm_id":1457887011,"voltage":"110000","circuits":"1","cables":"3","name":"","operator":"","ref":""},"geometry":{"type":"LineString","coordinates":[[27.76201,43.197468],[27.761478,43.198082]]}},{"type":"Feature","properties":{"osm_id":1457887012,"voltage":"110000","circuits":"1","cables":"3","name":"","operator":"","ref":""},"geometry":{"type":"LineString","coordinates":[[27.76178,43.197266],[27.761449,43.197911]]}},{"type":"Feature","properties":{"osm_id":1457887013,"voltage":"110000","circuits":"1","cables":"3","name":"","operator":"","ref":""},"geometry":{"type":"LineString","coordinates":[[27.761714,43.197208],[27.761449,43.197911]]}},{"type":"Feature","properties":{"osm_id":1457887014,"voltage":"110000","circuits":"1","cables":"3","name":"","operator":"","ref":""},"geometry":{"type":"LineString","coordinates":[[27.761584,43.197093],[27.761185,43.197671]]}},{"type":"Feature","properties":{"osm_id":1457887015,"voltage":"110000","circuits":"1","cables":"3","name":"","operator":"","ref":""},"geometry":{"type":"LineString","coordinates":[[27.761508,43.197027],[27.761185,43.197671]]}},{"type":"Feature","properties":{"osm_id":1458063038,"voltage":"110000","circuits":"1","cables":"3","name":"","operator":"","ref":""},"geometry":{"type":"LineString","coordinates":[[27.207466,44.088607],[27.207751,44.088818]]}},{"type":"Feature","properties":{"osm_id":1458063500,"voltage":"110000","circuits":"1","cables":"3","name":"","operator":"","ref":""},"geometry":{"type":"LineString","coordinates":[[27.602076,43.218662],[27.601689,43.218546],[27.600561,43.2175],[27.599203,43.216112],[27.597871,43.214619],[27.596533,43.212877],[27.594656,43.210712],[27.592747,43.208586],[27.591505,43.207165],[27.589703,43.205066],[27.587864,43.20294],[27.586013,43.200783],[27.584531,43.199035],[27.5831,43.197362],[27.580995,43.194932],[27.578624,43.192297],[27.576146,43.189403],[27.573086,43.185827],[27.571796,43.182746],[27.570737,43.180153],[27.569393,43.176793],[27.569028,43.175848],[27.567987,43.173299],[27.566897,43.171199],[27.565562,43.168671],[27.56413,43.165991],[27.563883,43.164376],[27.563275,43.162584],[27.56247,43.159501],[27.561373,43.1567],[27.560344,43.154136],[27.559402,43.151802],[27.559309,43.151572]]}},{"type":"Feature","properties":{"osm_id":1458063501,"voltage":"110000","circuits":"1","cables":"3","name":"","operator":"","ref":""},"geometry":{"type":"LineString","coordinates":[[27.585457,43.14174],[27.58583,43.141653]]}},{"type":"Feature","properties":{"osm_id":1458063502,"voltage":"110000","circuits":"1","cables":"3","name":"","operator":"","ref":""},"geometry":{"type":"LineString","coordinates":[[27.585822,43.141566],[27.585457,43.14174]]}},{"type":"Feature","properties":{"osm_id":1458067764,"voltage":"110000","circuits":"1","cables":"3","name":"","operator":"","ref":""},"geometry":{"type":"LineString","coordinates":[[25.86477,42.124766],[25.865361,42.124448]]}},{"type":"Feature","properties":{"osm_id":1458253206,"voltage":"110000","circuits":"1","cables":"3","name":"","operator":"","ref":""},"geometry":{"type":"LineString","coordinates":[[24.072117,43.29656],[24.072407,43.296631]]}},{"type":"Feature","properties":{"osm_id":1458264597,"voltage":"110000","circuits":"1","cables":"3","name":"","operator":"","ref":""},"geometry":{"type":"LineString","coordinates":[[26.539266,43.56464],[26.538321,43.564796]]}},{"type":"Feature","properties":{"osm_id":1458264598,"voltage":"110000","circuits":"1","cables":"3","name":"","operator":"","ref":""},"geometry":{"type":"LineString","coordinates":[[26.539177,43.564571],[26.538321,43.564796]]}},{"type":"Feature","properties":{"osm_id":1458264601,"voltage":"110000","circuits":"2","cables":"6","name":"","operator":"","ref":""},"geometry":{"type":"LineString","coordinates":[[26.512056,43.543491],[26.515428,43.544348],[26.520717,43.545663],[26.523348,43.547463],[26.525934,43.549242],[26.528726,43.551153],[26.531395,43.552945],[26.534477,43.555056],[26.537221,43.556942],[26.53854,43.558647],[26.538283,43.560862],[26.537977,43.563496],[26.538321,43.564796]]}},{"type":"Feature","properties":{"osm_id":1458264602,"voltage":"110000","circuits":"1","cables":"3","name":"","operator":"","ref":""},"geometry":{"type":"LineString","coordinates":[[26.511699,43.542994],[26.512056,43.543491]]}},{"type":"Feature","properties":{"osm_id":1458264603,"voltage":"110000","circuits":"1","cables":"3","name":"","operator":"","ref":""},"geometry":{"type":"LineString","coordinates":[[26.511625,43.543029],[26.512056,43.543491]]}},{"type":"Feature","properties":{"osm_id":1458264937,"voltage":"110000","circuits":"1","cables":"3","name":"","operator":"","ref":""},"geometry":{"type":"LineString","coordinates":[[26.528524,43.569526],[26.528585,43.56985],[26.528705,43.57043],[26.525615,43.571103],[26.522123,43.571849],[26.518797,43.572564],[26.516174,43.573295],[26.51295,43.574185],[26.510294,43.574686],[26.507617,43.575382],[26.505386,43.575988],[26.502028,43.576858],[26.499388,43.577527],[26.496116,43.577014],[26.492457,43.576361],[26.489427,43.575848],[26.487694,43.575549],[26.487329,43.573672],[26.487023,43.572117],[26.486728,43.570586],[26.48845,43.568697],[26.490231,43.566749],[26.492028,43.564775],[26.494293,43.562694],[26.495307,43.561891],[26.494122,43.56032],[26.493096,43.558937],[26.491622,43.556955],[26.49035,43.555231],[26.490233,43.554954]]}},{"type":"Feature","properties":{"osm_id":1458264938,"voltage":"110000","circuits":"1","cables":"3","name":"","operator":"","ref":""},"geometry":{"type":"LineString","coordinates":[[26.528897,43.569533],[26.528823,43.569851]]}},{"type":"Feature","properties":{"osm_id":1458264939,"voltage":"110000","circuits":"1","cables":"3","name":"","operator":"","ref":""},"geometry":{"type":"LineString","coordinates":[[26.52865,43.56953],[26.528823,43.569851]]}},{"type":"Feature","properties":{"osm_id":1458264943,"voltage":"110000","circuits":"2","cables":"6","name":"","operator":"","ref":""},"geometry":{"type":"LineString","coordinates":[[26.538321,43.564796],[26.538017,43.566946],[26.537736,43.568934],[26.534987,43.569416],[26.532007,43.569958],[26.528965,43.570496],[26.528823,43.569851]]}},{"type":"Feature","properties":{"osm_id":1458265798,"voltage":"110000","circuits":"1","cables":"3","name":"","operator":"","ref":""},"geometry":{"type":"LineString","coordinates":[[26.511974,43.542343],[26.51179,43.542093]]}},{"type":"Feature","properties":{"osm_id":1458265799,"voltage":"110000","circuits":"1","cables":"3","name":"","operator":"","ref":""},"geometry":{"type":"LineString","coordinates":[[26.511868,43.542393],[26.51179,43.542093]]}},{"type":"Feature","properties":{"osm_id":1458265800,"voltage":"110000","circuits":"1","cables":"3","name":"","operator":"","ref":""},"geometry":{"type":"LineString","coordinates":[[26.511377,43.542624],[26.511124,43.542397]]}},{"type":"Feature","properties":{"osm_id":1458265801,"voltage":"110000","circuits":"1","cables":"3","name":"","operator":"","ref":""},"geometry":{"type":"LineString","coordinates":[[26.511273,43.542673],[26.511124,43.542397]]}},{"type":"Feature","properties":{"osm_id":1458266743,"voltage":"110000","circuits":"1","cables":"3","name":"","operator":"","ref":""},"geometry":{"type":"LineString","coordinates":[[26.026331,43.789482],[26.026341,43.78906]]}},{"type":"Feature","properties":{"osm_id":1458266744,"voltage":"110000","circuits":"1","cables":"3","name":"","operator":"","ref":""},"geometry":{"type":"LineString","coordinates":[[26.026231,43.789428],[26.026341,43.78906]]}},{"type":"Feature","properties":{"osm_id":1458268361,"voltage":"110000","circuits":"1","cables":"3","name":"","operator":"","ref":""},"geometry":{"type":"LineString","coordinates":[[25.889755,43.026697],[25.889983,43.026397]]}},{"type":"Feature","properties":{"osm_id":1458268362,"voltage":"110000","circuits":"1","cables":"3","name":"","operator":"","ref":""},"geometry":{"type":"LineString","coordinates":[[25.889913,43.026617],[25.889755,43.026697]]}},{"type":"Feature","properties":{"osm_id":1458268363,"voltage":"110000","circuits":"1","cables":"3","name":"","operator":"","ref":""},"geometry":{"type":"LineString","coordinates":[[25.848099,43.033587],[25.848256,43.031464],[25.848458,43.02952],[25.848676,43.026598],[25.848813,43.023075],[25.849058,43.020334],[25.84928,43.017922],[25.849536,43.015014],[25.849804,43.012053],[25.85002,43.009361],[25.850177,43.007508],[25.85045,43.00366],[25.850636,43.001461],[25.850851,42.998723],[25.851107,42.995618],[25.851258,42.993441],[25.851455,42.991037],[25.851621,42.988932],[25.85181,42.986279],[25.851878,42.984997],[25.852052,42.982709],[25.85218,42.98066],[25.852282,42.979108],[25.852383,42.977541],[25.852513,42.97564],[25.852607,42.97429],[25.852665,42.973131],[25.853781,42.972063],[25.855191,42.9707],[25.856055,42.969881],[25.8592,42.966875],[25.861518,42.964672],[25.863731,42.962524],[25.864964,42.961326],[25.867162,42.959229],[25.868494,42.957946],[25.87181,42.954757],[25.874159,42.952481],[25.875146,42.951524],[25.877379,42.949369],[25.879373,42.94744],[25.880851,42.946084],[25.884607,42.942495],[25.887017,42.940142],[25.888775,42.938483],[25.891422,42.935931],[25.892089,42.933638],[25.892197,42.933246]]}},{"type":"Feature","properties":{"osm_id":1458313674,"voltage":"110000","circuits":"1","cables":"3","name":"","operator":"","ref":""},"geometry":{"type":"LineString","coordinates":[[27.532188,42.599168],[27.531933,42.599139],[27.530944,42.6002],[27.528976,42.602301],[27.526948,42.60442],[27.524926,42.606563],[27.522841,42.608749],[27.520744,42.610968],[27.518671,42.613153],[27.517236,42.614663],[27.515149,42.616824],[27.513183,42.618836],[27.511005,42.62108],[27.509248,42.622888],[27.507051,42.625145],[27.50486,42.627413],[27.502787,42.629564],[27.500761,42.631662],[27.498736,42.633732],[27.496719,42.635827],[27.496171,42.637906]]}},{"type":"Feature","properties":{"osm_id":1458313675,"voltage":"110000","circuits":"1","cables":"3","name":"","operator":"","ref":""},"geometry":{"type":"LineString","coordinates":[[27.532216,42.599037],[27.531721,42.598981],[27.53062,42.600156],[27.528728,42.602153],[27.526681,42.604318],[27.524577,42.606492],[27.522512,42.608668],[27.520537,42.610792],[27.518451,42.612975],[27.517072,42.61444],[27.514975,42.616595],[27.512652,42.618992],[27.51064,42.621052],[27.508929,42.622836],[27.506998,42.62483],[27.504718,42.627182],[27.502604,42.629365],[27.50055,42.6315],[27.498468,42.633639],[27.496655,42.635526],[27.494496,42.637698]]}},{"type":"Feature","properties":{"osm_id":1458315820,"voltage":"110000","circuits":"1","cables":"3","name":"","operator":"","ref":""},"geometry":{"type":"LineString","coordinates":[[26.717363,42.542983],[26.717087,42.542863]]}},{"type":"Feature","properties":{"osm_id":1458315821,"voltage":"110000","circuits":"1","cables":"3","name":"","operator":"","ref":""},"geometry":{"type":"LineString","coordinates":[[26.717087,42.542863],[26.716017,42.542399],[26.713966,42.54151],[26.710769,42.540174],[26.707143,42.538652],[26.703538,42.537107],[26.701819,42.536352],[26.698598,42.53494],[26.695371,42.53356],[26.692593,42.532372],[26.689297,42.530963],[26.68679,42.529891],[26.68481,42.529044],[26.682655,42.528123],[26.679441,42.526749],[26.676187,42.525357],[26.674184,42.524501],[26.672214,42.523658],[26.669858,42.522651],[26.667376,42.521623],[26.665572,42.520876],[26.662633,42.51957],[26.659737,42.518346],[26.656515,42.51695],[26.653569,42.515709],[26.651133,42.514665],[26.649157,42.513787],[26.646687,42.512755],[26.643299,42.511281],[26.640149,42.509943],[26.637175,42.508665],[26.634462,42.507498],[26.63222,42.506518],[26.629961,42.505608],[26.627403,42.504465],[26.625017,42.503441],[26.622653,42.502433],[26.62056,42.501514],[26.618268,42.500526],[26.615627,42.499412],[26.612482,42.49804],[26.609387,42.496722],[26.60642,42.495436],[26.602996,42.493962],[26.601423,42.493282],[26.601099,42.493145],[26.60032,42.49281],[26.598168,42.491883],[26.59551,42.490738],[26.593876,42.490035],[26.591549,42.489032],[26.589033,42.487949],[26.586924,42.487041],[26.584557,42.486021],[26.582196,42.485004],[26.580441,42.484249],[26.578363,42.483354],[26.575409,42.482081],[26.572741,42.480933],[26.570051,42.479774],[26.56721,42.47855],[26.565629,42.477869],[26.56301,42.476741],[26.56025,42.475552],[26.559191,42.475097],[26.557519,42.477115],[26.555005,42.480011],[26.553091,42.482229],[26.550728,42.485066],[26.54766,42.486642],[26.544576,42.488191],[26.541742,42.489583],[26.539042,42.49097],[26.535841,42.49259],[26.533738,42.493004],[26.530016,42.493785],[26.529648,42.494166]]}},{"type":"Feature","properties":{"osm_id":1458328801,"voltage":"110000","circuits":"1","cables":"3","name":"","operator":"","ref":""},"geometry":{"type":"LineString","coordinates":[[25.606296,42.601439],[25.608659,42.602797],[25.611019,42.604108],[25.612639,42.604945],[25.614688,42.606122],[25.616016,42.606837]]}},{"type":"Feature","properties":{"osm_id":1458328803,"voltage":"110000","circuits":"1","cables":"3","name":"","operator":"","ref":""},"geometry":{"type":"LineString","coordinates":[[25.638906,42.601203],[25.639204,42.601568]]}},{"type":"Feature","properties":{"osm_id":1458328804,"voltage":"110000","circuits":"1","cables":"3","name":"","operator":"","ref":""},"geometry":{"type":"LineString","coordinates":[[25.638793,42.601212],[25.639204,42.601568]]}},{"type":"Feature","properties":{"osm_id":1458328807,"voltage":"110000","circuits":"1","cables":"3","name":"","operator":"","ref":""},"geometry":{"type":"LineString","coordinates":[[25.532502,42.565927],[25.534695,42.564983],[25.537102,42.563906],[25.538258,42.562863],[25.539942,42.561406],[25.541646,42.559979],[25.542794,42.558945],[25.544413,42.557469],[25.546044,42.556099],[25.547735,42.554604],[25.54951,42.553065],[25.551129,42.551594],[25.552747,42.550128],[25.554588,42.548604],[25.556281,42.547066],[25.558357,42.545277],[25.559905,42.543943],[25.561484,42.542528],[25.563409,42.540835],[25.566462,42.538259],[25.567851,42.536969],[25.569632,42.535406],[25.571117,42.534105],[25.572876,42.53258],[25.574361,42.531306],[25.575928,42.52989],[25.577738,42.528314],[25.579364,42.526883],[25.581134,42.525306],[25.582127,42.524435],[25.583658,42.523142],[25.585264,42.521707],[25.588353,42.519006],[25.591177,42.516506],[25.592749,42.515148],[25.594503,42.513599],[25.596218,42.512116],[25.597607,42.510871],[25.599368,42.50935],[25.601031,42.50786],[25.602847,42.506279],[25.604369,42.504905],[25.605968,42.503527],[25.607511,42.502189]]}},{"type":"Feature","properties":{"osm_id":1458328809,"voltage":"110000","circuits":"1","cables":"3","name":"","operator":"","ref":""},"geometry":{"type":"LineString","coordinates":[[25.413566,42.617872],[25.413349,42.61817]]}},{"type":"Feature","properties":{"osm_id":1458328812,"voltage":"110000","circuits":"1","cables":"3","name":"","operator":"","ref":""},"geometry":{"type":"LineString","coordinates":[[25.412793,42.618413],[25.41318,42.618162]]}},{"type":"Feature","properties":{"osm_id":1458348573,"voltage":"110000","circuits":"1","cables":"3","name":"","operator":"","ref":""},"geometry":{"type":"LineString","coordinates":[[27.021175,43.284264],[27.021175,43.28483]]}},{"type":"Feature","properties":{"osm_id":1458348574,"voltage":"110000","circuits":"1","cables":"3","name":"","operator":"","ref":""},"geometry":{"type":"LineString","coordinates":[[27.021075,43.284282],[27.021175,43.28483]]}},{"type":"Feature","properties":{"osm_id":1458348579,"voltage":"110000","circuits":"1","cables":"3","name":"","operator":"","ref":""},"geometry":{"type":"LineString","coordinates":[[26.538943,43.506894],[26.539086,43.507182],[26.539077,43.507497],[26.541604,43.509746],[26.542887,43.510876],[26.542668,43.512532],[26.542602,43.514353],[26.543645,43.516509],[26.542739,43.51704],[26.541614,43.517508],[26.541365,43.51773]]}},{"type":"Feature","properties":{"osm_id":1458348580,"voltage":"110000","circuits":"1","cables":"3","name":"","operator":"","ref":""},"geometry":{"type":"LineString","coordinates":[[26.538831,43.506917],[26.538841,43.507235]]}},{"type":"Feature","properties":{"osm_id":1458348581,"voltage":"110000","circuits":"1","cables":"3","name":"","operator":"","ref":""},"geometry":{"type":"LineString","coordinates":[[26.538713,43.506941],[26.538841,43.507235]]}},{"type":"Feature","properties":{"osm_id":1458348582,"voltage":"110000","circuits":"1","cables":"3","name":"","operator":"","ref":""},"geometry":{"type":"LineString","coordinates":[[26.539798,43.506718],[26.539972,43.507021]]}},{"type":"Feature","properties":{"osm_id":1458348583,"voltage":"110000","circuits":"1","cables":"3","name":"","operator":"","ref":""},"geometry":{"type":"LineString","coordinates":[[26.539693,43.506738],[26.539972,43.507021]]}},{"type":"Feature","properties":{"osm_id":1458349229,"voltage":"110000","circuits":"1","cables":"3","name":"","operator":"","ref":""},"geometry":{"type":"LineString","coordinates":[[26.540854,43.507535],[26.54226,43.509582],[26.543118,43.510786],[26.54301,43.512624],[26.54291,43.514465],[26.543863,43.516545],[26.542915,43.517096],[26.541772,43.517578],[26.541543,43.517799]]}},{"type":"Feature","properties":{"osm_id":1458349231,"voltage":"110000","circuits":"1","cables":"3","name":"","operator":"","ref":""},"geometry":{"type":"LineString","coordinates":[[26.539296,43.518074],[26.539689,43.517854]]}},{"type":"Feature","properties":{"osm_id":1458349232,"voltage":"110000","circuits":"1","cables":"3","name":"","operator":"","ref":""},"geometry":{"type":"LineString","coordinates":[[26.539222,43.517954],[26.539689,43.517854]]}},{"type":"Feature","properties":{"osm_id":1458349233,"voltage":"110000","circuits":"2","cables":"6","name":"","operator":"","ref":""},"geometry":{"type":"LineString","coordinates":[[26.538841,43.507235],[26.538804,43.509053],[26.538974,43.509773],[26.539488,43.512084],[26.540118,43.514942],[26.540645,43.51671],[26.539689,43.517854]]}},{"type":"Feature","properties":{"osm_id":1458441642,"voltage":"110000","circuits":"1","cables":"3","name":"","operator":"","ref":""},"geometry":{"type":"LineString","coordinates":[[25.530075,41.93547],[25.529678,41.935515]]}},{"type":"Feature","properties":{"osm_id":1458441643,"voltage":"110000","circuits":"1","cables":"3","name":"","operator":"","ref":""},"geometry":{"type":"LineString","coordinates":[[25.530039,41.935632],[25.529678,41.935515]]}},{"type":"Feature","properties":{"osm_id":1458441645,"voltage":"110000","circuits":"1","cables":"3","name":"","operator":"","ref":""},"geometry":{"type":"LineString","coordinates":[[25.350791,41.92997],[25.351148,41.929054],[25.35173,41.927466],[25.352599,41.925109],[25.353237,41.923343],[25.354141,41.920902],[25.354863,41.918936],[25.355684,41.916743],[25.356491,41.914611],[25.359471,41.913783],[25.363066,41.912827],[25.365699,41.912118],[25.368792,41.912689],[25.371852,41.913258],[25.375092,41.913859],[25.378667,41.914523],[25.381776,41.913929],[25.385445,41.913246],[25.388731,41.912637],[25.392006,41.912024],[25.394369,41.911567],[25.397341,41.911016],[25.401233,41.91028],[25.404033,41.909777],[25.406903,41.909224],[25.410841,41.908465],[25.413155,41.908034],[25.415977,41.909122],[25.418581,41.91013],[25.420472,41.910853],[25.422833,41.910921],[25.425587,41.910975],[25.429353,41.911072],[25.432406,41.911142],[25.434951,41.911194],[25.439001,41.911294],[25.442311,41.91138],[25.445202,41.911446],[25.447742,41.91118],[25.451401,41.910781],[25.456283,41.910262],[25.460107,41.909879],[25.464042,41.909455],[25.468629,41.908956],[25.470801,41.909509],[25.474396,41.910418],[25.478035,41.91135],[25.481965,41.912354],[25.485047,41.913136],[25.487517,41.914507],[25.489561,41.915645],[25.492018,41.916276],[25.495523,41.91715],[25.497814,41.917741],[25.501038,41.918563],[25.504444,41.919439],[25.507896,41.920315],[25.510857,41.921062],[25.512963,41.9228],[25.515149,41.924592],[25.517338,41.926396],[25.51973,41.928354],[25.52131,41.930772],[25.522282,41.932272],[25.525038,41.933376],[25.527407,41.934335],[25.529698,41.935274],[25.530109,41.935317]]}},{"type":"Feature","properties":{"osm_id":1458445438,"voltage":"110000","circuits":"","cables":"4","name":"","operator":"","ref":""},"geometry":{"type":"LineString","coordinates":[[25.591603,42.076249],[25.590239,42.076747]]}},{"type":"Feature","properties":{"osm_id":1458445439,"voltage":"110000","circuits":"1","cables":"3","name":"","operator":"","ref":""},"geometry":{"type":"LineString","coordinates":[[25.578611,42.071448],[25.578838,42.071477],[25.579342,42.071136],[25.581786,42.070531],[25.584471,42.071781],[25.58906,42.074579],[25.591603,42.076249]]}},{"type":"Feature","properties":{"osm_id":1458445440,"voltage":"110000","circuits":"1","cables":"3","name":"","operator":"","ref":""},"geometry":{"type":"LineString","coordinates":[[25.622951,41.941941],[25.623563,41.941911]]}},{"type":"Feature","properties":{"osm_id":1458445450,"voltage":"110000","circuits":"1","cables":"3","name":"","operator":"","ref":""},"geometry":{"type":"LineString","coordinates":[[25.530729,41.966568],[25.533224,41.964937],[25.536159,41.963024],[25.53901,41.961138],[25.540563,41.960108],[25.541706,41.959359],[25.543916,41.957895],[25.545965,41.956566],[25.547692,41.955419],[25.549731,41.954059],[25.551874,41.95268],[25.553146,41.951825],[25.553342,41.950181],[25.553373,41.949942]]}},{"type":"Feature","properties":{"osm_id":1458445451,"voltage":"110000","circuits":"1","cables":"3","name":"","operator":"","ref":""},"geometry":{"type":"LineString","coordinates":[[25.578913,41.939153],[25.581735,41.939781],[25.585474,41.940609],[25.588239,41.94119],[25.590237,41.941637],[25.591525,41.941932],[25.594567,41.942626],[25.598469,41.94353],[25.604045,41.945022],[25.60584,41.945297],[25.608766,41.945806],[25.611757,41.946546],[25.613417,41.945784],[25.614994,41.94508],[25.61799,41.943917],[25.620782,41.942864],[25.621126,41.942724]]}},{"type":"Feature","properties":{"osm_id":1458445452,"voltage":"110000","circuits":"1","cables":"3","name":"","operator":"","ref":""},"geometry":{"type":"LineString","coordinates":[[25.553608,41.949957],[25.553475,41.950194]]}},{"type":"Feature","properties":{"osm_id":1458445453,"voltage":"110000","circuits":"1","cables":"3","name":"","operator":"","ref":""},"geometry":{"type":"LineString","coordinates":[[25.553486,41.949949],[25.553475,41.950194]]}},{"type":"Feature","properties":{"osm_id":1458445454,"voltage":"110000","circuits":"1","cables":"3","name":"","operator":"","ref":""},"geometry":{"type":"LineString","coordinates":[[25.55327,41.949936],[25.553128,41.950177]]}},{"type":"Feature","properties":{"osm_id":1458445455,"voltage":"110000","circuits":"1","cables":"3","name":"","operator":"","ref":""},"geometry":{"type":"LineString","coordinates":[[25.553153,41.949929],[25.553128,41.950177]]}},{"type":"Feature","properties":{"osm_id":1459917303,"voltage":"110000","circuits":"1","cables":"3","name":"","operator":"","ref":""},"geometry":{"type":"LineString","coordinates":[[22.886531,43.794105],[22.886828,43.794281]]}},{"type":"Feature","properties":{"osm_id":1459917304,"voltage":"110000","circuits":"2","cables":"6","name":"","operator":"ЕРМ Запад","ref":""},"geometry":{"type":"LineString","coordinates":[[22.810806,43.888143],[22.811095,43.885993],[22.811338,43.884006],[22.8116,43.881743],[22.811978,43.878903],[22.812207,43.876762],[22.81247,43.874765],[22.81256,43.873984],[22.812582,43.873801],[22.8126,43.873641],[22.812688,43.872885],[22.81292,43.870906],[22.813153,43.869007],[22.813381,43.867354],[22.813569,43.865778],[22.813817,43.863712],[22.81399,43.862279],[22.814023,43.862],[22.814041,43.861851],[22.814269,43.860053],[22.814534,43.85786],[22.814833,43.85546],[22.815113,43.853165],[22.815225,43.852215],[22.81538,43.850901],[22.815443,43.850366],[22.815769,43.847823],[22.81605,43.845562],[22.816387,43.843431],[22.818532,43.84192],[22.82114,43.840092],[22.824111,43.838009],[22.826729,43.836173],[22.828649,43.834848],[22.830588,43.833458],[22.832305,43.832268],[22.834208,43.830951],[22.836021,43.829652],[22.837677,43.828492],[22.839292,43.827353],[22.841129,43.826075],[22.842395,43.825174],[22.844576,43.823649],[22.846221,43.822496],[22.847642,43.82149],[22.849593,43.820131],[22.851334,43.818903],[22.852913,43.817784],[22.854545,43.816647],[22.856816,43.815053],[22.859105,43.813437],[22.861038,43.812073],[22.863324,43.810482],[22.865552,43.80891],[22.867642,43.807438],[22.869305,43.806257],[22.871897,43.804449],[22.874778,43.802408],[22.877151,43.800761],[22.879283,43.799243],[22.881631,43.797611],[22.883024,43.796609],[22.886531,43.794105]]}},{"type":"Feature","properties":{"osm_id":1459917307,"voltage":"110000","circuits":"1","cables":"3","name":"","operator":"","ref":""},"geometry":{"type":"LineString","coordinates":[[22.85216,43.979013],[22.852105,43.978771],[22.853816,43.978373],[22.854014,43.978642]]}},{"type":"Feature","properties":{"osm_id":1459917309,"voltage":"110000","circuits":"1","cables":"3","name":"","operator":"","ref":""},"geometry":{"type":"LineString","coordinates":[[22.8515,43.978044],[22.85195,43.978082],[22.853947,43.978237],[22.854114,43.978582]]}},{"type":"Feature","properties":{"osm_id":1459917310,"voltage":"110000","circuits":"1","cables":"3","name":"","operator":"","ref":""},"geometry":{"type":"LineString","coordinates":[[22.852062,43.979051],[22.8515,43.978044]]}},{"type":"Feature","properties":{"osm_id":1459917311,"voltage":"110000","circuits":"1","cables":"3","name":"","operator":"","ref":""},"geometry":{"type":"LineString","coordinates":[[22.85115,43.950564],[22.850589,43.950733]]}},{"type":"Feature","properties":{"osm_id":1459917312,"voltage":"110000","circuits":"1","cables":"3","name":"","operator":"","ref":""},"geometry":{"type":"LineString","coordinates":[[22.850996,43.950444],[22.850589,43.950733]]}},{"type":"Feature","properties":{"osm_id":1460125036,"voltage":"110000","circuits":"1","cables":"3","name":"","operator":"","ref":""},"geometry":{"type":"LineString","coordinates":[[22.994876,42.380075],[22.995519,42.380179],[22.998404,42.381101],[22.999937,42.377926],[23.001246,42.376142],[23.003258,42.374273]]}},{"type":"Feature","properties":{"osm_id":1460125037,"voltage":"110000","circuits":"1","cables":"3","name":"","operator":"","ref":""},"geometry":{"type":"LineString","coordinates":[[22.99487,42.380244],[22.995321,42.380627],[22.998223,42.381427]]}},{"type":"Feature","properties":{"osm_id":1460125040,"voltage":"110000","circuits":"1","cables":"3","name":"","operator":"","ref":""},"geometry":{"type":"LineString","coordinates":[[23.005659,42.359819],[23.005897,42.359724],[23.005209,42.360505],[23.003581,42.362355],[23.002281,42.363075]]}},{"type":"Feature","properties":{"osm_id":1460125041,"voltage":"110000","circuits":"1","cables":"3","name":"","operator":"","ref":""},"geometry":{"type":"LineString","coordinates":[[23.005573,42.359779],[23.005791,42.359445]]}},{"type":"Feature","properties":{"osm_id":1460132535,"voltage":"110000","circuits":"1","cables":"3","name":"","operator":"","ref":""},"geometry":{"type":"LineString","coordinates":[[23.504951,41.502798],[23.505485,41.502353],[23.504927,41.500715],[23.504037,41.498015],[23.501623,41.497656]]}},{"type":"Feature","properties":{"osm_id":1460132536,"voltage":"110000","circuits":"1","cables":"3","name":"","operator":"","ref":""},"geometry":{"type":"LineString","coordinates":[[23.501623,41.497656],[23.499228,41.497184],[23.49255,41.495989],[23.48795,41.49511],[23.484791,41.493668],[23.480245,41.491658],[23.477612,41.490475],[23.474496,41.48908],[23.473138,41.488465],[23.471716,41.487821],[23.467194,41.485789],[23.460772,41.482906],[23.459264,41.481445],[23.456707,41.478601],[23.45461,41.476863],[23.45412,41.476404],[23.452634,41.475014],[23.451985,41.474316],[23.45111,41.473377],[23.448529,41.470846],[23.444062,41.466514],[23.442032,41.464548],[23.44017,41.462701],[23.437666,41.460238],[23.43556,41.458165],[23.432994,41.455647],[23.429571,41.455003],[23.426252,41.454363],[23.420015,41.453126],[23.417749,41.452705],[23.4117,41.45151],[23.408615,41.452089],[23.406812,41.452409],[23.402291,41.453239],[23.398997,41.453843],[23.396861,41.454227],[23.39486,41.454445],[23.393316,41.454865],[23.390148,41.455047],[23.383314,41.455388],[23.37905,41.455677],[23.375822,41.455888],[23.373185,41.456051],[23.369844,41.454901],[23.365227,41.453386],[23.36198,41.452265],[23.358414,41.451062],[23.354584,41.44979],[23.351729,41.448805],[23.348245,41.44765],[23.344457,41.447417],[23.340672,41.447218],[23.336804,41.446969],[23.331446,41.446675],[23.328881,41.447177],[23.327124,41.447481],[23.324783,41.447901],[23.320547,41.448697],[23.315817,41.449575],[23.313857,41.448516],[23.31022,41.44649],[23.307357,41.448796],[23.304113,41.451415],[23.303619,41.451815],[23.300805,41.454045],[23.297679,41.456526],[23.295144,41.458578],[23.292657,41.458571],[23.288034,41.458595],[23.285273,41.458619],[23.281432,41.458635],[23.276075,41.45865],[23.269272,41.456999],[23.265626,41.456094],[23.259178,41.454389],[23.252473,41.451883],[23.249016,41.450583],[23.244172,41.448773],[23.241237,41.447679],[23.238455,41.446598],[23.23569,41.445617],[23.234856,41.444419],[23.233418,41.441394],[23.23148,41.439523],[23.229768,41.437012],[23.22628,41.431859],[23.224563,41.429383],[23.22262,41.42649],[23.220625,41.423618],[23.218686,41.420852],[23.216747,41.41795],[23.214947,41.415328],[23.213107,41.412637],[23.21117,41.40986],[23.21089,41.409339]]}},{"type":"Feature","properties":{"osm_id":1461487489,"voltage":"220000","circuits":"1","cables":"3","name":"","operator":"","ref":""},"geometry":{"type":"LineString","coordinates":[[24.578524,43.433503],[24.577479,43.433029]]}},{"type":"Feature","properties":{"osm_id":1461487490,"voltage":"220000","circuits":"1","cables":"3","name":"","operator":"","ref":""},"geometry":{"type":"LineString","coordinates":[[24.578126,43.433602],[24.577479,43.433029]]}},{"type":"Feature","properties":{"osm_id":1461488636,"voltage":"220000","circuits":"2","cables":"6","name":"","operator":"","ref":""},"geometry":{"type":"LineString","coordinates":[[25.902055,42.720136],[25.903305,42.724597],[25.903929,42.7269],[25.90468,42.729666],[25.905782,42.733699],[25.906359,42.735825],[25.906858,42.737559],[25.907422,42.739678],[25.90843,42.743409],[25.909173,42.746086],[25.909678,42.747993]]}},{"type":"Feature","properties":{"osm_id":1461488637,"voltage":"220000","circuits":"1","cables":"3","name":"","operator":"","ref":""},"geometry":{"type":"LineString","coordinates":[[25.663269,43.14284],[25.663511,43.141893]]}},{"type":"Feature","properties":{"osm_id":1461488638,"voltage":"220000","circuits":"1","cables":"3","name":"","operator":"","ref":""},"geometry":{"type":"LineString","coordinates":[[25.663511,43.141893],[25.663464,43.142836]]}},{"type":"Feature","properties":{"osm_id":1461488639,"voltage":"220000","circuits":"1","cables":"3","name":"","operator":"","ref":""},"geometry":{"type":"LineString","coordinates":[[26.136893,42.257737],[26.136193,42.257031]]}},{"type":"Feature","properties":{"osm_id":1461510674,"voltage":"220000","circuits":"1","cables":"3","name":"","operator":"","ref":""},"geometry":{"type":"LineString","coordinates":[[25.374289,42.609988],[25.374293,42.609832]]}},{"type":"Feature","properties":{"osm_id":1461510675,"voltage":"110000","circuits":"1","cables":"3","name":"","operator":"","ref":""},"geometry":{"type":"LineString","coordinates":[[25.374865,42.61019],[25.374483,42.609805]]}},{"type":"Feature","properties":{"osm_id":1461510676,"voltage":"110000","circuits":"1","cables":"3","name":"","operator":"","ref":""},"geometry":{"type":"LineString","coordinates":[[25.374733,42.61019],[25.374483,42.609805]]}},{"type":"Feature","properties":{"osm_id":1461510677,"voltage":"110000","circuits":"1","cables":"3","name":"","operator":"","ref":""},"geometry":{"type":"LineString","coordinates":[[25.374293,42.609832],[25.374639,42.610191]]}},{"type":"Feature","properties":{"osm_id":1461510679,"voltage":"110000","circuits":"1","cables":"3","name":"","operator":"","ref":""},"geometry":{"type":"LineString","coordinates":[[25.295429,42.648501],[25.298326,42.647947]]}},{"type":"Feature","properties":{"osm_id":1461510680,"voltage":"110000","circuits":"1","cables":"3","name":"","operator":"","ref":""},"geometry":{"type":"LineString","coordinates":[[25.226657,42.652131],[25.226769,42.652667]]}},{"type":"Feature","properties":{"osm_id":1461510681,"voltage":"110000","circuits":"1","cables":"3","name":"","operator":"","ref":""},"geometry":{"type":"LineString","coordinates":[[25.226435,42.652095],[25.226769,42.652667]]}},{"type":"Feature","properties":{"osm_id":1461510684,"voltage":"110000","circuits":"1","cables":"3","name":"","operator":"","ref":""},"geometry":{"type":"LineString","coordinates":[[25.22644,42.651748],[25.226588,42.651487],[25.228073,42.650912],[25.228509,42.64826],[25.228953,42.644756],[25.225327,42.643338],[25.222351,42.642157],[25.219183,42.640881],[25.216619,42.639847],[25.212912,42.638385]]}},{"type":"Feature","properties":{"osm_id":1461510687,"voltage":"220000","circuits":"1","cables":"3","name":"","operator":"","ref":""},"geometry":{"type":"LineString","coordinates":[[25.298326,42.647947],[25.297274,42.648791]]}},{"type":"Feature","properties":{"osm_id":1461510688,"voltage":"110000","circuits":"2","cables":"6","name":"","operator":"","ref":""},"geometry":{"type":"LineString","coordinates":[[25.633243,42.460428],[25.635467,42.456692],[25.636361,42.455142],[25.638124,42.454336],[25.641801,42.452624],[25.643776,42.451696],[25.647911,42.449751],[25.65153,42.44807],[25.654513,42.446655],[25.657838,42.445103],[25.66125,42.443506],[25.6637,42.441424],[25.665704,42.439724]]}},{"type":"Feature","properties":{"osm_id":1461521840,"voltage":"110000","circuits":"1","cables":"3","name":"","operator":"","ref":""},"geometry":{"type":"LineString","coordinates":[[24.896002,42.583254],[24.893787,42.58078],[24.890035,42.58029],[24.886418,42.579818],[24.885747,42.579959]]}},{"type":"Feature","properties":{"osm_id":1461521841,"voltage":"110000","circuits":"1","cables":"3","name":"","operator":"","ref":""},"geometry":{"type":"LineString","coordinates":[[24.899507,42.58718],[24.898262,42.585763],[24.896002,42.583254]]}},{"type":"Feature","properties":{"osm_id":1461524032,"voltage":"110000","circuits":"1","cables":"3","name":"","operator":"","ref":""},"geometry":{"type":"LineString","coordinates":[[24.715259,42.498281],[24.716026,42.498186],[24.716759,42.498094],[24.718459,42.495559],[24.720818,42.492064],[24.722639,42.48937],[24.724734,42.48632],[24.724166,42.482667],[24.723613,42.479013],[24.723114,42.475767],[24.72268,42.472869],[24.722149,42.469292],[24.721706,42.466316],[24.721261,42.463342],[24.720807,42.46035],[24.720384,42.457433],[24.720936,42.454851],[24.721615,42.451951],[24.72228,42.448971],[24.723052,42.445577],[24.723739,42.442536],[24.724345,42.439928],[24.724968,42.437131],[24.725751,42.433771],[24.72644,42.430701],[24.727253,42.427179],[24.728015,42.423738],[24.728648,42.420978],[24.729436,42.417512],[24.730219,42.414111],[24.731045,42.410518],[24.731813,42.407068],[24.732606,42.403579],[24.733304,42.400477],[24.733797,42.398278],[24.734591,42.394836],[24.735181,42.392217],[24.735348,42.39005],[24.735568,42.386793],[24.7359,42.383092],[24.736222,42.378876],[24.73649,42.375131],[24.736665,42.371574]]}},{"type":"Feature","properties":{"osm_id":1461524035,"voltage":"110000","circuits":"1","cables":"3","name":"","operator":"","ref":""},"geometry":{"type":"LineString","coordinates":[[24.81519,42.536309],[24.811769,42.535034],[24.808068,42.533603],[24.803465,42.531828],[24.799656,42.530344],[24.795317,42.52867],[24.792224,42.527464],[24.788024,42.525849],[24.786076,42.525106],[24.78337,42.524056],[24.781484,42.523321],[24.779886,42.522839],[24.776273,42.521726],[24.773526,42.520917],[24.770699,42.520063],[24.766413,42.519365],[24.761834,42.518624],[24.757951,42.518015],[24.754622,42.517473],[24.751183,42.516926],[24.746988,42.516269],[24.743483,42.514346],[24.739784,42.512278],[24.736691,42.51052],[24.733003,42.508462],[24.729506,42.506516],[24.725651,42.504376],[24.723299,42.502059],[24.721266,42.500044],[24.719158,42.497951],[24.715971,42.498424],[24.7153,42.498432]]}},{"type":"Feature","properties":{"osm_id":1461526490,"voltage":"110000","circuits":"2","cables":"6","name":"","operator":"","ref":""},"geometry":{"type":"LineString","coordinates":[[24.736665,42.371574],[24.740823,42.371442],[24.744892,42.371267],[24.749743,42.371059],[24.754955,42.370835],[24.75959,42.370635],[24.764235,42.370436],[24.76839,42.370257],[24.772063,42.370051]]}},{"type":"Feature","properties":{"osm_id":1461528415,"voltage":"110000","circuits":"1","cables":"3","name":"","operator":"","ref":""},"geometry":{"type":"LineString","coordinates":[[25.412013,42.612897],[25.412117,42.610893],[25.409589,42.60872]]}},{"type":"Feature","properties":{"osm_id":1461528416,"voltage":"110000","circuits":"1","cables":"3","name":"","operator":"","ref":""},"geometry":{"type":"LineString","coordinates":[[25.381067,42.606491],[25.379312,42.601778],[25.382023,42.601192],[25.382318,42.601109]]}},{"type":"Feature","properties":{"osm_id":1461528417,"voltage":"110000","circuits":"1","cables":"3","name":"","operator":"","ref":""},"geometry":{"type":"LineString","coordinates":[[25.382179,42.600804],[25.381929,42.601052],[25.378717,42.601546],[25.377487,42.598287],[25.376759,42.596318],[25.378352,42.594499],[25.380411,42.592216],[25.382334,42.589949],[25.383983,42.58806],[25.386272,42.585436],[25.387674,42.583809],[25.389158,42.582113],[25.392551,42.581401],[25.396443,42.581735],[25.399519,42.581986],[25.401066,42.58378],[25.402854,42.585786],[25.404501,42.587699],[25.403881,42.590056],[25.403142,42.592909],[25.402381,42.59577],[25.40164,42.598628],[25.400876,42.601588],[25.400112,42.604477],[25.402821,42.606188],[25.405723,42.607979],[25.407448,42.608297],[25.409589,42.60872]]}},{"type":"Feature","properties":{"osm_id":1461530611,"voltage":"110000","circuits":"1","cables":"3","name":"","operator":"","ref":""},"geometry":{"type":"LineString","coordinates":[[24.749217,42.647589],[24.749547,42.647241],[24.751275,42.64635],[24.749547,42.643868],[24.747605,42.641145],[24.746581,42.639699],[24.742708,42.640687],[24.738883,42.641682],[24.734763,42.642688],[24.730697,42.643761],[24.727752,42.646137],[24.725847,42.647672],[24.723288,42.649798],[24.720939,42.651732],[24.717436,42.65284],[24.713611,42.654075],[24.710017,42.655275],[24.706938,42.656628],[24.70491,42.657547],[24.702523,42.658612],[24.700173,42.659677],[24.696804,42.661164],[24.69335,42.662683],[24.689863,42.664206],[24.686113,42.665969],[24.682707,42.667456],[24.679429,42.668939],[24.676103,42.670493],[24.672664,42.672067],[24.669398,42.673534],[24.665744,42.675222],[24.662563,42.676658],[24.659157,42.67822],[24.65979,42.680405],[24.660391,42.682443],[24.661088,42.684786],[24.660868,42.687455],[24.660739,42.690184],[24.660546,42.692664],[24.660316,42.695345],[24.657373,42.69709],[24.654197,42.699037],[24.651228,42.700851],[24.648836,42.702306],[24.646019,42.704026],[24.642769,42.706017],[24.640459,42.707414],[24.637809,42.709042],[24.634942,42.710791],[24.631157,42.710412],[24.628376,42.710148],[24.625876,42.709892],[24.624693,42.708171],[24.624557,42.707823]]}},{"type":"Feature","properties":{"osm_id":1461530614,"voltage":"110000","circuits":"2","cables":"6","name":"","operator":"","ref":""},"geometry":{"type":"LineString","coordinates":[[24.794973,42.63537],[24.794451,42.635151],[24.792994,42.635008],[24.790639,42.634128],[24.789263,42.631088],[24.78772,42.627762],[24.785706,42.625964]]}},{"type":"Feature","properties":{"osm_id":1461530615,"voltage":"110000","circuits":"1","cables":"3","name":"","operator":"","ref":""},"geometry":{"type":"LineString","coordinates":[[24.749289,42.647643],[24.749684,42.647397],[24.751414,42.6465],[24.75459,42.644069],[24.757744,42.642432],[24.760684,42.640896],[24.764128,42.639105],[24.767572,42.637325],[24.770962,42.635557],[24.774385,42.63375],[24.777501,42.632147],[24.778376,42.630955],[24.779272,42.629728],[24.780527,42.629002],[24.782297,42.627979],[24.784159,42.62689],[24.785706,42.625964]]}},{"type":"Feature","properties":{"osm_id":1461607979,"voltage":"110000","circuits":"1","cables":"3","name":"","operator":"","ref":""},"geometry":{"type":"LineString","coordinates":[[24.137053,42.538107],[24.137041,42.537959],[24.136826,42.536396],[24.136531,42.533987],[24.136255,42.531949],[24.135976,42.529923],[24.135641,42.527266],[24.135474,42.52614],[24.135289,42.52472]]}},{"type":"Feature","properties":{"osm_id":1461607980,"voltage":"110000","circuits":"1","cables":"3","name":"","operator":"","ref":""},"geometry":{"type":"LineString","coordinates":[[24.100264,42.532651],[24.09964,42.53237],[24.10037,42.531765],[24.101952,42.530512],[24.104642,42.528338],[24.106405,42.526905],[24.108274,42.525387],[24.109991,42.523942],[24.112276,42.524027],[24.114424,42.524086],[24.118386,42.524197],[24.121119,42.524305],[24.123628,42.524373],[24.128034,42.524503],[24.132299,42.524645],[24.135289,42.52472]]}},{"type":"Feature","properties":{"osm_id":1461607981,"voltage":"110000","circuits":"1","cables":"3","name":"","operator":"","ref":""},"geometry":{"type":"LineString","coordinates":[[24.13723,42.538122],[24.137282,42.537997],[24.137049,42.536303],[24.136738,42.53388],[24.136443,42.531686],[24.136212,42.529872],[24.135895,42.527436],[24.135745,42.526361],[24.13559,42.525137]]}},{"type":"Feature","properties":{"osm_id":1461607982,"voltage":"110000","circuits":"1","cables":"3","name":"","operator":"","ref":""},"geometry":{"type":"LineString","coordinates":[[24.100311,42.532536],[24.10004,42.532301],[24.100862,42.531673],[24.102041,42.530691],[24.104852,42.528433],[24.106541,42.527079],[24.108309,42.525636],[24.110119,42.524112],[24.112177,42.52422],[24.114398,42.524282],[24.118496,42.52441],[24.120942,42.524564],[24.123289,42.524639],[24.126567,42.524756],[24.128447,42.524841],[24.132374,42.525013],[24.13559,42.525137]]}},{"type":"Feature","properties":{"osm_id":1461607983,"voltage":"110000","circuits":"2","cables":"6","name":"","operator":"","ref":""},"geometry":{"type":"LineString","coordinates":[[24.155978,42.540309],[24.155704,42.537594],[24.155532,42.536145],[24.154486,42.53552],[24.151793,42.533995],[24.149883,42.532923],[24.147834,42.531793],[24.145329,42.530439],[24.143462,42.529391],[24.140313,42.527569],[24.137534,42.526003],[24.135289,42.52472]]}},{"type":"Feature","properties":{"osm_id":1461607984,"voltage":"110000","circuits":"2","cables":"6","name":"","operator":"","ref":""},"geometry":{"type":"LineString","coordinates":[[24.15578,42.540074],[24.1555,42.5374],[24.155387,42.536291],[24.153776,42.535336],[24.151948,42.534252],[24.15007,42.533297],[24.147717,42.532027],[24.145197,42.530626],[24.143619,42.529703],[24.140257,42.527769],[24.137105,42.525991],[24.13559,42.525137]]}},{"type":"Feature","properties":{"osm_id":1461607986,"voltage":"110000","circuits":"1","cables":"3","name":"","operator":"","ref":""},"geometry":{"type":"LineString","coordinates":[[24.210138,42.528107],[24.209775,42.529688],[24.209429,42.531241],[24.209051,42.532931],[24.208604,42.534703],[24.208087,42.536768],[24.207618,42.538639],[24.207173,42.540384],[24.206646,42.542633],[24.206099,42.545014],[24.20561,42.547011],[24.205408,42.547845],[24.204607,42.55145],[24.204337,42.552576],[24.203865,42.554589],[24.203385,42.556611],[24.203003,42.558257],[24.20257,42.560093],[24.2023,42.561208],[24.201982,42.562501],[24.201708,42.563678],[24.201313,42.565362],[24.201,42.566754],[24.200842,42.567389],[24.20152,42.568643],[24.202094,42.569647],[24.202713,42.57083],[24.20324,42.571824],[24.204436,42.574072],[24.204914,42.574965],[24.20534,42.575719],[24.206006,42.57692],[24.207339,42.579249],[24.207739,42.580136],[24.208049,42.58089],[24.209499,42.583423],[24.210585,42.585441],[24.211375,42.586926],[24.21049,42.587768],[24.208725,42.589471],[24.207683,42.590461],[24.206994,42.59115],[24.204178,42.593844],[24.201027,42.594459],[24.197519,42.59511],[24.195974,42.595418],[24.195698,42.595176]]}},{"type":"Feature","properties":{"osm_id":1461607989,"voltage":"110000","circuits":"1","cables":"3","name":"","operator":"","ref":""},"geometry":{"type":"LineString","coordinates":[[24.155447,42.54112],[24.155288,42.541272],[24.15337,42.541588],[24.153394,42.541827]]}},{"type":"Feature","properties":{"osm_id":1461607990,"voltage":"110000","circuits":"1","cables":"3","name":"","operator":"","ref":""},"geometry":{"type":"LineString","coordinates":[[24.155368,42.541054],[24.155138,42.541146],[24.153185,42.541475],[24.153224,42.541882]]}},{"type":"Feature","properties":{"osm_id":1461607992,"voltage":"110000","circuits":"1","cables":"3","name":"","operator":"","ref":""},"geometry":{"type":"LineString","coordinates":[[24.156061,42.540834],[24.156436,42.540639]]}},{"type":"Feature","properties":{"osm_id":1461607993,"voltage":"110000","circuits":"1","cables":"3","name":"","operator":"","ref":""},"geometry":{"type":"LineString","coordinates":[[24.155982,42.540765],[24.156436,42.540639]]}},{"type":"Feature","properties":{"osm_id":1461607994,"voltage":"110000","circuits":"1","cables":"3","name":"","operator":"","ref":""},"geometry":{"type":"LineString","coordinates":[[24.155913,42.540704],[24.156277,42.540484]]}},{"type":"Feature","properties":{"osm_id":1461607995,"voltage":"110000","circuits":"1","cables":"3","name":"","operator":"","ref":""},"geometry":{"type":"LineString","coordinates":[[24.155852,42.54065],[24.156277,42.540484]]}},{"type":"Feature","properties":{"osm_id":1461607996,"voltage":"110000","circuits":"1","cables":"3","name":"","operator":"","ref":""},"geometry":{"type":"LineString","coordinates":[[24.155776,42.540584],[24.155978,42.540309]]}},{"type":"Feature","properties":{"osm_id":1461607997,"voltage":"110000","circuits":"1","cables":"3","name":"","operator":"","ref":""},"geometry":{"type":"LineString","coordinates":[[24.1557,42.540517],[24.155978,42.540309]]}},{"type":"Feature","properties":{"osm_id":1461607998,"voltage":"110000","circuits":"1","cables":"3","name":"","operator":"","ref":""},"geometry":{"type":"LineString","coordinates":[[24.155631,42.540456],[24.15578,42.540074]]}},{"type":"Feature","properties":{"osm_id":1461607999,"voltage":"110000","circuits":"1","cables":"3","name":"","operator":"","ref":""},"geometry":{"type":"LineString","coordinates":[[24.155547,42.540381],[24.15578,42.540074]]}},{"type":"Feature","properties":{"osm_id":1461608000,"voltage":"110000","circuits":"2","cables":"6","name":"","operator":"","ref":""},"geometry":{"type":"LineString","coordinates":[[24.150424,42.695326],[24.148623,42.697875],[24.146972,42.700131],[24.145581,42.701994],[24.147557,42.704329]]}},{"type":"Feature","properties":{"osm_id":1461608001,"voltage":"110000","circuits":"1","cables":"3","name":"","operator":"","ref":""},"geometry":{"type":"LineString","coordinates":[[24.148532,42.70432],[24.147557,42.704329]]}},{"type":"Feature","properties":{"osm_id":1461608002,"voltage":"110000","circuits":"1","cables":"3","name":"","operator":"","ref":""},"geometry":{"type":"LineString","coordinates":[[24.148612,42.70456],[24.147486,42.704603]]}},{"type":"Feature","properties":{"osm_id":1461608003,"voltage":"110000","circuits":"1","cables":"3","name":"","operator":"","ref":""},"geometry":{"type":"LineString","coordinates":[[24.148587,42.704485],[24.147486,42.704603]]}},{"type":"Feature","properties":{"osm_id":1461608004,"voltage":"110000","circuits":"1","cables":"3","name":"","operator":"","ref":""},"geometry":{"type":"LineString","coordinates":[[24.020952,42.681684],[24.020595,42.680917],[24.02034,42.678805]]}},{"type":"Feature","properties":{"osm_id":1461608005,"voltage":"110000","circuits":"1","cables":"3","name":"","operator":"","ref":""},"geometry":{"type":"LineString","coordinates":[[24.020461,42.681369],[24.020437,42.680941],[24.02034,42.678805]]}},{"type":"Feature","properties":{"osm_id":1461608006,"voltage":"110000","circuits":"2","cables":"6","name":"","operator":"","ref":""},"geometry":{"type":"LineString","coordinates":[[24.147486,42.704603],[24.145417,42.702211],[24.14305,42.699393],[24.140632,42.696569],[24.138701,42.694251],[24.135343,42.690249],[24.132336,42.68669],[24.129925,42.683822],[24.124118,42.682887],[24.120304,42.68229],[24.116651,42.68169],[24.112002,42.680917],[24.106914,42.680089],[24.101719,42.679286],[24.097934,42.67864],[24.094595,42.678123],[24.091371,42.677182],[24.087106,42.67762],[24.084327,42.677908],[24.080894,42.678247],[24.078641,42.67848],[24.076211,42.678736],[24.075111,42.678082],[24.074827,42.676461],[24.074484,42.674564],[24.074103,42.672316],[24.0698,42.671144],[24.066179,42.670111],[24.061491,42.668805],[24.059608,42.668288],[24.054362,42.669215],[24.050714,42.669843],[24.047007,42.670521],[24.04345,42.671144],[24.039894,42.671771],[24.035951,42.672465],[24.031858,42.673164],[24.028097,42.673834],[24.025313,42.674327],[24.020306,42.675175],[24.020424,42.678328],[24.02034,42.678805]]}},{"type":"Feature","properties":{"osm_id":1461608007,"voltage":"110000","circuits":"1","cables":"3","name":"","operator":"","ref":""},"geometry":{"type":"LineString","coordinates":[[24.157613,42.713347],[24.157643,42.713232]]}},{"type":"Feature","properties":{"osm_id":1461608008,"voltage":"110000","circuits":"1","cables":"3","name":"","operator":"","ref":""},"geometry":{"type":"LineString","coordinates":[[24.020461,42.681369],[24.021722,42.683131],[24.023471,42.685681],[24.025619,42.688776],[24.026939,42.69071],[24.027762,42.691872],[24.028894,42.693224],[24.02659,42.6954],[24.024648,42.697218],[24.023245,42.698554],[24.022379,42.699384],[24.020193,42.69975],[24.019689,42.699775]]}},{"type":"Feature","properties":{"osm_id":1461608010,"voltage":"110000","circuits":"1","cables":"3","name":"","operator":"","ref":""},"geometry":{"type":"LineString","coordinates":[[24.148554,42.704384],[24.147557,42.704329]]}},{"type":"Feature","properties":{"osm_id":1461608011,"voltage":"110000","circuits":"1","cables":"3","name":"","operator":"","ref":""},"geometry":{"type":"LineString","coordinates":[[24.148801,42.705124],[24.147876,42.705184],[24.148486,42.70707],[24.150052,42.70847],[24.151088,42.709361],[24.150979,42.711955],[24.150872,42.714609],[24.149439,42.715844],[24.147416,42.717712],[24.147352,42.718869],[24.149653,42.720505],[24.153233,42.722711],[24.157529,42.722521],[24.159918,42.721525],[24.15988,42.721051]]}},{"type":"Feature","properties":{"osm_id":1461608013,"voltage":"110000","circuits":"1","cables":"3","name":"","operator":"","ref":""},"geometry":{"type":"LineString","coordinates":[[24.157935,42.714011],[24.158076,42.713872],[24.158118,42.713351],[24.157643,42.713232],[24.156798,42.711849],[24.156344,42.708719],[24.155231,42.708484],[24.15234,42.707826],[24.150304,42.707375],[24.149526,42.707206],[24.149106,42.706498],[24.148403,42.705519],[24.148885,42.705393]]}},{"type":"Feature","properties":{"osm_id":1461608014,"voltage":"110000","circuits":"1","cables":"3","name":"","operator":"","ref":""},"geometry":{"type":"LineString","coordinates":[[24.157515,42.71335],[24.157477,42.713241],[24.157109,42.711754],[24.156901,42.709706],[24.156776,42.708548],[24.154743,42.707944],[24.152608,42.707344],[24.151452,42.70703],[24.150471,42.706819],[24.150548,42.705808],[24.149461,42.705618]]}},{"type":"Feature","properties":{"osm_id":1461608016,"voltage":"110000","circuits":"1","cables":"3","name":"","operator":"","ref":""},"geometry":{"type":"LineString","coordinates":[[24.157643,42.713232],[24.157326,42.711781],[24.157171,42.709891],[24.15705,42.708656],[24.156372,42.707386],[24.155591,42.705991],[24.152604,42.705803],[24.150474,42.705683],[24.149438,42.705544]]}},{"type":"Feature","properties":{"osm_id":1461608017,"voltage":"110000","circuits":"1","cables":"3","name":"","operator":"","ref":""},"geometry":{"type":"LineString","coordinates":[[24.151314,42.695963],[24.152257,42.698604],[24.153132,42.700937],[24.154876,42.704214],[24.154204,42.704851],[24.152537,42.705088],[24.150396,42.705404],[24.149415,42.705468]]}},{"type":"Feature","properties":{"osm_id":1461608018,"voltage":"110000","circuits":"1","cables":"3","name":"","operator":"","ref":""},"geometry":{"type":"LineString","coordinates":[[24.624348,42.707857],[24.624471,42.70823],[24.624898,42.709588],[24.622885,42.709912],[24.620978,42.710219],[24.620273,42.707968],[24.619364,42.70501],[24.618677,42.702909],[24.617715,42.700315]]}},{"type":"Feature","properties":{"osm_id":1461609371,"voltage":"110000","circuits":"1","cables":"3","name":"","operator":"","ref":""},"geometry":{"type":"LineString","coordinates":[[24.60584,42.283755],[24.606647,42.28232],[24.608049,42.280712],[24.609812,42.278672],[24.611866,42.276255],[24.614195,42.273566],[24.616354,42.27104],[24.618634,42.268459],[24.620812,42.265916],[24.622947,42.263298],[24.623819,42.262325],[24.627207,42.25833],[24.629265,42.255992],[24.631449,42.253419],[24.635897,42.248251],[24.638156,42.245644],[24.644595,42.238155],[24.64679,42.235625],[24.649092,42.232946],[24.651088,42.230635],[24.652456,42.228332],[24.6538,42.226147],[24.655245,42.223746],[24.656743,42.221327],[24.658299,42.218805],[24.659723,42.216321],[24.661457,42.213656],[24.663115,42.210934],[24.66469,42.208059],[24.666243,42.205547],[24.667228,42.203876],[24.668579,42.201653],[24.669379,42.200318],[24.670845,42.19787],[24.67253,42.195059],[24.673704,42.193099],[24.673884,42.193348]]}},{"type":"Feature","properties":{"osm_id":1461609372,"voltage":"110000","circuits":"1","cables":"3","name":"","operator":"","ref":""},"geometry":{"type":"LineString","coordinates":[[24.521704,42.252591],[24.521776,42.25333]]}},{"type":"Feature","properties":{"osm_id":1461630553,"voltage":"110000","circuits":"1","cables":"3","name":"","operator":"","ref":""},"geometry":{"type":"LineString","coordinates":[[24.795146,42.635275],[24.794973,42.63537]]}},{"type":"Feature","properties":{"osm_id":1461630554,"voltage":"110000","circuits":"1","cables":"3","name":"","operator":"","ref":""},"geometry":{"type":"LineString","coordinates":[[24.794961,42.63516],[24.794973,42.63537]]}},{"type":"Feature","properties":{"osm_id":1461643095,"voltage":"110000","circuits":"1","cables":"3","name":"","operator":"","ref":""},"geometry":{"type":"LineString","coordinates":[[24.079748,42.693303],[24.081575,42.69177],[24.085106,42.692579],[24.088692,42.693378],[24.092063,42.694139],[24.095792,42.694971],[24.098896,42.695543],[24.102594,42.696347],[24.106499,42.697228],[24.110235,42.698044],[24.114023,42.698857],[24.117729,42.699695],[24.118959,42.700078],[24.120602,42.700303],[24.124351,42.701135],[24.128233,42.701969],[24.132021,42.702809],[24.135899,42.703684],[24.138398,42.704192],[24.142211,42.705037],[24.145954,42.705781],[24.147574,42.7049],[24.148713,42.704838]]}},{"type":"Feature","properties":{"osm_id":1461647864,"voltage":"110000","circuits":"1","cables":"3","name":"","operator":"","ref":""},"geometry":{"type":"LineString","coordinates":[[23.490012,42.773606],[23.490551,42.773312]]}},{"type":"Feature","properties":{"osm_id":1461647865,"voltage":"110000","circuits":"1","cables":"3","name":"","operator":"","ref":""},"geometry":{"type":"LineString","coordinates":[[23.489893,42.773462],[23.490551,42.773312]]}},{"type":"Feature","properties":{"osm_id":1461647867,"voltage":"110000","circuits":"2","cables":"6","name":"","operator":"","ref":""},"geometry":{"type":"LineString","coordinates":[[23.543164,42.763359],[23.54728,42.760769]]}},{"type":"Feature","properties":{"osm_id":1461647889,"voltage":"110000","circuits":"1","cables":"3","name":"","operator":"","ref":""},"geometry":{"type":"LineString","coordinates":[[23.526061,42.777388],[23.525849,42.777157]]}},{"type":"Feature","properties":{"osm_id":1461647895,"voltage":"110000","circuits":"1","cables":"3","name":"","operator":"","ref":""},"geometry":{"type":"LineString","coordinates":[[23.524668,42.777902],[23.524542,42.777598]]}},{"type":"Feature","properties":{"osm_id":1461647896,"voltage":"110000","circuits":"1","cables":"3","name":"","operator":"","ref":""},"geometry":{"type":"LineString","coordinates":[[23.524472,42.777974],[23.52426,42.777748]]}},{"type":"Feature","properties":{"osm_id":1461647897,"voltage":"110000","circuits":"1","cables":"3","name":"","operator":"","ref":""},"geometry":{"type":"LineString","coordinates":[[23.524374,42.77801],[23.52426,42.777748]]}},{"type":"Feature","properties":{"osm_id":1461647899,"voltage":"110000","circuits":"2","cables":"6","name":"","operator":"","ref":""},"geometry":{"type":"LineString","coordinates":[[23.525849,42.777157],[23.524659,42.775226],[23.52334,42.773206],[23.526252,42.772297],[23.529599,42.77134],[23.532672,42.770489],[23.533959,42.769626],[23.537084,42.767496],[23.540051,42.765469],[23.543164,42.763359]]}},{"type":"Feature","properties":{"osm_id":1461655734,"voltage":"110000","circuits":"1","cables":"3","name":"","operator":"","ref":""},"geometry":{"type":"LineString","coordinates":[[23.393093,42.707207],[23.392641,42.707316]]}},{"type":"Feature","properties":{"osm_id":1461655735,"voltage":"110000","circuits":"1","cables":"3","name":"","operator":"","ref":""},"geometry":{"type":"LineString","coordinates":[[23.393052,42.707366],[23.392641,42.707316]]}},{"type":"Feature","properties":{"osm_id":1461655738,"voltage":"110000","circuits":"","cables":"6","name":"Казичене - Нови Искър","operator":"","ref":""},"geometry":{"type":"LineString","coordinates":[[23.455998,42.734994],[23.456317,42.73438],[23.458445,42.730271],[23.463576,42.720402],[23.464629,42.71838],[23.465663,42.716375],[23.46673,42.714336],[23.467808,42.712215],[23.468747,42.710369],[23.470004,42.708017],[23.470734,42.706558],[23.471561,42.704977],[23.472526,42.703018],[23.473422,42.70122],[23.475603,42.697035],[23.476606,42.695266],[23.47767,42.693228],[23.478683,42.691203],[23.479739,42.689216],[23.480743,42.687203],[23.481833,42.685159],[23.482588,42.683676],[23.482005,42.682086],[23.481155,42.68001],[23.480374,42.677953],[23.479576,42.675852],[23.478726,42.673788],[23.477936,42.671687],[23.477138,42.669611],[23.476306,42.66756],[23.475499,42.665477],[23.474641,42.663381],[23.473786,42.661257],[23.472987,42.659178],[23.472127,42.657003],[23.471369,42.654998],[23.470845,42.653301],[23.469863,42.651271],[23.469647,42.650717]]}},{"type":"Feature","properties":{"osm_id":1461655739,"voltage":"110000","circuits":"2","cables":"6","name":"","operator":"","ref":""},"geometry":{"type":"LineString","coordinates":[[23.392641,42.707316],[23.392725,42.709988],[23.391784,42.712187],[23.3917,42.715402],[23.391649,42.719454],[23.391641,42.720585]]}},{"type":"Feature","properties":{"osm_id":1461655740,"voltage":"110000","circuits":"1","cables":"3","name":"","operator":"","ref":""},"geometry":{"type":"LineString","coordinates":[[23.363155,42.711894],[23.363218,42.712273]]}},{"type":"Feature","properties":{"osm_id":1461655741,"voltage":"110000","circuits":"1","cables":"3","name":"","operator":"","ref":""},"geometry":{"type":"LineString","coordinates":[[23.363268,42.711892],[23.363218,42.712273]]}},{"type":"Feature","properties":{"osm_id":1461655742,"voltage":"110000","circuits":"2","cables":"6","name":"","operator":"","ref":""},"geometry":{"type":"LineString","coordinates":[[23.391641,42.720585],[23.394721,42.72189],[23.39699,42.72238],[23.400644,42.72317],[23.404055,42.723943],[23.407284,42.724672],[23.41054,42.725361],[23.414065,42.726146],[23.418464,42.727131]]}},{"type":"Feature","properties":{"osm_id":1461655748,"voltage":"110000","circuits":"1","cables":"3","name":"","operator":"","ref":""},"geometry":{"type":"LineString","coordinates":[[23.322912,42.721615],[23.323557,42.721819]]}},{"type":"Feature","properties":{"osm_id":1461655749,"voltage":"110000","circuits":"1","cables":"3","name":"","operator":"","ref":""},"geometry":{"type":"LineString","coordinates":[[23.322809,42.721653],[23.323557,42.721819]]}},{"type":"Feature","properties":{"osm_id":1461655750,"voltage":"110000","circuits":"1","cables":"3","name":"","operator":"","ref":""},"geometry":{"type":"LineString","coordinates":[[23.322534,42.721769],[23.323426,42.721941]]}},{"type":"Feature","properties":{"osm_id":1461655751,"voltage":"110000","circuits":"1","cables":"3","name":"","operator":"","ref":""},"geometry":{"type":"LineString","coordinates":[[23.322722,42.721686],[23.323426,42.721941]]}},{"type":"Feature","properties":{"osm_id":1461655753,"voltage":"220000","circuits":"1","cables":"3","name":"","operator":"","ref":""},"geometry":{"type":"LineString","coordinates":[[23.321374,42.721307],[23.322148,42.722398]]}},{"type":"Feature","properties":{"osm_id":1461655754,"voltage":"220000","circuits":"1","cables":"3","name":"","operator":"","ref":""},"geometry":{"type":"LineString","coordinates":[[23.321217,42.721369],[23.322148,42.722398]]}},{"type":"Feature","properties":{"osm_id":1461663637,"voltage":"110000","circuits":"2","cables":"6","name":"","operator":"","ref":""},"geometry":{"type":"LineString","coordinates":[[23.332438,42.732577],[23.333001,42.734566],[23.334005,42.737945],[23.334708,42.740342],[23.335329,42.742464],[23.336069,42.744988],[23.336975,42.747726],[23.337729,42.750565],[23.338537,42.75335],[23.33927,42.755842],[23.340106,42.758397],[23.340687,42.760576],[23.341559,42.763524],[23.342288,42.76525],[23.343505,42.768096]]}},{"type":"Feature","properties":{"osm_id":1461663638,"voltage":"110000","circuits":"1","cables":"3","name":"","operator":"","ref":""},"geometry":{"type":"LineString","coordinates":[[23.361703,42.816098],[23.362218,42.817412]]}},{"type":"Feature","properties":{"osm_id":1461663639,"voltage":"110000","circuits":"1","cables":"3","name":"","operator":"","ref":""},"geometry":{"type":"LineString","coordinates":[[23.361703,42.816098],[23.362142,42.816953]]}},{"type":"Feature","properties":{"osm_id":1461663641,"voltage":"110000","circuits":"2","cables":"6","name":"ВЛ \"Обеля\"","operator":"Електроенергиен системен оператор","ref":""},"geometry":{"type":"LineString","coordinates":[[23.287445,42.750116],[23.289471,42.748053],[23.291941,42.746491],[23.294295,42.744885],[23.295117,42.743057],[23.295761,42.741468]]}},{"type":"Feature","properties":{"osm_id":1461663642,"voltage":"110000","circuits":"1","cables":"3","name":"","operator":"","ref":""},"geometry":{"type":"LineString","coordinates":[[23.29631,42.741124],[23.295761,42.741468]]}},{"type":"Feature","properties":{"osm_id":1461663643,"voltage":"110000","circuits":"1","cables":"3","name":"","operator":"","ref":""},"geometry":{"type":"LineString","coordinates":[[23.296094,42.74108],[23.295761,42.741468]]}},{"type":"Feature","properties":{"osm_id":1461663646,"voltage":"110000","circuits":"2","cables":"6","name":"ВЛ \"Обеля\"","operator":"Електроенергиен системен оператор","ref":""},"geometry":{"type":"LineString","coordinates":[[23.248179,42.731283],[23.2496,42.733043],[23.250367,42.736038],[23.2524,42.738646],[23.253878,42.74058]]}},{"type":"Feature","properties":{"osm_id":1461663647,"voltage":"110000","circuits":"1","cables":"3","name":"","operator":"","ref":""},"geometry":{"type":"LineString","coordinates":[[23.261069,42.739142],[23.260642,42.739239]]}},{"type":"Feature","properties":{"osm_id":1461663648,"voltage":"110000","circuits":"1","cables":"3","name":"","operator":"","ref":""},"geometry":{"type":"LineString","coordinates":[[23.260959,42.739028],[23.260642,42.739239]]}},{"type":"Feature","properties":{"osm_id":1461663651,"voltage":"110000","circuits":"1","cables":"3","name":"","operator":"","ref":""},"geometry":{"type":"LineString","coordinates":[[23.28163,42.720045],[23.281801,42.719892]]}},{"type":"Feature","properties":{"osm_id":1461663652,"voltage":"110000","circuits":"1","cables":"3","name":"","operator":"","ref":""},"geometry":{"type":"LineString","coordinates":[[23.281601,42.719961],[23.281801,42.719892]]}},{"type":"Feature","properties":{"osm_id":1461663654,"voltage":"110000","circuits":"1","cables":"3","name":"","operator":"","ref":""},"geometry":{"type":"LineString","coordinates":[[23.121696,42.601924],[23.122386,42.602146]]}},{"type":"Feature","properties":{"osm_id":1461663655,"voltage":"110000","circuits":"1","cables":"3","name":"","operator":"","ref":""},"geometry":{"type":"LineString","coordinates":[[23.121681,42.601995],[23.122386,42.602146]]}},{"type":"Feature","properties":{"osm_id":1461663656,"voltage":"110000","circuits":"1","cables":"3","name":"","operator":"","ref":""},"geometry":{"type":"LineString","coordinates":[[23.240678,42.669801],[23.24145,42.669588]]}},{"type":"Feature","properties":{"osm_id":1461663657,"voltage":"110000","circuits":"1","cables":"3","name":"","operator":"","ref":""},"geometry":{"type":"LineString","coordinates":[[23.240678,42.669801],[23.241488,42.669728]]}},{"type":"Feature","properties":{"osm_id":1461663658,"voltage":"110000","circuits":"2","cables":"6","name":"Камен Дел","operator":"","ref":""},"geometry":{"type":"LineString","coordinates":[[23.284125,42.655401],[23.284445,42.656056],[23.284808,42.657167],[23.285064,42.658074],[23.285357,42.65907],[23.285452,42.659362]]}},{"type":"Feature","properties":{"osm_id":1461663659,"voltage":"110000","circuits":"1","cables":"3","name":"","operator":"","ref":""},"geometry":{"type":"LineString","coordinates":[[23.284053,42.655267],[23.284638,42.654583]]}},{"type":"Feature","properties":{"osm_id":1461663660,"voltage":"110000","circuits":"1","cables":"3","name":"","operator":"","ref":""},"geometry":{"type":"LineString","coordinates":[[23.284638,42.654583],[23.285104,42.654783]]}},{"type":"Feature","properties":{"osm_id":1461663661,"voltage":"110000","circuits":"1","cables":"3","name":"","operator":"","ref":""},"geometry":{"type":"LineString","coordinates":[[23.284125,42.655401],[23.284053,42.655267]]}},{"type":"Feature","properties":{"osm_id":1461663665,"voltage":"110000","circuits":"1","cables":"3","name":"","operator":"","ref":""},"geometry":{"type":"LineString","coordinates":[[23.386759,42.672339],[23.3865,42.671625]]}},{"type":"Feature","properties":{"osm_id":1461663666,"voltage":"110000","circuits":"1","cables":"3","name":"","operator":"","ref":""},"geometry":{"type":"LineString","coordinates":[[23.386554,42.672369],[23.3865,42.671625]]}},{"type":"Feature","properties":{"osm_id":1461663670,"voltage":"110000","circuits":"","cables":"","name":"","operator":"","ref":""},"geometry":{"type":"LineString","coordinates":[[23.414517,42.651714],[23.415313,42.651625]]}},{"type":"Feature","properties":{"osm_id":1461663671,"voltage":"110000","circuits":"1","cables":"3","name":"","operator":"","ref":""},"geometry":{"type":"LineString","coordinates":[[23.415319,42.651667],[23.414517,42.651714]]}},{"type":"Feature","properties":{"osm_id":1461663674,"voltage":"110000","circuits":"2","cables":"6","name":"","operator":"","ref":""},"geometry":{"type":"LineString","coordinates":[[23.393965,42.660446],[23.391612,42.662589],[23.390019,42.664044],[23.38758,42.666234],[23.385409,42.668228],[23.38598,42.670097],[23.3865,42.671625]]}},{"type":"Feature","properties":{"osm_id":1461663675,"voltage":"110000","circuits":"1","cables":"3","name":"","operator":"","ref":""},"geometry":{"type":"LineString","coordinates":[[23.415381,42.652138],[23.414785,42.652199]]}},{"type":"Feature","properties":{"osm_id":1461663676,"voltage":"110000","circuits":"1","cables":"3","name":"","operator":"","ref":""},"geometry":{"type":"LineString","coordinates":[[23.415392,42.652219],[23.414785,42.652199]]}},{"type":"Feature","properties":{"osm_id":1461663677,"voltage":"110000","circuits":"1","cables":"3","name":"","operator":"","ref":""},"geometry":{"type":"LineString","coordinates":[[23.416043,42.654707],[23.415314,42.65513],[23.415471,42.655292]]}},{"type":"Feature","properties":{"osm_id":1461663679,"voltage":"110000","circuits":"1","cables":"3","name":"","operator":"","ref":""},"geometry":{"type":"LineString","coordinates":[[23.415361,42.651987],[23.414572,42.652019]]}},{"type":"Feature","properties":{"osm_id":1461663680,"voltage":"110000","circuits":"1","cables":"3","name":"","operator":"","ref":""},"geometry":{"type":"LineString","coordinates":[[23.41535,42.651901],[23.414572,42.652019]]}},{"type":"Feature","properties":{"osm_id":1461663681,"voltage":"110000","circuits":"1","cables":"3","name":"","operator":"","ref":""},"geometry":{"type":"LineString","coordinates":[[23.387088,42.672627],[23.384035,42.673373],[23.382856,42.673711],[23.379442,42.674689],[23.377353,42.675031],[23.375077,42.675689],[23.37217,42.676025],[23.371012,42.676662],[23.370938,42.676731]]}},{"type":"Feature","properties":{"osm_id":1461663682,"voltage":"110000","circuits":"1","cables":"3","name":"","operator":"","ref":""},"geometry":{"type":"LineString","coordinates":[[23.415325,42.651717],[23.41469,42.651787]]}},{"type":"Feature","properties":{"osm_id":1461663683,"voltage":"110000","circuits":"1","cables":"3","name":"","operator":"","ref":""},"geometry":{"type":"LineString","coordinates":[[23.41534,42.651829],[23.41469,42.651787]]}},{"type":"Feature","properties":{"osm_id":1461663685,"voltage":"110000","circuits":"1","cables":"3","name":"","operator":"","ref":""},"geometry":{"type":"LineString","coordinates":[[23.428105,42.583984],[23.427102,42.584151]]}},{"type":"Feature","properties":{"osm_id":1461663686,"voltage":"110000","circuits":"1","cables":"3","name":"","operator":"","ref":""},"geometry":{"type":"LineString","coordinates":[[23.428101,42.583886],[23.427102,42.584151]]}},{"type":"Feature","properties":{"osm_id":1461663687,"voltage":"110000","circuits":"1","cables":"3","name":"","operator":"","ref":""},"geometry":{"type":"LineString","coordinates":[[23.38724,42.637035],[23.387556,42.637319]]}},{"type":"Feature","properties":{"osm_id":1461663688,"voltage":"110000","circuits":"1","cables":"3","name":"","operator":"","ref":""},"geometry":{"type":"LineString","coordinates":[[23.387003,42.637143],[23.387556,42.637319]]}},{"type":"Feature","properties":{"osm_id":1461663689,"voltage":"110000","circuits":"2","cables":"6","name":"","operator":"Електроенергиен системен оператор","ref":""},"geometry":{"type":"LineString","coordinates":[[23.37082,42.624199],[23.366506,42.624303],[23.363157,42.624425],[23.361441,42.624552],[23.358705,42.624763],[23.356047,42.625627],[23.355867,42.625685],[23.35322,42.626568],[23.350067,42.62767],[23.347065,42.628872],[23.346248,42.629198],[23.344235,42.63],[23.341383,42.631149],[23.338152,42.632525],[23.334395,42.634101],[23.331738,42.632904]]}},{"type":"Feature","properties":{"osm_id":1461663692,"voltage":"110000","circuits":"1","cables":"3","name":"","operator":"","ref":""},"geometry":{"type":"LineString","coordinates":[[23.358326,42.648262],[23.358645,42.647865]]}},{"type":"Feature","properties":{"osm_id":1461663693,"voltage":"110000","circuits":"1","cables":"3","name":"","operator":"","ref":""},"geometry":{"type":"LineString","coordinates":[[23.358182,42.648122],[23.358645,42.647865]]}},{"type":"Feature","properties":{"osm_id":1461663696,"voltage":"110000","circuits":"1","cables":"3","name":"","operator":"","ref":""},"geometry":{"type":"LineString","coordinates":[[23.335709,42.646737],[23.335487,42.646714]]}},{"type":"Feature","properties":{"osm_id":1461663697,"voltage":"110000","circuits":"1","cables":"3","name":"","operator":"","ref":""},"geometry":{"type":"LineString","coordinates":[[23.335688,42.646651],[23.335487,42.646714]]}},{"type":"Feature","properties":{"osm_id":1461663699,"voltage":"110000","circuits":"1","cables":"3","name":"","operator":"","ref":""},"geometry":{"type":"LineString","coordinates":[[23.336367,42.681361],[23.336856,42.681346]]}},{"type":"Feature","properties":{"osm_id":1461663700,"voltage":"110000","circuits":"1","cables":"3","name":"","operator":"","ref":""},"geometry":{"type":"LineString","coordinates":[[23.33637,42.681267],[23.336856,42.681346]]}},{"type":"Feature","properties":{"osm_id":1461812183,"voltage":"110000","circuits":"1","cables":"3","name":"","operator":"","ref":""},"geometry":{"type":"LineString","coordinates":[[23.775917,42.898335],[23.776218,42.898562]]}},{"type":"Feature","properties":{"osm_id":1461812187,"voltage":"110000","circuits":"1","cables":"3","name":"","operator":"","ref":""},"geometry":{"type":"LineString","coordinates":[[23.813058,42.900168],[23.812208,42.899922],[23.80905,42.899122],[23.806303,42.898431],[23.803663,42.897373],[23.80089,42.896266],[23.79806,42.895137],[23.795031,42.893911],[23.792265,42.892811],[23.789014,42.893968],[23.787495,42.894524],[23.784753,42.894001],[23.78276,42.893627],[23.781167,42.893986],[23.776915,42.89498],[23.775917,42.898335]]}},{"type":"Feature","properties":{"osm_id":1461819292,"voltage":"220000","circuits":"1","cables":"3","name":"","operator":"","ref":""},"geometry":{"type":"LineString","coordinates":[[24.31757,42.152],[24.316824,42.152014]]}},{"type":"Feature","properties":{"osm_id":1461819293,"voltage":"220000","circuits":"1","cables":"3","name":"","operator":"","ref":""},"geometry":{"type":"LineString","coordinates":[[24.317461,42.152155],[24.316824,42.152014]]}},{"type":"Feature","properties":{"osm_id":1461821019,"voltage":"110000","circuits":"1","cables":"3","name":"","operator":"","ref":""},"geometry":{"type":"LineString","coordinates":[[24.747126,42.173242],[24.74756,42.173351]]}},{"type":"Feature","properties":{"osm_id":1461821020,"voltage":"110000","circuits":"1","cables":"3","name":"","operator":"","ref":""},"geometry":{"type":"LineString","coordinates":[[24.747238,42.173103],[24.74756,42.173351]]}},{"type":"Feature","properties":{"osm_id":1461821021,"voltage":"110000","circuits":"1","cables":"3","name":"","operator":"","ref":""},"geometry":{"type":"LineString","coordinates":[[24.79083,42.145438],[24.790749,42.145743]]}},{"type":"Feature","properties":{"osm_id":1461821022,"voltage":"110000","circuits":"1","cables":"3","name":"","operator":"","ref":""},"geometry":{"type":"LineString","coordinates":[[24.790643,42.145745],[24.79083,42.145438]]}},{"type":"Feature","properties":{"osm_id":1461821023,"voltage":"110000","circuits":"1","cables":"3","name":"","operator":"","ref":""},"geometry":{"type":"LineString","coordinates":[[24.74707,42.1733],[24.747511,42.173494],[24.74822,42.174706],[24.748375,42.176694],[24.748611,42.179426]]}},{"type":"Feature","properties":{"osm_id":1461891392,"voltage":"110000","circuits":"2","cables":"6","name":"","operator":"","ref":""},"geometry":{"type":"LineString","coordinates":[[24.743181,42.181374],[24.745779,42.18211],[24.748113,42.182793]]}},{"type":"Feature","properties":{"osm_id":1461891393,"voltage":"110000","circuits":"1","cables":"3","name":"","operator":"","ref":""},"geometry":{"type":"LineString","coordinates":[[24.743181,42.181374],[24.740329,42.181054],[24.739689,42.1822],[24.739941,42.182247]]}},{"type":"Feature","properties":{"osm_id":1461891398,"voltage":"110000","circuits":"1","cables":"3","name":"","operator":"","ref":""},"geometry":{"type":"LineString","coordinates":[[24.761072,42.336435],[24.764757,42.336151],[24.76513,42.336024]]}},{"type":"Feature","properties":{"osm_id":1461891399,"voltage":"110000","circuits":"1","cables":"3","name":"","operator":"","ref":""},"geometry":{"type":"LineString","coordinates":[[24.76551,42.36512],[24.764965,42.363459],[24.764431,42.361263],[24.763913,42.359349],[24.763693,42.358211],[24.763033,42.355476],[24.762363,42.35301],[24.761633,42.349854],[24.761333,42.348839],[24.76092,42.346889],[24.760313,42.344491],[24.761261,42.342729],[24.761189,42.339734],[24.761072,42.336435]]}},{"type":"Feature","properties":{"osm_id":1461891400,"voltage":"110000","circuits":"1","cables":"3","name":"","operator":"","ref":""},"geometry":{"type":"LineString","coordinates":[[24.773305,42.112979],[24.773077,42.113275]]}},{"type":"Feature","properties":{"osm_id":1461891401,"voltage":"110000","circuits":"1","cables":"3","name":"","operator":"","ref":""},"geometry":{"type":"LineString","coordinates":[[24.772854,42.113505],[24.773056,42.113199],[24.773305,42.112979]]}},{"type":"Feature","properties":{"osm_id":1461893250,"voltage":"110000","circuits":"1","cables":"3","name":"","operator":"","ref":""},"geometry":{"type":"LineString","coordinates":[[25.239894,42.668512],[25.240189,42.668423],[25.241341,42.668643]]}},{"type":"Feature","properties":{"osm_id":1461893251,"voltage":"110000","circuits":"2","cables":"6","name":"","operator":"","ref":""},"geometry":{"type":"LineString","coordinates":[[25.241341,42.668643],[25.239005,42.666627],[25.23706,42.66488],[25.23507,42.663149],[25.233064,42.661381],[25.230805,42.659413],[25.228456,42.657365],[25.226276,42.65549],[25.226769,42.652667]]}},{"type":"Feature","properties":{"osm_id":1461918573,"voltage":"400000","circuits":"","cables":"3","name":"","operator":"","ref":""},"geometry":{"type":"LineString","coordinates":[[25.864587,42.122451],[25.863401,42.12242]]}},{"type":"Feature","properties":{"osm_id":1461918574,"voltage":"400000","circuits":"","cables":"3","name":"","operator":"","ref":""},"geometry":{"type":"LineString","coordinates":[[25.86342,42.121587],[25.86459,42.121623]]}},{"type":"Feature","properties":{"osm_id":1461923027,"voltage":"110000","circuits":"1","cables":"3","name":"","operator":"","ref":""},"geometry":{"type":"LineString","coordinates":[[25.932115,42.215616],[25.933928,42.216239],[25.935985,42.216943],[25.938659,42.217851],[25.942545,42.21916],[25.943677,42.221454],[25.944251,42.222475],[25.941628,42.223222],[25.939032,42.223945],[25.936409,42.224672],[25.933743,42.225467],[25.93032,42.226432],[25.926721,42.227453],[25.925798,42.227719],[25.922805,42.228934],[25.92001,42.230055],[25.917435,42.231095],[25.914227,42.232406],[25.915713,42.234471],[25.917435,42.236787],[25.918915,42.238816],[25.92002,42.24031],[25.921517,42.242375],[25.92288,42.244166],[25.924349,42.246211],[25.927364,42.247736],[25.929521,42.248788],[25.931822,42.24996],[25.934349,42.251218],[25.937385,42.252743],[25.939906,42.252636],[25.942529,42.252485],[25.945105,42.252354]]}},{"type":"Feature","properties":{"osm_id":1461924825,"voltage":"110000","circuits":"1","cables":"3","name":"","operator":"","ref":""},"geometry":{"type":"LineString","coordinates":[[25.993133,42.143064],[25.993049,42.145899],[25.993907,42.147234],[25.994851,42.148721],[25.996387,42.149701],[25.997274,42.150255]]}},{"type":"Feature","properties":{"osm_id":1462023920,"voltage":"110000","circuits":"1","cables":"3","name":"","operator":"","ref":""},"geometry":{"type":"LineString","coordinates":[[23.211746,43.415076],[23.21193,43.414849]]}},{"type":"Feature","properties":{"osm_id":1462023921,"voltage":"110000","circuits":"1","cables":"3","name":"","operator":"","ref":""},"geometry":{"type":"LineString","coordinates":[[23.212032,43.414859],[23.211746,43.415076]]}},{"type":"Feature","properties":{"osm_id":1462023922,"voltage":"110000","circuits":"1","cables":"3","name":"","operator":"","ref":""},"geometry":{"type":"LineString","coordinates":[[23.202892,43.40934],[23.202966,43.410413]]}},{"type":"Feature","properties":{"osm_id":1462023923,"voltage":"110000","circuits":"1","cables":"3","name":"","operator":"","ref":""},"geometry":{"type":"LineString","coordinates":[[23.200117,43.403943],[23.200942,43.405817],[23.202047,43.408354],[23.202966,43.410413]]}},{"type":"Feature","properties":{"osm_id":1462023925,"voltage":"110000","circuits":"1","cables":"3","name":"","operator":"","ref":""},"geometry":{"type":"LineString","coordinates":[[22.702379,43.730301],[22.703256,43.729684],[22.70422,43.728994],[22.706632,43.727274],[22.707973,43.726301],[22.709549,43.725174],[22.711177,43.724007],[22.712898,43.722762],[22.714031,43.721962],[22.71558,43.720905],[22.718416,43.718818],[22.721272,43.716752],[22.722929,43.715589],[22.724265,43.714632]]}},{"type":"Feature","properties":{"osm_id":1462023926,"voltage":"110000","circuits":"1","cables":"3","name":"","operator":"","ref":""},"geometry":{"type":"LineString","coordinates":[[22.716025,43.732195],[22.716735,43.732715]]}},{"type":"Feature","properties":{"osm_id":1462023929,"voltage":"110000","circuits":"2","cables":"6","name":"","operator":"","ref":""},"geometry":{"type":"LineString","coordinates":[[23.817641,43.739649],[23.8199,43.73877],[23.822338,43.73775]]}},{"type":"Feature","properties":{"osm_id":1462023930,"voltage":"110000","circuits":"1","cables":"3","name":"","operator":"","ref":""},"geometry":{"type":"LineString","coordinates":[[23.831646,43.736575],[23.833037,43.736661],[23.835348,43.736765],[23.839064,43.737891],[23.840709,43.740501],[23.841888,43.742325],[23.843027,43.744126],[23.844232,43.746031],[23.845175,43.747543],[23.846586,43.747976],[23.849185,43.748792],[23.848591,43.750982],[23.848883,43.751201]]}},{"type":"Feature","properties":{"osm_id":1462284465,"voltage":"110000","circuits":"1","cables":"3","name":"","operator":"","ref":""},"geometry":{"type":"LineString","coordinates":[[24.64777,43.420262],[24.647003,43.420032]]}},{"type":"Feature","properties":{"osm_id":1462284467,"voltage":"110000","circuits":"1","cables":"3","name":"Плевен - Ловеч","operator":"","ref":""},"geometry":{"type":"LineString","coordinates":[[24.577303,43.43496],[24.575998,43.434691]]}},{"type":"Feature","properties":{"osm_id":1462284468,"voltage":"110000","circuits":"1","cables":"3","name":"Плевен - Ловеч","operator":"","ref":""},"geometry":{"type":"LineString","coordinates":[[24.575998,43.434691],[24.577226,43.435002]]}},{"type":"Feature","properties":{"osm_id":1462284469,"voltage":"400000","circuits":"","cables":"3","name":"Вършец","operator":"","ref":""},"geometry":{"type":"LineString","coordinates":[[23.35883,43.46634],[23.359524,43.467804],[23.36195,43.471067],[23.363254,43.472806]]}},{"type":"Feature","properties":{"osm_id":1462284470,"voltage":"400000","circuits":"1","cables":"3","name":"Вършец","operator":"","ref":""},"geometry":{"type":"LineString","coordinates":[[23.197136,42.856089],[23.19918,42.857923],[23.203207,42.86008]]}},{"type":"Feature","properties":{"osm_id":1462284472,"voltage":"110000","circuits":"1","cables":"3","name":"Червен Бряг - Плевен","operator":"","ref":""},"geometry":{"type":"LineString","coordinates":[[24.276535,43.304063],[24.273487,43.303999],[24.270601,43.303952],[24.26786,43.303906],[24.265263,43.303878],[24.263252,43.303835],[24.260977,43.303827],[24.258322,43.303817],[24.255008,43.303783],[24.252386,43.303738],[24.24939,43.303697],[24.246523,43.30366],[24.24385,43.30363],[24.24094,43.303564],[24.238139,43.303533],[24.235472,43.303501],[24.23255,43.303483],[24.230025,43.303461],[24.227469,43.303414],[24.223905,43.303384],[24.221169,43.303344],[24.218092,43.303285],[24.215371,43.303253],[24.213634,43.303216],[24.210592,43.30318],[24.207906,43.303132],[24.205195,43.303095],[24.202178,43.303059],[24.19889,43.303011],[24.196706,43.302982],[24.194151,43.302935],[24.188438,43.302862],[24.186063,43.302829],[24.182554,43.302774],[24.179472,43.302723],[24.176515,43.302679],[24.173578,43.302635],[24.171088,43.302613],[24.168246,43.302584],[24.165817,43.302531],[24.163601,43.30251],[24.160699,43.302474],[24.158937,43.302474],[24.157772,43.302427],[24.155269,43.302416],[24.153897,43.302402],[24.152317,43.302359],[24.149489,43.30234]]}},{"type":"Feature","properties":{"osm_id":1462284474,"voltage":"110000","circuits":"1","cables":"3","name":"Червен Бряг - Плевен","operator":"","ref":""},"geometry":{"type":"LineString","coordinates":[[24.145577,43.301987],[24.144726,43.301931],[24.142603,43.301755],[24.139607,43.301508],[24.137218,43.301314],[24.134829,43.301116],[24.132751,43.300944],[24.129819,43.300707],[24.127366,43.300487],[24.124276,43.300319],[24.121241,43.30016],[24.1186,43.300002],[24.115969,43.299837],[24.113629,43.299726],[24.110732,43.299571],[24.107978,43.29942],[24.105455,43.299284],[24.103313,43.299169],[24.100075,43.299015],[24.097588,43.298867],[24.095092,43.298697],[24.087445,43.298282],[24.085019,43.298163],[24.082256,43.298],[24.079367,43.29783],[24.076497,43.297687],[24.073548,43.297537],[24.072776,43.297185]]}},{"type":"Feature","properties":{"osm_id":1462284477,"voltage":"110000","circuits":"","cables":"1","name":"","operator":"","ref":""},"geometry":{"type":"LineString","coordinates":[[24.162832,43.264287],[24.162196,43.264536],[24.162785,43.265127]]}},{"type":"Feature","properties":{"osm_id":1462284478,"voltage":"110000","circuits":"","cables":"1","name":"","operator":"","ref":""},"geometry":{"type":"LineString","coordinates":[[24.162832,43.264287],[24.162272,43.264557],[24.162785,43.265127]]}},{"type":"Feature","properties":{"osm_id":1462284481,"voltage":"110000","circuits":"2","cables":"6","name":"","operator":"","ref":""},"geometry":{"type":"LineString","coordinates":[[23.609862,43.205145],[23.608513,43.206793],[23.606979,43.208726],[23.6058,43.210224],[23.604591,43.211736],[23.603185,43.213542],[23.601724,43.215352],[23.600171,43.217296],[23.598723,43.21911],[23.597222,43.220989],[23.596118,43.222394],[23.594766,43.224007],[23.593831,43.225132],[23.592325,43.226945],[23.590914,43.228566],[23.5898,43.229971]]}},{"type":"Feature","properties":{"osm_id":1462284482,"voltage":"110000","circuits":"","cables":"6","name":"","operator":"","ref":""},"geometry":{"type":"LineString","coordinates":[[23.559455,43.26593],[23.557545,43.26092],[23.556555,43.258388],[23.55555,43.256444],[23.551989,43.249847],[23.550099,43.24638],[23.548074,43.24262],[23.546296,43.239255],[23.544933,43.23676],[23.543803,43.234702],[23.54269,43.232664],[23.541554,43.230525],[23.539111,43.227578],[23.537383,43.225135]]}},{"type":"Feature","properties":{"osm_id":1462284483,"voltage":"110000","circuits":"2","cables":"6","name":"","operator":"","ref":""},"geometry":{"type":"LineString","coordinates":[[23.559455,43.26593],[23.560792,43.264333],[23.563058,43.261675],[23.567024,43.257072],[23.5719,43.251357],[23.571894,43.250277],[23.571832,43.244004],[23.571698,43.233785],[23.571666,43.229939],[23.571666,43.227525],[23.571636,43.224401],[23.571637,43.223873]]}},{"type":"Feature","properties":{"osm_id":1462544313,"voltage":"110000","circuits":"1","cables":"3","name":"","operator":"","ref":""},"geometry":{"type":"LineString","coordinates":[[23.103331,41.965216],[23.103629,41.965471]]}},{"type":"Feature","properties":{"osm_id":1462544314,"voltage":"110000","circuits":"1","cables":"3","name":"","operator":"","ref":""},"geometry":{"type":"LineString","coordinates":[[23.103294,41.96532],[23.103629,41.965471]]}},{"type":"Feature","properties":{"osm_id":1462546117,"voltage":"400000","circuits":"1","cables":"1","name":"Дружба","operator":"","ref":""},"geometry":{"type":"LineString","coordinates":[[27.574911,43.339221],[27.574958,43.337173],[27.575048,43.336203]]}},{"type":"Feature","properties":{"osm_id":1462546118,"voltage":"400000","circuits":"1","cables":"1","name":"Дружба","operator":"","ref":""},"geometry":{"type":"LineString","coordinates":[[27.573616,43.343684],[27.574914,43.341623],[27.574911,43.339221]]}},{"type":"Feature","properties":{"osm_id":1462546120,"voltage":"400000","circuits":"1","cables":"1","name":"Дръзки","operator":"","ref":""},"geometry":{"type":"LineString","coordinates":[[27.574163,43.335608],[27.57312,43.335626],[27.569988,43.33694]]}},{"type":"Feature","properties":{"osm_id":1462546121,"voltage":"400000","circuits":"1","cables":"1","name":"","operator":"","ref":""},"geometry":{"type":"LineString","coordinates":[[27.569849,43.333158],[27.573149,43.335269],[27.574163,43.335428]]}},{"type":"Feature","properties":{"osm_id":1462546122,"voltage":"400000","circuits":"1","cables":"3","name":"","operator":"","ref":""},"geometry":{"type":"LineString","coordinates":[[27.564397,43.318664],[27.564939,43.321524],[27.565584,43.324444],[27.566265,43.327885]]}},{"type":"Feature","properties":{"osm_id":1462546123,"voltage":"400000","circuits":"1","cables":"1","name":"","operator":"","ref":""},"geometry":{"type":"LineString","coordinates":[[27.563265,43.3135],[27.563378,43.314781],[27.564397,43.318664]]}},{"type":"Feature","properties":{"osm_id":1462546124,"voltage":"400000","circuits":"1","cables":"1","name":"","operator":"","ref":""},"geometry":{"type":"LineString","coordinates":[[27.56597,43.338583],[27.563537,43.339592],[27.559265,43.339283]]}},{"type":"Feature","properties":{"osm_id":1462546125,"voltage":"400000","circuits":"1","cables":"3","name":"","operator":"","ref":""},"geometry":{"type":"LineString","coordinates":[[27.574163,43.335608],[27.57312,43.335626],[27.569988,43.33694],[27.56597,43.338583]]}},{"type":"Feature","properties":{"osm_id":1462669346,"voltage":"110000","circuits":"1","cables":"3","name":"","operator":"","ref":""},"geometry":{"type":"LineString","coordinates":[[26.903082,43.428072],[26.903228,43.428156]]}},{"type":"Feature","properties":{"osm_id":1462669347,"voltage":"110000","circuits":"1","cables":"3","name":"","operator":"","ref":""},"geometry":{"type":"LineString","coordinates":[[26.903145,43.428195],[26.903082,43.428072]]}},{"type":"Feature","properties":{"osm_id":1462669350,"voltage":"110000","circuits":"1","cables":"3","name":"","operator":"","ref":""},"geometry":{"type":"LineString","coordinates":[[26.936039,43.233116],[26.9356,43.232895],[26.93413,43.233729]]}},{"type":"Feature","properties":{"osm_id":1462669353,"voltage":"110000","circuits":"1","cables":"3","name":"","operator":"","ref":""},"geometry":{"type":"LineString","coordinates":[[26.962446,43.26012],[26.963081,43.260197],[26.966128,43.261763],[26.967208,43.262728],[26.970561,43.264513],[26.974005,43.266374],[26.977575,43.268249],[26.980536,43.269823],[26.983299,43.271263],[26.986488,43.271976],[26.990452,43.272839],[26.994444,43.2737],[26.996997,43.27428],[27.000307,43.275014],[27.003863,43.275815]]}},{"type":"Feature","properties":{"osm_id":1462669354,"voltage":"110000","circuits":"1","cables":"3","name":"","operator":"","ref":""},"geometry":{"type":"LineString","coordinates":[[26.968625,43.27313],[26.968607,43.272929],[26.972211,43.272079],[26.97617,43.271138],[26.978715,43.270536],[26.982752,43.271456],[26.985582,43.272064],[26.98884,43.27278]]}},{"type":"Feature","properties":{"osm_id":1462669358,"voltage":"110000","circuits":"1","cables":"3","name":"","operator":"","ref":""},"geometry":{"type":"LineString","coordinates":[[26.962364,43.260171],[26.962954,43.260282],[26.966018,43.261884],[26.966964,43.262941],[26.969427,43.264259],[26.96708,43.265572],[26.96557,43.266445],[26.9679,43.269698],[26.968367,43.272798],[26.968399,43.27314]]}},{"type":"Feature","properties":{"osm_id":1462669363,"voltage":"110000","circuits":"1","cables":"3","name":"","operator":"","ref":""},"geometry":{"type":"LineString","coordinates":[[26.93612,43.233059],[26.935915,43.232702],[26.936705,43.232196],[26.939932,43.231028],[26.943817,43.229609],[26.947088,43.228401],[26.95133,43.231357],[26.953738,43.233092],[26.956324,43.234851],[26.959009,43.236708],[26.960755,43.237915],[26.963475,43.239779],[26.966034,43.24158],[26.971709,43.245527],[26.97331,43.246643],[26.977172,43.249312],[26.979345,43.250832],[26.981849,43.252566],[26.983742,43.253799],[26.986393,43.255716],[26.989122,43.257533],[26.990965,43.258839],[26.991651,43.259216]]}},{"type":"Feature","properties":{"osm_id":1462669365,"voltage":"110000","circuits":"1","cables":"3","name":"","operator":"","ref":""},"geometry":{"type":"LineString","coordinates":[[27.021296,43.283934],[27.021245,43.283747],[27.02093,43.282682],[27.020203,43.280872]]}},{"type":"Feature","properties":{"osm_id":1462669367,"voltage":"110000","circuits":"1","cables":"3","name":"","operator":"","ref":""},"geometry":{"type":"LineString","coordinates":[[26.189859,43.629073],[26.189517,43.629012]]}},{"type":"Feature","properties":{"osm_id":1462669368,"voltage":"110000","circuits":"2","cables":"6","name":"","operator":"","ref":""},"geometry":{"type":"LineString","coordinates":[[26.033031,43.781122],[26.034294,43.779896],[26.035763,43.778457],[26.037009,43.77726],[26.038217,43.776099],[26.039483,43.774837],[26.04099,43.773377],[26.042352,43.772056],[26.043423,43.771028],[26.045234,43.770726],[26.047018,43.770429],[26.04943,43.770023],[26.05113,43.769743],[26.053357,43.769375],[26.055425,43.769032],[26.057552,43.768678],[26.059695,43.768313],[26.061949,43.767936],[26.064239,43.76755],[26.06669,43.767145],[26.069118,43.766756],[26.07155,43.766351],[26.073642,43.766017],[26.076149,43.765574],[26.079384,43.76504],[26.082417,43.764549],[26.08719,43.763746],[26.090519,43.763181],[26.093584,43.762661],[26.096522,43.762181],[26.101581,43.76132],[26.103692,43.760954],[26.104985,43.760083],[26.108044,43.757965],[26.110132,43.756544],[26.113283,43.754367],[26.115324,43.752983],[26.117621,43.751389],[26.120077,43.749706],[26.122992,43.747715],[26.124939,43.746373],[26.12762,43.744921],[26.130482,43.743362],[26.133298,43.74183],[26.135908,43.740413],[26.138561,43.738962],[26.141321,43.737462],[26.143646,43.736182],[26.145975,43.735042],[26.148546,43.733788],[26.152053,43.732054],[26.155485,43.730362],[26.158732,43.728768],[26.161417,43.727439],[26.164731,43.725816],[26.16725,43.724561],[26.170132,43.723161],[26.172659,43.721906],[26.17559,43.721561],[26.178803,43.721183],[26.181907,43.720826],[26.184477,43.72052],[26.187198,43.720203],[26.188407,43.719171],[26.190979,43.717034],[26.192971,43.715327],[26.195344,43.713366],[26.197487,43.711528],[26.199215,43.71011],[26.198558,43.707871],[26.197838,43.70538],[26.197205,43.703153],[26.196512,43.700757],[26.1958,43.698343],[26.195269,43.69651],[26.194226,43.692863],[26.193528,43.690535],[26.193024,43.688755],[26.192305,43.686327],[26.191549,43.683739],[26.191077,43.682056],[26.190063,43.678742],[26.189417,43.676603],[26.188854,43.674636],[26.188162,43.67222],[26.188929,43.670799],[26.190855,43.667252],[26.1917,43.665699],[26.190848,43.66313],[26.190131,43.661042],[26.188867,43.657323],[26.18834,43.655722],[26.18764,43.65353],[26.186829,43.651078],[26.186063,43.648762],[26.185396,43.64677],[26.185267,43.645183],[26.185074,43.642835],[26.184856,43.640504],[26.18459,43.637765],[26.184474,43.63606],[26.184268,43.634178],[26.185921,43.632556],[26.188191,43.630351],[26.189517,43.629012]]}},{"type":"Feature","properties":{"osm_id":1462669369,"voltage":"110000","circuits":"","cables":"","name":"","operator":"","ref":""},"geometry":{"type":"LineString","coordinates":[[26.169449,43.648877],[26.172956,43.645579],[26.177938,43.640744],[26.179689,43.638967],[26.181389,43.637343],[26.183102,43.6356],[26.184968,43.633814],[26.188328,43.630544],[26.189859,43.629073]]}},{"type":"Feature","properties":{"osm_id":1462669370,"voltage":"110000","circuits":"1","cables":"3","name":"","operator":"","ref":""},"geometry":{"type":"LineString","coordinates":[[26.269544,43.684403],[26.269229,43.684008]]}},{"type":"Feature","properties":{"osm_id":1462669371,"voltage":"110000","circuits":"1","cables":"3","name":"","operator":"","ref":""},"geometry":{"type":"LineString","coordinates":[[26.269414,43.684451],[26.269229,43.684008]]}},{"type":"Feature","properties":{"osm_id":1462669377,"voltage":"400000","circuits":"1","cables":"1","name":"Зорница","operator":"","ref":""},"geometry":{"type":"LineString","coordinates":[[27.355484,42.61778],[27.354341,42.61852],[27.350847,42.620185]]}},{"type":"Feature","properties":{"osm_id":1462669378,"voltage":"400000","circuits":"1","cables":"1","name":"","operator":"","ref":""},"geometry":{"type":"LineString","coordinates":[[27.355822,42.618142],[27.354647,42.618895],[27.352128,42.620229]]}},{"type":"Feature","properties":{"osm_id":1462669379,"voltage":"400000","circuits":"1","cables":"1","name":"Съединение","operator":"","ref":""},"geometry":{"type":"LineString","coordinates":[[27.529264,43.334256],[27.53022,43.335542],[27.531567,43.337034]]}},{"type":"Feature","properties":{"osm_id":1462669380,"voltage":"110000","circuits":"1","cables":"3","name":"","operator":"","ref":""},"geometry":{"type":"LineString","coordinates":[[27.560251,43.366509],[27.559199,43.36819]]}},{"type":"Feature","properties":{"osm_id":1462669381,"voltage":"110000","circuits":"1","cables":"3","name":"","operator":"","ref":""},"geometry":{"type":"LineString","coordinates":[[27.560251,43.366509],[27.560495,43.367431],[27.559199,43.36819]]}},{"type":"Feature","properties":{"osm_id":1462678243,"voltage":"110000","circuits":"1","cables":"3","name":"","operator":"","ref":""},"geometry":{"type":"LineString","coordinates":[[25.871697,41.633304],[25.871493,41.633518],[25.870174,41.637747],[25.86938,41.640092],[25.868383,41.642849],[25.866357,41.642616],[25.86374,41.642309],[25.8618,41.642115],[25.859046,41.642522],[25.857917,41.642688],[25.855516,41.642245],[25.852616,41.641704],[25.849669,41.641474],[25.847225,41.642606],[25.845809,41.643258],[25.843591,41.644578],[25.840482,41.64513],[25.837958,41.64632],[25.835249,41.646064],[25.833326,41.646919],[25.831274,41.647849],[25.826057,41.650261],[25.822058,41.65085],[25.818587,41.651],[25.815267,41.649868],[25.81123,41.648513],[25.809315,41.648447],[25.804079,41.648264],[25.802121,41.648188],[25.800174,41.648118],[25.797907,41.65107],[25.795416,41.654349],[25.794085,41.656112],[25.792755,41.657852],[25.789855,41.658189],[25.786127,41.658601],[25.78282,41.659],[25.779364,41.659394],[25.776292,41.65975],[25.773401,41.66008],[25.770607,41.660397],[25.766039,41.660943],[25.763398,41.661241],[25.759872,41.661642],[25.757283,41.66192],[25.755016,41.661083],[25.752246,41.660073],[25.749978,41.659247],[25.746087,41.657806],[25.740924,41.655909],[25.737303,41.654568],[25.735357,41.653848],[25.73336,41.6531],[25.728658,41.651373],[25.723948,41.649617],[25.721296,41.648655],[25.718203,41.647481],[25.715923,41.646649],[25.712817,41.645502],[25.709218,41.644165],[25.705975,41.642955],[25.703185,41.641913],[25.699154,41.640449],[25.697533,41.639842],[25.69486,41.638852],[25.690576,41.63727],[25.686376,41.635723],[25.683447,41.634604],[25.677331,41.632377],[25.6758,41.629774],[25.674354,41.627455],[25.673018,41.625241],[25.671093,41.622088],[25.668644,41.619746],[25.667515,41.618653],[25.665573,41.616782],[25.660753,41.615902],[25.656112,41.615053],[25.651982,41.614279],[25.64953,41.613832],[25.647827,41.613525],[25.644197,41.612842],[25.640773,41.612932],[25.63973,41.613045],[25.64006,41.612641]]}},{"type":"Feature","properties":{"osm_id":1462678247,"voltage":"110000","circuits":"1","cables":"3","name":"","operator":"","ref":""},"geometry":{"type":"LineString","coordinates":[[26.11808,41.524077],[26.117811,41.524168],[26.113783,41.525513],[26.112033,41.526105],[26.10906,41.527552],[26.107387,41.528375],[26.107381,41.531714],[26.105899,41.533069],[26.103961,41.534811],[26.101145,41.537376],[26.098924,41.539394],[26.096212,41.541857],[26.093664,41.541528],[26.090343,41.541078],[26.087704,41.541383],[26.08554,41.54164],[26.081425,41.542757],[26.077911,41.543684],[26.069562,41.545938],[26.066751,41.546691],[26.061456,41.548126],[26.056561,41.549451],[26.054785,41.550132],[26.050188,41.551896],[26.044164,41.554221],[26.036391,41.557173],[26.031748,41.558959],[26.029457,41.559836],[26.024439,41.561741],[26.02129,41.562949],[26.018592,41.563979],[26.016344,41.56483],[26.013487,41.566584],[26.007675,41.570099],[26.00492,41.571777],[25.999993,41.574769],[25.99476,41.577945],[25.989533,41.581109],[25.987569,41.582295],[25.986172,41.582929],[25.980794,41.585276],[25.978721,41.586203],[25.976451,41.587202],[25.974096,41.588243],[25.971023,41.589611],[25.964145,41.592626],[25.961876,41.593629],[25.958003,41.595332],[25.955039,41.596793],[25.952094,41.598273],[25.949509,41.599549],[25.945716,41.601432],[25.942497,41.603025],[25.936516,41.606005],[25.931921,41.608281],[25.928333,41.610062],[25.923333,41.612543],[25.919531,41.614434],[25.917209,41.615589],[25.914758,41.61671],[25.912052,41.617923],[25.910174,41.618741],[25.906384,41.620429],[25.903104,41.621879],[25.898941,41.6237],[25.895113,41.624506],[25.892423,41.625063],[25.887727,41.626061],[25.885989,41.626428],[25.883135,41.627431],[25.880855,41.628231],[25.878156,41.629179],[25.873527,41.630781],[25.871561,41.630793],[25.870697,41.631904],[25.871167,41.633068],[25.871379,41.633431],[25.87151,41.633193]]}},{"type":"Feature","properties":{"osm_id":1462678251,"voltage":"110000","circuits":"1","cables":"3","name":"","operator":"","ref":""},"geometry":{"type":"LineString","coordinates":[[26.107016,41.583892],[26.105334,41.583954],[26.105007,41.58383],[26.104878,41.581613],[26.104603,41.577979],[26.104906,41.573514],[26.105106,41.57029],[26.105318,41.566977],[26.10546,41.564561],[26.105511,41.563609],[26.105407,41.561893],[26.105205,41.559088],[26.104937,41.554955],[26.104728,41.551818],[26.104626,41.550549],[26.104433,41.547839],[26.104275,41.54594],[26.104929,41.543819],[26.105487,41.541982],[26.106074,41.539954],[26.106898,41.537149],[26.107821,41.534011],[26.107839,41.531913],[26.107888,41.530325],[26.107923,41.52851],[26.109282,41.527753],[26.112268,41.52614],[26.113912,41.525626],[26.118008,41.524377],[26.118201,41.524222]]}},{"type":"Feature","properties":{"osm_id":1462679279,"voltage":"110000","circuits":"1","cables":"3","name":"","operator":"","ref":""},"geometry":{"type":"LineString","coordinates":[[25.086547,41.388473],[25.08665,41.388541],[25.087987,41.389517],[25.090852,41.388936],[25.093557,41.388387],[25.100158,41.38705],[25.104202,41.386239],[25.106726,41.385699],[25.110616,41.385942],[25.113379,41.386079],[25.118122,41.386388],[25.121157,41.386562],[25.124636,41.386767],[25.131902,41.387204],[25.133819,41.386745],[25.139789,41.385241],[25.147814,41.38589],[25.15065,41.386131],[25.154805,41.38645],[25.158382,41.386719],[25.165853,41.387298],[25.168241,41.387494],[25.171088,41.387708],[25.176371,41.386676],[25.181125,41.385815],[25.184492,41.383525],[25.187164,41.381661],[25.189551,41.380724],[25.193759,41.379177],[25.200285,41.376691],[25.201301,41.376343],[25.204317,41.374855],[25.207693,41.373167],[25.209215,41.372434],[25.213707,41.370099],[25.215682,41.369001],[25.217847,41.368046],[25.219872,41.366999],[25.222268,41.365755],[25.224227,41.36483],[25.225517,41.364176],[25.228457,41.362707],[25.230884,41.361481],[25.234608,41.359506],[25.236114,41.360556],[25.238488,41.362324],[25.240661,41.36396],[25.244069,41.365481],[25.247192,41.366921],[25.251663,41.368862],[25.255431,41.369878],[25.258869,41.371042],[25.262523,41.371846],[25.264566,41.372368],[25.266375,41.37288]]}},{"type":"Feature","properties":{"osm_id":1462679280,"voltage":"110000","circuits":"1","cables":"3","name":"","operator":"","ref":""},"geometry":{"type":"LineString","coordinates":[[25.258999,41.381444],[25.259784,41.381087]]}},{"type":"Feature","properties":{"osm_id":1462679281,"voltage":"110000","circuits":"1","cables":"3","name":"","operator":"","ref":""},"geometry":{"type":"LineString","coordinates":[[25.258922,41.381282],[25.259784,41.381087]]}},{"type":"Feature","properties":{"osm_id":1462679282,"voltage":"110000","circuits":"2","cables":"6","name":"","operator":"","ref":""},"geometry":{"type":"LineString","coordinates":[[25.259784,41.381087],[25.260994,41.380828],[25.264008,41.380224],[25.264668,41.37826],[25.265712,41.374989],[25.266375,41.37288]]}},{"type":"Feature","properties":{"osm_id":1462681849,"voltage":"110000","circuits":"1","cables":"3","name":"","operator":"","ref":""},"geometry":{"type":"LineString","coordinates":[[23.184138,41.707132],[23.18441,41.707118],[23.184698,41.707745],[23.182502,41.709081],[23.180283,41.710485],[23.17777,41.712881],[23.17629,41.715504],[23.166662,41.732491],[23.165704,41.734177],[23.163717,41.737683],[23.162071,41.740632],[23.161623,41.741463],[23.166094,41.74639]]}},{"type":"Feature","properties":{"osm_id":1462681850,"voltage":"110000","circuits":"1","cables":"3","name":"","operator":"","ref":""},"geometry":{"type":"LineString","coordinates":[[23.184138,41.706996],[23.184234,41.706947],[23.18392,41.706705],[23.183923,41.704719],[23.183875,41.70228],[23.183794,41.699216],[23.183741,41.697165],[23.183719,41.695461],[23.183684,41.694155],[23.184784,41.692253],[23.186444,41.689487],[23.188798,41.685488],[23.190862,41.681937],[23.192316,41.679502],[23.193582,41.677295],[23.194923,41.675007],[23.197136,41.671241],[23.199067,41.667919],[23.199869,41.666532],[23.202374,41.662222],[23.203822,41.659718],[23.206014,41.65595],[23.208127,41.652447],[23.209841,41.649589],[23.21111,41.647503],[23.213028,41.64433],[23.214964,41.641115],[23.216069,41.639313],[23.217526,41.636885],[23.21873,41.634913],[23.22112,41.630913],[23.222413,41.628826],[23.223172,41.627503],[23.225996,41.622857],[23.226688,41.621719],[23.229454,41.617171],[23.231159,41.614309],[23.232509,41.612077],[23.234354,41.609023],[23.23544,41.607226],[23.237253,41.604226],[23.239217,41.600955],[23.240971,41.598046],[23.242537,41.595471],[23.244345,41.59245],[23.246295,41.589206],[23.248135,41.586171],[23.250061,41.582961],[23.252614,41.579713],[23.254355,41.5758],[23.25575,41.573535],[23.257432,41.570768],[23.258896,41.568388],[23.260964,41.565022],[23.262528,41.562486],[23.26303,41.55924],[23.26359,41.555563],[23.263992,41.55309],[23.264282,41.551172],[23.266516,41.548972],[23.267813,41.547666],[23.268407,41.547086],[23.268879,41.546684]]}},{"type":"Feature","properties":{"osm_id":1462868681,"voltage":"110000","circuits":"1","cables":"3","name":"","operator":"","ref":""},"geometry":{"type":"LineString","coordinates":[[27.217562,44.068358],[27.217046,44.068409]]}},{"type":"Feature","properties":{"osm_id":1462868683,"voltage":"110000","circuits":"1","cables":"3","name":"","operator":"","ref":""},"geometry":{"type":"LineString","coordinates":[[26.076747,43.821989],[26.074853,43.821036],[26.073265,43.820228],[26.071248,43.819194],[26.069054,43.818072],[26.067407,43.817236],[26.065685,43.816349],[26.064162,43.815563],[26.061973,43.814456],[26.059924,43.813411],[26.058234,43.812548],[26.056394,43.811596],[26.054517,43.810659],[26.052586,43.809652],[26.050488,43.808588],[26.048476,43.807566],[26.04661,43.806606],[26.044593,43.805576],[26.042747,43.804631],[26.040816,43.803648],[26.038981,43.802699],[26.037222,43.801797],[26.034808,43.800581],[26.033032,43.799648],[26.031182,43.798704],[26.028961,43.797581],[26.027657,43.796926],[26.026557,43.795811],[26.02535,43.794622],[26.023877,43.793163],[26.025047,43.792169],[26.026649,43.7908],[26.027002,43.790394]]}},{"type":"Feature","properties":{"osm_id":1462868684,"voltage":"110000","circuits":"1","cables":"3","name":"","operator":"","ref":""},"geometry":{"type":"LineString","coordinates":[[26.076747,43.821989],[26.077037,43.821656]]}},{"type":"Feature","properties":{"osm_id":1462868685,"voltage":"110000","circuits":"1","cables":"3","name":"","operator":"","ref":""},"geometry":{"type":"LineString","coordinates":[[26.077015,43.821849],[26.077037,43.821656]]}},{"type":"Feature","properties":{"osm_id":1462868686,"voltage":"110000","circuits":"1","cables":"3","name":"","operator":"","ref":""},"geometry":{"type":"LineString","coordinates":[[26.082068,43.793197],[26.082165,43.792623]]}},{"type":"Feature","properties":{"osm_id":1462868688,"voltage":"110000","circuits":"1","cables":"3","name":"","operator":"","ref":""},"geometry":{"type":"LineString","coordinates":[[26.045834,43.872474],[26.046016,43.872495]]}},{"type":"Feature","properties":{"osm_id":1462868690,"voltage":"110000","circuits":"1","cables":"3","name":"","operator":"","ref":""},"geometry":{"type":"LineString","coordinates":[[26.071021,43.876164],[26.071278,43.878076],[26.07202,43.879735],[26.072846,43.881487],[26.073708,43.883302],[26.074494,43.88504],[26.073579,43.886706],[26.072585,43.888473],[26.071591,43.890262],[26.070708,43.891845],[26.0697,43.893663],[26.068879,43.89515],[26.067973,43.896802],[26.066939,43.898648],[26.066263,43.899868],[26.066943,43.902048],[26.066855,43.902132]]}},{"type":"Feature","properties":{"osm_id":1462868691,"voltage":"110000","circuits":"1","cables":"3","name":"","operator":"","ref":""},"geometry":{"type":"LineString","coordinates":[[26.070811,43.876502],[26.071043,43.878127],[26.07194,43.880085],[26.072833,43.882003],[26.073535,43.883509],[26.07422,43.885021],[26.07327,43.88675],[26.072338,43.88846],[26.071379,43.890173],[26.070606,43.891587],[26.069378,43.893803],[26.068543,43.895318],[26.067642,43.896932],[26.066718,43.898607],[26.06602,43.899842],[26.066621,43.901848],[26.066605,43.901965]]}},{"type":"Feature","properties":{"osm_id":1462868692,"voltage":"110000","circuits":"1","cables":"3","name":"","operator":"","ref":""},"geometry":{"type":"LineString","coordinates":[[26.071021,43.876164],[26.068973,43.875781]]}},{"type":"Feature","properties":{"osm_id":1462868693,"voltage":"110000","circuits":"1","cables":"3","name":"","operator":"","ref":""},"geometry":{"type":"LineString","coordinates":[[26.070811,43.876502],[26.068973,43.875781]]}},{"type":"Feature","properties":{"osm_id":1462868694,"voltage":"110000","circuits":"1","cables":"3","name":"","operator":"","ref":""},"geometry":{"type":"LineString","coordinates":[[26.069959,43.868636],[26.070477,43.868594]]}},{"type":"Feature","properties":{"osm_id":1462868703,"voltage":"110000","circuits":"1","cables":"3","name":"","operator":"","ref":""},"geometry":{"type":"LineString","coordinates":[[25.636087,43.314744],[25.636194,43.313387],[25.636375,43.311515],[25.636594,43.30923],[25.636752,43.30767],[25.636878,43.306336],[25.637008,43.304769],[25.637124,43.303262],[25.637296,43.301261],[25.637524,43.298712],[25.637747,43.296356],[25.637952,43.294216],[25.639497,43.293681],[25.641641,43.292946],[25.642665,43.290962],[25.643595,43.28915],[25.644507,43.287318],[25.645437,43.285551],[25.646321,43.283817],[25.647228,43.282002],[25.648163,43.28022],[25.649056,43.278483],[25.649963,43.276685],[25.65088,43.274903],[25.651792,43.273111],[25.652606,43.271557],[25.653513,43.269775],[25.654546,43.267743],[25.655527,43.265815],[25.656462,43.263986],[25.657355,43.262221],[25.658272,43.26046],[25.659151,43.258711],[25.660072,43.256956],[25.660844,43.255405],[25.661705,43.253731],[25.662728,43.251783],[25.662905,43.250373],[25.663147,43.248418],[25.66337,43.246524],[25.663705,43.245796],[25.664701,43.243549],[25.665575,43.241553],[25.666389,43.239777],[25.66718,43.238001],[25.667943,43.236229],[25.668734,43.234456],[25.669511,43.232684],[25.670329,43.230819],[25.67082,43.229647],[25.671339,43.228137],[25.671954,43.22646],[25.673968,43.225449],[25.67595,43.224466],[25.677441,43.222248],[25.678785,43.220267],[25.6801,43.218205],[25.681223,43.216532],[25.682533,43.214619],[25.683546,43.213054],[25.684597,43.211457],[25.685687,43.209845],[25.686815,43.208083],[25.688269,43.205925],[25.687922,43.204115],[25.687448,43.202302],[25.687129,43.200737],[25.686843,43.199501],[25.686436,43.1977],[25.68599,43.195585],[25.685648,43.1942],[25.685269,43.192579],[25.684801,43.190645],[25.684399,43.188662],[25.683953,43.186616],[25.683469,43.184657],[25.683171,43.183373],[25.682748,43.181542],[25.682313,43.179391],[25.681883,43.177657],[25.680849,43.176947],[25.678578,43.175328],[25.676528,43.17392],[25.674634,43.172603],[25.672267,43.170961],[25.672179,43.169259],[25.672053,43.167633],[25.671943,43.165425],[25.671816,43.163522],[25.671684,43.161912],[25.671623,43.160744],[25.671508,43.159097],[25.671331,43.156727],[25.671245,43.155162],[25.671004,43.15118],[25.66997,43.149884],[25.668935,43.148569],[25.667483,43.146745],[25.666054,43.144935],[25.665212,43.143839],[25.665133,43.143528]]}},{"type":"Feature","properties":{"osm_id":1463238512,"voltage":"110000","circuits":"2","cables":"6","name":"","operator":"","ref":""},"geometry":{"type":"LineString","coordinates":[[25.89691,41.943371],[25.897892,41.944577],[25.897414,41.946514],[25.896983,41.948293],[25.896544,41.949981],[25.896091,41.951794],[25.895675,41.953522],[25.89516,41.955593],[25.894713,41.957445],[25.894338,41.958936],[25.8938,41.961082],[25.893381,41.962752],[25.893049,41.96409],[25.892456,41.966442],[25.891977,41.968371],[25.891444,41.970539],[25.890667,41.973613],[25.889634,41.974369],[25.88934,41.976933],[25.889099,41.978999],[25.888618,41.979883],[25.887529,41.981943],[25.88617,41.984515],[25.885152,41.9864],[25.884157,41.988265],[25.882943,41.990528],[25.882144,41.992024],[25.881245,41.993709],[25.880511,41.995053],[25.879348,41.997313],[25.878525,41.998805],[25.877318,42.00108],[25.876425,42.002744],[25.875441,42.004596],[25.874564,42.00623],[25.873833,42.007619],[25.87301,42.009128],[25.872264,42.010552],[25.871123,42.012629],[25.870119,42.014445],[25.869251,42.016139],[25.868097,42.018334],[25.867633,42.019216],[25.866684,42.021021],[25.865887,42.022594]]}},{"type":"Feature","properties":{"osm_id":1463238513,"voltage":"110000","circuits":"1","cables":"3","name":"","operator":"","ref":""},"geometry":{"type":"LineString","coordinates":[[25.896253,41.943307],[25.89691,41.943371]]}},{"type":"Feature","properties":{"osm_id":1463238514,"voltage":"110000","circuits":"1","cables":"3","name":"","operator":"","ref":""},"geometry":{"type":"LineString","coordinates":[[25.896245,41.943394],[25.89691,41.943371]]}},{"type":"Feature","properties":{"osm_id":1463238515,"voltage":"110000","circuits":"1","cables":"3","name":"","operator":"","ref":""},"geometry":{"type":"LineString","coordinates":[[25.864815,42.02066],[25.865073,42.020956],[25.865887,42.022594]]}},{"type":"Feature","properties":{"osm_id":1463428875,"voltage":"110000","circuits":"","cables":"","name":"","operator":"","ref":""},"geometry":{"type":"LineString","coordinates":[[26.011191,42.483577],[26.011252,42.483343],[26.011624,42.483163]]}},{"type":"Feature","properties":{"osm_id":1463428876,"voltage":"110000","circuits":"1","cables":"3","name":"","operator":"","ref":""},"geometry":{"type":"LineString","coordinates":[[25.986647,42.485819],[25.98947,42.484617],[25.99501,42.484256],[25.998389,42.484035],[26.002503,42.483759],[26.006473,42.483853],[26.009444,42.483541],[26.011252,42.483343]]}},{"type":"Feature","properties":{"osm_id":1463428887,"voltage":"110000","circuits":"","cables":"","name":"","operator":"","ref":""},"geometry":{"type":"LineString","coordinates":[[26.011624,42.483163],[26.011889,42.482846]]}},{"type":"Feature","properties":{"osm_id":1463445005,"voltage":"110000","circuits":"1","cables":"3","name":"","operator":"","ref":""},"geometry":{"type":"LineString","coordinates":[[26.170702,43.293504],[26.170292,43.29345]]}},{"type":"Feature","properties":{"osm_id":1463445006,"voltage":"110000","circuits":"1","cables":"3","name":"","operator":"","ref":""},"geometry":{"type":"LineString","coordinates":[[26.170659,43.293575],[26.170292,43.29345]]}},{"type":"Feature","properties":{"osm_id":1463445009,"voltage":"110000","circuits":"2","cables":"6","name":"","operator":"","ref":""},"geometry":{"type":"LineString","coordinates":[[26.172732,43.339455],[26.171695,43.336613],[26.170657,43.33393],[26.169782,43.331562],[26.168599,43.32845],[26.167744,43.326286],[26.16695,43.324577],[26.166049,43.322606],[26.165201,43.320772],[26.164177,43.31818],[26.163458,43.316342],[26.162921,43.31498],[26.162154,43.312993],[26.162428,43.310487],[26.162664,43.308055],[26.162878,43.305694],[26.16312,43.303546],[26.164364,43.301782],[26.165829,43.299728],[26.167186,43.297808],[26.168709,43.295695],[26.170292,43.29345]]}},{"type":"Feature","properties":{"osm_id":1463445010,"voltage":"110000","circuits":"1","cables":"3","name":"","operator":"","ref":""},"geometry":{"type":"LineString","coordinates":[[26.564323,43.265722],[26.566763,43.265575],[26.567002,43.265373]]}},{"type":"Feature","properties":{"osm_id":1463445012,"voltage":"110000","circuits":"1","cables":"3","name":"","operator":"","ref":""},"geometry":{"type":"LineString","coordinates":[[26.560677,43.259175],[26.561677,43.259208],[26.562232,43.260317],[26.563163,43.262163],[26.564,43.263796],[26.564158,43.264806],[26.564323,43.265722]]}},{"type":"Feature","properties":{"osm_id":1463445016,"voltage":"110000","circuits":"1","cables":"3","name":"","operator":"","ref":""},"geometry":{"type":"LineString","coordinates":[[26.553104,43.252923],[26.553279,43.253068],[26.555886,43.255016],[26.558823,43.25713],[26.554154,43.257401],[26.552367,43.257886],[26.549599,43.258636],[26.54784,43.25912],[26.545619,43.256893],[26.54379,43.254998],[26.541837,43.25306],[26.539815,43.251009],[26.537564,43.248741],[26.535657,43.246801],[26.533608,43.24473],[26.531505,43.242628],[26.529402,43.240506],[26.527273,43.238333],[26.525374,43.236445],[26.523276,43.234245],[26.521114,43.23206],[26.518931,43.229887],[26.516651,43.227534],[26.51494,43.225802]]}},{"type":"Feature","properties":{"osm_id":1463445017,"voltage":"110000","circuits":"1","cables":"3","name":"","operator":"","ref":""},"geometry":{"type":"LineString","coordinates":[[26.553213,43.252909],[26.553435,43.253041],[26.556053,43.254963],[26.558917,43.256983],[26.56036,43.258046]]}},{"type":"Feature","properties":{"osm_id":1463445018,"voltage":"110000","circuits":"1","cables":"3","name":"","operator":"","ref":""},"geometry":{"type":"LineString","coordinates":[[26.566795,43.26536],[26.566587,43.265448],[26.565065,43.265452],[26.564392,43.264187],[26.563464,43.262259],[26.562506,43.260327],[26.561881,43.259071],[26.56036,43.258046]]}},{"type":"Feature","properties":{"osm_id":1463445019,"voltage":"110000","circuits":"1","cables":"3","name":"","operator":"","ref":""},"geometry":{"type":"LineString","coordinates":[[26.527932,43.269404],[26.527709,43.269486]]}},{"type":"Feature","properties":{"osm_id":1463445038,"voltage":"110000","circuits":"1","cables":"3","name":"","operator":"","ref":""},"geometry":{"type":"LineString","coordinates":[[26.22463,43.3384],[26.223983,43.338056],[26.224422,43.337214],[26.224658,43.336753],[26.225317,43.335421],[26.225889,43.334205],[26.227015,43.331874],[26.228126,43.329525],[26.23021,43.329845],[26.233804,43.330469],[26.237033,43.331006],[26.240172,43.331538],[26.244847,43.330653],[26.247738,43.330159],[26.251163,43.329521],[26.254913,43.328824],[26.258885,43.328105],[26.262297,43.327472],[26.265484,43.326891],[26.268799,43.326294],[26.272924,43.325517],[26.276797,43.324803],[26.280499,43.324144],[26.284356,43.323373],[26.286601,43.322649],[26.29009,43.321453],[26.293641,43.320218],[26.297767,43.318773],[26.300615,43.317759],[26.303024,43.316927],[26.305937,43.315936],[26.307439,43.315429],[26.31026,43.314472],[26.313302,43.313442],[26.316698,43.312314],[26.320313,43.311112],[26.323881,43.309937],[26.326397,43.30907],[26.329878,43.307899],[26.332549,43.307009],[26.33565,43.305951],[26.340333,43.304374],[26.343552,43.303293],[26.346642,43.302258],[26.350139,43.301079],[26.353229,43.300025],[26.356528,43.298928],[26.359334,43.29796],[26.362118,43.297046],[26.365423,43.295926],[26.367568,43.295196],[26.370851,43.294091],[26.37414,43.292986],[26.37805,43.291662],[26.380953,43.29069],[26.38357,43.289838],[26.386929,43.288667],[26.389772,43.287718],[26.392223,43.286906],[26.395142,43.285941],[26.397877,43.284993],[26.401842,43.283649],[26.404401,43.282821],[26.407753,43.281673],[26.40998,43.280947],[26.412608,43.280693],[26.416712,43.280314],[26.419217,43.280084],[26.422259,43.27981],[26.424801,43.279584],[26.427307,43.279334],[26.43141,43.278955],[26.433701,43.278748],[26.436244,43.278525],[26.438829,43.278291],[26.441249,43.278029],[26.444473,43.277768],[26.446597,43.277561],[26.448979,43.277346],[26.45179,43.277076],[26.454354,43.276869],[26.457868,43.276526],[26.46063,43.276295],[26.463506,43.276034],[26.466172,43.27578],[26.46858,43.275561],[26.471295,43.275311],[26.474395,43.274991],[26.477255,43.27476],[26.480119,43.274495],[26.482506,43.274288],[26.484427,43.273772],[26.487125,43.273003],[26.489368,43.272394],[26.491063,43.271929],[26.493664,43.271218],[26.496851,43.271339],[26.499018,43.271417],[26.50251,43.271566],[26.505434,43.271655],[26.509152,43.271831],[26.512864,43.271413],[26.516774,43.27098],[26.519162,43.270718],[26.519875,43.269366],[26.52083,43.267441],[26.51896,43.266968],[26.519569,43.265798],[26.520224,43.264519],[26.523335,43.264017],[26.526867,43.263423],[26.529469,43.264665],[26.527817,43.267095],[26.527932,43.269404]]}},{"type":"Feature","properties":{"osm_id":1463445039,"voltage":"110000","circuits":"1","cables":"3","name":"","operator":"","ref":""},"geometry":{"type":"LineString","coordinates":[[26.224629,43.338472],[26.22406,43.338467]]}},{"type":"Feature","properties":{"osm_id":1463445040,"voltage":"110000","circuits":"1","cables":"3","name":"","operator":"","ref":""},"geometry":{"type":"LineString","coordinates":[[26.224627,43.338559],[26.22406,43.338467]]}},{"type":"Feature","properties":{"osm_id":1463445041,"voltage":"110000","circuits":"2","cables":"6","name":"","operator":"","ref":""},"geometry":{"type":"LineString","coordinates":[[26.172732,43.339455],[26.178253,43.339159],[26.181897,43.338959],[26.187044,43.338651],[26.190974,43.338462],[26.194574,43.33825],[26.198217,43.33803],[26.201773,43.33783],[26.20621,43.337598],[26.210173,43.337378],[26.211461,43.336465],[26.214472,43.336841],[26.217004,43.337161],[26.220301,43.337626],[26.223345,43.338022],[26.22406,43.338467]]}},{"type":"Feature","properties":{"osm_id":1463445046,"voltage":"110000","circuits":"1","cables":"3","name":"","operator":"","ref":""},"geometry":{"type":"LineString","coordinates":[[25.613837,43.070507],[25.613581,43.069976]]}},{"type":"Feature","properties":{"osm_id":1463445047,"voltage":"110000","circuits":"1","cables":"3","name":"","operator":"","ref":""},"geometry":{"type":"LineString","coordinates":[[25.613719,43.070506],[25.613581,43.069976]]}},{"type":"Feature","properties":{"osm_id":1463445049,"voltage":"110000","circuits":"","cables":"","name":"","operator":"","ref":""},"geometry":{"type":"LineString","coordinates":[[25.61636,43.056661],[25.612316,43.056747],[25.609735,43.05677],[25.606157,43.056821],[25.602681,43.056884],[25.601431,43.057094]]}},{"type":"Feature","properties":{"osm_id":1463693890,"voltage":"110000","circuits":"1","cables":"3","name":"","operator":"","ref":""},"geometry":{"type":"LineString","coordinates":[[25.913997,42.12764],[25.914278,42.127957],[25.915131,42.128814],[25.916713,42.129351],[25.916844,42.129392]]}},{"type":"Feature","properties":{"osm_id":1463693891,"voltage":"110000","circuits":"2","cables":"6","name":"","operator":"","ref":""},"geometry":{"type":"LineString","coordinates":[[25.865361,42.124448],[25.868324,42.124957],[25.871598,42.125526],[25.875648,42.126168],[25.878564,42.126635],[25.881235,42.126572],[25.881854,42.126531],[25.88651,42.126266],[25.89121,42.126034],[25.89501,42.125803],[25.900049,42.125545],[25.905472,42.125271],[25.91062,42.126687],[25.913997,42.12764]]}},{"type":"Feature","properties":{"osm_id":1463693892,"voltage":"110000","circuits":"1","cables":"3","name":"","operator":"","ref":""},"geometry":{"type":"LineString","coordinates":[[25.864779,42.124521],[25.865361,42.124448]]}},{"type":"Feature","properties":{"osm_id":1463693893,"voltage":"220000","circuits":"1","cables":"2","name":"","operator":"","ref":""},"geometry":{"type":"LineString","coordinates":[[25.871101,42.126794],[25.872223,42.125445],[25.872905,42.124751]]}},{"type":"Feature","properties":{"osm_id":1463693894,"voltage":"220000","circuits":"1","cables":"3","name":"","operator":"","ref":""},"geometry":{"type":"LineString","coordinates":[[25.863719,42.126407],[25.864257,42.126437],[25.865253,42.126334],[25.866998,42.126404],[25.868135,42.12676],[25.869505,42.127189],[25.871101,42.126794]]}},{"type":"Feature","properties":{"osm_id":1463693895,"voltage":"400000","circuits":"1","cables":"2","name":"","operator":"","ref":""},"geometry":{"type":"LineString","coordinates":[[25.868639,42.123254],[25.872794,42.125388],[25.875399,42.126628]]}},{"type":"Feature","properties":{"osm_id":1463693896,"voltage":"400000","circuits":"1","cables":"3","name":"","operator":"","ref":""},"geometry":{"type":"LineString","coordinates":[[25.869177,42.12453],[25.865751,42.122399],[25.864587,42.122451]]}},{"type":"Feature","properties":{"osm_id":1463693897,"voltage":"400000","circuits":"1","cables":"3","name":"","operator":"","ref":""},"geometry":{"type":"LineString","coordinates":[[25.874292,42.127724],[25.871365,42.125971],[25.869177,42.12453]]}},{"type":"Feature","properties":{"osm_id":1463938887,"voltage":"110000","circuits":"","cables":"","name":"","operator":"","ref":""},"geometry":{"type":"LineString","coordinates":[[25.635818,42.60168],[25.638213,42.601835],[25.639513,42.601955],[25.63936,42.601169]]}},{"type":"Feature","properties":{"osm_id":1463938888,"voltage":"110000","circuits":"","cables":"","name":"","operator":"","ref":""},"geometry":{"type":"LineString","coordinates":[[25.639795,42.603853],[25.640541,42.603551],[25.639632,42.601451],[25.639449,42.601164]]}},{"type":"Feature","properties":{"osm_id":1463994398,"voltage":"110000","circuits":"1","cables":"3","name":"","operator":"","ref":""},"geometry":{"type":"LineString","coordinates":[[26.473129,42.460228],[26.472972,42.460185]]}},{"type":"Feature","properties":{"osm_id":1463994399,"voltage":"110000","circuits":"1","cables":"3","name":"","operator":"","ref":""},"geometry":{"type":"LineString","coordinates":[[26.473043,42.460282],[26.472972,42.460185]]}},{"type":"Feature","properties":{"osm_id":1463994400,"voltage":"110000","circuits":"","cables":"","name":"","operator":"","ref":""},"geometry":{"type":"LineString","coordinates":[[26.471153,42.464974],[26.47008,42.468002],[26.469061,42.470957],[26.468075,42.473722],[26.466992,42.476809],[26.466994,42.477537]]}},{"type":"Feature","properties":{"osm_id":1463994402,"voltage":"110000","circuits":"1","cables":"3","name":"","operator":"","ref":""},"geometry":{"type":"LineString","coordinates":[[22.984366,42.87885],[22.984796,42.879359],[22.985193,42.879857],[22.985376,42.879849]]}},{"type":"Feature","properties":{"osm_id":1463994404,"voltage":"110000","circuits":"1","cables":"3","name":"","operator":"","ref":""},"geometry":{"type":"LineString","coordinates":[[22.985429,42.879919],[22.985314,42.879982],[22.983286,42.880086]]}},{"type":"Feature","properties":{"osm_id":1463994405,"voltage":"110000","circuits":"1","cables":"3","name":"","operator":"","ref":""},"geometry":{"type":"LineString","coordinates":[[22.983873,42.87857],[22.983466,42.878447],[22.983286,42.880086]]}},{"type":"Feature","properties":{"osm_id":1463994406,"voltage":"110000","circuits":"1","cables":"3","name":"","operator":"","ref":""},"geometry":{"type":"LineString","coordinates":[[22.983949,42.878522],[22.983847,42.87838],[22.982847,42.87676],[22.981124,42.873869],[22.979606,42.87142],[22.978361,42.869399],[22.976975,42.867162],[22.975743,42.865255],[22.973909,42.863854],[22.971146,42.861724],[22.968492,42.859626],[22.966042,42.857743],[22.962721,42.855161],[22.957788,42.851349],[22.954807,42.849051],[22.953299,42.847896],[22.951056,42.846158],[22.94794,42.84375],[22.946242,42.842425],[22.944455,42.841051],[22.942649,42.839639],[22.94011,42.837683],[22.939361,42.835726],[22.938517,42.833547],[22.937297,42.83034],[22.936542,42.82837],[22.935695,42.826186],[22.934808,42.823861],[22.934137,42.822138],[22.933538,42.819911],[22.93234,42.815329],[22.931854,42.81356],[22.931173,42.810974],[22.930568,42.808702],[22.930177,42.80724],[22.929454,42.804439],[22.92864,42.801407],[22.928283,42.800232],[22.927568,42.797886],[22.926874,42.795606],[22.925983,42.792677],[22.925645,42.791531],[22.924685,42.788453],[22.924242,42.786965],[22.923238,42.783711],[22.922896,42.782555],[22.922571,42.78152],[22.921584,42.778271],[22.921136,42.776757],[22.920281,42.773952],[22.919589,42.771654],[22.91914,42.770257]]}},{"type":"Feature","properties":{"osm_id":1464100251,"voltage":"110000","circuits":"1","cables":"3","name":"","operator":"","ref":""},"geometry":{"type":"LineString","coordinates":[[26.472195,42.437799],[26.475828,42.439147],[26.478187,42.440175],[26.480928,42.44136],[26.483215,42.442343],[26.484635,42.442949],[26.485738,42.443415],[26.488116,42.444418],[26.490251,42.445325],[26.492247,42.446267],[26.494441,42.447203],[26.496265,42.447996],[26.498829,42.449049],[26.500698,42.449932],[26.502769,42.450834],[26.505301,42.451919],[26.507436,42.452797],[26.509841,42.453839],[26.511057,42.45437]]}},{"type":"Feature","properties":{"osm_id":1464100252,"voltage":"110000","circuits":"1","cables":"3","name":"","operator":"","ref":""},"geometry":{"type":"LineString","coordinates":[[26.512003,42.456561],[26.511535,42.454591],[26.513844,42.45556]]}},{"type":"Feature","properties":{"osm_id":1464100253,"voltage":"110000","circuits":"1","cables":"3","name":"","operator":"","ref":""},"geometry":{"type":"LineString","coordinates":[[26.514701,42.477239],[26.514831,42.477042],[26.516576,42.475951],[26.516139,42.47412]]}},{"type":"Feature","properties":{"osm_id":1464100257,"voltage":"110000","circuits":"1","cables":"3","name":"","operator":"","ref":""},"geometry":{"type":"LineString","coordinates":[[26.355791,42.660427],[26.355679,42.660639]]}},{"type":"Feature","properties":{"osm_id":1464100258,"voltage":"110000","circuits":"1","cables":"3","name":"","operator":"","ref":""},"geometry":{"type":"LineString","coordinates":[[26.355679,42.660639],[26.353957,42.659989],[26.354302,42.659427]]}},{"type":"Feature","properties":{"osm_id":1464100259,"voltage":"110000","circuits":"1","cables":"3","name":"","operator":"","ref":""},"geometry":{"type":"LineString","coordinates":[[26.354472,42.659208],[26.354774,42.6589],[26.355791,42.660427]]}},{"type":"Feature","properties":{"osm_id":1464100260,"voltage":"110000","circuits":"2","cables":"6","name":"","operator":"","ref":""},"geometry":{"type":"LineString","coordinates":[[26.348529,42.6858],[26.349869,42.685988],[26.352301,42.686387],[26.355425,42.686901],[26.356813,42.685828],[26.358721,42.684383],[26.359802,42.683513],[26.361635,42.681459],[26.363484,42.679329]]}},{"type":"Feature","properties":{"osm_id":1464100261,"voltage":"110000","circuits":"1","cables":"3","name":"","operator":"","ref":""},"geometry":{"type":"LineString","coordinates":[[26.348131,42.685206],[26.348627,42.685446]]}},{"type":"Feature","properties":{"osm_id":1464100262,"voltage":"110000","circuits":"1","cables":"3","name":"","operator":"","ref":""},"geometry":{"type":"LineString","coordinates":[[26.34811,42.685274],[26.348627,42.685446]]}},{"type":"Feature","properties":{"osm_id":1464100263,"voltage":"110000","circuits":"1","cables":"3","name":"","operator":"","ref":""},"geometry":{"type":"LineString","coordinates":[[26.348041,42.685498],[26.348529,42.6858]]}},{"type":"Feature","properties":{"osm_id":1464100264,"voltage":"110000","circuits":"1","cables":"3","name":"","operator":"","ref":""},"geometry":{"type":"LineString","coordinates":[[26.348015,42.685582],[26.348529,42.6858]]}},{"type":"Feature","properties":{"osm_id":1464100266,"voltage":"110000","circuits":"1","cables":"3","name":"","operator":"","ref":""},"geometry":{"type":"LineString","coordinates":[[26.440399,42.763216],[26.436745,42.758216],[26.436297,42.75567],[26.43607,42.754504],[26.43487,42.753696],[26.433925,42.753061],[26.432299,42.751967],[26.431167,42.751249],[26.42976,42.750283],[26.427504,42.748795],[26.426106,42.747853],[26.424841,42.747022],[26.422609,42.74554],[26.422019,42.744551],[26.420295,42.741643],[26.419491,42.74029],[26.418948,42.739384],[26.416438,42.735158],[26.415249,42.73317],[26.413277,42.729839],[26.412273,42.72813],[26.411625,42.727024],[26.410431,42.725057],[26.409485,42.723425],[26.407207,42.719597],[26.405809,42.717258],[26.404761,42.715487],[26.40388,42.714012],[26.401527,42.710045],[26.400534,42.708385],[26.396878,42.703318]]}},{"type":"Feature","properties":{"osm_id":1464100267,"voltage":"110000","circuits":"1","cables":"3","name":"","operator":"","ref":""},"geometry":{"type":"LineString","coordinates":[[26.460052,42.875006],[26.460584,42.875094],[26.461622,42.87544]]}},{"type":"Feature","properties":{"osm_id":1464100269,"voltage":"110000","circuits":"1","cables":"3","name":"","operator":"","ref":""},"geometry":{"type":"LineString","coordinates":[[23.35134,43.031598],[23.352484,43.031597]]}},{"type":"Feature","properties":{"osm_id":1464100270,"voltage":"110000","circuits":"1","cables":"3","name":"","operator":"","ref":""},"geometry":{"type":"LineString","coordinates":[[23.351466,43.03256],[23.352484,43.031597]]}},{"type":"Feature","properties":{"osm_id":1464100271,"voltage":"110000","circuits":"1","cables":"3","name":"","operator":"","ref":""},"geometry":{"type":"LineString","coordinates":[[23.355606,43.031178],[23.35458,43.030875]]}},{"type":"Feature","properties":{"osm_id":1464100273,"voltage":"110000","circuits":"1","cables":"3","name":"","operator":"","ref":""},"geometry":{"type":"LineString","coordinates":[[23.355633,43.031411],[23.35458,43.030875]]}},{"type":"Feature","properties":{"osm_id":1464100274,"voltage":"110000","circuits":"2","cables":"6","name":"","operator":"","ref":""},"geometry":{"type":"LineString","coordinates":[[23.35458,43.030875],[23.352484,43.031597]]}},{"type":"Feature","properties":{"osm_id":1464546563,"voltage":"110000","circuits":"1","cables":"3","name":"","operator":"","ref":""},"geometry":{"type":"LineString","coordinates":[[23.245146,42.786219],[23.243492,42.786142],[23.240083,42.78605],[23.235583,42.785871],[23.231394,42.785691],[23.227729,42.784809],[23.22361,42.783839],[23.220116,42.783014],[23.216563,42.782176],[23.213473,42.78251],[23.208821,42.782982],[23.202743,42.783694],[23.198569,42.784111],[23.194826,42.784492],[23.191845,42.785596],[23.188462,42.786781],[23.184805,42.788141],[23.18108,42.789521],[23.177621,42.7908],[23.174231,42.791965],[23.171069,42.793262],[23.167629,42.794526],[23.166896,42.794819],[23.164872,42.795496],[23.161769,42.797463],[23.159194,42.79917],[23.159335,42.802231],[23.159477,42.805581],[23.159563,42.807722],[23.159691,42.811342],[23.15982,42.814679],[23.159923,42.81767],[23.160206,42.820635],[23.161803,42.82207],[23.164438,42.824431],[23.167124,42.826886],[23.169665,42.829209],[23.172017,42.831362],[23.175433,42.834459],[23.178485,42.837271],[23.181089,42.839676],[23.184265,42.842552],[23.186717,42.844797],[23.189037,42.846888]]}},{"type":"Feature","properties":{"osm_id":1464546564,"voltage":"400000","circuits":"1","cables":"3","name":"Сердика","operator":"","ref":""},"geometry":{"type":"LineString","coordinates":[[23.366071,42.830521],[23.360238,42.831852],[23.35308,42.833482],[23.348529,42.834066],[23.346962,42.832272]]}},{"type":"Feature","properties":{"osm_id":1464546565,"voltage":"400000","circuits":"1","cables":"3","name":"Сердика","operator":"","ref":""},"geometry":{"type":"LineString","coordinates":[[23.525364,42.779271],[23.525023,42.779427],[23.523849,42.779497],[23.521847,42.777277],[23.519603,42.77471],[23.517127,42.775171],[23.513358,42.775845],[23.509664,42.776436],[23.508801,42.778214],[23.510174,42.781748],[23.510775,42.783342],[23.508929,42.785994],[23.507238,42.788381],[23.50493,42.789729],[23.501822,42.791524],[23.496661,42.794571],[23.494278,42.79495],[23.491935,42.795372],[23.486776,42.796323],[23.48391,42.796852],[23.480854,42.797413],[23.475627,42.79837],[23.469954,42.799428],[23.467293,42.799913],[23.460778,42.801097],[23.458452,42.802848],[23.456324,42.804447],[23.452361,42.807416],[23.44805,42.8107],[23.445063,42.812992],[23.44296,42.814604],[23.441398,42.815781],[23.437613,42.818658],[23.436239,42.819697],[23.432154,42.822801],[23.429793,42.824614],[23.423399,42.829077],[23.418338,42.832608],[23.414673,42.833313],[23.408768,42.834458],[23.399112,42.836359],[23.390306,42.834641],[23.381851,42.832614],[23.376478,42.831085],[23.373783,42.830329],[23.3697,42.830467],[23.366071,42.830521]]}},{"type":"Feature","properties":{"osm_id":1464901917,"voltage":"110000","circuits":"1","cables":"3","name":"","operator":"","ref":""},"geometry":{"type":"LineString","coordinates":[[22.837993,42.49062],[22.838355,42.490654],[22.840262,42.490321],[22.842601,42.489162],[22.844872,42.488033],[22.846912,42.486263],[22.849186,42.484306],[22.847344,42.482218],[22.845522,42.480163],[22.843775,42.478184],[22.842145,42.476352],[22.83999,42.473916],[22.838573,42.472307],[22.836428,42.469888],[22.836828,42.467894],[22.837532,42.464355],[22.838049,42.461783],[22.838554,42.459252],[22.838998,42.457045],[22.841853,42.455065],[22.844738,42.453085],[22.84766,42.451042],[22.849846,42.449519],[22.853359,42.44708],[22.856438,42.444923],[22.857678,42.442738],[22.859076,42.440201],[22.860886,42.436967],[22.863327,42.432628],[22.864901,42.429799],[22.866384,42.427175],[22.867813,42.424644],[22.869189,42.422181],[22.870433,42.419943],[22.872168,42.41682],[22.87358,42.414237],[22.875604,42.410588],[22.876715,42.408564],[22.877783,42.406658],[22.879867,42.402886],[22.88167,42.401164],[22.884897,42.398076],[22.886775,42.396238],[22.890707,42.392467],[22.892917,42.390367],[22.894912,42.387898],[22.896302,42.386147],[22.898372,42.38358],[22.900577,42.380826],[22.902219,42.3767],[22.903345,42.375115],[22.905105,42.372698],[22.907347,42.369555],[22.908632,42.367746],[22.910796,42.36468],[22.912626,42.362143],[22.914375,42.359678],[22.916778,42.356312],[22.919594,42.354497],[22.920887,42.35366],[22.923161,42.352177],[22.925457,42.350711],[22.927099,42.349652],[22.928821,42.348532],[22.931535,42.346778],[22.932614,42.346108],[22.932715,42.343501],[22.93286,42.34134],[22.932984,42.338562],[22.933099,42.336389],[22.933429,42.332432],[22.933493,42.330582],[22.933638,42.328276],[22.933732,42.325612],[22.933815,42.323798],[22.935489,42.322747],[22.938769,42.320655],[22.943109,42.317906],[22.945507,42.316351],[22.949125,42.314036],[22.950552,42.313114],[22.955715,42.309841],[22.959446,42.307459],[22.962858,42.306358],[22.965256,42.305573],[22.968029,42.30469],[22.972214,42.303325],[22.976017,42.302109],[22.97937,42.301032],[22.981961,42.300197],[22.98581,42.298969],[22.989836,42.297663],[22.993438,42.296491],[22.998247,42.294951],[23.001249,42.293984],[23.003962,42.293099],[23.007175,42.292072],[23.010926,42.290848],[23.015236,42.289441],[23.018822,42.288302],[23.021853,42.287324],[23.025332,42.286183],[23.028232,42.285253],[23.029345,42.285026],[23.029739,42.285014]]}},{"type":"Feature","properties":{"osm_id":1464901918,"voltage":"110000","circuits":"1","cables":"3","name":"","operator":"","ref":""},"geometry":{"type":"LineString","coordinates":[[23.029689,42.284703],[23.029357,42.284563],[23.027809,42.284905],[23.025203,42.284025],[23.022572,42.283062]]}},{"type":"Feature","properties":{"osm_id":1464901919,"voltage":"110000","circuits":"1","cables":"3","name":"","operator":"","ref":""},"geometry":{"type":"LineString","coordinates":[[23.029648,42.28445],[23.028977,42.284465]]}},{"type":"Feature","properties":{"osm_id":1464901920,"voltage":"110000","circuits":"1","cables":"3","name":"","operator":"","ref":""},"geometry":{"type":"LineString","coordinates":[[23.029663,42.284543],[23.028977,42.284465]]}},{"type":"Feature","properties":{"osm_id":1464901922,"voltage":"110000","circuits":"2","cables":"6","name":"","operator":"","ref":""},"geometry":{"type":"LineString","coordinates":[[23.028977,42.284465],[23.027816,42.28181],[23.031292,42.279738],[23.033609,42.278365],[23.036184,42.276801],[23.039103,42.275102],[23.042611,42.273046],[23.045862,42.271029],[23.048061,42.269739],[23.050668,42.268207],[23.053372,42.266575],[23.056644,42.264598],[23.060335,42.262419],[23.064707,42.259775],[23.068966,42.257238],[23.07277,42.254975],[23.07601,42.253037],[23.079379,42.251012],[23.082195,42.249328],[23.084212,42.246962],[23.085086,42.245913],[23.0872,42.243415],[23.08945,42.240703]]}},{"type":"Feature","properties":{"osm_id":1464901924,"voltage":"110000","circuits":"","cables":"3","name":"","operator":"","ref":""},"geometry":{"type":"LineString","coordinates":[[23.09751,42.582415],[23.098594,42.580231],[23.099549,42.578248],[23.100954,42.575324],[23.102317,42.572607],[23.103561,42.570023],[23.106362,42.568356],[23.109226,42.56657],[23.112059,42.564832],[23.114859,42.563093],[23.116382,42.563362],[23.120234,42.564199],[23.122273,42.564626],[23.127798,42.565843],[23.129968,42.566254],[23.133135,42.566928]]}},{"type":"Feature","properties":{"osm_id":1464910556,"voltage":"110000","circuits":"1","cables":"3","name":"","operator":"","ref":""},"geometry":{"type":"LineString","coordinates":[[23.007388,42.59875],[23.008354,42.59933],[23.01064,42.599937],[23.012601,42.597901],[23.012806,42.59746]]}},{"type":"Feature","properties":{"osm_id":1464910557,"voltage":"110000","circuits":"1","cables":"3","name":"","operator":"","ref":""},"geometry":{"type":"LineString","coordinates":[[23.009373,42.596702],[23.009182,42.59721],[23.007388,42.59875]]}},{"type":"Feature","properties":{"osm_id":1464910561,"voltage":"110000","circuits":"1","cables":"3","name":"","operator":"","ref":""},"geometry":{"type":"LineString","coordinates":[[23.006117,42.593565],[23.003207,42.591185],[23.00101,42.590767],[22.999659,42.590514],[22.997457,42.590087],[22.995718,42.589755],[22.992264,42.589079],[22.989778,42.588582],[22.987425,42.588143],[22.983182,42.587306],[22.98092,42.589508]]}},{"type":"Feature","properties":{"osm_id":1464910562,"voltage":"110000","circuits":"1","cables":"3","name":"","operator":"","ref":""},"geometry":{"type":"LineString","coordinates":[[22.961554,42.593101],[22.96329,42.592777],[22.966935,42.59211],[22.969334,42.591689],[22.972822,42.591018],[22.976154,42.590397],[22.977872,42.590083],[22.98092,42.589508]]}},{"type":"Feature","properties":{"osm_id":1464910563,"voltage":"110000","circuits":"2","cables":"6","name":"","operator":"","ref":""},"geometry":{"type":"LineString","coordinates":[[23.007388,42.59875],[23.006201,42.596644],[23.006153,42.594757],[23.006117,42.593565]]}},{"type":"Feature","properties":{"osm_id":1464910564,"voltage":"110000","circuits":"1","cables":"3","name":"","operator":"","ref":""},"geometry":{"type":"LineString","coordinates":[[22.961773,42.59279],[22.963551,42.592446],[22.966841,42.591823],[22.969124,42.591388],[22.972333,42.59078],[22.975457,42.590188],[22.978052,42.589684],[22.980634,42.589184]]}},{"type":"Feature","properties":{"osm_id":1464910566,"voltage":"110000","circuits":"1","cables":"3","name":"","operator":"","ref":""},"geometry":{"type":"LineString","coordinates":[[22.995297,42.380264],[22.994688,42.380626],[22.992439,42.381468],[22.991017,42.383531],[22.991011,42.384416],[22.98973,42.386818],[22.988618,42.388925],[22.987548,42.390951],[22.988432,42.391547],[22.990505,42.392975],[22.99271,42.393447],[22.997502,42.394497],[23.001283,42.393806],[23.005902,42.392992],[23.008566,42.392516],[23.011285,42.393457],[23.01304,42.39692],[23.013732,42.398546],[23.014635,42.400618],[23.015059,42.402182],[23.015883,42.404914],[23.016449,42.406989],[23.017286,42.4099],[23.018097,42.412838],[23.019225,42.416677],[23.019897,42.41911],[23.020477,42.421188],[23.021375,42.424508],[23.022044,42.426981],[23.022945,42.429974],[23.02375,42.432758],[23.024578,42.435703],[23.025348,42.438394],[23.026121,42.441084],[23.026955,42.444055],[23.027717,42.446734],[23.028312,42.449404],[23.029103,42.451708],[23.029878,42.454495],[23.030654,42.457075],[23.03134,42.459549],[23.031737,42.460954],[23.032561,42.463854],[23.033183,42.465968],[23.033791,42.468125],[23.035533,42.474297],[23.035889,42.475514],[23.036211,42.476178],[23.037013,42.477935],[23.037979,42.480006],[23.039357,42.482837],[23.040492,42.485276],[23.041844,42.488118],[23.042772,42.490094],[23.043636,42.491923],[23.045081,42.494934],[23.04617,42.497234],[23.047557,42.500168],[23.048742,42.502903],[23.049644,42.504594],[23.051189,42.508036],[23.052366,42.510308],[23.053117,42.511947],[23.05356,42.512833],[23.0511,42.513663],[23.04756,42.51484],[23.042944,42.516374],[23.040377,42.517248],[23.037365,42.518248],[23.034409,42.519233],[23.030184,42.520624],[23.025772,42.522107],[23.02086,42.523747],[23.016781,42.525097],[23.010423,42.527233],[23.007116,42.528606],[23.00551,42.529513],[23.004464,42.529948]]}},{"type":"Feature","properties":{"osm_id":1464910568,"voltage":"110000","circuits":"1","cables":"3","name":"","operator":"","ref":""},"geometry":{"type":"LineString","coordinates":[[22.980634,42.589184],[22.983025,42.586727],[22.982084,42.583245],[22.979002,42.582091],[22.975886,42.580832],[22.972794,42.579718],[22.971131,42.579096],[22.96972,42.578166],[22.96822,42.577194],[22.965904,42.575726],[22.963643,42.574266],[22.96125,42.572715],[22.958852,42.569157],[22.959079,42.565392],[22.959286,42.561721],[22.95943,42.55904],[22.957306,42.558189],[22.950596,42.555436],[22.947436,42.554153],[22.94456,42.552981],[22.942397,42.552094],[22.939804,42.551025],[22.940083,42.548207],[22.940382,42.545238],[22.940673,42.542177],[22.940983,42.539155],[22.941233,42.536485],[22.941558,42.533271],[22.941795,42.530953],[22.94203,42.528385],[22.946872,42.528108],[22.950901,42.527854],[22.953178,42.527709],[22.954039,42.527637]]}},{"type":"Feature","properties":{"osm_id":1464910569,"voltage":"110000","circuits":"1","cables":"3","name":"","operator":"","ref":""},"geometry":{"type":"LineString","coordinates":[[22.944367,42.522537],[22.945516,42.525401],[22.946443,42.52784],[22.950364,42.527721],[22.953143,42.527595],[22.954021,42.527554]]}},{"type":"Feature","properties":{"osm_id":1464910570,"voltage":"110000","circuits":"1","cables":"3","name":"","operator":"","ref":""},"geometry":{"type":"LineString","coordinates":[[22.837945,42.490766],[22.838263,42.490856],[22.840048,42.490651],[22.84529,42.491672],[22.850447,42.49267]]}},{"type":"Feature","properties":{"osm_id":1464910571,"voltage":"110000","circuits":"1","cables":"3","name":"","operator":"","ref":""},"geometry":{"type":"LineString","coordinates":[[22.83797,42.490687],[22.838309,42.490757],[22.840152,42.490445],[22.843631,42.491114],[22.846473,42.491654],[22.850564,42.492421],[22.853245,42.493132],[22.856119,42.493895],[22.859074,42.494699],[22.861831,42.495397],[22.864101,42.49601],[22.867816,42.496992],[22.869982,42.497562],[22.873578,42.498512],[22.876028,42.498663],[22.877801,42.498764],[22.881533,42.498977],[22.884018,42.49912],[22.887003,42.499295],[22.890656,42.499513],[22.893188,42.499673],[22.898424,42.499981],[22.901532,42.501751],[22.904139,42.503223],[22.905486,42.504277],[22.90754,42.505159],[22.909529,42.506298],[22.911576,42.507459],[22.913356,42.508469],[22.918692,42.511503],[22.921657,42.513175],[22.923478,42.514241],[22.926383,42.515873],[22.928734,42.517205],[22.931042,42.517198],[22.933766,42.517198],[22.937403,42.517203],[22.940444,42.517194],[22.942284,42.517202],[22.942347,42.517381],[22.943187,42.519735],[22.944367,42.522537]]}},{"type":"Feature","properties":{"osm_id":1465409857,"voltage":"110000","circuits":"1","cables":"3","name":"","operator":"","ref":""},"geometry":{"type":"LineString","coordinates":[[24.217241,42.497899],[24.216864,42.499508],[24.216487,42.501139],[24.215857,42.503902],[24.215737,42.504497],[24.215273,42.506345],[24.214591,42.509252],[24.214334,42.510275],[24.21387,42.512284],[24.213502,42.513857],[24.213173,42.515161],[24.212946,42.516274],[24.215524,42.517852],[24.218073,42.51943],[24.217719,42.522277],[24.215412,42.523352],[24.213086,42.524408],[24.210729,42.525497],[24.210402,42.52684],[24.210138,42.528107]]}},{"type":"Feature","properties":{"osm_id":1465409859,"voltage":"220000","circuits":"1","cables":"2","name":"","operator":"","ref":""},"geometry":{"type":"LineString","coordinates":[[25.906038,42.703415],[25.901951,42.706327],[25.901697,42.708388],[25.901255,42.711959],[25.90081,42.715367],[25.902055,42.720136]]}},{"type":"Feature","properties":{"osm_id":1465411764,"voltage":"110000","circuits":"1","cables":"1","name":"","operator":"","ref":""},"geometry":{"type":"LineString","coordinates":[[24.158529,42.641416],[24.156955,42.643832],[24.153131,42.649231],[24.150839,42.652402],[24.147737,42.656661],[24.146819,42.658005]]}},{"type":"Feature","properties":{"osm_id":1465411765,"voltage":"110000","circuits":"1","cables":"1","name":"","operator":"","ref":""},"geometry":{"type":"LineString","coordinates":[[24.167893,42.628444],[24.166989,42.629685],[24.164094,42.633689],[24.161743,42.636985],[24.160061,42.639349],[24.158529,42.641416]]}},{"type":"Feature","properties":{"osm_id":1465411766,"voltage":"110000","circuits":"1","cables":"3","name":"","operator":"","ref":""},"geometry":{"type":"LineString","coordinates":[[24.146819,42.658005],[24.146754,42.661075],[24.146596,42.668731],[24.146533,42.672792],[24.146638,42.675787],[24.146558,42.67985],[24.146534,42.681349],[24.146385,42.683208],[24.14701,42.685004],[24.148208,42.688337],[24.148749,42.689826],[24.149629,42.69219],[24.150459,42.694488],[24.150988,42.695981],[24.151571,42.69755],[24.152234,42.699304],[24.152894,42.700979],[24.153643,42.702357],[24.154587,42.704126],[24.152485,42.704937],[24.15036,42.705273],[24.149388,42.705381]]}},{"type":"Feature","properties":{"osm_id":1465673417,"voltage":"400000","circuits":"1","cables":"3","name":"","operator":"","ref":""},"geometry":{"type":"LineString","coordinates":[[23.063663,42.506271],[23.059198,42.509126],[23.055254,42.510349]]}},{"type":"Feature","properties":{"osm_id":1465673418,"voltage":"400000","circuits":"1","cables":"3","name":"","operator":"","ref":""},"geometry":{"type":"LineString","coordinates":[[23.063663,42.506271],[23.059048,42.508952],[23.055254,42.510349]]}},{"type":"Feature","properties":{"osm_id":1465673419,"voltage":"400000","circuits":"2","cables":"6","name":"","operator":"","ref":""},"geometry":{"type":"LineString","coordinates":[[23.063663,42.506271],[23.065732,42.504989],[23.06902,42.502961],[23.071771,42.501277]]}},{"type":"Feature","properties":{"osm_id":1466403437,"voltage":"110000","circuits":"1","cables":"3","name":"","operator":"","ref":""},"geometry":{"type":"LineString","coordinates":[[27.101834,42.79161],[27.105408,42.789825],[27.104178,42.789159],[27.100314,42.786994],[27.096878,42.785079],[27.095802,42.784467],[27.093968,42.783452],[27.093304,42.781339],[27.091982,42.777247],[27.091325,42.775214],[27.090766,42.773486],[27.090172,42.77174],[27.089603,42.769997],[27.088995,42.768135],[27.088549,42.76673],[27.087712,42.764155],[27.087106,42.762289],[27.086369,42.760093],[27.085647,42.757876],[27.085161,42.756385],[27.08415,42.753279],[27.083573,42.751507],[27.083118,42.75011],[27.08254,42.748415],[27.081894,42.746443],[27.081338,42.744745],[27.080721,42.742859],[27.080116,42.74098],[27.079461,42.739068],[27.078893,42.7372],[27.078263,42.735283],[27.077678,42.733532],[27.077067,42.731676],[27.076489,42.729854],[27.075891,42.727894],[27.075235,42.726005],[27.074599,42.724036],[27.073969,42.722242],[27.072947,42.719082],[27.07233,42.717066],[27.071674,42.715082],[27.071179,42.713609],[27.070691,42.712069],[27.070202,42.710577],[27.069682,42.709004],[27.06918,42.70745],[27.068705,42.705924],[27.06819,42.704412],[27.067708,42.702882],[27.067181,42.701385],[27.066635,42.699613],[27.063916,42.698021],[27.061158,42.696453],[27.05936,42.695471],[27.057591,42.694449],[27.055782,42.693359],[27.05402,42.692358],[27.052185,42.691352],[27.05043,42.690357],[27.048617,42.689309],[27.046847,42.688256],[27.044956,42.687197],[27.043007,42.686117],[27.041029,42.684979],[27.03918,42.683894],[27.03602,42.682146],[27.034093,42.681066],[27.03233,42.680065],[27.030396,42.678964],[27.028483,42.677826],[27.026562,42.676757],[27.025022,42.675861],[27.023044,42.67476],[27.021159,42.67366],[27.01946,42.67268],[27.017934,42.671858],[27.016207,42.67082],[27.014258,42.669735],[27.012338,42.66865],[27.010411,42.667522],[27.008447,42.666431],[27.006513,42.66532],[27.004435,42.664129],[27.002457,42.663022],[27.000608,42.661969],[26.998839,42.660994],[26.997398,42.660177],[26.995521,42.659028],[26.993565,42.657938],[26.991644,42.656776],[26.99068,42.656897]]}},{"type":"Feature","properties":{"osm_id":1469777670,"voltage":"110000","circuits":"1","cables":"3","name":"","operator":"","ref":""},"geometry":{"type":"LineString","coordinates":[[23.252988,42.341138],[23.253514,42.34101],[23.254397,42.340737],[23.254629,42.339197],[23.254838,42.337856],[23.258765,42.337067],[23.264011,42.336036],[23.265492,42.336048],[23.269156,42.336036],[23.271977,42.336028],[23.27364,42.336028],[23.274944,42.333832],[23.276253,42.331682],[23.277444,42.329794],[23.278506,42.328755],[23.279005,42.327232],[23.280308,42.325115],[23.281676,42.322901],[23.282921,42.320867],[23.284096,42.318979],[23.285394,42.316872],[23.286735,42.314671],[23.288071,42.312489],[23.288988,42.311021]]}},{"type":"Feature","properties":{"osm_id":1469777671,"voltage":"110000","circuits":"1","cables":"3","name":"","operator":"","ref":""},"geometry":{"type":"LineString","coordinates":[[23.261291,42.300127],[23.264676,42.300246],[23.271446,42.301992],[23.274941,42.3029],[23.279074,42.303319],[23.281263,42.30496],[23.284385,42.307364],[23.287207,42.30951]]}},{"type":"Feature","properties":{"osm_id":1469777672,"voltage":"110000","circuits":"1","cables":"3","name":"","operator":"","ref":""},"geometry":{"type":"LineString","coordinates":[[23.252909,42.340932],[23.253391,42.340788],[23.254076,42.340525],[23.25428,42.339121],[23.254511,42.337642],[23.25888,42.336776],[23.262233,42.33611],[23.263995,42.335743],[23.265376,42.335751],[23.269064,42.335747],[23.271865,42.335741],[23.273369,42.335739],[23.274697,42.33358],[23.276049,42.331391],[23.277138,42.329671],[23.278168,42.328646],[23.278659,42.327133],[23.279984,42.325006],[23.28137,42.322792],[23.282602,42.320742],[23.283763,42.318856],[23.28508,42.316716],[23.286402,42.314564],[23.287714,42.312382],[23.288433,42.311259],[23.287207,42.30951]]}},{"type":"Feature","properties":{"osm_id":1470016949,"voltage":"110000","circuits":"2","cables":"6","name":"","operator":"","ref":""},"geometry":{"type":"LineString","coordinates":[[25.488059,42.988886],[25.489618,42.990035],[25.493223,42.991015],[25.495238,42.989267],[25.49972,42.985365],[25.499552,42.981665],[25.499493,42.980028],[25.499409,42.978427],[25.499252,42.974538],[25.499177,42.972484],[25.496227,42.97059],[25.493519,42.968849],[25.490266,42.966786],[25.485786,42.963904],[25.484574,42.963131],[25.48231,42.961698],[25.478593,42.959299],[25.474968,42.956354],[25.473294,42.955002],[25.471159,42.953191],[25.469463,42.9518],[25.467321,42.950048],[25.467559,42.94685],[25.467737,42.944309],[25.467994,42.941062],[25.46824,42.937917],[25.466639,42.936106],[25.463877,42.933012],[25.462926,42.9319],[25.461285,42.93006],[25.458613,42.927023],[25.455159,42.92688],[25.452533,42.926771]]}},{"type":"Feature","properties":{"osm_id":1470016950,"voltage":"110000","circuits":"1","cables":"3","name":"","operator":"","ref":""},"geometry":{"type":"LineString","coordinates":[[25.452533,42.926771],[25.452544,42.927054]]}},{"type":"Feature","properties":{"osm_id":1470016951,"voltage":"110000","circuits":"2","cables":"6","name":"","operator":"","ref":""},"geometry":{"type":"LineString","coordinates":[[25.297481,42.863106],[25.296584,42.861979]]}},{"type":"Feature","properties":{"osm_id":1470016952,"voltage":"110000","circuits":"1","cables":"3","name":"","operator":"","ref":""},"geometry":{"type":"LineString","coordinates":[[25.298545,42.863866],[25.297481,42.863106]]}},{"type":"Feature","properties":{"osm_id":1470016953,"voltage":"110000","circuits":"1","cables":"3","name":"","operator":"","ref":""},"geometry":{"type":"LineString","coordinates":[[25.298369,42.863871],[25.297481,42.863106]]}},{"type":"Feature","properties":{"osm_id":1470016954,"voltage":"110000","circuits":"2","cables":"6","name":"","operator":"","ref":""},"geometry":{"type":"LineString","coordinates":[[25.322906,42.84984],[25.321896,42.848654],[25.320545,42.849217],[25.316401,42.850971],[25.312526,42.852902],[25.31047,42.85394],[25.304406,42.857003],[25.302407,42.858248],[25.300192,42.859659],[25.296584,42.861979]]}},{"type":"Feature","properties":{"osm_id":1471352087,"voltage":"110000","circuits":"1","cables":"3","name":"","operator":"","ref":""},"geometry":{"type":"LineString","coordinates":[[25.081889,43.02381],[25.084169,43.020231],[25.085427,43.018245],[25.087624,43.014791],[25.091738,43.01345],[25.095756,43.012142],[25.099558,43.010892],[25.102609,43.010364],[25.102938,43.010384]]}},{"type":"Feature","properties":{"osm_id":1471445510,"voltage":"110000","circuits":"1","cables":"3","name":"","operator":"","ref":""},"geometry":{"type":"LineString","coordinates":[[25.32236,42.850031],[25.322906,42.84984]]}},{"type":"Feature","properties":{"osm_id":1471445511,"voltage":"110000","circuits":"1","cables":"3","name":"","operator":"","ref":""},"geometry":{"type":"LineString","coordinates":[[25.322303,42.849965],[25.322906,42.84984]]}},{"type":"Feature","properties":{"osm_id":1471445512,"voltage":"110000","circuits":"1","cables":"3","name":"","operator":"","ref":""},"geometry":{"type":"LineString","coordinates":[[25.322633,42.850385],[25.3232,42.850324]]}},{"type":"Feature","properties":{"osm_id":1471445513,"voltage":"110000","circuits":"1","cables":"3","name":"","operator":"","ref":""},"geometry":{"type":"LineString","coordinates":[[25.322573,42.850319],[25.3232,42.850324]]}},{"type":"Feature","properties":{"osm_id":1471445516,"voltage":"110000","circuits":"2","cables":"6","name":"","operator":"","ref":""},"geometry":{"type":"LineString","coordinates":[[25.296584,42.861979],[25.293917,42.863639],[25.293287,42.867014],[25.291462,42.868826],[25.289801,42.870484],[25.28691,42.873365],[25.28496,42.875302],[25.280019,42.880242]]}},{"type":"Feature","properties":{"osm_id":1471445518,"voltage":"110000","circuits":"1","cables":"3","name":"","operator":"","ref":""},"geometry":{"type":"LineString","coordinates":[[25.103359,43.010624],[25.104011,43.010525],[25.105185,43.008414],[25.106249,43.006559],[25.107303,43.00473],[25.108341,43.002931],[25.109529,43.000893],[25.110734,42.998823],[25.111798,42.996952],[25.112912,42.995023],[25.114137,42.99291],[25.115942,42.991361],[25.117721,42.98982],[25.119893,42.987917],[25.121905,42.986195],[25.123485,42.984825],[25.125032,42.983465],[25.126741,42.981964],[25.127792,42.981038],[25.129241,42.979774],[25.130893,42.978338],[25.132674,42.976792],[25.134857,42.97488],[25.137159,42.972827],[25.138784,42.971418],[25.140608,42.969821],[25.142373,42.968266],[25.143982,42.966861],[25.145795,42.965295],[25.148032,42.963312],[25.149379,42.962154],[25.151364,42.9604],[25.152351,42.959548],[25.154411,42.957734],[25.155307,42.956945],[25.157216,42.955268],[25.159142,42.95358],[25.160821,42.952119],[25.16305,42.950156],[25.165669,42.948962],[25.167987,42.947887],[25.169815,42.947042],[25.172068,42.945992],[25.174911,42.944693],[25.1768,42.943809],[25.181289,42.941733],[25.183472,42.940724],[25.185953,42.939568],[25.187984,42.938627],[25.190044,42.937686],[25.192528,42.936534],[25.19492,42.935432],[25.19679,42.934568],[25.199252,42.933435],[25.202127,42.932104],[25.204994,42.930823],[25.20669,42.930075],[25.209455,42.928842],[25.211432,42.928003],[25.213907,42.926895],[25.21557,42.926161],[25.21866,42.924794],[25.220586,42.923409],[25.223236,42.921486],[25.224837,42.920324],[25.226755,42.918933],[25.22833,42.917794],[25.231336,42.915611],[25.234147,42.913574],[25.236374,42.911956],[25.238613,42.910307],[25.240531,42.908903],[25.242655,42.907382],[25.24482,42.905844],[25.246102,42.904889],[25.248036,42.903486],[25.250345,42.9018],[25.252193,42.90046],[25.254261,42.898955],[25.256152,42.897566],[25.258639,42.895782],[25.260497,42.89443],[25.263204,42.892467],[25.264633,42.891435],[25.26705,42.889686],[25.269249,42.888093],[25.270553,42.887126],[25.272436,42.885772],[25.274195,42.884494],[25.276556,42.882773],[25.278144,42.881603],[25.280019,42.880242]]}},{"type":"Feature","properties":{"osm_id":1471584908,"voltage":"110000","circuits":"1","cables":"3","name":"","operator":"","ref":""},"geometry":{"type":"LineString","coordinates":[[27.012801,43.075485],[27.012443,43.07565],[27.012034,43.076461],[27.015011,43.077103],[27.018181,43.077807],[27.022475,43.078757],[27.025021,43.081605],[27.027657,43.084542],[27.030189,43.08738],[27.031571,43.090111],[27.032944,43.092831],[27.034033,43.094974],[27.03399,43.098014],[27.033947,43.102007],[27.033902,43.104868],[27.033875,43.107786],[27.033813,43.110825],[27.033716,43.117588],[27.033727,43.120039],[27.033668,43.123234],[27.033623,43.126433],[27.03185,43.128594],[27.030133,43.130681],[27.027687,43.133617],[27.025423,43.136397],[27.023234,43.139168],[27.020949,43.141877],[27.019801,43.143192],[27.01938,43.146004],[27.019039,43.148186],[27.018626,43.150926],[27.018031,43.154683],[27.01791,43.155479],[27.018838,43.157269],[27.019731,43.15902],[27.021,43.161454],[27.024039,43.162853],[27.027354,43.164348],[27.027467,43.16643],[27.027558,43.169078],[27.027692,43.173085],[27.027816,43.176081],[27.027934,43.179547],[27.028127,43.183001],[27.028213,43.185188],[27.028304,43.187785],[27.028374,43.189549],[27.028513,43.192553],[27.028652,43.196526],[27.02883,43.200757],[27.028001,43.202957],[27.027094,43.205379],[27.026209,43.207694],[27.025257,43.210259],[27.024023,43.21352],[27.023178,43.215785],[27.022073,43.218705],[27.020847,43.221931],[27.019898,43.224452],[27.018592,43.227952],[27.019112,43.231249],[27.01831,43.232623],[27.015676,43.233799],[27.013063,43.235752],[27.010059,43.237952],[27.007369,43.239955],[27.004429,43.242129],[27.00204,43.2439],[26.999573,43.245718],[26.998361,43.246611],[26.997429,43.249427],[26.996887,43.251121],[26.993993,43.25121],[26.990823,43.252656],[26.991096,43.254908],[26.99135,43.256875],[26.991651,43.259216]]}},{"type":"Feature","properties":{"osm_id":1471584914,"voltage":"110000","circuits":"1","cables":"3","name":"","operator":"","ref":""},"geometry":{"type":"LineString","coordinates":[[27.332932,43.055112],[27.333078,43.055398],[27.330704,43.056391],[27.32854,43.057291],[27.323222,43.055835],[27.319487,43.054817],[27.31471,43.053512],[27.310381,43.052324],[27.306875,43.051378],[27.302823,43.050274],[27.29889,43.049192],[27.29572,43.050602],[27.292542,43.049968],[27.288848,43.049279],[27.285195,43.048573],[27.281622,43.047863],[27.277202,43.047017],[27.27408,43.048836],[27.271312,43.050478],[27.268265,43.052262],[27.264939,43.053555],[27.260417,43.055288],[27.256726,43.056699],[27.252274,43.05842],[27.247778,43.060144],[27.244227,43.061496],[27.240617,43.06288],[27.23699,43.064267],[27.232318,43.06502],[27.229287,43.065506],[27.226991,43.065898],[27.222329,43.066658],[27.218735,43.067218],[27.213017,43.068139],[27.209079,43.068778],[27.204863,43.069464],[27.20114,43.07004],[27.199182,43.070342],[27.194172,43.071129],[27.190406,43.071709],[27.188249,43.072074],[27.18355,43.072826],[27.180015,43.07339],[27.176549,43.073943],[27.172263,43.074625],[27.168669,43.075191],[27.16434,43.07589],[27.158847,43.076611],[27.154475,43.077215],[27.149963,43.077807],[27.145629,43.078386],[27.141107,43.079013],[27.136617,43.079617],[27.130947,43.080369],[27.127283,43.080859],[27.12268,43.080961],[27.118839,43.081031],[27.115867,43.081082],[27.111259,43.081168],[27.105761,43.081266],[27.102145,43.080918],[27.098277,43.080561],[27.092977,43.080071],[27.089421,43.079734],[27.08624,43.07944],[27.080972,43.078935],[27.077769,43.080016],[27.074057,43.081211],[27.07005,43.082544],[27.066724,43.083637],[27.063843,43.084577],[27.06027,43.085752],[27.054981,43.087668],[27.051564,43.088937],[27.048812,43.089889],[27.045942,43.091605],[27.043421,43.09309],[27.040529,43.094735],[27.037981,43.094575],[27.034081,43.094285],[27.032842,43.09195],[27.031549,43.089384],[27.03045,43.087316],[27.028626,43.085227],[27.027016,43.08348],[27.025128,43.081329],[27.022628,43.078575],[27.018168,43.077605],[27.014485,43.076776],[27.012345,43.076327],[27.012624,43.075738],[27.012957,43.075615]]}},{"type":"Feature","properties":{"osm_id":1471584915,"voltage":"110000","circuits":"1","cables":"3","name":"","operator":"","ref":""},"geometry":{"type":"LineString","coordinates":[[27.333094,43.055003],[27.333275,43.055142],[27.335336,43.058269],[27.337707,43.058964],[27.340041,43.059627],[27.344804,43.061053],[27.347395,43.061806],[27.350732,43.062766],[27.356292,43.062249],[27.361313,43.061777],[27.368749,43.061128],[27.372933,43.060703],[27.374775,43.060526],[27.378501,43.060216],[27.382068,43.059868],[27.385381,43.059562],[27.387433,43.059388],[27.39085,43.059072],[27.394428,43.058757],[27.400216,43.058224],[27.401404,43.058116],[27.404784,43.057808],[27.406868,43.057602],[27.410411,43.057277],[27.414137,43.056916],[27.421296,43.056274],[27.423511,43.056054],[27.425965,43.055844],[27.428779,43.053626],[27.433733,43.049749],[27.436917,43.047301]]}},{"type":"Feature","properties":{"osm_id":1471584917,"voltage":"110000","circuits":"1","cables":"3","name":"","operator":"","ref":""},"geometry":{"type":"LineString","coordinates":[[27.559309,43.151572],[27.558314,43.149114],[27.557217,43.146342],[27.555997,43.143293],[27.55481,43.140572],[27.553771,43.137818],[27.552734,43.135269],[27.551729,43.132739],[27.551069,43.130676],[27.550621,43.129042],[27.549926,43.127313],[27.549239,43.12559],[27.547753,43.123934],[27.54635,43.122351],[27.545007,43.120851],[27.543665,43.119345],[27.542319,43.11782],[27.540968,43.116313],[27.539612,43.114788],[27.538288,43.113291],[27.536932,43.111762],[27.535608,43.110278],[27.533968,43.108395],[27.53326,43.10761],[27.532267,43.106492],[27.530639,43.104747],[27.529102,43.103033],[27.527712,43.101467],[27.526383,43.099954],[27.524818,43.098191],[27.52345,43.096687],[27.522116,43.095203],[27.520782,43.093669],[27.519617,43.092329],[27.51817,43.090714],[27.517123,43.089579],[27.515524,43.087745],[27.514505,43.086557],[27.512923,43.084769],[27.511297,43.082984],[27.509653,43.081134],[27.507823,43.079066],[27.506343,43.077405],[27.504643,43.075509],[27.502976,43.073642],[27.501473,43.071895],[27.49827,43.06828],[27.495755,43.065442],[27.494413,43.063928],[27.492748,43.062068],[27.491432,43.060598],[27.489298,43.058184],[27.486954,43.05558],[27.485546,43.053939],[27.48314,43.051302],[27.480804,43.048626],[27.479526,43.047148],[27.478089,43.045561],[27.477036,43.044328],[27.47589,43.043049],[27.472939,43.042909],[27.469317,43.042676],[27.465728,43.042465],[27.462292,43.042283],[27.458746,43.042078],[27.455238,43.041839],[27.451881,43.041691],[27.448144,43.041468],[27.446537,43.04139],[27.442889,43.041161],[27.440991,43.041059]]}},{"type":"Feature","properties":{"osm_id":1471584918,"voltage":"110000","circuits":"1","cables":"3","name":"","operator":"","ref":""},"geometry":{"type":"LineString","coordinates":[[27.438502,43.046502],[27.438231,43.046418],[27.439268,43.044392],[27.44017,43.042614],[27.440991,43.041059]]}},{"type":"Feature","properties":{"osm_id":1471652362,"voltage":"110000","circuits":"1","cables":"3","name":"","operator":"","ref":""},"geometry":{"type":"LineString","coordinates":[[27.021026,43.279582],[27.022457,43.28242],[27.022481,43.283717]]}},{"type":"Feature","properties":{"osm_id":1471652363,"voltage":"110000","circuits":"1","cables":"3","name":"","operator":"","ref":""},"geometry":{"type":"LineString","coordinates":[[27.021026,43.279582],[27.02214,43.28246],[27.022281,43.283754]]}},{"type":"Feature","properties":{"osm_id":1471652364,"voltage":"110000","circuits":"2","cables":"6","name":"","operator":"","ref":""},"geometry":{"type":"LineString","coordinates":[[26.991651,43.259216],[26.99387,43.260769],[26.996149,43.262323],[26.998832,43.264191],[27.001382,43.26599],[27.005555,43.268884],[27.008264,43.270728],[27.012089,43.273368],[27.014641,43.275171],[27.017384,43.277024],[27.021026,43.279582]]}},{"type":"Feature","properties":{"osm_id":1473221292,"voltage":"110000","circuits":"1","cables":"3","name":"","operator":"","ref":""},"geometry":{"type":"LineString","coordinates":[[23.470177,42.650135],[23.470509,42.650842]]}},{"type":"Feature","properties":{"osm_id":1473221293,"voltage":"110000","circuits":"1","cables":"3","name":"","operator":"","ref":""},"geometry":{"type":"LineString","coordinates":[[23.470069,42.650157],[23.470509,42.650842]]}},{"type":"Feature","properties":{"osm_id":1473221295,"voltage":"110000","circuits":"2","cables":"6","name":"","operator":"","ref":""},"geometry":{"type":"LineString","coordinates":[[23.587429,42.623963],[23.588795,42.623799],[23.589044,42.622071],[23.591656,42.621932],[23.593502,42.621553],[23.595344,42.62118],[23.594685,42.619522],[23.594068,42.61792],[23.594414,42.616426],[23.594768,42.614953],[23.59256,42.614635],[23.590482,42.614464],[23.588148,42.614262],[23.586547,42.615458],[23.585367,42.61682],[23.584573,42.617041],[23.582228,42.617738],[23.579876,42.618435],[23.577159,42.61924],[23.574423,42.620057],[23.57172,42.620855],[23.568989,42.621676],[23.566259,42.622489],[23.56356,42.623282],[23.56083,42.624092],[23.558228,42.624873],[23.555471,42.625694],[23.552794,42.626491],[23.55008,42.627293],[23.547365,42.628114],[23.544699,42.628907],[23.541995,42.629692],[23.539265,42.630498],[23.536545,42.631315],[23.533841,42.632124],[23.531111,42.632937],[23.528402,42.633738],[23.525709,42.634547],[23.522957,42.635364],[23.520479,42.636114],[23.517914,42.636773],[23.515168,42.637491],[23.51233,42.638245],[23.50957,42.638947],[23.506799,42.639661],[23.504074,42.640368],[23.501328,42.641078],[23.498656,42.641761],[23.495974,42.642463],[23.493319,42.643146],[23.49069,42.643844],[23.488029,42.644523],[23.485256,42.645245],[23.484339,42.647593],[23.481343,42.648297],[23.478432,42.648982],[23.475316,42.649712],[23.47233,42.650398],[23.470509,42.650842]]}},{"type":"Feature","properties":{"osm_id":1473221296,"voltage":"110000","circuits":"1","cables":"3","name":"","operator":"","ref":""},"geometry":{"type":"LineString","coordinates":[[23.587386,42.624851],[23.587427,42.62463],[23.587429,42.623963]]}},{"type":"Feature","properties":{"osm_id":1473221297,"voltage":"110000","circuits":"1","cables":"3","name":"","operator":"","ref":""},"geometry":{"type":"LineString","coordinates":[[23.587429,42.623963],[23.587185,42.624651],[23.587211,42.624838]]}},{"type":"Feature","properties":{"osm_id":1473305415,"voltage":"110000","circuits":"1","cables":"3","name":"","operator":"","ref":""},"geometry":{"type":"LineString","coordinates":[[26.127005,41.786256],[26.129134,41.785722],[26.129627,41.785386]]}},{"type":"Feature","properties":{"osm_id":1473703208,"voltage":"110000","circuits":"1","cables":"3","name":"","operator":"","ref":""},"geometry":{"type":"LineString","coordinates":[[23.37092,42.624125],[23.37082,42.624199]]}},{"type":"Feature","properties":{"osm_id":1473703209,"voltage":"110000","circuits":"1","cables":"3","name":"","operator":"","ref":""},"geometry":{"type":"LineString","coordinates":[[23.3708,42.624131],[23.37082,42.624199]]}},{"type":"Feature","properties":{"osm_id":1473703212,"voltage":"110000","circuits":"2","cables":"6","name":"Тинтява","operator":"Електроенергиен системен оператор","ref":""},"geometry":{"type":"LineString","coordinates":[[23.395437,42.623401],[23.391243,42.623597],[23.386086,42.623716],[23.383915,42.623778],[23.380677,42.62387],[23.377192,42.623685],[23.37082,42.624199]]}},{"type":"Feature","properties":{"osm_id":1474196052,"voltage":"110000","circuits":"1","cables":"3","name":"","operator":"","ref":""},"geometry":{"type":"LineString","coordinates":[[24.038253,42.209756],[24.037936,42.20995]]}},{"type":"Feature","properties":{"osm_id":1474196053,"voltage":"110000","circuits":"1","cables":"3","name":"","operator":"","ref":""},"geometry":{"type":"LineString","coordinates":[[24.037768,42.209743],[24.037647,42.209838]]}},{"type":"Feature","properties":{"osm_id":1474196056,"voltage":"110000","circuits":"1","cables":"3","name":"","operator":"","ref":""},"geometry":{"type":"LineString","coordinates":[[24.037768,42.209743],[24.038253,42.209756]]}},{"type":"Feature","properties":{"osm_id":1474196057,"voltage":"110000","circuits":"2","cables":"6","name":"","operator":"","ref":""},"geometry":{"type":"LineString","coordinates":[[24.028536,42.206941],[24.031088,42.206482],[24.031965,42.209082],[24.033102,42.209804],[24.035248,42.209718],[24.037768,42.209743]]}},{"type":"Feature","properties":{"osm_id":1474199732,"voltage":"110000","circuits":"1","cables":"3","name":"","operator":"","ref":""},"geometry":{"type":"LineString","coordinates":[[23.10867,41.877871],[23.108938,41.877755]]}},{"type":"Feature","properties":{"osm_id":1474199733,"voltage":"110000","circuits":"1","cables":"3","name":"","operator":"","ref":""},"geometry":{"type":"LineString","coordinates":[[23.108585,41.877811],[23.108733,41.877734],[23.107888,41.877545],[23.106583,41.877232]]}},{"type":"Feature","properties":{"osm_id":1474457012,"voltage":"110000","circuits":"1","cables":"1","name":"","operator":"","ref":""},"geometry":{"type":"LineString","coordinates":[[24.197706,42.605334],[24.197727,42.606007],[24.198691,42.609307],[24.19923,42.61115],[24.199333,42.61153]]}},{"type":"Feature","properties":{"osm_id":1474457013,"voltage":"110000","circuits":"1","cables":"3","name":"","operator":"","ref":""},"geometry":{"type":"LineString","coordinates":[[24.195382,42.59534],[24.195706,42.595576],[24.196979,42.596118],[24.197172,42.597401],[24.197557,42.600271],[24.197918,42.603231],[24.197706,42.605334]]}},{"type":"Feature","properties":{"osm_id":1475230853,"voltage":"110000","circuits":"1","cables":"3","name":"","operator":"","ref":""},"geometry":{"type":"LineString","coordinates":[[27.856323,43.216841],[27.85619,43.216115]]}},{"type":"Feature","properties":{"osm_id":1475230854,"voltage":"110000","circuits":"1","cables":"3","name":"","operator":"","ref":""},"geometry":{"type":"LineString","coordinates":[[27.856203,43.216836],[27.85619,43.216115]]}},{"type":"Feature","properties":{"osm_id":1476518533,"voltage":"110000","circuits":"1","cables":"3","name":"","operator":"","ref":""},"geometry":{"type":"LineString","coordinates":[[26.538582,43.506258],[26.538345,43.505861]]}},{"type":"Feature","properties":{"osm_id":1476518534,"voltage":"110000","circuits":"1","cables":"3","name":"","operator":"","ref":""},"geometry":{"type":"LineString","coordinates":[[26.538474,43.506282],[26.538345,43.505861]]}},{"type":"Feature","properties":{"osm_id":1477353448,"voltage":"110000","circuits":"2","cables":"6","name":"","operator":"","ref":""},"geometry":{"type":"LineString","coordinates":[[25.578699,41.935864],[25.579278,41.936509],[25.579168,41.937321],[25.578913,41.939153]]}},{"type":"Feature","properties":{"osm_id":1477353449,"voltage":"110000","circuits":"1","cables":"3","name":"","operator":"","ref":""},"geometry":{"type":"LineString","coordinates":[[25.553806,41.949969],[25.553853,41.950216],[25.556926,41.949989],[25.559676,41.950851],[25.562804,41.950777],[25.565993,41.95071],[25.569225,41.950632],[25.571529,41.948234],[25.573415,41.946237],[25.57496,41.945417],[25.57648,41.943003],[25.578296,41.941076],[25.578913,41.939153]]}},{"type":"Feature","properties":{"osm_id":1477353450,"voltage":"110000","circuits":"1","cables":"3","name":"","operator":"","ref":""},"geometry":{"type":"LineString","coordinates":[[25.578583,41.935389],[25.578699,41.935864]]}},{"type":"Feature","properties":{"osm_id":1477353451,"voltage":"110000","circuits":"1","cables":"3","name":"","operator":"","ref":""},"geometry":{"type":"LineString","coordinates":[[25.578453,41.935391],[25.578699,41.935864]]}},{"type":"Feature","properties":{"osm_id":1477353452,"voltage":"110000","circuits":"1","cables":"3","name":"","operator":"","ref":""},"geometry":{"type":"LineString","coordinates":[[25.578355,41.935393],[25.578127,41.93596],[25.578196,41.938432]]}},{"type":"Feature","properties":{"osm_id":1478645836,"voltage":"110000","circuits":"1","cables":"3","name":"","operator":"","ref":""},"geometry":{"type":"LineString","coordinates":[[25.308436,43.224903],[25.308395,43.224609],[25.306589,43.223163],[25.30388,43.221009],[25.301462,43.219097],[25.299004,43.217154],[25.297015,43.21556],[25.295707,43.212437],[25.295432,43.20977],[25.295279,43.207735],[25.29502,43.205016],[25.294784,43.202597],[25.294564,43.200266],[25.294312,43.197783],[25.294075,43.195508],[25.293867,43.193012],[25.293601,43.190824],[25.293462,43.188786],[25.293639,43.188545]]}},{"type":"Feature","properties":{"osm_id":1478645838,"voltage":"110000","circuits":"1","cables":"3","name":"","operator":"","ref":""},"geometry":{"type":"LineString","coordinates":[[25.122461,43.632018],[25.122924,43.631628],[25.124606,43.629152],[25.126371,43.626617],[25.12827,43.623778],[25.129922,43.621347],[25.131762,43.618617],[25.133366,43.616209],[25.13504,43.613743],[25.136864,43.611032],[25.138548,43.608546],[25.140388,43.605823],[25.141917,43.603578],[25.143639,43.600976],[25.145503,43.598297],[25.146415,43.59691],[25.148046,43.594519],[25.149749,43.591986],[25.151315,43.58967],[25.152662,43.587615],[25.154041,43.585571],[25.155484,43.583465],[25.15714,43.582162]]}},{"type":"Feature","properties":{"osm_id":1478645839,"voltage":"110000","circuits":"1","cables":"3","name":"","operator":"","ref":""},"geometry":{"type":"LineString","coordinates":[[25.122355,43.632029],[25.122283,43.631662],[25.124049,43.629074],[25.125899,43.626368],[25.127707,43.623736],[25.129262,43.621421],[25.131081,43.618687],[25.132728,43.616275],[25.134659,43.613425],[25.136499,43.610729],[25.138199,43.608189],[25.140013,43.605505],[25.141343,43.603543],[25.14299,43.601092],[25.1449,43.598338],[25.145903,43.59683],[25.147619,43.594297],[25.149035,43.592188],[25.150446,43.590101],[25.151932,43.587898],[25.153343,43.585796],[25.154679,43.583845],[25.15714,43.582162]]}},{"type":"Feature","properties":{"osm_id":1478672373,"voltage":"110000","circuits":"1","cables":"3","name":"","operator":"","ref":""},"geometry":{"type":"LineString","coordinates":[[25.457407,43.174277],[25.459689,43.174002],[25.462149,43.173687],[25.464553,43.173377],[25.467022,43.173071],[25.469486,43.172741],[25.471938,43.172417],[25.474468,43.172091],[25.476848,43.171776],[25.479307,43.171493],[25.481609,43.171195],[25.48365,43.170926],[25.485884,43.170628],[25.488163,43.170348],[25.490606,43.17004],[25.493112,43.169712],[25.495512,43.169379],[25.497999,43.169074],[25.500312,43.168784],[25.502794,43.168475],[25.505257,43.168188],[25.50771,43.167884],[25.510105,43.167579],[25.512422,43.167264],[25.514769,43.166959],[25.517552,43.166608],[25.519875,43.166328],[25.522347,43.166002],[25.524732,43.165729],[25.526948,43.165425],[25.529221,43.165113],[25.531665,43.164798],[25.534108,43.164493],[25.536508,43.164185],[25.539032,43.163861],[25.541273,43.163592],[25.543667,43.163264],[25.546167,43.162942],[25.548633,43.162607],[25.551301,43.162261],[25.553446,43.161989],[25.556056,43.161639],[25.558513,43.161318],[25.561099,43.161021],[25.563488,43.160717],[25.566462,43.160323],[25.568679,43.160026],[25.57082,43.159757],[25.573372,43.159425],[25.575762,43.159107],[25.578243,43.15881],[25.580402,43.158531],[25.582945,43.158202],[25.585699,43.157835],[25.587705,43.157594],[25.589774,43.157318],[25.59248,43.156955],[25.594611,43.156693],[25.597029,43.156368],[25.59998,43.15598],[25.604253,43.15541],[25.606961,43.155044],[25.609435,43.154709],[25.611872,43.154396],[25.614097,43.154106],[25.616688,43.153783],[25.618368,43.152575],[25.619961,43.151448],[25.621719,43.150183],[25.623547,43.148868],[25.625241,43.14767],[25.626921,43.146472],[25.628624,43.145292],[25.630347,43.144046],[25.631972,43.142852],[25.634298,43.142876],[25.636823,43.142901],[25.639323,43.142876],[25.641833,43.142866],[25.644478,43.143488],[25.647899,43.144237],[25.651218,43.144989],[25.653694,43.145541],[25.656334,43.144767],[25.659859,43.143722]]}},{"type":"Feature","properties":{"osm_id":1478672374,"voltage":"110000","circuits":"1","cables":"3","name":"","operator":"","ref":""},"geometry":{"type":"LineString","coordinates":[[25.457407,43.174277],[25.4579,43.175725],[25.458731,43.178035],[25.459469,43.180226]]}},{"type":"Feature","properties":{"osm_id":1478672375,"voltage":"110000","circuits":"2","cables":"6","name":"","operator":"","ref":""},"geometry":{"type":"LineString","coordinates":[[25.459469,43.180226],[25.460129,43.180371]]}},{"type":"Feature","properties":{"osm_id":1478672376,"voltage":"110000","circuits":"1","cables":"3","name":"","operator":"","ref":""},"geometry":{"type":"LineString","coordinates":[[25.460297,43.180655],[25.460129,43.180371]]}},{"type":"Feature","properties":{"osm_id":1478672377,"voltage":"110000","circuits":"1","cables":"3","name":"","operator":"","ref":""},"geometry":{"type":"LineString","coordinates":[[25.460068,43.180681],[25.460129,43.180371]]}},{"type":"Feature","properties":{"osm_id":1478900393,"voltage":"110000","circuits":"1","cables":"3","name":"","operator":"","ref":""},"geometry":{"type":"LineString","coordinates":[[25.66587,42.439807],[25.666103,42.439711]]}},{"type":"Feature","properties":{"osm_id":1478900394,"voltage":"110000","circuits":"1","cables":"3","name":"","operator":"","ref":""},"geometry":{"type":"LineString","coordinates":[[25.665704,42.439724],[25.665928,42.439602]]}},{"type":"Feature","properties":{"osm_id":1478900395,"voltage":"110000","circuits":"1","cables":"3","name":"","operator":"","ref":""},"geometry":{"type":"LineString","coordinates":[[25.665523,42.439634],[25.66576,42.439498]]}},{"type":"Feature","properties":{"osm_id":1478900396,"voltage":"110000","circuits":"","cables":"","name":"","operator":"","ref":""},"geometry":{"type":"LineString","coordinates":[[25.666103,42.439711],[25.66669,42.439196]]}},{"type":"Feature","properties":{"osm_id":1478900397,"voltage":"110000","circuits":"","cables":"","name":"","operator":"","ref":""},"geometry":{"type":"LineString","coordinates":[[25.666505,42.439226],[25.666013,42.439655]]}},{"type":"Feature","properties":{"osm_id":1478900398,"voltage":"110000","circuits":"","cables":"","name":"","operator":"","ref":""},"geometry":{"type":"LineString","coordinates":[[25.665928,42.439602],[25.666519,42.439094]]}},{"type":"Feature","properties":{"osm_id":1478900399,"voltage":"110000","circuits":"1","cables":"3","name":"","operator":"","ref":""},"geometry":{"type":"LineString","coordinates":[[25.665842,42.439549],[25.665704,42.439724]]}},{"type":"Feature","properties":{"osm_id":1478900400,"voltage":"110000","circuits":"1","cables":"3","name":"","operator":"","ref":""},"geometry":{"type":"LineString","coordinates":[[25.665675,42.439445],[25.665523,42.439634]]}},{"type":"Feature","properties":{"osm_id":1478900401,"voltage":"110000","circuits":"","cables":"","name":"","operator":"","ref":""},"geometry":{"type":"LineString","coordinates":[[25.66627,42.438943],[25.665675,42.439445]]}},{"type":"Feature","properties":{"osm_id":1478900404,"voltage":"110000","circuits":"1","cables":"3","name":"","operator":"","ref":""},"geometry":{"type":"LineString","coordinates":[[25.226546,42.65177],[25.226821,42.651577]]}},{"type":"Feature","properties":{"osm_id":1478900405,"voltage":"110000","circuits":"1","cables":"3","name":"","operator":"","ref":""},"geometry":{"type":"LineString","coordinates":[[25.226662,42.651794],[25.226821,42.651577]]}},{"type":"Feature","properties":{"osm_id":1479404538,"voltage":"220000","circuits":"1","cables":"2","name":"Витоша-Верила","operator":"","ref":""},"geometry":{"type":"LineString","coordinates":[[23.255959,42.444377],[23.255132,42.442204],[23.252649,42.436923],[23.250809,42.433047],[23.249183,42.429515],[23.248128,42.427648]]}},{"type":"Feature","properties":{"osm_id":1479404539,"voltage":"220000","circuits":"1","cables":"2","name":"Витоша-Верила","operator":"","ref":""},"geometry":{"type":"LineString","coordinates":[[23.255959,42.444377],[23.254795,42.442303],[23.252305,42.437014],[23.250465,42.43309],[23.248829,42.429586],[23.248128,42.427648]]}},{"type":"Feature","properties":{"osm_id":1479404540,"voltage":"220000","circuits":"1","cables":"2","name":"Витоша-Верила","operator":"","ref":""},"geometry":{"type":"LineString","coordinates":[[23.255959,42.444377],[23.254955,42.442259],[23.252461,42.436966],[23.250648,42.433059],[23.24901,42.429542],[23.248128,42.427648]]}},{"type":"Feature","properties":{"osm_id":1479404541,"voltage":"220000","circuits":"2","cables":"6","name":"Витоша-Верила","operator":"","ref":""},"geometry":{"type":"LineString","coordinates":[[23.248128,42.427648],[23.246673,42.426841],[23.242563,42.424724],[23.24066,42.423613],[23.237923,42.421983],[23.235633,42.420681],[23.233163,42.419314],[23.228241,42.416585],[23.225528,42.415069],[23.224097,42.414319],[23.221694,42.414445],[23.218326,42.414676],[23.214608,42.414911],[23.212143,42.415081],[23.210162,42.415238],[23.207212,42.415437],[23.202511,42.415634],[23.195159,42.414475]]}},{"type":"Feature","properties":{"osm_id":1480393945,"voltage":"110000","circuits":"1","cables":"3","name":"","operator":"","ref":""},"geometry":{"type":"LineString","coordinates":[[23.104408,41.998948],[23.104503,41.998575],[23.107185,41.995533],[23.10902,41.996315],[23.112724,41.997887],[23.116098,41.999321],[23.116164,42.005354],[23.116235,42.010075],[23.116272,42.01288],[23.116337,42.018647],[23.113904,42.02515],[23.112099,42.030034],[23.107518,42.030823],[23.105479,42.031193],[23.099999,42.032175],[23.094496,42.030815],[23.092299,42.029868],[23.088925,42.028386],[23.085086,42.026705],[23.081887,42.02531],[23.078241,42.023744],[23.073584,42.021706]]}},{"type":"Feature","properties":{"osm_id":1481200350,"voltage":"110000","circuits":"1","cables":"3","name":"","operator":"","ref":""},"geometry":{"type":"LineString","coordinates":[[25.088526,43.025911],[25.088029,43.025755]]}},{"type":"Feature","properties":{"osm_id":1481200351,"voltage":"110000","circuits":"2","cables":"6","name":"","operator":"","ref":""},"geometry":{"type":"LineString","coordinates":[[25.088029,43.025755],[25.086481,43.02542],[25.084472,43.024737],[25.081889,43.02381]]}},{"type":"Feature","properties":{"osm_id":1481200352,"voltage":"110000","circuits":"1","cables":"3","name":"","operator":"","ref":""},"geometry":{"type":"LineString","coordinates":[[24.723781,43.170112],[24.723596,43.170604],[24.722489,43.172963],[24.72169,43.174606],[24.718646,43.174415],[24.715473,43.174213],[24.712857,43.174037],[24.711511,43.173026],[24.708228,43.170598],[24.705833,43.168836],[24.703875,43.167369],[24.700522,43.164868],[24.699219,43.163903]]}},{"type":"Feature","properties":{"osm_id":1481200356,"voltage":"110000","circuits":"1","cables":"3","name":"","operator":"","ref":""},"geometry":{"type":"LineString","coordinates":[[24.721159,43.155918],[24.721278,43.15576],[24.726848,43.154583],[24.731571,43.15211],[24.734041,43.150824],[24.736174,43.149705],[24.737534,43.14811],[24.738717,43.146664],[24.740943,43.143978],[24.743258,43.141186],[24.744556,43.13961],[24.746575,43.137162],[24.748633,43.134713],[24.751248,43.131523],[24.752734,43.129765],[24.757261,43.12961],[24.761891,43.129479],[24.764691,43.129375],[24.767797,43.129272],[24.772802,43.129129],[24.776326,43.129025],[24.778563,43.127856],[24.781409,43.126394],[24.787865,43.123048],[24.790797,43.121508],[24.796159,43.118714],[24.801354,43.116008],[24.805595,43.113803],[24.809031,43.111996],[24.812381,43.11192],[24.815267,43.111873],[24.818142,43.111832],[24.821401,43.111775],[24.827431,43.111362],[24.834091,43.110917],[24.837274,43.111665],[24.840598,43.112435],[24.844117,43.113255],[24.847536,43.114062],[24.850903,43.114851],[24.854253,43.115624],[24.857622,43.116413],[24.860682,43.116903],[24.862742,43.117226],[24.866642,43.117858],[24.868871,43.11822],[24.87305,43.118898],[24.874613,43.11915],[24.877583,43.119364],[24.881799,43.119654],[24.8855,43.119928],[24.888121,43.120116],[24.890125,43.118438],[24.892155,43.116744],[24.89414,43.115066],[24.896768,43.112871],[24.899,43.111021],[24.90135,43.109035],[24.903967,43.106821],[24.906178,43.104958],[24.908747,43.102769],[24.911051,43.10083],[24.913403,43.098844],[24.915938,43.096678],[24.91828,43.0947],[24.9206,43.092734],[24.923041,43.090681],[24.925261,43.088794],[24.928539,43.086763],[24.931101,43.085161],[24.933284,43.083817],[24.936664,43.081709],[24.939174,43.080185],[24.940574,43.079315],[24.943058,43.077791],[24.946164,43.075855],[24.947864,43.074789],[24.949737,43.073618],[24.951984,43.072219],[24.954339,43.070777],[24.95619,43.069648],[24.958212,43.068398],[24.961163,43.066568],[24.963384,43.065149],[24.966715,43.064863],[24.968952,43.064675],[24.973303,43.064283],[24.976484,43.064005],[24.980142,43.063691],[24.983849,43.063346],[24.987218,43.06306],[24.990968,43.062715],[24.994213,43.062433],[24.997322,43.062172],[25.001721,43.061063],[25.00551,43.06014],[25.010102,43.059025],[25.01316,43.058261],[25.016819,43.057359],[25.020689,43.056399],[25.024321,43.055513],[25.026995,43.053328],[25.029205,43.051521],[25.032156,43.049126],[25.035286,43.049365],[25.037989,43.049586],[25.041146,43.049865],[25.043888,43.048122],[25.046959,43.046187],[25.050199,43.044131],[25.052843,43.042447],[25.056344,43.040254],[25.059831,43.039052],[25.062859,43.038001],[25.066177,43.03687],[25.070289,43.035462],[25.073059,43.034504],[25.076565,43.033288],[25.08014,43.032084],[25.078523,43.029083],[25.080315,43.02629],[25.081889,43.02381]]}},{"type":"Feature","properties":{"osm_id":1481200357,"voltage":"110000","circuits":"1","cables":"3","name":"","operator":"","ref":""},"geometry":{"type":"LineString","coordinates":[[24.721284,43.15604],[24.721674,43.155905],[24.72644,43.154978],[24.729224,43.156566],[24.730577,43.157334],[24.733889,43.159101],[24.736447,43.160449],[24.738738,43.161664],[24.74127,43.164135],[24.742692,43.165545],[24.742863,43.167871],[24.743027,43.170334],[24.740393,43.172619],[24.738427,43.174315],[24.73696,43.175598],[24.734913,43.177392],[24.730514,43.176122],[24.726295,43.174884],[24.723943,43.1742],[24.724096,43.172466],[24.724276,43.170661],[24.724239,43.170141]]}},{"type":"Feature","properties":{"osm_id":1481297605,"voltage":"110000","circuits":"1","cables":"3","name":"","operator":"","ref":""},"geometry":{"type":"LineString","coordinates":[[26.29116,43.983069],[26.290897,43.98249],[26.291091,43.981014],[26.291294,43.979304],[26.291488,43.977688],[26.291681,43.97608],[26.291893,43.974372],[26.292139,43.972453],[26.292295,43.971156],[26.292496,43.96956],[26.292689,43.968091],[26.292831,43.966701],[26.293754,43.965148],[26.294661,43.963658],[26.295551,43.962251],[26.29656,43.960623],[26.29738,43.959287],[26.298343,43.95775],[26.299379,43.956111],[26.300323,43.954614],[26.301248,43.953147],[26.302018,43.951905],[26.302973,43.950368],[26.304022,43.948709],[26.304762,43.947518],[26.305671,43.946087],[26.306591,43.944592],[26.307444,43.943206],[26.308581,43.941386],[26.309552,43.939755],[26.31036,43.938412],[26.312052,43.935642],[26.312905,43.934221],[26.313817,43.932741],[26.314713,43.931234],[26.315485,43.929971],[26.316419,43.928422],[26.317323,43.926931],[26.318151,43.925563],[26.319117,43.92395],[26.319125,43.92297],[26.319147,43.921743],[26.319171,43.920563],[26.319195,43.919437],[26.319216,43.918154],[26.319248,43.917049],[26.319273,43.915797],[26.319281,43.914577],[26.319313,43.913449],[26.319356,43.91194],[26.319377,43.910717],[26.31938,43.909694]]}},{"type":"Feature","properties":{"osm_id":1482292905,"voltage":"110000","circuits":"1","cables":"3","name":"","operator":"","ref":""},"geometry":{"type":"LineString","coordinates":[[25.610486,43.09815],[25.6104,43.097907],[25.611953,43.096733],[25.614144,43.095115],[25.618047,43.092254],[25.621861,43.089404],[25.623111,43.088484],[25.623942,43.087873],[25.623757,43.087337]]}},{"type":"Feature","properties":{"osm_id":1482292906,"voltage":"110000","circuits":"2","cables":"6","name":"","operator":"","ref":""},"geometry":{"type":"LineString","coordinates":[[25.537876,43.087056],[25.538631,43.087947],[25.541447,43.087979],[25.545183,43.088006],[25.548971,43.087979],[25.551882,43.087995],[25.555487,43.088011],[25.558243,43.087991],[25.560757,43.087568],[25.565194,43.086899],[25.569615,43.086203],[25.572927,43.085686],[25.575923,43.085478],[25.579665,43.08521],[25.584009,43.08493],[25.589857,43.084471],[25.592027,43.086038],[25.594607,43.08783],[25.597086,43.089625],[25.599579,43.091372],[25.601939,43.093061],[25.604806,43.095123],[25.606694,43.096482],[25.608304,43.097649],[25.609336,43.097445],[25.610486,43.09815]]}},{"type":"Feature","properties":{"osm_id":1482292907,"voltage":"110000","circuits":"1","cables":"3","name":"","operator":"","ref":""},"geometry":{"type":"LineString","coordinates":[[25.623981,43.087339],[25.624332,43.087901],[25.623084,43.088812],[25.622301,43.089384],[25.618272,43.092381],[25.614474,43.095194],[25.612232,43.096851],[25.610622,43.098041],[25.610486,43.09815]]}},{"type":"Feature","properties":{"osm_id":1483384190,"voltage":"400000","circuits":"1","cables":"3","name":"","operator":"","ref":""},"geometry":{"type":"LineString","coordinates":[[24.152249,42.704121],[24.152922,42.703764],[24.152297,42.702115],[24.151219,42.699466],[24.150116,42.696608],[24.149458,42.694699],[24.148139,42.691017],[24.147449,42.689095],[24.145722,42.684347],[24.146751,42.683335],[24.15033,42.680012],[24.154174,42.676536],[24.15523,42.675464],[24.158263,42.675813],[24.161222,42.676132],[24.163208,42.676343],[24.165181,42.676545],[24.169432,42.676938],[24.171553,42.677501],[24.174916,42.678369],[24.17865,42.679387],[24.180555,42.679988],[24.181763,42.680354],[24.18975,42.682535],[24.193086,42.683429],[24.196854,42.68444],[24.200579,42.685479],[24.204539,42.686565],[24.207442,42.687365],[24.210855,42.688343],[24.212754,42.690136],[24.214455,42.691823],[24.21612,42.693298],[24.217967,42.695037],[24.220639,42.697662],[24.222917,42.69978],[24.224892,42.701602],[24.227284,42.70389],[24.229407,42.705812],[24.232161,42.706954],[24.235649,42.708443],[24.23919,42.709957],[24.242603,42.711349],[24.246159,42.712877],[24.249691,42.714337],[24.252755,42.715635],[24.25606,42.717026],[24.259528,42.718482],[24.262931,42.719906],[24.266217,42.721283],[24.269478,42.722695],[24.272852,42.724126],[24.276236,42.72555],[24.279801,42.727075],[24.281774,42.727891],[24.284843,42.729253],[24.28896,42.731099],[24.291866,42.732364],[24.29374,42.733206],[24.297143,42.732265],[24.300241,42.731421],[24.302571,42.730789],[24.305012,42.730129],[24.307047,42.729551],[24.309943,42.728774],[24.311646,42.728327],[24.315728,42.727225],[24.318501,42.726449],[24.321864,42.725568],[24.324993,42.72475],[24.327748,42.723956],[24.330244,42.723278],[24.332571,42.722631],[24.334922,42.721999],[24.338281,42.721061],[24.341501,42.720192],[24.344022,42.719498],[24.346711,42.718792],[24.349946,42.717723],[24.352083,42.717009],[24.354509,42.716216],[24.356828,42.715729],[24.358477,42.715379],[24.36182,42.714692],[24.364352,42.714156],[24.366578,42.713709],[24.371367,42.712748],[24.374287,42.712101],[24.376784,42.711573],[24.377616,42.711558],[24.381022,42.710716]]}},{"type":"Feature","properties":{"osm_id":1483919212,"voltage":"110000","circuits":"1","cables":"3","name":"","operator":"","ref":""},"geometry":{"type":"LineString","coordinates":[[24.529259,43.522453],[24.528385,43.522433]]}},{"type":"Feature","properties":{"osm_id":1483919216,"voltage":"110000","circuits":"1","cables":"3","name":"","operator":"","ref":""},"geometry":{"type":"LineString","coordinates":[[24.466612,43.530222],[24.466707,43.530605],[24.467894,43.532811],[24.471088,43.532286],[24.474803,43.531681],[24.479688,43.530872],[24.484202,43.530139],[24.488981,43.529354],[24.493764,43.528585],[24.49846,43.527813],[24.503245,43.527032],[24.507786,43.526279],[24.512196,43.52547],[24.515981,43.524756],[24.520452,43.523934],[24.524601,43.523144],[24.528385,43.522433]]}},{"type":"Feature","properties":{"osm_id":1483919220,"voltage":"110000","circuits":"1","cables":"3","name":"","operator":"","ref":""},"geometry":{"type":"LineString","coordinates":[[23.392448,43.835396],[23.395974,43.835827],[23.399667,43.836217],[23.403296,43.836642],[23.40691,43.837009],[23.410539,43.837438],[23.414201,43.83786],[23.417729,43.838209],[23.421307,43.838609],[23.424976,43.839013],[23.428341,43.839603],[23.434281,43.840415],[23.43749,43.840989],[23.440282,43.841421],[23.442887,43.841818],[23.44434,43.84087],[23.446271,43.839598],[23.448882,43.837908],[23.451409,43.836263],[23.453778,43.834713],[23.456257,43.833113],[23.45881,43.831461],[23.461556,43.829663],[23.464235,43.827933],[23.467008,43.826124],[23.469735,43.824352],[23.472403,43.822626],[23.475103,43.820867],[23.477884,43.819076],[23.480606,43.817272],[23.483414,43.815467],[23.485987,43.813803],[23.488592,43.812092],[23.489729,43.811374]]}},{"type":"Feature","properties":{"osm_id":1483919221,"voltage":"110000","circuits":"1","cables":"3","name":"","operator":"","ref":""},"geometry":{"type":"LineString","coordinates":[[23.690826,43.750681],[23.6928,43.749083],[23.69457,43.747647],[23.696418,43.746163],[23.698328,43.744633],[23.700097,43.743167],[23.701958,43.741688],[23.703804,43.74018],[23.705642,43.738699],[23.707557,43.737145],[23.709489,43.735601],[23.71136,43.734032],[23.713401,43.732379],[23.715304,43.730779],[23.717147,43.729262],[23.718883,43.727808],[23.720801,43.726243],[23.722734,43.724636],[23.724537,43.723145],[23.725788,43.722096],[23.727698,43.720522],[23.729451,43.719079],[23.731014,43.717796],[23.73249,43.716569],[23.733904,43.715405],[23.736582,43.71631],[23.740069,43.717462],[23.743351,43.718527],[23.746692,43.719628],[23.749993,43.72073],[23.753227,43.721795],[23.756479,43.722869],[23.759776,43.72395],[23.763078,43.725031],[23.76637,43.726132],[23.769646,43.727209],[23.773032,43.728324],[23.776186,43.729374],[23.778248,43.730055],[23.781297,43.731037],[23.784084,43.731973],[23.78385,43.733162],[23.783521,43.735041],[23.783241,43.737132],[23.783527,43.738471],[23.784064,43.740826],[23.782504,43.742791],[23.782663,43.74301]]}},{"type":"Feature","properties":{"osm_id":1484083948,"voltage":"110000","circuits":"1","cables":"3","name":"","operator":"","ref":""},"geometry":{"type":"LineString","coordinates":[[25.665353,43.143537],[25.665625,43.143835],[25.666169,43.14451],[25.6668,43.145319],[25.668047,43.14687],[25.66925,43.148493],[25.670174,43.14962],[25.671382,43.151411],[25.671537,43.15388],[25.671688,43.156244],[25.671826,43.158368],[25.67199,43.160269],[25.672079,43.161743],[25.672221,43.164123],[25.672358,43.166581],[25.672527,43.168705],[25.675697,43.169855],[25.678454,43.170891],[25.680021,43.171458],[25.683165,43.172604],[25.686827,43.173928],[25.69069,43.175366],[25.694015,43.176547],[25.697088,43.177668],[25.700027,43.178798],[25.702411,43.179717],[25.70424,43.180433],[25.706788,43.181365],[25.711721,43.183178],[25.715739,43.184667],[25.719654,43.186101],[25.724422,43.187871],[25.726974,43.18884],[25.729872,43.18989],[25.7338,43.191353],[25.736828,43.192488],[25.738478,43.193067],[25.741926,43.194348],[25.745189,43.195559],[25.748494,43.196793],[25.752472,43.19826],[25.75594,43.199503],[25.758869,43.200608],[25.761853,43.201673],[25.76514,43.202906],[25.76893,43.204321],[25.77272,43.205731],[25.776286,43.207048],[25.779845,43.208343],[25.783271,43.209598],[25.786346,43.210712],[25.789275,43.211795],[25.792283,43.215149],[25.794539,43.217624],[25.796891,43.220209],[25.798723,43.222176],[25.800196,43.223815],[25.802216,43.226051],[25.803875,43.227843],[25.806045,43.230256],[25.80736,43.231696],[25.810322,43.231134],[25.813148,43.230563],[25.816242,43.229993],[25.819123,43.229458],[25.821828,43.228935],[25.824878,43.228349],[25.828208,43.22846],[25.831384,43.228616],[25.834697,43.228724],[25.836203,43.229362],[25.838124,43.230193],[25.840066,43.230975],[25.842656,43.232042],[25.845477,43.233154],[25.848076,43.234232],[25.850182,43.235092],[25.854496,43.236856],[25.857028,43.237899],[25.859271,43.238796],[25.862186,43.240007],[25.864731,43.24107],[25.867248,43.242122],[25.870434,43.2434],[25.872448,43.244232]]}},{"type":"Feature","properties":{"osm_id":1484083949,"voltage":"110000","circuits":"1","cables":"3","name":"","operator":"","ref":""},"geometry":{"type":"LineString","coordinates":[[25.943548,43.22474],[25.943604,43.224888],[25.941285,43.22618],[25.938847,43.227579],[25.937447,43.228367],[25.935483,43.228484],[25.931616,43.228697],[25.928657,43.228849],[25.925326,43.229047],[25.92252,43.229205],[25.919731,43.22935],[25.916104,43.229561],[25.912939,43.229733],[25.908819,43.229953],[25.90519,43.230157],[25.901379,43.230381],[25.897798,43.230575],[25.894446,43.230764],[25.890524,43.230985],[25.889615,43.23163],[25.886624,43.233838],[25.884368,43.235484],[25.882392,43.236949],[25.880318,43.238462],[25.877194,43.240752],[25.874401,43.2428],[25.872448,43.244232]]}},{"type":"Feature","properties":{"osm_id":1484084890,"voltage":"110000","circuits":"1","cables":"3","name":"","operator":"","ref":""},"geometry":{"type":"LineString","coordinates":[[25.621877,43.363845],[25.621967,43.363527]]}},{"type":"Feature","properties":{"osm_id":1484084891,"voltage":"110000","circuits":"1","cables":"3","name":"","operator":"","ref":""},"geometry":{"type":"LineString","coordinates":[[25.621783,43.363822],[25.621967,43.363527]]}},{"type":"Feature","properties":{"osm_id":1484084892,"voltage":"110000","circuits":"1","cables":"3","name":"","operator":"","ref":""},"geometry":{"type":"LineString","coordinates":[[25.629955,43.353029],[25.630977,43.350884],[25.631642,43.349131],[25.632423,43.347007],[25.633258,43.344885],[25.633425,43.342957],[25.633624,43.341081],[25.633811,43.339128],[25.633962,43.337359],[25.634141,43.335567],[25.634303,43.333753],[25.634461,43.332199],[25.634635,43.330322],[25.63481,43.328479],[25.634988,43.32658],[25.635126,43.324905],[25.635267,43.323578],[25.635404,43.321982],[25.635495,43.321054],[25.635566,43.320243]]}},{"type":"Feature","properties":{"osm_id":1484084893,"voltage":"110000","circuits":"2","cables":"6","name":"","operator":"","ref":""},"geometry":{"type":"LineString","coordinates":[[25.621967,43.363527],[25.621209,43.361581],[25.619846,43.358026],[25.618854,43.355541],[25.622698,43.35466],[25.626222,43.353868],[25.629955,43.353029]]}},{"type":"Feature","properties":{"osm_id":1484242545,"voltage":"110000","circuits":"1","cables":"3","name":"","operator":"","ref":""},"geometry":{"type":"LineString","coordinates":[[25.088535,43.025781],[25.088029,43.025755]]}},{"type":"Feature","properties":{"osm_id":1484246282,"voltage":"110000","circuits":"1","cables":"3","name":"","operator":"","ref":""},"geometry":{"type":"LineString","coordinates":[[25.799409,43.482274],[25.799639,43.483018],[25.799914,43.484195],[25.799106,43.486058],[25.798589,43.487266],[25.797922,43.488814],[25.796972,43.491087],[25.79615,43.493007],[25.795311,43.494872],[25.794469,43.496837],[25.793778,43.498453],[25.79315,43.499841],[25.792127,43.502223],[25.792889,43.503537],[25.793602,43.504772],[25.794267,43.505856],[25.795238,43.507554],[25.796282,43.509309],[25.797585,43.511482],[25.799083,43.514056],[25.799714,43.515092],[25.801196,43.517631],[25.802313,43.519537],[25.803763,43.52198],[25.804713,43.523613],[25.805622,43.525139],[25.807087,43.527615],[25.808061,43.52926],[25.808715,43.530365],[25.809592,43.531847],[25.81033,43.533093],[25.812635,43.537132],[25.813664,43.538725],[25.814312,43.539866],[25.81476,43.540686],[25.816541,43.543639],[25.81751,43.5453],[25.81813,43.546391],[25.818868,43.547608],[25.81969,43.549037],[25.820492,43.55036],[25.821251,43.551648],[25.821927,43.552819],[25.822582,43.553935],[25.823885,43.556162],[25.82555,43.558863],[25.826783,43.56114],[25.827556,43.562493],[25.828309,43.563826],[25.828992,43.565016],[25.829716,43.56626],[25.830338,43.567426],[25.831153,43.568837],[25.832758,43.571604],[25.833405,43.572735],[25.835493,43.576384],[25.836511,43.578165]]}},{"type":"Feature","properties":{"osm_id":1484246283,"voltage":"110000","circuits":"1","cables":"3","name":"","operator":"","ref":""},"geometry":{"type":"LineString","coordinates":[[25.799302,43.482303],[25.799369,43.483107],[25.797722,43.48459],[25.795904,43.48626],[25.793168,43.487001],[25.789418,43.488011],[25.786429,43.48882],[25.784134,43.489436],[25.779196,43.490761],[25.777504,43.491226],[25.774945,43.491913],[25.771069,43.492954],[25.769514,43.493369],[25.766088,43.494297],[25.762682,43.495231],[25.75868,43.496295],[25.757175,43.496696],[25.754517,43.497416],[25.751985,43.498085],[25.749365,43.498795],[25.746152,43.499665],[25.743174,43.500466],[25.740017,43.501313],[25.736662,43.502225],[25.732963,43.503235],[25.728835,43.50434],[25.726692,43.504906],[25.723919,43.505651],[25.721218,43.506377],[25.718249,43.507169],[25.715502,43.507904],[25.712388,43.508754],[25.708874,43.50969],[25.706058,43.510425],[25.702147,43.511886],[25.699044,43.513069],[25.696756,43.513925],[25.693996,43.514963],[25.691512,43.515901],[25.688259,43.51712],[25.685467,43.518151],[25.682999,43.519069],[25.680137,43.520157],[25.677216,43.521236],[25.674767,43.522154],[25.671943,43.523208],[25.668939,43.524332],[25.666879,43.525106],[25.664087,43.52616],[25.660729,43.527401],[25.657234,43.52872],[25.656078,43.529144],[25.654948,43.529933],[25.652516,43.531648],[25.649925,43.534273],[25.648908,43.535093],[25.646566,43.535829],[25.644415,43.537348],[25.641846,43.539148],[25.639813,43.54055],[25.637927,43.541905],[25.635808,43.543385],[25.634314,43.544438],[25.632509,43.5457],[25.62973,43.547658],[25.627576,43.54918],[25.625546,43.550595],[25.623446,43.552063],[25.621354,43.553536],[25.619184,43.555049],[25.616947,43.556627],[25.614839,43.558097],[25.612918,43.559465],[25.610767,43.560946],[25.608616,43.562478],[25.606604,43.563924],[25.604469,43.565416],[25.60212,43.567037],[25.600333,43.568281],[25.595366,43.571794],[25.593349,43.573209],[25.589626,43.575829],[25.588177,43.57682],[25.586273,43.577772],[25.583183,43.579245],[25.579857,43.580838],[25.576413,43.58247],[25.572943,43.584086],[25.570014,43.585462],[25.565851,43.587436],[25.563335,43.588633],[25.558614,43.589103],[25.555165,43.589456],[25.550471,43.58988],[25.546571,43.590276],[25.54265,43.590688],[25.538197,43.591119],[25.534405,43.591492],[25.530966,43.59183],[25.52815,43.592087],[25.525382,43.592304],[25.52205,43.592549],[25.517598,43.592883],[25.512207,43.593276],[25.508698,43.593528],[25.50313,43.593975],[25.499944,43.5942],[25.494772,43.594589],[25.492503,43.594764],[25.489939,43.594983],[25.487442,43.595201],[25.484502,43.595457],[25.481155,43.59576],[25.478137,43.596018],[25.474924,43.596279],[25.471448,43.596593],[25.468438,43.59683],[25.465729,43.597075],[25.462634,43.597355],[25.459667,43.597596],[25.456502,43.597879],[25.453944,43.598101],[25.451406,43.598338],[25.448606,43.598575],[25.446133,43.598785],[25.442072,43.599138],[25.440425,43.599274],[25.437024,43.599577],[25.434583,43.59981],[25.431472,43.60007],[25.428849,43.600245],[25.425416,43.600587],[25.421934,43.600894],[25.419866,43.601063],[25.416661,43.601329],[25.414333,43.601356],[25.411803,43.601387],[25.409711,43.601411],[25.406125,43.601415],[25.402628,43.601492],[25.400058,43.601539],[25.397462,43.601562],[25.394769,43.601617],[25.3925,43.601651],[25.387996,43.601686],[25.385381,43.601721],[25.382769,43.601752],[25.379609,43.601857],[25.378,43.601857],[25.375714,43.601904],[25.373547,43.602456],[25.371337,43.6031],[25.367475,43.604176],[25.36498,43.604868],[25.359554,43.606406],[25.357094,43.607092],[25.35479,43.60774],[25.352503,43.609265],[25.351314,43.610046],[25.35062,43.610244],[25.347862,43.611104],[25.346366,43.611578],[25.344451,43.612186],[25.343359,43.612493],[25.341715,43.612961],[25.341622,43.613309],[25.341744,43.613496]]}},{"type":"Feature","properties":{"osm_id":1484246284,"voltage":"110000","circuits":"2","cables":"6","name":"","operator":"","ref":""},"geometry":{"type":"LineString","coordinates":[[25.836511,43.578165],[25.838146,43.578566],[25.840657,43.579132],[25.843261,43.579717],[25.845503,43.580226],[25.847064,43.580583],[25.85031,43.581318],[25.852335,43.581772],[25.854448,43.582268],[25.85675,43.582787],[25.860159,43.582186],[25.862948,43.581677],[25.864681,43.582237]]}},{"type":"Feature","properties":{"osm_id":1484246285,"voltage":"110000","circuits":"1","cables":"3","name":"","operator":"","ref":""},"geometry":{"type":"LineString","coordinates":[[25.864696,43.582452],[25.864681,43.582237]]}},{"type":"Feature","properties":{"osm_id":1484246286,"voltage":"110000","circuits":"1","cables":"3","name":"","operator":"","ref":""},"geometry":{"type":"LineString","coordinates":[[25.864681,43.582237],[25.864898,43.582412]]}},{"type":"Feature","properties":{"osm_id":1484480892,"voltage":"110000","circuits":"1","cables":"3","name":"","operator":"","ref":""},"geometry":{"type":"LineString","coordinates":[[27.43341,42.187904],[27.433453,42.188095]]}},{"type":"Feature","properties":{"osm_id":1485488844,"voltage":"110000","circuits":"1","cables":"3","name":"Дунав","operator":"","ref":""},"geometry":{"type":"LineString","coordinates":[[23.829117,43.73503],[23.831027,43.735573],[23.833189,43.736174],[23.835887,43.735606]]}},{"type":"Feature","properties":{"osm_id":1485488845,"voltage":"110000","circuits":"1","cables":"3","name":"","operator":"","ref":""},"geometry":{"type":"LineString","coordinates":[[23.822338,43.73775],[23.824907,43.736803],[23.829117,43.73503]]}},{"type":"Feature","properties":{"osm_id":1485488846,"voltage":"220000","circuits":"1","cables":"3","name":"","operator":"","ref":""},"geometry":{"type":"LineString","coordinates":[[23.832322,43.736963],[23.834991,43.737372],[23.83877,43.738281],[23.840129,43.74045],[23.841517,43.742612],[23.843199,43.7453],[23.844732,43.747685],[23.846042,43.748406],[23.847816,43.749436],[23.847487,43.751585],[23.847477,43.751699]]}},{"type":"Feature","properties":{"osm_id":1485490785,"voltage":"110000","circuits":"1","cables":"3","name":"","operator":"","ref":""},"geometry":{"type":"LineString","coordinates":[[26.069959,43.868636],[26.070104,43.86972],[26.070424,43.871975],[26.070697,43.87391],[26.071021,43.876164]]}},{"type":"Feature","properties":{"osm_id":1487766753,"voltage":"110000","circuits":"1","cables":"3","name":"","operator":"","ref":""},"geometry":{"type":"LineString","coordinates":[[27.929987,43.22599],[27.929321,43.225684]]}},{"type":"Feature","properties":{"osm_id":1487779837,"voltage":"110000","circuits":"2","cables":"6","name":"","operator":"","ref":""},"geometry":{"type":"LineString","coordinates":[[27.621937,43.218533],[27.619532,43.218886]]}},{"type":"Feature","properties":{"osm_id":1487781035,"voltage":"400000","circuits":"1","cables":"1","name":"Черно море","operator":"","ref":""},"geometry":{"type":"LineString","coordinates":[[27.459752,43.256849],[27.456456,43.255416],[27.455445,43.252945]]}},{"type":"Feature","properties":{"osm_id":1487781036,"voltage":"400000","circuits":"1","cables":"3","name":"Черно море","operator":"","ref":""},"geometry":{"type":"LineString","coordinates":[[27.505304,43.312583],[27.505365,43.311979],[27.506992,43.309417],[27.509093,43.306975],[27.511123,43.304572],[27.512995,43.302422],[27.515506,43.299481],[27.517528,43.297151],[27.519602,43.29473],[27.521853,43.292088],[27.521456,43.290788],[27.521054,43.289311],[27.517617,43.287251],[27.514055,43.285229],[27.509602,43.282643],[27.505847,43.280527],[27.502746,43.278668],[27.499388,43.276892],[27.495987,43.274926],[27.492854,43.273127],[27.489271,43.271044],[27.485977,43.269169],[27.482222,43.266989],[27.479282,43.265283],[27.475656,43.263725],[27.472625,43.262413],[27.467432,43.260237],[27.463801,43.258682],[27.459752,43.256849]]}},{"type":"Feature","properties":{"osm_id":1487781657,"voltage":"110000","circuits":"1","cables":"1","name":"","operator":"","ref":""},"geometry":{"type":"LineString","coordinates":[[27.573475,43.334283],[27.573543,43.335483],[27.573812,43.337196]]}},{"type":"Feature","properties":{"osm_id":1487781659,"voltage":"110000","circuits":"1","cables":"3","name":"","operator":"","ref":""},"geometry":{"type":"LineString","coordinates":[[27.573475,43.334283],[27.574348,43.334217],[27.574411,43.334422]]}},{"type":"Feature","properties":{"osm_id":1497504331,"voltage":"110000","circuits":"1","cables":"3","name":"Лавров","operator":"Електроенергиен системен оператор","ref":""},"geometry":{"type":"LineString","coordinates":[[24.576984,43.435137],[24.575939,43.434851],[24.571312,43.433842],[24.571311,43.434992]]}},{"type":"Feature","properties":{"osm_id":1499557860,"voltage":"110000","circuits":"1","cables":"3","name":"","operator":"","ref":""},"geometry":{"type":"LineString","coordinates":[[23.387088,42.672627],[23.386985,42.673511]]}},{"type":"Feature","properties":{"osm_id":1499557861,"voltage":"110000","circuits":"1","cables":"3","name":"","operator":"","ref":""},"geometry":{"type":"LineString","coordinates":[[23.386881,42.672316],[23.387088,42.672627]]}},{"type":"Feature","properties":{"osm_id":1499569693,"voltage":"220000","circuits":"2","cables":"6","name":"Панчарево","operator":"","ref":""},"geometry":{"type":"LineString","coordinates":[[23.377522,42.622236],[23.379314,42.62211],[23.382206,42.621921],[23.390767,42.621328],[23.395694,42.621029],[23.40022,42.620705],[23.404286,42.620464],[23.413019,42.621171],[23.416549,42.62104],[23.420604,42.620871],[23.423828,42.620713],[23.428683,42.620551],[23.433253,42.620436],[23.43821,42.62029],[23.442518,42.619793],[23.446691,42.619359],[23.450725,42.618897],[23.45508,42.618414],[23.456161,42.621446],[23.457062,42.623998],[23.458129,42.626893],[23.459436,42.630352],[23.460611,42.633553],[23.461997,42.637214],[23.463285,42.640466],[23.464675,42.644065],[23.46562,42.646723],[23.469824,42.648214]]}},{"type":"Feature","properties":{"osm_id":1507803870,"voltage":"110000","circuits":"","cables":"6","name":"Горталов;Славяни","operator":"","ref":""},"geometry":{"type":"LineString","coordinates":[[24.585305,43.403591],[24.587505,43.402636],[24.590594,43.403324],[24.593393,43.403917],[24.596772,43.404647],[24.597211,43.406301],[24.597691,43.408073],[24.598546,43.411125],[24.598745,43.411893],[24.599047,43.412974]]}}]}
