{"type":"FeatureCollection","features":[{"type":"Feature","geometry":{"type":"MultiPolygon","coordinates":[[[[26.06852,42.46299],[26.06739,42.46288],[26.06687,42.4597],[26.06803,42.45804],[26.06907,42.45796],[26.07128,42.45622],[26.07254,42.45612],[26.07406,42.45256],[26.07397,42.45082],[26.07194,42.45221],[26.07116,42.45187],[26.07103,42.45077],[26.07004,42.45206],[26.06998,42.4511],[26.06984,42.45183],[26.06834,42.4515],[26.06443,42.44948],[26.06438,42.44819],[26.06351,42.44787],[26.06514,42.44618],[26.06523,42.44522],[26.058,42.44527],[26.05877,42.4455],[26.05917,42.44635],[26.05773,42.44686],[26.05813,42.44719],[26.05305,42.44761],[26.05315,42.45],[26.05363,42.45003],[26.05354,42.45096],[26.05239,42.4522],[26.05286,42.45329],[26.05208,42.4527],[26.05172,42.45098],[26.05004,42.45072],[26.04932,42.44842],[26.04859,42.44853],[26.04975,42.44686],[26.04766,42.44492],[26.04823,42.44351],[26.04799,42.44274],[26.04542,42.44187],[26.04577,42.43848],[26.04648,42.43694],[26.04594,42.43675],[26.0466,42.43485],[26.04896,42.43431],[26.04835,42.43366],[26.04631,42.43381],[26.05065,42.43317],[26.05375,42.43397],[26.05403,42.43568],[26.05517,42.437],[26.0551,42.43747],[26.05614,42.43688],[26.05526,42.43713],[26.05431,42.43593],[26.05483,42.43279],[26.05598,42.43537],[26.05896,42.43677],[26.06476,42.42898],[26.0651,42.4306],[26.06918,42.42626],[26.06824,42.42508],[26.06771,42.42557],[26.06596,42.42404],[26.06554,42.4243],[26.06732,42.42587],[26.06507,42.42408],[26.06302,42.424],[26.06291,42.42305],[26.06359,42.42242],[26.06303,42.42124],[26.06123,42.42135],[26.06073,42.42089],[26.05869,42.42119],[26.05887,42.42067],[26.05838,42.42023],[26.05998,42.42056],[26.06148,42.42001],[26.06288,42.4188],[26.06437,42.41847],[26.0641,42.41761],[26.06609,42.41922],[26.06578,42.41747],[26.06734,42.4171],[26.06713,42.41636],[26.0652,42.41555],[26.06653,42.41518],[26.07041,42.42018],[26.07643,42.41988],[26.07934,42.41836],[26.07903,42.41652],[26.07995,42.41589],[26.08169,42.41683],[26.08368,42.41637],[26.08355,42.41709],[26.08478,42.41812],[26.08556,42.41759],[26.08595,42.41827],[26.0887,42.41816],[26.08916,42.41767],[26.08839,42.41737],[26.08922,42.41612],[26.09124,42.41358],[26.09208,42.4136],[26.09223,42.41292],[26.09403,42.41313],[26.09517,42.41268],[26.09591,42.41306],[26.09554,42.41313],[26.09728,42.41313],[26.09689,42.41438],[26.09746,42.4144],[26.09907,42.41419],[26.09961,42.41334],[26.10294,42.41239],[26.10116,42.41052],[26.10048,42.41118],[26.1008,42.41011],[26.10128,42.41019],[26.10196,42.41153],[26.10387,42.41122],[26.11539,42.40641],[26.12077,42.40529],[26.12771,42.40451],[26.12789,42.40517],[26.12974,42.40581],[26.12966,42.40443],[26.13174,42.40294],[26.13143,42.40215],[26.13011,42.40228],[26.13214,42.4015],[26.13181,42.39933],[26.13099,42.3995],[26.13084,42.39909],[26.13408,42.39828],[26.13449,42.40014],[26.13402,42.40048],[26.13392,42.40166],[26.13443,42.40302],[26.13393,42.40298],[26.13381,42.40378],[26.13467,42.40377],[26.13472,42.40315],[26.13537,42.40312],[26.13497,42.40401],[26.13379,42.40419],[26.13474,42.40522],[26.13456,42.40587],[26.13673,42.40456],[26.13821,42.4059],[26.14078,42.40396],[26.14144,42.40451],[26.14266,42.40362],[26.14199,42.40164],[26.14317,42.40164],[26.14322,42.40271],[26.14514,42.40158],[26.14643,42.39628],[26.1452,42.3946],[26.14353,42.39522],[26.14361,42.39417],[26.14502,42.39434],[26.14494,42.39199],[26.14235,42.39185],[26.14014,42.38986],[26.14143,42.39012],[26.14133,42.38951],[26.14181,42.38947],[26.14224,42.39061],[26.14574,42.39059],[26.14574,42.39106],[26.1467,42.39102],[26.14668,42.39135],[26.14925,42.39077],[26.14963,42.39022],[26.14943,42.38856],[26.15036,42.38812],[26.15156,42.38873],[26.15508,42.38665],[26.15468,42.3865],[26.15459,42.38472],[26.15549,42.38426],[26.15387,42.3826],[26.15434,42.3825],[26.15657,42.3847],[26.15861,42.38365],[26.16071,42.38213],[26.15974,42.38133],[26.16067,42.38113],[26.17153,42.37101],[26.1733,42.37058],[26.17233,42.37084],[26.17016,42.37474],[26.16906,42.37813],[26.16726,42.37992],[26.16985,42.3807],[26.16615,42.38397],[26.16638,42.38448],[26.16743,42.38465],[26.16747,42.38515],[26.16877,42.38553],[26.16656,42.38512],[26.16602,42.38636],[26.16627,42.38605],[26.16357,42.38611],[26.16092,42.38755],[26.16386,42.38863],[26.1614,42.38773],[26.16091,42.38805],[26.15921,42.38991],[26.15645,42.39519],[26.15487,42.39643],[26.15317,42.40032],[26.15419,42.40059],[26.15311,42.40091],[26.15231,42.40327],[26.15214,42.40638],[26.1535,42.40652],[26.1534,42.40614],[26.15459,42.40541],[26.15925,42.40522],[26.16038,42.39893],[26.1613,42.39772],[26.16301,42.39607],[26.16453,42.39773],[26.16423,42.39959],[26.1704,42.39157],[26.17618,42.39348],[26.17441,42.39613],[26.17355,42.39948],[26.17231,42.4016],[26.17456,42.40164],[26.17437,42.40261],[26.17713,42.40334],[26.1791,42.40206],[26.18103,42.4027],[26.18333,42.39884],[26.18793,42.40056],[26.1867,42.40176],[26.18605,42.4052],[26.185,42.40736],[26.18525,42.40776],[26.19057,42.4051],[26.19255,42.40458],[26.19445,42.407],[26.19794,42.40603],[26.20288,42.40244],[26.20016,42.40489],[26.19991,42.40729],[26.20047,42.40724],[26.20285,42.40443],[26.20316,42.40483],[26.20211,42.40649],[26.202,42.40794],[26.2055,42.40784],[26.20648,42.40659],[26.20759,42.40745],[26.20974,42.40761],[26.2104,42.40677],[26.20979,42.40592],[26.20842,42.40549],[26.20743,42.40611],[26.20693,42.40563],[26.20849,42.4049],[26.20817,42.40392],[26.20948,42.40378],[26.20821,42.40554],[26.20972,42.40397],[26.21176,42.40292],[26.21237,42.40344],[26.21066,42.40398],[26.21214,42.40693],[26.2138,42.40654],[26.21098,42.40772],[26.20654,42.41191],[26.20728,42.41251],[26.2104,42.41016],[26.21349,42.41039],[26.2136,42.4073],[26.21698,42.40701],[26.21705,42.41001],[26.21463,42.41083],[26.21441,42.41171],[26.21327,42.4128],[26.21403,42.41376],[26.21486,42.41368],[26.21603,42.41596],[26.2161,42.4163],[26.21456,42.41659],[26.21463,42.41918],[26.21659,42.41979],[26.21937,42.41959],[26.22036,42.42038],[26.22452,42.42116],[26.22173,42.42055],[26.21685,42.42087],[26.21512,42.42043],[26.2152,42.41995],[26.21429,42.41943],[26.21144,42.41922],[26.20742,42.41976],[26.20827,42.41934],[26.20725,42.41835],[26.20795,42.41802],[26.20699,42.41768],[26.2046,42.41866],[26.20334,42.42024],[26.20408,42.42109],[26.20325,42.42019],[26.20145,42.42086],[26.20089,42.4203],[26.19798,42.42175],[26.19742,42.42165],[26.19758,42.42115],[26.19592,42.42253],[26.19613,42.42204],[26.19488,42.4209],[26.19451,42.41962],[26.1932,42.41867],[26.19289,42.41976],[26.19123,42.41979],[26.19081,42.42017],[26.19112,42.42116],[26.19055,42.42117],[26.19178,42.42401],[26.19014,42.42406],[26.19008,42.42307],[26.18817,42.42313],[26.18819,42.42365],[26.18762,42.42329],[26.18805,42.42291],[26.18675,42.42238],[26.18627,42.42278],[26.18406,42.4219],[26.18199,42.42181],[26.18177,42.42349],[26.18272,42.424],[26.18242,42.42611],[26.18471,42.42634],[26.18537,42.42594],[26.18593,42.42632],[26.18355,42.42701],[26.18322,42.4266],[26.18126,42.42678],[26.18106,42.42877],[26.1799,42.42938],[26.18115,42.4279],[26.18008,42.4292],[26.17851,42.42988],[26.1808,42.42848],[26.18097,42.42698],[26.17833,42.42795],[26.17786,42.42826],[26.17843,42.42994],[26.17696,42.43061],[26.17299,42.42774],[26.17223,42.42638],[26.17132,42.42585],[26.17011,42.426],[26.17072,42.42661],[26.16429,42.42771],[26.16375,42.42816],[26.16384,42.42871],[26.16488,42.42951],[26.16379,42.43061],[26.16442,42.43105],[26.16283,42.43025],[26.16186,42.43066],[26.16293,42.43169],[26.16197,42.43255],[26.16233,42.43327],[26.15592,42.43595],[26.15567,42.43721],[26.15367,42.43758],[26.15392,42.43888],[26.15255,42.43996],[26.15183,42.43968],[26.15157,42.44019],[26.15076,42.44008],[26.15062,42.43936],[26.14973,42.43871],[26.14976,42.43763],[26.14616,42.43783],[26.1448,42.43747],[26.14182,42.43788],[26.14107,42.43842],[26.1406,42.43985],[26.12654,42.44284],[26.12697,42.44353],[26.12568,42.44411],[26.12249,42.4433],[26.11853,42.44432],[26.10805,42.44564],[26.10632,42.44627],[26.10614,42.44681],[26.10533,42.44644],[26.10326,42.44712],[26.10313,42.44756],[26.10684,42.44898],[26.10876,42.44998],[26.10859,42.45036],[26.1032,42.44866],[26.10192,42.44762],[26.10082,42.44858],[26.1015,42.4475],[26.10121,42.4457],[26.10119,42.4479],[26.09974,42.44737],[26.09771,42.44832],[26.09229,42.44927],[26.09143,42.4506],[26.0949,42.4518],[26.09444,42.45403],[26.09475,42.45491],[26.09434,42.45555],[26.09398,42.45407],[26.09448,42.45175],[26.09009,42.45014],[26.08899,42.45014],[26.08813,42.44896],[26.08809,42.45106],[26.08632,42.45228],[26.08162,42.45359],[26.07447,42.454],[26.07373,42.45535],[26.07379,42.45865],[26.07507,42.45937],[26.07378,42.46015],[26.07611,42.46226],[26.07493,42.46151],[26.07293,42.46208],[26.06954,42.46168],[26.06852,42.46299]]],[[[26.28918,42.37587],[26.29,42.37339],[26.28966,42.37204],[26.28858,42.37198],[26.28763,42.37402],[26.2878,42.37514],[26.28921,42.37614],[26.28937,42.3779],[26.2902,42.37968],[26.29204,42.37993],[26.29102,42.38021],[26.29151,42.38039],[26.29025,42.38156],[26.29234,42.38283],[26.28799,42.38049],[26.2832,42.37963],[26.28214,42.38005],[26.28115,42.37865],[26.28188,42.37726],[26.28144,42.36954],[26.28088,42.36852],[26.27884,42.36837],[26.27788,42.37091],[26.27596,42.36662],[26.27485,42.36674],[26.27488,42.36435],[26.27206,42.36393],[26.27166,42.36309],[26.27249,42.36266],[26.27119,42.36076],[26.27024,42.36033],[26.27029,42.35931],[26.27084,42.35908],[26.2712,42.36051],[26.27216,42.3605],[26.27198,42.35989],[26.27265,42.35909],[26.27161,42.35812],[26.27019,42.35928],[26.26971,42.35897],[26.26906,42.35935],[26.26796,42.36109],[26.26875,42.36142],[26.27013,42.36346],[26.27018,42.36435],[26.26805,42.36494],[26.26782,42.36412],[26.26478,42.36407],[26.26502,42.36219],[26.2633,42.36285],[26.261,42.36518],[26.26058,42.36656],[26.25839,42.36825],[26.25699,42.36876],[26.25705,42.36932],[26.2547,42.36968],[26.25708,42.37126],[26.25702,42.37211],[26.26684,42.37749],[26.27046,42.37836],[26.27256,42.37951],[26.28195,42.38117],[26.28273,42.38483],[26.28554,42.3931],[26.28248,42.39253],[26.27361,42.39207],[26.27199,42.38875],[26.26865,42.38945],[26.26726,42.39051],[26.26643,42.39051],[26.26661,42.39022],[26.26589,42.38982],[26.26486,42.3909],[26.26283,42.38958],[26.25911,42.38895],[26.25856,42.38781],[26.25906,42.38663],[26.25768,42.38641],[26.25783,42.38601],[26.25661,42.38504],[26.2567,42.38376],[26.25299,42.38457],[26.2548,42.38701],[26.25798,42.39295],[26.26061,42.39363],[26.26181,42.39459],[26.26133,42.39551],[26.26198,42.39617],[26.26223,42.39746],[26.2645,42.39867],[26.2658,42.39855],[26.26802,42.40031],[26.26867,42.40463],[26.26835,42.40467],[26.26744,42.40175],[26.2673,42.40015],[26.26297,42.39819],[26.25941,42.39722],[26.25759,42.39722],[26.25889,42.39697],[26.25958,42.39606],[26.25824,42.39573],[26.25612,42.38997],[26.25278,42.38467],[26.25184,42.38574],[26.25246,42.38689],[26.2528,42.39101],[26.24982,42.39123],[26.24901,42.3917],[26.24777,42.39377],[26.24627,42.39349],[26.24622,42.39279],[26.24402,42.39202],[26.24437,42.39071],[26.24496,42.39066],[26.24514,42.39112],[26.24576,42.39047],[26.24471,42.39016],[26.24522,42.38776],[26.24374,42.3878],[26.24335,42.38845],[26.24095,42.3884],[26.24148,42.38654],[26.24094,42.38614],[26.24015,42.38698],[26.23978,42.38857],[26.23969,42.38771],[26.23949,42.38804],[26.2392,42.38952],[26.23686,42.39178],[26.23594,42.39466],[26.23304,42.3939],[26.23179,42.39302],[26.23003,42.39515],[26.22813,42.39578],[26.22361,42.39426],[26.22034,42.39437],[26.22371,42.39354],[26.22336,42.39186],[26.2242,42.39154],[26.22372,42.39047],[26.21998,42.39074],[26.22137,42.38904],[26.22151,42.38741],[26.21853,42.38551],[26.21589,42.38522],[26.21337,42.3856],[26.21914,42.38436],[26.2197,42.38469],[26.21941,42.38502],[26.22137,42.38539],[26.22478,42.38444],[26.22548,42.38301],[26.2226,42.38273],[26.22595,42.38253],[26.22667,42.38107],[26.22502,42.38054],[26.22612,42.38088],[26.22707,42.38052],[26.22724,42.37938],[26.22808,42.3795],[26.22826,42.38078],[26.22992,42.38046],[26.23005,42.37822],[26.23174,42.38007],[26.23588,42.37852],[26.23466,42.37642],[26.22875,42.3747],[26.22704,42.37367],[26.22771,42.37195],[26.22859,42.37196],[26.23284,42.36858],[26.23529,42.36991],[26.23625,42.36925],[26.22969,42.36043],[26.22466,42.35748],[26.2195,42.35658],[26.21535,42.35527],[26.21535,42.35476],[26.22469,42.35668],[26.23001,42.36022],[26.23599,42.36224],[26.23935,42.36399],[26.2391,42.36425],[26.24068,42.36529],[26.24638,42.36757],[26.25033,42.36813],[26.25107,42.36703],[26.25062,42.36562],[26.25324,42.36515],[26.25624,42.3652],[26.26039,42.36637],[26.26055,42.36571],[26.2567,42.36424],[26.2537,42.36128],[26.25285,42.36132],[26.25129,42.35983],[26.25137,42.35939],[26.25156,42.35889],[26.2519,42.35968],[26.25248,42.35972],[26.25511,42.35861],[26.25425,42.35578],[26.25478,42.35166],[26.25532,42.351],[26.25661,42.35003],[26.26449,42.34758],[26.26293,42.34694],[26.26936,42.34543],[26.26766,42.34366],[26.26534,42.33925],[26.27133,42.33905],[26.27094,42.33933],[26.27146,42.34123],[26.27584,42.34216],[26.27706,42.34554],[26.27855,42.34596],[26.27873,42.34678],[26.28157,42.34764],[26.28209,42.34637],[26.28225,42.34092],[26.28286,42.34091],[26.28273,42.34255],[26.28329,42.3426],[26.28245,42.34445],[26.28359,42.34482],[26.28388,42.34361],[26.28522,42.3437],[26.28638,42.3456],[26.28746,42.34547],[26.28761,42.34414],[26.29016,42.34347],[26.29003,42.34315],[26.29436,42.34341],[26.29446,42.34261],[26.29339,42.34253],[26.29326,42.34142],[26.29475,42.34066],[26.2944,42.33978],[26.29381,42.3394],[26.29238,42.33961],[26.29317,42.33892],[26.29222,42.33934],[26.29144,42.33843],[26.29045,42.33894],[26.28848,42.33706],[26.28817,42.33424],[26.28723,42.33427],[26.28831,42.32927],[26.29234,42.32824],[26.29324,42.32925],[26.31001,42.32726],[26.31061,42.32483],[26.31183,42.32488],[26.31175,42.32274],[26.31043,42.32079],[26.31163,42.32197],[26.31176,42.32371],[26.31235,42.32413],[26.31225,42.32476],[26.31371,42.32738],[26.31344,42.32966],[26.31569,42.33006],[26.32146,42.32991],[26.32171,42.32943],[26.3232,42.32942],[26.32327,42.32812],[26.32385,42.32761],[26.33251,42.33176],[26.34101,42.33735],[26.34016,42.33807],[26.34251,42.33957],[26.34335,42.33885],[26.34495,42.33984],[26.34168,42.34289],[26.342,42.34361],[26.34726,42.34572],[26.35314,42.34933],[26.35392,42.35083],[26.35425,42.35074],[26.35408,42.35139],[26.35519,42.35164],[26.35556,42.35074],[26.35614,42.35088],[26.35615,42.35249],[26.35544,42.35269],[26.35576,42.35332],[26.35411,42.35403],[26.35123,42.35405],[26.34818,42.35553],[26.34954,42.35571],[26.34925,42.35679],[26.34972,42.35778],[26.34916,42.35876],[26.34926,42.35976],[26.34859,42.36054],[26.34548,42.35908],[26.34433,42.35898],[26.34052,42.36505],[26.33776,42.37174],[26.33982,42.37267],[26.3391,42.37349],[26.33925,42.37408],[26.34115,42.37499],[26.34209,42.37645],[26.34324,42.37713],[26.34198,42.37681],[26.33937,42.3782],[26.33869,42.37681],[26.3358,42.37391],[26.33248,42.37277],[26.33044,42.37139],[26.327,42.37058],[26.32298,42.36873],[26.3217,42.36932],[26.31965,42.36888],[26.31836,42.36796],[26.31882,42.36686],[26.3181,42.3661],[26.31577,42.36576],[26.31068,42.36669],[26.31041,42.36708],[26.30808,42.36451],[26.3092,42.36363],[26.30882,42.36273],[26.30682,42.3617],[26.30601,42.36073],[26.30418,42.35987],[26.3032,42.36036],[26.30247,42.35954],[26.30285,42.36021],[26.30059,42.3609],[26.29804,42.3627],[26.29015,42.36388],[26.29093,42.36518],[26.29155,42.36484],[26.29452,42.36566],[26.2952,42.36737],[26.29825,42.36667],[26.29718,42.36821],[26.29643,42.37073],[26.29467,42.37255],[26.29444,42.3745],[26.29536,42.37697],[26.29502,42.37622],[26.29708,42.37758],[26.29766,42.37856],[26.29889,42.37879],[26.29862,42.38029],[26.2993,42.38106],[26.30041,42.38106],[26.30128,42.37859],[26.30036,42.38268],[26.29909,42.38245],[26.29581,42.3783],[26.29489,42.37854],[26.29474,42.37777],[26.29356,42.37797],[26.29492,42.38184],[26.29465,42.38202],[26.29122,42.37414],[26.29014,42.37444],[26.28918,42.37587]]],[[[26.19582,42.38887],[26.19541,42.38885],[26.19621,42.38656],[26.1982,42.38437],[26.19955,42.38067],[26.20004,42.37461],[26.19717,42.37754],[26.19697,42.37848],[26.19575,42.37997],[26.19627,42.37767],[26.19912,42.37484],[26.19975,42.36912],[26.20284,42.36562],[26.20356,42.36551],[26.20468,42.36423],[26.20753,42.35983],[26.20749,42.35889],[26.2068,42.35821],[26.207,42.35698],[26.20328,42.35666],[26.20791,42.35631],[26.20802,42.35539],[26.20898,42.35527],[26.21099,42.35648],[26.20954,42.35631],[26.20942,42.35732],[26.20793,42.35697],[26.20728,42.35828],[26.20866,42.35876],[26.20924,42.36096],[26.21062,42.36089],[26.2112,42.35964],[26.21022,42.36358],[26.20967,42.36335],[26.21014,42.36583],[26.20989,42.36961],[26.21003,42.3701],[26.2116,42.37037],[26.21239,42.37197],[26.21102,42.37261],[26.2107,42.37424],[26.20897,42.37501],[26.21065,42.37995],[26.21092,42.38232],[26.21326,42.38563],[26.21265,42.38584],[26.20994,42.38191],[26.20967,42.37981],[26.20863,42.37794],[26.20824,42.37521],[26.2078,42.37479],[26.20855,42.37266],[26.20822,42.37213],[26.20851,42.37137],[26.20981,42.37046],[26.20931,42.37074],[26.20906,42.36446],[26.2095,42.36388],[26.20898,42.36356],[26.20888,42.36216],[26.20804,42.36132],[26.20789,42.36084],[26.20843,42.36052],[26.20795,42.36011],[26.20668,42.36134],[26.20669,42.36211],[26.20523,42.36454],[26.20347,42.36578],[26.20051,42.36982],[26.19978,42.37319],[26.20069,42.37509],[26.20005,42.37815],[26.20029,42.37989],[26.19896,42.38484],[26.19783,42.38652],[26.19834,42.38681],[26.19756,42.38676],[26.19877,42.38491],[26.19815,42.38469],[26.19582,42.38887]]],[[[26.20905,42.36458],[26.20917,42.36453],[26.20915,42.3646],[26.20905,42.36458]]]]},"properties":{"SiteCode":"BG0000401","SiteNameBG":"Свети Илийски възвишения","SiteType":"SCI","SiteArea":8464.268,"naturaClass":"habitats"}},{"type":"Feature","geometry":{"type":"Polygon","coordinates":[[[26.69894,42.47514],[26.69853,42.47579],[26.69586,42.47685],[26.69357,42.47528],[26.69078,42.47494],[26.68952,42.47227],[26.688,42.47221],[26.68626,42.47124],[26.68579,42.47065],[26.68626,42.46923],[26.68571,42.46693],[26.68646,42.46666],[26.68521,42.46736],[26.682,42.45661],[26.67808,42.45786],[26.6744,42.45742],[26.67134,42.458],[26.6722,42.46004],[26.67626,42.45958],[26.67641,42.46225],[26.6756,42.46357],[26.67613,42.4645],[26.67577,42.46511],[26.67123,42.4655],[26.67062,42.46595],[26.6677,42.46508],[26.66626,42.46411],[26.6636,42.45968],[26.66252,42.4589],[26.66021,42.45871],[26.65662,42.45926],[26.6554,42.4589],[26.6542,42.4605],[26.65402,42.45958],[26.65285,42.45965],[26.65268,42.46069],[26.65204,42.45992],[26.65213,42.45847],[26.64501,42.46107],[26.64237,42.46486],[26.64162,42.46376],[26.64248,42.46241],[26.64204,42.46028],[26.6367,42.46051],[26.63582,42.45491],[26.63335,42.45598],[26.6322,42.45536],[26.63296,42.45394],[26.63271,42.45155],[26.63393,42.4506],[26.63367,42.44952],[26.63523,42.4473],[26.63348,42.44596],[26.63364,42.4452],[26.6358,42.44317],[26.63746,42.44477],[26.63846,42.44432],[26.63878,42.44532],[26.6397,42.44593],[26.64297,42.44308],[26.64789,42.44204],[26.65122,42.44034],[26.65686,42.44161],[26.65743,42.44036],[26.65945,42.44003],[26.6597,42.43949],[26.65893,42.4356],[26.65922,42.43553],[26.66752,42.43581],[26.67434,42.43714],[26.68063,42.43652],[26.68658,42.43733],[26.6901,42.43653],[26.69013,42.43609],[26.69884,42.43646],[26.69842,42.43441],[26.69272,42.43354],[26.69269,42.42807],[26.69488,42.4285],[26.69772,42.42827],[26.69863,42.42898],[26.69886,42.43212],[26.69969,42.43425],[26.70654,42.43504],[26.7108,42.43469],[26.71303,42.43388],[26.71737,42.43396],[26.72374,42.43187],[26.7244,42.43147],[26.72486,42.43],[26.72594,42.4302],[26.72812,42.43213],[26.72926,42.4324],[26.72935,42.43367],[26.73022,42.43503],[26.72613,42.43539],[26.72609,42.4391],[26.73032,42.44003],[26.73195,42.44234],[26.73324,42.44569],[26.7335,42.4453],[26.73507,42.4452],[26.73548,42.4425],[26.73814,42.43805],[26.7393,42.43457],[26.74021,42.43409],[26.71863,42.42164],[26.72148,42.41699],[26.7209,42.41679],[26.72108,42.41642],[26.72344,42.41387],[26.72468,42.41377],[26.72441,42.41337],[26.71674,42.41327],[26.70833,42.41024],[26.70987,42.40902],[26.71086,42.40711],[26.71266,42.40583],[26.71257,42.40456],[26.71587,42.40446],[26.71819,42.40539],[26.71916,42.40434],[26.71847,42.40375],[26.71978,42.40251],[26.71937,42.402],[26.72022,42.40112],[26.71977,42.40057],[26.72125,42.39926],[26.72194,42.39911],[26.72533,42.40049],[26.72614,42.40034],[26.72596,42.3987],[26.72543,42.39818],[26.72539,42.39478],[26.72866,42.39485],[26.72798,42.39293],[26.72943,42.39182],[26.73115,42.39297],[26.73316,42.39308],[26.73663,42.39449],[26.74177,42.39504],[26.74419,42.39618],[26.74532,42.39575],[26.74608,42.39475],[26.74637,42.39121],[26.74797,42.39061],[26.75041,42.39404],[26.7505,42.3977],[26.75792,42.39764],[26.75908,42.3967],[26.76015,42.39652],[26.76113,42.39566],[26.76154,42.39476],[26.76118,42.39456],[26.7629,42.39378],[26.76199,42.3923],[26.76252,42.39155],[26.76315,42.39106],[26.76405,42.39116],[26.76383,42.3917],[26.76492,42.39128],[26.76511,42.39208],[26.7646,42.39248],[26.7653,42.39276],[26.76594,42.39445],[26.77092,42.39573],[26.77396,42.39737],[26.77447,42.40015],[26.77711,42.40129],[26.77975,42.4043],[26.78154,42.40441],[26.78184,42.40507],[26.78623,42.40558],[26.78996,42.40457],[26.79222,42.40501],[26.79508,42.407],[26.79635,42.4068],[26.79555,42.40738],[26.7994,42.40935],[26.7994,42.40984],[26.80009,42.41013],[26.80037,42.4096],[26.80531,42.41152],[26.80406,42.41301],[26.80191,42.41267],[26.80098,42.41199],[26.79951,42.4127],[26.79829,42.41178],[26.79755,42.41176],[26.79735,42.41002],[26.79601,42.40971],[26.79406,42.40807],[26.79191,42.40951],[26.79206,42.41039],[26.79002,42.41008],[26.79012,42.41094],[26.79142,42.41212],[26.79075,42.4123],[26.79035,42.4118],[26.78889,42.41228],[26.78622,42.41886],[26.78667,42.41981],[26.78938,42.42153],[26.79053,42.42284],[26.79024,42.42469],[26.78952,42.42451],[26.78884,42.4236],[26.7866,42.42291],[26.78544,42.42125],[26.78438,42.42113],[26.78208,42.41975],[26.77797,42.42049],[26.77404,42.42184],[26.77298,42.4217],[26.77839,42.42006],[26.77868,42.41962],[26.77851,42.41921],[26.77781,42.41942],[26.77516,42.41828],[26.77446,42.4186],[26.77447,42.41763],[26.77113,42.41676],[26.76984,42.41799],[26.76908,42.42253],[26.76689,42.4223],[26.76531,42.42293],[26.76612,42.42471],[26.76778,42.42623],[26.76743,42.42755],[26.76917,42.42997],[26.77261,42.43008],[26.7747,42.43122],[26.77463,42.43624],[26.77242,42.43488],[26.77105,42.43461],[26.7706,42.4364],[26.77088,42.43718],[26.7642,42.43883],[26.76084,42.43731],[26.75808,42.43458],[26.74955,42.43284],[26.74878,42.43438],[26.74793,42.43455],[26.74806,42.43524],[26.7465,42.43563],[26.74625,42.43609],[26.74748,42.4365],[26.7473,42.43742],[26.7556,42.44178],[26.75609,42.44386],[26.75807,42.44375],[26.75838,42.44449],[26.76006,42.44438],[26.76007,42.44367],[26.76118,42.44347],[26.7612,42.44304],[26.76675,42.44399],[26.76743,42.44671],[26.76675,42.44674],[26.76784,42.44871],[26.76494,42.44883],[26.7634,42.44931],[26.76341,42.44984],[26.76,42.45014],[26.75904,42.45001],[26.75883,42.44947],[26.75817,42.44991],[26.75512,42.44853],[26.75187,42.44823],[26.74598,42.44634],[26.74313,42.44692],[26.74261,42.44834],[26.73331,42.44848],[26.73333,42.45035],[26.73256,42.45037],[26.73056,42.45225],[26.72704,42.45331],[26.72511,42.45271],[26.71386,42.45695],[26.70911,42.45779],[26.70751,42.46324],[26.70599,42.4649],[26.70555,42.45928],[26.70624,42.45836],[26.70695,42.45872],[26.70866,42.45751],[26.70789,42.45579],[26.7072,42.45577],[26.70715,42.45623],[26.70604,42.45663],[26.70563,42.45664],[26.70577,42.45616],[26.70435,42.45665],[26.70185,42.45653],[26.69563,42.45746],[26.69401,42.4582],[26.6936,42.45933],[26.6928,42.45958],[26.6937,42.46495],[26.69625,42.46501],[26.69623,42.46464],[26.69933,42.46338],[26.70095,42.46583],[26.70185,42.47174],[26.70138,42.47298],[26.6993,42.47436],[26.69894,42.47514]]]},"properties":{"SiteCode":"BG0000402","SiteNameBG":"Бакаджиците","SiteType":"SCI","SiteArea":4504.8649999999998,"naturaClass":"habitats"}},{"type":"Feature","geometry":{"type":"Polygon","coordinates":[[[26.84469,42.3251],[26.84681,42.32392],[26.84823,42.32248],[26.85017,42.32301],[26.8507,42.32524],[26.84965,42.33019],[26.85121,42.33049],[26.85351,42.32996],[26.85863,42.33168],[26.85881,42.33351],[26.85651,42.33534],[26.8565,42.33639],[26.85915,42.33718],[26.8588,42.33797],[26.85721,42.33784],[26.85807,42.34518],[26.85749,42.35123],[26.85479,42.35346],[26.85292,42.35338],[26.85303,42.35245],[26.85646,42.35053],[26.85667,42.3493],[26.85647,42.34399],[26.85512,42.34321],[26.85398,42.34344],[26.84982,42.34844],[26.84805,42.34991],[26.84784,42.35091],[26.84555,42.35167],[26.84513,42.35221],[26.84637,42.35437],[26.85259,42.3597],[26.85674,42.3617],[26.85726,42.36263],[26.85705,42.36548],[26.86068,42.36602],[26.86099,42.36779],[26.86369,42.36865],[26.86712,42.36811],[26.86649,42.3698],[26.8668,42.37042],[26.87698,42.37005],[26.87729,42.37128],[26.88196,42.37729],[26.88154,42.37937],[26.88007,42.38059],[26.87551,42.38052],[26.87468,42.37975],[26.87333,42.37967],[26.86307,42.37978],[26.86564,42.37897],[26.86699,42.37728],[26.85755,42.37388],[26.85516,42.37349],[26.85464,42.37287],[26.85496,42.37079],[26.85132,42.37063],[26.84758,42.37178],[26.84508,42.3717],[26.8425,42.36831],[26.84146,42.36792],[26.84042,42.36808],[26.83959,42.369],[26.8428,42.37185],[26.843,42.3727],[26.84093,42.37308],[26.83698,42.37285],[26.835,42.37331],[26.8349,42.37238],[26.83407,42.37254],[26.8324,42.3743],[26.83095,42.37507],[26.828,42.37523],[26.82544,42.37406],[26.82327,42.37082],[26.82151,42.36913],[26.81954,42.36866],[26.81892,42.36789],[26.81902,42.36596],[26.81715,42.36627],[26.8157,42.36581],[26.81487,42.3648],[26.81457,42.36249],[26.81488,42.3611],[26.81624,42.36034],[26.81823,42.3541],[26.82021,42.35264],[26.82291,42.35234],[26.82385,42.35064],[26.82634,42.35026],[26.8309,42.35258],[26.8335,42.35227],[26.83163,42.35104],[26.83465,42.34966],[26.83548,42.34989],[26.83568,42.3522],[26.83703,42.3522],[26.83901,42.35097],[26.84119,42.35074],[26.83839,42.34989],[26.83787,42.34897],[26.83902,42.34658],[26.84027,42.34558],[26.84588,42.34397],[26.84567,42.34343],[26.84495,42.34335],[26.84485,42.34166],[26.84402,42.34089],[26.84423,42.33981],[26.84548,42.33812],[26.84683,42.33719],[26.84735,42.33573],[26.84736,42.33473],[26.84466,42.33241],[26.84446,42.33026],[26.84581,42.32795],[26.84468,42.32602],[26.84469,42.3251]]]},"properties":{"SiteCode":"BG0000513","SiteNameBG":"Войнишки Бакаджик","SiteType":"SCI","SiteArea":1139.8458717200001,"naturaClass":"habitats"}},{"type":"Feature","geometry":{"type":"Polygon","coordinates":[[[26.54668,44.05434],[26.53301,44.05415],[26.52646,44.05347],[26.52017,44.052],[26.50817,44.04805],[26.498,44.04535],[26.48192,44.04316],[26.47018,44.04022],[26.46293,44.03934],[26.46428,44.03614],[26.45774,44.03473],[26.43843,44.03389],[26.43819,44.03591],[26.4305,44.03522],[26.41854,44.03675],[26.41157,44.03704],[26.40895,44.03816],[26.40892,44.03902],[26.40221,44.04008],[26.39396,44.04226],[26.38982,44.04276],[26.37768,44.04137],[26.36841,44.03923],[26.36395,44.03933],[26.35288,44.0368],[26.35323,44.03561],[26.32787,44.03113],[26.30322,44.0252],[26.30351,44.02504],[26.26831,44.00873],[26.27413,43.99999],[26.29127,44.00211],[26.29581,44.00343],[26.30124,44.00619],[26.30437,44.00874],[26.31199,44.01692],[26.31512,44.01965],[26.31854,44.01685],[26.31813,44.01473],[26.31856,44.01302],[26.31919,44.01255],[26.31763,44.01199],[26.31832,44.01143],[26.31789,44.01038],[26.31902,44.00943],[26.31253,44.00807],[26.31262,44.00701],[26.31396,44.00531],[26.31031,44.00379],[26.31034,44.00339],[26.31089,44.00077],[26.31174,43.99971],[26.31324,43.99923],[26.32063,44.00023],[26.32233,43.99916],[26.3224,43.99869],[26.31926,43.9978],[26.31866,43.99623],[26.31945,43.99527],[26.3217,43.99413],[26.32481,43.99433],[26.3265,43.99297],[26.32561,43.99251],[26.32228,43.99291],[26.32059,43.99191],[26.32059,43.99086],[26.32137,43.98987],[26.3213,43.98941],[26.3204,43.98905],[26.32092,43.98869],[26.32201,43.9891],[26.32268,43.99028],[26.32352,43.99076],[26.32608,43.99132],[26.32722,43.99109],[26.32956,43.99195],[26.32857,43.99287],[26.3291,43.99368],[26.3281,43.99528],[26.32571,43.99605],[26.32341,43.99563],[26.32295,43.99626],[26.32347,43.99672],[26.32525,43.9968],[26.32623,43.99812],[26.32855,43.99851],[26.32836,43.9989],[26.3293,43.99913],[26.33119,43.99641],[26.33597,43.99817],[26.33679,43.99709],[26.34055,43.99929],[26.3396,44.00005],[26.34062,43.99933],[26.33951,44.00023],[26.34018,44.00082],[26.33972,44.0012],[26.33996,44.00165],[26.34105,44.00242],[26.34001,44.00325],[26.34051,44.00501],[26.34028,44.00594],[26.34115,44.00701],[26.34197,44.00578],[26.34299,44.00554],[26.34422,44.00443],[26.34359,44.0039],[26.34385,44.00334],[26.34625,44.00255],[26.34481,44.00164],[26.34567,44.00093],[26.34858,44.00277],[26.34856,44.00135],[26.34977,44.00079],[26.34909,44.00036],[26.35034,43.99933],[26.34873,43.99806],[26.35097,43.99852],[26.35488,43.99803],[26.35338,43.99931],[26.35341,44.00035],[26.35428,44.00137],[26.3529,44.00264],[26.35176,44.00509],[26.35365,44.00604],[26.35407,44.00548],[26.35734,44.00553],[26.3578,44.00462],[26.36079,44.00625],[26.36027,44.00665],[26.36316,44.00742],[26.36585,44.00513],[26.37163,44.00575],[26.37347,44.00666],[26.37658,44.00633],[26.38138,44.00735],[26.3812,44.00828],[26.38814,44.01057],[26.39603,44.01168],[26.39787,44.01121],[26.39786,44.00863],[26.41215,44.00785],[26.41249,44.00681],[26.41303,44.00686],[26.41303,44.00788],[26.41407,44.00791],[26.41398,44.00946],[26.42348,44.00978],[26.42344,44.01087],[26.43537,44.01103],[26.43535,44.01151],[26.43636,44.01176],[26.44328,44.01233],[26.44551,44.01384],[26.4461,44.01238],[26.44374,44.01107],[26.44431,44.00913],[26.44622,44.00739],[26.44642,44.00654],[26.44845,44.00669],[26.44649,44.00636],[26.44666,44.00486],[26.44935,44.00455],[26.45058,44.00305],[26.45226,44.00308],[26.45279,44.00168],[26.45632,44.00218],[26.4588,44.0013],[26.45773,44.0025],[26.46013,44.00351],[26.46042,44.00415],[26.45841,44.00377],[26.45626,44.00656],[26.45574,44.00757],[26.45614,44.00786],[26.45508,44.00802],[26.45449,44.00755],[26.45286,44.00983],[26.4532,44.01193],[26.45426,44.01231],[26.45463,44.01171],[26.45812,44.01283],[26.45997,44.01293],[26.46053,44.01199],[26.45901,44.01149],[26.46208,44.00657],[26.47245,44.01037],[26.47105,44.01281],[26.47121,44.01322],[26.47978,44.01555],[26.48274,44.01559],[26.49018,44.01679],[26.49283,44.01026],[26.49875,44.01157],[26.49776,44.01489],[26.5008,44.01548],[26.50141,44.01372],[26.50723,44.01498],[26.50797,44.01301],[26.5089,44.01308],[26.50923,44.01207],[26.52121,44.01371],[26.51878,44.02006],[26.51882,44.02167],[26.53225,44.02461],[26.53925,44.02661],[26.53959,44.02612],[26.5393,44.0241],[26.53853,44.0229],[26.53634,44.0211],[26.53082,44.01933],[26.52795,44.01319],[26.52806,44.01269],[26.53021,44.0125],[26.53065,44.01206],[26.53105,44.00871],[26.52907,44.00836],[26.53151,44.00797],[26.53269,44.00602],[26.53546,44.00401],[26.53652,44.00419],[26.53972,44.00298],[26.5416,44.00397],[26.53676,44.00563],[26.5411,44.00677],[26.53717,44.00877],[26.53691,44.01351],[26.53524,44.01524],[26.5352,44.01585],[26.53953,44.0189],[26.54026,44.01894],[26.54039,44.02007],[26.54408,44.02345],[26.54607,44.02417],[26.54712,44.02352],[26.54969,44.02315],[26.54974,44.02356],[26.55024,44.0235],[26.55035,44.02437],[26.54774,44.02548],[26.54547,44.02562],[26.54483,44.02755],[26.54378,44.02835],[26.55421,44.02783],[26.55489,44.02986],[26.5578,44.03139],[26.55683,44.03257],[26.55938,44.0339],[26.56184,44.03147],[26.56335,44.03226],[26.56091,44.03452],[26.56197,44.03508],[26.56297,44.03449],[26.56914,44.03679],[26.56807,44.0387],[26.56698,44.0391],[26.56842,44.03888],[26.56844,44.03937],[26.56802,44.03941],[26.56813,44.0428],[26.56674,44.04327],[26.56819,44.04402],[26.57247,44.04301],[26.57987,44.04224],[26.58158,44.04241],[26.58399,44.04355],[26.58701,44.0434],[26.58749,44.04399],[26.59093,44.0438],[26.6011,44.04765],[26.60333,44.04796],[26.60696,44.05072],[26.60681,44.05151],[26.60349,44.051],[26.59486,44.0514],[26.59345,44.05268],[26.59125,44.05311],[26.57997,44.05188],[26.54668,44.05434]],[[26.34649,44.02196],[26.34701,44.01334],[26.34353,44.01318],[26.34342,44.01517],[26.34003,44.01507],[26.33997,44.01618],[26.33223,44.01617],[26.33221,44.01586],[26.32047,44.01673],[26.31595,44.02015],[26.31867,44.02119],[26.32209,44.02175],[26.34169,44.02137],[26.34649,44.02196]]]},"properties":{"SiteCode":"BG0000377","SiteNameBG":"Калимок - Бръшлен","SiteType":"SCI","SiteArea":7556.3518933300002,"naturaClass":"habitats"}},{"type":"Feature","geometry":{"type":"MultiPolygon","coordinates":[[[[27.07028,44.00729],[27.0724,44.00829],[27.06905,44.00882],[27.06859,44.0073],[27.05872,44.00516],[27.05659,44.00383],[27.04897,44.00491],[27.04855,44.00556],[27.04801,44.00539],[27.04789,44.00452],[27.04573,44.00429],[27.04485,44.00454],[27.04524,44.00533],[27.04332,44.00557],[27.04452,44.00332],[27.04831,44.00255],[27.04967,44.00177],[27.04855,44.00123],[27.05048,43.99914],[27.04719,43.99803],[27.04656,43.99871],[27.04416,43.99793],[27.04212,44.00114],[27.03937,43.9996],[27.03541,44.00324],[27.03456,44.00283],[27.03619,44.00106],[27.03527,44.00057],[27.03382,44.00213],[27.03273,44.00219],[27.032,44.00153],[27.03458,43.99803],[27.04055,43.99577],[27.03983,43.99437],[27.04092,43.9961],[27.03981,43.99644],[27.0406,43.99826],[27.04336,43.99768],[27.0449,43.99806],[27.04535,43.99701],[27.0474,43.9974],[27.04811,43.99581],[27.04421,43.99396],[27.04281,43.99478],[27.04399,43.99374],[27.04519,43.9939],[27.05327,43.99813],[27.05564,43.9988],[27.06467,43.99784],[27.0698,43.99883],[27.07093,43.99798],[27.07358,43.9981],[27.07384,43.99754],[27.07303,43.99654],[27.06955,43.99577],[27.06857,43.99631],[27.06751,43.99544],[27.06716,43.99435],[27.06792,43.99374],[27.06757,43.99115],[27.06574,43.99199],[27.06384,43.99171],[27.06256,43.99274],[27.06102,43.99323],[27.05923,43.99238],[27.05656,43.9928],[27.05238,43.99205],[27.05804,43.99064],[27.06398,43.99065],[27.06403,43.98865],[27.06339,43.98787],[27.05778,43.98643],[27.0513,43.98807],[27.05094,43.98767],[27.05712,43.98542],[27.06032,43.98595],[27.06042,43.98534],[27.06399,43.98557],[27.0617,43.98291],[27.05501,43.98226],[27.05368,43.98165],[27.06186,43.98108],[27.06287,43.97989],[27.06172,43.976],[27.06009,43.97681],[27.05714,43.97373],[27.04444,43.98184],[27.04396,43.9806],[27.04081,43.97881],[27.03989,43.97877],[27.04005,43.97819],[27.03948,43.97853],[27.03792,43.97729],[27.03532,43.97978],[27.03442,43.97935],[27.03648,43.97684],[27.03363,43.97543],[27.03401,43.97502],[27.03302,43.9748],[27.0322,43.97566],[27.03119,43.97517],[27.03181,43.97452],[27.0261,43.97366],[27.02834,43.97299],[27.02885,43.97355],[27.02972,43.97324],[27.03427,43.97426],[27.04009,43.97456],[27.04002,43.97497],[27.04247,43.97657],[27.04289,43.9773],[27.04215,43.97734],[27.04235,43.97791],[27.04443,43.97846],[27.04712,43.97829],[27.05417,43.97453],[27.05097,43.971],[27.0554,43.9689],[27.05542,43.96828],[27.05601,43.96808],[27.05218,43.96385],[27.05572,43.9659],[27.05976,43.96706],[27.05974,43.96801],[27.05906,43.96851],[27.05935,43.96874],[27.06056,43.96766],[27.06052,43.96698],[27.06235,43.96662],[27.06242,43.96746],[27.06312,43.96792],[27.06265,43.96918],[27.06297,43.96967],[27.06511,43.9694],[27.06662,43.96845],[27.0658,43.97043],[27.06829,43.97146],[27.06935,43.96905],[27.06809,43.96862],[27.06932,43.96864],[27.0697,43.96819],[27.07275,43.96855],[27.07298,43.96875],[27.07121,43.97092],[27.07168,43.97242],[27.0709,43.97363],[27.06924,43.97458],[27.07182,43.97584],[27.0738,43.9735],[27.07442,43.97377],[27.07389,43.97463],[27.0751,43.97498],[27.07811,43.97179],[27.07833,43.97273],[27.07776,43.97299],[27.07803,43.9739],[27.07716,43.97549],[27.07378,43.97898],[27.06852,43.97916],[27.06774,43.97958],[27.06702,43.97913],[27.06601,43.97922],[27.06567,43.98055],[27.06653,43.98132],[27.06673,43.98356],[27.07064,43.98429],[27.07154,43.98489],[27.06885,43.98408],[27.0681,43.98934],[27.06914,43.99148],[27.06928,43.99373],[27.07397,43.99453],[27.0737,43.99486],[27.07453,43.9952],[27.07464,43.99486],[27.07948,43.99585],[27.07887,43.9924],[27.07928,43.9916],[27.0782,43.98971],[27.07835,43.98892],[27.08062,43.98939],[27.08138,43.98852],[27.07869,43.98753],[27.07865,43.98653],[27.07756,43.98641],[27.07744,43.98584],[27.07874,43.98553],[27.08133,43.98616],[27.08145,43.98695],[27.08257,43.98603],[27.08455,43.98557],[27.08469,43.98492],[27.08308,43.98401],[27.08459,43.98253],[27.08667,43.98139],[27.08944,43.97825],[27.08823,43.97739],[27.08985,43.97553],[27.08748,43.97399],[27.08912,43.97473],[27.09207,43.97094],[27.09252,43.97111],[27.09292,43.97053],[27.0931,43.96974],[27.09084,43.96775],[27.0928,43.96717],[27.09641,43.96959],[27.09764,43.97128],[27.10063,43.97181],[27.10077,43.97093],[27.1,43.96946],[27.10192,43.96925],[27.10463,43.97033],[27.10651,43.97018],[27.10336,43.9754],[27.10587,43.97615],[27.10414,43.97724],[27.10414,43.97656],[27.10338,43.9764],[27.10323,43.97777],[27.10262,43.97796],[27.10268,43.98046],[27.10453,43.98147],[27.10388,43.98174],[27.1043,43.98184],[27.10461,43.983],[27.10778,43.98491],[27.10966,43.98454],[27.10953,43.98385],[27.11001,43.98354],[27.11119,43.9841],[27.11243,43.98387],[27.1115,43.98299],[27.11201,43.98269],[27.10973,43.97999],[27.10933,43.97861],[27.11123,43.97749],[27.11121,43.97618],[27.11191,43.97591],[27.1113,43.9753],[27.11253,43.97335],[27.11405,43.97413],[27.11493,43.97373],[27.11529,43.97249],[27.11592,43.97223],[27.11629,43.97321],[27.12172,43.9746],[27.12128,43.97373],[27.12183,43.97376],[27.12295,43.97002],[27.1243,43.96863],[27.12631,43.96838],[27.12713,43.96771],[27.12892,43.96808],[27.13003,43.96709],[27.1331,43.96605],[27.13369,43.96538],[27.13094,43.96411],[27.12765,43.96074],[27.13148,43.958],[27.13396,43.95928],[27.13705,43.95767],[27.13903,43.95799],[27.13847,43.95849],[27.13875,43.95891],[27.13977,43.95888],[27.1392,43.9591],[27.14145,43.96265],[27.14312,43.96316],[27.14543,43.96135],[27.14295,43.96082],[27.13991,43.95778],[27.13804,43.9576],[27.13408,43.95494],[27.13578,43.95393],[27.13712,43.95227],[27.13699,43.95137],[27.13604,43.95074],[27.13603,43.94871],[27.13534,43.94712],[27.13157,43.94588],[27.13271,43.94469],[27.12406,43.94029],[27.12166,43.93957],[27.12163,43.93741],[27.12263,43.93675],[27.12519,43.93886],[27.12585,43.93857],[27.12574,43.93778],[27.12622,43.9376],[27.12818,43.94018],[27.13367,43.94312],[27.1364,43.9418],[27.13659,43.94143],[27.13521,43.93997],[27.1298,43.93549],[27.12916,43.93575],[27.12904,43.93543],[27.13004,43.93505],[27.13116,43.93546],[27.13141,43.93488],[27.13052,43.93468],[27.13438,43.93521],[27.13617,43.9364],[27.13861,43.93609],[27.13821,43.93528],[27.13878,43.93464],[27.13791,43.9338],[27.13838,43.93359],[27.13761,43.93237],[27.13654,43.93264],[27.13607,43.93235],[27.13755,43.93236],[27.13526,43.93115],[27.1349,43.93138],[27.13533,43.93189],[27.13508,43.93218],[27.13443,43.93127],[27.13377,43.93173],[27.13399,43.93105],[27.13213,43.93127],[27.13292,43.93081],[27.133,43.92999],[27.13162,43.92949],[27.13203,43.92908],[27.13134,43.92839],[27.13016,43.92857],[27.13022,43.92761],[27.1315,43.92748],[27.13192,43.92806],[27.13316,43.92669],[27.1341,43.92682],[27.13423,43.92624],[27.13645,43.926],[27.1362,43.92486],[27.13523,43.92487],[27.13544,43.92414],[27.13869,43.92446],[27.13855,43.92519],[27.13811,43.92514],[27.13926,43.92531],[27.13885,43.92748],[27.13806,43.9274],[27.13936,43.9288],[27.13897,43.93248],[27.14286,43.93266],[27.14457,43.93203],[27.14585,43.93236],[27.14558,43.93311],[27.14243,43.93485],[27.14177,43.93577],[27.14101,43.93875],[27.14961,43.93995],[27.14462,43.93997],[27.14439,43.94085],[27.14043,43.94208],[27.13907,43.94207],[27.13666,43.94403],[27.13725,43.94649],[27.14121,43.9473],[27.14331,43.94841],[27.14451,43.94843],[27.14525,43.94592],[27.14737,43.94413],[27.14791,43.94408],[27.14768,43.94529],[27.14859,43.94535],[27.14625,43.94627],[27.14559,43.9475],[27.14525,43.94941],[27.14812,43.94908],[27.14565,43.95519],[27.14643,43.95539],[27.14638,43.95604],[27.14815,43.95634],[27.14719,43.95871],[27.14738,43.96246],[27.14618,43.96228],[27.14548,43.96365],[27.14441,43.96391],[27.14427,43.96481],[27.14521,43.96531],[27.1443,43.96712],[27.14286,43.96669],[27.14267,43.96523],[27.1379,43.96335],[27.13242,43.97103],[27.12714,43.97022],[27.12547,43.97275],[27.12578,43.97291],[27.12483,43.97438],[27.12444,43.97674],[27.12105,43.97641],[27.11922,43.97548],[27.11546,43.97637],[27.1151,43.97784],[27.11222,43.97795],[27.11179,43.97987],[27.11208,43.98074],[27.11378,43.98265],[27.11495,43.98273],[27.11458,43.98429],[27.11321,43.98539],[27.11346,43.98566],[27.11107,43.98896],[27.10926,43.98828],[27.10855,43.98917],[27.10878,43.98848],[27.10818,43.98826],[27.10762,43.98883],[27.10708,43.98864],[27.10743,43.98819],[27.10688,43.98776],[27.1073,43.9875],[27.10602,43.98647],[27.10641,43.98619],[27.1021,43.98385],[27.10148,43.98437],[27.09693,43.98232],[27.09525,43.98341],[27.09726,43.98455],[27.09656,43.98441],[27.09589,43.98541],[27.09193,43.98401],[27.09069,43.9859],[27.09187,43.9863],[27.09114,43.98741],[27.09247,43.98779],[27.09031,43.9874],[27.08978,43.98877],[27.09426,43.99028],[27.09307,43.99207],[27.09143,43.9913],[27.08908,43.99107],[27.0883,43.99237],[27.08524,43.99167],[27.08459,43.99209],[27.08558,43.9924],[27.08536,43.99278],[27.08404,43.99237],[27.08321,43.994],[27.08296,43.99512],[27.08353,43.99561],[27.08697,43.99698],[27.08814,43.99634],[27.09122,43.99659],[27.0913,43.99591],[27.09486,43.99257],[27.09863,43.99148],[27.09987,43.99048],[27.10126,43.991],[27.10077,43.99169],[27.10093,43.99117],[27.10033,43.99087],[27.09966,43.99118],[27.09889,43.99204],[27.09927,43.99299],[27.09858,43.99294],[27.09868,43.99245],[27.09821,43.99222],[27.09512,43.99279],[27.0956,43.99347],[27.09642,43.99357],[27.09428,43.99403],[27.09401,43.99431],[27.09436,43.99456],[27.09282,43.9957],[27.09201,43.99554],[27.09212,43.99618],[27.09283,43.99579],[27.09237,43.99703],[27.09028,43.99842],[27.09118,44.00006],[27.09276,44.00059],[27.09215,44.00257],[27.09075,44.0025],[27.09066,44.00189],[27.09222,44.00153],[27.08903,43.99979],[27.08769,44.00096],[27.08481,43.9994],[27.08359,44.00163],[27.08032,44.00023],[27.07995,44.00127],[27.07941,44.00117],[27.07986,43.99993],[27.07938,43.99972],[27.07873,44.00155],[27.07733,44.00128],[27.07679,44.0028],[27.0757,44.00259],[27.07559,44.00302],[27.07653,44.00319],[27.07597,44.00475],[27.07469,44.00448],[27.07401,44.00498],[27.07219,44.00656],[27.07205,44.00794],[27.07028,44.00729]]],[[[27.05155,44.05565],[27.05177,44.05687],[27.0499,44.05704],[27.04969,44.05583],[27.05037,44.05576],[27.05057,44.05526],[27.04888,44.05241],[27.04581,44.05336],[27.04507,44.05482],[27.0443,44.05335],[27.04003,44.05365],[27.03714,44.05253],[27.03519,44.05263],[27.03663,44.05211],[27.03694,44.05155],[27.03412,44.05032],[27.03516,44.04867],[27.03627,44.04903],[27.03688,44.04854],[27.03851,44.04625],[27.0349,44.04493],[27.0331,44.04622],[27.03115,44.04679],[27.02927,44.04679],[27.02643,44.04595],[27.02693,44.04462],[27.03136,44.04378],[27.0284,44.04234],[27.02889,44.04133],[27.02776,44.04082],[27.02831,44.0396],[27.02646,44.03829],[27.02591,44.03985],[27.02117,44.03813],[27.02107,44.03846],[27.02213,44.03876],[27.02075,44.03977],[27.0205,44.04055],[27.0167,44.04002],[27.01564,44.03788],[27.01516,44.03781],[27.01487,44.03874],[27.01511,44.03752],[27.01685,44.03779],[27.01928,44.03742],[27.01804,44.03683],[27.01792,44.03629],[27.01623,44.03583],[27.01652,44.03398],[27.01619,44.03336],[27.0157,44.03359],[27.01579,44.03309],[27.01772,44.03371],[27.02013,44.03548],[27.02413,44.03524],[27.02609,44.03663],[27.02722,44.03675],[27.02845,44.03659],[27.0296,44.03494],[27.02945,44.03364],[27.03106,44.03468],[27.03463,44.03181],[27.03135,44.03634],[27.03158,44.03862],[27.03744,44.04328],[27.04117,44.04476],[27.04494,44.04523],[27.0467,44.04287],[27.04702,44.04162],[27.04802,44.04147],[27.0545,44.03473],[27.05271,44.03482],[27.04823,44.03387],[27.04838,44.03325],[27.04739,44.03253],[27.04228,44.02966],[27.04144,44.02975],[27.03767,44.02688],[27.03553,44.02643],[27.03889,44.02634],[27.03971,44.02747],[27.04996,44.03286],[27.05093,44.03067],[27.05002,44.02992],[27.0511,44.02964],[27.05161,44.02801],[27.05326,44.02812],[27.05329,44.02541],[27.05268,44.02405],[27.05361,44.02328],[27.05629,44.02639],[27.05324,44.03203],[27.05537,44.03379],[27.05793,44.03171],[27.05921,44.0297],[27.06038,44.03065],[27.06307,44.02983],[27.05898,44.02497],[27.05569,44.02244],[27.05383,44.01969],[27.05427,44.01946],[27.05121,44.01574],[27.05836,44.02395],[27.06083,44.02432],[27.06276,44.02587],[27.0637,44.02575],[27.06436,44.02708],[27.06666,44.02669],[27.06626,44.02399],[27.06802,44.02272],[27.06745,44.02134],[27.06985,44.02083],[27.0709,44.02336],[27.07009,44.02354],[27.07046,44.02444],[27.0723,44.02385],[27.07224,44.02288],[27.07678,44.02157],[27.07691,44.02102],[27.07835,44.02031],[27.08202,44.01956],[27.0802,44.01859],[27.07809,44.0187],[27.07146,44.02133],[27.07091,44.0206],[27.07132,44.0198],[27.07068,44.01879],[27.07164,44.01856],[27.07128,44.01863],[27.07045,44.01734],[27.06841,44.01678],[27.07042,44.01601],[27.07085,44.01513],[27.07054,44.01466],[27.07141,44.01447],[27.07094,44.01332],[27.06998,44.01353],[27.06944,44.01224],[27.07208,44.01179],[27.07237,44.01214],[27.07164,44.00974],[27.07473,44.00925],[27.07576,44.00965],[27.07284,44.01433],[27.0752,44.0153],[27.0746,44.01606],[27.0755,44.01666],[27.0791,44.01601],[27.0832,44.01301],[27.07832,44.0107],[27.07906,44.0093],[27.08093,44.00919],[27.08382,44.0045],[27.08636,44.00526],[27.08571,44.00684],[27.08505,44.0067],[27.08317,44.0096],[27.08893,44.01114],[27.09068,44.00791],[27.09332,44.00857],[27.09142,44.01233],[27.09366,44.01414],[27.09362,44.01498],[27.08668,44.01269],[27.08609,44.01292],[27.08584,44.01375],[27.08486,44.0136],[27.0843,44.01555],[27.08498,44.01677],[27.08467,44.01699],[27.08733,44.01796],[27.08627,44.01888],[27.08655,44.01927],[27.08873,44.01841],[27.08785,44.01721],[27.09066,44.01732],[27.09214,44.018],[27.09246,44.0177],[27.09213,44.01741],[27.09259,44.01767],[27.09235,44.01834],[27.09363,44.01878],[27.09143,44.01898],[27.09228,44.01845],[27.09196,44.01832],[27.08844,44.01937],[27.08842,44.0201],[27.08954,44.01997],[27.08956,44.02092],[27.09353,44.02192],[27.09314,44.02274],[27.09217,44.02314],[27.08763,44.02242],[27.08775,44.02504],[27.08751,44.02574],[27.0871,44.02574],[27.08604,44.02409],[27.08596,44.02185],[27.08552,44.02148],[27.08345,44.02344],[27.08256,44.02345],[27.07975,44.02563],[27.07971,44.02613],[27.08054,44.02678],[27.07876,44.02613],[27.07478,44.02896],[27.07402,44.02843],[27.06686,44.03443],[27.06964,44.03774],[27.06727,44.03858],[27.06816,44.03786],[27.06696,44.03715],[27.06627,44.03771],[27.06279,44.03524],[27.06125,44.03574],[27.05832,44.03468],[27.0521,44.04234],[27.05082,44.04211],[27.04926,44.04362],[27.04848,44.04603],[27.0504,44.0463],[27.05273,44.04732],[27.06013,44.04737],[27.06114,44.04797],[27.05817,44.04888],[27.05322,44.04898],[27.05047,44.04788],[27.04905,44.0499],[27.04933,44.05115],[27.05022,44.05194],[27.05528,44.05196],[27.05809,44.05332],[27.05658,44.05469],[27.05357,44.05375],[27.05248,44.05554],[27.05155,44.05565]],[[27.08779,44.01951],[27.08949,44.01863],[27.08807,44.01907],[27.08779,44.01951]]],[[[27.21375,44.00845],[27.21571,44.00972],[27.21632,44.00774],[27.21603,44.00749],[27.21769,44.00784],[27.21832,44.00594],[27.2202,44.00624],[27.22033,44.00582],[27.22804,44.00739],[27.22974,44.00373],[27.22975,44.00252],[27.23031,44.00223],[27.23024,44.00086],[27.22923,43.99794],[27.22727,43.99554],[27.22647,43.99583],[27.22601,43.99516],[27.22647,43.99483],[27.22721,43.99534],[27.22773,43.99468],[27.23039,43.99981],[27.23068,44.00234],[27.22915,44.00582],[27.23163,44.00642],[27.23368,44.00201],[27.23561,44.00248],[27.23595,44.00169],[27.23405,44.00123],[27.23585,43.99735],[27.23692,43.99761],[27.23701,43.99696],[27.23379,43.99634],[27.23597,43.99185],[27.2364,43.98993],[27.23951,43.99117],[27.23979,43.98994],[27.24375,43.99131],[27.24304,43.99464],[27.24815,43.99646],[27.24884,43.99578],[27.24985,43.99238],[27.25281,43.99178],[27.25391,43.99278],[27.25286,43.99421],[27.25095,43.99561],[27.25037,43.9969],[27.25695,43.99831],[27.25716,43.99754],[27.25903,43.99779],[27.26051,43.99603],[27.26219,43.99559],[27.26269,43.995],[27.26449,43.99028],[27.26383,43.98581],[27.26435,43.98363],[27.26576,43.98633],[27.2655,43.98752],[27.27167,43.99287],[27.27328,43.99302],[27.27339,43.99378],[27.27752,43.99212],[27.27735,43.99167],[27.27957,43.99155],[27.28235,43.98791],[27.28274,43.98805],[27.28182,43.98952],[27.28219,43.98966],[27.28326,43.98824],[27.28597,43.98924],[27.28509,43.99041],[27.286,43.99076],[27.28838,43.9874],[27.29408,43.98945],[27.29497,43.98783],[27.29444,43.98763],[27.29552,43.98621],[27.29527,43.98588],[27.29791,43.98463],[27.29767,43.98437],[27.29962,43.98406],[27.29918,43.98342],[27.30004,43.98312],[27.2998,43.98276],[27.30218,43.98146],[27.30145,43.98037],[27.3058,43.97886],[27.30347,43.97645],[27.30254,43.97521],[27.30285,43.9749],[27.30724,43.97973],[27.30811,43.98143],[27.30688,43.98582],[27.30427,43.98897],[27.30648,43.98624],[27.30722,43.98392],[27.30557,43.98699],[27.30408,43.98624],[27.30362,43.98671],[27.30414,43.98697],[27.3032,43.98795],[27.30208,43.98739],[27.30133,43.98817],[27.30032,43.98771],[27.29858,43.98953],[27.30006,43.99027],[27.29853,43.99247],[27.29785,43.99223],[27.29628,43.99461],[27.29506,43.99419],[27.29446,43.99508],[27.29286,43.99453],[27.29156,43.99648],[27.29317,43.99703],[27.29283,43.99754],[27.29122,43.99699],[27.29065,43.99785],[27.28901,43.99728],[27.28939,43.99672],[27.28789,43.9962],[27.28751,43.99677],[27.28241,43.99466],[27.28162,43.99562],[27.27988,43.99503],[27.2794,43.99744],[27.27754,43.99732],[27.2788,43.99875],[27.27744,44.00367],[27.27549,44.00302],[27.27506,44.0039],[27.27212,44.00343],[27.27058,44.005],[27.26885,44.00796],[27.26877,44.00696],[27.26824,44.00665],[27.26892,44.00532],[27.26828,44.00387],[27.26997,44.00347],[27.27133,44.00174],[27.26425,43.9983],[27.2638,43.99886],[27.26225,43.99819],[27.25543,44.00617],[27.25216,44.00527],[27.25355,44.00214],[27.25232,44.00184],[27.2516,44.00335],[27.25083,44.00332],[27.25129,44.00402],[27.25024,44.00217],[27.24725,44.00254],[27.24748,44.00352],[27.24423,44.00302],[27.24384,44.00395],[27.24427,44.00532],[27.24353,44.00538],[27.24324,44.0042],[27.23787,44.00511],[27.23878,44.00755],[27.23202,44.00863],[27.23233,44.00951],[27.21706,44.01057],[27.21368,44.00931],[27.21375,44.00845]]],[[[27.06809,44.08907],[27.06673,44.08854],[27.06487,44.08683],[27.06413,44.08833],[27.06357,44.08769],[27.0643,44.08719],[27.06349,44.08615],[27.0626,44.08642],[27.05874,44.08225],[27.05704,44.08214],[27.05452,44.08379],[27.05382,44.08327],[27.05208,44.08446],[27.05129,44.08244],[27.04964,44.08087],[27.05111,44.08094],[27.05067,44.07966],[27.0477,44.07965],[27.05047,44.0789],[27.0505,44.07796],[27.04909,44.07648],[27.04554,44.07705],[27.04015,44.07633],[27.0405,44.077],[27.03858,44.07746],[27.03879,44.07777],[27.03592,44.07952],[27.03369,44.07912],[27.0336,44.07765],[27.03125,44.07778],[27.02197,44.07482],[27.02272,44.07361],[27.02515,44.07226],[27.02639,44.07259],[27.02796,44.07173],[27.02712,44.07117],[27.03116,44.06897],[27.03058,44.05812],[27.03478,44.05708],[27.03736,44.0576],[27.0383,44.05874],[27.03949,44.062],[27.04448,44.0655],[27.0453,44.07064],[27.04614,44.07201],[27.05057,44.0744],[27.0529,44.07792],[27.05456,44.07934],[27.05804,44.08086],[27.06111,44.07903],[27.06237,44.07729],[27.06285,44.07539],[27.06274,44.07436],[27.06107,44.07284],[27.06094,44.06918],[27.05978,44.06891],[27.05949,44.06954],[27.05978,44.07301],[27.05684,44.07218],[27.05591,44.06999],[27.05386,44.0688],[27.0511,44.06856],[27.04683,44.06691],[27.04549,44.06681],[27.04438,44.06477],[27.04504,44.06433],[27.04359,44.06129],[27.04457,44.06134],[27.04711,44.0644],[27.05123,44.06235],[27.0451,44.05749],[27.04961,44.05707],[27.04989,44.05866],[27.05166,44.0585],[27.05189,44.05974],[27.05131,44.05979],[27.05147,44.06068],[27.05222,44.06063],[27.0531,44.06155],[27.05342,44.06154],[27.05324,44.06052],[27.0559,44.06018],[27.05588,44.06241],[27.05634,44.06241],[27.05359,44.06459],[27.05346,44.06554],[27.05813,44.06532],[27.06098,44.06216],[27.06358,44.06221],[27.06361,44.06115],[27.06653,44.06119],[27.06482,44.05888],[27.06455,44.05718],[27.06802,44.05424],[27.06861,44.05425],[27.06879,44.05565],[27.07005,44.05567],[27.06993,44.05995],[27.07186,44.05998],[27.07351,44.0589],[27.07389,44.05016],[27.07252,44.04928],[27.07255,44.04778],[27.07504,44.04592],[27.07675,44.04694],[27.07582,44.05],[27.07904,44.05035],[27.07884,44.05412],[27.0769,44.05406],[27.07717,44.05571],[27.07875,44.05575],[27.07848,44.0609],[27.07533,44.06082],[27.07507,44.06526],[27.06877,44.06519],[27.06842,44.06683],[27.06208,44.06779],[27.06289,44.07268],[27.06622,44.08181],[27.06593,44.08265],[27.06484,44.08351],[27.06627,44.08578],[27.06864,44.08791],[27.07,44.08843],[27.07737,44.08534],[27.07713,44.08719],[27.07616,44.08781],[27.07623,44.08919],[27.06809,44.08907]]],[[[27.11018,44.0955],[27.11019,44.09599],[27.10423,44.09518],[27.10381,44.09405],[27.10476,44.09356],[27.10459,44.09328],[27.11298,44.09059],[27.11361,44.09133],[27.11702,44.08936],[27.11581,44.08878],[27.11854,44.08587],[27.11967,44.08589],[27.12218,44.0832],[27.12105,44.08266],[27.12231,44.0813],[27.12176,44.08104],[27.12241,44.07942],[27.12174,44.0791],[27.12407,44.07661],[27.12547,44.07729],[27.12608,44.07664],[27.12363,44.07515],[27.12362,44.07405],[27.1277,44.0751],[27.12791,44.07478],[27.12808,44.07335],[27.12664,44.07301],[27.12838,44.06998],[27.12977,44.07028],[27.13027,44.06773],[27.12867,44.06774],[27.12866,44.06686],[27.12988,44.06685],[27.13012,44.06481],[27.12968,44.06482],[27.12967,44.06388],[27.13024,44.06296],[27.1302,44.06168],[27.13106,44.06167],[27.13104,44.06056],[27.13023,44.06057],[27.13022,44.05966],[27.12974,44.05966],[27.12967,44.05855],[27.13084,44.05839],[27.13019,44.05659],[27.12899,44.05684],[27.146,44.05163],[27.1454,44.0501],[27.15112,44.04828],[27.14983,44.04574],[27.15221,44.04457],[27.1526,44.04218],[27.15722,44.041],[27.15705,44.03901],[27.15847,44.0417],[27.16191,44.04325],[27.16432,44.04302],[27.16704,44.04356],[27.1678,44.04301],[27.168,44.04182],[27.17039,44.04628],[27.16894,44.04642],[27.17355,44.0476],[27.17501,44.04714],[27.17911,44.04781],[27.18147,44.04703],[27.18207,44.04752],[27.18596,44.04825],[27.1813,44.04753],[27.18003,44.04783],[27.17994,44.04855],[27.17513,44.04742],[27.17389,44.04827],[27.17354,44.04981],[27.17192,44.049],[27.1716,44.04834],[27.172,44.04848],[27.1724,44.0479],[27.17127,44.0475],[27.17105,44.0482],[27.17185,44.04897],[27.171,44.04994],[27.16981,44.04939],[27.16776,44.0462],[27.16899,44.04583],[27.16879,44.04537],[27.16815,44.04552],[27.16816,44.04479],[27.1669,44.04412],[27.16648,44.04442],[27.16791,44.04586],[27.16769,44.04613],[27.16441,44.04436],[27.16182,44.0441],[27.16077,44.04433],[27.15996,44.04523],[27.15679,44.04381],[27.15457,44.04415],[27.15331,44.04551],[27.1532,44.04632],[27.15412,44.04676],[27.15322,44.04916],[27.14885,44.05043],[27.14752,44.0529],[27.14737,44.05457],[27.14685,44.05367],[27.13847,44.05533],[27.13675,44.05657],[27.13587,44.05775],[27.13681,44.05786],[27.13457,44.06067],[27.13234,44.06565],[27.13259,44.06705],[27.1335,44.06704],[27.1333,44.06854],[27.13529,44.06853],[27.13531,44.06981],[27.13981,44.06978],[27.13985,44.06741],[27.14209,44.06758],[27.14208,44.06696],[27.14461,44.06694],[27.14459,44.0656],[27.1469,44.06558],[27.14701,44.0638],[27.14925,44.06379],[27.14924,44.06296],[27.15476,44.06286],[27.15475,44.06229],[27.15708,44.06228],[27.15707,44.06171],[27.15982,44.06169],[27.15981,44.06111],[27.15706,44.06114],[27.15706,44.06061],[27.1598,44.06059],[27.1598,44.0601],[27.16061,44.06043],[27.16518,44.06018],[27.16519,44.06117],[27.16278,44.0612],[27.16279,44.06203],[27.15983,44.06205],[27.15986,44.06381],[27.15703,44.06384],[27.15705,44.06485],[27.15185,44.06498],[27.15186,44.06595],[27.14929,44.06597],[27.14934,44.06947],[27.1549,44.06991],[27.15515,44.06827],[27.15656,44.06658],[27.16056,44.06549],[27.16853,44.06729],[27.16997,44.06661],[27.17676,44.06628],[27.17876,44.06521],[27.17902,44.06438],[27.181,44.0644],[27.18114,44.06618],[27.17935,44.06644],[27.17929,44.06607],[27.17694,44.06744],[27.17255,44.06749],[27.17256,44.06798],[27.17115,44.06797],[27.17053,44.06866],[27.16868,44.06867],[27.16896,44.06917],[27.16715,44.06919],[27.16546,44.06878],[27.16546,44.06835],[27.16173,44.06853],[27.1616,44.07002],[27.15922,44.07004],[27.15922,44.07407],[27.15305,44.0733],[27.15304,44.07292],[27.14841,44.07316],[27.14842,44.07368],[27.14641,44.07369],[27.1464,44.07308],[27.14223,44.07302],[27.14071,44.0735],[27.14125,44.07522],[27.14328,44.07523],[27.14349,44.07641],[27.14606,44.07656],[27.15117,44.08077],[27.14761,44.07827],[27.14366,44.07814],[27.14302,44.07715],[27.13745,44.0762],[27.13898,44.07713],[27.1422,44.07777],[27.13978,44.07791],[27.13801,44.07731],[27.13669,44.07612],[27.13373,44.07583],[27.13321,44.07678],[27.13314,44.07892],[27.13353,44.0791],[27.13257,44.08014],[27.13197,44.07985],[27.13095,44.0809],[27.13166,44.08124],[27.13085,44.08212],[27.13198,44.08266],[27.12884,44.08577],[27.12979,44.08623],[27.12769,44.08851],[27.12702,44.08819],[27.12298,44.09125],[27.12336,44.09159],[27.12068,44.09317],[27.11997,44.09255],[27.11925,44.09297],[27.11878,44.09256],[27.11535,44.09465],[27.11577,44.09505],[27.11198,44.09519],[27.11175,44.09446],[27.11086,44.09395],[27.11022,44.09461],[27.11018,44.0955]]],[[[27.22206,44.08043],[27.22199,44.08239],[27.22155,44.08001],[27.21753,44.0738],[27.21768,44.07178],[27.21218,44.07096],[27.21163,44.07475],[27.21274,44.07635],[27.21109,44.07694],[27.21247,44.07894],[27.21069,44.0797],[27.20747,44.07831],[27.20585,44.07619],[27.20602,44.0756],[27.20538,44.0755],[27.20699,44.0753],[27.2066,44.07366],[27.20931,44.07332],[27.20918,44.07201],[27.20859,44.07127],[27.20982,44.07117],[27.20933,44.07045],[27.20937,44.06901],[27.21318,44.06854],[27.21299,44.06773],[27.21388,44.06762],[27.21352,44.06594],[27.21508,44.06568],[27.21323,44.06353],[27.21734,44.06409],[27.21723,44.06273],[27.2166,44.06179],[27.2234,44.06184],[27.22316,44.06041],[27.22039,44.0582],[27.22463,44.05846],[27.22485,44.05645],[27.22667,44.05728],[27.23119,44.05669],[27.23075,44.05433],[27.23262,44.05456],[27.23317,44.05337],[27.23473,44.05346],[27.23413,44.0563],[27.23465,44.05759],[27.23907,44.05632],[27.24113,44.05678],[27.24509,44.05581],[27.24527,44.05424],[27.24671,44.05428],[27.24853,44.05267],[27.24852,44.05175],[27.24954,44.05211],[27.25122,44.05122],[27.25366,44.05127],[27.25786,44.04923],[27.26145,44.04856],[27.26213,44.04889],[27.26026,44.05079],[27.2596,44.05023],[27.25589,44.0521],[27.25081,44.0533],[27.24905,44.05461],[27.24954,44.05481],[27.24895,44.05559],[27.2532,44.05673],[27.25376,44.05599],[27.2548,44.05641],[27.25616,44.05603],[27.25787,44.05945],[27.25868,44.05966],[27.25801,44.06141],[27.25652,44.06177],[27.25446,44.05734],[27.25374,44.0583],[27.25176,44.05779],[27.25066,44.05946],[27.25175,44.06119],[27.25124,44.06192],[27.24789,44.05906],[27.24605,44.06042],[27.24361,44.0587],[27.23962,44.05995],[27.24279,44.06424],[27.24393,44.06411],[27.24436,44.06462],[27.24247,44.06537],[27.24293,44.06658],[27.2388,44.06231],[27.23772,44.06157],[27.23719,44.06175],[27.23728,44.06627],[27.23843,44.0678],[27.24041,44.06926],[27.23678,44.06916],[27.23623,44.06679],[27.23386,44.06204],[27.22969,44.06262],[27.23304,44.0699],[27.23253,44.07126],[27.23091,44.0712],[27.23071,44.07204],[27.22936,44.07227],[27.22944,44.07393],[27.2282,44.07447],[27.23026,44.07686],[27.22863,44.07704],[27.22846,44.07835],[27.22451,44.07943],[27.22419,44.07869],[27.22194,44.07984],[27.22206,44.08043]]],[[[27.16196,44.0344],[27.16228,44.03479],[27.1578,44.03617],[27.15588,44.03425],[27.15379,44.03491],[27.15396,44.03537],[27.15339,44.03502],[27.15062,44.03578],[27.15064,44.03513],[27.14883,44.03373],[27.14641,44.03445],[27.14678,44.03509],[27.14502,44.03562],[27.14464,44.03496],[27.14385,44.03524],[27.14302,44.0339],[27.14146,44.03407],[27.14042,44.03336],[27.13827,44.03339],[27.14071,44.03302],[27.14329,44.03343],[27.14413,44.03437],[27.14469,44.03417],[27.1446,44.03164],[27.14497,44.03112],[27.14566,44.03116],[27.1457,44.03217],[27.14952,44.03242],[27.15282,44.03471],[27.15394,44.03421],[27.15499,44.0328],[27.15553,44.03281],[27.1559,44.03168],[27.15507,44.03146],[27.15514,44.03105],[27.1546,44.03132],[27.15313,44.03094],[27.15227,44.02966],[27.1506,44.02984],[27.15122,44.03043],[27.15053,44.03024],[27.1506,44.02917],[27.15219,44.02882],[27.15207,44.02847],[27.15434,44.02649],[27.15357,44.02559],[27.15382,44.02535],[27.15617,44.02531],[27.1563,44.02692],[27.1581,44.02762],[27.15838,44.02836],[27.15975,44.0283],[27.15966,44.02769],[27.16029,44.02683],[27.16214,44.02678],[27.16265,44.02723],[27.16591,44.0233],[27.16494,44.0231],[27.16578,44.0231],[27.16574,44.02255],[27.16458,44.02235],[27.16491,44.02306],[27.16425,44.02246],[27.1622,44.02287],[27.16265,44.02362],[27.16213,44.02287],[27.15964,44.02347],[27.1617,44.02453],[27.15931,44.02362],[27.16092,44.02521],[27.15904,44.02367],[27.15832,44.02411],[27.1587,44.02306],[27.1614,44.02242],[27.16089,44.02175],[27.16147,44.02242],[27.16302,44.02177],[27.16226,44.02091],[27.15972,44.02175],[27.15907,44.02118],[27.15837,44.02145],[27.1586,44.02122],[27.15621,44.01898],[27.16404,44.01928],[27.16468,44.01746],[27.15995,44.01672],[27.16074,44.01317],[27.16022,44.01313],[27.1604,44.01248],[27.16187,44.01263],[27.16251,44.00949],[27.15634,44.00816],[27.15559,44.00577],[27.15493,44.0054],[27.15139,44.00519],[27.14382,44.00236],[27.15088,44.00449],[27.15472,44.00435],[27.1561,44.0048],[27.15752,44.00619],[27.1622,44.00759],[27.16415,44.01003],[27.16519,44.01304],[27.16547,44.01291],[27.16425,44.01],[27.16259,44.0075],[27.16074,44.00702],[27.163,44.00647],[27.16277,44.00696],[27.1634,44.00825],[27.16473,44.00832],[27.16516,44.00885],[27.16549,44.01155],[27.16789,44.01118],[27.1677,44.00889],[27.16844,44.00781],[27.16788,44.00903],[27.16882,44.00925],[27.16954,44.0077],[27.16872,44.00741],[27.16959,44.0076],[27.16981,44.00713],[27.16885,44.00691],[27.16869,44.00726],[27.16855,44.0061],[27.17006,44.00593],[27.1699,44.00533],[27.1716,44.00442],[27.17156,44.0031],[27.17231,44.00313],[27.17176,44.00338],[27.17189,44.01127],[27.17136,44.01127],[27.17125,44.01758],[27.17143,44.01802],[27.17288,44.018],[27.17396,44.01859],[27.17197,44.01868],[27.17043,44.01802],[27.16908,44.019],[27.16879,44.01816],[27.16836,44.01833],[27.16903,44.02011],[27.17057,44.02235],[27.17189,44.02288],[27.18061,44.02218],[27.18296,44.0234],[27.18429,44.02545],[27.17704,44.02705],[27.17522,44.02416],[27.17517,44.02463],[27.16813,44.02683],[27.16861,44.02774],[27.16486,44.02875],[27.16628,44.03028],[27.16389,44.0312],[27.16483,44.03244],[27.16188,44.03375],[27.16196,44.0344]],[[27.16725,44.02336],[27.16874,44.0233],[27.16751,44.02159],[27.16617,44.02187],[27.16725,44.02336]],[[27.16441,44.02164],[27.16497,44.02146],[27.16437,44.02027],[27.16208,44.02079],[27.16325,44.02198],[27.16441,44.02164]]],[[[27.21738,44.0406],[27.21771,44.04145],[27.21352,44.03931],[27.20809,44.03875],[27.20807,44.03787],[27.20389,44.03675],[27.2008,44.03391],[27.19603,44.03322],[27.19467,44.03228],[27.19366,44.02965],[27.19091,44.03049],[27.18981,44.02861],[27.19211,44.02791],[27.19171,44.0272],[27.18977,44.02779],[27.18804,44.02484],[27.18761,44.02492],[27.1872,44.02422],[27.1845,44.02504],[27.18381,44.02267],[27.1838,44.02419],[27.1826,44.0229],[27.18001,44.02182],[27.17839,44.02165],[27.175,44.02242],[27.17647,44.0204],[27.17785,44.01965],[27.17978,44.02169],[27.18055,44.02191],[27.18276,44.02122],[27.18392,44.02205],[27.18562,44.02153],[27.18616,44.02244],[27.19083,44.02101],[27.19191,44.0243],[27.19496,44.02387],[27.19515,44.02468],[27.19568,44.02491],[27.19938,44.02488],[27.19948,44.03087],[27.20272,44.03083],[27.20318,44.03303],[27.20537,44.03301],[27.2054,44.0345],[27.20787,44.03448],[27.20792,44.03624],[27.20835,44.03576],[27.20828,44.03305],[27.20838,44.03486],[27.21759,44.03455],[27.21785,44.03278],[27.21793,44.0348],[27.21994,44.03478],[27.21995,44.03417],[27.22357,44.03342],[27.22503,44.03519],[27.22457,44.03537],[27.22512,44.0368],[27.2231,44.03661],[27.22074,44.03846],[27.2223,44.03842],[27.22229,44.03963],[27.21702,44.03961],[27.21738,44.0406]]],[[[27.13548,44.09538],[27.13198,44.09442],[27.13348,44.0923],[27.1313,44.09491],[27.1306,44.09482],[27.13171,44.09304],[27.13083,44.09227],[27.1324,44.09057],[27.13304,44.09088],[27.13392,44.08926],[27.13488,44.08889],[27.13382,44.09379],[27.13485,44.09391],[27.13485,44.09499],[27.13955,44.09422],[27.14011,44.09065],[27.14981,44.08825],[27.14777,44.08812],[27.14773,44.08555],[27.1517,44.08579],[27.15292,44.08351],[27.15275,44.08179],[27.15387,44.08314],[27.15355,44.08738],[27.15445,44.08711],[27.15444,44.08612],[27.15585,44.08611],[27.15584,44.08542],[27.15674,44.08541],[27.15669,44.08644],[27.15934,44.08594],[27.16038,44.08455],[27.16056,44.0827],[27.16689,44.08294],[27.16589,44.08133],[27.16786,44.08168],[27.1691,44.08074],[27.16967,44.07869],[27.16976,44.07997],[27.17054,44.07995],[27.17109,44.08195],[27.17301,44.08267],[27.17467,44.08183],[27.17533,44.08069],[27.1768,44.08189],[27.17773,44.08178],[27.179,44.0809],[27.17887,44.08001],[27.18044,44.07936],[27.18068,44.07795],[27.18191,44.07878],[27.18291,44.07838],[27.18858,44.07981],[27.18108,44.08156],[27.18035,44.08299],[27.18106,44.0841],[27.18007,44.08304],[27.17772,44.0828],[27.17749,44.08326],[27.17407,44.08386],[27.17511,44.08597],[27.17403,44.08479],[27.17272,44.08482],[27.1722,44.08514],[27.17208,44.08678],[27.17083,44.08413],[27.16935,44.08428],[27.17058,44.08831],[27.17196,44.09061],[27.17141,44.0905],[27.17034,44.08848],[27.1683,44.08575],[27.16791,44.08577],[27.16334,44.08682],[27.16342,44.08753],[27.16082,44.08826],[27.16152,44.08951],[27.15954,44.09009],[27.16181,44.09246],[27.1626,44.09255],[27.16188,44.09299],[27.15709,44.09033],[27.1493,44.09185],[27.14683,44.09391],[27.14787,44.09182],[27.14635,44.09062],[27.14188,44.09406],[27.14157,44.0941],[27.14268,44.09277],[27.13781,44.09586],[27.1372,44.09542],[27.13548,44.09538]]],[[[27.0936,44.03351],[27.09414,44.03278],[27.09307,44.03236],[27.09532,44.0283],[27.09392,44.02775],[27.09507,44.02621],[27.09561,44.02644],[27.09653,44.02522],[27.09873,44.02608],[27.10003,44.02418],[27.09969,44.02312],[27.09556,44.02164],[27.0956,44.01777],[27.09879,44.01794],[27.09978,44.01569],[27.10246,44.01624],[27.10333,44.01459],[27.10334,44.01369],[27.10274,44.01311],[27.10353,44.0111],[27.10984,44.01274],[27.11073,44.01125],[27.11151,44.01144],[27.1136,44.00766],[27.11147,44.00711],[27.11411,44.00213],[27.11476,44.00228],[27.11358,44.00463],[27.11396,44.00473],[27.11515,44.00237],[27.11715,44.00293],[27.11598,44.00526],[27.11651,44.0054],[27.11565,44.00711],[27.11624,44.00727],[27.11576,44.00823],[27.1163,44.00837],[27.11541,44.01088],[27.11395,44.01352],[27.1114,44.01338],[27.11246,44.01516],[27.11253,44.01675],[27.11166,44.01699],[27.10962,44.01583],[27.10698,44.01575],[27.10617,44.01682],[27.10534,44.01648],[27.10459,44.0174],[27.10385,44.01697],[27.10225,44.01756],[27.10188,44.01812],[27.10289,44.01845],[27.10236,44.01928],[27.10288,44.01951],[27.10224,44.01944],[27.10108,44.02094],[27.10204,44.02173],[27.10193,44.02211],[27.10375,44.02292],[27.09534,44.03419],[27.0936,44.03351]]],[[[27.2136,44.0084],[27.21081,44.00827],[27.20862,44.00983],[27.20592,44.01034],[27.20584,44.00857],[27.20466,44.0086],[27.20456,44.00641],[27.20498,44.00635],[27.20182,44.00644],[27.20146,44.00018],[27.2029,43.99973],[27.20219,44.00282],[27.20314,44.0045],[27.20464,44.00432],[27.20527,44.00373],[27.20579,44.00394],[27.20651,44.00121],[27.20746,43.99991],[27.20667,44.00123],[27.20743,44.00019],[27.21011,44.00111],[27.21118,43.99974],[27.21268,44.00001],[27.21339,43.99929],[27.21399,43.99942],[27.21016,44.00276],[27.20805,44.00621],[27.20849,44.00623],[27.21144,44.00612],[27.21313,44.00237],[27.21443,44.00188],[27.21526,44.0001],[27.21606,43.99981],[27.2136,44.0084]]]]},"properties":{"SiteCode":"BG0000169","SiteNameBG":"Лудогорие - Сребърна","SiteType":"SCI","SiteArea":5228.3384813800003,"naturaClass":"habitats"}},{"type":"Feature","geometry":{"type":"Polygon","coordinates":[[[25.40549,42.97952],[25.40472,42.97996],[25.4055,42.9784],[25.40463,42.97514],[25.4035,42.97471],[25.40197,42.97524],[25.40058,42.97657],[25.39738,42.97708],[25.39739,42.97767],[25.39663,42.97715],[25.39713,42.97693],[25.39637,42.97714],[25.39372,42.97902],[25.38991,42.97861],[25.3922,42.97883],[25.39449,42.97832],[25.39484,42.97708],[25.39608,42.97629],[25.39701,42.97487],[25.39772,42.97354],[25.39782,42.97209],[25.39832,42.97169],[25.39718,42.97121],[25.3962,42.97181],[25.39634,42.97148],[25.39573,42.97131],[25.39665,42.97127],[25.39687,42.97043],[25.39434,42.97052],[25.39387,42.97114],[25.39019,42.97009],[25.39079,42.96911],[25.38837,42.96894],[25.38717,42.96737],[25.38753,42.96723],[25.38718,42.96675],[25.38631,42.96636],[25.38652,42.96579],[25.38396,42.9661],[25.38443,42.96756],[25.38387,42.96761],[25.3821,42.96634],[25.38143,42.9668],[25.38011,42.96668],[25.38014,42.96732],[25.37897,42.96726],[25.37868,42.96768],[25.37866,42.967],[25.37814,42.96698],[25.37807,42.96744],[25.37717,42.96706],[25.37879,42.96556],[25.37219,42.96212],[25.37807,42.96514],[25.38,42.96533],[25.3825,42.96269],[25.38353,42.96089],[25.38313,42.96062],[25.38418,42.96044],[25.38639,42.96215],[25.38711,42.96125],[25.38651,42.96089],[25.38649,42.96024],[25.38748,42.9595],[25.38968,42.96103],[25.3923,42.961],[25.39162,42.96151],[25.39102,42.96135],[25.39125,42.96192],[25.39329,42.96078],[25.39408,42.9616],[25.39553,42.96074],[25.39718,42.96059],[25.3969,42.95973],[25.39754,42.9594],[25.39718,42.95934],[25.39717,42.9585],[25.40011,42.95763],[25.39723,42.95638],[25.39837,42.95643],[25.39843,42.95575],[25.39926,42.95616],[25.39939,42.95531],[25.401,42.95543],[25.40102,42.95588],[25.4015,42.95591],[25.40263,42.95504],[25.40278,42.95413],[25.40229,42.95376],[25.40313,42.95406],[25.4063,42.95348],[25.40555,42.95371],[25.4062,42.95472],[25.40749,42.9549],[25.40757,42.95444],[25.40686,42.95405],[25.40687,42.95307],[25.40804,42.95351],[25.40912,42.95179],[25.40947,42.95203],[25.40997,42.9498],[25.40947,42.94904],[25.40856,42.94873],[25.40728,42.94944],[25.40741,42.94887],[25.41028,42.94837],[25.41086,42.94815],[25.41076,42.94775],[25.40926,42.94612],[25.40553,42.94744],[25.40391,42.9459],[25.40485,42.94511],[25.4057,42.94564],[25.40643,42.94529],[25.40677,42.94427],[25.40623,42.94445],[25.40844,42.94304],[25.40798,42.9426],[25.41018,42.94176],[25.4097,42.94157],[25.41021,42.94125],[25.41167,42.94146],[25.41232,42.9411],[25.41287,42.94151],[25.4139,42.9392],[25.41451,42.94064],[25.41571,42.94117],[25.41612,42.94041],[25.41685,42.94178],[25.41821,42.9415],[25.41868,42.94189],[25.41934,42.94147],[25.4187,42.94116],[25.41937,42.94041],[25.42172,42.93977],[25.42229,42.93894],[25.42181,42.93807],[25.42203,42.93758],[25.4215,42.93741],[25.42356,42.93688],[25.42258,42.93825],[25.4237,42.93798],[25.42387,42.94019],[25.42493,42.9397],[25.42499,42.94071],[25.43268,42.94087],[25.43328,42.94043],[25.43292,42.93981],[25.43066,42.93886],[25.43298,42.93876],[25.43322,42.9376],[25.43106,42.93607],[25.43087,42.93511],[25.42941,42.93482],[25.43012,42.93446],[25.43148,42.93495],[25.43172,42.93572],[25.4327,42.9361],[25.43315,42.93561],[25.4346,42.93623],[25.43476,42.93592],[25.43401,42.9359],[25.43459,42.93513],[25.43331,42.93463],[25.43395,42.93376],[25.43487,42.93413],[25.43514,42.93381],[25.42938,42.93081],[25.43177,42.92982],[25.43069,42.92884],[25.43069,42.92828],[25.43161,42.92809],[25.43327,42.92894],[25.43359,42.92862],[25.43369,42.92767],[25.43167,42.92679],[25.43044,42.92681],[25.43066,42.92635],[25.43387,42.92742],[25.43453,42.92703],[25.43127,42.92527],[25.43027,42.92568],[25.43024,42.92487],[25.43071,42.92481],[25.43044,42.92453],[25.43131,42.92467],[25.43162,42.92428],[25.42977,42.92423],[25.42866,42.92379],[25.42862,42.92338],[25.42803,42.92401],[25.427,42.92411],[25.42798,42.92305],[25.42662,42.92313],[25.42549,42.92211],[25.42492,42.92257],[25.42563,42.92161],[25.42512,42.92099],[25.42124,42.91927],[25.42304,42.91971],[25.42118,42.91841],[25.42538,42.91777],[25.4251,42.91639],[25.42842,42.91531],[25.43158,42.91563],[25.42723,42.91325],[25.42812,42.91294],[25.42893,42.91347],[25.4303,42.91231],[25.43189,42.91296],[25.43226,42.9158],[25.43159,42.91706],[25.43537,42.91784],[25.43565,42.91728],[25.43781,42.91759],[25.43755,42.91835],[25.4361,42.91807],[25.43886,42.91877],[25.43928,42.91844],[25.4383,42.91842],[25.43878,42.91791],[25.43831,42.91765],[25.44233,42.9179],[25.44165,42.91813],[25.44344,42.91828],[25.44282,42.91875],[25.44425,42.91953],[25.44858,42.91998],[25.44874,42.9196],[25.45013,42.91958],[25.45384,42.92223],[25.45502,42.92121],[25.45313,42.91986],[25.4534,42.91914],[25.45487,42.91923],[25.45581,42.91873],[25.45649,42.91933],[25.45833,42.91955],[25.45937,42.92117],[25.45988,42.92067],[25.46496,42.92021],[25.46201,42.91957],[25.46481,42.91934],[25.46508,42.91888],[25.45918,42.91791],[25.46152,42.91726],[25.45951,42.91726],[25.45859,42.91661],[25.46045,42.9168],[25.45856,42.91626],[25.45911,42.91573],[25.45994,42.91582],[25.46438,42.91865],[25.46462,42.91809],[25.46381,42.91741],[25.46395,42.91694],[25.46966,42.91693],[25.47149,42.91595],[25.47178,42.91509],[25.4702,42.91408],[25.46403,42.91368],[25.46349,42.91413],[25.46354,42.91073],[25.46438,42.90898],[25.46469,42.90613],[25.47175,42.90633],[25.47322,42.90513],[25.47248,42.90522],[25.47427,42.90484],[25.47525,42.90495],[25.47421,42.9051],[25.47424,42.90547],[25.47514,42.90549],[25.47586,42.90666],[25.47644,42.90516],[25.47745,42.90546],[25.47766,42.9043],[25.4768,42.9039],[25.47725,42.90142],[25.47564,42.90215],[25.47526,42.9018],[25.47576,42.90158],[25.47575,42.90095],[25.4762,42.90097],[25.47604,42.89993],[25.47477,42.90005],[25.47476,42.89949],[25.48,42.89873],[25.47988,42.89655],[25.4815,42.89561],[25.48504,42.89485],[25.485,42.89539],[25.48604,42.89405],[25.48683,42.89537],[25.4861,42.89529],[25.48517,42.89648],[25.48389,42.89699],[25.48453,42.89784],[25.48642,42.89712],[25.48629,42.89795],[25.48481,42.89855],[25.48497,42.89898],[25.48436,42.89919],[25.48515,42.89947],[25.48373,42.90082],[25.48259,42.8996],[25.48164,42.89989],[25.48121,42.90059],[25.48071,42.90025],[25.47989,42.90062],[25.48012,42.90087],[25.47959,42.90126],[25.4789,42.90064],[25.47791,42.90116],[25.47824,42.90158],[25.47878,42.90102],[25.47892,42.90194],[25.4795,42.90212],[25.47954,42.90246],[25.47802,42.90292],[25.47783,42.90386],[25.47844,42.90488],[25.47879,42.9042],[25.47928,42.90427],[25.47919,42.90362],[25.48059,42.90408],[25.48272,42.90353],[25.48202,42.90265],[25.48276,42.9022],[25.48326,42.90246],[25.48391,42.90098],[25.48476,42.90039],[25.48892,42.90355],[25.48977,42.90331],[25.48975,42.9025],[25.49224,42.90258],[25.49246,42.9021],[25.49139,42.9014],[25.4916,42.90106],[25.49343,42.90169],[25.49388,42.90252],[25.49425,42.90124],[25.49378,42.90119],[25.49362,42.90042],[25.494,42.89946],[25.49215,42.89852],[25.49284,42.89812],[25.49187,42.89752],[25.49159,42.89812],[25.4904,42.89779],[25.48954,42.89691],[25.48799,42.89632],[25.48888,42.89514],[25.48836,42.89305],[25.48558,42.89196],[25.48772,42.88991],[25.48797,42.88899],[25.49023,42.88735],[25.49069,42.88558],[25.49238,42.88418],[25.49198,42.88376],[25.49045,42.88367],[25.48905,42.88419],[25.48887,42.88337],[25.48727,42.88491],[25.48622,42.88526],[25.48834,42.8824],[25.48702,42.88171],[25.485,42.88177],[25.48689,42.88102],[25.48682,42.8798],[25.48747,42.87947],[25.48724,42.87995],[25.48853,42.87971],[25.49141,42.88055],[25.49214,42.88194],[25.49395,42.88215],[25.49493,42.88214],[25.49563,42.88103],[25.4987,42.87951],[25.49864,42.8807],[25.49607,42.88294],[25.49719,42.88277],[25.49637,42.88374],[25.4972,42.88571],[25.49945,42.88606],[25.49942,42.88645],[25.49981,42.88612],[25.4995,42.88652],[25.49982,42.88659],[25.5008,42.88641],[25.50165,42.88725],[25.50097,42.88719],[25.50144,42.88747],[25.50127,42.88796],[25.50388,42.88881],[25.50408,42.88853],[25.50787,42.88971],[25.50837,42.88897],[25.50943,42.88916],[25.50876,42.89042],[25.50931,42.8903],[25.50953,42.89156],[25.50882,42.89187],[25.50972,42.89259],[25.50919,42.89278],[25.50859,42.89418],[25.50703,42.89337],[25.50627,42.89353],[25.50579,42.89273],[25.5047,42.89359],[25.50578,42.89389],[25.50602,42.89496],[25.50572,42.89537],[25.50451,42.8953],[25.5051,42.89623],[25.50463,42.89728],[25.50358,42.89653],[25.50361,42.89526],[25.50237,42.8953],[25.50262,42.89548],[25.50211,42.89593],[25.50181,42.89562],[25.50228,42.89551],[25.50115,42.89494],[25.49979,42.89508],[25.50002,42.89475],[25.49926,42.89518],[25.49939,42.89469],[25.49814,42.89442],[25.49934,42.89412],[25.49858,42.89332],[25.50132,42.8918],[25.50125,42.89143],[25.50242,42.89113],[25.50233,42.89074],[25.49705,42.891],[25.49646,42.89122],[25.49587,42.8925],[25.49762,42.89207],[25.4977,42.89346],[25.49703,42.89421],[25.49759,42.89447],[25.49722,42.89484],[25.49777,42.89592],[25.49672,42.89592],[25.49652,42.89638],[25.4982,42.89696],[25.49807,42.8966],[25.49886,42.89734],[25.49907,42.89692],[25.50032,42.89738],[25.49979,42.89794],[25.50046,42.89837],[25.5035,42.89808],[25.50348,42.89862],[25.50429,42.89936],[25.50572,42.89973],[25.50567,42.9004],[25.50618,42.90033],[25.50601,42.90113],[25.50753,42.90222],[25.50806,42.90105],[25.50895,42.90101],[25.50828,42.89982],[25.51012,42.8996],[25.50987,42.89887],[25.51074,42.89872],[25.51056,42.89794],[25.51094,42.89828],[25.51223,42.89737],[25.51313,42.89781],[25.51505,42.89739],[25.51525,42.89688],[25.51845,42.8957],[25.51696,42.89531],[25.51673,42.89467],[25.51885,42.89457],[25.51938,42.89543],[25.51903,42.89585],[25.52097,42.89635],[25.52376,42.89586],[25.5252,42.89295],[25.52416,42.89205],[25.52164,42.89159],[25.52351,42.89039],[25.52522,42.89073],[25.52647,42.89034],[25.52517,42.88878],[25.52574,42.88847],[25.52612,42.88961],[25.52732,42.8898],[25.52731,42.89032],[25.5279,42.8903],[25.52901,42.89182],[25.52794,42.89235],[25.53016,42.8936],[25.52877,42.89539],[25.53199,42.89615],[25.53155,42.89741],[25.53205,42.89757],[25.53342,42.89653],[25.53607,42.89755],[25.53567,42.89827],[25.53777,42.89976],[25.53638,42.90038],[25.53781,42.90083],[25.53526,42.90197],[25.53575,42.90237],[25.53536,42.90268],[25.53431,42.90234],[25.53476,42.90185],[25.53449,42.90168],[25.53253,42.90179],[25.53249,42.90244],[25.53339,42.9031],[25.53261,42.9039],[25.53291,42.90445],[25.53152,42.90374],[25.53114,42.90467],[25.52939,42.90482],[25.52754,42.90477],[25.5272,42.90416],[25.52554,42.90372],[25.52524,42.90382],[25.52561,42.9044],[25.5248,42.90489],[25.52342,42.90429],[25.52072,42.90476],[25.52008,42.90399],[25.51859,42.90467],[25.51798,42.90575],[25.51748,42.90374],[25.51971,42.90155],[25.51947,42.90195],[25.51709,42.9015],[25.51478,42.90191],[25.51562,42.90282],[25.51207,42.90324],[25.51203,42.9022],[25.50916,42.90217],[25.50918,42.9028],[25.50998,42.90299],[25.51012,42.905],[25.51184,42.90462],[25.51174,42.90577],[25.51272,42.90567],[25.51501,42.90709],[25.51362,42.90714],[25.51301,42.90665],[25.51211,42.90701],[25.51244,42.90747],[25.51204,42.90776],[25.51034,42.90708],[25.51092,42.9084],[25.5093,42.90841],[25.50751,42.90914],[25.50857,42.90994],[25.50844,42.91045],[25.50444,42.90959],[25.50108,42.9099],[25.50545,42.90998],[25.51003,42.91207],[25.51037,42.91273],[25.50831,42.91158],[25.50792,42.91243],[25.50661,42.91171],[25.50668,42.91262],[25.50354,42.91292],[25.50326,42.91233],[25.502,42.91287],[25.50255,42.91336],[25.50181,42.91445],[25.5028,42.91485],[25.50211,42.91577],[25.50051,42.91567],[25.50068,42.91661],[25.49932,42.9178],[25.497,42.91667],[25.49631,42.91693],[25.49665,42.9165],[25.49592,42.91627],[25.49409,42.91426],[25.49387,42.91464],[25.49493,42.91521],[25.494,42.91549],[25.49491,42.91617],[25.49322,42.91577],[25.49287,42.91591],[25.49316,42.9163],[25.49101,42.91568],[25.48957,42.91592],[25.4893,42.9157],[25.48997,42.91532],[25.48915,42.91566],[25.48936,42.915],[25.48842,42.91642],[25.48672,42.91666],[25.4864,42.91792],[25.485,42.91855],[25.48559,42.91979],[25.48757,42.92026],[25.48999,42.92019],[25.48943,42.91927],[25.49014,42.91943],[25.4903,42.92038],[25.48817,42.92083],[25.48859,42.92186],[25.48812,42.92062],[25.48383,42.92023],[25.48496,42.92252],[25.48387,42.92067],[25.48327,42.921],[25.48159,42.92007],[25.47863,42.91951],[25.47594,42.92],[25.47564,42.91961],[25.47451,42.92039],[25.47485,42.92065],[25.476,42.92009],[25.47681,42.92079],[25.48064,42.92129],[25.47669,42.92142],[25.47606,42.92159],[25.47597,42.92235],[25.47776,42.92233],[25.48046,42.92146],[25.4812,42.9222],[25.47635,42.92277],[25.47655,42.92342],[25.47801,42.92324],[25.47811,42.92359],[25.47728,42.92361],[25.47727,42.92396],[25.47567,42.92333],[25.4752,42.92338],[25.47534,42.92394],[25.47464,42.92392],[25.47604,42.92458],[25.47713,42.92632],[25.47479,42.92664],[25.47312,42.92614],[25.47304,42.92738],[25.47217,42.9276],[25.47217,42.92835],[25.47132,42.9285],[25.47186,42.9289],[25.46964,42.92905],[25.47035,42.92742],[25.46779,42.92818],[25.46681,42.92957],[25.47079,42.93026],[25.47018,42.93075],[25.46864,42.93011],[25.46775,42.93067],[25.468,42.93092],[25.46597,42.93123],[25.46573,42.93092],[25.46411,42.93148],[25.46148,42.93046],[25.46119,42.93193],[25.46055,42.9319],[25.46232,42.93262],[25.46181,42.93373],[25.45722,42.93321],[25.45842,42.9329],[25.45828,42.93234],[25.45557,42.93348],[25.45782,42.93185],[25.4574,42.93151],[25.4556,42.9321],[25.45663,42.93074],[25.45615,42.93054],[25.45745,42.92928],[25.45742,42.93015],[25.4584,42.92975],[25.45934,42.92751],[25.45917,42.92698],[25.45871,42.92725],[25.45913,42.92669],[25.45875,42.92619],[25.45645,42.92587],[25.45591,42.92535],[25.45126,42.92741],[25.44782,42.92736],[25.44761,42.9291],[25.44906,42.92984],[25.44783,42.93075],[25.44589,42.93049],[25.44577,42.93011],[25.44314,42.92928],[25.44346,42.92969],[25.4428,42.92943],[25.44285,42.92891],[25.44093,42.92819],[25.43832,42.92863],[25.43774,42.92945],[25.43547,42.92869],[25.43465,42.92887],[25.43695,42.93014],[25.4397,42.93016],[25.43925,42.93068],[25.43995,42.93089],[25.43934,42.93158],[25.44041,42.93273],[25.4414,42.93303],[25.44223,42.93429],[25.44252,42.93374],[25.44563,42.93293],[25.44707,42.93349],[25.44605,42.93513],[25.45069,42.9346],[25.44784,42.93545],[25.44835,42.93581],[25.44707,42.93692],[25.44721,42.93772],[25.45188,42.93739],[25.45132,42.93701],[25.45161,42.93685],[25.45361,42.93733],[25.45308,42.93836],[25.45489,42.93832],[25.4546,42.93888],[25.45342,42.93852],[25.45266,42.9401],[25.45203,42.93953],[25.4508,42.94026],[25.45157,42.93952],[25.44912,42.93943],[25.44736,42.93998],[25.44924,42.93953],[25.44884,42.9403],[25.44974,42.94009],[25.44907,42.9408],[25.44977,42.94186],[25.4471,42.94316],[25.44661,42.9427],[25.4453,42.94349],[25.44575,42.94397],[25.44427,42.94496],[25.4454,42.94526],[25.44517,42.94572],[25.44585,42.9467],[25.4461,42.94845],[25.4458,42.94858],[25.44532,42.94749],[25.44568,42.94896],[25.44517,42.94946],[25.44344,42.9483],[25.44484,42.95055],[25.44408,42.95063],[25.44555,42.95101],[25.44565,42.95157],[25.44624,42.95151],[25.44666,42.9503],[25.44782,42.95131],[25.44773,42.95168],[25.44886,42.9515],[25.449,42.95196],[25.4481,42.95258],[25.44925,42.95273],[25.44885,42.95452],[25.4493,42.95489],[25.4465,42.95752],[25.44722,42.95858],[25.4495,42.95731],[25.44989,42.9576],[25.44722,42.95922],[25.44882,42.9603],[25.44731,42.96037],[25.4468,42.95991],[25.44696,42.96119],[25.44773,42.96107],[25.44702,42.96177],[25.44818,42.96221],[25.44703,42.96265],[25.44776,42.96312],[25.44912,42.96299],[25.45126,42.96548],[25.44978,42.96602],[25.45017,42.9666],[25.44966,42.96741],[25.4488,42.96636],[25.44791,42.96693],[25.44593,42.96716],[25.44532,42.96774],[25.44142,42.96523],[25.439,42.96515],[25.43581,42.96307],[25.43442,42.96278],[25.43449,42.96402],[25.43386,42.96196],[25.43127,42.95887],[25.43082,42.95954],[25.43019,42.9581],[25.42937,42.959],[25.42982,42.95994],[25.42903,42.96057],[25.42911,42.96316],[25.42864,42.96227],[25.42867,42.96304],[25.42912,42.9633],[25.4285,42.96307],[25.42867,42.96352],[25.42714,42.96352],[25.42778,42.96398],[25.4266,42.96505],[25.42592,42.96456],[25.42522,42.96489],[25.42586,42.96537],[25.42513,42.96591],[25.42269,42.96552],[25.4222,42.96599],[25.42483,42.96612],[25.42474,42.96655],[25.4231,42.96645],[25.42309,42.96692],[25.42403,42.96688],[25.42474,42.96791],[25.42529,42.96787],[25.4256,42.96855],[25.42515,42.96881],[25.42577,42.96907],[25.42497,42.96916],[25.42503,42.96991],[25.42123,42.9702],[25.42146,42.97072],[25.42295,42.9709],[25.4229,42.97122],[25.42097,42.97065],[25.4202,42.97097],[25.42298,42.97215],[25.42255,42.97243],[25.424,42.97352],[25.42307,42.97413],[25.42371,42.97473],[25.4227,42.97414],[25.42215,42.97502],[25.42075,42.9748],[25.42073,42.97598],[25.41993,42.97602],[25.41953,42.97687],[25.41834,42.9774],[25.41893,42.97685],[25.41807,42.97716],[25.41785,42.97683],[25.41603,42.97788],[25.41415,42.97819],[25.41279,42.978],[25.41302,42.97751],[25.41099,42.97774],[25.4106,42.97827],[25.41178,42.97855],[25.41085,42.97886],[25.4098,42.97895],[25.40988,42.97857],[25.4091,42.9784],[25.40884,42.97876],[25.40713,42.97758],[25.40549,42.97952]]]},"properties":{"SiteCode":"BG0000214","SiteNameBG":"Дряновски манастир","SiteType":"SCI","SiteArea":2987.89061713,"naturaClass":"habitats"}},{"type":"Feature","geometry":{"type":"Polygon","coordinates":[[[25.00793,43.54462],[25.00712,43.54468],[25.00705,43.54363],[25.01081,43.54013],[25.0095,43.53745],[25.01029,43.53353],[25.01285,43.53323],[25.01316,43.53684],[25.01694,43.53667],[25.02038,43.53424],[25.02249,43.53185],[25.02261,43.53074],[25.02166,43.52818],[25.02063,43.52741],[25.02134,43.52721],[25.0208,43.52351],[25.02251,43.51933],[25.02218,43.5179],[25.0212,43.51677],[25.01654,43.5147],[25.01485,43.51465],[25.01338,43.51361],[25.00896,43.51248],[25.00732,43.51092],[25.00436,43.51014],[25.00395,43.50989],[25.00326,43.50591],[24.9982,43.50464],[24.99824,43.50502],[24.99626,43.50513],[24.99314,43.50316],[24.99255,43.50357],[24.99157,43.50299],[24.99193,43.50253],[24.99155,43.50237],[24.99123,43.50273],[24.98896,43.50191],[24.98952,43.50103],[24.98868,43.50071],[24.98773,43.50196],[24.98858,43.50233],[24.98704,43.50427],[24.98373,43.50287],[24.98484,43.50083],[24.98011,43.49877],[24.9787,43.50125],[24.97416,43.49986],[24.96105,43.49738],[24.95544,43.4954],[24.95068,43.49131],[24.95248,43.49019],[24.95232,43.48917],[24.95099,43.48752],[24.95068,43.48622],[24.95113,43.48551],[24.95028,43.48388],[24.9466,43.48071],[24.94246,43.48225],[24.9416,43.48159],[24.94341,43.47709],[24.94311,43.47554],[24.94386,43.47372],[24.94592,43.47238],[24.94454,43.47183],[24.94565,43.47166],[24.94516,43.46948],[24.94409,43.46944],[24.94445,43.46711],[24.94926,43.46543],[24.94966,43.46299],[24.95147,43.45948],[24.94677,43.45918],[24.94614,43.457],[24.92093,43.44575],[24.90216,43.44531],[24.90126,43.4461],[24.90095,43.4457],[24.9015,43.4452],[24.90057,43.44538],[24.90042,43.44504],[24.90125,43.44466],[24.90023,43.44458],[24.90159,43.44432],[24.90145,43.44343],[24.90261,43.44319],[24.90331,43.44432],[24.90425,43.44369],[24.90767,43.44375],[24.90952,43.44329],[24.9097,43.44384],[24.91145,43.44386],[24.91542,43.44252],[24.91523,43.44219],[24.91654,43.44166],[24.91758,43.44184],[24.92141,43.4406],[24.92086,43.43969],[24.92341,43.43956],[24.92309,43.43746],[24.91973,43.43778],[24.9183,43.43346],[24.91881,43.4334],[24.91831,43.43186],[24.92153,43.43231],[24.9217,43.43359],[24.92234,43.43436],[24.92445,43.43516],[24.93291,43.434],[24.93266,43.43289],[24.95854,43.43363],[24.95945,43.43384],[24.95783,43.43767],[24.96242,43.43924],[24.96289,43.43732],[24.97209,43.43896],[24.97232,43.43735],[24.97252,43.43774],[24.97299,43.43657],[24.9773,43.43731],[24.97671,43.43893],[24.97727,43.43903],[24.9771,43.43959],[24.98148,43.44009],[24.98338,43.44082],[24.98361,43.44048],[24.98525,43.44078],[24.98499,43.44152],[24.99561,43.44336],[24.99848,43.44476],[24.99704,43.44624],[24.99721,43.44699],[24.99606,43.44712],[24.99203,43.44751],[24.98877,43.44571],[24.98887,43.44609],[24.98815,43.44617],[24.98835,43.44788],[24.98763,43.44798],[24.98783,43.44991],[24.99368,43.45008],[24.99354,43.44923],[24.99751,43.44846],[24.99751,43.44962],[24.99904,43.44951],[25.00185,43.45115],[25.00388,43.45165],[25.00766,43.45166],[25.00806,43.45094],[25.0088,43.45103],[25.01058,43.44747],[25.01133,43.44757],[25.01355,43.44652],[25.0139,43.44696],[25.01399,43.44589],[25.01406,43.44689],[25.01468,43.44594],[25.01437,43.44499],[25.01265,43.44369],[25.01031,43.44313],[25.01204,43.44179],[25.01261,43.44039],[25.01503,43.44096],[25.0152,43.44154],[25.01713,43.43786],[25.01492,43.44281],[25.01716,43.4435],[25.02082,43.44365],[25.02076,43.4443],[25.02385,43.44429],[25.02413,43.44479],[25.02461,43.44367],[25.03452,43.4438],[25.03457,43.44485],[25.03614,43.44487],[25.03418,43.44543],[25.03487,43.44859],[25.03575,43.44894],[25.03761,43.44846],[25.03892,43.44661],[25.0406,43.44567],[25.04194,43.4455],[25.04636,43.44626],[25.05227,43.44581],[25.05241,43.44325],[25.0616,43.44214],[25.06214,43.44461],[25.06855,43.44311],[25.07073,43.4447],[25.0751,43.44499],[25.07548,43.44655],[25.07505,43.44684],[25.07519,43.44819],[25.07375,43.45046],[25.0773,43.45106],[25.07783,43.44826],[25.08,43.44774],[25.08142,43.44643],[25.081,43.44573],[25.0817,43.4463],[25.08614,43.44512],[25.08786,43.44409],[25.09118,43.44325],[25.09187,43.44356],[25.09229,43.44311],[25.0932,43.44317],[25.09401,43.44436],[25.09664,43.44414],[25.09693,43.44263],[25.09795,43.44267],[25.09772,43.4452],[25.09409,43.44516],[25.0941,43.44644],[25.09344,43.44668],[25.09748,43.44776],[25.09802,43.449],[25.0995,43.44917],[25.09981,43.44989],[25.09952,43.45057],[25.09743,43.45299],[25.10117,43.45395],[25.10134,43.45225],[25.10406,43.45239],[25.10482,43.45187],[25.10642,43.45193],[25.10655,43.45059],[25.10559,43.45053],[25.10564,43.44737],[25.10642,43.44738],[25.10644,43.44651],[25.1085,43.44662],[25.10908,43.44592],[25.10841,43.44546],[25.11071,43.44407],[25.11103,43.44319],[25.11287,43.44345],[25.11482,43.44454],[25.11611,43.44601],[25.11854,43.44673],[25.11931,43.44779],[25.12284,43.44664],[25.12614,43.44434],[25.1273,43.44159],[25.12344,43.44095],[25.12117,43.43943],[25.11987,43.43713],[25.11806,43.43637],[25.11762,43.43515],[25.11916,43.43359],[25.11818,43.43305],[25.12311,43.4326],[25.12624,43.43127],[25.12721,43.43037],[25.12707,43.43098],[25.12794,43.42921],[25.13134,43.4268],[25.13164,43.42253],[25.13093,43.42084],[25.1225,43.42539],[25.11692,43.42682],[25.11549,43.42493],[25.11567,43.42529],[25.1128,43.42533],[25.11164,43.42214],[25.10906,43.42142],[25.11004,43.42031],[25.11447,43.42067],[25.11528,43.41932],[25.11487,43.41696],[25.11542,43.41587],[25.11519,43.41321],[25.11354,43.40813],[25.11282,43.40799],[25.1179,43.4072],[25.11923,43.40757],[25.12148,43.40594],[25.11631,43.40416],[25.11377,43.40567],[25.11621,43.40412],[25.12535,43.40677],[25.12962,43.4043],[25.1298,43.40246],[25.12524,43.4015],[25.12276,43.39998],[25.11908,43.39976],[25.12083,43.39812],[25.12183,43.39839],[25.12131,43.39787],[25.122,43.39749],[25.1228,43.39823],[25.12388,43.39832],[25.12927,43.3978],[25.13184,43.39364],[25.13187,43.38959],[25.12883,43.38955],[25.1291,43.38766],[25.13279,43.38752],[25.13304,43.38654],[25.13262,43.38626],[25.14217,43.3874],[25.1409,43.38737],[25.14072,43.39082],[25.13565,43.39072],[25.13359,43.3966],[25.13398,43.39669],[25.13384,43.39756],[25.13852,43.39895],[25.13456,43.40023],[25.13492,43.40136],[25.13629,43.40212],[25.13704,43.40384],[25.13681,43.40434],[25.13212,43.40344],[25.13001,43.40406],[25.13219,43.4058],[25.13473,43.41016],[25.14348,43.40765],[25.14474,43.40692],[25.14502,43.4072],[25.14588,43.4067],[25.1465,43.40726],[25.14745,43.40666],[25.14991,43.40445],[25.15097,43.40204],[25.15055,43.40169],[25.15275,43.40125],[25.15212,43.40029],[25.1533,43.40101],[25.15898,43.39452],[25.15754,43.39056],[25.1578,43.38826],[25.15741,43.38608],[25.15423,43.38001],[25.15538,43.37744],[25.16042,43.37278],[25.16314,43.3709],[25.16802,43.37048],[25.16986,43.36961],[25.17313,43.36409],[25.18244,43.35561],[25.18158,43.35467],[25.18173,43.35337],[25.18272,43.35307],[25.18303,43.35476],[25.18383,43.35308],[25.18164,43.35143],[25.17883,43.35232],[25.17864,43.353],[25.17789,43.34938],[25.17905,43.34877],[25.17979,43.34889],[25.17989,43.34849],[25.17871,43.34846],[25.17766,43.3478],[25.1776,43.34824],[25.17699,43.34829],[25.17587,43.34553],[25.17563,43.34622],[25.17611,43.34422],[25.17823,43.34083],[25.17739,43.34094],[25.17659,43.34033],[25.17663,43.33861],[25.17541,43.33909],[25.17554,43.34025],[25.1751,43.34105],[25.17284,43.34186],[25.17204,43.34109],[25.17367,43.34021],[25.17071,43.33892],[25.17044,43.33936],[25.17102,43.34008],[25.1709,43.34077],[25.16805,43.34161],[25.16733,43.34252],[25.1656,43.34089],[25.16412,43.34052],[25.16268,43.34195],[25.15993,43.34079],[25.15447,43.3416],[25.15195,43.34105],[25.14471,43.34078],[25.14491,43.34152],[25.14562,43.34143],[25.14666,43.34547],[25.14404,43.34583],[25.14259,43.34052],[25.13696,43.3408],[25.13344,43.34254],[25.12908,43.34272],[25.12987,43.34517],[25.1289,43.34534],[25.12259,43.342],[25.12316,43.34146],[25.12077,43.34011],[25.11971,43.34038],[25.122,43.33976],[25.12696,43.33994],[25.14595,43.33532],[25.14356,43.33321],[25.14028,43.33445],[25.13795,43.33438],[25.13583,43.33335],[25.13495,43.33193],[25.13727,43.33135],[25.1379,43.33066],[25.13772,43.32971],[25.13923,43.32909],[25.13726,43.32796],[25.13647,43.32953],[25.13435,43.32975],[25.1341,43.33098],[25.13359,43.33122],[25.13171,43.33049],[25.13033,43.3271],[25.12314,43.32782],[25.12305,43.33047],[25.12206,43.33147],[25.12067,43.33182],[25.1138,43.3303],[25.11318,43.32936],[25.11108,43.3286],[25.11124,43.32829],[25.10732,43.32701],[25.10643,43.32531],[25.10877,43.32476],[25.11241,43.32147],[25.11403,43.32403],[25.11182,43.32463],[25.1102,43.3258],[25.10991,43.32689],[25.11101,43.32759],[25.11581,43.32683],[25.11846,43.32469],[25.12135,43.32608],[25.13281,43.3254],[25.13699,43.32587],[25.13485,43.31801],[25.133,43.31431],[25.12806,43.31167],[25.12334,43.31022],[25.11473,43.30596],[25.11511,43.30537],[25.11407,43.30495],[25.11433,43.30411],[25.11226,43.30255],[25.11478,43.3005],[25.12377,43.3005],[25.12727,43.29997],[25.12716,43.30076],[25.12568,43.30131],[25.13366,43.30404],[25.13353,43.30079],[25.13738,43.30082],[25.13758,43.29985],[25.13907,43.29968],[25.13896,43.2993],[25.14038,43.30041],[25.13997,43.30125],[25.14073,43.30215],[25.14331,43.30101],[25.14337,43.30168],[25.14082,43.30381],[25.14214,43.30539],[25.14214,43.30625],[25.14171,43.30637],[25.14266,43.30693],[25.14196,43.30812],[25.14387,43.30901],[25.14189,43.30995],[25.14199,43.31058],[25.14149,43.31108],[25.1427,43.3117],[25.14265,43.31271],[25.14516,43.31375],[25.1423,43.31312],[25.14184,43.31391],[25.14022,43.31484],[25.14199,43.31579],[25.14419,43.31433],[25.14462,43.31512],[25.14535,43.31528],[25.14751,43.31536],[25.1479,43.3147],[25.15279,43.31652],[25.15278,43.31701],[25.1551,43.31854],[25.15466,43.31887],[25.15884,43.32328],[25.15792,43.32368],[25.15936,43.32544],[25.16091,43.32607],[25.16061,43.32712],[25.16149,43.32724],[25.16185,43.32596],[25.16479,43.32624],[25.17011,43.32778],[25.17356,43.32955],[25.17971,43.33091],[25.18485,43.33125],[25.18237,43.33202],[25.18596,43.33367],[25.18579,43.33432],[25.1862,43.33449],[25.1857,43.33488],[25.1862,43.33555],[25.18638,43.33787],[25.18506,43.34136],[25.18562,43.34317],[25.18669,43.34267],[25.18591,43.34442],[25.18815,43.34302],[25.18866,43.34372],[25.1872,43.34406],[25.18659,43.34472],[25.18725,43.35055],[25.18493,43.35563],[25.17993,43.36074],[25.18045,43.36286],[25.18169,43.36328],[25.18272,43.36445],[25.18337,43.36409],[25.18339,43.36345],[25.18449,43.36344],[25.18447,43.36529],[25.19028,43.36171],[25.20236,43.36088],[25.20017,43.35052],[25.19957,43.35056],[25.19922,43.3497],[25.19882,43.34973],[25.19885,43.3503],[25.19716,43.35042],[25.19717,43.34794],[25.19602,43.34639],[25.19637,43.34591],[25.19508,43.34552],[25.19503,43.34468],[25.19396,43.34474],[25.19409,43.3451],[25.19111,43.34443],[25.19614,43.34285],[25.19996,43.34039],[25.20017,43.33845],[25.20133,43.33712],[25.20015,43.33674],[25.20065,43.33592],[25.20075,43.33302],[25.1974,43.33185],[25.19968,43.3325],[25.20108,43.33188],[25.20011,43.33153],[25.20227,43.33165],[25.20233,43.33269],[25.20302,43.33324],[25.20235,43.33329],[25.20167,43.33463],[25.20282,43.33488],[25.20214,43.33494],[25.20205,43.33592],[25.20361,43.33708],[25.20514,43.33547],[25.20266,43.33917],[25.20369,43.34124],[25.20231,43.34179],[25.20318,43.34153],[25.20121,43.34348],[25.19883,43.34351],[25.19687,43.34669],[25.20244,43.35073],[25.20343,43.35074],[25.20587,43.34937],[25.2116,43.34738],[25.21202,43.34768],[25.20932,43.34895],[25.21088,43.3501],[25.2177,43.34756],[25.21942,43.3495],[25.21678,43.35033],[25.21804,43.35205],[25.21553,43.35193],[25.21599,43.35427],[25.21448,43.35438],[25.21527,43.35588],[25.21457,43.35622],[25.21624,43.35799],[25.21751,43.35767],[25.21898,43.35821],[25.22079,43.35765],[25.22088,43.35805],[25.22111,43.35722],[25.22194,43.35713],[25.22194,43.35659],[25.23709,43.35776],[25.24251,43.35661],[25.2476,43.35658],[25.24765,43.35576],[25.24804,43.35684],[25.25225,43.35625],[25.25313,43.35672],[25.25276,43.35631],[25.25332,43.35614],[25.25304,43.35449],[25.25192,43.35247],[25.25542,43.35192],[25.2561,43.35778],[25.2555,43.35842],[25.25198,43.35766],[25.2477,43.35803],[25.24737,43.35876],[25.2444,43.35786],[25.23943,43.35904],[25.23899,43.36054],[25.23862,43.35962],[25.23634,43.35893],[25.22995,43.35945],[25.22958,43.36042],[25.22994,43.3616],[25.22614,43.3619],[25.22623,43.36321],[25.22468,43.36284],[25.22241,43.36421],[25.22077,43.36433],[25.22043,43.36523],[25.21822,43.36516],[25.21853,43.36553],[25.21996,43.36544],[25.21964,43.36559],[25.21509,43.36564],[25.21391,43.36642],[25.2135,43.36609],[25.21127,43.36788],[25.21284,43.36922],[25.21003,43.36793],[25.20939,43.36863],[25.20909,43.36839],[25.21006,43.36944],[25.20758,43.36948],[25.20815,43.37384],[25.20691,43.37401],[25.20667,43.37445],[25.21001,43.37528],[25.21399,43.37463],[25.21418,43.37505],[25.21483,43.37498],[25.21681,43.37397],[25.2183,43.37518],[25.21678,43.37649],[25.21659,43.3772],[25.21796,43.3832],[25.21542,43.38298],[25.21428,43.38221],[25.21464,43.38309],[25.21305,43.38376],[25.2079,43.38426],[25.20525,43.38609],[25.20263,43.38651],[25.20223,43.38702],[25.20174,43.38657],[25.20043,43.38661],[25.20021,43.38785],[25.19976,43.38796],[25.19583,43.38774],[25.19368,43.38637],[25.19338,43.3852],[25.18663,43.38401],[25.1823,43.38387],[25.17736,43.38445],[25.17581,43.38546],[25.17508,43.38523],[25.17272,43.38817],[25.17309,43.38864],[25.17258,43.39013],[25.17316,43.39171],[25.17268,43.39311],[25.17093,43.39527],[25.17149,43.39687],[25.1703,43.39718],[25.1701,43.39608],[25.16875,43.39608],[25.16682,43.39946],[25.1674,43.40013],[25.16736,43.40154],[25.16907,43.40207],[25.16964,43.40399],[25.16921,43.4074],[25.17069,43.40843],[25.17263,43.40863],[25.17235,43.40993],[25.17118,43.41145],[25.17062,43.41134],[25.17116,43.41155],[25.17076,43.41275],[25.16969,43.41263],[25.16946,43.4131],[25.17003,43.4137],[25.16838,43.41339],[25.16701,43.41422],[25.1673,43.41457],[25.1662,43.41456],[25.16634,43.41504],[25.16557,43.41469],[25.16573,43.4158],[25.16399,43.41679],[25.16139,43.41674],[25.16145,43.4182],[25.16034,43.41706],[25.15816,43.41593],[25.15822,43.41516],[25.15867,43.41512],[25.15833,43.41438],[25.15422,43.41472],[25.15327,43.41508],[25.15321,43.41553],[25.15206,43.41564],[25.15194,43.41531],[25.15354,43.41365],[25.15506,43.4141],[25.15549,43.4136],[25.16178,43.41213],[25.16361,43.41127],[25.16381,43.41077],[25.16095,43.41017],[25.1599,43.40802],[25.16074,43.40827],[25.1618,43.40751],[25.16233,43.40536],[25.16489,43.40582],[25.16514,43.40546],[25.16456,43.40528],[25.16516,43.40428],[25.16452,43.40418],[25.16465,43.40374],[25.1625,43.40359],[25.16379,43.40294],[25.16172,43.40255],[25.15993,43.40277],[25.15858,43.4017],[25.15717,43.40142],[25.15686,43.40221],[25.15548,43.40305],[25.15343,43.40348],[25.15319,43.40374],[25.15436,43.40411],[25.15411,43.40669],[25.15242,43.40885],[25.14925,43.40984],[25.1474,43.4112],[25.14842,43.41256],[25.1484,43.41331],[25.1456,43.41438],[25.14625,43.41591],[25.14503,43.41608],[25.14521,43.41652],[25.13945,43.41746],[25.14985,43.4162],[25.15024,43.41745],[25.15151,43.41731],[25.15186,43.41939],[25.14752,43.41994],[25.14531,43.42093],[25.14201,43.4216],[25.14226,43.42706],[25.14523,43.42701],[25.14527,43.4278],[25.14992,43.4282],[25.1499,43.42895],[25.15282,43.42919],[25.15254,43.43113],[25.15496,43.43194],[25.1565,43.43344],[25.1582,43.43399],[25.15846,43.43462],[25.15798,43.4359],[25.15553,43.43628],[25.15491,43.43764],[25.15365,43.43852],[25.15381,43.43937],[25.15464,43.43953],[25.15389,43.44398],[25.1552,43.44395],[25.15521,43.44454],[25.15011,43.4465],[25.15049,43.44701],[25.15262,43.44768],[25.15173,43.44785],[25.15065,43.44726],[25.1506,43.44769],[25.15013,43.44759],[25.14924,43.44674],[25.1454,43.44673],[25.1427,43.44614],[25.14438,43.44773],[25.14714,43.44895],[25.14685,43.44998],[25.14778,43.45009],[25.14764,43.4515],[25.14834,43.452],[25.14777,43.45286],[25.1469,43.45312],[25.14704,43.45348],[25.13993,43.45509],[25.13985,43.45552],[25.14242,43.45764],[25.14464,43.45864],[25.14087,43.4616],[25.13709,43.46255],[25.13679,43.46302],[25.13757,43.46366],[25.13579,43.4632],[25.1345,43.46403],[25.13268,43.46404],[25.12887,43.46337],[25.12801,43.46372],[25.1279,43.4652],[25.124,43.46628],[25.1241,43.4668],[25.11954,43.46699],[25.11784,43.468],[25.11574,43.468],[25.11601,43.46886],[25.11534,43.46876],[25.11527,43.46927],[25.1134,43.4704],[25.10605,43.47062],[25.10529,43.47138],[25.09758,43.47184],[25.09676,43.47285],[25.09728,43.47381],[25.09539,43.47521],[25.09347,43.47348],[25.09388,43.47314],[25.09312,43.4724],[25.09197,43.47197],[25.09126,43.47075],[25.09231,43.47031],[25.09137,43.46924],[25.09057,43.46963],[25.09004,43.46908],[25.08788,43.46636],[25.08759,43.46536],[25.08111,43.46592],[25.08007,43.46217],[25.06484,43.4574],[25.05994,43.45642],[25.05314,43.45632],[25.05327,43.4613],[25.05471,43.46237],[25.05921,43.46196],[25.06257,43.46287],[25.06443,43.46099],[25.06524,43.46083],[25.07106,43.46262],[25.07226,43.46258],[25.0713,43.46544],[25.07171,43.46787],[25.0712,43.46878],[25.06939,43.46936],[25.07119,43.47082],[25.06919,43.47109],[25.06774,43.46816],[25.0703,43.47471],[25.06935,43.47488],[25.06962,43.47589],[25.07063,43.47576],[25.07091,43.47655],[25.07437,43.47627],[25.07461,43.47675],[25.07543,43.47673],[25.07567,43.47727],[25.07724,43.47766],[25.07696,43.47913],[25.07991,43.48066],[25.08391,43.48044],[25.07928,43.48048],[25.08033,43.4815],[25.08092,43.48358],[25.08228,43.48521],[25.08469,43.48656],[25.08812,43.48948],[25.08487,43.48675],[25.08226,43.48526],[25.08083,43.48355],[25.08019,43.48146],[25.07919,43.48059],[25.07538,43.47862],[25.07199,43.47761],[25.07069,43.47744],[25.06909,43.47794],[25.06884,43.47719],[25.06839,43.47799],[25.06729,43.47774],[25.06853,43.47663],[25.06751,43.47427],[25.06859,43.47429],[25.06865,43.4747],[25.06887,43.47438],[25.06845,43.4709],[25.06711,43.46806],[25.06599,43.46792],[25.06566,43.46893],[25.06187,43.46789],[25.06231,43.46653],[25.06158,43.46613],[25.0619,43.46324],[25.06245,43.46304],[25.06081,43.46273],[25.05826,43.46325],[25.05817,43.46521],[25.05685,43.46484],[25.05692,43.46303],[25.05425,43.46302],[25.04881,43.46338],[25.04896,43.4646],[25.04836,43.46444],[25.04656,43.46561],[25.04272,43.46661],[25.04004,43.46692],[25.03645,43.4665],[25.03573,43.46995],[25.03061,43.47042],[25.03052,43.47118],[25.02716,43.47146],[25.02732,43.4721],[25.02107,43.47291],[25.02044,43.47225],[25.02118,43.47422],[25.01278,43.47473],[25.01023,43.4742],[25.0051,43.4749],[25.00509,43.47556],[25.00646,43.47665],[25.00627,43.47703],[25.0054,43.47743],[25.00188,43.47731],[25.00085,43.47926],[24.99878,43.48048],[24.99893,43.48141],[24.99535,43.48194],[24.9956,43.4832],[24.99665,43.48423],[24.99475,43.48344],[24.99551,43.48374],[24.9947,43.4839],[24.9938,43.48516],[24.99138,43.48353],[24.9856,43.48351],[24.98352,43.48441],[24.98289,43.48511],[24.98296,43.48583],[24.98351,43.48587],[24.98226,43.48735],[24.99391,43.48953],[24.9945,43.48798],[24.99494,43.48955],[24.99984,43.49259],[24.9995,43.49344],[24.99971,43.49281],[24.99917,43.49224],[24.99793,43.49236],[25.00127,43.50093],[25.00557,43.50497],[25.0099,43.51028],[25.01156,43.50898],[25.01177,43.50753],[25.01295,43.50648],[25.01608,43.5082],[25.01445,43.50913],[25.01402,43.5113],[25.01589,43.51218],[25.01906,43.51118],[25.01931,43.51053],[25.01845,43.50956],[25.01923,43.50878],[25.0226,43.50803],[25.02417,43.50816],[25.02459,43.50996],[25.02337,43.51254],[25.02215,43.51321],[25.01998,43.51302],[25.01983,43.51347],[25.02112,43.51467],[25.02384,43.51499],[25.02408,43.51621],[25.02604,43.51731],[25.02643,43.51846],[25.02524,43.51999],[25.02591,43.52079],[25.02669,43.52081],[25.02787,43.52179],[25.03076,43.52073],[25.03113,43.5211],[25.03472,43.52009],[25.02943,43.52217],[25.0295,43.52289],[25.02803,43.52367],[25.02593,43.5277],[25.0259,43.52609],[25.0252,43.52623],[25.02513,43.52772],[25.02455,43.52778],[25.02477,43.52927],[25.02579,43.52929],[25.0263,43.53074],[25.02794,43.53118],[25.03033,43.52991],[25.0378,43.52878],[25.03867,43.52937],[25.03972,43.52921],[25.03993,43.53039],[25.04147,43.53002],[25.04175,43.53088],[25.04268,43.53145],[25.0442,43.53132],[25.04365,43.53028],[25.04775,43.52918],[25.04756,43.5286],[25.05051,43.52926],[25.04606,43.53142],[25.04671,43.53404],[25.04923,43.53445],[25.04989,43.54037],[25.05293,43.5403],[25.04814,43.54057],[25.04776,43.53822],[25.03929,43.53896],[25.03206,43.53661],[25.03154,43.53756],[25.02798,43.53667],[25.0272,43.54186],[25.03296,43.54302],[25.02148,43.54257],[25.0208,43.54209],[25.02366,43.54189],[25.02879,43.54265],[25.02632,43.54143],[25.02474,43.54173],[25.02034,43.54028],[25.02142,43.53944],[25.02498,43.53922],[25.02777,43.53668],[25.02774,43.53602],[25.02616,43.53467],[25.02398,43.53454],[25.02428,43.53414],[25.02145,43.53497],[25.0185,43.53918],[25.01639,43.53915],[25.01404,43.54332],[25.01109,43.54444],[25.00793,43.54462]]]},"properties":{"SiteCode":"BG0000239","SiteNameBG":"Обнова - Караман дол","SiteType":"SCI","SiteArea":10750.807000000001,"naturaClass":"habitats"}},{"type":"Feature","geometry":{"type":"MultiPolygon","coordinates":[[[[24.7655,43.68829],[24.75455,43.68369],[24.74723,43.68241],[24.74731,43.68196],[24.73543,43.68102],[24.72923,43.68161],[24.72789,43.67879],[24.73682,43.67632],[24.7388,43.6737],[24.73891,43.67196],[24.73798,43.67016],[24.73224,43.66528],[24.72892,43.65964],[24.72832,43.65974],[24.72769,43.65796],[24.72722,43.65805],[24.72723,43.65721],[24.7252,43.65545],[24.72148,43.65634],[24.72105,43.65543],[24.71827,43.65606],[24.71719,43.65362],[24.71574,43.6552],[24.71074,43.65446],[24.71095,43.65612],[24.71023,43.65617],[24.70304,43.65546],[24.70156,43.65477],[24.70162,43.65696],[24.70042,43.65825],[24.69975,43.65603],[24.69496,43.65643],[24.6965,43.65559],[24.69623,43.65449],[24.69275,43.65516],[24.69279,43.6543],[24.69046,43.65461],[24.69041,43.65364],[24.69699,43.65313],[24.7002,43.65228],[24.70123,43.65136],[24.70074,43.65107],[24.70351,43.64908],[24.70484,43.64649],[24.70516,43.64656],[24.70583,43.64518],[24.7049,43.64454],[24.70123,43.63569],[24.6961,43.635],[24.69655,43.63445],[24.6938,43.63316],[24.68889,43.63359],[24.68625,43.63321],[24.68526,43.63179],[24.68511,43.63042],[24.68926,43.6271],[24.68847,43.6261],[24.68492,43.6258],[24.68393,43.62509],[24.68304,43.62349],[24.68339,43.62275],[24.68444,43.62219],[24.67723,43.6154],[24.67453,43.61522],[24.6736,43.61576],[24.67324,43.61683],[24.6725,43.61614],[24.67069,43.61584],[24.66881,43.61436],[24.66857,43.61345],[24.669,43.61225],[24.67053,43.61123],[24.67266,43.61096],[24.67265,43.61047],[24.67628,43.61002],[24.67546,43.61],[24.67501,43.60832],[24.6752,43.60543],[24.67379,43.60368],[24.67049,43.60258],[24.66971,43.60306],[24.66923,43.60244],[24.66243,43.60184],[24.65976,43.60107],[24.65599,43.59829],[24.65179,43.59647],[24.64842,43.59338],[24.64264,43.59017],[24.6419,43.59059],[24.64287,43.5909],[24.64194,43.59355],[24.6423,43.59404],[24.63982,43.59367],[24.63583,43.59439],[24.63356,43.5931],[24.63311,43.59225],[24.6352,43.59398],[24.63384,43.59191],[24.63423,43.58938],[24.63361,43.58997],[24.63353,43.58952],[24.63419,43.58916],[24.63378,43.58841],[24.633,43.58834],[24.63529,43.58835],[24.63451,43.58488],[24.63043,43.5835],[24.6297,43.58211],[24.6298,43.58044],[24.63049,43.57958],[24.63386,43.57927],[24.63282,43.57684],[24.63089,43.57722],[24.63099,43.57636],[24.63179,43.5764],[24.63189,43.57568],[24.63243,43.57573],[24.63205,43.57432],[24.63371,43.57397],[24.6327,43.57223],[24.63311,43.57214],[24.63304,43.57083],[24.63349,43.57089],[24.63314,43.56937],[24.63077,43.56585],[24.63104,43.5667],[24.62696,43.56709],[24.62722,43.56977],[24.62611,43.5665],[24.62385,43.56751],[24.6216,43.5675],[24.6244,43.5693],[24.62516,43.57028],[24.61907,43.5659],[24.61676,43.56316],[24.61795,43.56292],[24.61791,43.56198],[24.61899,43.56106],[24.61887,43.55973],[24.61708,43.55953],[24.6165,43.55884],[24.61569,43.55452],[24.61438,43.55351],[24.61258,43.55337],[24.61204,43.55273],[24.61296,43.55202],[24.61321,43.55233],[24.61321,43.55189],[24.61248,43.55202],[24.61327,43.55178],[24.61305,43.55134],[24.61598,43.5506],[24.6158,43.55022],[24.61744,43.54958],[24.61691,43.54813],[24.61769,43.5465],[24.61777,43.54405],[24.61847,43.54177],[24.61833,43.54084],[24.61495,43.5407],[24.61094,43.53893],[24.61133,43.53713],[24.61307,43.53384],[24.61471,43.53393],[24.61385,43.53271],[24.61022,43.53103],[24.61055,43.53238],[24.60931,43.5327],[24.60817,43.53207],[24.60575,43.5334],[24.60576,43.53396],[24.60386,43.53361],[24.60304,43.53291],[24.60313,43.53206],[24.60471,43.53059],[24.60417,43.52962],[24.60265,43.52974],[24.59925,43.53178],[24.59689,43.53261],[24.59432,43.53168],[24.59434,43.52991],[24.59303,43.52893],[24.5912,43.52997],[24.58982,43.52938],[24.58867,43.53013],[24.58342,43.52834],[24.58372,43.52815],[24.58191,43.52642],[24.58152,43.52411],[24.58579,43.52159],[24.58544,43.52084],[24.58639,43.52074],[24.58748,43.51933],[24.58807,43.51761],[24.58804,43.51524],[24.583,43.5176],[24.58392,43.51874],[24.58257,43.51932],[24.58138,43.51717],[24.58691,43.51443],[24.58659,43.51408],[24.58919,43.51299],[24.58987,43.5118],[24.58532,43.50675],[24.58227,43.50454],[24.57536,43.50369],[24.57388,43.5031],[24.56889,43.49606],[24.56807,43.49639],[24.56608,43.49614],[24.56613,43.49466],[24.56479,43.49434],[24.56401,43.49601],[24.56298,43.49498],[24.55965,43.49407],[24.55866,43.49324],[24.55838,43.49375],[24.55357,43.49369],[24.55274,43.49331],[24.55253,43.49198],[24.55083,43.49224],[24.55276,43.49383],[24.54936,43.4911],[24.54876,43.49169],[24.5473,43.49066],[24.54671,43.49016],[24.54754,43.48962],[24.54687,43.48901],[24.54443,43.48969],[24.54257,43.48917],[24.54373,43.4892],[24.54344,43.48812],[24.54239,43.48845],[24.54045,43.48507],[24.54299,43.48475],[24.54287,43.48428],[24.54125,43.48421],[24.54135,43.48383],[24.54229,43.4837],[24.54183,43.48291],[24.54279,43.48223],[24.54275,43.48152],[24.5407,43.48132],[24.54174,43.47768],[24.54397,43.47553],[24.54887,43.47309],[24.54586,43.46979],[24.54898,43.47255],[24.54918,43.47354],[24.55281,43.47016],[24.55236,43.47017],[24.55325,43.46846],[24.55351,43.45935],[24.55532,43.45585],[24.55537,43.45453],[24.55456,43.45322],[24.5549,43.45273],[24.55373,43.45084],[24.54982,43.44628],[24.54721,43.44523],[24.54599,43.444],[24.54598,43.44263],[24.548,43.44039],[24.54865,43.43522],[24.55142,43.43485],[24.55253,43.43729],[24.55205,43.4401],[24.54883,43.4419],[24.54849,43.4432],[24.55414,43.44759],[24.55693,43.44835],[24.55759,43.44914],[24.55699,43.44959],[24.55779,43.45018],[24.55903,43.44998],[24.56012,43.44837],[24.56056,43.44963],[24.56002,43.44994],[24.56018,43.45077],[24.56053,43.45071],[24.55967,43.45124],[24.5601,43.45204],[24.55803,43.45442],[24.55905,43.45508],[24.55704,43.45778],[24.55786,43.45842],[24.55677,43.45872],[24.55641,43.46097],[24.55773,43.46078],[24.55778,43.46129],[24.55507,43.46438],[24.55538,43.46512],[24.55485,43.47028],[24.55426,43.47028],[24.55247,43.47195],[24.55314,43.47687],[24.54983,43.47826],[24.55227,43.48078],[24.55081,43.47866],[24.55235,43.4783],[24.55095,43.47869],[24.55224,43.47948],[24.55309,43.47903],[24.55401,43.48139],[24.55474,43.48127],[24.55547,43.48192],[24.55499,43.48261],[24.55766,43.48354],[24.5584,43.4849],[24.55832,43.48673],[24.55619,43.48817],[24.557,43.48819],[24.56,43.49097],[24.5617,43.48995],[24.56204,43.4904],[24.56334,43.48838],[24.5639,43.48648],[24.56841,43.48392],[24.56905,43.48324],[24.568,43.48338],[24.56875,43.48307],[24.58493,43.47967],[24.59792,43.47566],[24.59829,43.47495],[24.59855,43.47553],[24.60035,43.47584],[24.60523,43.47584],[24.60494,43.4732],[24.60432,43.47323],[24.60438,43.47277],[24.61033,43.47191],[24.61069,43.47285],[24.61341,43.4724],[24.61308,43.47142],[24.61726,43.47073],[24.62087,43.46863],[24.62142,43.46858],[24.62182,43.46917],[24.62398,43.4691],[24.63437,43.46482],[24.63498,43.46554],[24.6361,43.46541],[24.63632,43.466],[24.63576,43.46606],[24.63632,43.46781],[24.64028,43.46666],[24.64076,43.47052],[24.64386,43.46969],[24.6443,43.46767],[24.645,43.46702],[24.65015,43.46578],[24.65101,43.46808],[24.65088,43.47007],[24.65199,43.47238],[24.65367,43.47362],[24.65634,43.47196],[24.65652,43.46944],[24.65525,43.46564],[24.65368,43.46505],[24.65329,43.46432],[24.65921,43.46358],[24.6607,43.46421],[24.6651,43.46398],[24.66558,43.46478],[24.66735,43.46583],[24.67154,43.4719],[24.67233,43.47089],[24.67596,43.46921],[24.6763,43.46883],[24.67576,43.46835],[24.67679,43.46775],[24.67809,43.46785],[24.67832,43.46847],[24.68065,43.46954],[24.6808,43.47029],[24.68162,43.47066],[24.68269,43.47053],[24.68343,43.46961],[24.68308,43.47169],[24.68156,43.47207],[24.68175,43.47319],[24.68295,43.47247],[24.68028,43.47598],[24.67873,43.47609],[24.67681,43.48133],[24.67823,43.48209],[24.67888,43.48373],[24.68388,43.49008],[24.68498,43.4947],[24.68667,43.49772],[24.6914,43.49687],[24.69064,43.49372],[24.69302,43.49325],[24.69214,43.49053],[24.68372,43.48325],[24.68367,43.48223],[24.69018,43.4871],[24.69062,43.48673],[24.69378,43.48868],[24.69588,43.48911],[24.69564,43.48941],[24.69752,43.49026],[24.69808,43.49141],[24.69763,43.49022],[24.69877,43.4887],[24.69882,43.48755],[24.6995,43.48658],[24.70262,43.48566],[24.70478,43.48611],[24.7062,43.49724],[24.7081,43.49773],[24.70818,43.49839],[24.70703,43.49845],[24.70667,43.50028],[24.70319,43.49976],[24.7008,43.49849],[24.70058,43.49886],[24.69832,43.49835],[24.69586,43.49851],[24.69511,43.49878],[24.69532,43.50058],[24.69494,43.5014],[24.6957,43.50273],[24.69892,43.50253],[24.69838,43.50383],[24.70617,43.5029],[24.7141,43.5033],[24.71516,43.50732],[24.70243,43.50887],[24.696,43.50822],[24.69482,43.5074],[24.69194,43.50791],[24.68861,43.50774],[24.6885,43.50838],[24.68922,43.50848],[24.68676,43.50855],[24.68642,43.51075],[24.68505,43.51086],[24.68462,43.51143],[24.68585,43.51219],[24.68529,43.51347],[24.68412,43.51338],[24.68369,43.51396],[24.68787,43.51521],[24.69152,43.51525],[24.69247,43.51681],[24.69195,43.51721],[24.69249,43.51719],[24.69088,43.51772],[24.69004,43.52114],[24.68922,43.52124],[24.6894,43.52199],[24.68612,43.52241],[24.68266,43.5216],[24.67424,43.52256],[24.67387,43.52193],[24.67437,43.52023],[24.67217,43.51863],[24.67074,43.51687],[24.66852,43.51722],[24.67007,43.519],[24.66961,43.51912],[24.66779,43.51735],[24.66176,43.51864],[24.66283,43.52055],[24.6624,43.52128],[24.66554,43.52236],[24.66548,43.52292],[24.66918,43.52376],[24.67511,43.52365],[24.67512,43.52444],[24.67777,43.52422],[24.67813,43.52516],[24.67686,43.52527],[24.67696,43.52601],[24.67566,43.5261],[24.67555,43.52694],[24.67494,43.52707],[24.67492,43.5259],[24.6735,43.52592],[24.6734,43.52633],[24.6719,43.52586],[24.66848,43.52653],[24.66799,43.52687],[24.66891,43.52693],[24.66897,43.52755],[24.66773,43.52779],[24.66819,43.52962],[24.66776,43.52968],[24.66732,43.5289],[24.65657,43.52872],[24.65599,43.52815],[24.65425,43.52839],[24.65357,43.52803],[24.65235,43.52617],[24.65485,43.5275],[24.65733,43.52707],[24.6605,43.52726],[24.66076,43.52608],[24.65939,43.52592],[24.65965,43.52473],[24.65682,43.52371],[24.65442,43.52217],[24.65317,43.52059],[24.65253,43.51865],[24.64856,43.51877],[24.64873,43.52059],[24.64773,43.51947],[24.64652,43.51935],[24.64411,43.51974],[24.64089,43.5212],[24.6431,43.52272],[24.64011,43.52187],[24.63757,43.52351],[24.63564,43.52328],[24.63895,43.52083],[24.63756,43.51983],[24.6354,43.52089],[24.6346,43.52221],[24.63313,43.52292],[24.63255,43.52284],[24.6329,43.52261],[24.63237,43.52222],[24.63144,43.52331],[24.63086,43.52307],[24.62685,43.52668],[24.62567,43.52583],[24.62398,43.52584],[24.62546,43.52735],[24.62414,43.52737],[24.6211,43.52536],[24.62324,43.52583],[24.6228,43.52484],[24.62355,43.52447],[24.62361,43.52259],[24.62402,43.52204],[24.62791,43.52164],[24.62406,43.52235],[24.62522,43.52473],[24.63004,43.5227],[24.63174,43.52105],[24.63161,43.52018],[24.63269,43.52002],[24.63272,43.51785],[24.63498,43.51747],[24.63545,43.51639],[24.63642,43.51623],[24.63629,43.51535],[24.63958,43.51484],[24.63961,43.51389],[24.64011,43.51411],[24.64078,43.51357],[24.64173,43.51355],[24.64173,43.51428],[24.64296,43.51425],[24.64391,43.51062],[24.64568,43.51114],[24.64479,43.51137],[24.64404,43.51449],[24.64551,43.51475],[24.64551,43.51562],[24.64727,43.51555],[24.6484,43.51584],[24.64843,43.51628],[24.64985,43.51638],[24.65826,43.51582],[24.65825,43.51459],[24.65775,43.51437],[24.65858,43.51148],[24.65804,43.51103],[24.65813,43.51043],[24.65985,43.50816],[24.66163,43.50755],[24.66107,43.50795],[24.66137,43.50854],[24.6639,43.50866],[24.66445,43.51082],[24.66406,43.51198],[24.6618,43.51222],[24.66062,43.51606],[24.66626,43.51381],[24.67751,43.51215],[24.67686,43.51029],[24.67324,43.5074],[24.67185,43.50462],[24.6729,43.504],[24.67501,43.50609],[24.67575,43.506],[24.67613,43.50717],[24.67934,43.51014],[24.68134,43.50909],[24.68261,43.50776],[24.67805,43.50454],[24.67762,43.50343],[24.67852,43.50279],[24.6795,43.50275],[24.68414,43.50465],[24.68831,43.50558],[24.68822,43.50703],[24.69008,43.50774],[24.69321,43.50777],[24.69466,43.50734],[24.69428,43.50324],[24.693,43.50263],[24.69261,43.50182],[24.68634,43.49972],[24.68386,43.49796],[24.68274,43.49641],[24.68128,43.49519],[24.68085,43.49533],[24.67931,43.49301],[24.6787,43.49112],[24.678,43.49139],[24.67749,43.48884],[24.67528,43.49042],[24.6746,43.48808],[24.67634,43.48817],[24.67684,43.48767],[24.67303,43.4867],[24.67152,43.48685],[24.67085,43.48475],[24.66937,43.48421],[24.66864,43.48468],[24.66917,43.48697],[24.65697,43.48761],[24.65468,43.4884],[24.65341,43.48976],[24.67042,43.48854],[24.6713,43.49071],[24.66625,43.49121],[24.64984,43.49105],[24.64996,43.49405],[24.64953,43.49406],[24.64943,43.48792],[24.65025,43.48579],[24.64933,43.48568],[24.64923,43.48409],[24.65028,43.48361],[24.65001,43.47827],[24.64915,43.47646],[24.64666,43.47614],[24.64412,43.47503],[24.64694,43.47421],[24.64703,43.47294],[24.64657,43.47211],[24.64109,43.47151],[24.63778,43.47237],[24.63752,43.47186],[24.63621,43.47221],[24.63586,43.47149],[24.6334,43.4721],[24.63392,43.47165],[24.63024,43.47496],[24.62592,43.47697],[24.62639,43.47825],[24.62445,43.4784],[24.62313,43.47755],[24.61814,43.47945],[24.59792,43.48386],[24.5963,43.48287],[24.5943,43.48343],[24.59399,43.48287],[24.58843,43.48358],[24.58833,43.48325],[24.58315,43.48502],[24.57735,43.48516],[24.57558,43.48618],[24.57418,43.48629],[24.5752,43.48896],[24.57911,43.48848],[24.58147,43.48914],[24.58345,43.49005],[24.58762,43.49418],[24.58805,43.49573],[24.58755,43.49909],[24.58791,43.50079],[24.58867,43.49897],[24.58977,43.49917],[24.58899,43.50217],[24.59029,43.50343],[24.5909,43.50335],[24.5909,43.50435],[24.59162,43.50498],[24.5909,43.50453],[24.59081,43.5056],[24.58943,43.50584],[24.59013,43.50898],[24.59177,43.50959],[24.59116,43.51021],[24.59254,43.5117],[24.59431,43.51138],[24.5946,43.51172],[24.5943,43.51307],[24.59378,43.5131],[24.59402,43.51399],[24.59533,43.51383],[24.59531,43.51483],[24.59727,43.5144],[24.59723,43.5138],[24.59881,43.51412],[24.60113,43.5135],[24.60304,43.51496],[24.59855,43.51607],[24.59892,43.51735],[24.59972,43.5176],[24.6036,43.51705],[24.60407,43.51858],[24.60571,43.52036],[24.60455,43.52127],[24.60399,43.52142],[24.60419,43.52091],[24.59962,43.5221],[24.60036,43.52378],[24.6016,43.52457],[24.60025,43.52522],[24.60324,43.52697],[24.60999,43.52907],[24.61062,43.52875],[24.61003,43.52772],[24.61073,43.528],[24.60866,43.52504],[24.60855,43.52466],[24.60914,43.52435],[24.60985,43.5251],[24.60966,43.52569],[24.61184,43.52825],[24.61459,43.5278],[24.61356,43.52811],[24.61405,43.52872],[24.61279,43.52897],[24.61369,43.53],[24.61472,43.52961],[24.61518,43.53047],[24.61829,43.53022],[24.62174,43.52873],[24.61945,43.52994],[24.61621,43.53069],[24.61608,43.53127],[24.61483,43.5316],[24.61582,43.53244],[24.61735,43.53599],[24.62027,43.5349],[24.62197,43.53527],[24.62381,43.53677],[24.62212,43.53859],[24.62225,43.53923],[24.62414,43.53969],[24.62394,43.54089],[24.62277,43.54179],[24.62286,43.54365],[24.62823,43.5435],[24.62255,43.54439],[24.62322,43.54474],[24.62239,43.54493],[24.62311,43.54815],[24.62199,43.5482],[24.6239,43.55117],[24.62488,43.55103],[24.62751,43.54875],[24.6266,43.5482],[24.62752,43.54754],[24.62803,43.54622],[24.63421,43.54418],[24.63467,43.54176],[24.63568,43.54132],[24.63656,43.54258],[24.63919,43.543],[24.64809,43.53752],[24.64305,43.53892],[24.64854,43.53703],[24.65601,43.53853],[24.66122,43.53845],[24.65717,43.53952],[24.6542,43.5396],[24.6541,43.54077],[24.65827,43.54059],[24.65817,43.54102],[24.65501,43.54168],[24.65517,43.5424],[24.65662,43.54219],[24.65589,43.5455],[24.65158,43.54517],[24.65151,43.54755],[24.6522,43.54785],[24.64987,43.54741],[24.65053,43.54809],[24.65217,43.54797],[24.65173,43.54965],[24.6538,43.54993],[24.65292,43.55192],[24.65339,43.55205],[24.6532,43.55245],[24.65151,43.55259],[24.64457,43.54976],[24.63634,43.54914],[24.63115,43.55146],[24.63206,43.55298],[24.62734,43.55516],[24.62815,43.55662],[24.63164,43.555],[24.63187,43.55539],[24.63414,43.55478],[24.63463,43.55523],[24.63306,43.55595],[24.63371,43.55654],[24.63212,43.55724],[24.63243,43.5576],[24.63621,43.55549],[24.63696,43.55697],[24.63675,43.5577],[24.63941,43.5587],[24.63866,43.55977],[24.63516,43.55846],[24.63327,43.55853],[24.63263,43.55987],[24.63399,43.56058],[24.63106,43.56052],[24.632,43.56339],[24.63569,43.56416],[24.63566,43.56568],[24.64273,43.56576],[24.64022,43.58602],[24.64393,43.58646],[24.64417,43.58742],[24.64905,43.58664],[24.64756,43.58462],[24.64932,43.5838],[24.65136,43.58646],[24.65122,43.5871],[24.65397,43.58659],[24.65535,43.58691],[24.65326,43.58733],[24.65149,43.58844],[24.65247,43.59066],[24.6541,43.59183],[24.65669,43.59211],[24.6586,43.59108],[24.66197,43.59033],[24.66172,43.58973],[24.67461,43.59195],[24.67457,43.59291],[24.67096,43.59262],[24.6678,43.5944],[24.66803,43.59491],[24.66878,43.59492],[24.67114,43.59319],[24.67236,43.59299],[24.67255,43.59377],[24.6718,43.59343],[24.67061,43.59417],[24.67226,43.59548],[24.67207,43.59593],[24.66681,43.59675],[24.66532,43.59602],[24.66518,43.59685],[24.66311,43.59849],[24.66457,43.59943],[24.66537,43.60086],[24.66722,43.60026],[24.67079,43.60004],[24.67112,43.60136],[24.67397,43.60199],[24.67488,43.60311],[24.67878,43.60197],[24.68345,43.60199],[24.68358,43.60041],[24.68468,43.60214],[24.68062,43.60307],[24.67848,43.60499],[24.6788,43.60564],[24.67766,43.60732],[24.67701,43.60979],[24.67654,43.60984],[24.67777,43.61007],[24.67882,43.61402],[24.67947,43.61496],[24.68116,43.61648],[24.68348,43.61732],[24.68517,43.61853],[24.68691,43.62175],[24.68802,43.62131],[24.68758,43.62256],[24.6897,43.62448],[24.69602,43.62175],[24.6993,43.6246],[24.6931,43.62851],[24.69531,43.63132],[24.69776,43.63299],[24.69769,43.63339],[24.69839,43.63277],[24.70176,43.63494],[24.70502,43.63314],[24.70747,43.63314],[24.70794,43.63263],[24.70932,43.63247],[24.71008,43.63087],[24.70958,43.62996],[24.71052,43.63067],[24.71011,43.63195],[24.70934,43.63274],[24.70843,43.63291],[24.7103,43.63529],[24.71171,43.63822],[24.7147,43.63894],[24.71726,43.63742],[24.72053,43.63776],[24.72148,43.63882],[24.72075,43.64113],[24.71684,43.64387],[24.71606,43.64542],[24.71663,43.64869],[24.71876,43.64911],[24.7218,43.64707],[24.72992,43.65266],[24.73334,43.65028],[24.73514,43.65046],[24.73625,43.65111],[24.73673,43.65201],[24.73638,43.65364],[24.73327,43.65844],[24.73299,43.65828],[24.73271,43.6595],[24.73521,43.66466],[24.73971,43.66273],[24.74114,43.6606],[24.74147,43.65881],[24.74393,43.65743],[24.74371,43.6579],[24.74477,43.65872],[24.7464,43.6618],[24.74542,43.66322],[24.74341,43.66434],[24.74312,43.66564],[24.74714,43.66671],[24.75163,43.66696],[24.75207,43.66822],[24.75019,43.67216],[24.74968,43.67606],[24.74902,43.6762],[24.74902,43.67483],[24.74722,43.67562],[24.74681,43.67666],[24.74734,43.67769],[24.74653,43.67835],[24.74636,43.67984],[24.74858,43.68078],[24.76039,43.68272],[24.76249,43.68273],[24.76361,43.68187],[24.76379,43.68218],[24.76172,43.6833],[24.76279,43.68393],[24.76413,43.68321],[24.76575,43.68442],[24.76556,43.68682],[24.76628,43.68767],[24.7655,43.68829]]],[[[24.46006,43.42629],[24.45962,43.42632],[24.45967,43.42693],[24.45818,43.4271],[24.45797,43.42615],[24.45651,43.42658],[24.45645,43.4262],[24.46072,43.42482],[24.46356,43.42324],[24.45677,43.42043],[24.44638,43.41944],[24.44596,43.42018],[24.44306,43.4194],[24.44313,43.41854],[24.43997,43.41783],[24.43593,43.41792],[24.43579,43.41826],[24.43315,43.41798],[24.43348,43.41807],[24.43301,43.41818],[24.43272,43.42287],[24.43035,43.4237],[24.4305,43.42404],[24.42374,43.42607],[24.42304,43.4248],[24.42421,43.42446],[24.42383,43.42305],[24.42642,43.42059],[24.42186,43.41935],[24.41008,43.42241],[24.40958,43.42168],[24.41276,43.41929],[24.41367,43.41699],[24.41146,43.41729],[24.41146,43.41663],[24.41028,43.41629],[24.40962,43.41186],[24.40183,43.41175],[24.40041,43.41222],[24.40046,43.41188],[24.39953,43.41173],[24.39524,43.4116],[24.38693,43.41026],[24.38251,43.41019],[24.3826,43.40888],[24.37671,43.40764],[24.37204,43.40595],[24.37199,43.40547],[24.37059,43.40461],[24.3714,43.40389],[24.37283,43.40376],[24.37267,43.40257],[24.37315,43.40223],[24.37256,43.40219],[24.37384,43.40233],[24.37536,43.39953],[24.37495,43.39941],[24.3757,43.39757],[24.37591,43.39849],[24.37654,43.39715],[24.37509,43.39633],[24.37472,43.39731],[24.37377,43.3972],[24.37405,43.39636],[24.36834,43.39589],[24.36722,43.39492],[24.36794,43.39473],[24.36817,43.39399],[24.36754,43.39314],[24.36826,43.39353],[24.3689,43.39322],[24.3674,43.3929],[24.36897,43.39314],[24.36932,43.39278],[24.36907,43.39216],[24.36973,43.39176],[24.36996,43.39213],[24.37052,43.39155],[24.37024,43.39059],[24.37085,43.39027],[24.37112,43.39075],[24.37159,43.39026],[24.37119,43.38995],[24.37172,43.3903],[24.37282,43.38876],[24.36737,43.3874],[24.36744,43.38697],[24.36658,43.38649],[24.36787,43.3859],[24.36776,43.38512],[24.36618,43.38451],[24.36568,43.3848],[24.36315,43.38432],[24.36294,43.38487],[24.3619,43.38466],[24.36181,43.38518],[24.36064,43.38511],[24.36087,43.38536],[24.35746,43.38527],[24.35769,43.38434],[24.35839,43.38373],[24.36043,43.38384],[24.36176,43.37954],[24.36059,43.37958],[24.3605,43.37885],[24.36213,43.37883],[24.36294,43.37582],[24.36206,43.37515],[24.36464,43.37488],[24.36776,43.37621],[24.36421,43.38078],[24.36649,43.38261],[24.36442,43.38229],[24.36429,43.38331],[24.36638,43.38357],[24.36935,43.38474],[24.36925,43.38536],[24.36876,43.38534],[24.36974,43.38627],[24.374,43.38826],[24.37619,43.3881],[24.37654,43.38896],[24.37571,43.39024],[24.37494,43.38997],[24.37266,43.39176],[24.37231,43.39298],[24.37394,43.39338],[24.37378,43.39376],[24.37509,43.39411],[24.37524,43.39381],[24.37872,43.39501],[24.37834,43.39561],[24.3791,43.39561],[24.37854,43.39646],[24.37962,43.3969],[24.37872,43.39825],[24.37751,43.39786],[24.38138,43.39924],[24.37801,43.40365],[24.38736,43.40544],[24.39038,43.40508],[24.39105,43.40584],[24.39648,43.40583],[24.39641,43.40663],[24.39869,43.40656],[24.40234,43.4054],[24.40296,43.40704],[24.40397,43.40669],[24.40341,43.40523],[24.40495,43.40516],[24.40515,43.40427],[24.41345,43.40378],[24.4139,43.40272],[24.41554,43.4034],[24.41763,43.40085],[24.42048,43.40118],[24.42493,43.40037],[24.43193,43.40333],[24.42725,43.40145],[24.42828,43.40421],[24.42558,43.4046],[24.42562,43.40727],[24.42898,43.40736],[24.42911,43.40967],[24.42261,43.41028],[24.41179,43.40961],[24.41164,43.41171],[24.42246,43.41278],[24.42238,43.41405],[24.41914,43.4134],[24.41864,43.4145],[24.42083,43.415],[24.42028,43.41629],[24.4209,43.41756],[24.42676,43.41685],[24.42667,43.41636],[24.42816,43.41619],[24.42968,43.41735],[24.43056,43.41742],[24.43126,43.41733],[24.43167,43.41655],[24.43487,43.41618],[24.44103,43.4169],[24.44595,43.41533],[24.4476,43.41683],[24.45086,43.41496],[24.45098,43.4128],[24.45231,43.41205],[24.45458,43.41274],[24.45416,43.41351],[24.45306,43.41339],[24.45285,43.41414],[24.45149,43.41411],[24.45173,43.4168],[24.45295,43.41691],[24.45304,43.41842],[24.45104,43.41845],[24.45735,43.41949],[24.46209,43.42147],[24.46557,43.42221],[24.46529,43.42307],[24.46682,43.42331],[24.4685,43.42293],[24.46873,43.42393],[24.47224,43.42405],[24.48182,43.42222],[24.48223,43.42371],[24.48871,43.42366],[24.48919,43.42162],[24.48611,43.42068],[24.4905,43.41974],[24.49181,43.42077],[24.49546,43.41995],[24.49981,43.42423],[24.49798,43.4254],[24.50113,43.42676],[24.49074,43.42408],[24.48708,43.42386],[24.47794,43.42402],[24.46642,43.42675],[24.46402,43.42669],[24.46393,43.42561],[24.46353,43.42557],[24.462,43.42556],[24.46205,43.4262],[24.46006,43.42629]]],[[[24.78958,43.6975],[24.7872,43.69769],[24.78307,43.69588],[24.78164,43.69448],[24.78106,43.69513],[24.77942,43.69348],[24.77511,43.691],[24.77617,43.69055],[24.77955,43.69258],[24.78091,43.69277],[24.78181,43.69215],[24.7814,43.6918],[24.78424,43.69018],[24.78534,43.69019],[24.78738,43.69117],[24.78691,43.69041],[24.78906,43.69047],[24.78982,43.68848],[24.78645,43.68765],[24.78134,43.68854],[24.78135,43.68775],[24.78077,43.68743],[24.77973,43.68516],[24.77851,43.68483],[24.77721,43.68363],[24.77582,43.68323],[24.77144,43.68409],[24.7687,43.68213],[24.76935,43.68177],[24.76897,43.68141],[24.76826,43.68178],[24.7684,43.6814],[24.76756,43.68116],[24.76713,43.68148],[24.76464,43.68117],[24.76575,43.67971],[24.76517,43.67892],[24.76374,43.67984],[24.76355,43.68053],[24.76297,43.68034],[24.75978,43.67764],[24.75879,43.67618],[24.76128,43.67533],[24.76125,43.67625],[24.76618,43.67514],[24.76647,43.67579],[24.76573,43.67622],[24.76594,43.6769],[24.77245,43.67583],[24.77284,43.67618],[24.76827,43.6771],[24.76692,43.67804],[24.77204,43.67871],[24.77211,43.67932],[24.77267,43.67937],[24.77475,43.67931],[24.77535,43.67846],[24.7825,43.67768],[24.78281,43.68009],[24.78205,43.68053],[24.78184,43.68305],[24.78038,43.68305],[24.78072,43.68365],[24.78276,43.68412],[24.78257,43.6854],[24.78305,43.68548],[24.78314,43.68462],[24.78497,43.68492],[24.7843,43.68699],[24.78889,43.68734],[24.78858,43.68636],[24.78736,43.68558],[24.78798,43.68566],[24.79032,43.6874],[24.78895,43.68662],[24.78954,43.68752],[24.79186,43.68886],[24.7929,43.69042],[24.794,43.69039],[24.79297,43.69059],[24.79383,43.69158],[24.79404,43.69362],[24.79572,43.69341],[24.79495,43.69398],[24.79587,43.69498],[24.79427,43.69481],[24.7922,43.69646],[24.79031,43.69704],[24.79334,43.69489],[24.79404,43.69497],[24.79435,43.69426],[24.79351,43.69372],[24.79275,43.69201],[24.79008,43.69041],[24.79117,43.69154],[24.79128,43.69227],[24.78996,43.69157],[24.78854,43.693],[24.79006,43.69336],[24.78957,43.69401],[24.78985,43.69418],[24.79074,43.69362],[24.79052,43.69303],[24.79102,43.69362],[24.79078,43.69487],[24.792,43.6948],[24.79082,43.69491],[24.78958,43.6975]]]]},"properties":{"SiteCode":"BG0000181","SiteNameBG":"Река Вит","SiteType":"SCI","SiteArea":5717.1651302800001,"naturaClass":"habitats"}},{"type":"Feature","geometry":{"type":"Polygon","coordinates":[[[22.90109,42.00079],[22.89844,42.00446],[22.89007,42.00825],[22.88992,42.00382],[22.89066,42.00254],[22.89268,42.00179],[22.89388,42.0002],[22.89351,41.9992],[22.89101,41.99715],[22.89217,41.99604],[22.89051,41.99467],[22.88898,41.99446],[22.88526,41.99432],[22.87752,41.99519],[22.87665,41.995],[22.87479,41.99329],[22.87491,41.99149],[22.87647,41.99106],[22.87879,41.98918],[22.87961,41.98659],[22.87504,41.97922],[22.87534,41.97907],[22.87479,41.97781],[22.87765,41.97664],[22.88401,41.97626],[22.88476,41.97482],[22.88672,41.97505],[22.88812,41.97379],[22.88796,41.9728],[22.88675,41.97128],[22.88827,41.9715],[22.89115,41.96768],[22.89366,41.96613],[22.8931,41.96463],[22.88867,41.96529],[22.88949,41.9627],[22.89144,41.95966],[22.89045,41.95799],[22.89069,41.95439],[22.88905,41.95253],[22.88734,41.95182],[22.88744,41.95035],[22.88889,41.94819],[22.89067,41.94776],[22.89128,41.94516],[22.89412,41.94526],[22.89806,41.93869],[22.89813,41.93755],[22.89689,41.93636],[22.89389,41.93527],[22.89329,41.93443],[22.89136,41.9337],[22.89334,41.93017],[22.89372,41.92773],[22.89485,41.92711],[22.89536,41.92598],[22.89522,41.92483],[22.89441,41.92382],[22.89428,41.92234],[22.89259,41.9213],[22.89117,41.91963],[22.89245,41.91639],[22.89353,41.91612],[22.89473,41.91326],[22.89343,41.91125],[22.89364,41.91031],[22.89615,41.90889],[22.89612,41.9077],[22.89683,41.90616],[22.89792,41.90555],[22.89805,41.90469],[22.8994,41.90404],[22.89901,41.90197],[22.89783,41.90051],[22.89686,41.89793],[22.89761,41.89653],[22.89712,41.89511],[22.89757,41.89396],[22.89883,41.89376],[22.90201,41.89174],[22.90172,41.89106],[22.8995,41.88945],[22.89975,41.88807],[22.89904,41.88738],[22.89966,41.88644],[22.89939,41.88587],[22.90066,41.88507],[22.90074,41.88436],[22.9002,41.88396],[22.90065,41.88301],[22.90116,41.88217],[22.90196,41.8819],[22.9012,41.88063],[22.90153,41.87778],[22.90273,41.87574],[22.90733,41.87543],[22.90876,41.87699],[22.91091,41.8777],[22.91135,41.87834],[22.91336,41.87687],[22.91286,41.87608],[22.91446,41.87656],[22.91589,41.87615],[22.91654,41.87452],[22.91874,41.87337],[22.92022,41.86997],[22.92223,41.86904],[22.92329,41.86762],[22.92406,41.86739],[22.92487,41.86442],[22.92768,41.86246],[22.92786,41.86193],[22.92682,41.86029],[22.92756,41.85846],[22.92844,41.85792],[22.92905,41.85654],[22.93031,41.85608],[22.93128,41.85171],[22.93219,41.84993],[22.93368,41.84817],[22.93521,41.84732],[22.937,41.84709],[22.94222,41.85097],[22.94476,41.85195],[22.9457,41.85097],[22.94812,41.85041],[22.95133,41.84775],[22.95122,41.84584],[22.95184,41.84549],[22.95863,41.84757],[22.96025,41.8486],[22.96374,41.849],[22.97314,41.85163],[22.97549,41.85149],[22.97601,41.85281],[22.9802,41.85256],[22.98251,41.85561],[22.98716,41.85722],[22.99423,41.85812],[22.99774,41.86066],[23.00273,41.86035],[23.00368,41.85893],[23.01036,41.85916],[23.01414,41.86091],[23.01735,41.8649],[23.01764,41.86713],[23.02146,41.87166],[23.02593,41.87972],[23.02664,41.88217],[23.03126,41.88443],[23.03057,41.88505],[23.03065,41.88731],[23.0326,41.89061],[23.03245,41.89306],[23.02892,41.89423],[23.0282,41.89533],[23.02716,41.90175],[23.02769,41.90355],[23.02994,41.90573],[23.03178,41.9074],[23.0392,41.90976],[23.04503,41.9098],[23.04867,41.91041],[23.04967,41.91157],[23.05052,41.91532],[23.05438,41.91593],[23.059,41.91803],[23.06307,41.91865],[23.07726,41.9235],[23.08436,41.92406],[23.09149,41.92398],[23.09189,41.92356],[23.08934,41.92332],[23.08933,41.92236],[23.0927,41.9216],[23.09638,41.92288],[23.09736,41.92209],[23.097,41.92148],[23.09798,41.92091],[23.10268,41.92187],[23.10384,41.92191],[23.10489,41.92108],[23.10669,41.92151],[23.10551,41.92372],[23.1044,41.92332],[23.10372,41.9254],[23.10315,41.92573],[23.10327,41.92675],[23.10164,41.92806],[23.10235,41.92842],[23.10231,41.9291],[23.09978,41.93161],[23.09487,41.93144],[23.09394,41.93168],[23.09391,41.93209],[23.09209,41.93203],[23.09224,41.93258],[23.09186,41.93275],[23.09059,41.93279],[23.09068,41.93369],[23.09187,41.9342],[23.09228,41.93637],[23.0936,41.93778],[23.09514,41.93638],[23.09528,41.93416],[23.09668,41.93296],[23.10317,41.9332],[23.10627,41.93254],[23.10816,41.93103],[23.10871,41.92755],[23.11033,41.92764],[23.11151,41.92487],[23.11583,41.92271],[23.11853,41.92022],[23.12218,41.92077],[23.12736,41.92302],[23.13234,41.92338],[23.13357,41.92412],[23.13821,41.92467],[23.1376,41.92359],[23.14228,41.92352],[23.14446,41.92259],[23.14632,41.92306],[23.14912,41.9226],[23.15052,41.92296],[23.15268,41.92551],[23.15298,41.92877],[23.15127,41.92899],[23.14724,41.92608],[23.14584,41.92597],[23.14557,41.92715],[23.15043,41.93053],[23.15487,41.93057],[23.15655,41.93192],[23.15799,41.93229],[23.15911,41.93372],[23.16317,41.93558],[23.16306,41.93627],[23.16436,41.93757],[23.16661,41.94247],[23.16599,41.94419],[23.16684,41.94561],[23.16637,41.94735],[23.16715,41.94882],[23.16665,41.95102],[23.16762,41.95286],[23.16928,41.95313],[23.17003,41.95406],[23.16982,41.95478],[23.17155,41.95543],[23.17081,41.95616],[23.17123,41.95721],[23.16698,41.95809],[23.16383,41.96],[23.16108,41.95985],[23.15967,41.9607],[23.15834,41.96062],[23.15598,41.96135],[23.15329,41.96118],[23.15311,41.96062],[23.15008,41.9595],[23.14769,41.95755],[23.14389,41.95626],[23.14303,41.95649],[23.1424,41.95754],[23.14038,41.95732],[23.13733,41.95499],[23.13243,41.9571],[23.12812,41.95677],[23.12675,41.9556],[23.12463,41.95218],[23.12359,41.95189],[23.12263,41.95259],[23.12247,41.95478],[23.12637,41.95878],[23.12565,41.96036],[23.12593,41.96341],[23.12477,41.96695],[23.1191,41.96996],[23.11179,41.97195],[23.10892,41.97218],[23.10588,41.97161],[23.10154,41.96958],[23.10043,41.96981],[23.10101,41.97109],[23.10432,41.97322],[23.10484,41.97423],[23.10315,41.97439],[23.09843,41.97229],[23.0986,41.96959],[23.10181,41.96625],[23.10439,41.96564],[23.10715,41.95452],[23.10591,41.95206],[23.10116,41.95034],[23.10082,41.94826],[23.10354,41.94541],[23.1036,41.94438],[23.10301,41.94281],[23.10236,41.94249],[23.10257,41.9421],[23.09845,41.94155],[23.09726,41.94227],[23.09805,41.94313],[23.09314,41.94568],[23.09304,41.94814],[23.09343,41.94967],[23.09791,41.95132],[23.09964,41.95139],[23.09984,41.95104],[23.10145,41.95194],[23.10262,41.95348],[23.10268,41.95442],[23.10173,41.9544],[23.09919,41.956],[23.09772,41.95352],[23.09518,41.95435],[23.09342,41.95565],[23.09362,41.95674],[23.09466,41.95759],[23.0971,41.95767],[23.09473,41.96084],[23.09123,41.96031],[23.08598,41.96155],[23.0847,41.96029],[23.08242,41.96204],[23.08207,41.96325],[23.08696,41.96341],[23.08686,41.96503],[23.08319,41.96714],[23.08186,41.96669],[23.07987,41.96804],[23.07542,41.96525],[23.06663,41.95784],[23.06868,41.95548],[23.07067,41.95141],[23.07115,41.9487],[23.06938,41.94818],[23.06854,41.94617],[23.06631,41.94502],[23.06375,41.94516],[23.0625,41.94586],[23.06103,41.95018],[23.06174,41.95198],[23.06163,41.95297],[23.06102,41.95297],[23.05908,41.95125],[23.05859,41.94988],[23.05697,41.95017],[23.05535,41.95117],[23.05361,41.95066],[23.05186,41.95126],[23.05151,41.95077],[23.0488,41.95068],[23.04614,41.95115],[23.04457,41.95222],[23.03729,41.95422],[23.03146,41.95428],[23.03109,41.95289],[23.0302,41.95234],[23.03074,41.95116],[23.03241,41.95018],[23.0357,41.94975],[23.03803,41.94834],[23.0398,41.94614],[23.03579,41.94394],[23.03188,41.9438],[23.02988,41.9427],[23.0293,41.94096],[23.02983,41.93978],[23.03172,41.93898],[23.03766,41.93902],[23.03871,41.9374],[23.03883,41.93544],[23.03814,41.93428],[23.03397,41.93253],[23.03003,41.92913],[23.02639,41.92848],[23.0266,41.92505],[23.02572,41.92073],[23.0249,41.91915],[23.02502,41.91528],[23.0228,41.91464],[23.02196,41.91521],[23.02152,41.91467],[23.02072,41.91467],[23.01741,41.91602],[23.01663,41.91546],[23.01656,41.9142],[23.01557,41.91379],[23.01465,41.91584],[23.01289,41.91645],[23.01129,41.91584],[23.00853,41.91598],[23.00351,41.91816],[22.99954,41.91927],[22.99694,41.91824],[22.99497,41.92037],[22.99361,41.92082],[22.99091,41.91979],[22.98791,41.91753],[22.9867,41.91741],[22.98487,41.91861],[22.98301,41.9179],[22.98223,41.91595],[22.98065,41.91443],[22.97405,41.91136],[22.9744,41.90873],[22.97533,41.90661],[22.97102,41.90577],[22.96959,41.90488],[22.96795,41.90325],[22.96699,41.90092],[22.9652,41.90156],[22.96371,41.90152],[22.96259,41.90267],[22.96092,41.90189],[22.95684,41.90586],[22.95412,41.90679],[22.95373,41.90885],[22.95247,41.91122],[22.95268,41.91191],[22.95385,41.91159],[22.95734,41.90836],[22.96063,41.90897],[22.96139,41.90971],[22.95914,41.91215],[22.95707,41.91145],[22.95631,41.91189],[22.95645,41.91291],[22.95902,41.91615],[22.95854,41.9164],[22.95745,41.91651],[22.94665,41.9099],[22.94449,41.90904],[22.94026,41.90609],[22.93342,41.90612],[22.93133,41.90589],[22.92964,41.90513],[22.93029,41.90682],[22.9287,41.90744],[22.92867,41.90799],[22.93686,41.9074],[22.94192,41.91028],[22.94681,41.91441],[22.946,41.91551],[22.94483,41.91556],[22.93941,41.91486],[22.93875,41.91441],[22.93496,41.91866],[22.93758,41.92135],[22.93613,41.92165],[22.93437,41.92295],[22.93431,41.92393],[22.93491,41.92477],[22.93898,41.92492],[22.94655,41.92271],[22.94738,41.92443],[22.94832,41.92427],[22.9513,41.92568],[22.95125,41.9265],[22.95231,41.92719],[22.95225,41.92801],[22.95696,41.92915],[22.95762,41.92805],[22.95573,41.92713],[22.95533,41.92647],[22.95673,41.92596],[22.9618,41.9288],[22.96412,41.93088],[22.96399,41.93149],[22.96597,41.93308],[22.9659,41.93413],[22.97001,41.93415],[22.97001,41.93504],[22.97099,41.93584],[22.97118,41.93657],[22.97073,41.93668],[22.97377,41.93873],[22.9755,41.9414],[22.97527,41.94208],[22.97374,41.94203],[22.97149,41.94293],[22.96891,41.94563],[22.95802,41.9513],[22.95641,41.95316],[22.95174,41.95337],[22.95099,41.95482],[22.94778,41.957],[22.94355,41.958],[22.9405,41.95772],[22.93537,41.95902],[22.92906,41.95814],[22.92486,41.95828],[22.92439,41.95794],[22.9254,41.95671],[22.92533,41.95615],[22.92264,41.9562],[22.92185,41.9567],[22.92214,41.95727],[22.92127,41.95816],[22.92071,41.96043],[22.91725,41.96322],[22.92016,41.96593],[22.92007,41.9673],[22.9188,41.96787],[22.91699,41.96734],[22.91183,41.96918],[22.91111,41.97456],[22.90991,41.97288],[22.91,41.96967],[22.90651,41.9708],[22.90194,41.97492],[22.89789,41.97502],[22.89762,41.97927],[22.89539,41.98127],[22.8909,41.98175],[22.89247,41.98459],[22.89421,41.98482],[22.89779,41.98724],[22.89891,41.98695],[22.89917,41.98631],[22.90005,41.98634],[22.90011,41.98529],[22.90154,41.98255],[22.90252,41.98188],[22.90682,41.98064],[22.90868,41.98082],[22.90967,41.98249],[22.90967,41.98493],[22.91189,41.98676],[22.91392,41.98683],[22.91466,41.98744],[22.91106,41.99],[22.90846,41.98909],[22.90687,41.98717],[22.90276,41.98795],[22.90041,41.98777],[22.89902,41.98859],[22.89617,41.98849],[22.89567,41.98946],[22.89346,41.9897],[22.89261,41.98935],[22.89254,41.99033],[22.89114,41.99159],[22.89108,41.99257],[22.89255,41.9936],[22.89743,41.99279],[22.90466,41.99993],[22.9031,42.0002],[22.90139,41.99949],[22.90109,42.00079]],[[22.97842,41.90046],[22.97707,41.90094],[22.97705,41.90436],[22.98004,41.90449],[22.98136,41.90535],[22.98465,41.90397],[22.98573,41.90526],[22.98754,41.9056],[22.99562,41.90415],[22.99852,41.90744],[23.00288,41.90993],[23.00362,41.91117],[23.00455,41.91501],[23.00583,41.91509],[23.00744,41.91346],[23.01207,41.91165],[23.01572,41.91104],[23.01367,41.90884],[23.01322,41.9072],[23.01686,41.9055],[23.01775,41.90431],[23.01779,41.90253],[23.01329,41.89549],[23.01666,41.89335],[23.01759,41.89225],[23.01485,41.89119],[23.01366,41.88953],[23.01115,41.88865],[23.01001,41.88902],[23.00912,41.89021],[23.00606,41.89132],[23.00415,41.89146],[23.0033,41.89204],[23.00144,41.89136],[23.00258,41.89059],[23.00303,41.88943],[23.00074,41.88876],[22.99985,41.88921],[22.99906,41.88806],[22.99518,41.88792],[22.99506,41.8863],[22.99406,41.88498],[22.99355,41.88286],[22.99213,41.88136],[22.99201,41.8799],[22.9894,41.88013],[22.98751,41.87926],[22.98126,41.87904],[22.97917,41.87784],[22.97861,41.87652],[22.97404,41.87805],[22.97027,41.87863],[22.97024,41.87897],[22.9648,41.87975],[22.96395,41.8794],[22.96639,41.87852],[22.96645,41.87756],[22.95852,41.87765],[22.95585,41.88015],[22.95603,41.8818],[22.95552,41.8826],[22.95253,41.88485],[22.9492,41.88628],[22.94935,41.88414],[22.94769,41.88407],[22.94781,41.88796],[22.94891,41.88957],[22.94744,41.89079],[22.94552,41.89053],[22.94502,41.89085],[22.94362,41.89423],[22.94288,41.89497],[22.93955,41.89474],[22.9403,41.8973],[22.94229,41.89845],[22.94326,41.89821],[22.94464,41.89673],[22.94823,41.89653],[22.95152,41.89515],[22.9553,41.89485],[22.95654,41.89564],[22.95765,41.89513],[22.96242,41.89471],[22.97113,41.89141],[22.97069,41.89013],[22.96969,41.88954],[22.96773,41.8893],[22.96583,41.88813],[22.96569,41.88653],[22.96492,41.88616],[22.96519,41.88546],[22.9705,41.88452],[22.97433,41.88466],[22.97744,41.88589],[22.98056,41.88823],[22.98154,41.88955],[22.97812,41.89115],[22.97744,41.89097],[22.97631,41.88944],[22.97467,41.8895],[22.9753,41.8916],[22.97458,41.89387],[22.9723,41.89406],[22.96999,41.89549],[22.97113,41.89623],[22.97045,41.89916],[22.97071,41.89974],[22.97293,41.90014],[22.9757,41.89713],[22.97859,41.89643],[22.98001,41.89685],[22.98117,41.89949],[22.97842,41.90046]]]},"properties":{"SiteCode":"BG0001022","SiteNameBG":"Орановски пролом - Лешко","SiteType":"SCI","SiteArea":13245.4698257,"naturaClass":"habitats"}},{"type":"Feature","geometry":{"type":"MultiPolygon","coordinates":[[[[23.43007,43.09744],[23.42864,43.09735],[23.42843,43.0967],[23.4272,43.0962],[23.42787,43.09552],[23.42539,43.09616],[23.42283,43.09573],[23.42318,43.09281],[23.42174,43.09152],[23.41521,43.09259],[23.4109,43.09245],[23.40923,43.09029],[23.40703,43.09115],[23.40588,43.08926],[23.4055,43.08621],[23.40359,43.08524],[23.40162,43.08517],[23.39924,43.08589],[23.39856,43.08521],[23.39609,43.08434],[23.39481,43.0847],[23.39236,43.08423],[23.39151,43.08297],[23.39043,43.08271],[23.38882,43.08266],[23.38299,43.08393],[23.38271,43.08247],[23.37864,43.07839],[23.3772,43.07847],[23.3773,43.07676],[23.37631,43.07515],[23.3719,43.07079],[23.37016,43.06665],[23.37043,43.06521],[23.36582,43.06111],[23.3659,43.05966],[23.36479,43.05712],[23.36199,43.05281],[23.3617,43.04865],[23.36082,43.04519],[23.35963,43.0441],[23.35418,43.04208],[23.3537,43.04114],[23.35502,43.04],[23.35512,43.03842],[23.35513,43.03513],[23.35436,43.03481],[23.35819,43.03202],[23.35775,43.02957],[23.35679,43.02885],[23.35679,43.02828],[23.35915,43.02796],[23.35881,43.02697],[23.35944,43.02684],[23.3615,43.02716],[23.36806,43.03347],[23.37094,43.03178],[23.37372,43.03162],[23.37659,43.03578],[23.38539,43.03351],[23.38481,43.03172],[23.37867,43.03],[23.37566,43.02812],[23.36711,43.02607],[23.36344,43.02366],[23.36149,43.02157],[23.36326,43.02086],[23.36021,43.01974],[23.35562,43.02018],[23.35545,43.0196],[23.35604,43.01881],[23.3585,43.01666],[23.35835,43.01576],[23.35896,43.0159],[23.35995,43.01505],[23.35953,43.01362],[23.3649,43.01074],[23.36577,43.01069],[23.36589,43.01137],[23.36857,43.01194],[23.37001,43.01188],[23.37114,43.01116],[23.37236,43.01127],[23.37285,43.00805],[23.3742,43.00811],[23.37392,43.00975],[23.37438,43.01094],[23.37505,43.01076],[23.37582,43.00964],[23.37673,43.0106],[23.3774,43.01065],[23.37788,43.00768],[23.37859,43.00752],[23.38085,43.00858],[23.38127,43.00764],[23.38071,43.00671],[23.38498,43.00617],[23.38456,43.00537],[23.38525,43.00472],[23.38494,43.00439],[23.38172,43.00483],[23.38017,43.0057],[23.37662,43.00551],[23.37654,43.0049],[23.37821,43.00394],[23.37852,43.00348],[23.3779,43.00296],[23.38007,43.00185],[23.37925,43.00053],[23.37942,42.99978],[23.38294,42.99874],[23.38513,42.99731],[23.38854,42.99755],[23.38964,42.9957],[23.39391,42.99351],[23.3933,42.99045],[23.39783,42.99074],[23.39989,42.98935],[23.40545,42.9888],[23.40951,42.99038],[23.41155,42.98914],[23.41145,42.99102],[23.41402,42.99089],[23.41606,42.99139],[23.41807,42.99391],[23.41926,42.99464],[23.41938,42.99623],[23.42079,42.99603],[23.42078,42.99433],[23.42251,42.99428],[23.42266,42.99501],[23.42314,42.995],[23.4241,42.9939],[23.42524,42.99371],[23.42705,42.99594],[23.42526,42.99589],[23.42462,42.99668],[23.42619,42.99772],[23.42805,42.99811],[23.43079,42.99718],[23.43551,42.99747],[23.43702,42.99814],[23.44043,42.99768],[23.44081,42.99713],[23.44041,42.9957],[23.43949,42.99466],[23.43958,42.99307],[23.44229,42.99054],[23.44275,42.98954],[23.4456,42.98803],[23.44377,42.98551],[23.43873,42.98376],[23.43743,42.98241],[23.4408,42.98223],[23.44284,42.98113],[23.44347,42.98042],[23.4424,42.97836],[23.44365,42.97724],[23.44433,42.97915],[23.44598,42.98137],[23.44792,42.98201],[23.45051,42.98166],[23.45226,42.98215],[23.45367,42.98161],[23.45255,42.98056],[23.45281,42.97941],[23.45665,42.97793],[23.4578,42.97855],[23.45787,42.97739],[23.4595,42.97643],[23.45954,42.9757],[23.46065,42.97704],[23.46031,42.9795],[23.46475,42.97888],[23.46558,42.97769],[23.46861,42.97669],[23.4701,42.97537],[23.47466,42.9747],[23.47752,42.97334],[23.47631,42.97259],[23.4781,42.97235],[23.47973,42.97153],[23.48062,42.96982],[23.48048,42.9688],[23.47771,42.96886],[23.47547,42.9701],[23.46996,42.96964],[23.46994,42.96659],[23.47163,42.96461],[23.4729,42.95972],[23.47055,42.95936],[23.4695,42.96049],[23.46769,42.96101],[23.4675,42.95752],[23.46861,42.95538],[23.46986,42.95412],[23.47475,42.95499],[23.47616,42.95446],[23.48033,42.95415],[23.47937,42.95354],[23.48001,42.95283],[23.4808,42.95286],[23.48051,42.95096],[23.48886,42.94987],[23.48931,42.94901],[23.48894,42.94857],[23.48539,42.94846],[23.487,42.94793],[23.48765,42.94693],[23.48968,42.94584],[23.49285,42.94564],[23.49408,42.94496],[23.49597,42.94298],[23.49565,42.94152],[23.49721,42.94201],[23.50077,42.94182],[23.50011,42.94296],[23.49685,42.94475],[23.49683,42.94518],[23.49779,42.94565],[23.50116,42.94546],[23.50179,42.94476],[23.50441,42.94382],[23.5072,42.94333],[23.50753,42.9445],[23.51009,42.94458],[23.51083,42.94547],[23.50998,42.9466],[23.51707,42.94682],[23.51877,42.94818],[23.51963,42.95052],[23.51391,42.95035],[23.5103,42.9514],[23.51026,42.95212],[23.51231,42.95421],[23.51141,42.95607],[23.51213,42.9574],[23.51405,42.95833],[23.51398,42.95963],[23.50617,42.96505],[23.50747,42.96639],[23.51141,42.96711],[23.5129,42.96791],[23.51727,42.96748],[23.51774,42.96825],[23.51999,42.96907],[23.52203,42.96913],[23.52779,42.96686],[23.52785,42.96574],[23.53024,42.96412],[23.53044,42.96056],[23.53182,42.95891],[23.53688,42.95981],[23.54339,42.95776],[23.55285,42.95767],[23.5539,42.95713],[23.55773,42.95725],[23.55882,42.95616],[23.56158,42.95699],[23.56364,42.95668],[23.56471,42.95596],[23.56597,42.95618],[23.56909,42.95479],[23.56928,42.95321],[23.57111,42.95379],[23.57202,42.95363],[23.57079,42.95171],[23.56837,42.95119],[23.56754,42.95008],[23.56819,42.94964],[23.57236,42.95],[23.57463,42.95151],[23.57558,42.95151],[23.576,42.95045],[23.5753,42.94832],[23.5758,42.94797],[23.58029,42.94892],[23.58077,42.94937],[23.58091,42.95077],[23.58275,42.95089],[23.58319,42.95154],[23.58654,42.94993],[23.58616,42.95204],[23.5867,42.95247],[23.58937,42.95143],[23.59302,42.95244],[23.59428,42.95198],[23.59542,42.95252],[23.59695,42.95169],[23.59648,42.95057],[23.59697,42.95003],[23.5988,42.95146],[23.6001,42.95136],[23.60233,42.9496],[23.60651,42.94894],[23.60973,42.94622],[23.61249,42.94255],[23.61456,42.94205],[23.61593,42.9404],[23.61634,42.93759],[23.62065,42.93359],[23.62511,42.93146],[23.62956,42.93022],[23.62961,42.92979],[23.63038,42.92954],[23.63657,42.9301],[23.6392,42.93162],[23.6417,42.93228],[23.64721,42.93483],[23.64625,42.93552],[23.65057,42.93785],[23.65483,42.93947],[23.65417,42.93998],[23.65476,42.94055],[23.65662,42.94096],[23.65853,42.94215],[23.65891,42.94467],[23.65854,42.94486],[23.65772,42.94455],[23.65694,42.94273],[23.65534,42.943],[23.65502,42.94202],[23.65232,42.9428],[23.65179,42.94363],[23.65215,42.94426],[23.65125,42.94528],[23.65217,42.94575],[23.65239,42.94702],[23.65081,42.94796],[23.64999,42.94743],[23.64715,42.95075],[23.64681,42.95144],[23.64767,42.95222],[23.64748,42.95298],[23.64678,42.95363],[23.64203,42.95393],[23.63946,42.95555],[23.63887,42.95757],[23.63684,42.96022],[23.64069,42.96232],[23.64189,42.96364],[23.64477,42.96352],[23.6449,42.9659],[23.64657,42.96777],[23.64752,42.97144],[23.64861,42.97333],[23.64824,42.97615],[23.64757,42.97721],[23.6449,42.97758],[23.64316,42.97663],[23.64056,42.97655],[23.63912,42.97799],[23.63829,42.97795],[23.63702,42.97999],[23.6378,42.98168],[23.63595,42.98356],[23.63417,42.9824],[23.63105,42.98143],[23.62888,42.97991],[23.62498,42.97901],[23.6245,42.97927],[23.62291,42.97815],[23.6229,42.97541],[23.62334,42.97449],[23.62057,42.97312],[23.61882,42.97359],[23.61915,42.97125],[23.61639,42.96941],[23.61612,42.96805],[23.61568,42.96818],[23.61404,42.9655],[23.61256,42.96452],[23.61166,42.96224],[23.61068,42.96146],[23.60929,42.95879],[23.60674,42.95872],[23.60409,42.96051],[23.59899,42.96017],[23.59768,42.9607],[23.59618,42.96009],[23.5936,42.96058],[23.59224,42.96204],[23.58842,42.96174],[23.5868,42.96338],[23.58621,42.96468],[23.5841,42.96564],[23.58364,42.96701],[23.58405,42.96906],[23.58349,42.96955],[23.57799,42.96639],[23.5765,42.9648],[23.57467,42.96548],[23.57369,42.96641],[23.5732,42.96723],[23.57327,42.96837],[23.57261,42.9692],[23.57072,42.96816],[23.56737,42.96842],[23.56663,42.96802],[23.56595,42.96585],[23.56494,42.96527],[23.56394,42.96551],[23.56327,42.9663],[23.56153,42.9666],[23.56045,42.96655],[23.55891,42.96561],[23.55714,42.9658],[23.55683,42.96612],[23.55727,42.96652],[23.55674,42.96693],[23.55069,42.96595],[23.54909,42.96647],[23.54793,42.96629],[23.5472,42.96684],[23.54765,42.96742],[23.54653,42.96808],[23.54065,42.9693],[23.5398,42.96895],[23.54114,42.96861],[23.54136,42.96766],[23.53571,42.96691],[23.53413,42.9678],[23.53024,42.96881],[23.52907,42.97141],[23.52139,42.97606],[23.52081,42.97717],[23.5161,42.97909],[23.51421,42.98091],[23.51737,42.98382],[23.51704,42.98513],[23.51471,42.98562],[23.51406,42.98503],[23.51343,42.98776],[23.51184,42.98852],[23.51112,42.98947],[23.51106,42.99061],[23.50899,42.99186],[23.51071,42.99584],[23.51062,42.99737],[23.50813,42.99872],[23.50658,43.00044],[23.50652,43.00155],[23.50821,43.00165],[23.51004,43.00073],[23.51091,43.00109],[23.50948,43.00283],[23.50786,43.00392],[23.50758,43.00505],[23.50841,43.00605],[23.51336,43.00474],[23.51747,43.00259],[23.51823,43.00098],[23.5181,42.99935],[23.51902,42.99873],[23.52305,42.99804],[23.52295,43.00373],[23.52559,43.00414],[23.52792,43.006],[23.52884,43.00537],[23.52925,43.00604],[23.5367,43.00756],[23.53927,43.00927],[23.53999,43.00815],[23.54161,43.00706],[23.54259,43.0053],[23.54642,43.00428],[23.54907,43.00452],[23.55089,43.0036],[23.55288,43.00366],[23.55393,43.00483],[23.55614,43.0049],[23.557,43.00541],[23.55931,43.0076],[23.56,43.0112],[23.56081,43.01252],[23.56219,43.01159],[23.56205,43.01012],[23.56362,43.00984],[23.56471,43.0102],[23.56721,43.00914],[23.56759,43.00622],[23.57023,43.00662],[23.57224,43.00636],[23.57203,43.01009],[23.57285,43.01142],[23.5757,43.01199],[23.5774,43.01318],[23.5797,43.01569],[23.58024,43.01799],[23.57992,43.01977],[23.57919,43.02088],[23.57643,43.02275],[23.57631,43.02487],[23.57764,43.02491],[23.57819,43.02704],[23.57657,43.0322],[23.57522,43.03248],[23.57515,43.03378],[23.57574,43.0351],[23.57478,43.03637],[23.57231,43.03695],[23.57593,43.04027],[23.57849,43.03749],[23.58125,43.03969],[23.58303,43.03958],[23.58491,43.03768],[23.58627,43.03724],[23.58753,43.03858],[23.58824,43.04169],[23.58906,43.04302],[23.58988,43.04808],[23.59182,43.04912],[23.59429,43.0487],[23.59547,43.04727],[23.59569,43.04338],[23.5982,43.04215],[23.59901,43.04347],[23.60309,43.04197],[23.6068,43.04306],[23.61483,43.04622],[23.62085,43.04982],[23.62444,43.05318],[23.62435,43.05464],[23.62832,43.05508],[23.62736,43.05652],[23.62729,43.05782],[23.63408,43.05932],[23.63465,43.06113],[23.63788,43.05894],[23.64287,43.05697],[23.64528,43.05737],[23.65031,43.06289],[23.65425,43.06382],[23.65418,43.06512],[23.65144,43.06666],[23.65066,43.06859],[23.6487,43.06805],[23.64853,43.06707],[23.64722,43.0667],[23.64163,43.06735],[23.64374,43.06937],[23.64387,43.071],[23.64135,43.07255],[23.64169,43.07451],[23.63965,43.07527],[23.63951,43.0777],[23.64007,43.07967],[23.64175,43.08151],[23.64017,43.08195],[23.64074,43.08376],[23.64019,43.0857],[23.6387,43.08842],[23.63778,43.08904],[23.6386,43.09037],[23.63854,43.0915],[23.63717,43.09212],[23.63577,43.09744],[23.63435,43.09903],[23.63302,43.09899],[23.63341,43.09998],[23.63289,43.10126],[23.62823,43.10129],[23.62682,43.10064],[23.62467,43.10083],[23.62465,43.10024],[23.62337,43.10001],[23.62179,43.09892],[23.62335,43.09779],[23.62496,43.09766],[23.6258,43.09692],[23.62607,43.09557],[23.62548,43.09455],[23.62735,43.09401],[23.625,43.09368],[23.62098,43.09455],[23.61923,43.09365],[23.61746,43.09368],[23.6161,43.09509],[23.61359,43.09615],[23.61324,43.09605],[23.61371,43.09539],[23.61264,43.09581],[23.61093,43.09843],[23.60802,43.09845],[23.60468,43.0977],[23.6038,43.09705],[23.60344,43.09433],[23.60299,43.09375],[23.60328,43.09234],[23.60538,43.09147],[23.6055,43.09179],[23.60651,43.09098],[23.60107,43.08716],[23.59872,43.08719],[23.59706,43.08812],[23.59353,43.09162],[23.59188,43.09231],[23.5922,43.09272],[23.59054,43.09332],[23.58713,43.09376],[23.58067,43.09551],[23.5766,43.09469],[23.57497,43.09343],[23.57391,43.09216],[23.5739,43.09103],[23.57763,43.08856],[23.57755,43.08697],[23.57554,43.08346],[23.57635,43.08342],[23.57639,43.08262],[23.57825,43.08174],[23.57902,43.07981],[23.57855,43.07638],[23.58245,43.07406],[23.58263,43.07472],[23.58872,43.07311],[23.59102,43.07155],[23.59844,43.06982],[23.60178,43.06975],[23.60122,43.06778],[23.60133,43.06584],[23.59775,43.06231],[23.59556,43.06176],[23.58732,43.06233],[23.58181,43.06167],[23.57487,43.06277],[23.56889,43.06243],[23.56704,43.06383],[23.5662,43.06527],[23.56472,43.06555],[23.56435,43.06831],[23.56308,43.0712],[23.56289,43.07448],[23.56266,43.07405],[23.55996,43.0741],[23.55929,43.07645],[23.55994,43.07766],[23.55871,43.07917],[23.55643,43.07897],[23.55414,43.07614],[23.55428,43.0737],[23.553,43.06878],[23.55101,43.06872],[23.5483,43.06962],[23.54798,43.06733],[23.54859,43.06051],[23.5482,43.05952],[23.54665,43.05948],[23.54581,43.07442],[23.5433,43.07565],[23.54043,43.0754],[23.53505,43.07621],[23.52647,43.07497],[23.52419,43.07604],[23.52015,43.07691],[23.51994,43.07657],[23.52087,43.07578],[23.52094,43.07464],[23.51633,43.07369],[23.51232,43.07389],[23.50947,43.07332],[23.50688,43.0721],[23.50586,43.07044],[23.50431,43.07039],[23.50415,43.07316],[23.50367,43.07379],[23.49837,43.07675],[23.4952,43.07464],[23.49287,43.07457],[23.48987,43.07658],[23.48384,43.07374],[23.48255,43.07253],[23.48144,43.07316],[23.47701,43.07307],[23.4762,43.07203],[23.47828,43.07188],[23.47833,43.07095],[23.47641,43.06997],[23.47646,43.06905],[23.4749,43.06795],[23.47421,43.06437],[23.47426,43.06345],[23.47581,43.06165],[23.47537,43.05979],[23.47321,43.05986],[23.47347,43.06158],[23.47306,43.06249],[23.47278,43.06736],[23.47512,43.07038],[23.47493,43.07072],[23.47151,43.07074],[23.47093,43.07455],[23.47112,43.07746],[23.47017,43.07859],[23.47045,43.07902],[23.46976,43.08047],[23.47017,43.08318],[23.4699,43.08383],[23.46635,43.08633],[23.46454,43.08666],[23.4631,43.08868],[23.46308,43.09055],[23.46117,43.09099],[23.45919,43.0922],[23.45915,43.09278],[23.4583,43.09285],[23.45861,43.09332],[23.45751,43.09303],[23.45302,43.09404],[23.4517,43.09568],[23.45139,43.09542],[23.45124,43.09602],[23.45077,43.0958],[23.4502,43.09639],[23.44934,43.09584],[23.4496,43.09435],[23.44835,43.09457],[23.44836,43.09393],[23.44755,43.09349],[23.44785,43.09296],[23.44642,43.09301],[23.44628,43.09268],[23.44519,43.09345],[23.44503,43.09282],[23.44218,43.09199],[23.44252,43.0929],[23.44213,43.09367],[23.44285,43.09427],[23.44058,43.09518],[23.44078,43.09599],[23.43968,43.0961],[23.43966,43.09526],[23.43854,43.0957],[23.43712,43.09522],[23.43706,43.09456],[23.43785,43.09396],[23.43809,43.09279],[23.43751,43.09261],[23.43723,43.09316],[23.43762,43.0935],[23.43593,43.09356],[23.4355,43.09466],[23.43501,43.09452],[23.43557,43.09413],[23.43403,43.09413],[23.43245,43.09471],[23.43164,43.09628],[23.43007,43.09744]]],[[[23.57479,43.08389],[23.57293,43.08357],[23.57548,43.08346],[23.57479,43.08389]]]]},"properties":{"SiteCode":"BG0001042","SiteNameBG":"Искърски пролом - Ржана","SiteType":"SCI","SiteArea":22669.325348599999,"naturaClass":"habitats"}},{"type":"Feature","geometry":{"type":"Polygon","coordinates":[[[26.9084,42.99003],[26.90728,42.98997],[26.90601,42.99065],[26.90444,42.99314],[26.90083,42.99496],[26.90171,42.99419],[26.9034,42.99371],[26.90487,42.99164],[26.90141,42.99229],[26.90521,42.99108],[26.90565,42.99056],[26.905,42.98972],[26.90316,42.99076],[26.9048,42.98951],[26.90165,42.98923],[26.89864,42.99109],[26.89964,42.98997],[26.89856,42.99029],[26.89879,42.98998],[26.90062,42.98961],[26.90089,42.98916],[26.89937,42.98855],[26.89852,42.9887],[26.89632,42.99342],[26.89737,42.99405],[26.89588,42.99463],[26.89556,42.99561],[26.88797,42.99774],[26.88683,43.00168],[26.88611,43.00238],[26.88625,43.00455],[26.88723,43.0046],[26.88652,43.00563],[26.88019,43.00734],[26.87931,43.00641],[26.879,43.00418],[26.87533,43.00071],[26.86944,42.99891],[26.86718,42.99683],[26.86711,42.99616],[26.86382,42.99547],[26.86118,42.99268],[26.86199,42.99186],[26.86392,42.99141],[26.864,42.98958],[26.86625,42.98905],[26.86596,42.98824],[26.86738,42.98816],[26.86681,42.98735],[26.8671,42.98595],[26.86581,42.98468],[26.86543,42.98259],[26.86593,42.98135],[26.86578,42.97908],[26.8668,42.97874],[26.86664,42.97836],[26.86741,42.97745],[26.86821,42.97745],[26.86855,42.97798],[26.87048,42.97705],[26.86981,42.97672],[26.86976,42.97511],[26.869,42.97461],[26.86973,42.97395],[26.86883,42.97278],[26.86875,42.97155],[26.86761,42.97141],[26.86721,42.97086],[26.8676,42.96915],[26.86678,42.96818],[26.86682,42.96751],[26.8649,42.96579],[26.86421,42.96296],[26.86142,42.9581],[26.86173,42.95612],[26.86105,42.95506],[26.86101,42.95332],[26.86188,42.95135],[26.86116,42.94951],[26.86475,42.94719],[26.86709,42.94668],[26.86928,42.94551],[26.87061,42.94557],[26.87734,42.94794],[26.87987,42.94793],[26.88468,42.94603],[26.88689,42.94648],[26.89102,42.94832],[26.89581,42.94929],[26.8994,42.94816],[26.90297,42.94391],[26.90223,42.94228],[26.90487,42.9402],[26.90536,42.93682],[26.9075,42.93541],[26.91039,42.93488],[26.90919,42.93476],[26.91143,42.9308],[26.91046,42.93064],[26.91119,42.93021],[26.91152,42.92929],[26.91258,42.92967],[26.91331,42.92842],[26.91341,42.92676],[26.91169,42.92664],[26.9099,42.92472],[26.91265,42.92054],[26.91368,42.91756],[26.91651,42.91782],[26.91718,42.91667],[26.91716,42.91576],[26.91503,42.91306],[26.91522,42.90991],[26.90875,42.90714],[26.90877,42.90443],[26.9016,42.90505],[26.90148,42.90696],[26.90126,42.90539],[26.90078,42.90505],[26.90126,42.90459],[26.89926,42.9039],[26.89598,42.9018],[26.89591,42.89851],[26.89834,42.89784],[26.89697,42.89753],[26.89587,42.89826],[26.89261,42.89324],[26.89322,42.89148],[26.89376,42.89432],[26.8942,42.89402],[26.89403,42.89295],[26.89485,42.89136],[26.89677,42.88988],[26.89678,42.88898],[26.89925,42.89114],[26.90049,42.89064],[26.90142,42.89167],[26.90317,42.89036],[26.90423,42.89072],[26.90394,42.88886],[26.90483,42.88805],[26.90418,42.88752],[26.90347,42.88708],[26.90192,42.88899],[26.90058,42.8884],[26.90123,42.8868],[26.90451,42.88591],[26.90499,42.88515],[26.90421,42.88373],[26.90315,42.8836],[26.90369,42.88311],[26.90324,42.88294],[26.90373,42.8829],[26.90326,42.88254],[26.90393,42.8822],[26.90584,42.88232],[26.90911,42.88161],[26.90884,42.88199],[26.91238,42.8823],[26.91276,42.88311],[26.91217,42.88492],[26.91484,42.885],[26.91518,42.88554],[26.91475,42.88709],[26.91608,42.88542],[26.91683,42.88603],[26.91755,42.88527],[26.91872,42.88547],[26.91907,42.88575],[26.91847,42.88683],[26.91853,42.88842],[26.91927,42.88882],[26.91906,42.89007],[26.92047,42.89153],[26.92092,42.8916],[26.92042,42.89099],[26.92116,42.89128],[26.92157,42.8922],[26.92815,42.89168],[26.93059,42.8907],[26.93048,42.89009],[26.93179,42.88878],[26.93162,42.8895],[26.93331,42.88906],[26.93564,42.88939],[26.93558,42.88885],[26.93639,42.889],[26.93634,42.88824],[26.93836,42.88729],[26.93911,42.88739],[26.93958,42.88654],[26.94062,42.8867],[26.9405,42.88615],[26.9412,42.88602],[26.94115,42.8856],[26.94421,42.88507],[26.94383,42.88465],[26.94947,42.88435],[26.9516,42.88501],[26.95589,42.888],[26.95457,42.88807],[26.95469,42.88863],[26.9581,42.88844],[26.95961,42.88726],[26.95951,42.88374],[26.9603,42.88226],[26.961,42.88153],[26.96057,42.88251],[26.9633,42.88028],[26.96308,42.87931],[26.96486,42.87826],[26.96542,42.87832],[26.96594,42.87915],[26.96842,42.87583],[26.9706,42.87712],[26.97179,42.87626],[26.97327,42.87648],[26.97613,42.8755],[26.97278,42.87649],[26.97252,42.87734],[26.97366,42.87683],[26.97677,42.87714],[26.9769,42.87658],[26.97869,42.87671],[26.98024,42.87821],[26.98063,42.87995],[26.98144,42.8801],[26.98246,42.87989],[26.98187,42.87917],[26.9831,42.87942],[26.985,42.87889],[26.98556,42.88002],[26.98654,42.87956],[26.98652,42.87899],[26.98838,42.87864],[26.98884,42.87796],[26.99028,42.87993],[26.98966,42.87832],[26.98991,42.87748],[26.99087,42.87863],[26.99355,42.87902],[26.99466,42.87973],[26.99378,42.87865],[26.99163,42.87838],[26.99157,42.87806],[26.99264,42.87808],[26.99334,42.87753],[26.99244,42.8777],[26.99272,42.87642],[26.99231,42.87621],[26.99286,42.87542],[26.99165,42.87605],[26.99148,42.87498],[26.99086,42.87457],[26.99159,42.87338],[26.99225,42.87343],[26.99253,42.87448],[26.99283,42.87403],[26.99648,42.87586],[26.99525,42.87461],[26.99421,42.87428],[26.99421,42.8735],[26.99302,42.8717],[26.99338,42.87101],[26.99256,42.87086],[26.99281,42.8705],[26.99236,42.87029],[26.99165,42.86721],[26.99503,42.86674],[26.99582,42.86562],[26.99572,42.86595],[27.00051,42.86651],[27.00077,42.86729],[27.00141,42.8673],[27.0015,42.8666],[27.00165,42.86728],[27.00317,42.86777],[27.00449,42.86771],[27.00425,42.86729],[27.00493,42.86738],[27.00462,42.86771],[27.00704,42.86813],[27.0088,42.8669],[27.00577,42.86491],[27.00503,42.86511],[27.00584,42.86475],[27.00727,42.86566],[27.00579,42.86382],[27.00769,42.86556],[27.01149,42.86774],[27.01039,42.86698],[27.01284,42.86535],[27.01488,42.86669],[27.01554,42.8664],[27.01425,42.86505],[27.01491,42.86466],[27.01545,42.86536],[27.01608,42.86512],[27.01552,42.86426],[27.01585,42.8637],[27.01798,42.86639],[27.02188,42.86584],[27.02238,42.86724],[27.02153,42.86746],[27.02238,42.86952],[27.0231,42.86941],[27.02327,42.86992],[27.02242,42.87007],[27.02253,42.87131],[27.0241,42.87522],[27.02473,42.87549],[27.02487,42.87785],[27.02387,42.87926],[27.02538,42.87912],[27.02585,42.87965],[27.02903,42.87865],[27.02799,42.87781],[27.02954,42.87726],[27.03013,42.87748],[27.03055,42.87633],[27.03017,42.87624],[27.03148,42.87458],[27.02989,42.87369],[27.0289,42.87382],[27.02899,42.87322],[27.02981,42.87278],[27.0294,42.87254],[27.02977,42.87222],[27.02892,42.87213],[27.02932,42.87144],[27.02799,42.87161],[27.02881,42.87222],[27.02796,42.87204],[27.02724,42.8692],[27.02528,42.86956],[27.02421,42.86657],[27.0234,42.86674],[27.0232,42.86614],[27.02486,42.86534],[27.02699,42.86259],[27.0279,42.86273],[27.02903,42.86129],[27.02873,42.86067],[27.02911,42.86013],[27.03409,42.85994],[27.03576,42.86124],[27.03509,42.86206],[27.03819,42.863],[27.0458,42.86309],[27.04257,42.86624],[27.04259,42.86685],[27.04593,42.86419],[27.04768,42.86451],[27.04757,42.86594],[27.04807,42.86682],[27.04744,42.87006],[27.04596,42.87263],[27.04391,42.87415],[27.04596,42.87434],[27.04571,42.87478],[27.04492,42.87476],[27.04339,42.87957],[27.04123,42.88256],[27.0422,42.8843],[27.04095,42.88773],[27.04043,42.89096],[27.03999,42.89123],[27.04117,42.89214],[27.04154,42.8941],[27.03738,42.89579],[27.0364,42.89962],[27.03573,42.9002],[27.03058,42.90032],[27.0272,42.89958],[27.02719,42.90031],[27.02519,42.90177],[27.02322,42.9021],[27.02333,42.90274],[27.02249,42.90331],[27.02072,42.90339],[27.0207,42.90568],[27.01958,42.90678],[27.01954,42.90785],[27.01848,42.90937],[27.01955,42.91056],[27.01459,42.91595],[27.01472,42.91953],[27.01327,42.92697],[27.02375,42.92706],[27.02594,42.92808],[27.03071,42.93169],[27.0335,42.93256],[27.03742,42.93479],[27.03221,42.94271],[27.03034,42.94416],[27.02692,42.94311],[27.02356,42.94671],[27.01904,42.94817],[27.0204,42.95677],[27.01912,42.95786],[27.01821,42.95814],[27.01737,42.95786],[27.01723,42.95687],[27.01257,42.95616],[27.00962,42.957],[27.00397,42.95632],[27.00354,42.95838],[27.00494,42.95859],[27.00416,42.95896],[27.00318,42.96227],[27.00492,42.96246],[27.00505,42.96365],[27.00685,42.96363],[27.00655,42.96269],[27.00691,42.96226],[27.00707,42.96385],[27.00756,42.96389],[27.00722,42.96474],[27.00829,42.96486],[27.00873,42.96323],[27.00929,42.96287],[27.00847,42.95979],[27.00942,42.96105],[27.01055,42.96006],[27.00962,42.96181],[27.01073,42.96151],[27.01075,42.96098],[27.01128,42.96084],[27.0109,42.96177],[27.00976,42.96223],[27.0101,42.9627],[27.00955,42.96429],[27.01047,42.9651],[27.00991,42.96877],[27.00833,42.96872],[27.00829,42.96948],[27.0069,42.96944],[27.00685,42.97032],[27.00777,42.97028],[27.0067,42.97055],[27.00727,42.97093],[27.00769,42.97066],[27.00727,42.97126],[27.00756,42.97181],[27.00717,42.97192],[27.00717,42.97156],[27.00655,42.97302],[27.00762,42.97389],[27.00586,42.97382],[27.00518,42.9718],[27.00228,42.97211],[27.00258,42.9725],[27.00211,42.97229],[27.00184,42.97266],[27.00145,42.97233],[26.99833,42.96455],[26.99861,42.96397],[26.99775,42.96304],[26.99715,42.96121],[26.9942,42.95886],[26.99404,42.95827],[26.99245,42.95853],[26.99362,42.95955],[26.99479,42.96509],[26.99564,42.96493],[26.99469,42.96555],[26.99495,42.96648],[26.99642,42.96694],[26.99366,42.96791],[26.99395,42.96916],[26.99228,42.97188],[26.99247,42.97272],[26.9916,42.97362],[26.99196,42.97432],[26.99239,42.97422],[26.99222,42.97504],[26.99258,42.97505],[26.99271,42.97594],[26.99329,42.9759],[26.99376,42.97656],[26.99476,42.97642],[26.99457,42.97776],[26.99494,42.97803],[26.99437,42.97927],[26.99395,42.97845],[26.9943,42.97727],[26.99301,42.97745],[26.99342,42.97706],[26.99281,42.97688],[26.99347,42.97663],[26.9925,42.97643],[26.99074,42.97456],[26.98968,42.97468],[26.99,42.97429],[26.98855,42.97247],[26.98622,42.97105],[26.98374,42.97033],[26.98283,42.96806],[26.98238,42.96418],[26.97714,42.96422],[26.97583,42.96484],[26.97531,42.96454],[26.97508,42.96341],[26.97564,42.96321],[26.9758,42.96157],[26.97543,42.96172],[26.97436,42.95977],[26.97293,42.95858],[26.97298,42.95763],[26.9721,42.95665],[26.97105,42.9562],[26.96909,42.95645],[26.96858,42.95588],[26.96584,42.95621],[26.96566,42.95533],[26.9635,42.95557],[26.96369,42.9565],[26.96216,42.95664],[26.963,42.96044],[26.96254,42.96111],[26.9645,42.96081],[26.96468,42.96189],[26.96432,42.96412],[26.96344,42.96522],[26.96431,42.96501],[26.96343,42.96546],[26.96307,42.96782],[26.96369,42.96904],[26.96472,42.96895],[26.96321,42.97031],[26.96335,42.97093],[26.96259,42.97133],[26.96443,42.97159],[26.9655,42.97071],[26.96435,42.97167],[26.96483,42.97182],[26.96246,42.97156],[26.96038,42.9731],[26.96062,42.97226],[26.96002,42.9717],[26.95972,42.97198],[26.95921,42.97089],[26.95985,42.97034],[26.95985,42.97124],[26.96143,42.97168],[26.96258,42.97066],[26.96171,42.97034],[26.96171,42.96982],[26.96287,42.97013],[26.96269,42.96956],[26.96198,42.96953],[26.96265,42.96932],[26.96249,42.96777],[26.96065,42.96344],[26.9607,42.9628],[26.96162,42.96366],[26.96116,42.96223],[26.96033,42.96192],[26.96056,42.96127],[26.95586,42.96138],[26.95509,42.96112],[26.95412,42.9598],[26.95352,42.96278],[26.95395,42.96324],[26.95306,42.96388],[26.95286,42.96471],[26.95325,42.96559],[26.95296,42.96672],[26.95334,42.96685],[26.95288,42.96703],[26.95244,42.96659],[26.95278,42.96584],[26.95237,42.96529],[26.95281,42.9656],[26.95237,42.96486],[26.95099,42.96469],[26.95195,42.9641],[26.95208,42.96448],[26.95248,42.96388],[26.95222,42.96315],[26.95262,42.96233],[26.95225,42.9621],[26.95285,42.96152],[26.95232,42.96109],[26.9524,42.96076],[26.9529,42.96109],[26.95329,42.9603],[26.95247,42.95975],[26.95323,42.95996],[26.95385,42.95891],[26.95322,42.95765],[26.9514,42.95849],[26.94689,42.95854],[26.94229,42.96469],[26.94315,42.96665],[26.94387,42.96706],[26.94424,42.96706],[26.94389,42.96648],[26.94462,42.96631],[26.94607,42.96757],[26.94677,42.96762],[26.94744,42.96698],[26.94845,42.9682],[26.94995,42.96807],[26.95328,42.96975],[26.95825,42.97025],[26.95987,42.97273],[26.95996,42.97497],[26.95953,42.97293],[26.95824,42.97055],[26.9531,42.96991],[26.95226,42.9691],[26.95104,42.9691],[26.9497,42.96817],[26.94836,42.96839],[26.94775,42.9673],[26.94621,42.96788],[26.94444,42.96644],[26.94443,42.96707],[26.9438,42.96719],[26.94256,42.96609],[26.93639,42.96499],[26.93601,42.9653],[26.9399,42.96643],[26.94055,42.96728],[26.93935,42.96938],[26.93936,42.96902],[26.93861,42.96906],[26.9386,42.96949],[26.9393,42.96947],[26.93767,42.97262],[26.93586,42.97265],[26.93554,42.97342],[26.93426,42.97324],[26.93401,42.97417],[26.92995,42.97395],[26.92398,42.97282],[26.92258,42.97361],[26.92088,42.97383],[26.92023,42.97519],[26.91539,42.97466],[26.91403,42.97614],[26.91333,42.97596],[26.91297,42.97671],[26.91401,42.97718],[26.91326,42.97798],[26.9135,42.9784],[26.91393,42.97827],[26.91449,42.97929],[26.9151,42.97912],[26.91539,42.97831],[26.91619,42.97821],[26.91717,42.97967],[26.91778,42.97955],[26.91689,42.98005],[26.91747,42.98047],[26.91837,42.98001],[26.91994,42.98208],[26.91785,42.98723],[26.91496,42.9902],[26.9127,42.99107],[26.91323,42.99172],[26.91217,42.99219],[26.91268,42.99134],[26.91161,42.99162],[26.91001,42.99292],[26.91233,42.99106],[26.91071,42.99075],[26.91001,42.99197],[26.90879,42.99221],[26.91094,42.99037],[26.9084,42.99003]]]},"properties":{"SiteCode":"BG0000149","SiteNameBG":"Ришки проход","SiteType":"SCI","SiteArea":11861.495999999999,"naturaClass":"habitats"}},{"type":"Feature","geometry":{"type":"Polygon","coordinates":[[[25.5478,43.61099],[25.54554,43.61236],[25.54414,43.61256],[25.539,43.61195],[25.53694,43.61122],[25.53894,43.60902],[25.54173,43.61035],[25.54473,43.61074],[25.54488,43.61031],[25.54349,43.60956],[25.54171,43.60714],[25.53832,43.6063],[25.54058,43.6052],[25.53793,43.60576],[25.54325,43.60378],[25.54245,43.60187],[25.54323,43.60126],[25.54322,43.60042],[25.54131,43.59874],[25.54258,43.59946],[25.54412,43.59959],[25.54511,43.59777],[25.54919,43.59642],[25.54985,43.59551],[25.53717,43.59093],[25.53732,43.59036],[25.53101,43.58774],[25.53092,43.58699],[25.52905,43.58579],[25.52561,43.58455],[25.51594,43.57971],[25.51308,43.57929],[25.51035,43.57798],[25.51066,43.57768],[25.50591,43.57577],[25.50548,43.5762],[25.5032,43.57497],[25.50356,43.5745],[25.4923,43.5679],[25.4902,43.56724],[25.48868,43.56564],[25.48374,43.5641],[25.47399,43.55941],[25.47342,43.55919],[25.4711,43.56282],[25.46912,43.56425],[25.46844,43.56382],[25.47295,43.55893],[25.46596,43.55614],[25.46371,43.5594],[25.46306,43.5568],[25.45913,43.55407],[25.45956,43.55367],[25.4606,43.55421],[25.4605,43.55385],[25.46147,43.55375],[25.46,43.55359],[25.45821,43.55122],[25.45721,43.55269],[25.45588,43.5536],[25.45741,43.55136],[25.45553,43.55099],[25.45673,43.55037],[25.45445,43.5487],[25.45356,43.54917],[25.45213,43.54825],[25.4529,43.54538],[25.45365,43.54541],[25.45278,43.54526],[25.45283,43.54486],[25.45535,43.54391],[25.45521,43.54346],[25.45589,43.54297],[25.45553,43.54253],[25.4596,43.53815],[25.46009,43.53837],[25.46035,43.53801],[25.45989,43.53783],[25.46105,43.53653],[25.45973,43.53656],[25.45952,43.53487],[25.46213,43.53471],[25.46197,43.53197],[25.4591,43.5318],[25.45889,43.52792],[25.46197,43.5279],[25.46218,43.53108],[25.46512,43.53137],[25.46547,43.53176],[25.47715,43.52626],[25.47978,43.52439],[25.48957,43.51643],[25.4914,43.513],[25.48691,43.51158],[25.48648,43.51071],[25.48526,43.51081],[25.48576,43.51012],[25.48668,43.50999],[25.48603,43.50844],[25.48716,43.50817],[25.48554,43.50519],[25.4842,43.50418],[25.48078,43.50362],[25.47749,43.5009],[25.47591,43.49865],[25.47491,43.49888],[25.47451,43.49843],[25.47232,43.49813],[25.47183,43.49759],[25.47203,43.49693],[25.46915,43.49397],[25.46628,43.49493],[25.46708,43.49431],[25.46619,43.49339],[25.46663,43.49276],[25.46582,43.49189],[25.46365,43.49115],[25.46468,43.49053],[25.46279,43.48899],[25.46279,43.48799],[25.46144,43.4857],[25.45881,43.48686],[25.45714,43.48528],[25.45343,43.48418],[25.45549,43.48403],[25.4567,43.48334],[25.45804,43.48462],[25.4609,43.48438],[25.45808,43.48142],[25.4578,43.48096],[25.45855,43.48046],[25.45598,43.47848],[25.4525,43.47691],[25.4498,43.47337],[25.44801,43.47276],[25.44584,43.47276],[25.44473,43.47373],[25.44202,43.47428],[25.43874,43.47743],[25.43436,43.47751],[25.43424,43.47628],[25.43706,43.47618],[25.43698,43.47545],[25.43814,43.47541],[25.43847,43.4735],[25.43688,43.47348],[25.43404,43.47247],[25.43468,43.47132],[25.43616,43.47184],[25.43673,43.47129],[25.43996,43.47291],[25.44189,43.47162],[25.43856,43.46998],[25.43086,43.46843],[25.42403,43.46849],[25.42378,43.46786],[25.42651,43.46538],[25.42498,43.46366],[25.4247,43.46391],[25.42385,43.46322],[25.425,43.46203],[25.41784,43.45731],[25.41634,43.45804],[25.41847,43.45617],[25.41682,43.45505],[25.41516,43.45445],[25.41456,43.45465],[25.41424,43.45341],[25.41259,43.45177],[25.41226,43.45108],[25.41257,43.45084],[25.41167,43.44994],[25.40236,43.4571],[25.39664,43.45396],[25.39791,43.45174],[25.40083,43.45276],[25.40444,43.44986],[25.40436,43.44844],[25.40312,43.44775],[25.40348,43.44729],[25.40148,43.44733],[25.40077,43.44806],[25.39622,43.44651],[25.39479,43.44643],[25.39386,43.44694],[25.39356,43.4467],[25.39441,43.44554],[25.39365,43.44499],[25.39279,43.44596],[25.38971,43.44352],[25.39242,43.4428],[25.39142,43.44154],[25.38517,43.43983],[25.38498,43.44045],[25.38359,43.44004],[25.37821,43.43647],[25.38139,43.43386],[25.37979,43.43218],[25.37539,43.43111],[25.36781,43.43097],[25.36595,43.42912],[25.36617,43.42857],[25.36558,43.4271],[25.36659,43.42659],[25.36654,43.42521],[25.36605,43.42521],[25.36611,43.42428],[25.36366,43.42416],[25.36401,43.42012],[25.36488,43.42201],[25.36676,43.423],[25.37378,43.42316],[25.37484,43.42235],[25.37576,43.42052],[25.37574,43.4186],[25.37462,43.4182],[25.37432,43.41688],[25.37294,43.41629],[25.37176,43.41424],[25.37237,43.41389],[25.37259,43.41502],[25.37579,43.41643],[25.37574,43.41597],[25.37885,43.41593],[25.37935,43.41683],[25.37824,43.4174],[25.38053,43.41681],[25.38205,43.41595],[25.38241,43.41527],[25.38263,43.41151],[25.38355,43.4072],[25.37824,43.405],[25.38471,43.40676],[25.38985,43.40465],[25.39126,43.40267],[25.3802,43.39304],[25.37256,43.39113],[25.36586,43.38848],[25.36303,43.38843],[25.36304,43.38786],[25.35823,43.3884],[25.35774,43.38727],[25.36099,43.38734],[25.36118,43.38646],[25.35815,43.38617],[25.3584,43.38381],[25.35062,43.38378],[25.3496,43.38287],[25.35207,43.3815],[25.35363,43.38131],[25.35424,43.3805],[25.357,43.37991],[25.357,43.37955],[25.35567,43.37908],[25.35647,43.37893],[25.35659,43.37845],[25.35575,43.37815],[25.356,43.37722],[25.35746,43.37689],[25.36051,43.37818],[25.36752,43.37665],[25.3673,43.37478],[25.36882,43.37446],[25.36892,43.37393],[25.36261,43.37226],[25.36307,43.37125],[25.35981,43.37028],[25.36038,43.36914],[25.36012,43.36952],[25.35818,43.36902],[25.35886,43.36772],[25.35682,43.36706],[25.35509,43.37036],[25.349,43.36875],[25.34729,43.36886],[25.34611,43.37049],[25.34747,43.37075],[25.3471,43.37135],[25.34382,43.3716],[25.34381,43.37195],[25.34051,43.3717],[25.3404,43.37264],[25.3417,43.3727],[25.34157,43.37402],[25.3398,43.37374],[25.34011,43.37163],[25.33808,43.37153],[25.33795,43.37317],[25.3375,43.37276],[25.33851,43.36951],[25.33768,43.36879],[25.33706,43.36717],[25.3375,43.36624],[25.33619,43.36674],[25.33508,43.36432],[25.3334,43.36362],[25.33363,43.36297],[25.33331,43.36358],[25.33259,43.3632],[25.33499,43.36154],[25.33614,43.36222],[25.3383,43.36107],[25.33734,43.35976],[25.3364,43.35654],[25.34325,43.35808],[25.34354,43.35699],[25.34301,43.35685],[25.34352,43.35588],[25.34227,43.35553],[25.34297,43.35409],[25.33997,43.35251],[25.33885,43.35136],[25.33925,43.34988],[25.34445,43.34983],[25.34457,43.34805],[25.34251,43.34667],[25.34249,43.34447],[25.34125,43.34315],[25.33971,43.34272],[25.34462,43.34374],[25.34608,43.34304],[25.34576,43.34656],[25.34965,43.34482],[25.35134,43.34721],[25.35514,43.34608],[25.35799,43.34438],[25.35885,43.34421],[25.35926,43.34495],[25.36254,43.34398],[25.36319,43.34074],[25.36522,43.34047],[25.36555,43.34103],[25.36405,43.34123],[25.36285,43.34395],[25.36565,43.34378],[25.36487,43.34408],[25.36479,43.34506],[25.36692,43.34436],[25.37037,43.34468],[25.35974,43.34613],[25.35897,43.34663],[25.35324,43.34754],[25.35141,43.34835],[25.35193,43.35266],[25.34642,43.35894],[25.34493,43.35953],[25.34168,43.36303],[25.34098,43.36317],[25.3399,43.36579],[25.34071,43.36826],[25.34898,43.36795],[25.34914,43.36872],[25.34958,43.3688],[25.35369,43.36671],[25.35535,43.36531],[25.36098,43.36701],[25.36191,43.36604],[25.36084,43.36564],[25.36335,43.36367],[25.36358,43.3642],[25.36581,43.36432],[25.36553,43.36701],[25.36628,43.36726],[25.36675,43.36883],[25.36893,43.36993],[25.37218,43.36941],[25.37462,43.3664],[25.37484,43.36422],[25.37936,43.36426],[25.37972,43.36081],[25.37825,43.36034],[25.37972,43.36072],[25.38106,43.36047],[25.38393,43.36152],[25.38514,43.36142],[25.37946,43.35785],[25.379,43.35716],[25.37961,43.35471],[25.38388,43.35478],[25.38797,43.35166],[25.38801,43.35089],[25.38695,43.34955],[25.38675,43.34749],[25.38505,43.34625],[25.38571,43.34572],[25.38438,43.34411],[25.38328,43.34379],[25.38484,43.34243],[25.38631,43.34194],[25.38918,43.34229],[25.38818,43.34274],[25.38816,43.34684],[25.38956,43.34787],[25.39055,43.3476],[25.39087,43.34695],[25.39403,43.34595],[25.3941,43.34682],[25.39489,43.34711],[25.40164,43.3448],[25.40252,43.34555],[25.40241,43.34721],[25.40146,43.34726],[25.40121,43.34868],[25.39459,43.34918],[25.39411,43.3494],[25.39409,43.35016],[25.39282,43.35028],[25.39273,43.35268],[25.392,43.35268],[25.39051,43.35603],[25.38922,43.35595],[25.38971,43.35642],[25.38896,43.35748],[25.39034,43.35749],[25.39081,43.35887],[25.39562,43.35831],[25.39707,43.35746],[25.40366,43.3574],[25.40533,43.35603],[25.40648,43.35661],[25.41118,43.35636],[25.41117,43.35734],[25.40709,43.35931],[25.40497,43.35973],[25.40488,43.36099],[25.40667,43.36189],[25.40555,43.36209],[25.40153,43.36077],[25.39786,43.36187],[25.39549,43.36355],[25.39591,43.36449],[25.39561,43.36526],[25.39664,43.36651],[25.39708,43.36815],[25.39659,43.36864],[25.39468,43.36847],[25.39303,43.36685],[25.3914,43.36632],[25.39157,43.36697],[25.39114,43.36703],[25.39116,43.36804],[25.39049,43.3688],[25.38889,43.36854],[25.38851,43.36925],[25.38933,43.36949],[25.38831,43.36955],[25.3876,43.37015],[25.38507,43.36845],[25.38085,43.36669],[25.37907,43.36669],[25.37678,43.36748],[25.37584,43.3681],[25.37477,43.37033],[25.37474,43.38236],[25.3696,43.38237],[25.36965,43.38441],[25.3749,43.38467],[25.3749,43.38598],[25.37593,43.38597],[25.37596,43.38709],[25.37819,43.38772],[25.37856,43.38874],[25.37963,43.38964],[25.38068,43.38906],[25.38163,43.39],[25.38171,43.3895],[25.38207,43.38997],[25.38352,43.39005],[25.38565,43.3896],[25.38812,43.38811],[25.3922,43.38724],[25.39296,43.38665],[25.39242,43.38755],[25.39811,43.38683],[25.40117,43.38571],[25.40105,43.38666],[25.38624,43.38997],[25.38572,43.39282],[25.38599,43.39314],[25.38771,43.39229],[25.38933,43.39379],[25.38981,43.39588],[25.39073,43.39681],[25.39405,43.39702],[25.39426,43.39793],[25.39666,43.3984],[25.40142,43.39805],[25.39536,43.39882],[25.39502,43.40045],[25.39559,43.40138],[25.3982,43.40102],[25.39548,43.40157],[25.39437,43.40606],[25.39217,43.40546],[25.39009,43.40557],[25.38751,43.40662],[25.38758,43.41074],[25.3833,43.41173],[25.3831,43.41213],[25.384,43.41216],[25.38224,43.41686],[25.37948,43.41838],[25.37964,43.41992],[25.3814,43.42051],[25.38478,43.42016],[25.38558,43.41769],[25.38848,43.41339],[25.38851,43.41241],[25.39027,43.41255],[25.39092,43.41378],[25.38918,43.41427],[25.38969,43.41524],[25.38868,43.41552],[25.38905,43.4162],[25.3949,43.41514],[25.39357,43.41477],[25.39172,43.41529],[25.39145,43.41479],[25.39331,43.41427],[25.39245,43.41265],[25.40496,43.4133],[25.40699,43.41401],[25.41395,43.41352],[25.41793,43.41465],[25.4153,43.41439],[25.41476,43.41608],[25.41597,43.41629],[25.41617,43.41564],[25.41686,43.41576],[25.41724,43.41875],[25.41839,43.41867],[25.41859,43.42064],[25.41803,43.42069],[25.4181,43.42128],[25.42092,43.42103],[25.42335,43.42158],[25.42348,43.42098],[25.42405,43.42099],[25.42403,43.42221],[25.41495,43.42269],[25.41455,43.42068],[25.38959,43.42257],[25.38991,43.42389],[25.38968,43.42469],[25.38884,43.4247],[25.38877,43.42767],[25.39053,43.4279],[25.39101,43.42995],[25.39241,43.42987],[25.39341,43.43452],[25.39519,43.43536],[25.40368,43.4432],[25.40599,43.4433],[25.40826,43.44043],[25.4081,43.43979],[25.40598,43.43947],[25.40551,43.43897],[25.40577,43.43875],[25.40897,43.43868],[25.41048,43.43923],[25.40921,43.4397],[25.40926,43.44044],[25.40763,43.44179],[25.4079,43.44249],[25.40948,43.44241],[25.40764,43.44272],[25.40726,43.44299],[25.40768,43.4434],[25.41651,43.44071],[25.40848,43.44322],[25.40731,43.44401],[25.40871,43.44573],[25.41035,43.44628],[25.41424,43.4524],[25.4177,43.45527],[25.4189,43.45387],[25.41864,43.45357],[25.41956,43.45099],[25.42057,43.4513],[25.4203,43.45189],[25.42099,43.45209],[25.42052,43.45254],[25.42137,43.45268],[25.42107,43.45438],[25.42358,43.45505],[25.42928,43.45414],[25.42948,43.45314],[25.43068,43.45242],[25.42945,43.45032],[25.43122,43.45052],[25.43035,43.45106],[25.43023,43.4517],[25.4329,43.45134],[25.43369,43.452],[25.43065,43.45207],[25.43336,43.45309],[25.43586,43.45324],[25.43687,43.45382],[25.44052,43.45365],[25.44629,43.45519],[25.44674,43.45492],[25.44686,43.45571],[25.45502,43.458],[25.46681,43.46078],[25.47324,43.46157],[25.47256,43.46405],[25.47071,43.46366],[25.46904,43.46415],[25.46841,43.46287],[25.46594,43.46323],[25.46661,43.4636],[25.46596,43.46378],[25.46075,43.4637],[25.46113,43.46124],[25.45925,43.46079],[25.45905,43.46123],[25.45357,43.46007],[25.45341,43.46042],[25.44345,43.45783],[25.43695,43.45868],[25.43523,43.46086],[25.43481,43.4628],[25.44291,43.46413],[25.44301,43.46525],[25.44363,43.46518],[25.44339,43.46651],[25.44614,43.46786],[25.44763,43.4653],[25.44829,43.4663],[25.44989,43.466],[25.45039,43.46866],[25.4523,43.46936],[25.4543,43.46843],[25.45429,43.46945],[25.45609,43.46947],[25.45654,43.47166],[25.45751,43.4717],[25.45749,43.47259],[25.45944,43.47353],[25.46254,43.47407],[25.46441,43.47579],[25.46472,43.4746],[25.46618,43.47384],[25.46697,43.47395],[25.46612,43.47544],[25.46618,43.4767],[25.46852,43.47934],[25.47008,43.47969],[25.48487,43.47968],[25.48436,43.48114],[25.47785,43.4807],[25.47642,43.48468],[25.47246,43.48516],[25.47108,43.48642],[25.47202,43.48717],[25.47168,43.48798],[25.47114,43.48747],[25.4696,43.48814],[25.46994,43.48942],[25.46954,43.48958],[25.47242,43.4916],[25.47424,43.49085],[25.47472,43.48996],[25.47524,43.49059],[25.47849,43.49033],[25.48506,43.48799],[25.4912,43.48811],[25.49158,43.48576],[25.49269,43.4856],[25.49303,43.48706],[25.49378,43.48763],[25.49357,43.48861],[25.49274,43.48917],[25.48076,43.49002],[25.48067,43.49109],[25.47942,43.49129],[25.47943,43.49196],[25.48497,43.49196],[25.49034,43.49291],[25.49047,43.49362],[25.4898,43.49404],[25.4885,43.49387],[25.48637,43.49443],[25.48446,43.49568],[25.4851,43.49646],[25.48648,43.4966],[25.48864,43.4994],[25.49494,43.49865],[25.49516,43.49809],[25.4966,43.49857],[25.49605,43.49969],[25.49268,43.50165],[25.49176,43.5047],[25.49444,43.50573],[25.4927,43.507],[25.49355,43.50692],[25.49417,43.50763],[25.49544,43.50794],[25.49691,43.50576],[25.50018,43.50518],[25.50726,43.51301],[25.50615,43.51379],[25.50833,43.51594],[25.50839,43.51659],[25.50787,43.51746],[25.50574,43.51862],[25.50632,43.51905],[25.50599,43.51941],[25.50652,43.52092],[25.50535,43.52076],[25.50447,43.52185],[25.4991,43.52065],[25.49664,43.52137],[25.49645,43.52094],[25.4949,43.52088],[25.49546,43.52167],[25.48683,43.5246],[25.4807,43.52841],[25.46938,43.53332],[25.4631,43.5379],[25.46279,43.53863],[25.46577,43.53965],[25.47318,43.53933],[25.48131,43.5359],[25.48079,43.53528],[25.4821,43.53428],[25.48302,43.53525],[25.48595,43.53409],[25.48637,43.53466],[25.49152,43.53224],[25.4942,43.53153],[25.49442,43.53105],[25.50334,43.5321],[25.50234,43.53453],[25.50165,43.53597],[25.50069,43.53644],[25.49397,43.53689],[25.49133,43.53751],[25.48967,43.5391],[25.48787,43.53977],[25.48264,43.53935],[25.47792,43.5422],[25.47534,43.54289],[25.47427,43.54395],[25.4664,43.54287],[25.4662,43.54374],[25.46436,43.54383],[25.46354,43.54502],[25.46615,43.54635],[25.46544,43.54696],[25.46783,43.54745],[25.46897,43.54827],[25.46692,43.54878],[25.46628,43.54836],[25.46573,43.54886],[25.46969,43.55149],[25.47252,43.55274],[25.47282,43.55204],[25.47061,43.55095],[25.47459,43.55008],[25.47965,43.55333],[25.48101,43.55281],[25.47548,43.54933],[25.4784,43.54903],[25.47968,43.54985],[25.48022,43.55142],[25.48163,43.55172],[25.48246,43.55056],[25.48462,43.55173],[25.48891,43.55557],[25.49304,43.55706],[25.49469,43.55845],[25.49632,43.55767],[25.49832,43.55931],[25.49835,43.55989],[25.49969,43.56044],[25.50097,43.55952],[25.50263,43.55696],[25.50563,43.55484],[25.50455,43.55399],[25.50903,43.55371],[25.51052,43.55488],[25.51556,43.55452],[25.51614,43.55322],[25.51668,43.54286],[25.51659,43.54156],[25.5159,43.5411],[25.51746,43.53953],[25.52079,43.54069],[25.52292,43.53785],[25.52594,43.54056],[25.52789,43.53898],[25.52915,43.54099],[25.52722,43.54169],[25.52476,43.54169],[25.52621,43.5438],[25.52692,43.54401],[25.52664,43.54433],[25.51948,43.54221],[25.51893,43.54268],[25.51973,43.54561],[25.52395,43.54775],[25.52351,43.54896],[25.52054,43.55015],[25.52231,43.55074],[25.52182,43.55148],[25.51793,43.55132],[25.51824,43.55209],[25.51989,43.55334],[25.51916,43.55574],[25.52115,43.5565],[25.52036,43.55653],[25.52032,43.55719],[25.52107,43.55724],[25.52089,43.55938],[25.52271,43.55915],[25.52269,43.55954],[25.52559,43.55961],[25.52786,43.56031],[25.52871,43.56009],[25.52832,43.55921],[25.52932,43.5591],[25.53013,43.56077],[25.52895,43.56209],[25.52901,43.56314],[25.53086,43.56273],[25.53071,43.56315],[25.53265,43.56251],[25.53429,43.56161],[25.53508,43.56054],[25.53186,43.56859],[25.53501,43.56794],[25.53523,43.56871],[25.53209,43.57027],[25.53078,43.57155],[25.53386,43.57282],[25.53612,43.5732],[25.53772,43.57123],[25.53888,43.57074],[25.54671,43.56928],[25.55002,43.56918],[25.55027,43.57189],[25.55093,43.5729],[25.55146,43.57296],[25.55142,43.57461],[25.55826,43.57369],[25.55502,43.57507],[25.55515,43.5772],[25.5538,43.57625],[25.55196,43.57831],[25.54662,43.57848],[25.54794,43.57942],[25.55085,43.57959],[25.54918,43.58183],[25.55406,43.58435],[25.5553,43.58559],[25.55621,43.58529],[25.55697,43.58604],[25.55629,43.58686],[25.55805,43.58792],[25.56096,43.58697],[25.56259,43.5876],[25.56065,43.58565],[25.55634,43.58271],[25.55524,43.58134],[25.55602,43.58118],[25.55659,43.58162],[25.56289,43.58096],[25.5652,43.57874],[25.56649,43.57927],[25.5692,43.5792],[25.57922,43.57763],[25.58799,43.57835],[25.59601,43.58064],[25.58726,43.57833],[25.58027,43.5781],[25.57655,43.57898],[25.57583,43.57968],[25.56931,43.58226],[25.5675,43.58213],[25.56237,43.5846],[25.56106,43.58547],[25.56316,43.58745],[25.56829,43.58594],[25.57001,43.58608],[25.56775,43.58609],[25.56377,43.58779],[25.56492,43.589],[25.56833,43.58881],[25.57062,43.59014],[25.57159,43.59337],[25.57002,43.59705],[25.57034,43.59734],[25.56993,43.5997],[25.57228,43.60067],[25.57385,43.59974],[25.57517,43.60061],[25.57267,43.60182],[25.5724,43.60388],[25.57605,43.60567],[25.57569,43.6062],[25.57655,43.60651],[25.57735,43.60555],[25.57781,43.60569],[25.57743,43.60623],[25.57782,43.60638],[25.56194,43.61156],[25.55211,43.611],[25.5501,43.61255],[25.54872,43.61098],[25.5478,43.61099]],[[25.50933,43.56401],[25.51473,43.56351],[25.51486,43.56248],[25.51572,43.56247],[25.51611,43.55528],[25.5066,43.55655],[25.50405,43.55886],[25.50317,43.56099],[25.50347,43.56325],[25.50868,43.56293],[25.50933,43.56314],[25.50933,43.56401]]]},"properties":{"SiteCode":"BG0000233","SiteNameBG":"Студена река","SiteType":"SCI","SiteArea":5301.5680194899996,"naturaClass":"habitats"}},{"type":"Feature","geometry":{"type":"Polygon","coordinates":[[[28.51234,43.56823],[28.5142,43.56577],[28.52832,43.5649],[28.52991,43.57476],[28.53034,43.57537],[28.52874,43.5845],[28.53109,43.58473],[28.53125,43.58524],[28.53428,43.58385],[28.53549,43.58271],[28.54172,43.58198],[28.54445,43.58465],[28.54487,43.58648],[28.54624,43.5875],[28.54942,43.58813],[28.55429,43.58656],[28.55556,43.5874],[28.55673,43.58646],[28.55967,43.58781],[28.5608,43.58714],[28.56067,43.58536],[28.56558,43.58359],[28.56665,43.57949],[28.56574,43.57827],[28.5648,43.57813],[28.56476,43.57911],[28.56434,43.57853],[28.56474,43.57796],[28.56421,43.57539],[28.56311,43.57413],[28.56275,43.57284],[28.56244,43.56929],[28.55971,43.56789],[28.56078,43.56614],[28.56132,43.56279],[28.5608,43.56107],[28.55875,43.55939],[28.55721,43.55702],[28.55798,43.55313],[28.55701,43.55304],[28.55669,43.55209],[28.55184,43.54948],[28.55351,43.54918],[28.55293,43.54497],[28.55328,43.54416],[28.55665,43.54363],[28.56297,43.55317],[28.57036,43.56253],[28.56996,43.56302],[28.57219,43.56519],[28.57285,43.57006],[28.57608,43.57031],[28.57656,43.57109],[28.57689,43.57024],[28.58089,43.56989],[28.58101,43.57041],[28.57971,43.57149],[28.57911,43.57279],[28.58002,43.5729],[28.58139,43.57083],[28.5811,43.57056],[28.58158,43.56977],[28.58337,43.56783],[28.58473,43.5673],[28.58573,43.56583],[28.58539,43.56565],[28.58752,43.56229],[28.58722,43.55984],[28.58941,43.55728],[28.58951,43.55561],[28.59081,43.55596],[28.59115,43.55728],[28.59414,43.55792],[28.59173,43.55529],[28.59317,43.54445],[28.59196,43.5438],[28.59209,43.54348],[28.60396,43.54284],[28.60375,43.5447],[28.60197,43.5451],[28.60203,43.54578],[28.60426,43.54621],[28.60419,43.54651],[28.60472,43.54621],[28.62245,43.54642],[28.62341,43.55697],[28.62364,43.56582],[28.61893,43.57446],[28.61345,43.58229],[28.61504,43.60122],[28.56678,43.60154],[28.56784,43.59706],[28.57028,43.59134],[28.56915,43.59124],[28.56771,43.59033],[28.56574,43.59136],[28.56556,43.59495],[28.55754,43.59457],[28.55724,43.59418],[28.55948,43.592],[28.55782,43.59176],[28.55645,43.58941],[28.55407,43.58992],[28.55008,43.5897],[28.54862,43.59128],[28.54399,43.59266],[28.54191,43.59274],[28.54442,43.59243],[28.54447,43.59196],[28.54199,43.59162],[28.54023,43.59077],[28.53925,43.58907],[28.53315,43.59025],[28.53291,43.58989],[28.5306,43.59087],[28.53076,43.5897],[28.52924,43.59001],[28.52907,43.58898],[28.52826,43.58836],[28.52813,43.58691],[28.52643,43.58463],[28.5272,43.5827],[28.5267,43.57677],[28.52482,43.57272],[28.52714,43.57248],[28.52811,43.57079],[28.52733,43.57082],[28.5273,43.5704],[28.52567,43.57057],[28.52524,43.56902],[28.52766,43.56875],[28.52647,43.56645],[28.52576,43.56622],[28.52259,43.56704],[28.52266,43.56801],[28.51484,43.5699],[28.51338,43.56844],[28.51234,43.56823]]]},"properties":{"SiteCode":"BG0000621","SiteNameBG":"Езеро Шабла - Езерец","SiteType":"SCI","SiteArea":2624.6624860100001,"naturaClass":"habitats"}},{"type":"Feature","geometry":{"type":"Polygon","coordinates":[[[24.89375,43.68735],[24.89229,43.68808],[24.89122,43.68759],[24.89054,43.68687],[24.89073,43.68443],[24.88903,43.68231],[24.88913,43.68179],[24.88542,43.68099],[24.88897,43.67802],[24.88671,43.67618],[24.88354,43.67616],[24.88115,43.67518],[24.87857,43.67265],[24.87785,43.66829],[24.87563,43.66717],[24.8752,43.66599],[24.87223,43.66574],[24.87138,43.66392],[24.86922,43.66423],[24.86909,43.66506],[24.86831,43.66533],[24.86798,43.66466],[24.8633,43.6634],[24.86256,43.66476],[24.86114,43.66537],[24.85608,43.66615],[24.8517,43.66835],[24.85168,43.66711],[24.85266,43.66491],[24.85124,43.66529],[24.84945,43.66891],[24.84941,43.66521],[24.85403,43.65702],[24.85426,43.65522],[24.85393,43.65439],[24.84627,43.64641],[24.84344,43.64728],[24.83948,43.64752],[24.84141,43.64651],[24.83853,43.64161],[24.83747,43.64178],[24.83834,43.64531],[24.83616,43.64581],[24.83752,43.64538],[24.8371,43.64274],[24.83533,43.64259],[24.83572,43.64171],[24.83464,43.63944],[24.83283,43.63918],[24.83226,43.63777],[24.83116,43.63784],[24.83105,43.63748],[24.83511,43.63699],[24.83523,43.6353],[24.83584,43.63418],[24.8357,43.63307],[24.83001,43.63474],[24.8248,43.63416],[24.82929,43.63339],[24.83549,43.63153],[24.83235,43.63156],[24.83748,43.63067],[24.83814,43.62965],[24.83814,43.62803],[24.8351,43.62852],[24.83575,43.62755],[24.83192,43.62756],[24.83624,43.6268],[24.83728,43.62635],[24.83777,43.6255],[24.83936,43.6281],[24.83873,43.63055],[24.84201,43.6318],[24.84574,43.63078],[24.84595,43.62997],[24.84708,43.62914],[24.84431,43.62526],[24.84498,43.62516],[24.84559,43.62661],[24.84693,43.62762],[24.84875,43.62829],[24.84939,43.62765],[24.85029,43.62563],[24.85051,43.62289],[24.84884,43.61839],[24.84102,43.61837],[24.84111,43.61785],[24.84215,43.61785],[24.84338,43.6121],[24.84391,43.61213],[24.8439,43.61082],[24.84147,43.61083],[24.84148,43.61015],[24.84363,43.61014],[24.84364,43.60949],[24.84436,43.60949],[24.84435,43.60883],[24.84577,43.60883],[24.84578,43.60999],[24.84732,43.60998],[24.84885,43.61187],[24.84868,43.61152],[24.85218,43.60963],[24.86465,43.60465],[24.88192,43.60153],[24.88265,43.60056],[24.88176,43.59927],[24.88344,43.60088],[24.88466,43.60098],[24.8898,43.59966],[24.89115,43.59795],[24.89357,43.59729],[24.8998,43.59202],[24.90028,43.59093],[24.90377,43.58888],[24.91152,43.58563],[24.91389,43.58192],[24.92531,43.57637],[24.93381,43.56979],[24.93124,43.56812],[24.93309,43.56616],[24.93244,43.56499],[24.93278,43.55953],[24.93362,43.55866],[24.93387,43.55716],[24.93567,43.55585],[24.93897,43.55507],[24.9422,43.56449],[24.94859,43.56231],[24.9499,43.56467],[24.95402,43.56256],[24.9549,43.56242],[24.95635,43.56334],[24.95957,43.56295],[24.96369,43.56068],[24.97142,43.55911],[24.96937,43.55357],[24.97151,43.55042],[24.97289,43.54961],[24.97515,43.54942],[24.97567,43.54696],[24.97905,43.54748],[24.98048,43.54696],[24.98104,43.54733],[24.98182,43.54848],[24.98062,43.55098],[24.98056,43.55175],[24.98107,43.55229],[24.99423,43.5481],[25.0023,43.54444],[25.00637,43.54372],[25.00694,43.54396],[25.00705,43.54363],[25.00712,43.54468],[25.01109,43.54444],[25.01452,43.54289],[25.01639,43.53915],[25.0185,43.53918],[25.02145,43.53497],[25.02428,43.53414],[25.02398,43.53454],[25.02616,43.53467],[25.02774,43.53602],[25.02777,43.53668],[25.02498,43.53922],[25.02142,43.53944],[25.02034,43.54028],[25.02474,43.54173],[25.02632,43.54143],[25.02879,43.54265],[25.02109,43.54194],[25.02076,43.54216],[25.02174,43.54288],[25.02251,43.54482],[25.01868,43.54583],[25.01968,43.54689],[25.02401,43.5464],[25.03674,43.54827],[25.0374,43.54635],[25.03556,43.54634],[25.03418,43.5452],[25.0335,43.54358],[25.0355,43.54389],[25.03531,43.54332],[25.03745,43.54309],[25.03979,43.54376],[25.04233,43.5431],[25.04273,43.54168],[25.05145,43.54211],[25.04294,43.54349],[25.04099,43.5444],[25.05326,43.54391],[25.05321,43.54344],[25.0565,43.54262],[25.05403,43.54098],[25.05733,43.54118],[25.05861,43.54216],[25.06043,43.54206],[25.06088,43.54367],[25.06236,43.54441],[25.06752,43.54343],[25.06763,43.54228],[25.06834,43.5446],[25.0738,43.54455],[25.07389,43.54212],[25.07589,43.54487],[25.07847,43.54508],[25.07756,43.54376],[25.07855,43.54317],[25.07716,43.54313],[25.07628,43.54134],[25.07704,43.54111],[25.0768,43.54069],[25.0762,43.54087],[25.07514,43.53915],[25.08104,43.53828],[25.08135,43.53829],[25.07836,43.53889],[25.07785,43.53983],[25.07908,43.54088],[25.07865,43.5413],[25.08114,43.54486],[25.0809,43.54537],[25.08474,43.54521],[25.09303,43.54589],[25.10003,43.54531],[25.10057,43.54573],[25.10094,43.54521],[25.10265,43.54554],[25.10344,43.54459],[25.10005,43.54352],[25.09999,43.54412],[25.09798,43.54343],[25.09321,43.5432],[25.09224,43.5414],[25.0886,43.53712],[25.09202,43.53661],[25.09296,43.53962],[25.09421,43.54096],[25.09575,43.5408],[25.09616,43.54168],[25.09799,43.54132],[25.10056,43.54196],[25.10029,43.54281],[25.10377,43.54361],[25.10364,43.54441],[25.10707,43.54362],[25.11091,43.54392],[25.11913,43.54347],[25.11929,43.54433],[25.11996,43.54434],[25.12023,43.54605],[25.1225,43.54618],[25.1177,43.54742],[25.10679,43.54871],[25.10292,43.54955],[25.10323,43.5501],[25.10188,43.54939],[25.08923,43.55036],[25.08956,43.55331],[25.09917,43.5525],[25.09936,43.55361],[25.10004,43.55353],[25.09982,43.55431],[25.10029,43.55363],[25.10074,43.55557],[25.10215,43.55535],[25.10242,43.55618],[25.10092,43.55644],[25.10177,43.55857],[25.10037,43.55781],[25.09986,43.55613],[25.09848,43.55644],[25.09878,43.55716],[25.09784,43.55763],[25.0977,43.55823],[25.09319,43.55977],[25.0925,43.56015],[25.09268,43.56086],[25.09163,43.56128],[25.09148,43.56066],[25.0898,43.56117],[25.08945,43.56032],[25.09533,43.55811],[25.09532,43.55763],[25.09218,43.55851],[25.07786,43.5596],[25.07794,43.56146],[25.07315,43.56158],[25.07309,43.56103],[25.0663,43.56139],[25.06634,43.56186],[25.06456,43.56195],[25.06464,43.56276],[25.06249,43.56269],[25.0627,43.56394],[25.05859,43.56577],[25.05922,43.56761],[25.06301,43.56631],[25.06292,43.56559],[25.06794,43.56502],[25.06852,43.56567],[25.06337,43.56693],[25.05926,43.56873],[25.06181,43.57174],[25.06414,43.57271],[25.06633,43.57215],[25.06617,43.57108],[25.07432,43.56889],[25.07572,43.56874],[25.07599,43.56928],[25.07786,43.56975],[25.08047,43.56941],[25.08078,43.56979],[25.06777,43.57272],[25.06467,43.57412],[25.06497,43.57518],[25.06407,43.57999],[25.06452,43.58015],[25.06493,43.58224],[25.06431,43.5822],[25.06418,43.58287],[25.06566,43.58345],[25.06546,43.58397],[25.06396,43.58394],[25.06327,43.5854],[25.06521,43.5856],[25.06554,43.5862],[25.06859,43.58607],[25.06864,43.58673],[25.07525,43.58648],[25.07541,43.58607],[25.0748,43.58838],[25.06186,43.59059],[25.06252,43.59219],[25.06232,43.59421],[25.06618,43.59394],[25.06169,43.59561],[25.06341,43.59767],[25.06314,43.59842],[25.06479,43.59973],[25.06799,43.60101],[25.07109,43.6012],[25.06792,43.60273],[25.07008,43.60466],[25.06975,43.60572],[25.07039,43.60589],[25.07063,43.60498],[25.07235,43.60596],[25.07033,43.60671],[25.06642,43.60427],[25.06672,43.6046],[25.0654,43.60459],[25.0605,43.6032],[25.05967,43.60404],[25.05865,43.60354],[25.05578,43.60341],[25.05605,43.60308],[25.04815,43.60223],[25.04012,43.60014],[25.03996,43.59975],[25.03718,43.59945],[25.03689,43.60013],[25.03576,43.6],[25.03518,43.60105],[25.03389,43.60082],[25.0328,43.60459],[25.03125,43.60711],[25.04084,43.60975],[25.04443,43.61171],[25.04803,43.61293],[25.04856,43.61348],[25.04841,43.61396],[25.04734,43.61419],[25.04694,43.61493],[25.04775,43.61505],[25.04552,43.61848],[25.04404,43.61826],[25.04333,43.61929],[25.04506,43.61949],[25.04391,43.62123],[25.04824,43.62353],[25.05282,43.62468],[25.05354,43.62387],[25.05227,43.62571],[25.04942,43.62671],[25.05005,43.62765],[25.05372,43.62698],[25.04813,43.62889],[25.04701,43.62884],[25.04389,43.62468],[25.03908,43.62622],[25.0393,43.62759],[25.03818,43.62761],[25.0367,43.63082],[25.03767,43.63074],[25.03625,43.63165],[25.0355,43.63051],[25.03186,43.63065],[25.02842,43.6299],[25.02906,43.63059],[25.02795,43.63057],[25.02646,43.62946],[25.02304,43.6284],[25.02275,43.62904],[25.02036,43.62952],[25.02037,43.63085],[25.02209,43.63187],[25.01217,43.63507],[25.01215,43.63773],[25.01273,43.63812],[25.01186,43.63837],[25.01286,43.6403],[25.01429,43.6403],[25.01595,43.63869],[25.02188,43.63758],[25.02215,43.63694],[25.02153,43.63686],[25.02467,43.6359],[25.02765,43.63635],[25.03093,43.63491],[25.03226,43.6352],[25.03359,43.63676],[25.0298,43.64085],[25.02839,43.6434],[25.02555,43.64464],[25.01639,43.6577],[25.01301,43.66011],[25.01122,43.66441],[25.00882,43.66551],[25.00688,43.66537],[25.00396,43.66372],[25.00537,43.6638],[25.00661,43.66325],[25.00578,43.6629],[25.00253,43.66348],[25.00158,43.6641],[25.00128,43.66388],[25.00161,43.66318],[24.99926,43.66353],[24.99782,43.66451],[24.99136,43.66168],[24.98285,43.6633],[24.98154,43.66235],[24.98176,43.66177],[24.98084,43.66129],[24.97276,43.66229],[24.9698,43.66188],[24.96848,43.6623],[24.96418,43.66202],[24.95783,43.66537],[24.95495,43.66861],[24.95366,43.66915],[24.95229,43.6686],[24.95121,43.6672],[24.95014,43.66693],[24.94919,43.66712],[24.94824,43.66819],[24.94712,43.66735],[24.94606,43.66749],[24.94329,43.66494],[24.94037,43.66578],[24.93987,43.66632],[24.93939,43.66883],[24.93795,43.67141],[24.93886,43.67218],[24.93858,43.67235],[24.92846,43.67538],[24.92149,43.67857],[24.90746,43.68011],[24.90711,43.68009],[24.90709,43.67903],[24.90631,43.67911],[24.90461,43.68059],[24.90077,43.68183],[24.8991,43.68326],[24.89882,43.68408],[24.89733,43.68384],[24.8972,43.68289],[24.89627,43.68487],[24.89622,43.68616],[24.89375,43.68735]]]},"properties":{"SiteCode":"BG0000247","SiteNameBG":"Никополско плато","SiteType":"SCI","SiteArea":18503.177337500001,"naturaClass":"habitats"}},{"type":"Feature","geometry":{"type":"Polygon","coordinates":[[[24.97402,43.73102],[24.95191,43.72921],[24.95151,43.73035],[24.95113,43.73032],[24.94191,43.72847],[24.93708,43.72811],[24.93335,43.7269],[24.93242,43.72548],[24.91573,43.71981],[24.91419,43.71893],[24.91618,43.7153],[24.90669,43.71251],[24.89293,43.71016],[24.88738,43.7083],[24.88041,43.70722],[24.8638,43.70625],[24.86208,43.70603],[24.86206,43.70558],[24.85505,43.70619],[24.84688,43.70786],[24.84511,43.70407],[24.85557,43.7014],[24.85878,43.70107],[24.86182,43.70155],[24.85915,43.70023],[24.85701,43.69827],[24.85461,43.69698],[24.85248,43.69661],[24.85071,43.69743],[24.84798,43.69395],[24.84733,43.69245],[24.84501,43.6806],[24.84526,43.67748],[24.85124,43.66529],[24.85266,43.66491],[24.85168,43.66711],[24.8517,43.66835],[24.85608,43.66615],[24.86114,43.66537],[24.86256,43.66476],[24.8633,43.6634],[24.86798,43.66466],[24.86831,43.66533],[24.86909,43.66506],[24.86922,43.66423],[24.87138,43.66392],[24.87223,43.66574],[24.8752,43.66599],[24.87563,43.66717],[24.87785,43.66829],[24.87857,43.67265],[24.88115,43.67518],[24.88354,43.67616],[24.88671,43.67618],[24.88897,43.67802],[24.88542,43.68099],[24.88913,43.68179],[24.88903,43.68231],[24.89078,43.68458],[24.89061,43.68707],[24.89222,43.68808],[24.89622,43.68616],[24.89627,43.68487],[24.8972,43.68289],[24.89733,43.68384],[24.89882,43.68408],[24.8991,43.68326],[24.90077,43.68183],[24.90461,43.68059],[24.90631,43.67911],[24.90709,43.67903],[24.90711,43.68009],[24.90746,43.68011],[24.92149,43.67857],[24.92846,43.67538],[24.93858,43.67235],[24.93886,43.67218],[24.93795,43.67141],[24.93939,43.66883],[24.93987,43.66632],[24.94037,43.66578],[24.94329,43.66494],[24.94606,43.66749],[24.94712,43.66735],[24.94824,43.66819],[24.94919,43.66712],[24.95014,43.66693],[24.95148,43.66738],[24.95291,43.66899],[24.95399,43.66914],[24.95783,43.66537],[24.96367,43.66211],[24.96848,43.6623],[24.9698,43.66188],[24.97276,43.66229],[24.98084,43.66129],[24.98176,43.66177],[24.98154,43.66235],[24.98285,43.6633],[24.99136,43.66168],[24.99782,43.66451],[24.99861,43.66389],[25.00267,43.66741],[25.00615,43.66851],[25.0082,43.66985],[25.00964,43.66825],[25.01195,43.66707],[25.01233,43.66768],[25.01283,43.66751],[25.01589,43.66576],[25.01645,43.66583],[25.02262,43.66211],[25.02513,43.65926],[25.02835,43.65759],[25.03003,43.65618],[25.03201,43.65255],[25.04021,43.65176],[25.04199,43.65521],[25.04961,43.6542],[25.04866,43.65234],[25.0517,43.65161],[25.05244,43.65202],[25.06208,43.64927],[25.06312,43.64786],[25.06495,43.64714],[25.0638,43.64565],[25.06105,43.64511],[25.06058,43.64138],[25.0568,43.6405],[25.05799,43.63965],[25.06285,43.63821],[25.06196,43.63312],[25.06129,43.63186],[25.07188,43.63134],[25.07314,43.62863],[25.07,43.62467],[25.06803,43.62341],[25.06729,43.62205],[25.06386,43.62036],[25.06136,43.62133],[25.04803,43.61293],[25.04443,43.61171],[25.04084,43.60975],[25.03125,43.60711],[25.0328,43.60459],[25.03329,43.60277],[25.0448,43.60479],[25.0459,43.60582],[25.0494,43.60641],[25.06489,43.60728],[25.06608,43.60762],[25.06751,43.61003],[25.06932,43.60963],[25.07146,43.6083],[25.07722,43.61688],[25.08015,43.61585],[25.08374,43.62129],[25.09467,43.61789],[25.11502,43.61302],[25.14368,43.60728],[25.15468,43.60345],[25.16209,43.60293],[25.16878,43.60101],[25.16931,43.60169],[25.16924,43.6039],[25.17094,43.60385],[25.17323,43.6013],[25.18981,43.59476],[25.19458,43.59631],[25.19842,43.59697],[25.20127,43.59602],[25.20029,43.5977],[25.20007,43.59927],[25.19744,43.60003],[25.19513,43.60154],[25.20091,43.60789],[25.20413,43.60638],[25.214,43.61608],[25.21943,43.61449],[25.22013,43.61485],[25.2259,43.59435],[25.23423,43.59598],[25.23507,43.59304],[25.24067,43.59413],[25.24744,43.59358],[25.25122,43.59375],[25.25489,43.59553],[25.25797,43.59514],[25.26147,43.59614],[25.26079,43.59875],[25.27137,43.60168],[25.26699,43.60817],[25.27788,43.61321],[25.27479,43.6275],[25.27163,43.63093],[25.28878,43.6356],[25.2916,43.63569],[25.29022,43.64807],[25.29223,43.64806],[25.29233,43.65085],[25.28989,43.65142],[25.28131,43.65124],[25.26243,43.64815],[25.2526,43.64774],[25.24859,43.64665],[25.24271,43.64613],[25.22602,43.64197],[25.21354,43.63989],[25.20985,43.63763],[25.20514,43.63574],[25.20421,43.63764],[25.20962,43.6394],[25.21228,43.64109],[25.21512,43.64218],[25.22338,43.64379],[25.2266,43.64591],[25.2277,43.64526],[25.23002,43.6455],[25.25368,43.6504],[25.25933,43.65018],[25.27697,43.65287],[25.28609,43.65326],[25.28743,43.65567],[25.29453,43.65435],[25.28188,43.66131],[25.26542,43.67404],[25.25895,43.6784],[25.25047,43.68218],[25.2413,43.68549],[25.22602,43.68778],[25.20187,43.69309],[25.17832,43.70081],[25.17102,43.7023],[25.16423,43.70195],[25.15505,43.70028],[25.13853,43.69235],[25.13052,43.6894],[25.10925,43.68549],[25.10568,43.68526],[25.09212,43.68621],[25.06145,43.69106],[25.04496,43.69812],[25.04426,43.69734],[25.03861,43.70047],[25.02589,43.70865],[25.01413,43.71707],[25.00914,43.72142],[25.00426,43.72434],[24.97402,43.73102]]]},"properties":{"SiteCode":"BG0000396","SiteNameBG":"Персина","SiteType":"SCI","SiteArea":25689.953175499999,"naturaClass":"habitats"}},{"type":"Feature","geometry":{"type":"Polygon","coordinates":[[[28.02812,43.27046],[28.02806,43.27208],[28.02709,43.2729],[28.02483,43.27297],[28.02296,43.27425],[28.02558,43.27631],[28.02657,43.27609],[28.02552,43.27671],[28.03053,43.27667],[28.03005,43.27873],[28.03059,43.27974],[28.03223,43.28097],[28.03343,43.28469],[28.03394,43.28541],[28.0336,43.28454],[28.03543,43.28593],[28.03603,43.28736],[28.03777,43.28836],[28.03885,43.29081],[28.04154,43.29189],[28.04269,43.29305],[28.04394,43.29806],[28.04671,43.29985],[28.04946,43.30331],[28.05096,43.30725],[28.05198,43.30849],[28.05253,43.31082],[28.05666,43.31671],[28.05652,43.31735],[28.06106,43.32238],[28.06367,43.3279],[28.0626,43.33354],[28.06357,43.33545],[28.06327,43.33644],[28.06191,43.33811],[28.05766,43.34059],[28.05764,43.33957],[28.05851,43.33907],[28.05623,43.33887],[28.05689,43.33742],[28.04833,43.33504],[28.04575,43.33313],[28.04458,43.33198],[28.0442,43.33086],[28.04286,43.33038],[28.04283,43.32841],[28.04239,43.32828],[28.04222,43.32737],[28.04142,43.3274],[28.0406,43.32838],[28.03721,43.33041],[28.03711,43.33008],[28.0388,43.32895],[28.03909,43.32746],[28.0377,43.32609],[28.03643,43.32364],[28.03341,43.32076],[28.03317,43.319],[28.03157,43.31819],[28.03006,43.3163],[28.03013,43.313],[28.02896,43.3135],[28.02929,43.31467],[28.02841,43.31511],[28.02735,43.31513],[28.02674,43.31432],[28.02823,43.31242],[28.0274,43.31245],[28.02755,43.31201],[28.02677,43.31183],[28.02745,43.311],[28.02717,43.31011],[28.02782,43.30832],[28.02684,43.30661],[28.02593,43.30705],[28.02539,43.30618],[28.0229,43.30633],[28.02048,43.30495],[28.02074,43.30469],[28.02009,43.30428],[28.01967,43.30474],[28.02096,43.30702],[28.02331,43.30905],[28.02606,43.3091],[28.02467,43.30969],[28.02547,43.30987],[28.02427,43.30973],[28.02384,43.31076],[28.02401,43.31134],[28.02443,43.31113],[28.02462,43.31302],[28.02397,43.31197],[28.02334,43.31291],[28.02461,43.31397],[28.02492,43.31452],[28.02453,43.3148],[28.0237,43.31367],[28.02237,43.31327],[28.022,43.31072],[28.02027,43.31081],[28.02173,43.31237],[28.02033,43.31317],[28.02073,43.31242],[28.01694,43.30925],[28.01582,43.30694],[28.01369,43.30598],[28.01437,43.30406],[28.0139,43.30222],[28.01466,43.30012],[28.01791,43.29982],[28.02416,43.30075],[28.02903,43.2975],[28.03084,43.29535],[28.03043,43.29498],[28.02481,43.29466],[28.02193,43.29336],[28.02101,43.29244],[28.01861,43.28821],[28.01755,43.28499],[28.01818,43.27979],[28.01686,43.27866],[28.01229,43.27688],[28.00969,43.27447],[28.00792,43.26964],[28.00865,43.26696],[28.00926,43.2661],[28.01183,43.26631],[28.0146,43.26488],[28.01588,43.26545],[28.01525,43.26659],[28.016,43.26779],[28.01866,43.26764],[28.01988,43.2668],[28.02184,43.26746],[28.02439,43.26634],[28.02435,43.26804],[28.02812,43.27046]]]},"properties":{"SiteCode":"BG0000118","SiteNameBG":"Златни пясъци","SiteType":"SCI","SiteArea":1374.3371495700001,"naturaClass":"habitats"}},{"type":"Feature","geometry":{"type":"MultiPolygon","coordinates":[[[[28.09255,43.78452],[28.0939,43.78461],[28.09386,43.78623],[28.09457,43.78723],[28.09728,43.78774],[28.09465,43.78956],[28.09931,43.79058],[28.09881,43.80408],[28.0926,43.80658],[28.0898,43.80303],[28.09092,43.80256],[28.08533,43.79544],[28.09216,43.79241],[28.09055,43.79045],[28.09225,43.7893],[28.09189,43.78747],[28.09042,43.7854],[28.08797,43.78437],[28.08563,43.78412],[28.08348,43.78492],[28.08372,43.78429],[28.08325,43.78364],[28.07991,43.78149],[28.08459,43.78367],[28.08806,43.78415],[28.08891,43.78382],[28.08979,43.78427],[28.09213,43.78284],[28.09155,43.78173],[28.09019,43.78299],[28.08967,43.78274],[28.09371,43.77847],[28.09481,43.77531],[28.09496,43.77238],[28.09388,43.77045],[28.09002,43.76852],[28.094,43.76325],[28.09253,43.76243],[28.09137,43.76331],[28.09073,43.76298],[28.09156,43.76219],[28.08652,43.75953],[28.08562,43.76032],[28.08469,43.75975],[28.08219,43.76194],[28.08372,43.76032],[28.07888,43.75742],[28.07716,43.75897],[28.07217,43.75586],[28.06795,43.75975],[28.06513,43.75802],[28.06386,43.7595],[28.06323,43.75962],[28.06319,43.76015],[28.0684,43.76336],[28.05277,43.75398],[28.05711,43.75015],[28.05642,43.74907],[28.05484,43.74813],[28.05604,43.74707],[28.04751,43.74121],[28.04409,43.73762],[28.04187,43.73626],[28.04216,43.73561],[28.04263,43.73513],[28.06111,43.74601],[28.05983,43.74705],[28.06027,43.7486],[28.06199,43.74918],[28.06223,43.75051],[28.062,43.74995],[28.06114,43.74978],[28.05939,43.75287],[28.06005,43.75289],[28.05971,43.75301],[28.05983,43.75392],[28.0609,43.75355],[28.06051,43.7542],[28.06077,43.7562],[28.06195,43.7564],[28.06194,43.75684],[28.06563,43.75666],[28.06619,43.75606],[28.06612,43.75447],[28.06511,43.75372],[28.06566,43.75345],[28.06546,43.75264],[28.06524,43.75209],[28.06466,43.75208],[28.06601,43.7517],[28.06496,43.75094],[28.06508,43.75015],[28.06579,43.7502],[28.06585,43.74957],[28.06647,43.74987],[28.0662,43.75047],[28.08263,43.75767],[28.08727,43.7574],[28.09175,43.75781],[28.09573,43.75507],[28.099,43.75635],[28.09812,43.75752],[28.10004,43.75806],[28.09964,43.75986],[28.10368,43.76063],[28.10461,43.76008],[28.10405,43.75941],[28.10578,43.75961],[28.10566,43.76017],[28.10287,43.7614],[28.09914,43.7616],[28.09607,43.77864],[28.10565,43.7814],[28.10453,43.78322],[28.10472,43.78591],[28.10416,43.78593],[28.10431,43.78305],[28.10493,43.78301],[28.10497,43.7826],[28.10019,43.78151],[28.09865,43.78318],[28.09517,43.78204],[28.09241,43.78389],[28.09255,43.78452]]],[[[28.10467,43.74872],[28.1055,43.74931],[28.10441,43.74971],[28.10447,43.75011],[28.10312,43.75016],[28.09913,43.74702],[28.09852,43.74493],[28.09926,43.74484],[28.09894,43.74339],[28.09811,43.74351],[28.09742,43.74203],[28.09865,43.74112],[28.09852,43.74043],[28.09747,43.74068],[28.09761,43.74128],[28.09694,43.74048],[28.09471,43.74054],[28.09299,43.74218],[28.09679,43.74984],[28.08957,43.74366],[28.08667,43.74194],[28.08397,43.7422],[28.08212,43.74137],[28.07879,43.74432],[28.07826,43.74431],[28.08188,43.74121],[28.08132,43.74044],[28.08227,43.74094],[28.08412,43.73966],[28.08547,43.73945],[28.08498,43.73897],[28.08562,43.7369],[28.08405,43.73579],[28.08131,43.73646],[28.07963,43.73632],[28.07824,43.735],[28.07617,43.73561],[28.07405,43.73413],[28.07107,43.73019],[28.06515,43.72485],[28.06833,43.72544],[28.06851,43.72686],[28.07103,43.72711],[28.07126,43.7259],[28.07074,43.72445],[28.07198,43.72313],[28.06914,43.72162],[28.06701,43.72316],[28.06886,43.72106],[28.07123,43.7206],[28.07,43.71895],[28.06915,43.7192],[28.06748,43.71641],[28.06801,43.71625],[28.06732,43.7161],[28.06665,43.7149],[28.06602,43.71496],[28.06585,43.71439],[28.06427,43.71367],[28.06396,43.71301],[28.06087,43.71138],[28.06164,43.70928],[28.06129,43.7075],[28.06259,43.70802],[28.0642,43.70779],[28.06476,43.70885],[28.06854,43.71244],[28.07078,43.71689],[28.07215,43.71841],[28.07358,43.7188],[28.07428,43.72055],[28.07374,43.72094],[28.07353,43.72432],[28.074,43.72506],[28.07339,43.72705],[28.07561,43.73131],[28.07997,43.73228],[28.08381,43.73456],[28.08839,43.73569],[28.09293,43.73146],[28.09961,43.73186],[28.10003,43.72809],[28.10542,43.72004],[28.10564,43.72035],[28.10401,43.72352],[28.10199,43.73128],[28.10148,43.73779],[28.10402,43.73955],[28.10681,43.74376],[28.11038,43.74743],[28.10575,43.7429],[28.10252,43.74335],[28.10161,43.74411],[28.10149,43.74495],[28.1032,43.74484],[28.10527,43.74712],[28.10467,43.74872]]],[[[28.02945,43.72669],[28.02914,43.72895],[28.02975,43.72992],[28.03857,43.73618],[28.03622,43.73811],[28.03075,43.73485],[28.03125,43.7344],[28.02971,43.7333],[28.02999,43.7316],[28.02839,43.73136],[28.02617,43.72979],[28.02694,43.72882],[28.02385,43.72693],[28.02406,43.72372],[28.0252,43.72255],[28.02836,43.72442],[28.02884,43.72272],[28.0307,43.72304],[28.03136,43.72269],[28.03199,43.71994],[28.03201,43.72069],[28.03238,43.72076],[28.03276,43.7193],[28.035,43.7214],[28.0346,43.72204],[28.03796,43.72383],[28.039,43.72507],[28.03345,43.72207],[28.0324,43.72308],[28.03363,43.72379],[28.032,43.72537],[28.03307,43.72598],[28.03398,43.72527],[28.03636,43.72668],[28.03727,43.72593],[28.03837,43.72657],[28.03965,43.72571],[28.03617,43.7296],[28.02936,43.72562],[28.02945,43.72669]]]]},"properties":{"SiteCode":"BG0000569","SiteNameBG":"Кардам","SiteType":"SCI","SiteArea":918.92171005,"naturaClass":"habitats"}},{"type":"Feature","geometry":{"type":"Polygon","coordinates":[[[22.76855,42.73575],[22.76906,42.73827],[22.76999,42.73955],[22.77298,42.74041],[22.77347,42.74318],[22.7723,42.74539],[22.77323,42.74667],[22.77558,42.74701],[22.77613,42.74903],[22.77203,42.75437],[22.76008,42.75068],[22.75805,42.74561],[22.7579,42.74285],[22.75997,42.73743],[22.76245,42.73578],[22.76627,42.73442],[22.76855,42.73575]]]},"properties":{"SiteCode":"BG0000314","SiteNameBG":"Ребро","SiteType":"SCI","SiteArea":212.93959218000001,"naturaClass":"habitats"}},{"type":"Feature","geometry":{"type":"Polygon","coordinates":[[[23.53591,43.73765],[23.51914,43.73807],[23.51293,43.73415],[23.50884,43.7306],[23.50468,43.72829],[23.49959,43.7272],[23.48974,43.7269],[23.48569,43.72783],[23.48402,43.72921],[23.47738,43.73275],[23.4735,43.73294],[23.47186,43.73164],[23.47287,43.72918],[23.47012,43.72474],[23.46436,43.72051],[23.46453,43.71772],[23.46303,43.71394],[23.46534,43.71121],[23.46509,43.70809],[23.46217,43.70675],[23.46012,43.70513],[23.45944,43.702],[23.47119,43.69925],[23.47927,43.70043],[23.50704,43.69506],[23.51993,43.69483],[23.53019,43.69545],[23.53443,43.6962],[23.54323,43.6999],[23.54976,43.7057],[23.55581,43.71242],[23.56097,43.71973],[23.56469,43.72233],[23.57474,43.72668],[23.58026,43.72778],[23.58485,43.7301],[23.58578,43.73635],[23.58096,43.73807],[23.56635,43.73826],[23.54494,43.7373],[23.53591,43.73765]]]},"properties":{"SiteCode":"BG0000336","SiteNameBG":"Златия","SiteType":"SCI","SiteArea":3191.1801542500002,"naturaClass":"habitats"}},{"type":"Feature","geometry":{"type":"Polygon","coordinates":[[[22.70892,43.9791],[22.70533,43.98115],[22.70046,43.98283],[22.69666,43.98175],[22.68214,43.97996],[22.67162,43.97645],[22.66678,43.97782],[22.66286,43.97829],[22.66282,43.97891],[22.66267,43.97819],[22.64099,43.97772],[22.64086,43.97643],[22.64141,43.97568],[22.64067,43.97479],[22.64085,43.97334],[22.6438,43.97287],[22.64408,43.97201],[22.63678,43.96981],[22.63737,43.96933],[22.64148,43.96875],[22.64611,43.96892],[22.64858,43.97032],[22.64958,43.97032],[22.64886,43.96982],[22.64873,43.96862],[22.64915,43.96813],[22.64854,43.96686],[22.64976,43.96645],[22.65119,43.96659],[22.65228,43.96923],[22.6547,43.96871],[22.65701,43.96911],[22.66127,43.96799],[22.66212,43.96897],[22.66578,43.96782],[22.66641,43.96504],[22.67012,43.96145],[22.67385,43.96346],[22.67679,43.9645],[22.67851,43.96457],[22.6791,43.96241],[22.67727,43.95799],[22.67928,43.95402],[22.6755,43.95263],[22.67035,43.95243],[22.66198,43.95492],[22.65685,43.95441],[22.64475,43.94897],[22.63749,43.94807],[22.63121,43.94565],[22.63569,43.94333],[22.64432,43.94304],[22.65004,43.94139],[22.65515,43.94221],[22.6729,43.94693],[22.67473,43.94544],[22.67627,43.94207],[22.67959,43.93784],[22.69591,43.94274],[22.69689,43.9423],[22.69765,43.94121],[22.70088,43.94231],[22.70226,43.94202],[22.70528,43.94339],[22.70579,43.9444],[22.70916,43.9448],[22.71266,43.94754],[22.71131,43.94877],[22.70939,43.94757],[22.70888,43.94984],[22.71164,43.95337],[22.7097,43.95641],[22.71789,43.96232],[22.71934,43.96611],[22.71817,43.97042],[22.71075,43.9717],[22.7115,43.97329],[22.71173,43.9761],[22.70892,43.9791]]]},"properties":{"SiteCode":"BG0000340","SiteNameBG":"Цар Петрово","SiteType":"SCI","SiteArea":1904.7558934199999,"naturaClass":"habitats"}},{"type":"Feature","geometry":{"type":"Polygon","coordinates":[[[27.62482,42.62882],[27.6227,42.62957],[27.62188,42.62834],[27.62089,42.6287],[27.62018,42.62774],[27.61922,42.62812],[27.61729,42.62546],[27.61732,42.62362],[27.61793,42.62358],[27.61744,42.6175],[27.61838,42.61744],[27.61891,42.61518],[27.62003,42.61496],[27.6199,42.61407],[27.62075,42.61388],[27.62057,42.61338],[27.62287,42.61187],[27.61716,42.59945],[27.61458,42.60051],[27.61143,42.59579],[27.61328,42.59509],[27.61143,42.59408],[27.61187,42.59342],[27.60918,42.59313],[27.61029,42.59244],[27.6088,42.59246],[27.60885,42.59157],[27.61054,42.59165],[27.61056,42.58757],[27.60547,42.57928],[27.60759,42.57657],[27.61,42.57745],[27.61426,42.57568],[27.61459,42.57602],[27.61575,42.57535],[27.61704,42.5761],[27.61834,42.57549],[27.61949,42.56975],[27.62177,42.56794],[27.62684,42.5662],[27.62989,42.56569],[27.63558,42.56589],[27.63724,42.56684],[27.63616,42.57016],[27.634,42.57371],[27.63249,42.5799],[27.64577,42.5811],[27.65095,42.58256],[27.65389,42.58437],[27.66528,42.60023],[27.66804,42.60685],[27.66829,42.60917],[27.66944,42.61099],[27.67224,42.61334],[27.63144,42.62656],[27.63029,42.62516],[27.63001,42.62532],[27.63104,42.62691],[27.62533,42.62897],[27.62404,42.6275],[27.62482,42.62882]]]},"properties":{"SiteCode":"BG0000620","SiteNameBG":"Поморие","SiteType":"SCI","SiteArea":2086.6923655800001,"naturaClass":"habitats"}},{"type":"Feature","geometry":{"type":"Polygon","coordinates":[[[22.52661,43.91727],[22.52837,43.91634],[22.53163,43.91802],[22.53781,43.91971],[22.54017,43.92114],[22.54438,43.9203],[22.55156,43.92314],[22.54948,43.92417],[22.55087,43.92612],[22.55081,43.92689],[22.55211,43.92805],[22.55479,43.92927],[22.55509,43.93151],[22.55927,43.93323],[22.56038,43.93272],[22.56049,43.93127],[22.55966,43.93002],[22.56034,43.92915],[22.56293,43.92948],[22.56394,43.9284],[22.56631,43.9275],[22.56785,43.92756],[22.56824,43.92846],[22.56662,43.92951],[22.56654,43.93062],[22.57121,43.93202],[22.57113,43.93302],[22.56921,43.93406],[22.56754,43.93589],[22.56803,43.93746],[22.57276,43.94009],[22.57406,43.94337],[22.57272,43.94688],[22.57217,43.95008],[22.57048,43.95213],[22.57331,43.95546],[22.57219,43.95609],[22.57096,43.95604],[22.56887,43.95729],[22.56516,43.95748],[22.56056,43.9593],[22.55871,43.95934],[22.55521,43.95876],[22.55452,43.95762],[22.55658,43.95692],[22.5584,43.95722],[22.56096,43.95598],[22.56076,43.95453],[22.56127,43.95388],[22.5625,43.95393],[22.56214,43.95247],[22.55999,43.9525],[22.5523,43.95442],[22.55141,43.95394],[22.54844,43.95449],[22.54652,43.95553],[22.54549,43.95482],[22.54557,43.95383],[22.54703,43.95277],[22.55194,43.95096],[22.55499,43.9493],[22.55431,43.94816],[22.55122,43.94826],[22.54653,43.94919],[22.54441,43.94878],[22.54324,43.94795],[22.54424,43.94688],[22.54755,43.9459],[22.55014,43.94422],[22.55551,43.9382],[22.55708,43.9357],[22.55736,43.93404],[22.55233,43.9334],[22.55001,43.93153],[22.54571,43.92936],[22.54489,43.92788],[22.54371,43.92728],[22.54353,43.9255],[22.52888,43.91981],[22.52684,43.91828],[22.52661,43.91727]]]},"properties":{"SiteCode":"BG0000523","SiteNameBG":"Шишенци","SiteType":"SCI","SiteArea":571.54672815000004,"naturaClass":"habitats"}},{"type":"Feature","geometry":{"type":"Polygon","coordinates":[[[25.18889,42.97835],[25.18567,42.97787],[25.18496,42.97722],[25.18548,42.97707],[25.18575,42.97786],[25.18622,42.97729],[25.18632,42.97816],[25.18769,42.9765],[25.1856,42.97707],[25.18532,42.97585],[25.18734,42.97592],[25.18827,42.97473],[25.18835,42.97516],[25.18934,42.97468],[25.18799,42.97639],[25.18906,42.97745],[25.18941,42.97711],[25.18885,42.97629],[25.18913,42.9756],[25.18975,42.97554],[25.18996,42.97621],[25.19126,42.97546],[25.19143,42.97628],[25.19216,42.97656],[25.19279,42.97587],[25.19188,42.97411],[25.1904,42.97441],[25.18811,42.97377],[25.1884,42.97341],[25.19017,42.97376],[25.18978,42.97322],[25.19087,42.97302],[25.19039,42.97245],[25.19098,42.97265],[25.19163,42.97214],[25.18897,42.97228],[25.18915,42.97187],[25.19141,42.97171],[25.1914,42.97124],[25.18952,42.97111],[25.19031,42.9709],[25.18985,42.96907],[25.18685,42.96934],[25.18698,42.96776],[25.18882,42.96756],[25.18915,42.96658],[25.18741,42.96583],[25.1903,42.96484],[25.18955,42.96404],[25.19226,42.9622],[25.19152,42.96142],[25.19178,42.96121],[25.19315,42.96144],[25.19517,42.96046],[25.19556,42.96095],[25.19758,42.9607],[25.19808,42.96048],[25.19771,42.96003],[25.2001,42.95901],[25.19983,42.95866],[25.20086,42.95819],[25.20215,42.95879],[25.20252,42.95854],[25.20487,42.95654],[25.20472,42.95562],[25.20552,42.95527],[25.20615,42.9558],[25.20744,42.95505],[25.20777,42.95416],[25.2072,42.95383],[25.2079,42.95318],[25.21112,42.95146],[25.21149,42.95184],[25.21222,42.95144],[25.21186,42.95108],[25.21354,42.95016],[25.21242,42.94975],[25.21024,42.95057],[25.21298,42.94924],[25.21122,42.94794],[25.21177,42.9478],[25.2131,42.94856],[25.2143,42.95035],[25.21752,42.94734],[25.21663,42.94566],[25.21776,42.94641],[25.22005,42.94554],[25.2173,42.94294],[25.21845,42.94281],[25.2205,42.94485],[25.22503,42.94396],[25.22479,42.94335],[25.22529,42.94324],[25.22485,42.94257],[25.22265,42.94242],[25.21889,42.94102],[25.21862,42.94019],[25.22191,42.94037],[25.22914,42.94259],[25.22944,42.94219],[25.23023,42.94229],[25.23231,42.94019],[25.23678,42.93759],[25.23383,42.93455],[25.23347,42.93362],[25.23412,42.9337],[25.23672,42.93626],[25.23854,42.9354],[25.23577,42.93413],[25.23781,42.93414],[25.24033,42.93172],[25.23944,42.93114],[25.24171,42.93089],[25.24303,42.92997],[25.24245,42.92969],[25.24301,42.92925],[25.24442,42.92986],[25.24876,42.93006],[25.24727,42.92806],[25.24726,42.92497],[25.25401,42.92654],[25.25131,42.92412],[25.25201,42.92448],[25.25421,42.92344],[25.25274,42.92105],[25.25401,42.92188],[25.25444,42.92168],[25.25245,42.92076],[25.25341,42.92026],[25.25466,42.92104],[25.2559,42.92065],[25.25565,42.92013],[25.25637,42.91962],[25.25778,42.91949],[25.25685,42.91843],[25.25838,42.91901],[25.25908,42.91801],[25.26162,42.91691],[25.26096,42.91607],[25.26106,42.91463],[25.26152,42.91454],[25.2614,42.91634],[25.26206,42.9178],[25.26414,42.9177],[25.26508,42.91703],[25.26533,42.91535],[25.26604,42.91514],[25.26726,42.91612],[25.26597,42.91548],[25.26559,42.91573],[25.26543,42.91629],[25.26643,42.91709],[25.26562,42.91776],[25.26606,42.91848],[25.26705,42.91827],[25.26709,42.9178],[25.26836,42.91719],[25.26926,42.91798],[25.26995,42.91778],[25.26821,42.91527],[25.26798,42.91342],[25.26948,42.91304],[25.26968,42.91379],[25.26862,42.91383],[25.2683,42.91437],[25.26841,42.91513],[25.26975,42.91613],[25.27083,42.91555],[25.2696,42.91434],[25.26999,42.91416],[25.27107,42.91536],[25.27207,42.91561],[25.2717,42.91422],[25.27315,42.91372],[25.27387,42.91486],[25.27377,42.91553],[25.27486,42.91528],[25.27516,42.91325],[25.27579,42.91259],[25.27536,42.91262],[25.27344,42.91018],[25.27423,42.90953],[25.27362,42.90917],[25.27427,42.90867],[25.27433,42.90746],[25.27394,42.90712],[25.27293,42.90759],[25.27363,42.90694],[25.27329,42.90638],[25.27222,42.90728],[25.27113,42.90695],[25.27141,42.90638],[25.2709,42.90297],[25.27144,42.9021],[25.27267,42.90203],[25.27328,42.90264],[25.27279,42.90299],[25.27337,42.90274],[25.27387,42.90349],[25.27458,42.90305],[25.27457,42.90255],[25.27365,42.90228],[25.2756,42.90274],[25.27651,42.90361],[25.27715,42.90303],[25.2779,42.90341],[25.27992,42.90308],[25.282,42.90373],[25.28327,42.90329],[25.28323,42.90401],[25.28663,42.90364],[25.28673,42.90422],[25.2861,42.90443],[25.28657,42.90562],[25.28818,42.90376],[25.29093,42.90412],[25.28885,42.90504],[25.28855,42.90641],[25.29,42.90779],[25.2932,42.90891],[25.29404,42.9101],[25.29633,42.90896],[25.29576,42.90826],[25.29611,42.90794],[25.29556,42.90811],[25.29542,42.90762],[25.29482,42.90754],[25.29349,42.90551],[25.29192,42.9042],[25.29321,42.90408],[25.29427,42.90514],[25.2946,42.90442],[25.29541,42.90455],[25.29569,42.90485],[25.2948,42.90519],[25.29636,42.90563],[25.29728,42.90539],[25.29798,42.90584],[25.29632,42.90616],[25.29665,42.90655],[25.29528,42.9071],[25.29561,42.90735],[25.2977,42.90819],[25.29903,42.90726],[25.30024,42.90772],[25.29918,42.90859],[25.30044,42.90873],[25.29979,42.90901],[25.30002,42.90973],[25.30125,42.9112],[25.30246,42.91178],[25.30237,42.91255],[25.30166,42.91262],[25.30244,42.91331],[25.30149,42.91376],[25.30212,42.91422],[25.30308,42.91387],[25.3027,42.91323],[25.30667,42.91196],[25.30569,42.91236],[25.30704,42.91375],[25.30672,42.91443],[25.30488,42.91399],[25.30703,42.9154],[25.30771,42.91817],[25.30476,42.92124],[25.30349,42.92195],[25.30388,42.92146],[25.30362,42.92108],[25.30486,42.92062],[25.30394,42.92037],[25.30055,42.92175],[25.30091,42.92206],[25.30045,42.92196],[25.30017,42.92249],[25.30191,42.92266],[25.30107,42.92317],[25.30135,42.92342],[25.29656,42.92719],[25.29312,42.92848],[25.29322,42.9289],[25.29105,42.93086],[25.28688,42.93362],[25.28607,42.93516],[25.28691,42.93634],[25.28659,42.93673],[25.28759,42.93886],[25.28712,42.93989],[25.28571,42.94106],[25.28343,42.94189],[25.28111,42.94186],[25.28047,42.94226],[25.28086,42.943],[25.2801,42.9423],[25.27695,42.94206],[25.27429,42.93942],[25.27124,42.94069],[25.27001,42.94046],[25.26982,42.93997],[25.26849,42.94077],[25.26843,42.94043],[25.26869,42.94107],[25.26806,42.94186],[25.26897,42.94226],[25.26826,42.94325],[25.26838,42.94409],[25.26771,42.94398],[25.26719,42.94464],[25.26576,42.94396],[25.26561,42.94428],[25.26262,42.94382],[25.26365,42.94348],[25.26289,42.94266],[25.26224,42.94302],[25.26165,42.94247],[25.26021,42.94282],[25.25961,42.94212],[25.25997,42.94182],[25.25908,42.9409],[25.25748,42.94144],[25.25741,42.94071],[25.25712,42.94123],[25.2568,42.94071],[25.2557,42.94185],[25.25541,42.9415],[25.25463,42.94216],[25.25453,42.94287],[25.25388,42.94291],[25.25335,42.94426],[25.25274,42.9439],[25.25365,42.94467],[25.25168,42.94698],[25.25164,42.94872],[25.25085,42.94911],[25.25164,42.94904],[25.25134,42.94956],[25.25231,42.94916],[25.25255,42.95043],[25.24898,42.94996],[25.24749,42.95089],[25.24783,42.95104],[25.24756,42.95189],[25.24801,42.95215],[25.25142,42.95275],[25.25202,42.95255],[25.25166,42.95181],[25.25443,42.95146],[25.2555,42.9506],[25.25557,42.95192],[25.25624,42.95199],[25.25615,42.95308],[25.25733,42.95257],[25.25811,42.95301],[25.25912,42.95156],[25.25959,42.95397],[25.25901,42.95406],[25.2581,42.95314],[25.25572,42.95321],[25.25554,42.95256],[25.25524,42.95303],[25.25391,42.95281],[25.25357,42.95371],[25.25449,42.95505],[25.25449,42.95664],[25.25372,42.95899],[25.25199,42.95852],[25.25069,42.95879],[25.24904,42.95982],[25.24631,42.9606],[25.24671,42.95963],[25.24585,42.95957],[25.24578,42.95853],[25.24691,42.95852],[25.24676,42.95745],[25.2443,42.9582],[25.24281,42.95769],[25.24047,42.95793],[25.24028,42.95729],[25.23938,42.9574],[25.23846,42.95864],[25.23712,42.95901],[25.23742,42.95931],[25.23499,42.9597],[25.23432,42.95968],[25.23435,42.959],[25.23343,42.9583],[25.23267,42.95593],[25.23275,42.9565],[25.23224,42.95695],[25.2314,42.95697],[25.23196,42.95775],[25.23212,42.9595],[25.2303,42.95686],[25.22755,42.95763],[25.22916,42.95872],[25.22748,42.95859],[25.22744,42.95914],[25.22908,42.95944],[25.22858,42.96014],[25.23026,42.96183],[25.232,42.96041],[25.23106,42.9616],[25.23168,42.96187],[25.2315,42.96262],[25.23207,42.96301],[25.23144,42.96345],[25.22824,42.96359],[25.22764,42.96418],[25.22804,42.9645],[25.22585,42.96472],[25.2277,42.96592],[25.22827,42.96702],[25.22752,42.96793],[25.22969,42.96873],[25.2281,42.96985],[25.22759,42.96953],[25.22557,42.97014],[25.22608,42.97091],[25.22496,42.97044],[25.22508,42.97126],[25.22407,42.97156],[25.22383,42.97107],[25.22328,42.9712],[25.22352,42.97169],[25.22321,42.97142],[25.22315,42.97201],[25.22372,42.97247],[25.2226,42.97219],[25.22202,42.97303],[25.22629,42.97408],[25.22451,42.97284],[25.22843,42.97327],[25.23463,42.9724],[25.23532,42.97305],[25.23438,42.97311],[25.23489,42.97408],[25.23429,42.97443],[25.23325,42.97407],[25.23288,42.97436],[25.23316,42.97494],[25.23241,42.97537],[25.23187,42.97452],[25.23115,42.97493],[25.23021,42.97477],[25.22963,42.97562],[25.22952,42.97526],[25.22732,42.97509],[25.22413,42.97531],[25.22274,42.97402],[25.22146,42.97397],[25.22076,42.97455],[25.21706,42.97412],[25.21537,42.97465],[25.21488,42.97536],[25.21432,42.97455],[25.21111,42.97564],[25.21135,42.97676],[25.21063,42.97681],[25.21012,42.97746],[25.20946,42.97705],[25.20989,42.97697],[25.20969,42.97651],[25.20748,42.97753],[25.20748,42.97708],[25.20636,42.97668],[25.20668,42.97639],[25.20594,42.97654],[25.20495,42.97572],[25.20436,42.97572],[25.20363,42.97706],[25.20069,42.97555],[25.19944,42.97844],[25.19833,42.97812],[25.19861,42.97741],[25.19755,42.97766],[25.19935,42.97732],[25.1998,42.97679],[25.20003,42.97572],[25.19899,42.97528],[25.19857,42.97605],[25.19345,42.97676],[25.19323,42.97636],[25.1922,42.97696],[25.1908,42.97655],[25.18889,42.97835]]]},"properties":{"SiteCode":"BG0000190","SiteNameBG":"Витата стена","SiteType":"SCI","SiteArea":2630.1849999999999,"naturaClass":"habitats"}},{"type":"Feature","geometry":{"type":"MultiPolygon","coordinates":[[[[27.92281,44.00316],[27.91684,44.00826],[27.88237,43.98857],[27.88334,43.98678],[27.88332,43.98538],[27.88703,43.98679],[27.88715,43.98745],[27.8892,43.98835],[27.88885,43.98446],[27.88812,43.98396],[27.88974,43.98188],[27.89065,43.97549],[27.8903,43.9735],[27.89275,43.97457],[27.89276,43.98016],[27.89349,43.98102],[27.89238,43.98526],[27.89464,43.98548],[27.89516,43.98155],[27.8947,43.97726],[27.89636,43.97405],[27.89697,43.97421],[27.89688,43.97538],[27.89744,43.97569],[27.89642,43.97706],[27.89781,43.98297],[27.90304,43.98587],[27.90707,43.98174],[27.90676,43.98129],[27.90782,43.98004],[27.90706,43.97828],[27.90871,43.97864],[27.91101,43.97765],[27.91038,43.97641],[27.90873,43.97544],[27.90982,43.97482],[27.90977,43.97367],[27.91232,43.97188],[27.91262,43.97453],[27.91313,43.97512],[27.91436,43.97479],[27.91493,43.97411],[27.91572,43.97398],[27.91639,43.97454],[27.91704,43.97397],[27.91569,43.9735],[27.91792,43.9721],[27.91889,43.97014],[27.91949,43.97036],[27.91958,43.96878],[27.92083,43.96622],[27.92205,43.96608],[27.92122,43.96541],[27.92161,43.96461],[27.9192,43.96353],[27.91946,43.96222],[27.91819,43.96144],[27.91678,43.96205],[27.91631,43.96275],[27.91702,43.96303],[27.91493,43.96392],[27.91754,43.96081],[27.91508,43.95967],[27.91397,43.96026],[27.91301,43.96015],[27.91287,43.95952],[27.90811,43.95741],[27.90853,43.95681],[27.9067,43.95598],[27.91079,43.95217],[27.91071,43.95168],[27.90959,43.95192],[27.90799,43.95136],[27.90491,43.95452],[27.90367,43.95405],[27.90386,43.95269],[27.90634,43.95006],[27.90587,43.94885],[27.90405,43.94843],[27.90367,43.95005],[27.90279,43.94941],[27.90113,43.95155],[27.9005,43.95384],[27.89926,43.95548],[27.8935,43.95282],[27.89467,43.95207],[27.89425,43.95188],[27.89457,43.95132],[27.89356,43.95114],[27.89357,43.95071],[27.89676,43.95075],[27.89662,43.94838],[27.89765,43.94869],[27.89764,43.94819],[27.89936,43.94893],[27.90215,43.94696],[27.90219,43.94398],[27.90136,43.94317],[27.90194,43.9427],[27.90144,43.94235],[27.90163,43.93844],[27.90222,43.93992],[27.90181,43.94097],[27.90224,43.94134],[27.90271,43.94073],[27.90304,43.93643],[27.90374,43.93665],[27.90409,43.93627],[27.90348,43.93591],[27.90493,43.93221],[27.90412,43.93213],[27.90445,43.93128],[27.90501,43.93112],[27.90478,43.93066],[27.90619,43.93079],[27.90636,43.93045],[27.90502,43.92996],[27.90643,43.93003],[27.90732,43.92822],[27.90787,43.92827],[27.9079,43.92749],[27.90738,43.92736],[27.90881,43.92637],[27.90915,43.92445],[27.90928,43.92536],[27.90861,43.92712],[27.91042,43.92752],[27.91106,43.92669],[27.90874,43.93193],[27.90935,43.93208],[27.90684,43.93776],[27.90887,43.93821],[27.90594,43.93789],[27.90491,43.94113],[27.90503,43.9437],[27.90613,43.94537],[27.90697,43.94528],[27.90799,43.94274],[27.90961,43.94278],[27.91029,43.94148],[27.91085,43.94159],[27.90996,43.94279],[27.9141,43.94292],[27.91774,43.94059],[27.91579,43.94013],[27.91592,43.93984],[27.91806,43.94032],[27.92222,43.93771],[27.9239,43.93613],[27.92451,43.93628],[27.92572,43.93555],[27.92723,43.93598],[27.92764,43.93554],[27.93101,43.93629],[27.92687,43.94557],[27.92756,43.94576],[27.92667,43.94613],[27.92152,43.9578],[27.92325,43.95879],[27.92571,43.95609],[27.92679,43.95401],[27.93135,43.95576],[27.92756,43.9544],[27.92503,43.95743],[27.92555,43.95767],[27.92109,43.96356],[27.92215,43.96427],[27.92459,43.9642],[27.92503,43.96361],[27.92651,43.96377],[27.92814,43.96327],[27.93069,43.96017],[27.93131,43.96148],[27.93367,43.96133],[27.93668,43.95853],[27.93459,43.95731],[27.9373,43.95223],[27.93617,43.9519],[27.93826,43.94666],[27.93615,43.94581],[27.93702,43.94317],[27.94058,43.94459],[27.94486,43.94102],[27.94605,43.94159],[27.94832,43.93978],[27.94902,43.94019],[27.94739,43.94216],[27.95309,43.94451],[27.95022,43.9577],[27.94423,43.95776],[27.94358,43.95797],[27.94348,43.95898],[27.94008,43.95923],[27.94077,43.96176],[27.94252,43.96214],[27.94243,43.96281],[27.94012,43.96313],[27.93914,43.96198],[27.93697,43.9617],[27.93524,43.9634],[27.93203,43.96405],[27.93202,43.96508],[27.93784,43.96574],[27.93778,43.96604],[27.93181,43.96537],[27.93076,43.96609],[27.92901,43.96596],[27.92836,43.97079],[27.93004,43.97104],[27.93226,43.97026],[27.93268,43.96905],[27.93341,43.96911],[27.93327,43.97024],[27.93748,43.97046],[27.93972,43.96792],[27.94081,43.96795],[27.93915,43.9715],[27.94198,43.97175],[27.94423,43.97254],[27.94412,43.97299],[27.93838,43.97273],[27.93793,43.97615],[27.93741,43.97601],[27.93671,43.97249],[27.93152,43.97205],[27.93074,43.9753],[27.93189,43.97662],[27.93322,43.97683],[27.93323,43.97733],[27.93522,43.97759],[27.93491,43.97939],[27.92853,43.97829],[27.92923,43.9731],[27.92815,43.97301],[27.92717,43.9745],[27.92614,43.97772],[27.92239,43.97682],[27.9203,43.97908],[27.92732,43.98118],[27.9273,43.98187],[27.92818,43.98218],[27.93245,43.98301],[27.93585,43.98281],[27.93629,43.98346],[27.9385,43.98387],[27.93719,43.98461],[27.93742,43.98553],[27.93478,43.984],[27.93332,43.98518],[27.93273,43.98504],[27.93243,43.98626],[27.93072,43.98751],[27.92655,43.98517],[27.92585,43.98602],[27.92449,43.98526],[27.92441,43.98416],[27.92498,43.98346],[27.9213,43.98149],[27.91947,43.98284],[27.91826,43.98285],[27.91734,43.98344],[27.91916,43.98565],[27.92726,43.99044],[27.91791,43.99864],[27.9186,43.99914],[27.9184,43.99989],[27.92291,44.00279],[27.92606,44.00029],[27.92281,44.00316]]],[[[27.91022,43.92392],[27.90937,43.92391],[27.91004,43.92299],[27.9093,43.9227],[27.90808,43.92397],[27.90599,43.92385],[27.90979,43.92092],[27.9102,43.91833],[27.90467,43.91729],[27.90335,43.91811],[27.90256,43.91931],[27.89959,43.91888],[27.90255,43.91603],[27.89696,43.91451],[27.8996,43.91413],[27.90396,43.91516],[27.90691,43.9169],[27.90929,43.91745],[27.91033,43.91712],[27.91019,43.91458],[27.90856,43.90898],[27.90707,43.90129],[27.9107,43.90138],[27.91063,43.90048],[27.91122,43.90049],[27.91286,43.908],[27.91257,43.91076],[27.91458,43.91445],[27.91476,43.9159],[27.91603,43.91594],[27.91695,43.91539],[27.91707,43.91612],[27.91542,43.91654],[27.91417,43.91613],[27.91169,43.91978],[27.9125,43.92033],[27.91315,43.91958],[27.91405,43.92007],[27.91326,43.9214],[27.91116,43.92105],[27.91022,43.92392]]],[[[27.843,43.96549],[27.84338,43.96611],[27.84531,43.96648],[27.84586,43.96749],[27.84362,43.9662],[27.83965,43.96584],[27.84395,43.96445],[27.84454,43.96309],[27.84367,43.96232],[27.84501,43.96216],[27.8463,43.96102],[27.84367,43.9599],[27.84642,43.96077],[27.84689,43.95976],[27.84576,43.95853],[27.84643,43.95817],[27.84687,43.95606],[27.84585,43.9551],[27.84661,43.95491],[27.8577,43.94152],[27.85901,43.94129],[27.86202,43.93788],[27.86277,43.93819],[27.85806,43.94426],[27.85736,43.94409],[27.85621,43.94529],[27.85406,43.94922],[27.84851,43.95585],[27.84814,43.95813],[27.84922,43.95851],[27.85041,43.95709],[27.85104,43.95709],[27.85249,43.95514],[27.85321,43.95535],[27.85632,43.95164],[27.85771,43.9522],[27.85523,43.95452],[27.85647,43.955],[27.85922,43.95484],[27.86079,43.95526],[27.86212,43.95491],[27.86429,43.95565],[27.86588,43.95393],[27.86994,43.95566],[27.86711,43.95557],[27.86447,43.95733],[27.86171,43.95625],[27.86074,43.95679],[27.85913,43.95614],[27.85818,43.95658],[27.85661,43.9561],[27.85554,43.95666],[27.85409,43.95626],[27.85217,43.95902],[27.85135,43.9588],[27.84856,43.96086],[27.84803,43.96162],[27.84977,43.96238],[27.84822,43.96197],[27.84769,43.9623],[27.84623,43.96397],[27.84604,43.96466],[27.84673,43.9651],[27.84619,43.96571],[27.84359,43.9651],[27.843,43.96549]]],[[[27.91426,43.96926],[27.9147,43.97009],[27.90944,43.96848],[27.90819,43.96755],[27.9044,43.96724],[27.90278,43.96785],[27.90127,43.9676],[27.9026,43.9661],[27.90046,43.96508],[27.90103,43.96402],[27.90386,43.96509],[27.90457,43.96441],[27.89837,43.9618],[27.89788,43.96216],[27.89487,43.96022],[27.89323,43.96],[27.8967,43.95996],[27.89851,43.9608],[27.89951,43.95995],[27.90699,43.96316],[27.9064,43.96373],[27.9076,43.96452],[27.91292,43.96641],[27.91227,43.96701],[27.91345,43.96805],[27.9129,43.96873],[27.91426,43.96926]]]]},"properties":{"SiteCode":"BG0000572","SiteNameBG":"Росица - Лозница","SiteType":"SCI","SiteArea":1813.3022378400001,"naturaClass":"habitats"}},{"type":"Feature","geometry":{"type":"Polygon","coordinates":[[[26.82504,43.25688],[26.82532,43.25289],[26.82764,43.25314],[26.82817,43.25266],[26.82677,43.25203],[26.83007,43.25116],[26.82888,43.24897],[26.83162,43.24826],[26.8311,43.24729],[26.8293,43.24613],[26.83663,43.24253],[26.83608,43.2417],[26.8397,43.2403],[26.84288,43.23717],[26.84438,43.23732],[26.84629,43.23314],[26.84702,43.23268],[26.85823,43.23682],[26.86,43.23597],[26.86008,43.23451],[26.85925,43.23266],[26.85946,43.23042],[26.86216,43.23063],[26.86202,43.22939],[26.86052,43.22699],[26.85918,43.22648],[26.85783,43.2267],[26.85426,43.22887],[26.85194,43.22853],[26.85083,43.22742],[26.85126,43.22586],[26.85489,43.22383],[26.85951,43.22322],[26.86279,43.22394],[26.8639,43.225],[26.86468,43.22964],[26.86551,43.23045],[26.86722,43.2292],[26.86714,43.22654],[26.86813,43.22499],[26.87195,43.22302],[26.87521,43.22273],[26.88243,43.22444],[26.88373,43.22516],[26.88558,43.22737],[26.88668,43.2274],[26.88929,43.22615],[26.89114,43.2259],[26.89294,43.22641],[26.89566,43.22801],[26.89885,43.22864],[26.90299,43.23225],[26.90806,43.23332],[26.90874,43.23388],[26.90903,43.23535],[26.91142,43.23695],[26.91173,43.23796],[26.9152,43.23524],[26.91672,43.23556],[26.91695,43.2349],[26.9176,43.23475],[26.92126,43.23518],[26.92295,43.23661],[26.92129,43.23647],[26.92074,43.23789],[26.92275,43.24147],[26.92235,43.24247],[26.92515,43.24483],[26.92554,43.24573],[26.92533,43.24756],[26.92598,43.24804],[26.92735,43.24791],[26.92729,43.24882],[26.92983,43.25092],[26.92988,43.252],[26.93119,43.25332],[26.93168,43.2572],[26.93062,43.25934],[26.93076,43.26022],[26.92736,43.2629],[26.92745,43.26454],[26.92631,43.26539],[26.92506,43.2654],[26.92417,43.26476],[26.92378,43.2652],[26.9222,43.26456],[26.91742,43.26653],[26.91556,43.26634],[26.9143,43.26446],[26.91348,43.26425],[26.91177,43.26465],[26.91122,43.26631],[26.90697,43.26668],[26.90386,43.26548],[26.90334,43.26401],[26.90355,43.26244],[26.90077,43.26258],[26.90136,43.26358],[26.90033,43.2648],[26.89674,43.26543],[26.89678,43.26611],[26.90014,43.2661],[26.90427,43.26813],[26.89908,43.26755],[26.8992,43.26829],[26.90079,43.26995],[26.90025,43.27099],[26.90031,43.2725],[26.89842,43.27361],[26.8989,43.27564],[26.90033,43.27576],[26.90068,43.27853],[26.89949,43.2797],[26.89667,43.27942],[26.89578,43.28022],[26.89706,43.28179],[26.89733,43.28412],[26.89685,43.28538],[26.89733,43.28639],[26.89931,43.28736],[26.90186,43.28985],[26.9036,43.2901],[26.90383,43.29149],[26.90787,43.29318],[26.90923,43.29487],[26.91279,43.29543],[26.91393,43.29634],[26.91549,43.2959],[26.91906,43.2986],[26.91892,43.29934],[26.91996,43.29945],[26.92093,43.30056],[26.92208,43.30024],[26.92286,43.3016],[26.92231,43.30261],[26.92326,43.30406],[26.9221,43.30547],[26.92436,43.30605],[26.9244,43.30665],[26.9217,43.30817],[26.9185,43.30858],[26.91724,43.30779],[26.91541,43.30764],[26.91448,43.30678],[26.91411,43.30562],[26.91494,43.30381],[26.91277,43.30502],[26.91098,43.30514],[26.90937,43.3042],[26.90843,43.30216],[26.90753,43.30277],[26.9057,43.30202],[26.90489,43.30233],[26.90544,43.30372],[26.90357,43.30456],[26.89719,43.30391],[26.89124,43.30093],[26.8807,43.29893],[26.87697,43.29515],[26.87614,43.29548],[26.87552,43.29671],[26.87257,43.29597],[26.86987,43.29428],[26.86802,43.29507],[26.86408,43.29167],[26.86245,43.28938],[26.86125,43.28607],[26.86019,43.28535],[26.85572,43.28472],[26.85225,43.28174],[26.85128,43.27919],[26.85113,43.27696],[26.84928,43.27264],[26.84627,43.26807],[26.84436,43.26627],[26.841,43.26362],[26.83871,43.26345],[26.83754,43.2625],[26.83568,43.26191],[26.83323,43.26192],[26.82686,43.26044],[26.82493,43.25915],[26.82504,43.25688]]]},"properties":{"SiteCode":"BG0000382","SiteNameBG":"Шуменско плато","SiteType":"SCI","SiteArea":4494.3344315599998,"naturaClass":"habitats"}},{"type":"Feature","geometry":{"type":"Polygon","coordinates":[[[27.5286,42.78116],[27.52978,42.78028],[27.52838,42.77864],[27.52825,42.77908],[27.52554,42.77934],[27.52537,42.77845],[27.51595,42.77958],[27.51532,42.77694],[27.51589,42.77689],[27.51523,42.77507],[27.51285,42.77402],[27.51139,42.77175],[27.50991,42.7708],[27.50921,42.76908],[27.50979,42.76583],[27.50888,42.7655],[27.5087,42.76449],[27.50697,42.76367],[27.50613,42.76212],[27.50711,42.75908],[27.5069,42.75801],[27.50538,42.757],[27.50567,42.75649],[27.50431,42.75568],[27.50321,42.75416],[27.4937,42.75558],[27.49166,42.75512],[27.48857,42.75063],[27.48679,42.7509],[27.48025,42.74948],[27.47929,42.74898],[27.47916,42.74818],[27.47792,42.74928],[27.47563,42.74869],[27.47033,42.7489],[27.4649,42.74762],[27.46424,42.74703],[27.46145,42.74826],[27.46021,42.74946],[27.45993,42.74704],[27.45754,42.74842],[27.45697,42.74803],[27.45486,42.7485],[27.45383,42.74815],[27.45371,42.74714],[27.45467,42.74701],[27.45577,42.74354],[27.45166,42.74451],[27.44674,42.74465],[27.44214,42.74419],[27.43933,42.74336],[27.43387,42.74304],[27.43205,42.74352],[27.43032,42.74308],[27.42694,42.74335],[27.42365,42.74287],[27.41243,42.74314],[27.41086,42.74368],[27.40732,42.74341],[27.40311,42.74294],[27.40117,42.74148],[27.40107,42.74088],[27.39928,42.74062],[27.38993,42.74159],[27.38802,42.74127],[27.38995,42.73878],[27.38846,42.73959],[27.38523,42.73736],[27.38287,42.73745],[27.38052,42.73816],[27.37964,42.73883],[27.37958,42.73969],[27.37757,42.73984],[27.37326,42.74144],[27.37218,42.74146],[27.37255,42.7408],[27.36719,42.74214],[27.36956,42.74003],[27.36541,42.74271],[27.36514,42.74114],[27.36634,42.73837],[27.36527,42.73924],[27.36507,42.74048],[27.36464,42.74058],[27.36489,42.74272],[27.3643,42.74252],[27.36387,42.74342],[27.36235,42.74409],[27.36061,42.74318],[27.35872,42.73934],[27.35889,42.73884],[27.3586,42.73945],[27.36044,42.74299],[27.35841,42.7435],[27.36067,42.74342],[27.36028,42.74374],[27.36113,42.74457],[27.36023,42.74618],[27.3562,42.74805],[27.35639,42.74866],[27.35394,42.74912],[27.34975,42.75115],[27.34492,42.75214],[27.34198,42.75251],[27.34244,42.75161],[27.34218,42.75129],[27.34127,42.75261],[27.34052,42.74966],[27.33992,42.7507],[27.34052,42.75296],[27.33717,42.75426],[27.33576,42.75548],[27.33096,42.75689],[27.33004,42.75942],[27.32783,42.75902],[27.32639,42.75706],[27.3266,42.75766],[27.32607,42.75773],[27.3266,42.75849],[27.3226,42.75996],[27.32157,42.75938],[27.32287,42.75828],[27.32177,42.75867],[27.32155,42.75837],[27.32297,42.75709],[27.32038,42.75572],[27.31674,42.75685],[27.31561,42.75628],[27.31489,42.75665],[27.31432,42.7561],[27.30383,42.75678],[27.3016,42.75587],[27.30165,42.7549],[27.29995,42.75421],[27.29907,42.75306],[27.29955,42.75234],[27.29853,42.75295],[27.29927,42.75412],[27.29922,42.7552],[27.29462,42.75164],[27.29154,42.75095],[27.29171,42.75252],[27.29123,42.7529],[27.28806,42.75326],[27.28791,42.75381],[27.28725,42.75387],[27.28688,42.75239],[27.28611,42.75275],[27.2852,42.75248],[27.28557,42.7543],[27.28333,42.75469],[27.28314,42.75275],[27.27911,42.75305],[27.27853,42.75384],[27.27386,42.75333],[27.273,42.75277],[27.27242,42.75345],[27.27092,42.75364],[27.27097,42.75329],[27.27053,42.7538],[27.26913,42.75351],[27.26865,42.75404],[27.2682,42.75322],[27.26434,42.7534],[27.26358,42.75444],[27.26423,42.75304],[27.26296,42.75188],[27.26172,42.7519],[27.26111,42.75275],[27.26072,42.75206],[27.25827,42.75294],[27.26016,42.75168],[27.26138,42.75197],[27.26433,42.7508],[27.26546,42.74962],[27.26142,42.74887],[27.25935,42.74692],[27.25812,42.74682],[27.25682,42.74775],[27.25893,42.74307],[27.2613,42.74021],[27.26079,42.73948],[27.26212,42.73872],[27.2629,42.73707],[27.26291,42.73395],[27.26387,42.7296],[27.26285,42.72955],[27.25835,42.73231],[27.25802,42.73137],[27.26141,42.73006],[27.26433,42.72719],[27.26607,42.72285],[27.26609,42.72076],[27.26732,42.7193],[27.26669,42.71838],[27.26845,42.71613],[27.27129,42.71783],[27.26965,42.71812],[27.27157,42.718],[27.27373,42.71871],[27.27451,42.72275],[27.27405,42.72515],[27.27481,42.72756],[27.27433,42.72828],[27.27457,42.72892],[27.27582,42.72909],[27.27716,42.72744],[27.27914,42.72631],[27.27955,42.72639],[27.27976,42.72795],[27.28037,42.72825],[27.28103,42.72677],[27.28378,42.72679],[27.28473,42.7294],[27.28595,42.73077],[27.28544,42.73102],[27.28614,42.73169],[27.28763,42.73174],[27.2878,42.73137],[27.28959,42.7317],[27.28921,42.73207],[27.29152,42.7338],[27.29291,42.73371],[27.29296,42.7327],[27.29208,42.73216],[27.29305,42.73134],[27.29396,42.73222],[27.29537,42.73193],[27.29532,42.73338],[27.30087,42.7328],[27.30082,42.73045],[27.30247,42.73107],[27.30142,42.73003],[27.30217,42.72876],[27.30182,42.72825],[27.30411,42.72589],[27.31461,42.72417],[27.30538,42.7223],[27.30518,42.72303],[27.30249,42.72147],[27.3031,42.7209],[27.30542,42.72224],[27.30708,42.72027],[27.30459,42.72045],[27.30327,42.71958],[27.30367,42.71921],[27.30256,42.71857],[27.30285,42.7183],[27.30393,42.71787],[27.30515,42.71881],[27.30796,42.71864],[27.30893,42.71921],[27.31168,42.71798],[27.31299,42.71672],[27.30977,42.71637],[27.30821,42.71497],[27.31234,42.71485],[27.31228,42.71384],[27.30959,42.71392],[27.30907,42.71207],[27.31136,42.71199],[27.31131,42.71104],[27.31071,42.71106],[27.31066,42.71032],[27.31228,42.71026],[27.31234,42.70961],[27.31231,42.70908],[27.31132,42.70912],[27.31129,42.70867],[27.31362,42.70858],[27.31189,42.70651],[27.31387,42.70579],[27.31537,42.70616],[27.31014,42.70434],[27.30857,42.70288],[27.308,42.70343],[27.305,42.70187],[27.30538,42.70041],[27.30465,42.70004],[27.29717,42.69732],[27.29645,42.69577],[27.29439,42.69347],[27.29427,42.69204],[27.29465,42.69332],[27.29844,42.69289],[27.29711,42.69248],[27.29817,42.69219],[27.29798,42.69155],[27.29999,42.68951],[27.30058,42.69003],[27.30131,42.68969],[27.30058,42.68999],[27.29931,42.68891],[27.30035,42.68848],[27.29909,42.68858],[27.2986,42.68487],[27.2962,42.68305],[27.29732,42.68338],[27.29881,42.68474],[27.29892,42.68615],[27.29968,42.68723],[27.30108,42.68727],[27.30131,42.68682],[27.30074,42.6865],[27.30295,42.68544],[27.30298,42.68418],[27.30362,42.68363],[27.30349,42.68033],[27.30404,42.68002],[27.3046,42.67832],[27.30879,42.67659],[27.30938,42.67677],[27.31175,42.67466],[27.31179,42.67405],[27.31133,42.67382],[27.3092,42.675],[27.30942,42.67468],[27.31426,42.67217],[27.31508,42.67336],[27.3174,42.67271],[27.31831,42.67204],[27.31861,42.67065],[27.31939,42.67087],[27.32127,42.67024],[27.32108,42.66992],[27.32169,42.66961],[27.32076,42.66841],[27.32223,42.66952],[27.3231,42.66942],[27.32506,42.66466],[27.32683,42.66413],[27.32733,42.66336],[27.32943,42.66248],[27.32931,42.66094],[27.32986,42.6594],[27.33119,42.65866],[27.33274,42.65645],[27.33162,42.65519],[27.3315,42.65406],[27.33265,42.65287],[27.33582,42.6511],[27.34044,42.64986],[27.34046,42.65097],[27.34139,42.65096],[27.34137,42.64972],[27.34317,42.64973],[27.34213,42.65174],[27.34316,42.65193],[27.34326,42.65245],[27.34851,42.65167],[27.34717,42.65113],[27.34723,42.65075],[27.35046,42.6511],[27.35047,42.64977],[27.3509,42.65061],[27.36139,42.65278],[27.36138,42.65058],[27.36287,42.6509],[27.36321,42.65055],[27.36256,42.64907],[27.36305,42.64669],[27.36413,42.64777],[27.36767,42.64758],[27.36687,42.64496],[27.36436,42.64322],[27.36247,42.64095],[27.35939,42.63911],[27.36079,42.63808],[27.3658,42.63904],[27.36977,42.63811],[27.37509,42.63835],[27.37624,42.63874],[27.37742,42.64004],[27.37915,42.63822],[27.37892,42.63963],[27.37934,42.63977],[27.37807,42.64065],[27.37952,42.64097],[27.3788,42.64155],[27.38726,42.64445],[27.3874,42.6441],[27.38629,42.64348],[27.38682,42.64328],[27.38657,42.64257],[27.38298,42.64119],[27.38297,42.64047],[27.38207,42.63988],[27.38271,42.63966],[27.38268,42.64012],[27.38336,42.64024],[27.38362,42.639],[27.38501,42.64053],[27.38541,42.64023],[27.38453,42.63964],[27.38368,42.63796],[27.38237,42.63729],[27.38203,42.63608],[27.38134,42.63566],[27.38224,42.63295],[27.38175,42.63289],[27.38145,42.63367],[27.37992,42.63335],[27.37944,42.63275],[27.37777,42.63264],[27.37794,42.63377],[27.37757,42.63403],[27.37761,42.63368],[27.37666,42.63342],[27.37648,42.63256],[27.37541,42.63314],[27.37175,42.63362],[27.37091,42.63468],[27.37,42.63437],[27.37113,42.634],[27.37135,42.63342],[27.3716,42.63272],[27.37055,42.63217],[27.37096,42.6317],[27.37135,42.63245],[27.37261,42.63177],[27.36911,42.63083],[27.36927,42.63006],[27.36775,42.62956],[27.36785,42.62878],[27.3662,42.62835],[27.36635,42.62685],[27.3654,42.62668],[27.36754,42.62292],[27.36543,42.62453],[27.36187,42.62464],[27.36155,42.62534],[27.36,42.62542],[27.35927,42.62634],[27.35474,42.62513],[27.3551,42.62675],[27.35619,42.6274],[27.35641,42.62904],[27.35545,42.63182],[27.3564,42.63387],[27.35494,42.63424],[27.35244,42.63244],[27.34951,42.62812],[27.3484,42.62788],[27.3485,42.62745],[27.3466,42.62645],[27.34702,42.62466],[27.34808,42.62493],[27.34759,42.62388],[27.35098,42.62192],[27.35053,42.6225],[27.35132,42.62351],[27.35482,42.62248],[27.35546,42.62316],[27.35872,42.62363],[27.36661,42.61986],[27.36772,42.61877],[27.36729,42.61832],[27.3722,42.61545],[27.37271,42.61402],[27.37442,42.61272],[27.37339,42.61242],[27.37281,42.61163],[27.37172,42.6115],[27.37107,42.61177],[27.37022,42.6135],[27.36865,42.61434],[27.37025,42.61319],[27.37073,42.6118],[27.37047,42.61127],[27.37202,42.61106],[27.37302,42.61144],[27.37348,42.61217],[27.37643,42.61241],[27.37708,42.61181],[27.38039,42.61081],[27.38032,42.60982],[27.38213,42.60948],[27.38324,42.60734],[27.38528,42.60682],[27.38573,42.60712],[27.38456,42.60711],[27.38336,42.60845],[27.38414,42.61041],[27.38298,42.61126],[27.38451,42.61395],[27.38596,42.61363],[27.38634,42.61414],[27.38677,42.61396],[27.38644,42.61349],[27.39057,42.6126],[27.39128,42.61315],[27.39283,42.61295],[27.39395,42.6179],[27.39485,42.61977],[27.39335,42.61981],[27.39269,42.62086],[27.39156,42.62057],[27.3888,42.62425],[27.38553,42.62663],[27.38464,42.62669],[27.38439,42.62869],[27.38354,42.63057],[27.38575,42.63093],[27.38671,42.63182],[27.38787,42.63205],[27.38768,42.63309],[27.39051,42.63361],[27.39117,42.63308],[27.39216,42.63321],[27.39206,42.63366],[27.3982,42.63342],[27.40188,42.63172],[27.40181,42.63061],[27.40262,42.62942],[27.40193,42.62786],[27.4018,42.62523],[27.40123,42.62465],[27.40047,42.62491],[27.39899,42.62427],[27.39977,42.62383],[27.40145,42.62428],[27.40089,42.62371],[27.40105,42.62328],[27.40208,42.62457],[27.41081,42.62051],[27.41934,42.61841],[27.4205,42.61772],[27.42597,42.61845],[27.4297,42.62083],[27.43453,42.62623],[27.43655,42.62708],[27.43973,42.62675],[27.44542,42.62956],[27.44591,42.63164],[27.44578,42.63379],[27.44639,42.63499],[27.44787,42.63548],[27.44775,42.63173],[27.44903,42.63145],[27.45119,42.63664],[27.45139,42.63907],[27.4505,42.64249],[27.45527,42.64417],[27.45816,42.64288],[27.46154,42.64233],[27.46303,42.64268],[27.46304,42.64205],[27.46506,42.64103],[27.46476,42.64031],[27.46386,42.64051],[27.46178,42.63679],[27.46293,42.63631],[27.46786,42.63639],[27.46948,42.63707],[27.47056,42.6363],[27.47385,42.63178],[27.47389,42.62914],[27.47662,42.62526],[27.47668,42.6237],[27.47749,42.62272],[27.47673,42.62549],[27.47564,42.62695],[27.47622,42.62714],[27.47772,42.6256],[27.47734,42.62513],[27.47848,42.62385],[27.4806,42.62367],[27.48099,42.62492],[27.48172,42.62492],[27.48251,42.62661],[27.48198,42.62674],[27.48222,42.62748],[27.48285,42.6275],[27.48398,42.62877],[27.48541,42.62885],[27.48419,42.63125],[27.48536,42.63179],[27.48562,42.63249],[27.48914,42.6297],[27.49516,42.63071],[27.49555,42.62945],[27.49435,42.62916],[27.49439,42.62862],[27.49557,42.62866],[27.49553,42.62626],[27.49429,42.62627],[27.49377,42.62517],[27.49302,42.62474],[27.49402,42.62448],[27.49402,42.62202],[27.49139,42.62154],[27.49202,42.61769],[27.49251,42.61767],[27.49174,42.61743],[27.49218,42.6161],[27.49258,42.61617],[27.49321,42.61677],[27.49322,42.61798],[27.49405,42.61805],[27.49476,42.61781],[27.49525,42.61678],[27.4958,42.61678],[27.49626,42.61578],[27.49713,42.61566],[27.49789,42.61354],[27.49726,42.61328],[27.49786,42.6135],[27.50071,42.60919],[27.50211,42.60617],[27.50175,42.60471],[27.50262,42.60316],[27.49896,42.60113],[27.49949,42.6001],[27.50214,42.60025],[27.50285,42.59889],[27.50051,42.59823],[27.50108,42.59712],[27.50344,42.59774],[27.50373,42.59719],[27.50548,42.59768],[27.50854,42.59293],[27.50556,42.59187],[27.50624,42.59074],[27.50478,42.59024],[27.50526,42.58957],[27.51171,42.59302],[27.51414,42.59586],[27.51761,42.5977],[27.52339,42.60175],[27.52763,42.59991],[27.53184,42.60398],[27.53881,42.60308],[27.53233,42.60044],[27.53241,42.59943],[27.53335,42.5991],[27.53535,42.59923],[27.53543,42.59892],[27.5431,42.5997],[27.54526,42.59921],[27.54574,42.59937],[27.54528,42.5997],[27.54553,42.59992],[27.5542,42.60073],[27.55433,42.60007],[27.55611,42.59836],[27.55844,42.59995],[27.56041,42.60042],[27.55935,42.60031],[27.55633,42.60704],[27.55886,42.60684],[27.56154,42.6054],[27.5698,42.60818],[27.57237,42.61015],[27.57328,42.61332],[27.57305,42.61355],[27.57284,42.613],[27.57292,42.61345],[27.56976,42.61397],[27.57007,42.6151],[27.57328,42.61441],[27.57437,42.61684],[27.57251,42.61744],[27.57293,42.61814],[27.57262,42.62208],[27.57361,42.62223],[27.57293,42.62492],[27.57087,42.62109],[27.56974,42.62019],[27.56851,42.62242],[27.56328,42.62204],[27.56236,42.62151],[27.56277,42.62069],[27.56075,42.62012],[27.56276,42.61712],[27.55988,42.61578],[27.56034,42.61505],[27.55925,42.61463],[27.55917,42.61399],[27.55728,42.61323],[27.55778,42.61163],[27.55754,42.61236],[27.55512,42.61072],[27.55065,42.60916],[27.54765,42.61038],[27.54594,42.60905],[27.54506,42.61177],[27.54425,42.61191],[27.54374,42.61331],[27.54444,42.61349],[27.54387,42.61559],[27.5426,42.61512],[27.54287,42.61443],[27.53988,42.61408],[27.54026,42.61332],[27.53985,42.61293],[27.53894,42.61301],[27.53918,42.61371],[27.53859,42.61425],[27.53758,42.61439],[27.53555,42.61373],[27.53391,42.61391],[27.53455,42.61507],[27.53547,42.61532],[27.53319,42.61647],[27.53537,42.61968],[27.53375,42.61934],[27.5336,42.61798],[27.53189,42.61671],[27.52989,42.61613],[27.529,42.61732],[27.52779,42.61725],[27.52794,42.61768],[27.5324,42.61986],[27.53161,42.621],[27.53305,42.62092],[27.5316,42.62404],[27.533,42.62517],[27.5334,42.62442],[27.53384,42.62459],[27.53389,42.62593],[27.53465,42.62608],[27.53493,42.62567],[27.53644,42.62625],[27.53684,42.62571],[27.53772,42.62604],[27.53815,42.62558],[27.54079,42.62716],[27.54149,42.6264],[27.54079,42.6259],[27.54132,42.62535],[27.54275,42.62638],[27.54177,42.62785],[27.54169,42.62941],[27.54241,42.62949],[27.54329,42.62682],[27.54502,42.62423],[27.54528,42.62467],[27.54348,42.62792],[27.54554,42.62909],[27.54439,42.63011],[27.54465,42.63048],[27.5437,42.63105],[27.54532,42.63235],[27.54773,42.63135],[27.54931,42.62988],[27.54921,42.62822],[27.55074,42.63009],[27.5508,42.6296],[27.55226,42.62953],[27.5526,42.62835],[27.55353,42.62845],[27.55464,42.62634],[27.55645,42.62685],[27.55644,42.62724],[27.55918,42.62775],[27.55945,42.62838],[27.56401,42.6286],[27.56334,42.62944],[27.56364,42.62978],[27.56494,42.62976],[27.56949,42.62817],[27.56924,42.62837],[27.56999,42.6286],[27.56971,42.6298],[27.57023,42.63005],[27.56845,42.63202],[27.56928,42.63311],[27.57176,42.63426],[27.57075,42.63607],[27.57184,42.63759],[27.57188,42.63836],[27.56742,42.64321],[27.5656,42.6437],[27.56623,42.6447],[27.5669,42.64462],[27.5641,42.64625],[27.56316,42.64732],[27.56391,42.64908],[27.56272,42.64943],[27.56316,42.6501],[27.56204,42.65043],[27.56289,42.65147],[27.56165,42.65197],[27.56146,42.65256],[27.56143,42.65183],[27.5611,42.65241],[27.56072,42.65377],[27.56129,42.6544],[27.55955,42.65662],[27.5576,42.65674],[27.55826,42.65863],[27.55547,42.65852],[27.55433,42.66254],[27.55639,42.66257],[27.55644,42.6633],[27.55745,42.66341],[27.55774,42.66286],[27.5606,42.66252],[27.56485,42.66285],[27.56556,42.66218],[27.56699,42.66192],[27.57017,42.66257],[27.57003,42.66304],[27.57181,42.66441],[27.57954,42.663],[27.58156,42.66404],[27.58237,42.6634],[27.58311,42.66379],[27.58516,42.66903],[27.58533,42.67072],[27.58394,42.68046],[27.57931,42.68962],[27.57978,42.69246],[27.58309,42.69588],[27.58138,42.69759],[27.58142,42.69818],[27.58209,42.69853],[27.58128,42.69938],[27.58217,42.69994],[27.58276,42.69951],[27.58373,42.69985],[27.58473,42.69855],[27.58364,42.70498],[27.58313,42.70546],[27.58227,42.70359],[27.58119,42.7026],[27.57874,42.70173],[27.57885,42.69993],[27.57734,42.69972],[27.57733,42.69929],[27.57582,42.6993],[27.57567,42.70105],[27.57827,42.70172],[27.57766,42.70256],[27.57606,42.70206],[27.57034,42.70382],[27.56969,42.70286],[27.56514,42.70388],[27.56019,42.70578],[27.56163,42.70827],[27.55869,42.70902],[27.55715,42.70791],[27.55801,42.70725],[27.55621,42.70595],[27.55286,42.70845],[27.54585,42.71534],[27.51319,42.72819],[27.5163,42.72982],[27.52058,42.73086],[27.52009,42.73091],[27.5213,42.73141],[27.52165,42.73212],[27.52263,42.73213],[27.52501,42.73044],[27.53462,42.72953],[27.53571,42.72858],[27.53616,42.72866],[27.53597,42.72912],[27.53662,42.72909],[27.54054,42.72748],[27.54558,42.72643],[27.55066,42.72452],[27.55123,42.72548],[27.55298,42.72565],[27.55627,42.72494],[27.5571,42.72674],[27.55573,42.72705],[27.55657,42.72886],[27.55481,42.72931],[27.5553,42.73035],[27.54782,42.73234],[27.54749,42.73164],[27.54221,42.73318],[27.54487,42.73873],[27.54398,42.73912],[27.54454,42.73969],[27.54437,42.74024],[27.54883,42.73863],[27.54824,42.73769],[27.5522,42.7362],[27.55186,42.73567],[27.55318,42.73525],[27.55296,42.73443],[27.55441,42.73392],[27.55416,42.73346],[27.55736,42.73276],[27.55842,42.73485],[27.55715,42.73622],[27.55455,42.73786],[27.54844,42.74426],[27.54812,42.74551],[27.54706,42.74594],[27.54609,42.7477],[27.54455,42.74915],[27.54487,42.75017],[27.54394,42.75131],[27.54362,42.75285],[27.54131,42.75489],[27.539,42.75593],[27.53467,42.76066],[27.54081,42.76382],[27.53795,42.76696],[27.53899,42.76749],[27.53821,42.76834],[27.539,42.76872],[27.53718,42.76919],[27.53779,42.77102],[27.5432,42.77038],[27.54883,42.76773],[27.55375,42.76454],[27.55521,42.76638],[27.5562,42.76675],[27.55631,42.76733],[27.55782,42.76717],[27.5588,42.76773],[27.55914,42.76944],[27.55676,42.76969],[27.55721,42.7724],[27.55491,42.77264],[27.55508,42.77349],[27.55318,42.77368],[27.54992,42.77866],[27.54651,42.77893],[27.54642,42.77825],[27.54126,42.77887],[27.54111,42.77821],[27.5311,42.77957],[27.5286,42.78116]],[[27.49699,42.74241],[27.50114,42.74025],[27.50318,42.74041],[27.50291,42.73938],[27.50349,42.7378],[27.50278,42.73763],[27.50276,42.73656],[27.50338,42.73657],[27.50363,42.73596],[27.50197,42.73533],[27.50197,42.73435],[27.50093,42.73413],[27.50029,42.73331],[27.49795,42.73381],[27.49775,42.73316],[27.49494,42.73371],[27.49254,42.73264],[27.49045,42.73541],[27.49136,42.73588],[27.49077,42.73621],[27.4907,42.73825],[27.49028,42.73817],[27.49085,42.74121],[27.49285,42.74065],[27.49323,42.74105],[27.49533,42.74072],[27.49699,42.74241]],[[27.46887,42.67505],[27.46882,42.67309],[27.47021,42.67279],[27.47122,42.67082],[27.47368,42.6703],[27.47337,42.66958],[27.47159,42.66921],[27.47138,42.66956],[27.47049,42.66879],[27.46903,42.66906],[27.46857,42.66875],[27.46715,42.66947],[27.46511,42.6687],[27.4644,42.6686],[27.46366,42.66916],[27.46246,42.66866],[27.46102,42.66923],[27.45963,42.6707],[27.45851,42.67041],[27.45804,42.67123],[27.45675,42.6719],[27.45926,42.67432],[27.46217,42.67616],[27.45994,42.67678],[27.46094,42.6765],[27.46095,42.67742],[27.46026,42.67754],[27.459,42.67637],[27.45829,42.67688],[27.45788,42.67656],[27.45908,42.67492],[27.45744,42.67289],[27.45702,42.67353],[27.45804,42.67492],[27.45754,42.67533],[27.45771,42.67693],[27.45708,42.67771],[27.45787,42.67811],[27.45947,42.67772],[27.45796,42.6784],[27.45813,42.67896],[27.46094,42.67784],[27.46307,42.67526],[27.46585,42.67547],[27.46586,42.67612],[27.46705,42.6761],[27.46761,42.67517],[27.46887,42.67505]],[[27.57241,42.69802],[27.5739,42.69722],[27.57436,42.69645],[27.57464,42.69331],[27.57672,42.6929],[27.57755,42.69227],[27.57869,42.69279],[27.57896,42.69196],[27.57828,42.69157],[27.57837,42.6911],[27.57609,42.69234],[27.57487,42.69215],[27.56992,42.68946],[27.56673,42.69183],[27.56631,42.69169],[27.56432,42.69297],[27.56546,42.69473],[27.56385,42.69609],[27.56598,42.69708],[27.56715,42.69659],[27.56804,42.69718],[27.57013,42.69771],[27.57129,42.69738],[27.57241,42.69802]],[[27.52745,42.76704],[27.52346,42.76768],[27.52376,42.76864],[27.52154,42.7694],[27.52167,42.77033],[27.52379,42.77395],[27.52593,42.7738],[27.53461,42.77138],[27.53279,42.76813],[27.53084,42.76613],[27.53028,42.76689],[27.52752,42.76663],[27.52745,42.76704]],[[27.34872,42.74183],[27.34947,42.74058],[27.34832,42.73968],[27.34775,42.74005],[27.34751,42.74117],[27.34444,42.74036],[27.34425,42.7413],[27.34338,42.74163],[27.34257,42.74115],[27.34278,42.74055],[27.34022,42.74072],[27.34164,42.74193],[27.34024,42.74214],[27.34035,42.74264],[27.34133,42.74259],[27.34123,42.74303],[27.34186,42.74303],[27.34184,42.74359],[27.34243,42.74397],[27.34144,42.74482],[27.34175,42.74574],[27.34126,42.74928],[27.34279,42.7495],[27.34515,42.74817],[27.34535,42.7475],[27.34728,42.74731],[27.34992,42.74607],[27.35082,42.74502],[27.35042,42.74463],[27.35085,42.74471],[27.35095,42.74357],[27.35018,42.74221],[27.34872,42.74183]],[[27.37315,42.73086],[27.37353,42.72977],[27.37566,42.72831],[27.37641,42.72835],[27.37685,42.72678],[27.37914,42.72643],[27.37988,42.72579],[27.38087,42.72273],[27.38028,42.72266],[27.37966,42.72353],[27.36949,42.72384],[27.36888,42.72325],[27.36684,42.72399],[27.36704,42.72503],[27.36861,42.7256],[27.36899,42.72517],[27.36871,42.72669],[27.36992,42.72753],[27.37002,42.72847],[27.37092,42.72966],[27.37044,42.72986],[27.37065,42.73015],[27.37204,42.72929],[27.37303,42.72997],[27.37274,42.73075],[27.37315,42.73086]],[[27.37712,42.68627],[27.37724,42.68512],[27.37419,42.68559],[27.374,42.68522],[27.37296,42.68575],[27.37244,42.68518],[27.37081,42.68658],[27.37031,42.68887],[27.37145,42.69037],[27.3733,42.69095],[27.37569,42.68909],[27.37566,42.68861],[27.37656,42.68897],[27.37467,42.69077],[27.37568,42.69137],[27.3764,42.69042],[27.37813,42.68965],[27.37652,42.6911],[27.37666,42.69175],[27.37758,42.69191],[27.37996,42.69058],[27.3821,42.68761],[27.38068,42.68694],[27.38076,42.68651],[27.37712,42.68627]],[[27.44953,42.72558],[27.45039,42.72589],[27.45177,42.72458],[27.45294,42.72456],[27.45385,42.72292],[27.45503,42.72296],[27.45604,42.72178],[27.45667,42.72041],[27.45466,42.7197],[27.45445,42.71879],[27.45484,42.7181],[27.45397,42.71795],[27.45318,42.71885],[27.45229,42.71846],[27.45139,42.7194],[27.4494,42.71974],[27.44864,42.71974],[27.44761,42.71882],[27.44511,42.71977],[27.44689,42.72092],[27.447,42.72178],[27.44582,42.72339],[27.44969,42.72454],[27.44953,42.72558]],[[27.43578,42.69767],[27.43521,42.69992],[27.44024,42.7006],[27.44373,42.6969],[27.44445,42.69459],[27.44352,42.69458],[27.44199,42.69352],[27.44137,42.69395],[27.44082,42.69359],[27.43948,42.69392],[27.43879,42.69452],[27.43637,42.69511],[27.43736,42.69716],[27.43578,42.69767]],[[27.44491,42.65974],[27.44654,42.66015],[27.44742,42.65953],[27.447,42.65906],[27.44748,42.65882],[27.44672,42.65577],[27.43981,42.65416],[27.43921,42.65631],[27.43963,42.65633],[27.44005,42.6597],[27.44403,42.65927],[27.44491,42.65974]],[[27.50694,42.6197],[27.50821,42.61926],[27.51089,42.61718],[27.51045,42.61507],[27.50966,42.61399],[27.50537,42.6141],[27.50491,42.61472],[27.49913,42.61543],[27.49935,42.61585],[27.50269,42.61549],[27.50273,42.61616],[27.50363,42.61695],[27.50465,42.6169],[27.50445,42.61764],[27.50596,42.61795],[27.5071,42.61759],[27.50847,42.61636],[27.50829,42.61778],[27.50665,42.61953],[27.50694,42.6197]],[[27.52444,42.6955],[27.52602,42.69711],[27.52523,42.69783],[27.52769,42.69944],[27.5292,42.69957],[27.52948,42.69847],[27.53035,42.69904],[27.53077,42.69875],[27.52946,42.69813],[27.52968,42.69777],[27.53139,42.69801],[27.52936,42.69502],[27.52877,42.69513],[27.52802,42.69391],[27.52431,42.6941],[27.52485,42.69561],[27.52444,42.6955]],[[27.50604,42.69077],[27.50547,42.68931],[27.50655,42.68645],[27.50741,42.68653],[27.50783,42.68571],[27.50546,42.68484],[27.50354,42.68687],[27.50128,42.68631],[27.49982,42.68743],[27.50312,42.6903],[27.50604,42.69077]],[[27.48172,42.67956],[27.48294,42.68055],[27.48415,42.68],[27.48566,42.68006],[27.48605,42.67886],[27.48842,42.67853],[27.4891,42.67965],[27.48986,42.6796],[27.49058,42.67844],[27.49249,42.67735],[27.49581,42.67708],[27.49692,42.67821],[27.49791,42.6771],[27.49474,42.67617],[27.48441,42.67822],[27.48172,42.67956]],[[27.49571,42.73297],[27.4974,42.73273],[27.49717,42.73221],[27.49855,42.73178],[27.49758,42.73074],[27.4958,42.73041],[27.49508,42.73151],[27.49571,42.73297]],[[27.47319,42.67684],[27.47342,42.67602],[27.47443,42.6761],[27.47506,42.67518],[27.47071,42.67526],[27.47146,42.67542],[27.47092,42.67569],[27.4713,42.67617],[27.47246,42.67618],[27.47251,42.67666],[27.47175,42.67692],[27.47319,42.67684]],[[27.50146,42.61808],[27.49986,42.61812],[27.49989,42.61938],[27.50145,42.61958],[27.50146,42.61808]],[[27.45936,42.67904],[27.45877,42.6794],[27.45905,42.68029],[27.46012,42.68066],[27.46054,42.6802],[27.4593,42.67961],[27.46108,42.67894],[27.46009,42.67867],[27.45936,42.67904]],[[27.45829,42.66903],[27.45768,42.66959],[27.45867,42.66971],[27.4589,42.6694],[27.45829,42.66903]]]},"properties":{"SiteCode":"BG0000151","SiteNameBG":"Айтоска планина","SiteType":"SCI","SiteArea":29402.352538200001,"naturaClass":"habitats"}},{"type":"Feature","geometry":{"type":"Polygon","coordinates":[[[23.55397,43.32417],[23.55246,43.32351],[23.55368,43.32171],[23.55321,43.32026],[23.55446,43.31548],[23.56091,43.31045],[23.55969,43.3098],[23.56075,43.3083],[23.56752,43.30522],[23.56958,43.306],[23.57146,43.30503],[23.5747,43.30482],[23.5787,43.30597],[23.57893,43.30679],[23.57479,43.30983],[23.57448,43.31103],[23.57215,43.31405],[23.57155,43.31597],[23.57085,43.31617],[23.56919,43.31542],[23.56875,43.31581],[23.56709,43.32027],[23.56557,43.32247],[23.56412,43.32325],[23.56163,43.32266],[23.56057,43.31894],[23.55955,43.31963],[23.55957,43.32188],[23.55824,43.32297],[23.55397,43.32417]]]},"properties":{"SiteCode":"BG0000594","SiteNameBG":"Божия мост - Понора","SiteType":"SCI","SiteArea":227.64522761999999,"naturaClass":"habitats"}},{"type":"Feature","geometry":{"type":"MultiPolygon","coordinates":[[[[25.25872,42.34964],[25.25779,42.35033],[25.25734,42.34967],[25.25782,42.3494],[25.25698,42.34869],[25.25638,42.34905],[25.25614,42.3487],[25.2551,42.34892],[25.25102,42.34828],[25.25033,42.34945],[25.24901,42.34993],[25.24532,42.34743],[25.24433,42.34659],[25.24447,42.34579],[25.24729,42.34535],[25.24671,42.34442],[25.24774,42.34393],[25.24715,42.34301],[25.24808,42.34216],[25.2478,42.34158],[25.24403,42.34167],[25.24377,42.34111],[25.24266,42.34108],[25.24162,42.34013],[25.24365,42.33957],[25.24357,42.33919],[25.24032,42.33711],[25.24126,42.33556],[25.24036,42.33419],[25.2442,42.3347],[25.24467,42.33462],[25.24496,42.33372],[25.24807,42.33456],[25.24665,42.33317],[25.24931,42.33377],[25.2532,42.33324],[25.25277,42.33326],[25.25144,42.32996],[25.24869,42.32984],[25.24816,42.32837],[25.24611,42.32758],[25.24628,42.32681],[25.24547,42.32644],[25.24304,42.32606],[25.24228,42.32677],[25.2388,42.32655],[25.23695,42.3269],[25.23537,42.32631],[25.23673,42.3246],[25.23595,42.32413],[25.235,42.32397],[25.23418,42.32452],[25.23086,42.32426],[25.23116,42.32373],[25.2292,42.32187],[25.22747,42.31935],[25.22693,42.31974],[25.22591,42.31857],[25.22505,42.31833],[25.22383,42.31877],[25.22312,42.31766],[25.21829,42.31588],[25.21859,42.31549],[25.2182,42.31526],[25.21899,42.3144],[25.21788,42.31291],[25.21727,42.31106],[25.22059,42.31115],[25.2206,42.30998],[25.22351,42.30986],[25.2233,42.30963],[25.22511,42.30868],[25.2264,42.30973],[25.2273,42.30911],[25.22724,42.30832],[25.22868,42.30827],[25.22865,42.30858],[25.23168,42.30904],[25.23294,42.31145],[25.23415,42.31132],[25.23511,42.31293],[25.23688,42.31441],[25.23832,42.31387],[25.2411,42.31434],[25.24729,42.31267],[25.2463,42.31245],[25.24634,42.31208],[25.24361,42.31],[25.24471,42.30968],[25.24751,42.31076],[25.24716,42.30952],[25.2482,42.31018],[25.24844,42.31268],[25.25269,42.31325],[25.25588,42.3131],[25.26155,42.31378],[25.26179,42.31127],[25.26497,42.3116],[25.26416,42.31055],[25.26474,42.30896],[25.26385,42.3059],[25.26465,42.30565],[25.26407,42.30399],[25.266,42.30376],[25.26578,42.30263],[25.26691,42.3015],[25.26498,42.30083],[25.26575,42.29867],[25.26646,42.29791],[25.27049,42.29829],[25.27096,42.29746],[25.26873,42.29674],[25.26889,42.29486],[25.2662,42.29327],[25.26591,42.29101],[25.26694,42.29057],[25.26587,42.28929],[25.2679,42.28938],[25.26648,42.28817],[25.26706,42.28794],[25.26729,42.28665],[25.2692,42.28606],[25.2693,42.28679],[25.26974,42.28682],[25.27165,42.28577],[25.27182,42.2852],[25.27575,42.28449],[25.27559,42.28258],[25.27637,42.28239],[25.2751,42.27931],[25.28013,42.27869],[25.28176,42.27766],[25.28524,42.27712],[25.28689,42.2758],[25.28655,42.27324],[25.28422,42.27354],[25.28363,42.27263],[25.28171,42.27282],[25.28132,42.27168],[25.27639,42.26511],[25.27638,42.26297],[25.27719,42.26376],[25.27662,42.26377],[25.27746,42.26492],[25.27674,42.26496],[25.27739,42.26584],[25.27801,42.26556],[25.27852,42.26629],[25.28041,42.26584],[25.28149,42.26681],[25.28223,42.2665],[25.28136,42.26466],[25.28302,42.2636],[25.28113,42.26195],[25.28259,42.26066],[25.28467,42.26235],[25.28524,42.26343],[25.28611,42.26341],[25.28624,42.26432],[25.2858,42.26473],[25.28748,42.26622],[25.28849,42.26615],[25.28884,42.26804],[25.28956,42.26884],[25.29081,42.26869],[25.29149,42.26926],[25.29388,42.26853],[25.29534,42.26858],[25.29728,42.26664],[25.29786,42.26696],[25.2979,42.26652],[25.30047,42.2666],[25.30183,42.26586],[25.30155,42.26519],[25.30234,42.26559],[25.30568,42.26545],[25.30381,42.26918],[25.30213,42.27005],[25.30179,42.27194],[25.30217,42.27143],[25.30237,42.27174],[25.30152,42.2723],[25.30219,42.27374],[25.30401,42.27328],[25.30482,42.27408],[25.30478,42.27467],[25.30272,42.27447],[25.30303,42.27715],[25.3002,42.27897],[25.29875,42.27668],[25.29885,42.2776],[25.29808,42.27784],[25.29623,42.28029],[25.29643,42.28166],[25.29911,42.28261],[25.29641,42.28196],[25.29586,42.28278],[25.29458,42.28293],[25.2928,42.28702],[25.29227,42.28701],[25.29109,42.2885],[25.28923,42.28916],[25.28887,42.29128],[25.28254,42.29424],[25.28008,42.29331],[25.27772,42.29356],[25.27763,42.29555],[25.27914,42.29572],[25.27837,42.30216],[25.28002,42.30246],[25.27999,42.304],[25.28195,42.30474],[25.28094,42.30515],[25.2808,42.30586],[25.28507,42.30611],[25.28601,42.30759],[25.28648,42.30711],[25.28715,42.30758],[25.28871,42.30746],[25.28841,42.30764],[25.28869,42.30864],[25.28907,42.30859],[25.28937,42.31076],[25.28767,42.31086],[25.2879,42.31212],[25.28848,42.31258],[25.29064,42.31243],[25.2908,42.31362],[25.2941,42.31432],[25.29501,42.3136],[25.29604,42.31053],[25.29556,42.30995],[25.29574,42.30733],[25.29685,42.30628],[25.30293,42.30593],[25.30318,42.30552],[25.30351,42.30593],[25.3048,42.30591],[25.30484,42.30642],[25.30659,42.30526],[25.30603,42.30334],[25.30494,42.30183],[25.30669,42.30132],[25.30595,42.29956],[25.30639,42.29947],[25.30774,42.296],[25.30789,42.29675],[25.30868,42.29681],[25.30863,42.29734],[25.31006,42.29752],[25.31129,42.29632],[25.31217,42.29706],[25.31266,42.2997],[25.31173,42.29997],[25.31216,42.30095],[25.31711,42.30065],[25.31744,42.29987],[25.32165,42.30209],[25.3225,42.30111],[25.32203,42.30056],[25.32351,42.3009],[25.32283,42.30036],[25.32349,42.30008],[25.32309,42.29943],[25.32208,42.29908],[25.32233,42.29853],[25.32334,42.29893],[25.32402,42.29816],[25.32227,42.29756],[25.32356,42.29662],[25.32308,42.29574],[25.32309,42.29467],[25.32351,42.29472],[25.32304,42.29431],[25.32335,42.29413],[25.32194,42.29386],[25.32292,42.29293],[25.32421,42.29036],[25.32391,42.29016],[25.32509,42.28963],[25.32696,42.28743],[25.32768,42.28807],[25.32828,42.2874],[25.33211,42.28891],[25.33483,42.28898],[25.34189,42.28555],[25.33839,42.28447],[25.33613,42.28005],[25.3352,42.27987],[25.33567,42.2791],[25.3369,42.27864],[25.33709,42.27794],[25.33813,42.27749],[25.33772,42.27444],[25.33623,42.27321],[25.33651,42.27303],[25.33793,42.27311],[25.33928,42.27216],[25.34224,42.27348],[25.34501,42.27563],[25.34724,42.27973],[25.35108,42.28261],[25.3536,42.28172],[25.35526,42.28208],[25.35746,42.28113],[25.35823,42.28247],[25.3598,42.2809],[25.36107,42.28102],[25.36107,42.28191],[25.36135,42.2812],[25.36579,42.28199],[25.3685,42.28119],[25.37144,42.27968],[25.37511,42.27616],[25.37353,42.27474],[25.37353,42.2733],[25.3759,42.27504],[25.37575,42.27556],[25.37925,42.27701],[25.38023,42.27671],[25.38057,42.27763],[25.38219,42.27726],[25.38361,42.27751],[25.38434,42.2788],[25.38629,42.28006],[25.38515,42.2781],[25.38555,42.27727],[25.38454,42.27693],[25.38445,42.27575],[25.38467,42.27481],[25.38622,42.2744],[25.38614,42.27489],[25.38689,42.27514],[25.38697,42.27833],[25.39004,42.27925],[25.39036,42.27862],[25.39387,42.27931],[25.39379,42.27807],[25.39433,42.27752],[25.39344,42.27618],[25.39453,42.27371],[25.3949,42.27436],[25.39708,42.27494],[25.39715,42.27584],[25.39895,42.27563],[25.39878,42.27662],[25.3993,42.27672],[25.39921,42.27758],[25.40006,42.27851],[25.40188,42.27838],[25.40417,42.28055],[25.40625,42.27955],[25.40944,42.28157],[25.40981,42.28234],[25.41205,42.28392],[25.41397,42.28347],[25.41488,42.28575],[25.41797,42.2885],[25.41731,42.29024],[25.41799,42.29133],[25.4179,42.29201],[25.41446,42.29395],[25.41399,42.29294],[25.41314,42.29297],[25.4123,42.29399],[25.40699,42.29394],[25.40596,42.29358],[25.4052,42.29233],[25.40394,42.29252],[25.40338,42.29107],[25.40249,42.29113],[25.40245,42.29243],[25.40191,42.29242],[25.39827,42.29162],[25.39701,42.2908],[25.39383,42.29073],[25.38972,42.28802],[25.38904,42.28819],[25.38814,42.28752],[25.38766,42.28827],[25.38717,42.28767],[25.38751,42.28722],[25.38512,42.2853],[25.38343,42.28274],[25.38267,42.28305],[25.38197,42.28229],[25.38275,42.28676],[25.38262,42.28952],[25.38105,42.29166],[25.38083,42.29314],[25.3798,42.29414],[25.38022,42.29459],[25.38226,42.29416],[25.38247,42.29676],[25.38211,42.29689],[25.3827,42.29813],[25.38221,42.29839],[25.38266,42.29893],[25.3832,42.29876],[25.384,42.29983],[25.38246,42.30068],[25.38385,42.30107],[25.3839,42.30184],[25.38462,42.30192],[25.38353,42.30173],[25.38288,42.30258],[25.38451,42.3024],[25.38491,42.3031],[25.38456,42.30337],[25.38723,42.30386],[25.39213,42.30425],[25.39534,42.30375],[25.3993,42.30486],[25.40019,42.30429],[25.40135,42.3045],[25.40273,42.30552],[25.40687,42.30652],[25.40785,42.30633],[25.40821,42.30545],[25.40884,42.30551],[25.40908,42.30706],[25.40857,42.3087],[25.40846,42.31236],[25.40802,42.31461],[25.40686,42.31705],[25.40862,42.31784],[25.41015,42.3163],[25.41106,42.31496],[25.41169,42.31033],[25.41211,42.30943],[25.41257,42.30945],[25.41318,42.30966],[25.41325,42.31022],[25.41608,42.31114],[25.41656,42.31188],[25.41695,42.31166],[25.41691,42.31242],[25.41736,42.31175],[25.41789,42.31184],[25.41723,42.31315],[25.41655,42.31339],[25.41723,42.31588],[25.41592,42.31789],[25.42007,42.31765],[25.4211,42.31797],[25.42124,42.31837],[25.41973,42.32024],[25.42174,42.32055],[25.42301,42.31745],[25.43006,42.31807],[25.43194,42.31623],[25.43388,42.31707],[25.43331,42.31771],[25.4336,42.31808],[25.43566,42.31818],[25.43549,42.31892],[25.43614,42.31953],[25.43525,42.3203],[25.43505,42.32115],[25.43478,42.32092],[25.43498,42.32236],[25.4342,42.32276],[25.43528,42.3231],[25.43626,42.32245],[25.43579,42.32339],[25.43823,42.32503],[25.43782,42.32628],[25.43292,42.32701],[25.43294,42.32785],[25.43373,42.32817],[25.43729,42.32811],[25.43413,42.32881],[25.43382,42.32962],[25.43365,42.33031],[25.43429,42.33112],[25.43642,42.33124],[25.43609,42.33188],[25.43458,42.33267],[25.43406,42.33371],[25.43423,42.33476],[25.43338,42.33576],[25.42897,42.33777],[25.42768,42.33753],[25.42809,42.33708],[25.42679,42.33612],[25.42558,42.33616],[25.42535,42.33531],[25.42314,42.33523],[25.42456,42.33488],[25.42461,42.33448],[25.42363,42.33478],[25.42328,42.33418],[25.42243,42.33444],[25.42205,42.33411],[25.42027,42.33448],[25.42036,42.33393],[25.42,42.33417],[25.41923,42.33339],[25.41922,42.33273],[25.4178,42.33244],[25.41731,42.33178],[25.41636,42.33179],[25.41471,42.33271],[25.41279,42.33065],[25.41079,42.3296],[25.40754,42.32961],[25.40744,42.32892],[25.40657,42.32883],[25.40583,42.32929],[25.40462,42.3292],[25.40336,42.32817],[25.40194,42.32778],[25.40151,42.32719],[25.4018,42.32673],[25.39991,42.32686],[25.40028,42.32729],[25.39986,42.32732],[25.39818,42.32594],[25.39749,42.32438],[25.39495,42.32352],[25.39283,42.32415],[25.38969,42.32297],[25.38331,42.32234],[25.38154,42.32152],[25.38014,42.32138],[25.3789,42.32197],[25.37727,42.32155],[25.37443,42.32249],[25.37192,42.32537],[25.368,42.32713],[25.36661,42.32666],[25.36596,42.32245],[25.36407,42.32259],[25.36393,42.32312],[25.36279,42.32367],[25.35918,42.32297],[25.36191,42.32378],[25.36189,42.32437],[25.36268,42.32465],[25.36136,42.32523],[25.36001,42.32485],[25.3612,42.32531],[25.35988,42.32542],[25.36036,42.326],[25.35988,42.3262],[25.3587,42.32608],[25.35848,42.32538],[25.35762,42.32555],[25.35729,42.32501],[25.3547,42.32413],[25.35362,42.32605],[25.35467,42.32645],[25.35321,42.32639],[25.35298,42.3282],[25.34756,42.32823],[25.34661,42.32864],[25.34389,42.32814],[25.33961,42.32881],[25.33695,42.32996],[25.33641,42.32981],[25.33499,42.33153],[25.33477,42.33095],[25.33283,42.33145],[25.32804,42.33048],[25.3265,42.32967],[25.32579,42.33245],[25.32528,42.33248],[25.31651,42.3318],[25.31512,42.33107],[25.3146,42.33152],[25.31286,42.33088],[25.31265,42.33039],[25.31241,42.33088],[25.31175,42.3307],[25.31036,42.33171],[25.3089,42.33364],[25.30752,42.33461],[25.30826,42.33474],[25.30769,42.33532],[25.30817,42.33539],[25.30636,42.33632],[25.30545,42.33622],[25.30423,42.33759],[25.30221,42.33847],[25.30092,42.33971],[25.30153,42.33997],[25.30105,42.3404],[25.29796,42.34096],[25.29805,42.34017],[25.29699,42.33893],[25.2954,42.33873],[25.29449,42.33754],[25.29382,42.3357],[25.29428,42.33514],[25.2917,42.33521],[25.28931,42.33655],[25.28836,42.33641],[25.28725,42.33878],[25.28826,42.33808],[25.28787,42.33909],[25.28914,42.34024],[25.28864,42.34037],[25.28578,42.33991],[25.28583,42.33891],[25.28533,42.33835],[25.28173,42.338],[25.27969,42.33842],[25.27992,42.33916],[25.27836,42.33872],[25.27408,42.34045],[25.27242,42.34243],[25.27312,42.34466],[25.27277,42.34756],[25.27344,42.35],[25.26854,42.3479],[25.26579,42.34878],[25.26362,42.34839],[25.26289,42.34897],[25.26188,42.34866],[25.26095,42.34913],[25.26108,42.3499],[25.26053,42.35024],[25.25922,42.34946],[25.25872,42.34964]]],[[[25.52909,42.44269],[25.52875,42.44446],[25.52693,42.44249],[25.52568,42.44331],[25.52385,42.44339],[25.52242,42.44427],[25.52196,42.44374],[25.52105,42.444],[25.52054,42.4431],[25.51979,42.44281],[25.52098,42.43938],[25.52048,42.43718],[25.51795,42.43619],[25.51103,42.43583],[25.50907,42.43508],[25.50582,42.43572],[25.50532,42.43428],[25.50719,42.43258],[25.50533,42.43227],[25.50444,42.43126],[25.50165,42.42967],[25.49576,42.42962],[25.4914,42.43097],[25.48824,42.42776],[25.48765,42.42621],[25.48641,42.42508],[25.48617,42.42362],[25.48434,42.42261],[25.48361,42.42154],[25.48155,42.4206],[25.48006,42.41769],[25.47324,42.41483],[25.46966,42.41424],[25.4686,42.41038],[25.46878,42.40925],[25.46769,42.41],[25.46782,42.41111],[25.46654,42.41162],[25.46521,42.40909],[25.46425,42.40879],[25.46383,42.4081],[25.46419,42.40754],[25.46252,42.40594],[25.46338,42.40558],[25.46136,42.40163],[25.45904,42.40166],[25.45847,42.39946],[25.45676,42.39718],[25.45576,42.39728],[25.45255,42.39331],[25.45037,42.39285],[25.44984,42.39359],[25.44636,42.39172],[25.44488,42.39232],[25.44471,42.39166],[25.44282,42.39044],[25.44056,42.38751],[25.44297,42.3865],[25.44239,42.38643],[25.44252,42.38564],[25.44077,42.38544],[25.43817,42.38238],[25.43831,42.38159],[25.43948,42.38114],[25.44166,42.38208],[25.44207,42.38179],[25.44003,42.38011],[25.43996,42.37878],[25.43457,42.38084],[25.4364,42.37961],[25.43556,42.37867],[25.43368,42.37813],[25.43318,42.3774],[25.43415,42.37725],[25.43419,42.37669],[25.43298,42.37517],[25.43129,42.37546],[25.43115,42.37463],[25.43074,42.37461],[25.4308,42.37386],[25.4315,42.37363],[25.43089,42.37304],[25.43172,42.3723],[25.43105,42.37194],[25.43137,42.37128],[25.43212,42.37107],[25.43298,42.37185],[25.43589,42.37173],[25.4369,42.37102],[25.43979,42.3721],[25.4407,42.3695],[25.44163,42.37061],[25.44411,42.37194],[25.44368,42.37244],[25.44395,42.37264],[25.44554,42.37157],[25.45896,42.37169],[25.45908,42.37116],[25.46344,42.36973],[25.46487,42.37139],[25.4663,42.36992],[25.46617,42.37033],[25.46705,42.37104],[25.46882,42.37123],[25.46943,42.37284],[25.46906,42.37296],[25.46998,42.37433],[25.47133,42.37409],[25.47315,42.37514],[25.47345,42.3742],[25.47495,42.37394],[25.4751,42.37552],[25.47623,42.37556],[25.47811,42.37485],[25.4797,42.37318],[25.48684,42.37086],[25.49082,42.37094],[25.49181,42.37191],[25.49337,42.37163],[25.49304,42.37116],[25.49443,42.37106],[25.49415,42.37037],[25.4945,42.36985],[25.49511,42.37001],[25.49555,42.36917],[25.49884,42.36674],[25.50129,42.36755],[25.50169,42.36842],[25.50385,42.36757],[25.50789,42.3692],[25.51061,42.3707],[25.51057,42.37186],[25.51199,42.37241],[25.50655,42.37316],[25.50626,42.37514],[25.5004,42.37512],[25.49455,42.37347],[25.49258,42.37646],[25.49691,42.37729],[25.49575,42.38016],[25.49707,42.38006],[25.49693,42.38081],[25.49821,42.38089],[25.49808,42.38194],[25.49994,42.38245],[25.50014,42.38388],[25.50257,42.38336],[25.50261,42.3825],[25.50774,42.38286],[25.50812,42.38234],[25.51125,42.38395],[25.51302,42.38096],[25.51373,42.3811],[25.5141,42.38052],[25.51529,42.38031],[25.51619,42.37909],[25.51706,42.37909],[25.51707,42.37838],[25.51953,42.37798],[25.51988,42.37656],[25.52231,42.37615],[25.52559,42.37693],[25.52545,42.37641],[25.52765,42.37676],[25.52827,42.37581],[25.53103,42.37699],[25.53879,42.37737],[25.54163,42.37822],[25.54749,42.37824],[25.5496,42.37926],[25.55104,42.38159],[25.54915,42.38364],[25.55002,42.38508],[25.54974,42.38592],[25.55154,42.38674],[25.552,42.38752],[25.55403,42.38812],[25.55409,42.3891],[25.55537,42.38929],[25.55503,42.39008],[25.55677,42.38953],[25.55844,42.39081],[25.55812,42.39118],[25.55842,42.39174],[25.55922,42.39179],[25.55967,42.39264],[25.56256,42.39422],[25.56302,42.39499],[25.56241,42.39569],[25.56263,42.39612],[25.56031,42.39735],[25.56055,42.39766],[25.55897,42.39813],[25.55858,42.39651],[25.55767,42.39664],[25.55693,42.39595],[25.55541,42.39611],[25.55433,42.39476],[25.55413,42.39579],[25.55294,42.39623],[25.55246,42.39628],[25.55226,42.39533],[25.55108,42.39507],[25.54777,42.39671],[25.54601,42.39611],[25.54475,42.39624],[25.54351,42.39751],[25.54028,42.39829],[25.53882,42.39935],[25.53779,42.39902],[25.53687,42.40252],[25.53878,42.40476],[25.53643,42.4066],[25.53844,42.40666],[25.53593,42.41006],[25.53868,42.41225],[25.54221,42.41016],[25.54405,42.4085],[25.5453,42.4081],[25.54685,42.40936],[25.5489,42.40983],[25.54961,42.41075],[25.54965,42.41221],[25.54857,42.41474],[25.54668,42.41627],[25.54538,42.41663],[25.54115,42.42185],[25.54044,42.4221],[25.53915,42.4217],[25.53993,42.42505],[25.53888,42.42688],[25.54022,42.428],[25.54174,42.42806],[25.54248,42.4299],[25.54366,42.43112],[25.54249,42.43266],[25.54319,42.43487],[25.54167,42.43628],[25.53998,42.43669],[25.53829,42.43794],[25.53498,42.44254],[25.53318,42.44285],[25.53056,42.44209],[25.53088,42.44312],[25.53024,42.44287],[25.5301,42.44334],[25.52909,42.44269]]],[[[25.47955,42.35752],[25.47891,42.3579],[25.47707,42.36125],[25.47345,42.36318],[25.47204,42.36323],[25.47082,42.36215],[25.47021,42.3598],[25.46843,42.35662],[25.46431,42.35422],[25.46376,42.35212],[25.46265,42.35081],[25.46214,42.34816],[25.46103,42.34663],[25.46309,42.34665],[25.4646,42.34599],[25.46721,42.34356],[25.46861,42.345],[25.47031,42.34442],[25.47125,42.34553],[25.47466,42.34416],[25.47494,42.34305],[25.47461,42.34261],[25.47939,42.34345],[25.48037,42.34087],[25.48133,42.34032],[25.48242,42.34039],[25.48211,42.34084],[25.48307,42.34116],[25.48569,42.33961],[25.4851,42.33934],[25.48553,42.33883],[25.48521,42.3386],[25.48611,42.3381],[25.48771,42.33953],[25.48855,42.33908],[25.48745,42.33801],[25.48933,42.33678],[25.48895,42.33639],[25.48993,42.33596],[25.49249,42.33191],[25.49476,42.33168],[25.49586,42.33103],[25.49896,42.332],[25.50169,42.33019],[25.50578,42.33275],[25.50214,42.33976],[25.50098,42.34475],[25.49961,42.34544],[25.49895,42.34654],[25.49583,42.34761],[25.49032,42.34866],[25.49008,42.34831],[25.48659,42.34975],[25.48499,42.35093],[25.48322,42.35494],[25.4821,42.35643],[25.48072,42.35754],[25.47955,42.35752]]]]},"properties":{"SiteCode":"BG0000628","SiteNameBG":"Чирпански възвишения","SiteType":"SCI","SiteArea":12325.899619100001,"naturaClass":"habitats"}},{"type":"Feature","geometry":{"type":"Polygon","coordinates":[[[24.86454,42.2308],[24.86368,42.23236],[24.86117,42.23448],[24.86051,42.23582],[24.85922,42.23634],[24.85729,42.23563],[24.854,42.23352],[24.85275,42.23218],[24.85134,42.22918],[24.84988,42.22925],[24.85058,42.22756],[24.851,42.22396],[24.8512,42.22365],[24.85417,42.22442],[24.85561,42.22106],[24.854,42.22075],[24.85584,42.21903],[24.86366,42.21439],[24.87284,42.20989],[24.876,42.20745],[24.87852,42.20932],[24.87964,42.20952],[24.88304,42.20921],[24.88567,42.20816],[24.88684,42.20818],[24.8876,42.2091],[24.8866,42.21049],[24.88701,42.21106],[24.88903,42.21282],[24.89082,42.21329],[24.89057,42.21143],[24.88896,42.20824],[24.88918,42.20733],[24.89039,42.20792],[24.89205,42.21117],[24.89268,42.2151],[24.89243,42.21578],[24.88971,42.21657],[24.88798,42.21796],[24.88989,42.22108],[24.89228,42.22196],[24.89021,42.2263],[24.88883,42.22709],[24.88541,42.22677],[24.88301,42.22576],[24.8808,42.22592],[24.88358,42.22821],[24.88426,42.23064],[24.87715,42.23075],[24.87713,42.22871],[24.87662,42.22789],[24.87772,42.22658],[24.87766,42.22543],[24.87681,42.22487],[24.87462,42.22491],[24.87239,42.22594],[24.86915,42.22887],[24.86607,42.22897],[24.86454,42.2308]]]},"properties":{"SiteCode":"BG0000289","SiteNameBG":"Трилистник","SiteType":"SCI","SiteArea":616.96642193000002,"naturaClass":"habitats"}},{"type":"Feature","geometry":{"type":"MultiPolygon","coordinates":[[[[24.60977,42.14545],[24.6086,42.14524],[24.60817,42.14446],[24.60697,42.14393],[24.60642,42.14511],[24.60602,42.14499],[24.60675,42.1453],[24.6056,42.14492],[24.6052,42.14271],[24.60074,42.13862],[24.59922,42.13886],[24.59937,42.13768],[24.59867,42.13681],[24.59322,42.13904],[24.59306,42.1396],[24.59326,42.1402],[24.59446,42.14092],[24.59873,42.13991],[24.59825,42.14094],[24.59504,42.14186],[24.59269,42.14121],[24.59218,42.1406],[24.59216,42.13894],[24.59321,42.1379],[24.59797,42.13641],[24.59404,42.13421],[24.58853,42.1323],[24.58217,42.1276],[24.57654,42.12718],[24.5749,42.12873],[24.57352,42.12898],[24.57247,42.12886],[24.56836,42.12674],[24.56427,42.12706],[24.55815,42.12373],[24.5541,42.12013],[24.55203,42.12036],[24.55011,42.11851],[24.54815,42.11741],[24.54548,42.11699],[24.54434,42.11555],[24.54204,42.11547],[24.54192,42.11468],[24.54084,42.114],[24.54031,42.11288],[24.54013,42.11052],[24.53873,42.11008],[24.53913,42.10965],[24.53791,42.10873],[24.53114,42.1054],[24.52961,42.10218],[24.52638,42.09878],[24.51772,42.09731],[24.51719,42.09888],[24.51628,42.0988],[24.51451,42.0976],[24.51397,42.09817],[24.51234,42.09717],[24.51394,42.09574],[24.50694,42.09216],[24.50285,42.08892],[24.50115,42.08661],[24.49936,42.08631],[24.49945,42.08434],[24.4981,42.08023],[24.49316,42.07171],[24.4917,42.07158],[24.49064,42.06884],[24.4898,42.06918],[24.48727,42.06695],[24.48504,42.0671],[24.48412,42.06639],[24.48492,42.06539],[24.48673,42.06556],[24.48807,42.06475],[24.48372,42.05754],[24.48192,42.05509],[24.4729,42.0483],[24.47145,42.04596],[24.47265,42.04521],[24.47416,42.04763],[24.47475,42.04808],[24.47561,42.04779],[24.48502,42.05509],[24.48761,42.05814],[24.48805,42.06126],[24.48982,42.06413],[24.49356,42.06753],[24.49733,42.06833],[24.49753,42.06883],[24.49682,42.06963],[24.49812,42.07016],[24.49961,42.07161],[24.50085,42.07199],[24.50165,42.08018],[24.50411,42.08342],[24.50821,42.08573],[24.51123,42.08906],[24.51405,42.09095],[24.51812,42.09495],[24.52593,42.09664],[24.52734,42.09518],[24.53114,42.0967],[24.53159,42.09704],[24.53196,42.09914],[24.53409,42.10011],[24.53366,42.10174],[24.5327,42.1029],[24.53326,42.10409],[24.54652,42.11145],[24.54745,42.11222],[24.54852,42.11433],[24.54959,42.11507],[24.55624,42.11819],[24.55807,42.11823],[24.56068,42.12052],[24.56111,42.12168],[24.56092,42.12286],[24.56414,42.12498],[24.56934,42.12434],[24.57092,42.12495],[24.57261,42.12682],[24.57357,42.12721],[24.57459,42.12707],[24.57631,42.12525],[24.57795,42.12489],[24.58175,42.12598],[24.58478,42.12618],[24.5882,42.12791],[24.58894,42.12922],[24.58889,42.13062],[24.58956,42.13135],[24.59362,42.13203],[24.60267,42.13637],[24.60432,42.13614],[24.61049,42.14091],[24.61132,42.14395],[24.61251,42.14526],[24.6105,42.1449],[24.60977,42.14545]]],[[[24.60803,42.14571],[24.60735,42.14717],[24.60681,42.14533],[24.60803,42.14571]]]]},"properties":{"SiteCode":"BG0000424","SiteNameBG":"Река Въча - Тракия","SiteType":"SCI","SiteArea":550.19735441,"naturaClass":"habitats"}}]}
