{"type":"FeatureCollection","features":[{"type":"Feature","geometry":{"type":"Polygon","coordinates":[[[25.0295,42.08585],[25.02986,42.08414],[25.03183,42.08367],[25.03423,42.08012],[25.03258,42.07725],[25.03398,42.07491],[25.03333,42.07392],[25.03382,42.07096],[25.03441,42.07075],[25.03463,42.07155],[25.03662,42.0712],[25.03742,42.07154],[25.03561,42.07302],[25.0346,42.07802],[25.03727,42.08031],[25.03539,42.08168],[25.03393,42.0845],[25.03629,42.08541],[25.03123,42.0865],[25.0295,42.08585]]]},"properties":{"SiteCode":"BG0002015","SiteNameBG":"Язовир Конуш","SiteType":"SPA","SiteArea":37.677599999999998,"naturaClass":"spa"}},{"type":"Feature","geometry":{"type":"Polygon","coordinates":[[[24.76986,42.20061],[24.76517,42.1985],[24.76475,42.19261],[24.74996,42.18806],[24.75025,42.18682],[24.75176,42.18652],[24.75249,42.18231],[24.75863,42.1807],[24.76571,42.18575],[24.76552,42.18682],[24.7678,42.18881],[24.76818,42.1936],[24.77065,42.19963],[24.76986,42.20061]]]},"properties":{"SiteCode":"BG0002016","SiteNameBG":"Рибарници Пловдив","SiteType":"SPA","SiteArea":145.76750000000001,"naturaClass":"spa"}},{"type":"Feature","geometry":{"type":"Polygon","coordinates":[[[25.12985,43.6529],[25.13537,43.65186],[25.13914,43.64971],[25.14338,43.64482],[25.13995,43.64301],[25.14361,43.64089],[25.14384,43.6398],[25.1767,43.63356],[25.17735,43.63511],[25.18236,43.63445],[25.18675,43.635],[25.19257,43.63448],[25.20518,43.63576],[25.21355,43.63989],[25.25261,43.64774],[25.26243,43.64815],[25.28131,43.65124],[25.28989,43.65142],[25.29239,43.65083],[25.29244,43.65456],[25.29454,43.65435],[25.28188,43.66131],[25.25987,43.67783],[25.24765,43.68328],[25.23941,43.68593],[25.22603,43.68778],[25.20188,43.69309],[25.17651,43.70134],[25.16982,43.70232],[25.15463,43.70017],[25.10802,43.67683],[25.11131,43.66564],[25.12008,43.65387],[25.12517,43.65406],[25.12985,43.6529]]]},"properties":{"SiteCode":"BG0002017","SiteNameBG":"Комплекс Беленски острови","SiteType":"SPA","SiteArea":7009.7716,"naturaClass":"spa"}},{"type":"Feature","geometry":{"type":"Polygon","coordinates":[[[25.50446,43.63102],[25.51354,43.63833],[25.51216,43.63957],[25.50948,43.64688],[25.47935,43.64176],[25.468,43.63878],[25.46455,43.63757],[25.45373,43.63144],[25.44848,43.62964],[25.4484,43.62847],[25.45155,43.62112],[25.45098,43.62043],[25.45475,43.61758],[25.45573,43.61799],[25.45813,43.61724],[25.46841,43.61322],[25.47552,43.61231],[25.47999,43.61284],[25.4805,43.61206],[25.48574,43.61528],[25.48742,43.61544],[25.49609,43.62458],[25.50446,43.63102]]]},"properties":{"SiteCode":"BG0002018","SiteNameBG":"Остров Вардим","SiteType":"SPA&SCI","SiteArea":1167.5509,"naturaClass":"spa"}},{"type":"Feature","geometry":{"type":"Polygon","coordinates":[[[26.01304,41.47624],[26.00896,41.47703],[26.00656,41.47591],[26.00669,41.47351],[26.00765,41.47281],[26.0061,41.47082],[26.00625,41.46863],[26.00103,41.46672],[25.99345,41.4663],[25.98579,41.46178],[25.98558,41.45978],[25.98762,41.45556],[25.98698,41.45197],[25.98447,41.44711],[25.98655,41.44395],[25.98886,41.44338],[25.98922,41.44261],[25.98646,41.44367],[25.98445,41.44193],[25.98435,41.44062],[25.98607,41.43953],[25.98404,41.4401],[25.98394,41.43943],[25.9882,41.4349],[25.98698,41.43448],[25.98576,41.43581],[25.98506,41.43503],[25.98824,41.43284],[25.98693,41.43196],[25.98764,41.4314],[25.98716,41.43068],[25.98337,41.42938],[25.98361,41.42727],[25.98255,41.42681],[25.98378,41.42538],[25.98124,41.42201],[25.98042,41.42308],[25.97705,41.4243],[25.97587,41.4261],[25.97235,41.42797],[25.97019,41.43097],[25.9634,41.4354],[25.96257,41.43751],[25.95966,41.43803],[25.95638,41.43675],[25.95494,41.43736],[25.95415,41.43958],[25.94987,41.44069],[25.9488,41.44279],[25.94896,41.44669],[25.944,41.44742],[25.94162,41.44949],[25.94165,41.45065],[25.94044,41.45237],[25.94049,41.45179],[25.93968,41.45184],[25.93909,41.45288],[25.93618,41.45527],[25.93518,41.45528],[25.93535,41.45412],[25.9343,41.45312],[25.9314,41.45289],[25.93172,41.45118],[25.92509,41.45139],[25.92233,41.45476],[25.92199,41.45357],[25.91683,41.45031],[25.91398,41.45085],[25.91221,41.44857],[25.91123,41.44958],[25.91172,41.45021],[25.91015,41.44935],[25.90845,41.45046],[25.90668,41.44991],[25.90571,41.45091],[25.9053,41.45034],[25.9021,41.4502],[25.90343,41.45004],[25.90222,41.44894],[25.90032,41.4499],[25.90108,41.44681],[25.89923,41.44263],[25.88901,41.44427],[25.88673,41.44168],[25.88799,41.44537],[25.88438,41.44643],[25.88384,41.44775],[25.88523,41.44778],[25.88238,41.4481],[25.88089,41.45025],[25.87817,41.45109],[25.87717,41.45303],[25.87422,41.45122],[25.87085,41.45537],[25.86894,41.45562],[25.86977,41.45435],[25.86732,41.45435],[25.86832,41.45532],[25.86593,41.4553],[25.86508,41.45453],[25.86419,41.45764],[25.86074,41.45964],[25.85961,41.45974],[25.85961,41.46035],[25.85618,41.45739],[25.85416,41.45788],[25.85225,41.4528],[25.85107,41.4548],[25.84939,41.45406],[25.84751,41.45425],[25.84645,41.45299],[25.84441,41.45247],[25.84163,41.4531],[25.8388,41.45493],[25.83826,41.45624],[25.83646,41.45611],[25.83458,41.45741],[25.83513,41.45954],[25.83052,41.45922],[25.82821,41.46298],[25.82725,41.46214],[25.82813,41.46208],[25.82814,41.46102],[25.82513,41.45994],[25.82482,41.45936],[25.82597,41.4594],[25.82221,41.45797],[25.82113,41.45819],[25.81987,41.45722],[25.81863,41.45887],[25.81749,41.45775],[25.81625,41.45821],[25.81648,41.45701],[25.81131,41.45853],[25.81189,41.45455],[25.80907,41.45275],[25.81035,41.45096],[25.80824,41.45117],[25.80771,41.4493],[25.80539,41.45218],[25.80434,41.44824],[25.80287,41.4477],[25.80272,41.44866],[25.80143,41.44833],[25.80082,41.44891],[25.80001,41.44718],[25.79696,41.44675],[25.79397,41.44518],[25.7885,41.44651],[25.786,41.44408],[25.78382,41.44393],[25.78266,41.44448],[25.78213,41.44611],[25.78107,41.44558],[25.77996,41.44633],[25.77779,41.44996],[25.77655,41.45032],[25.77347,41.44955],[25.77401,41.44794],[25.77195,41.44665],[25.77196,41.44553],[25.76949,41.44454],[25.7701,41.44374],[25.76869,41.44356],[25.76866,41.44109],[25.76963,41.44004],[25.76855,41.43961],[25.76775,41.43713],[25.76629,41.43677],[25.76473,41.43813],[25.76242,41.43748],[25.76132,41.43635],[25.76196,41.43635],[25.76131,41.43609],[25.76178,41.4344],[25.76087,41.43295],[25.76011,41.42618],[25.76198,41.42359],[25.76155,41.4221],[25.76338,41.41988],[25.762,41.41966],[25.76119,41.41651],[25.76289,41.41357],[25.76098,41.41005],[25.76239,41.4092],[25.76024,41.4094],[25.76236,41.4079],[25.7647,41.40846],[25.7655,41.40734],[25.76415,41.40724],[25.76463,41.40649],[25.76539,41.40672],[25.76486,41.40458],[25.76189,41.40395],[25.76362,41.40318],[25.76448,41.40105],[25.7634,41.39881],[25.76544,41.39967],[25.76658,41.39895],[25.76466,41.3927],[25.76643,41.39002],[25.76822,41.38996],[25.76689,41.38813],[25.76802,41.38766],[25.76937,41.38266],[25.77076,41.38275],[25.77137,41.38182],[25.77053,41.37567],[25.77242,41.37547],[25.77315,41.37208],[25.77721,41.37234],[25.78093,41.36985],[25.77956,41.36799],[25.7819,41.3625],[25.7778,41.35708],[25.77878,41.35626],[25.78088,41.35628],[25.78227,41.35461],[25.784,41.35389],[25.78514,41.35432],[25.78367,41.35364],[25.78508,41.35313],[25.78593,41.35163],[25.78476,41.34935],[25.78568,41.34822],[25.78198,41.34628],[25.78218,41.34497],[25.77365,41.33977],[25.77229,41.3431],[25.77362,41.34668],[25.76922,41.3505],[25.76912,41.35301],[25.764,41.35567],[25.76253,41.35494],[25.76015,41.35503],[25.75755,41.35611],[25.7575,41.35294],[25.75529,41.3524],[25.75453,41.35149],[25.75271,41.35389],[25.75387,41.35497],[25.75376,41.35625],[25.75247,41.35796],[25.7505,41.35867],[25.74988,41.36034],[25.74875,41.35993],[25.74835,41.36099],[25.74682,41.3605],[25.7418,41.36132],[25.73814,41.36078],[25.73607,41.35958],[25.73341,41.36068],[25.73216,41.36047],[25.73193,41.36111],[25.72989,41.36047],[25.72965,41.36127],[25.72789,41.35751],[25.7261,41.35738],[25.72491,41.35587],[25.72219,41.35567],[25.72046,41.35731],[25.71671,41.35605],[25.71286,41.35659],[25.71141,41.35382],[25.70743,41.35263],[25.70726,41.3513],[25.70953,41.34852],[25.70902,41.34742],[25.71175,41.34657],[25.71095,41.34487],[25.71263,41.34575],[25.7144,41.34231],[25.71605,41.34253],[25.71895,41.33972],[25.71893,41.33851],[25.72088,41.33807],[25.72241,41.33649],[25.72271,41.33526],[25.72472,41.33526],[25.72615,41.33396],[25.72461,41.33406],[25.72318,41.33259],[25.72241,41.32944],[25.7233,41.32897],[25.72224,41.32775],[25.72429,41.32532],[25.72314,41.32255],[25.72472,41.32295],[25.72509,41.32091],[25.72651,41.32056],[25.72615,41.31721],[25.72909,41.31791],[25.73106,41.3192],[25.73244,41.31788],[25.73402,41.31776],[25.74046,41.31883],[25.74192,41.3175],[25.74403,41.31696],[25.74466,41.31504],[25.74841,41.3168],[25.74871,41.31836],[25.75131,41.31951],[25.75364,41.31955],[25.75582,41.31828],[25.7567,41.31924],[25.75747,41.31886],[25.76082,41.3239],[25.763,41.32456],[25.76972,41.31934],[25.77199,41.32097],[25.77479,41.32173],[25.77739,41.32023],[25.77751,41.32131],[25.77862,41.3217],[25.78174,41.32138],[25.78114,41.32371],[25.7839,41.32622],[25.78438,41.32907],[25.78546,41.33041],[25.78739,41.33044],[25.78917,41.33279],[25.79612,41.33405],[25.79838,41.33373],[25.8001,41.33246],[25.80175,41.33313],[25.80194,41.335],[25.80726,41.33755],[25.80966,41.33792],[25.81358,41.336],[25.81734,41.33802],[25.81954,41.3399],[25.82116,41.34721],[25.82247,41.34813],[25.83284,41.34436],[25.83327,41.34226],[25.83516,41.3406],[25.84629,41.33736],[25.84944,41.3341],[25.85141,41.33315],[25.85099,41.33143],[25.85231,41.32877],[25.85449,41.32743],[25.85915,41.32682],[25.863,41.32909],[25.86979,41.32899],[25.87273,41.32797],[25.87306,41.3204],[25.86871,41.31274],[25.87352,41.31139],[25.88417,41.30434],[25.89038,41.30566],[25.89363,41.30731],[25.89847,41.30598],[25.911,41.30843],[25.91906,41.31379],[25.92074,41.31432],[25.92378,41.31369],[25.92964,41.3151],[25.9298,41.31711],[25.93533,41.32092],[25.9465,41.31968],[25.95087,41.32075],[25.95598,41.32099],[25.96623,41.31814],[25.97682,41.3188],[25.98411,41.32382],[25.99098,41.32658],[25.99603,41.32573],[25.99937,41.32662],[26.00306,41.33341],[26.00375,41.33849],[26.00677,41.34042],[26.01043,41.34456],[26.01752,41.34459],[26.01969,41.34612],[26.02266,41.34662],[26.02647,41.3462],[26.02756,41.34691],[26.03039,41.34628],[26.03096,41.34853],[26.0385,41.3505],[26.04338,41.3499],[26.04866,41.34759],[26.06296,41.34745],[26.0671,41.3503],[26.06991,41.34935],[26.07313,41.34687],[26.08091,41.34516],[26.0878,41.34627],[26.08972,41.34586],[26.09322,41.34686],[26.09224,41.35031],[26.09936,41.35677],[26.10068,41.35668],[26.09929,41.35412],[26.10032,41.35297],[26.10378,41.35414],[26.10558,41.35676],[26.1072,41.35725],[26.10923,41.3566],[26.11251,41.35301],[26.12134,41.35642],[26.12398,41.35482],[26.12722,41.35456],[26.12884,41.35312],[26.13219,41.35493],[26.13225,41.35641],[26.13418,41.35817],[26.13417,41.36039],[26.13669,41.36343],[26.1361,41.36471],[26.13712,41.36549],[26.13714,41.36785],[26.13581,41.36939],[26.1377,41.37284],[26.13621,41.37508],[26.13948,41.37651],[26.14574,41.37586],[26.15027,41.38053],[26.15023,41.3862],[26.15272,41.38871],[26.15785,41.38977],[26.15933,41.39411],[26.15765,41.39551],[26.15696,41.39756],[26.16171,41.40169],[26.16427,41.40632],[26.16395,41.41118],[26.15944,41.41999],[26.16842,41.42472],[26.17215,41.43168],[26.17501,41.4337],[26.18199,41.43384],[26.18874,41.43858],[26.19772,41.43572],[26.20029,41.43691],[26.20049,41.43852],[26.198,41.4393],[26.1975,41.44096],[26.19635,41.44077],[26.19393,41.44408],[26.19306,41.44373],[26.19314,41.44032],[26.18858,41.43979],[26.18615,41.44062],[26.18548,41.44374],[26.18244,41.44314],[26.17989,41.44431],[26.17092,41.44556],[26.16307,41.44916],[26.16087,41.45112],[26.15783,41.4467],[26.15725,41.44749],[26.15569,41.44744],[26.15473,41.44968],[26.15453,41.44637],[26.15407,41.44822],[26.15308,41.4485],[26.15427,41.45168],[26.15237,41.44884],[26.15192,41.45034],[26.14999,41.45233],[26.14947,41.4515],[26.14933,41.45272],[26.14786,41.45108],[26.14868,41.44759],[26.15107,41.44582],[26.15032,41.44506],[26.14953,41.44536],[26.15047,41.44271],[26.14954,41.44165],[26.14717,41.44222],[26.14713,41.44413],[26.1445,41.44472],[26.14426,41.44377],[26.14565,41.44357],[26.14709,41.4414],[26.14572,41.44067],[26.14641,41.43929],[26.14466,41.43693],[26.14278,41.43688],[26.14259,41.43596],[26.14534,41.43559],[26.14537,41.434],[26.14247,41.43453],[26.13802,41.43382],[26.13535,41.43695],[26.13297,41.43795],[26.1321,41.44064],[26.12875,41.4429],[26.12525,41.44354],[26.12447,41.44479],[26.12179,41.44407],[26.12,41.44626],[26.11854,41.44655],[26.11194,41.44579],[26.11075,41.44504],[26.10946,41.44575],[26.10592,41.44493],[26.10468,41.44597],[26.10285,41.44556],[26.10194,41.44848],[26.09682,41.45074],[26.09268,41.45464],[26.09101,41.45451],[26.08944,41.45294],[26.08818,41.45752],[26.0871,41.45868],[26.08745,41.45961],[26.08412,41.46034],[26.08443,41.46147],[26.08319,41.46182],[26.08409,41.46249],[26.08168,41.46373],[26.0816,41.46632],[26.08341,41.46541],[26.0834,41.46623],[26.07874,41.46775],[26.07421,41.46727],[26.07269,41.46789],[26.0722,41.4668],[26.06936,41.4664],[26.06715,41.46496],[26.06686,41.46642],[26.06611,41.46593],[26.06438,41.46704],[26.06149,41.46565],[26.06271,41.46366],[26.05741,41.46418],[26.0557,41.46553],[26.05353,41.46558],[26.05285,41.46702],[26.05229,41.46651],[26.05187,41.46793],[26.04606,41.47338],[26.0465,41.47563],[26.04487,41.47589],[26.04498,41.47064],[26.04378,41.46993],[26.04265,41.47092],[26.04143,41.46922],[26.04339,41.46535],[26.03489,41.46474],[26.0318,41.46239],[26.02858,41.46129],[26.02873,41.46517],[26.02723,41.46813],[26.02806,41.46956],[26.02666,41.47293],[26.01628,41.47601],[26.01304,41.47624]]]},"properties":{"SiteCode":"BG0002019","SiteNameBG":"Бяла река","SiteType":"SPA","SiteArea":44626.646000000001,"naturaClass":"spa"}},{"type":"Feature","geometry":{"type":"Polygon","coordinates":[[[26.04286,41.94059],[26.03795,41.93988],[26.03544,41.93843],[26.03491,41.93958],[26.03411,41.93894],[26.03455,41.93808],[26.0313,41.937],[26.02965,41.93517],[26.02713,41.93446],[26.02571,41.93451],[26.02569,41.93522],[26.02234,41.93351],[26.02087,41.93376],[26.01691,41.93146],[26.01486,41.93271],[26.01537,41.93052],[26.01146,41.93249],[26.0064,41.93108],[26.00638,41.93008],[26.00537,41.92976],[26.00624,41.92833],[26.00424,41.92861],[26.00429,41.92755],[26.00304,41.92813],[26.00204,41.9275],[26.00301,41.92504],[26.00685,41.9237],[26.00664,41.92258],[26.00836,41.922],[26.00842,41.92094],[26.00788,41.92089],[26.00704,41.91974],[26.00859,41.92018],[26.01051,41.91723],[26.01129,41.91769],[26.01198,41.91723],[26.01322,41.91515],[26.01392,41.91618],[26.01512,41.91574],[26.01591,41.91703],[26.01662,41.91676],[26.01872,41.92008],[26.01826,41.92083],[26.01953,41.9216],[26.02016,41.92038],[26.02232,41.91977],[26.02623,41.91616],[26.0248,41.9148],[26.02353,41.91136],[26.02358,41.90897],[26.02241,41.90864],[26.01919,41.90247],[26.01853,41.90262],[26.01607,41.89897],[26.01494,41.89549],[26.01476,41.88927],[26.01105,41.88865],[26.01004,41.88924],[26.00682,41.88799],[26.00772,41.8864],[26.00797,41.88128],[26.01075,41.87892],[26.01705,41.88025],[26.01634,41.87952],[26.01719,41.87874],[26.01985,41.88014],[26.02715,41.88102],[26.03138,41.88514],[26.03452,41.88625],[26.04008,41.88547],[26.04727,41.88262],[26.05571,41.87642],[26.0609,41.87469],[26.06922,41.87003],[26.07939,41.86805],[26.0847,41.86405],[26.08512,41.86507],[26.08449,41.86499],[26.08389,41.86781],[26.08664,41.87175],[26.09089,41.87255],[26.09226,41.87449],[26.09758,41.87667],[26.10006,41.87925],[26.10029,41.88116],[26.0989,41.88498],[26.09656,41.88746],[26.09748,41.89016],[26.09445,41.89061],[26.09543,41.89652],[26.09352,41.90137],[26.09787,41.90267],[26.09965,41.90105],[26.10043,41.89824],[26.10048,41.89943],[26.10342,41.89965],[26.10373,41.90114],[26.10708,41.90087],[26.11196,41.89915],[26.11262,41.90097],[26.11503,41.9023],[26.11913,41.90198],[26.12161,41.90092],[26.12502,41.90121],[26.12797,41.90445],[26.135,41.90878],[26.13663,41.91486],[26.14194,41.92122],[26.13681,41.92201],[26.1354,41.9233],[26.13035,41.9227],[26.12605,41.92393],[26.1249,41.92567],[26.12109,41.92403],[26.12177,41.92562],[26.12087,41.92653],[26.11798,41.92696],[26.11619,41.92903],[26.10799,41.93104],[26.09174,41.94095],[26.08383,41.9376],[26.07794,41.9408],[26.07649,41.94032],[26.07098,41.9427],[26.0626,41.94484],[26.05902,41.94693],[26.05424,41.94628],[26.04979,41.94433],[26.04695,41.94125],[26.04464,41.9403],[26.04286,41.94059]]]},"properties":{"SiteCode":"BG0002020","SiteNameBG":"Радинчево","SiteType":"SPA","SiteArea":5785.7257,"naturaClass":"spa"}},{"type":"Feature","geometry":{"type":"Polygon","coordinates":[[[26.28393,42.19325],[26.28249,42.19472],[26.2833,42.19305],[26.28186,42.19171],[26.28021,42.19218],[26.28168,42.19124],[26.27984,42.18973],[26.27894,42.18999],[26.27881,42.18729],[26.27729,42.18764],[26.27324,42.19172],[26.27151,42.19135],[26.26986,42.19281],[26.26601,42.19037],[26.26266,42.18631],[26.25958,42.18808],[26.25429,42.18681],[26.25281,42.1871],[26.25162,42.185],[26.25024,42.18537],[26.25066,42.18435],[26.24862,42.18365],[26.24573,42.18062],[26.24521,42.1809],[26.2439,42.17849],[26.24434,42.17756],[26.2428,42.17495],[26.24646,42.17347],[26.24774,42.17112],[26.23783,42.1705],[26.23763,42.16792],[26.23852,42.16819],[26.23962,42.16561],[26.24079,42.16596],[26.2412,42.1652],[26.23978,42.16513],[26.2441,42.16138],[26.24087,42.15892],[26.24447,42.15642],[26.24259,42.15237],[26.24355,42.15315],[26.2465,42.15201],[26.24311,42.14925],[26.24656,42.14412],[26.25121,42.14274],[26.25017,42.13609],[26.25085,42.13662],[26.25221,42.13592],[26.25345,42.13434],[26.25574,42.12874],[26.25789,42.12981],[26.25162,42.12307],[26.2439,42.11918],[26.2426,42.11584],[26.24008,42.11405],[26.23657,42.11368],[26.21243,42.11752],[26.20612,42.11483],[26.20449,42.11342],[26.20499,42.1124],[26.20021,42.11409],[26.20029,42.11329],[26.20541,42.11094],[26.20497,42.11003],[26.19962,42.11122],[26.2001,42.11069],[26.19791,42.10671],[26.19982,42.10047],[26.19869,42.09792],[26.19726,42.09691],[26.19716,42.09461],[26.19601,42.09416],[26.19445,42.09125],[26.19813,42.08547],[26.19714,42.0819],[26.1931,42.07889],[26.18995,42.0783],[26.18634,42.07635],[26.1835,42.07301],[26.18414,42.07229],[26.18181,42.06711],[26.17926,42.06578],[26.17707,42.06255],[26.17276,42.06114],[26.16988,42.05852],[26.17045,42.05579],[26.17348,42.05494],[26.17833,42.05183],[26.18316,42.05044],[26.18564,42.0489],[26.18651,42.04756],[26.18407,42.04351],[26.18447,42.0427],[26.18577,42.04288],[26.1851,42.04098],[26.18132,42.04108],[26.18083,42.03938],[26.17809,42.03756],[26.1735,42.0366],[26.17179,42.03693],[26.1683,42.03553],[26.16792,42.036],[26.16418,42.03565],[26.16133,42.03438],[26.15299,42.03562],[26.14949,42.03067],[26.12928,42.02728],[26.12852,42.02343],[26.12299,42.0207],[26.12021,42.01713],[26.11942,42.0138],[26.1213,42.00735],[26.11917,42.00028],[26.11618,41.9963],[26.1156,41.99343],[26.11854,41.98901],[26.11735,41.98661],[26.11864,41.98656],[26.11848,41.98433],[26.11903,41.98195],[26.12258,41.98192],[26.12224,41.98131],[26.12538,41.98004],[26.12471,41.9783],[26.12298,41.97772],[26.1235,41.97597],[26.12206,41.97557],[26.12285,41.9738],[26.12589,41.97172],[26.12924,41.9715],[26.12788,41.97075],[26.1307,41.96907],[26.13202,41.96728],[26.13585,41.96871],[26.14172,41.96892],[26.14468,41.9702],[26.14522,41.96954],[26.14825,41.97031],[26.15007,41.96874],[26.15218,41.96855],[26.1512,41.96771],[26.15171,41.96709],[26.14966,41.96698],[26.15247,41.96663],[26.1517,41.96414],[26.15309,41.96411],[26.15346,41.96184],[26.15106,41.95931],[26.15254,41.95894],[26.15295,41.95656],[26.15599,41.95576],[26.15841,41.95818],[26.16532,41.95689],[26.16654,41.9574],[26.17023,41.95589],[26.17173,41.95619],[26.17524,41.95329],[26.17673,41.9529],[26.17917,41.95453],[26.17901,41.95282],[26.17636,41.94908],[26.18078,41.94542],[26.18444,41.9444],[26.19306,41.93668],[26.19611,41.93607],[26.19755,41.92933],[26.19487,41.92501],[26.19585,41.9226],[26.19704,41.92252],[26.19652,41.92166],[26.19806,41.92168],[26.19831,41.92101],[26.20124,41.92086],[26.20149,41.91991],[26.20043,41.91996],[26.20052,41.91917],[26.2023,41.91928],[26.20238,41.91724],[26.20467,41.91708],[26.20495,41.91388],[26.20625,41.91159],[26.20569,41.91073],[26.20683,41.90937],[26.20542,41.90974],[26.20448,41.90888],[26.20509,41.90781],[26.20114,41.90854],[26.20165,41.90749],[26.20431,41.90664],[26.20179,41.90298],[26.1991,41.90333],[26.19792,41.90479],[26.19347,41.9043],[26.1932,41.90134],[26.19008,41.90052],[26.18453,41.89406],[26.18392,41.89275],[26.18556,41.89252],[26.18406,41.88959],[26.18178,41.89007],[26.18218,41.88789],[26.18093,41.88616],[26.17276,41.88043],[26.16758,41.87553],[26.16619,41.87519],[26.16492,41.87227],[26.16319,41.87266],[26.16256,41.8712],[26.16084,41.87162],[26.1575,41.86407],[26.15368,41.85863],[26.15397,41.85624],[26.1565,41.8577],[26.16178,41.85632],[26.16419,41.85716],[26.16941,41.85658],[26.17397,41.85742],[26.16965,41.85319],[26.17324,41.85268],[26.17082,41.84993],[26.17588,41.85049],[26.17605,41.84925],[26.17925,41.85043],[26.18045,41.84414],[26.18259,41.84064],[26.18195,41.83603],[26.18586,41.83132],[26.18518,41.82842],[26.18656,41.82398],[26.18507,41.81587],[26.18819,41.807],[26.19116,41.80305],[26.19436,41.80244],[26.19531,41.80084],[26.1963,41.80167],[26.20012,41.79965],[26.2028,41.79944],[26.20713,41.80062],[26.2065,41.79614],[26.20813,41.794],[26.20745,41.79215],[26.21053,41.79039],[26.2108,41.78868],[26.21305,41.78705],[26.21505,41.7878],[26.21465,41.78979],[26.21978,41.79173],[26.22179,41.79159],[26.22059,41.77914],[26.21957,41.77769],[26.22254,41.78025],[26.22438,41.78054],[26.22296,41.78143],[26.2273,41.7804],[26.22667,41.78143],[26.22957,41.78117],[26.22992,41.78239],[26.23108,41.78206],[26.23162,41.78086],[26.2362,41.7818],[26.24044,41.78122],[26.24166,41.78165],[26.24185,41.78084],[26.2457,41.78057],[26.24588,41.77946],[26.25263,41.77914],[26.25729,41.77719],[26.26857,41.77887],[26.26974,41.77671],[26.27114,41.77603],[26.27179,41.77318],[26.274,41.77109],[26.27479,41.77093],[26.27609,41.77226],[26.27898,41.77064],[26.27909,41.76804],[26.27974,41.76847],[26.28386,41.76671],[26.28851,41.76704],[26.29779,41.77197],[26.30355,41.77609],[26.30595,41.77076],[26.30748,41.77098],[26.30709,41.77206],[26.30814,41.77189],[26.30839,41.77249],[26.30786,41.77322],[26.30974,41.77387],[26.3113,41.77586],[26.31016,41.77916],[26.31311,41.77934],[26.31542,41.78072],[26.31622,41.77981],[26.32089,41.782],[26.32239,41.78023],[26.32736,41.78262],[26.32931,41.78215],[26.32843,41.7771],[26.32927,41.77637],[26.33137,41.77622],[26.33124,41.77525],[26.3337,41.7751],[26.33439,41.77285],[26.33906,41.77239],[26.34402,41.78294],[26.34595,41.78461],[26.34606,41.78702],[26.34805,41.7875],[26.34773,41.7891],[26.35012,41.79067],[26.35258,41.79607],[26.35463,41.79746],[26.35448,41.79896],[26.35654,41.79937],[26.35718,41.8002],[26.35683,41.80112],[26.35809,41.8015],[26.36019,41.80596],[26.36316,41.8084],[26.36629,41.81563],[26.36824,41.81722],[26.3693,41.81908],[26.36905,41.82068],[26.37883,41.82254],[26.53859,41.82348],[26.55254,41.84821],[26.55439,41.84808],[26.5642,41.85463],[26.56295,41.85631],[26.56328,41.86193],[26.56545,41.86645],[26.56871,41.86899],[26.57193,41.86748],[26.57389,41.8676],[26.58036,41.87185],[26.58085,41.87477],[26.58003,41.87708],[26.57836,41.87862],[26.57036,41.88046],[26.56769,41.88302],[26.56711,41.8854],[26.56802,41.88726],[26.57651,41.8926],[26.57751,41.894],[26.57769,41.89787],[26.58193,41.89978],[26.58406,41.9017],[26.58452,41.90343],[26.5826,41.90537],[26.57717,41.90684],[26.57223,41.91236],[26.57049,41.91262],[26.56981,41.91596],[26.56106,41.92544],[26.58642,41.94748],[26.58949,41.94932],[26.58644,41.94993],[26.5863,41.95049],[26.58694,41.9514],[26.58132,41.95063],[26.57957,41.95128],[26.57917,41.95051],[26.57687,41.95163],[26.57338,41.95095],[26.57147,41.95335],[26.56955,41.95402],[26.56712,41.95325],[26.56369,41.95349],[26.56464,41.9547],[26.56635,41.95451],[26.56634,41.95708],[26.56773,41.95685],[26.56941,41.95846],[26.56951,41.96082],[26.56729,41.9619],[26.56146,41.95851],[26.55867,41.96038],[26.55667,41.95902],[26.55421,41.95936],[26.55236,41.96139],[26.55422,41.96249],[26.55475,41.96618],[26.55249,41.96518],[26.54655,41.96497],[26.54407,41.96306],[26.54303,41.96318],[26.54264,41.96379],[26.54519,41.96566],[26.5442,41.96742],[26.54517,41.96833],[26.54728,41.96845],[26.54691,41.97071],[26.55042,41.97409],[26.55081,41.97873],[26.55211,41.97969],[26.5491,41.97967],[26.54624,41.98125],[26.54514,41.98447],[26.5464,41.9861],[26.54447,41.98729],[26.54492,41.98911],[26.54339,41.98946],[26.54323,41.98887],[26.54201,41.98951],[26.54301,41.99123],[26.54173,41.99225],[26.54129,41.99474],[26.54345,41.99445],[26.54457,41.9962],[26.54947,41.99814],[26.54206,42.00025],[26.53975,42.00232],[26.53946,42.0047],[26.53653,42.00774],[26.53572,42.01119],[26.53832,42.01867],[26.53337,42.0214],[26.53259,42.02439],[26.52722,42.02586],[26.52203,42.03066],[26.51838,42.03243],[26.51774,42.03587],[26.51029,42.03686],[26.50803,42.03796],[26.50413,42.03793],[26.50342,42.03954],[26.49634,42.04062],[26.4896,42.04301],[26.48466,42.04287],[26.48465,42.047],[26.47311,42.04916],[26.47336,42.05105],[26.47601,42.05236],[26.4761,42.05499],[26.478,42.05498],[26.47847,42.05416],[26.47938,42.05488],[26.48176,42.05441],[26.48518,42.05311],[26.48799,42.05469],[26.48946,42.05474],[26.48994,42.05522],[26.48839,42.05537],[26.48956,42.05622],[26.48774,42.05728],[26.48798,42.05919],[26.49493,42.0577],[26.49689,42.05798],[26.49616,42.05494],[26.50297,42.05401],[26.50422,42.05484],[26.50696,42.05474],[26.50757,42.05369],[26.50914,42.05383],[26.51133,42.05572],[26.51155,42.05359],[26.51745,42.05066],[26.51836,42.05253],[26.52141,42.0532],[26.52488,42.05204],[26.5275,42.05266],[26.52911,42.05396],[26.52605,42.05482],[26.5251,42.0566],[26.52312,42.0563],[26.52038,42.05805],[26.51609,42.058],[26.51495,42.0587],[26.51822,42.05846],[26.51844,42.05947],[26.51913,42.05895],[26.52016,42.06018],[26.52176,42.06565],[26.52086,42.06675],[26.52094,42.06998],[26.52774,42.0776],[26.52746,42.08093],[26.52909,42.08148],[26.52671,42.08267],[26.52391,42.08223],[26.52301,42.08313],[26.5209,42.08243],[26.51649,42.08281],[26.51821,42.08574],[26.51777,42.08752],[26.51647,42.08829],[26.51714,42.09179],[26.51624,42.0925],[26.51898,42.09456],[26.52445,42.09641],[26.52504,42.09885],[26.52671,42.10041],[26.52421,42.10096],[26.52199,42.10269],[26.51965,42.10198],[26.51935,42.10311],[26.51878,42.1024],[26.51578,42.10308],[26.51577,42.10484],[26.52259,42.11189],[26.52227,42.1137],[26.51964,42.11325],[26.51904,42.11239],[26.51924,42.11312],[26.5175,42.11323],[26.51817,42.11442],[26.51697,42.11368],[26.51632,42.11402],[26.51416,42.11755],[26.5141,42.11916],[26.51587,42.11962],[26.51418,42.12187],[26.51421,42.12362],[26.50947,42.12484],[26.51162,42.12782],[26.51102,42.12923],[26.51359,42.14413],[26.51571,42.14866],[26.51718,42.14872],[26.51746,42.15027],[26.51599,42.15206],[26.51685,42.15494],[26.51872,42.1572],[26.5198,42.1632],[26.51853,42.16556],[26.51558,42.16385],[26.5153,42.16482],[26.51446,42.16465],[26.51302,42.16871],[26.51467,42.16923],[26.5138,42.17071],[26.51176,42.17177],[26.51237,42.17198],[26.50269,42.1717],[26.49835,42.1736],[26.4951,42.17738],[26.48577,42.18213],[26.47763,42.18413],[26.47686,42.1808],[26.47553,42.18089],[26.47562,42.17883],[26.47495,42.17967],[26.47481,42.17893],[26.47255,42.17913],[26.46649,42.18099],[26.46596,42.18273],[26.4644,42.1836],[26.4643,42.18628],[26.4592,42.18731],[26.45598,42.18723],[26.45129,42.18388],[26.44752,42.18352],[26.44095,42.18955],[26.42659,42.19432],[26.42216,42.19678],[26.41986,42.19292],[26.41752,42.19302],[26.41589,42.19102],[26.41484,42.19126],[26.41537,42.18964],[26.41389,42.18977],[26.41381,42.18923],[26.40892,42.18925],[26.40902,42.19016],[26.40464,42.19207],[26.3974,42.18702],[26.39733,42.1883],[26.39519,42.1884],[26.38667,42.18749],[26.38246,42.18568],[26.37364,42.1865],[26.37297,42.18913],[26.37003,42.19229],[26.36362,42.19214],[26.36254,42.1947],[26.36199,42.19404],[26.36213,42.19495],[26.36065,42.19464],[26.35974,42.1955],[26.35817,42.19543],[26.35818,42.19201],[26.35676,42.18975],[26.35034,42.19017],[26.35016,42.19231],[26.34654,42.19553],[26.34405,42.19632],[26.34476,42.19851],[26.34244,42.1991],[26.34156,42.20054],[26.32732,42.19507],[26.32246,42.19476],[26.32075,42.19529],[26.31313,42.19408],[26.30784,42.19223],[26.30161,42.19183],[26.30138,42.19012],[26.29974,42.19015],[26.29585,42.1881],[26.29423,42.19172],[26.29112,42.18877],[26.28899,42.18893],[26.28579,42.19261],[26.28393,42.19325]]]},"properties":{"SiteCode":"BG0002021","SiteNameBG":"Сакар","SiteType":"SPA","SiteArea":125722.2834,"naturaClass":"spa"}},{"type":"Feature","geometry":{"type":"Polygon","coordinates":[[[25.88113,42.17123],[25.87567,42.16848],[25.87413,42.16549],[25.87096,42.16288],[25.87103,42.16169],[25.87328,42.15827],[25.87741,42.15715],[25.88307,42.15748],[25.88437,42.15677],[25.88729,42.15426],[25.88696,42.15283],[25.8881,42.15099],[25.88519,42.14611],[25.88515,42.14297],[25.88371,42.14142],[25.88313,42.13859],[25.87956,42.13789],[25.87859,42.13699],[25.87674,42.13909],[25.87491,42.13859],[25.87739,42.13606],[25.87925,42.13115],[25.87598,42.12452],[25.87412,42.12655],[25.87571,42.12415],[25.87459,42.12132],[25.87774,42.1136],[25.87536,42.12188],[25.87911,42.12799],[25.8803,42.13208],[25.88208,42.13214],[25.8815,42.13171],[25.88215,42.13111],[25.88471,42.13008],[25.88793,42.13091],[25.89594,42.12986],[25.89842,42.12877],[25.89793,42.13104],[25.90239,42.13142],[25.90596,42.1287],[25.91183,42.13115],[25.91254,42.13033],[25.914,42.13074],[25.91945,42.13525],[25.92328,42.13452],[25.92587,42.1348],[25.93238,42.13859],[25.92531,42.13707],[25.92206,42.1379],[25.92079,42.13752],[25.91376,42.14428],[25.9101,42.14402],[25.91012,42.14505],[25.90727,42.1464],[25.90837,42.15196],[25.90178,42.15287],[25.90359,42.15833],[25.90207,42.16206],[25.90349,42.16243],[25.90592,42.16043],[25.90865,42.16205],[25.91134,42.16206],[25.91082,42.16665],[25.91165,42.17098],[25.91083,42.17277],[25.9161,42.17158],[25.91794,42.17358],[25.91599,42.17288],[25.91139,42.17372],[25.91032,42.17874],[25.91074,42.18139],[25.90897,42.18183],[25.91154,42.18294],[25.91309,42.18587],[25.90655,42.18634],[25.90167,42.18082],[25.90089,42.17793],[25.90286,42.17338],[25.90314,42.17021],[25.90213,42.16816],[25.90034,42.16714],[25.89527,42.16713],[25.88483,42.17282],[25.88409,42.17214],[25.88491,42.17118],[25.88113,42.17123]]]},"properties":{"SiteCode":"BG0002022","SiteNameBG":"Язовир Розов кладенец","SiteType":"SPA","SiteArea":1265.1215,"naturaClass":"spa"}},{"type":"Feature","geometry":{"type":"Polygon","coordinates":[[[26.16369,42.29391],[26.16325,42.29355],[26.16241,42.29455],[26.15803,42.29355],[26.1572,42.2953],[26.15234,42.29527],[26.15237,42.29255],[26.14787,42.29207],[26.1412,42.28233],[26.13159,42.27257],[26.13755,42.26594],[26.1415,42.26538],[26.14088,42.2636],[26.13973,42.26359],[26.14109,42.2561],[26.13983,42.25274],[26.13998,42.23491],[26.1408,42.23335],[26.14488,42.23164],[26.14533,42.22888],[26.15275,42.22531],[26.15612,42.22476],[26.1545,42.22681],[26.15479,42.22972],[26.15833,42.22896],[26.15835,42.23221],[26.163,42.23063],[26.16412,42.22926],[26.16778,42.22953],[26.16608,42.23146],[26.168,42.23176],[26.1771,42.22549],[26.18241,42.22741],[26.18104,42.22931],[26.1876,42.23096],[26.18905,42.2306],[26.18873,42.23477],[26.19333,42.23669],[26.19872,42.24435],[26.20047,42.24517],[26.19913,42.24621],[26.20194,42.24801],[26.20034,42.24836],[26.19946,42.24944],[26.20582,42.24964],[26.20714,42.25036],[26.21311,42.24955],[26.21329,42.24902],[26.21254,42.26013],[26.21477,42.26016],[26.21935,42.2573],[26.22008,42.25741],[26.21927,42.25776],[26.21993,42.25999],[26.22108,42.26004],[26.22332,42.25836],[26.22566,42.2544],[26.23061,42.25148],[26.23679,42.2559],[26.23274,42.25831],[26.22926,42.27018],[26.22459,42.27209],[26.22425,42.27279],[26.2253,42.27356],[26.23079,42.27394],[26.23353,42.27272],[26.23607,42.27034],[26.24202,42.26888],[26.24424,42.26933],[26.24389,42.26835],[26.24583,42.26786],[26.24549,42.26696],[26.24707,42.26656],[26.24648,42.26916],[26.24877,42.27417],[26.25178,42.27423],[26.2473,42.27679],[26.2426,42.27759],[26.24183,42.27887],[26.23621,42.27946],[26.23705,42.28059],[26.23637,42.28074],[26.23318,42.279],[26.22549,42.27797],[26.22514,42.27945],[26.22186,42.28031],[26.21908,42.2789],[26.21847,42.28274],[26.22067,42.28372],[26.21913,42.28373],[26.21678,42.28673],[26.21772,42.28991],[26.21642,42.29135],[26.21305,42.29189],[26.21312,42.28538],[26.20325,42.28534],[26.18196,42.28902],[26.17029,42.29297],[26.16369,42.29391]]]},"properties":{"SiteCode":"BG0002023","SiteNameBG":"Язовир Овчарица","SiteType":"SPA","SiteArea":4306.277,"naturaClass":"spa"}},{"type":"Feature","geometry":{"type":"Polygon","coordinates":[[[25.79969,43.71374],[25.79956,43.71527],[25.79648,43.71507],[25.79647,43.71602],[25.79764,43.71599],[25.7959,43.71682],[25.78678,43.70988],[25.75727,43.69641],[25.75506,43.69997],[25.72611,43.69088],[25.68916,43.69173],[25.67808,43.69066],[25.6583,43.68497],[25.63844,43.67688],[25.64105,43.66854],[25.64311,43.66541],[25.6433,43.66357],[25.64078,43.6616],[25.64153,43.65883],[25.6444,43.65614],[25.6487,43.65759],[25.65288,43.65717],[25.65352,43.65831],[25.66133,43.65862],[25.66364,43.65934],[25.6632,43.65832],[25.66413,43.65824],[25.66899,43.65927],[25.67559,43.66316],[25.67526,43.66386],[25.6781,43.66483],[25.67949,43.66447],[25.67882,43.66235],[25.68031,43.66137],[25.681,43.66135],[25.68062,43.6626],[25.68292,43.66488],[25.68533,43.66442],[25.68476,43.66293],[25.68617,43.66414],[25.68743,43.66258],[25.69591,43.66326],[25.69232,43.6644],[25.69343,43.66574],[25.69172,43.66599],[25.69122,43.66809],[25.69225,43.66997],[25.694,43.67008],[25.69363,43.67319],[25.69543,43.67277],[25.69528,43.67471],[25.70006,43.676],[25.69981,43.67455],[25.70223,43.67593],[25.70202,43.67689],[25.70632,43.67772],[25.70671,43.67703],[25.70903,43.67716],[25.71342,43.6785],[25.71329,43.67726],[25.71493,43.67694],[25.71342,43.6745],[25.71431,43.67495],[25.71411,43.67391],[25.71562,43.67405],[25.71483,43.67344],[25.71851,43.67181],[25.71806,43.66982],[25.71869,43.66989],[25.72071,43.67114],[25.72081,43.67247],[25.71961,43.67428],[25.71759,43.6745],[25.71943,43.67672],[25.7172,43.67667],[25.71788,43.67757],[25.71743,43.68012],[25.7225,43.68042],[25.7244,43.68152],[25.72611,43.68017],[25.72681,43.68201],[25.73125,43.68144],[25.73527,43.68243],[25.74162,43.68242],[25.745,43.68365],[25.7443,43.68086],[25.74586,43.67925],[25.74761,43.67944],[25.74785,43.68192],[25.74905,43.68234],[25.74991,43.68429],[25.74915,43.68587],[25.75505,43.68754],[25.75626,43.68658],[25.75534,43.68547],[25.75901,43.6856],[25.75768,43.68141],[25.75836,43.68113],[25.7607,43.6847],[25.76017,43.68778],[25.76537,43.68708],[25.76642,43.6877],[25.76747,43.68676],[25.77531,43.68783],[25.77465,43.68922],[25.77973,43.69095],[25.78234,43.69075],[25.78422,43.69284],[25.78717,43.6929],[25.79006,43.69652],[25.78825,43.69744],[25.79085,43.69972],[25.79343,43.69957],[25.79444,43.70144],[25.79646,43.70104],[25.79704,43.69891],[25.79414,43.69875],[25.79379,43.69819],[25.79479,43.69783],[25.79403,43.69672],[25.79689,43.69642],[25.79845,43.69873],[25.79806,43.70093],[25.80115,43.70538],[25.80057,43.70893],[25.80206,43.71085],[25.80139,43.71431],[25.79969,43.71374]]]},"properties":{"SiteCode":"BG0002024","SiteNameBG":"Рибарници Мечка","SiteType":"SPA","SiteArea":2582.3436999999999,"naturaClass":"spa"}},{"type":"Feature","geometry":{"type":"Polygon","coordinates":[[[25.94353,43.81019],[25.93873,43.81786],[25.93543,43.82006],[25.93357,43.81917],[25.93371,43.81836],[25.93697,43.8169],[25.93784,43.81397],[25.93965,43.8123],[25.94122,43.81194],[25.94197,43.8105],[25.93764,43.8097],[25.93712,43.80877],[25.93451,43.8103],[25.93032,43.8092],[25.92963,43.81005],[25.93453,43.8139],[25.93136,43.81606],[25.92997,43.81433],[25.92907,43.81456],[25.92785,43.81184],[25.9283,43.81462],[25.92754,43.81347],[25.92376,43.81439],[25.92187,43.81185],[25.91948,43.81093],[25.921,43.81006],[25.91982,43.80887],[25.92216,43.8082],[25.92219,43.80699],[25.92076,43.80546],[25.91913,43.80058],[25.91826,43.80075],[25.91668,43.79909],[25.91492,43.79949],[25.91293,43.79435],[25.91129,43.79326],[25.91043,43.79119],[25.90927,43.79142],[25.90879,43.79056],[25.91398,43.78934],[25.91829,43.79866],[25.92408,43.79939],[25.92405,43.79856],[25.92553,43.7999],[25.92625,43.79936],[25.92684,43.79991],[25.92641,43.80082],[25.92804,43.80067],[25.93019,43.8012],[25.93027,43.80073],[25.93317,43.80264],[25.93526,43.80242],[25.93638,43.80144],[25.93601,43.79752],[25.93283,43.79393],[25.92797,43.79325],[25.92304,43.78856],[25.92223,43.78874],[25.92219,43.78815],[25.92417,43.78817],[25.9242,43.78703],[25.92111,43.78475],[25.92569,43.78537],[25.92679,43.78256],[25.92963,43.7819],[25.92798,43.78213],[25.92762,43.77996],[25.9299,43.77876],[25.93389,43.78047],[25.93461,43.78017],[25.93532,43.7794],[25.9306,43.77793],[25.93164,43.77758],[25.93025,43.77592],[25.93099,43.77494],[25.9349,43.77647],[25.93632,43.77199],[25.93807,43.77069],[25.93756,43.76968],[25.9389,43.76971],[25.94025,43.76633],[25.94782,43.76761],[25.94809,43.7663],[25.94432,43.76291],[25.94205,43.76218],[25.94259,43.76097],[25.94671,43.76107],[25.94568,43.75281],[25.9424,43.74616],[25.93709,43.74192],[25.93787,43.73034],[25.94015,43.72517],[25.93679,43.72428],[25.9346,43.71923],[25.93496,43.71446],[25.9385,43.71084],[25.93882,43.70472],[25.93929,43.70649],[25.94211,43.70753],[25.94008,43.71175],[25.93725,43.71429],[25.9381,43.71471],[25.94031,43.71309],[25.94235,43.71363],[25.94921,43.71345],[25.95058,43.71696],[25.9522,43.71732],[25.95032,43.71804],[25.95011,43.71964],[25.95292,43.72072],[25.9589,43.72143],[25.96009,43.72074],[25.96012,43.71904],[25.95946,43.71719],[25.95801,43.71694],[25.95711,43.71465],[25.95792,43.71275],[25.95673,43.71195],[25.9598,43.70894],[25.96143,43.7091],[25.96006,43.70889],[25.96074,43.70663],[25.95781,43.70582],[25.96159,43.70627],[25.96156,43.70497],[25.96349,43.70528],[25.9642,43.70472],[25.95927,43.70043],[25.96101,43.69906],[25.95927,43.69835],[25.9614,43.6954],[25.96965,43.69565],[25.96978,43.6945],[25.96846,43.69423],[25.96924,43.69012],[25.97204,43.69104],[25.97299,43.69348],[25.97492,43.69421],[25.98598,43.69255],[25.98778,43.69127],[25.99314,43.69174],[25.99378,43.68743],[25.9959,43.68496],[25.99301,43.68341],[25.99151,43.67837],[25.99057,43.67858],[25.9906,43.67991],[25.98891,43.68135],[25.98714,43.68194],[25.98751,43.68006],[25.98616,43.68061],[25.98659,43.67707],[25.98156,43.67556],[25.9779,43.66772],[25.98466,43.66418],[25.98338,43.66297],[25.9839,43.66169],[25.98224,43.65933],[25.98294,43.65776],[25.98026,43.65712],[25.98004,43.65644],[25.99271,43.65707],[25.99095,43.65817],[25.98315,43.65775],[25.98535,43.66134],[25.99158,43.66005],[25.99041,43.66101],[25.98817,43.66133],[25.98787,43.66232],[25.99135,43.66198],[25.99146,43.66248],[25.99466,43.66168],[25.99614,43.66227],[25.99777,43.66123],[26.00015,43.65542],[25.99915,43.65379],[25.99796,43.65623],[25.99191,43.65338],[25.98058,43.65229],[25.98056,43.65158],[25.97817,43.65111],[25.97785,43.64993],[25.97213,43.64754],[25.97247,43.64621],[25.97075,43.6442],[25.96854,43.64315],[25.96936,43.63952],[25.97006,43.64199],[25.97188,43.64238],[25.97421,43.63725],[25.97495,43.63723],[25.9746,43.64245],[25.97343,43.64424],[25.9764,43.64837],[25.97744,43.64721],[25.97915,43.6472],[25.97871,43.64951],[25.98593,43.6506],[25.98136,43.64265],[25.98096,43.64052],[25.98258,43.64068],[25.98298,43.63847],[25.98412,43.63865],[25.98423,43.64284],[25.98661,43.64346],[25.98639,43.64672],[25.99105,43.6507],[25.99401,43.64843],[25.996,43.64849],[26.00114,43.64692],[25.99323,43.64195],[25.99504,43.63932],[25.99563,43.63961],[25.9945,43.64172],[25.99841,43.64412],[25.99986,43.64417],[25.99529,43.64173],[25.99611,43.63983],[25.99597,43.64186],[26.00006,43.64428],[26.00182,43.64469],[26.0027,43.64363],[26.00538,43.64312],[26.00485,43.64527],[26.00843,43.64618],[26.01256,43.6436],[26.00785,43.64251],[26.00426,43.6407],[26.00548,43.6404],[26.00668,43.638],[26.01128,43.63801],[26.01081,43.64052],[26.01385,43.64056],[26.01828,43.63674],[26.02057,43.63616],[26.01005,43.62493],[26.00853,43.62465],[26.00661,43.6254],[26.00603,43.62454],[26.00649,43.62308],[26.00559,43.62166],[26.00796,43.62086],[26.00982,43.61915],[26.00874,43.61771],[26.01086,43.61601],[26.00799,43.61395],[25.99765,43.61884],[25.99526,43.61793],[25.99052,43.62365],[25.98969,43.62347],[25.98631,43.62987],[25.98262,43.62874],[25.98238,43.63048],[25.98467,43.63442],[25.98334,43.63437],[25.98005,43.632],[25.98193,43.62828],[25.97807,43.62699],[25.97809,43.62932],[25.97563,43.62895],[25.97598,43.62733],[25.97421,43.62472],[25.97161,43.62475],[25.9715,43.62996],[25.96937,43.62914],[25.96955,43.62829],[25.96795,43.62439],[25.96445,43.62663],[25.96389,43.62226],[25.96016,43.62148],[25.96412,43.62096],[25.96485,43.6202],[25.96413,43.61864],[25.96009,43.61638],[25.96153,43.61554],[25.96379,43.61582],[25.96355,43.61483],[25.95727,43.61061],[25.95993,43.60724],[25.95846,43.60613],[25.95517,43.6085],[25.95431,43.61057],[25.95151,43.61126],[25.9524,43.61693],[25.94951,43.61663],[25.94562,43.61463],[25.94733,43.61222],[25.94456,43.61279],[25.94263,43.61098],[25.93952,43.61196],[25.93468,43.60729],[25.93653,43.60617],[25.9382,43.60727],[25.93978,43.60656],[25.94063,43.60714],[25.94204,43.60603],[25.9438,43.60721],[25.94446,43.60652],[25.94822,43.60995],[25.95012,43.60815],[25.94925,43.60731],[25.95331,43.60588],[25.95007,43.60369],[25.94943,43.60235],[25.95242,43.60367],[25.94896,43.60139],[25.95241,43.60221],[25.95385,43.60334],[25.95662,43.60269],[25.95648,43.59974],[25.95486,43.59803],[25.95488,43.59677],[25.95733,43.59649],[25.95939,43.5984],[25.96012,43.60093],[25.96182,43.60022],[25.96372,43.60051],[25.96528,43.59988],[25.96479,43.59922],[25.96884,43.59825],[25.96818,43.59755],[25.96398,43.59676],[25.96134,43.59446],[25.95888,43.5944],[25.95867,43.59503],[25.95644,43.59449],[25.95788,43.59339],[25.95692,43.59244],[25.95409,43.59313],[25.95291,43.59097],[25.95411,43.58885],[25.95192,43.58772],[25.9482,43.5942],[25.94135,43.59313],[25.94186,43.59689],[25.94124,43.59726],[25.93842,43.59605],[25.93503,43.59306],[25.93363,43.59013],[25.93692,43.59058],[25.93832,43.58946],[25.93741,43.58885],[25.93791,43.58848],[25.93604,43.58641],[25.93394,43.58503],[25.93373,43.58565],[25.93238,43.58531],[25.93099,43.58673],[25.92952,43.58678],[25.92996,43.58927],[25.92841,43.58878],[25.92765,43.59195],[25.92518,43.58896],[25.92401,43.5897],[25.92454,43.58791],[25.9232,43.58689],[25.91799,43.58475],[25.9207,43.58548],[25.91963,43.5846],[25.92054,43.58354],[25.92657,43.58535],[25.92471,43.58411],[25.92527,43.58358],[25.92431,43.58299],[25.92385,43.58061],[25.92702,43.58337],[25.92937,43.58292],[25.93017,43.58002],[25.93327,43.5781],[25.93082,43.57582],[25.93289,43.57433],[25.93683,43.57411],[25.93582,43.57235],[25.94119,43.57011],[25.94039,43.56864],[25.94396,43.56602],[25.94264,43.56372],[25.93768,43.56646],[25.93643,43.56801],[25.93566,43.56689],[25.93325,43.56715],[25.93222,43.56554],[25.93073,43.56562],[25.93668,43.56409],[25.93484,43.5635],[25.93956,43.56132],[25.94334,43.5607],[25.94275,43.55736],[25.9451,43.55677],[25.94758,43.55744],[25.94553,43.55322],[25.94011,43.55048],[25.9388,43.54902],[25.93913,43.54693],[25.94192,43.54457],[25.93703,43.54407],[25.93587,43.54539],[25.93066,43.5419],[25.93297,43.54202],[25.93181,43.54094],[25.93714,43.54346],[25.94416,43.54461],[25.94377,43.54272],[25.93594,43.53862],[25.93607,43.53572],[25.93701,43.53543],[25.93562,43.53382],[25.93006,43.53108],[25.93144,43.52384],[25.92968,43.52001],[25.9317,43.51972],[25.93003,43.51655],[25.93087,43.51561],[25.94158,43.51598],[25.9409,43.517],[25.93703,43.51674],[25.93554,43.51858],[25.93283,43.51716],[25.93266,43.51781],[25.93494,43.51934],[25.93387,43.51988],[25.93476,43.52053],[25.93421,43.52101],[25.93256,43.52061],[25.93319,43.5216],[25.93612,43.5224],[25.93614,43.52438],[25.94377,43.52507],[25.94388,43.52441],[25.9455,43.52457],[25.94593,43.52381],[25.94766,43.52427],[25.94748,43.5197],[25.94638,43.51948],[25.94756,43.51429],[25.9476,43.50814],[25.95441,43.50824],[25.9579,43.50426],[25.95684,43.50971],[25.95469,43.51318],[25.95332,43.51373],[25.95302,43.51945],[25.95428,43.52125],[25.95187,43.52127],[25.95237,43.52642],[25.95149,43.52779],[25.95276,43.52987],[25.95056,43.52805],[25.95195,43.53034],[25.95454,43.53197],[25.96134,43.533],[25.96177,43.53202],[25.96619,43.53406],[25.96544,43.53452],[25.96619,43.53512],[25.96384,43.53441],[25.9619,43.53478],[25.96166,43.53578],[25.9599,43.53508],[25.95869,43.53659],[25.95598,43.53609],[25.95718,43.53585],[25.9565,43.53365],[25.95259,43.53449],[25.95286,43.53651],[25.95556,43.53601],[25.9536,43.53842],[25.95402,43.5393],[25.95584,43.53986],[25.95697,43.53901],[25.95998,43.53872],[25.95995,43.5378],[25.9645,43.53925],[25.96215,43.53864],[25.96088,43.53931],[25.96283,43.54004],[25.9669,43.54042],[25.96955,43.5388],[25.9677,43.53827],[25.9674,43.53726],[25.96831,43.53778],[25.97027,43.53691],[25.97089,43.53821],[25.96643,43.54082],[25.96864,43.54078],[25.97089,43.54009],[25.98176,43.53189],[25.98268,43.52993],[25.98134,43.52747],[25.98194,43.52666],[25.98302,43.5277],[25.98251,43.52833],[25.98661,43.53087],[25.98044,43.53492],[25.98207,43.53617],[25.97866,43.53528],[25.97669,43.53634],[25.97881,43.53673],[25.97917,43.53772],[25.97659,43.53705],[25.97462,43.53767],[25.97599,43.5383],[25.97424,43.5385],[25.97576,43.54121],[25.97418,43.54077],[25.97429,43.54159],[25.97983,43.546],[25.96672,43.54442],[25.96885,43.54632],[25.96479,43.54536],[25.96264,43.5463],[25.96048,43.54497],[25.95838,43.54533],[25.96028,43.54686],[25.95947,43.54907],[25.96055,43.55076],[25.96973,43.55569],[25.96204,43.55433],[25.96222,43.55531],[25.96039,43.55514],[25.9619,43.55609],[25.95656,43.55588],[25.95628,43.55705],[25.95282,43.55783],[25.95587,43.56118],[25.95819,43.56564],[25.96056,43.56553],[25.96007,43.56205],[25.96146,43.5604],[25.96948,43.56089],[25.96821,43.5659],[25.97033,43.56627],[25.97252,43.56558],[25.97401,43.56177],[25.9744,43.56364],[25.97172,43.56759],[25.96194,43.56916],[25.96315,43.57268],[25.96148,43.57459],[25.96043,43.57427],[25.96,43.57584],[25.96175,43.57634],[25.96429,43.57984],[25.9683,43.57868],[25.96982,43.57609],[25.97247,43.57692],[25.97235,43.57793],[25.97575,43.57793],[25.9773,43.57683],[25.97591,43.57494],[25.97893,43.57422],[25.97902,43.57047],[25.98153,43.56999],[25.9842,43.57095],[25.98356,43.56708],[25.98704,43.56497],[25.98863,43.56528],[25.99732,43.56277],[26.00595,43.56608],[26.01001,43.56131],[26.00393,43.56068],[26.00754,43.56057],[26.00961,43.55962],[26.01154,43.55545],[26.00881,43.55368],[26.00924,43.55271],[26.00462,43.55073],[26.00393,43.54882],[26.01614,43.55476],[26.0131,43.55672],[26.01491,43.5581],[26.01352,43.55886],[26.01397,43.5606],[26.01748,43.56215],[26.02173,43.56157],[26.02252,43.56231],[26.02091,43.56398],[26.0274,43.56555],[26.02715,43.566],[26.02173,43.56494],[26.02762,43.56641],[26.01559,43.56463],[26.01524,43.56816],[26.0133,43.56775],[26.00945,43.57089],[26.01403,43.57422],[26.01442,43.58025],[26.01299,43.58003],[26.01187,43.57838],[26.01181,43.57589],[26.00898,43.57391],[26.00426,43.57323],[26.00823,43.57115],[26.00352,43.57152],[25.99937,43.57006],[25.99706,43.5719],[25.99397,43.57132],[25.99109,43.57225],[25.99611,43.57469],[25.99697,43.57396],[26.00112,43.57328],[26.00259,43.57496],[26.00328,43.57913],[26.00006,43.57925],[25.99901,43.58046],[25.99629,43.57886],[25.99242,43.57862],[25.98909,43.576],[25.98831,43.57625],[25.98856,43.57738],[25.9918,43.58185],[25.99047,43.5825],[25.99065,43.58364],[25.98426,43.58073],[25.98284,43.58155],[25.97351,43.58194],[25.97546,43.58316],[25.98881,43.58557],[25.98836,43.58673],[25.98581,43.58837],[25.98354,43.58889],[25.98344,43.58982],[25.98861,43.59048],[25.9954,43.58973],[25.99351,43.58514],[25.99571,43.58317],[25.99961,43.58318],[25.99964,43.58725],[26.00414,43.58724],[26.00326,43.58451],[26.01242,43.58433],[26.01212,43.59535],[26.01824,43.59538],[26.01831,43.58674],[26.01743,43.58466],[26.01631,43.58426],[26.01666,43.58308],[26.01777,43.58284],[26.02458,43.58603],[26.02298,43.58799],[26.02419,43.58978],[26.0241,43.59298],[26.02754,43.5915],[26.02738,43.58917],[26.03002,43.58602],[26.03103,43.58624],[26.02909,43.59014],[26.03009,43.59063],[26.03888,43.58908],[26.03672,43.58698],[26.03719,43.58605],[26.03909,43.58618],[26.0403,43.58833],[26.04479,43.58675],[26.04343,43.58771],[26.04405,43.58816],[26.04211,43.58956],[26.04134,43.58921],[26.04214,43.59002],[26.03927,43.59088],[26.0367,43.59394],[26.0372,43.59546],[26.03254,43.59368],[26.02888,43.59428],[26.02766,43.59555],[26.0307,43.60017],[26.02329,43.59677],[26.02165,43.59787],[26.02276,43.59987],[26.0223,43.6037],[26.02772,43.60615],[26.02835,43.60753],[26.02424,43.60541],[26.01793,43.60553],[26.01642,43.6071],[26.02074,43.61101],[26.02668,43.61341],[26.02614,43.61562],[26.02212,43.61677],[26.02038,43.61807],[26.02598,43.62102],[26.02479,43.61914],[26.02501,43.61768],[26.02921,43.61421],[26.03001,43.6094],[26.03105,43.60941],[26.03163,43.60843],[26.03115,43.60745],[26.03244,43.60869],[26.0338,43.6078],[26.03411,43.60878],[26.03633,43.60634],[26.03877,43.6056],[26.04367,43.60574],[26.04456,43.60438],[26.04374,43.60265],[26.04546,43.60303],[26.04704,43.6024],[26.04736,43.60554],[26.04527,43.60708],[26.04511,43.6091],[26.04137,43.60842],[26.03768,43.61078],[26.03335,43.61154],[26.03419,43.61408],[26.03693,43.61368],[26.05148,43.61511],[26.05923,43.61411],[26.0622,43.61522],[26.0631,43.61191],[26.06687,43.6119],[26.06732,43.60917],[26.07094,43.60783],[26.07103,43.60726],[26.06883,43.60638],[26.06742,43.6065],[26.06718,43.60531],[26.06528,43.60462],[26.06537,43.60356],[26.06892,43.6037],[26.06926,43.60148],[26.06507,43.59878],[26.06291,43.59857],[26.06304,43.59715],[26.06063,43.59637],[26.06043,43.59471],[26.06603,43.59433],[26.06601,43.59612],[26.06734,43.59764],[26.06912,43.59707],[26.07015,43.59821],[26.07219,43.59793],[26.07226,43.59724],[26.06063,43.58544],[26.05679,43.57976],[26.05744,43.5776],[26.05878,43.57752],[26.06031,43.57905],[26.06148,43.57843],[26.06089,43.57798],[26.06604,43.58076],[26.08293,43.58234],[26.08772,43.58137],[26.0904,43.57807],[26.09428,43.58242],[26.09234,43.5836],[26.09654,43.58466],[26.09994,43.58348],[26.11038,43.58195],[26.11188,43.58078],[26.11077,43.57751],[26.11933,43.57198],[26.12571,43.57428],[26.12838,43.57643],[26.12813,43.57861],[26.12964,43.57973],[26.13612,43.57761],[26.13643,43.57686],[26.13358,43.57629],[26.13164,43.5742],[26.1288,43.57281],[26.12695,43.56977],[26.12958,43.56629],[26.13478,43.5633],[26.13696,43.55777],[26.1341,43.54913],[26.13285,43.54912],[26.13023,43.54128],[26.12674,43.53993],[26.12647,43.53647],[26.12741,43.53482],[26.12558,43.5345],[26.12204,43.53905],[26.11574,43.54101],[26.11466,43.54547],[26.09284,43.54577],[26.09402,43.54675],[26.08849,43.54758],[26.08766,43.55003],[26.07973,43.54894],[26.08004,43.55254],[26.07559,43.55067],[26.07273,43.54605],[26.07131,43.54237],[26.06653,43.54435],[26.06757,43.54633],[26.0668,43.54715],[26.05889,43.55224],[26.05721,43.55188],[26.05673,43.55092],[26.06172,43.54854],[26.05868,43.54775],[26.05633,43.54799],[26.05604,43.54535],[26.05765,43.54498],[26.05795,43.54375],[26.06101,43.54478],[26.05939,43.54147],[26.0606,43.54152],[26.06085,43.54222],[26.06127,43.54162],[26.06186,43.54241],[26.06337,43.54224],[26.06366,43.54125],[26.06546,43.54158],[26.06721,43.53973],[26.07289,43.53672],[26.07202,43.53458],[26.06748,43.5348],[26.06816,43.53398],[26.0674,43.5315],[26.06691,43.53327],[26.06339,43.53254],[26.06323,43.53306],[26.06269,43.53245],[26.06154,43.53283],[26.0611,43.53228],[26.05847,43.53433],[26.05954,43.53183],[26.06399,43.52921],[26.06604,43.52988],[26.06797,43.52925],[26.06672,43.52786],[26.07168,43.52406],[26.07697,43.52743],[26.07668,43.52898],[26.09124,43.52999],[26.09611,43.52903],[26.09812,43.52751],[26.10522,43.52628],[26.10664,43.5266],[26.11093,43.52323],[26.10933,43.52504],[26.11113,43.52575],[26.11807,43.52043],[26.11352,43.52026],[26.11201,43.51758],[26.10898,43.51686],[26.1103,43.51613],[26.10931,43.51571],[26.10895,43.51416],[26.11542,43.51448],[26.11819,43.51171],[26.12025,43.51343],[26.11883,43.51071],[26.11941,43.5084],[26.12029,43.50857],[26.12101,43.51236],[26.1266,43.51565],[26.13062,43.51927],[26.13251,43.51928],[26.13335,43.51443],[26.13139,43.51378],[26.13439,43.5141],[26.1333,43.51569],[26.13421,43.51627],[26.13594,43.51596],[26.13741,43.51208],[26.1391,43.51322],[26.1388,43.51413],[26.14001,43.51261],[26.14015,43.51465],[26.1412,43.51337],[26.14322,43.51347],[26.14451,43.5151],[26.14728,43.51656],[26.1487,43.52004],[26.14813,43.51939],[26.14754,43.51974],[26.14588,43.51756],[26.14227,43.52349],[26.13947,43.5229],[26.13999,43.527],[26.14659,43.53129],[26.14943,43.53046],[26.14923,43.53137],[26.14604,43.53226],[26.14722,43.53283],[26.14791,43.5355],[26.1501,43.53632],[26.1472,43.53723],[26.14826,43.53868],[26.14999,43.53889],[26.14965,43.5395],[26.14708,43.53909],[26.14701,43.53971],[26.15043,43.54072],[26.14768,43.54072],[26.14833,43.54254],[26.15127,43.54238],[26.15501,43.5432],[26.15497,43.54389],[26.14729,43.54514],[26.14711,43.55016],[26.15352,43.54703],[26.15486,43.54815],[26.1537,43.54868],[26.15045,43.55403],[26.14735,43.55508],[26.14929,43.55671],[26.15321,43.55825],[26.15486,43.55742],[26.15654,43.55443],[26.15855,43.55509],[26.15829,43.56039],[26.15413,43.5623],[26.15854,43.56145],[26.16107,43.5591],[26.166,43.55937],[26.1647,43.55136],[26.16375,43.55017],[26.16552,43.54901],[26.16647,43.54945],[26.1676,43.54884],[26.16785,43.55055],[26.16961,43.55153],[26.16861,43.553],[26.16982,43.55551],[26.17601,43.55901],[26.17605,43.56004],[26.17948,43.56214],[26.17749,43.56405],[26.16242,43.5642],[26.16436,43.57174],[26.16077,43.57124],[26.1604,43.57229],[26.16355,43.57319],[26.16504,43.57471],[26.16514,43.57535],[26.15748,43.57299],[26.14996,43.57466],[26.15046,43.57566],[26.15869,43.57504],[26.16151,43.57611],[26.16448,43.57613],[26.16526,43.57539],[26.17005,43.57473],[26.17349,43.57693],[26.17867,43.57374],[26.18755,43.57657],[26.19143,43.57666],[26.19086,43.57583],[26.19397,43.57528],[26.19382,43.57449],[26.1959,43.57518],[26.19623,43.57451],[26.19784,43.57532],[26.19882,43.57322],[26.20074,43.57317],[26.20052,43.57079],[26.19924,43.57063],[26.20124,43.56929],[26.20226,43.56939],[26.2015,43.56859],[26.20035,43.56882],[26.20193,43.56819],[26.20232,43.56556],[26.20349,43.56524],[26.208,43.56657],[26.20983,43.56364],[26.20776,43.5619],[26.21118,43.56067],[26.21561,43.55639],[26.21701,43.55722],[26.21863,43.55538],[26.21754,43.55448],[26.22071,43.55173],[26.21871,43.54916],[26.2259,43.54488],[26.2294,43.54541],[26.23183,43.5437],[26.23248,43.54483],[26.23405,43.54536],[26.24051,43.54082],[26.23878,43.53771],[26.24062,43.53739],[26.2423,43.53771],[26.24212,43.53835],[26.24798,43.53757],[26.25108,43.53777],[26.25061,43.53832],[26.25801,43.53625],[26.2594,43.53805],[26.26111,43.53693],[26.26337,43.54125],[26.26514,43.5424],[26.26392,43.54266],[26.25748,43.54035],[26.25486,43.54055],[26.25014,43.54221],[26.25017,43.54452],[26.24674,43.54568],[26.24143,43.54411],[26.23724,43.54904],[26.23396,43.55001],[26.23205,43.54978],[26.22231,43.56031],[26.21449,43.56649],[26.21251,43.56876],[26.21339,43.56941],[26.20669,43.57105],[26.2081,43.57278],[26.21246,43.57177],[26.21344,43.57232],[26.20932,43.57579],[26.19987,43.57369],[26.19899,43.57553],[26.20068,43.57713],[26.19934,43.57824],[26.19627,43.57888],[26.18643,43.57894],[26.17947,43.57703],[26.17789,43.58079],[26.1794,43.58179],[26.17937,43.58266],[26.18249,43.58364],[26.18272,43.58474],[26.17894,43.5853],[26.17089,43.57922],[26.15943,43.57913],[26.15861,43.58133],[26.16058,43.58467],[26.15882,43.58489],[26.15862,43.58386],[26.15295,43.58377],[26.15237,43.58709],[26.15127,43.58726],[26.15655,43.5912],[26.15883,43.59156],[26.16003,43.59437],[26.14984,43.58733],[26.14892,43.58796],[26.14533,43.58733],[26.14505,43.58805],[26.14601,43.58848],[26.14413,43.5882],[26.14246,43.59009],[26.14049,43.59082],[26.13316,43.59046],[26.13066,43.59367],[26.13169,43.59611],[26.13073,43.59765],[26.13294,43.59905],[26.13291,43.60007],[26.1305,43.60157],[26.13279,43.60314],[26.13334,43.60496],[26.13155,43.61086],[26.12918,43.61342],[26.1262,43.6152],[26.11569,43.60745],[26.1038,43.61698],[26.10388,43.62382],[26.09382,43.62358],[26.08485,43.61933],[26.0781,43.62036],[26.07817,43.62267],[26.07643,43.6232],[26.0813,43.62601],[26.08319,43.62543],[26.08452,43.62642],[26.08349,43.62919],[26.08729,43.63508],[26.08969,43.63162],[26.08911,43.63047],[26.09089,43.62998],[26.09573,43.63073],[26.09836,43.62535],[26.09955,43.62591],[26.09913,43.62865],[26.10046,43.63024],[26.10243,43.6253],[26.10414,43.62561],[26.10207,43.62901],[26.10818,43.62947],[26.1087,43.62522],[26.11138,43.62471],[26.10838,43.6227],[26.11427,43.62064],[26.11584,43.62191],[26.11401,43.6227],[26.11317,43.62593],[26.11111,43.62707],[26.1112,43.62923],[26.11291,43.62947],[26.11434,43.62837],[26.11629,43.62994],[26.12166,43.62996],[26.12414,43.62671],[26.12284,43.62514],[26.12538,43.62714],[26.12764,43.62573],[26.12854,43.62361],[26.12442,43.61864],[26.12639,43.61769],[26.13041,43.62236],[26.13201,43.62056],[26.13304,43.62232],[26.13738,43.62206],[26.13706,43.62139],[26.13829,43.621],[26.13795,43.61806],[26.13523,43.61446],[26.1377,43.61348],[26.13734,43.61283],[26.13841,43.61252],[26.13996,43.6096],[26.13865,43.61441],[26.14092,43.61856],[26.13848,43.62175],[26.14189,43.62153],[26.13898,43.62214],[26.13785,43.6231],[26.13097,43.62323],[26.13071,43.62737],[26.12906,43.62581],[26.1217,43.63071],[26.12222,43.6316],[26.11914,43.63204],[26.1127,43.63181],[26.11319,43.63474],[26.11045,43.63332],[26.11261,43.63012],[26.11061,43.63051],[26.10918,43.6327],[26.10703,43.63241],[26.10765,43.63345],[26.10417,43.63347],[26.10541,43.63965],[26.10166,43.63669],[26.10186,43.63225],[26.09763,43.63221],[26.09693,43.63122],[26.10143,43.63059],[26.0997,43.63059],[26.09912,43.6296],[26.09788,43.62952],[26.09636,43.6311],[26.09307,43.63147],[26.0922,43.63247],[26.08967,43.63315],[26.08829,43.6354],[26.08605,43.63669],[26.0903,43.63837],[26.08781,43.63797],[26.08544,43.63857],[26.08691,43.63935],[26.0852,43.64685],[26.08621,43.64926],[26.08965,43.64828],[26.0911,43.64894],[26.0928,43.64712],[26.09132,43.6464],[26.09289,43.64477],[26.09838,43.64416],[26.10318,43.6416],[26.1046,43.64345],[26.10853,43.64109],[26.10957,43.64132],[26.10845,43.64417],[26.11123,43.64673],[26.11302,43.64547],[26.11179,43.64446],[26.1173,43.64461],[26.11804,43.64328],[26.1148,43.64057],[26.11899,43.63957],[26.12338,43.64014],[26.13089,43.63849],[26.13361,43.6359],[26.1387,43.63425],[26.14,43.63266],[26.15038,43.63206],[26.15483,43.63361],[26.15876,43.63328],[26.15495,43.62777],[26.15577,43.62756],[26.15768,43.62919],[26.15938,43.62873],[26.16043,43.63052],[26.16178,43.63036],[26.16278,43.62807],[26.162,43.62753],[26.16147,43.62263],[26.16303,43.62245],[26.16311,43.62348],[26.16473,43.6223],[26.16698,43.62393],[26.17061,43.6213],[26.16826,43.61959],[26.17071,43.61694],[26.16817,43.61509],[26.17016,43.61365],[26.1727,43.6155],[26.17401,43.6146],[26.17162,43.61282],[26.1736,43.61138],[26.16995,43.60873],[26.17119,43.60783],[26.16898,43.60632],[26.17158,43.60444],[26.17629,43.60786],[26.17545,43.60883],[26.17615,43.60839],[26.1784,43.61002],[26.17712,43.61095],[26.17835,43.61208],[26.17589,43.61386],[26.17769,43.61463],[26.17442,43.61684],[26.17293,43.61981],[26.17243,43.62158],[26.17324,43.62111],[26.17363,43.62157],[26.17379,43.62336],[26.17292,43.62778],[26.16958,43.63016],[26.16474,43.6311],[26.16466,43.63356],[26.16245,43.63387],[26.16773,43.6422],[26.16885,43.64064],[26.17278,43.6397],[26.17363,43.64007],[26.16882,43.64341],[26.17046,43.64605],[26.17347,43.64609],[26.17326,43.64826],[26.17434,43.64905],[26.18097,43.65009],[26.19033,43.64069],[26.1942,43.63823],[26.197,43.64072],[26.20043,43.63958],[26.20405,43.63725],[26.20625,43.63525],[26.2042,43.63109],[26.20528,43.63087],[26.20676,43.63183],[26.21081,43.63008],[26.20826,43.62916],[26.20856,43.62865],[26.21271,43.62897],[26.21551,43.6276],[26.21585,43.62622],[26.2133,43.62348],[26.21341,43.62595],[26.21165,43.62169],[26.21416,43.61656],[26.2162,43.61714],[26.23036,43.61296],[26.21796,43.61676],[26.22431,43.61606],[26.22427,43.61675],[26.22604,43.61676],[26.22632,43.61601],[26.22881,43.61673],[26.2245,43.61736],[26.22148,43.61674],[26.21838,43.61739],[26.21396,43.62127],[26.21832,43.62218],[26.21925,43.62077],[26.21811,43.61933],[26.21848,43.61816],[26.22121,43.61763],[26.22099,43.61921],[26.22274,43.61926],[26.22063,43.61973],[26.22285,43.61961],[26.22282,43.62007],[26.22054,43.62259],[26.22271,43.62075],[26.22345,43.62151],[26.22094,43.62308],[26.21917,43.62869],[26.22492,43.6304],[26.2281,43.63295],[26.23894,43.63762],[26.25219,43.63234],[26.2492,43.62878],[26.25406,43.63161],[26.25846,43.63038],[26.26913,43.63032],[26.2711,43.62815],[26.27747,43.62558],[26.27793,43.624],[26.27544,43.61888],[26.28169,43.61728],[26.2827,43.61481],[26.28372,43.61787],[26.28328,43.61872],[26.2809,43.61922],[26.27983,43.6218],[26.28055,43.62501],[26.28429,43.62414],[26.28306,43.62959],[26.28446,43.63433],[26.28935,43.63367],[26.28946,43.6282],[26.291,43.62819],[26.29099,43.62448],[26.2973,43.62591],[26.2992,43.62321],[26.29777,43.62097],[26.29917,43.61537],[26.30031,43.61416],[26.29972,43.61286],[26.30249,43.60972],[26.30255,43.60789],[26.29917,43.6075],[26.29731,43.60653],[26.2878,43.5993],[26.28503,43.59864],[26.2841,43.59898],[26.28856,43.60277],[26.28583,43.60285],[26.28348,43.5998],[26.27926,43.59992],[26.27926,43.60049],[26.27662,43.60071],[26.27616,43.60135],[26.27493,43.60035],[26.26813,43.59912],[26.26931,43.60127],[26.26763,43.6013],[26.26771,43.60067],[26.25397,43.59772],[26.25066,43.59889],[26.24977,43.59803],[26.25484,43.59622],[26.26562,43.59845],[26.27845,43.59898],[26.28226,43.59707],[26.27871,43.59735],[26.28097,43.5966],[26.28254,43.59408],[26.28311,43.59568],[26.2846,43.59488],[26.2905,43.59583],[26.29597,43.59412],[26.29605,43.5953],[26.29694,43.59531],[26.29783,43.59419],[26.30111,43.59286],[26.30374,43.58798],[26.30687,43.58521],[26.31532,43.58924],[26.31846,43.58333],[26.31806,43.58588],[26.32057,43.58807],[26.31497,43.59163],[26.31572,43.5966],[26.32111,43.59759],[26.32575,43.60061],[26.32893,43.59723],[26.33712,43.59347],[26.3387,43.59189],[26.33711,43.59366],[26.32919,43.59783],[26.32871,43.59913],[26.3371,43.60815],[26.33488,43.61337],[26.33287,43.6117],[26.33103,43.61931],[26.33011,43.61907],[26.32824,43.62051],[26.32672,43.62302],[26.34599,43.63245],[26.35053,43.63204],[26.35055,43.63127],[26.35269,43.63093],[26.35474,43.6296],[26.35375,43.62798],[26.35223,43.62749],[26.35043,43.62425],[26.35297,43.62199],[26.34772,43.6189],[26.34847,43.61765],[26.35167,43.61831],[26.35232,43.61736],[26.35427,43.61797],[26.3551,43.61631],[26.36301,43.61529],[26.36542,43.61359],[26.36118,43.61213],[26.36079,43.61135],[26.35632,43.61113],[26.34583,43.60532],[26.35095,43.60055],[26.35948,43.5956],[26.3526,43.5949],[26.35244,43.59357],[26.35389,43.59265],[26.35657,43.59303],[26.35704,43.59245],[26.35902,43.59402],[26.366,43.59657],[26.36909,43.59607],[26.36948,43.59701],[26.37144,43.59693],[26.36897,43.59753],[26.36889,43.59869],[26.36615,43.59843],[26.36362,43.59706],[26.36588,43.60026],[26.36852,43.60141],[26.37207,43.5999],[26.37044,43.60226],[26.37136,43.60167],[26.37241,43.60255],[26.37305,43.60188],[26.37384,43.60253],[26.37508,43.60198],[26.37846,43.60286],[26.37804,43.60383],[26.37886,43.60397],[26.38057,43.60299],[26.38264,43.60308],[26.38425,43.6013],[26.38182,43.59802],[26.38323,43.59814],[26.38379,43.59497],[26.38771,43.59491],[26.38716,43.59409],[26.38921,43.59342],[26.39099,43.59541],[26.39242,43.59508],[26.3927,43.59315],[26.39651,43.59395],[26.39723,43.59234],[26.39896,43.59264],[26.39964,43.58929],[26.40068,43.58947],[26.40109,43.58843],[26.40412,43.58896],[26.40331,43.59131],[26.40514,43.59221],[26.40592,43.5901],[26.40862,43.5878],[26.41025,43.58689],[26.41245,43.58698],[26.41819,43.58256],[26.41769,43.5818],[26.41997,43.58069],[26.42153,43.57626],[26.42111,43.57483],[26.42547,43.57357],[26.42889,43.57593],[26.42725,43.57639],[26.43306,43.57974],[26.43131,43.57954],[26.41903,43.58567],[26.41853,43.58715],[26.41981,43.58882],[26.42229,43.58881],[26.42186,43.59051],[26.41091,43.59011],[26.41161,43.5895],[26.41074,43.58941],[26.40835,43.59137],[26.4112,43.59319],[26.40571,43.59499],[26.40546,43.59616],[26.40326,43.59638],[26.40201,43.59778],[26.40329,43.59899],[26.3977,43.59786],[26.39537,43.59821],[26.39823,43.59984],[26.39577,43.60176],[26.39218,43.60008],[26.39003,43.60175],[26.39625,43.60665],[26.40192,43.60371],[26.41778,43.60443],[26.41651,43.60382],[26.41677,43.60166],[26.41842,43.60188],[26.4211,43.59315],[26.42636,43.59416],[26.42782,43.58988],[26.44458,43.59036],[26.44617,43.58956],[26.44859,43.58958],[26.45176,43.59142],[26.4517,43.59472],[26.44617,43.60243],[26.43847,43.60156],[26.43501,43.60725],[26.43595,43.60845],[26.43853,43.6087],[26.43786,43.61201],[26.43877,43.61403],[26.44299,43.61566],[26.44637,43.61216],[26.4466,43.61387],[26.44787,43.61169],[26.44897,43.61336],[26.44759,43.61499],[26.44973,43.61445],[26.45041,43.61517],[26.44745,43.61718],[26.44513,43.6175],[26.4448,43.61837],[26.43937,43.61989],[26.43578,43.62927],[26.44528,43.62936],[26.44591,43.62754],[26.44711,43.62707],[26.44722,43.63029],[26.44894,43.63064],[26.4542,43.62893],[26.45666,43.63029],[26.45649,43.62443],[26.45709,43.6249],[26.46413,43.6236],[26.46361,43.6313],[26.47268,43.63123],[26.47119,43.6334],[26.46699,43.63344],[26.46657,43.63544],[26.46455,43.6331],[26.46099,43.63432],[26.4619,43.64011],[26.46514,43.64273],[26.46791,43.64829],[26.46433,43.65065],[26.46691,43.64725],[26.46437,43.64461],[26.46414,43.64283],[26.45917,43.63999],[26.45973,43.63424],[26.45843,43.63313],[26.45627,43.63278],[26.45689,43.63139],[26.45312,43.6307],[26.45211,43.63126],[26.45113,43.63033],[26.45043,43.63333],[26.45251,43.6382],[26.45159,43.63845],[26.44998,43.63269],[26.44772,43.63191],[26.44583,43.63264],[26.43958,43.63184],[26.43915,43.63254],[26.4375,43.63258],[26.43815,43.63479],[26.43666,43.63472],[26.43654,43.63529],[26.4375,43.63817],[26.44041,43.64056],[26.44072,43.6427],[26.44373,43.64307],[26.44194,43.64338],[26.44038,43.64639],[26.43937,43.6465],[26.44152,43.64819],[26.44344,43.64829],[26.44371,43.65207],[26.44133,43.65145],[26.43992,43.64947],[26.43808,43.64869],[26.43729,43.65019],[26.43785,43.65277],[26.43373,43.65145],[26.43084,43.64394],[26.42828,43.64101],[26.4169,43.6374],[26.41547,43.6392],[26.40929,43.63836],[26.4042,43.63402],[26.39619,43.63303],[26.3935,43.63398],[26.39161,43.63715],[26.38943,43.63875],[26.39114,43.6411],[26.39007,43.64186],[26.38808,43.64141],[26.38674,43.64249],[26.38581,43.63943],[26.3842,43.63883],[26.38329,43.64336],[26.3787,43.64491],[26.38018,43.64292],[26.38064,43.64343],[26.38241,43.64309],[26.38198,43.63696],[26.3827,43.63562],[26.3892,43.63481],[26.38792,43.63441],[26.38989,43.63429],[26.3869,43.63299],[26.38974,43.634],[26.39219,43.63031],[26.38958,43.62585],[26.38597,43.62447],[26.3902,43.62543],[26.39454,43.63067],[26.39841,43.63072],[26.39852,43.63022],[26.39578,43.62581],[26.3968,43.6255],[26.39522,43.6224],[26.38979,43.62289],[26.37376,43.62038],[26.37307,43.61893],[26.37046,43.61942],[26.37131,43.62308],[26.37011,43.6229],[26.37001,43.62359],[26.37503,43.62483],[26.37439,43.62625],[26.37853,43.62894],[26.3747,43.63146],[26.37355,43.6338],[26.3702,43.63436],[26.36922,43.6354],[26.36981,43.63683],[26.36725,43.63711],[26.36648,43.63787],[26.36658,43.63956],[26.36531,43.6401],[26.36393,43.64245],[26.36696,43.64273],[26.3654,43.64384],[26.36685,43.64416],[26.36647,43.64537],[26.36373,43.64485],[26.36364,43.64574],[26.36017,43.64536],[26.35939,43.6462],[26.36016,43.646],[26.35986,43.64674],[26.36082,43.64725],[26.35245,43.64835],[26.35254,43.64898],[26.35117,43.64913],[26.34984,43.64878],[26.34845,43.64705],[26.34676,43.64747],[26.34547,43.64863],[26.34441,43.65274],[26.34085,43.65374],[26.33543,43.64893],[26.32966,43.64817],[26.3314,43.64764],[26.33196,43.64608],[26.33126,43.64553],[26.33281,43.6441],[26.33055,43.64428],[26.32905,43.64596],[26.32568,43.64623],[26.32459,43.64708],[26.32573,43.64852],[26.32906,43.64823],[26.32954,43.64884],[26.32525,43.64891],[26.32776,43.65185],[26.32426,43.6493],[26.32298,43.65042],[26.32389,43.65113],[26.32419,43.65369],[26.32547,43.65375],[26.32445,43.65678],[26.32191,43.65834],[26.32587,43.6612],[26.32564,43.66214],[26.32409,43.66247],[26.32432,43.66155],[26.32113,43.66097],[26.32073,43.66258],[26.32335,43.66288],[26.32294,43.66373],[26.32497,43.66236],[26.32068,43.66955],[26.31601,43.67181],[26.31347,43.67439],[26.31329,43.68175],[26.3119,43.68722],[26.31287,43.69009],[26.30093,43.68654],[26.29712,43.68463],[26.29208,43.69412],[26.29688,43.69562],[26.29668,43.69774],[26.28608,43.69961],[26.2862,43.6981],[26.28755,43.698],[26.2864,43.69727],[26.28275,43.69788],[26.27973,43.69588],[26.27919,43.69626],[26.27572,43.69117],[26.27274,43.69008],[26.27495,43.69007],[26.27586,43.68907],[26.27411,43.68778],[26.27526,43.68426],[26.27081,43.68499],[26.27009,43.68409],[26.2686,43.68464],[26.26849,43.68382],[26.26417,43.68334],[26.25043,43.67587],[26.24043,43.68269],[26.24286,43.68441],[26.24019,43.68726],[26.24212,43.68463],[26.24063,43.68338],[26.23762,43.68272],[26.23643,43.68158],[26.23467,43.68262],[26.23772,43.68493],[26.23869,43.68679],[26.23669,43.68598],[26.23772,43.6858],[26.23541,43.68378],[26.23187,43.68302],[26.23154,43.6796],[26.22745,43.68031],[26.22904,43.67729],[26.2291,43.67359],[26.22873,43.67131],[26.22657,43.67098],[26.23057,43.66908],[26.22901,43.66689],[26.22504,43.66535],[26.22665,43.66819],[26.22577,43.66941],[26.22447,43.6677],[26.22258,43.66811],[26.22413,43.66269],[26.22318,43.66227],[26.21906,43.66286],[26.21963,43.66817],[26.21318,43.66457],[26.20804,43.67611],[26.20546,43.67739],[26.20387,43.67937],[26.2044,43.67996],[26.20163,43.68198],[26.20357,43.68298],[26.20307,43.68354],[26.19663,43.68259],[26.19644,43.68145],[26.1984,43.67907],[26.19096,43.67847],[26.18953,43.67584],[26.1844,43.67686],[26.18524,43.67915],[26.17789,43.68085],[26.17509,43.68112],[26.17289,43.67965],[26.17028,43.67939],[26.16742,43.68289],[26.16633,43.68291],[26.16126,43.67546],[26.16078,43.67318],[26.16283,43.67254],[26.16328,43.67335],[26.16445,43.6726],[26.16397,43.67482],[26.16476,43.67493],[26.16484,43.67413],[26.16595,43.67405],[26.16573,43.67126],[26.1686,43.67068],[26.16967,43.67392],[26.17145,43.67338],[26.1713,43.675],[26.17283,43.67516],[26.17363,43.67366],[26.17177,43.67292],[26.17336,43.67256],[26.1757,43.67767],[26.1791,43.67759],[26.17929,43.67646],[26.18224,43.6781],[26.18368,43.67642],[26.18431,43.6766],[26.18403,43.67499],[26.18527,43.67453],[26.18548,43.67287],[26.18231,43.67062],[26.18152,43.6716],[26.18216,43.67228],[26.17877,43.67158],[26.17892,43.67106],[26.18104,43.6713],[26.17926,43.66872],[26.18075,43.66687],[26.17175,43.66638],[26.17357,43.66422],[26.17286,43.66407],[26.17353,43.66266],[26.17189,43.6627],[26.17104,43.66154],[26.16928,43.66296],[26.17064,43.66465],[26.16857,43.66385],[26.17012,43.66651],[26.16463,43.66836],[26.16513,43.6689],[26.16376,43.66957],[26.16419,43.66886],[26.16348,43.66883],[26.16303,43.66817],[26.16081,43.6689],[26.16045,43.66833],[26.15887,43.66995],[26.1573,43.66848],[26.15458,43.67031],[26.15284,43.67299],[26.14798,43.67473],[26.1469,43.67273],[26.13677,43.67202],[26.13431,43.67451],[26.13455,43.67532],[26.13208,43.6755],[26.13184,43.68075],[26.13064,43.68099],[26.13074,43.6827],[26.1289,43.67201],[26.12588,43.67356],[26.1241,43.67323],[26.12326,43.67157],[26.11942,43.67099],[26.11942,43.67025],[26.11828,43.67077],[26.11813,43.67325],[26.11636,43.67324],[26.11651,43.66955],[26.11795,43.66813],[26.11317,43.66641],[26.11032,43.66689],[26.10927,43.66586],[26.11014,43.66396],[26.10903,43.66349],[26.1088,43.66232],[26.1066,43.66174],[26.10259,43.66187],[26.10027,43.66502],[26.10679,43.66983],[26.1075,43.67268],[26.10717,43.67417],[26.10108,43.67603],[26.10164,43.67978],[26.10045,43.68117],[26.0993,43.68104],[26.09804,43.67962],[26.09869,43.67656],[26.09589,43.67657],[26.09591,43.67915],[26.08628,43.67526],[26.09005,43.67307],[26.08725,43.67012],[26.08778,43.66903],[26.08691,43.66735],[26.08461,43.66661],[26.08376,43.66903],[26.07972,43.67427],[26.07286,43.67178],[26.07217,43.67297],[26.07706,43.67512],[26.07282,43.67579],[26.06735,43.67476],[26.06398,43.67347],[26.06499,43.67288],[26.06414,43.67233],[26.0622,43.67228],[26.04999,43.67531],[26.04864,43.67375],[26.04188,43.67444],[26.04148,43.67492],[26.04305,43.67634],[26.03834,43.6755],[26.03978,43.6773],[26.0367,43.67605],[26.03267,43.67553],[26.03004,43.67871],[26.02585,43.67844],[26.02486,43.68075],[26.02838,43.68239],[26.02411,43.68255],[26.02335,43.68317],[26.0262,43.68513],[26.02662,43.68673],[26.02246,43.68488],[26.02137,43.68524],[26.02132,43.68919],[26.02394,43.68867],[26.02645,43.68946],[26.02399,43.69062],[26.02542,43.69384],[26.01973,43.69039],[26.01779,43.68791],[26.01178,43.68704],[26.0112,43.68729],[26.01277,43.68885],[26.0124,43.6894],[26.00866,43.68801],[26.00559,43.68847],[26.00411,43.68978],[26.00515,43.6915],[26.00343,43.69273],[26.00332,43.69464],[25.99757,43.69948],[25.99941,43.70077],[25.99302,43.70477],[25.99194,43.70755],[25.99503,43.70979],[25.99877,43.71419],[26.0036,43.71761],[26.00413,43.72033],[26.00529,43.72081],[26.00382,43.72475],[26.00142,43.72596],[26.01035,43.72635],[26.01014,43.72476],[26.01458,43.72341],[26.01087,43.72154],[26.01007,43.72019],[26.0113,43.72025],[26.01133,43.71877],[26.01013,43.71546],[26.00834,43.71459],[26.0074,43.71298],[26.01301,43.70832],[26.01305,43.70732],[26.00982,43.70601],[26.01051,43.70196],[26.01382,43.70211],[26.01348,43.70336],[26.0161,43.70374],[26.01571,43.70514],[26.0131,43.70476],[26.01333,43.70678],[26.01417,43.70719],[26.01587,43.70708],[26.01622,43.70866],[26.01103,43.71222],[26.01141,43.71275],[26.01375,43.71209],[26.01163,43.71299],[26.0121,43.71333],[26.01639,43.71172],[26.01634,43.71342],[26.01327,43.71485],[26.01308,43.71852],[26.01472,43.71985],[26.02201,43.71741],[26.02151,43.71662],[26.0232,43.71598],[26.02307,43.71534],[26.02658,43.71519],[26.02663,43.7049],[26.02744,43.70308],[26.03239,43.69932],[26.03632,43.69422],[26.03557,43.68964],[26.03692,43.68635],[26.04063,43.68492],[26.05093,43.68364],[26.04392,43.68738],[26.04225,43.68679],[26.04128,43.68773],[26.03852,43.68738],[26.0392,43.69255],[26.04047,43.69243],[26.04009,43.69537],[26.04294,43.69786],[26.04356,43.69989],[26.04075,43.69978],[26.04001,43.70044],[26.03682,43.70075],[26.03716,43.7059],[26.03601,43.70588],[26.03578,43.70765],[26.03473,43.7072],[26.03187,43.70929],[26.03414,43.71051],[26.03335,43.71127],[26.0386,43.71037],[26.04074,43.71141],[26.03818,43.71278],[26.03305,43.71351],[26.03173,43.716],[26.0299,43.7147],[26.02946,43.71631],[26.03136,43.71731],[26.02864,43.72046],[26.03297,43.72157],[26.03816,43.72119],[26.03842,43.72176],[26.04121,43.72112],[26.04109,43.72373],[26.03943,43.72293],[26.03741,43.72388],[26.03644,43.72524],[26.0371,43.72682],[26.03021,43.72678],[26.03015,43.73062],[26.02813,43.73399],[26.02257,43.73324],[26.02184,43.73522],[26.02646,43.73588],[26.02459,43.73726],[26.02299,43.73715],[26.01799,43.74033],[26.01773,43.741],[26.01966,43.74173],[26.01863,43.74361],[26.01684,43.74256],[26.01498,43.74316],[26.01443,43.74157],[26.01116,43.74083],[26.01168,43.73966],[26.00875,43.73925],[26.00679,43.73951],[26.00759,43.74311],[26.00562,43.74354],[26.00423,43.74167],[26.00549,43.74059],[26.0048,43.73911],[25.99877,43.73893],[25.99675,43.74051],[25.99554,43.74301],[25.99579,43.73883],[25.99458,43.74343],[25.9931,43.74282],[25.99403,43.74383],[25.99218,43.74267],[25.99007,43.74612],[25.98885,43.74572],[25.98795,43.74405],[25.98803,43.73889],[25.9817,43.73864],[25.98325,43.73572],[25.98132,43.73353],[25.97844,43.73287],[25.97571,43.73405],[25.97869,43.73471],[25.97484,43.73587],[25.97537,43.73732],[25.98015,43.73822],[25.97997,43.73887],[25.97386,43.73935],[25.97274,43.74026],[25.97399,43.74467],[25.9764,43.74438],[25.97778,43.74338],[25.98319,43.74375],[25.98382,43.74444],[25.97987,43.7443],[25.97937,43.74597],[25.98069,43.7461],[25.98216,43.74858],[25.9824,43.75138],[25.98438,43.7546],[25.98093,43.75374],[25.98034,43.75649],[25.97856,43.75598],[25.97627,43.76146],[25.97359,43.76086],[25.97287,43.76255],[25.97162,43.76231],[25.97053,43.76347],[25.96856,43.76333],[25.96775,43.76509],[25.96751,43.76296],[25.96606,43.76175],[25.96309,43.76075],[25.96083,43.76097],[25.95918,43.7628],[25.95978,43.76493],[25.96208,43.7665],[25.9573,43.76854],[25.95645,43.76687],[25.9522,43.76504],[25.9493,43.7677],[25.94875,43.77199],[25.94556,43.77051],[25.94494,43.7724],[25.94616,43.77369],[25.94343,43.77392],[25.94171,43.77356],[25.94226,43.77559],[25.94116,43.77571],[25.93994,43.77734],[25.94115,43.7779],[25.93766,43.78198],[25.93687,43.78153],[25.93744,43.78214],[25.93352,43.78376],[25.93397,43.78289],[25.93141,43.78414],[25.93038,43.78586],[25.93155,43.78612],[25.93005,43.78703],[25.93219,43.79178],[25.93171,43.79311],[25.93443,43.79352],[25.93721,43.79662],[25.93699,43.80133],[25.93446,43.80314],[25.9279,43.80097],[25.92701,43.80298],[25.92837,43.8056],[25.93307,43.80772],[25.93636,43.80803],[25.93791,43.80712],[25.93881,43.80774],[25.93914,43.80699],[25.94186,43.80674],[25.94353,43.81019]],[[25.99814,43.7286],[25.99813,43.73165],[26.00033,43.73556],[26.00777,43.7362],[26.00821,43.73831],[26.01123,43.73847],[26.01437,43.73967],[26.01361,43.73906],[26.01599,43.73578],[26.02002,43.73474],[26.02129,43.73237],[26.02261,43.73213],[26.02115,43.73076],[26.02613,43.72814],[26.02572,43.72755],[26.02691,43.72662],[26.02959,43.7258],[26.01667,43.72114],[26.01332,43.72125],[26.01331,43.72199],[26.01678,43.72258],[26.01765,43.72428],[26.01647,43.7253],[26.01554,43.72498],[26.01601,43.72621],[26.01454,43.7254],[26.0133,43.72571],[26.01394,43.72623],[26.01301,43.7269],[26.0132,43.72846],[26.012,43.72799],[26.00983,43.72911],[26.01098,43.73071],[26.01009,43.73306],[26.0068,43.73093],[26.00867,43.73098],[26.00895,43.72877],[26.00421,43.72831],[26.00364,43.72888],[26.00011,43.72803],[25.99814,43.7286]],[[26.09459,43.54433],[26.09469,43.54078],[26.09018,43.5392],[26.09008,43.53831],[26.09122,43.53829],[26.08797,43.53729],[26.08812,43.5366],[26.0868,43.536],[26.08862,43.53054],[26.08434,43.53041],[26.08454,43.53203],[26.08382,43.53207],[26.08324,43.53071],[26.07794,43.53088],[26.07806,43.5343],[26.08334,43.53481],[26.07959,43.5365],[26.07917,43.53815],[26.08089,43.53853],[26.0806,43.53991],[26.07763,43.54042],[26.07864,43.54307],[26.08641,43.54229],[26.08351,43.54268],[26.08475,43.54425],[26.09269,43.54516],[26.09459,43.54433]],[[26.07248,43.53276],[26.07119,43.53234],[26.0703,43.53421],[26.07248,43.53276]]]},"properties":{"SiteCode":"BG0002025","SiteNameBG":"Ломовете","SiteType":"SPA","SiteArea":33451.321900000003,"naturaClass":"spa"}},{"type":"Feature","geometry":{"type":"Polygon","coordinates":[[[26.67794,42.08649],[26.67959,42.08202],[26.67865,42.0798],[26.67311,42.07924],[26.66959,42.0779],[26.67112,42.07677],[26.67076,42.07538],[26.66851,42.07247],[26.66505,42.07072],[26.66329,42.06858],[26.65968,42.06975],[26.65623,42.07337],[26.65541,42.07342],[26.65479,42.0722],[26.64518,42.07407],[26.64429,42.07706],[26.64612,42.07743],[26.64425,42.07925],[26.63485,42.08245],[26.63196,42.0847],[26.63021,42.08387],[26.62666,42.0838],[26.62321,42.08186],[26.61984,42.07832],[26.61805,42.07827],[26.61699,42.07978],[26.61319,42.08189],[26.60589,42.08326],[26.60316,42.08538],[26.59794,42.0871],[26.59716,42.08868],[26.59892,42.08895],[26.60085,42.09047],[26.59941,42.0944],[26.60106,42.09498],[26.60351,42.09839],[26.60729,42.1003],[26.60772,42.10728],[26.60622,42.10802],[26.60594,42.10875],[26.60757,42.10975],[26.60712,42.11067],[26.60589,42.11042],[26.60662,42.10968],[26.60418,42.10823],[26.6007,42.10956],[26.60073,42.11024],[26.59762,42.1107],[26.5983,42.11345],[26.59412,42.11338],[26.58578,42.10991],[26.57921,42.10618],[26.58141,42.09865],[26.58842,42.09235],[26.58807,42.0878],[26.59041,42.08438],[26.59244,42.07488],[26.57866,42.06366],[26.57925,42.06328],[26.57405,42.05807],[26.57592,42.05472],[26.57373,42.0535],[26.57102,42.05362],[26.56945,42.05162],[26.57049,42.04913],[26.57188,42.04847],[26.57167,42.04741],[26.57313,42.04755],[26.57442,42.0441],[26.57539,42.04409],[26.57521,42.04236],[26.57159,42.04297],[26.57113,42.04248],[26.57198,42.04206],[26.57379,42.03738],[26.57188,42.03502],[26.57521,42.03218],[26.57418,42.03036],[26.57495,42.02686],[26.57802,42.02374],[26.57823,42.02201],[26.58187,42.02112],[26.58403,42.01956],[26.57709,42.0196],[26.57767,42.01741],[26.57541,42.01537],[26.57822,42.01487],[26.577,42.01466],[26.57952,42.0103],[26.57942,42.009],[26.5748,42.00543],[26.5771,42.00645],[26.57764,42.00603],[26.58131,42.00681],[26.58149,42.00778],[26.58281,42.00782],[26.58316,42.00711],[26.58349,42.00776],[26.5828,42.00538],[26.58428,42.00125],[26.58566,41.9999],[26.58331,41.99819],[26.58276,41.99458],[26.58088,41.99459],[26.58069,41.99212],[26.57863,41.99002],[26.57978,41.98897],[26.57831,41.98746],[26.57733,41.98712],[26.57627,41.98845],[26.57516,41.9884],[26.57336,41.98611],[26.57166,41.98559],[26.56601,41.98575],[26.55972,41.98309],[26.55589,41.98346],[26.55252,41.98055],[26.55428,41.97938],[26.55383,41.97874],[26.55395,41.97673],[26.55546,41.97629],[26.55228,41.9759],[26.55083,41.97347],[26.55203,41.97196],[26.55431,41.97172],[26.56465,41.97459],[26.56684,41.97441],[26.56905,41.96985],[26.57112,41.96845],[26.57041,41.96746],[26.57235,41.96798],[26.57236,41.96498],[26.56998,41.96137],[26.57213,41.95711],[26.57969,41.95605],[26.58452,41.95897],[26.58525,41.95645],[26.58882,41.95788],[26.59217,41.95613],[26.59195,41.95406],[26.59404,41.95494],[26.59451,41.95447],[26.59693,41.95585],[26.59593,41.95427],[26.59664,41.95343],[26.61856,41.96568],[26.61843,41.96832],[26.6203,41.96958],[26.62049,41.97272],[26.62278,41.97637],[26.62131,41.97821],[26.62385,41.97954],[26.62735,41.97758],[26.63227,41.97606],[26.63417,41.97622],[26.63656,41.97301],[26.63936,41.97277],[26.64092,41.97186],[26.64632,41.97285],[26.65788,41.97015],[26.6582,41.96916],[26.66041,41.96873],[26.66156,41.96729],[26.66275,41.96733],[26.6681,41.96459],[26.67088,41.96757],[26.67399,41.96925],[26.67872,41.96802],[26.67907,41.97102],[26.6807,41.96794],[26.68438,41.96738],[26.68661,41.96886],[26.69,41.96883],[26.69283,41.96598],[26.69957,41.96647],[26.70221,41.96619],[26.70352,41.96509],[26.70484,41.96598],[26.70748,41.96627],[26.71072,41.96835],[26.7138,41.96821],[26.72196,41.96385],[26.72775,41.96218],[26.72853,41.96085],[26.74329,41.9611],[26.74409,41.96012],[26.74764,41.96034],[26.75034,41.95799],[26.7538,41.95843],[26.75555,41.96119],[26.75721,41.96756],[26.75929,41.97012],[26.76304,41.96931],[26.76705,41.97443],[26.77302,41.97959],[26.77565,41.97992],[26.77929,41.97917],[26.78058,41.98256],[26.78297,41.98345],[26.78704,41.98951],[26.78895,41.98913],[26.79116,41.99023],[26.79348,41.98954],[26.7923,41.98733],[26.79462,41.98359],[26.80005,41.98071],[26.80425,41.98005],[26.80629,41.97732],[26.80826,41.97767],[26.80931,41.97599],[26.81496,41.97368],[26.82401,41.9726],[26.8277,41.9735],[26.83216,41.96916],[26.8359,41.97006],[26.8429,41.96907],[26.8443,41.97024],[26.8472,41.96984],[26.84678,41.97547],[26.84858,41.97913],[26.84771,41.98041],[26.85163,41.98219],[26.85203,41.984],[26.85632,41.98225],[26.85844,41.98471],[26.86243,41.98555],[26.86466,41.98689],[26.8647,41.98862],[26.86845,41.98915],[26.87103,41.99106],[26.87867,41.98988],[26.88271,41.98846],[26.8812,41.99009],[26.88152,41.99093],[26.87336,41.99218],[26.87153,41.99283],[26.87207,41.99362],[26.87142,41.9939],[26.86806,41.99378],[26.86434,41.99616],[26.85957,41.99581],[26.85928,41.99409],[26.85307,42.0005],[26.85033,42.00025],[26.84818,42.00212],[26.84817,42.00299],[26.85041,42.00395],[26.85119,42.00346],[26.85693,42.00763],[26.85758,42.01026],[26.85948,42.01111],[26.8614,42.01883],[26.86578,42.02315],[26.87258,42.02668],[26.87316,42.03133],[26.87151,42.03652],[26.87234,42.03948],[26.87596,42.04601],[26.88581,42.05576],[26.88499,42.05606],[26.88601,42.05889],[26.88033,42.06005],[26.88348,42.06169],[26.88253,42.0649],[26.87711,42.07187],[26.87716,42.07441],[26.87902,42.07641],[26.87837,42.07678],[26.87731,42.07613],[26.87592,42.07405],[26.87281,42.0751],[26.8657,42.07207],[26.86363,42.07681],[26.86102,42.07442],[26.85746,42.07389],[26.85045,42.0747],[26.85045,42.07611],[26.84753,42.07656],[26.84537,42.07604],[26.83666,42.07885],[26.83961,42.08503],[26.84093,42.09146],[26.83827,42.0985],[26.8364,42.09828],[26.83345,42.0996],[26.83476,42.10159],[26.83319,42.10459],[26.83391,42.10514],[26.8326,42.1061],[26.83014,42.10645],[26.82371,42.10501],[26.8215,42.10535],[26.81476,42.1113],[26.81315,42.11822],[26.80984,42.11985],[26.80063,42.12112],[26.79954,42.11703],[26.79452,42.11807],[26.7869,42.11734],[26.78728,42.11188],[26.78482,42.106],[26.78249,42.10673],[26.78261,42.10391],[26.77827,42.10299],[26.7737,42.10342],[26.76382,42.10644],[26.76303,42.10804],[26.76718,42.11041],[26.76738,42.11319],[26.76622,42.11388],[26.76438,42.11331],[26.76358,42.11477],[26.75894,42.11541],[26.75435,42.11407],[26.75304,42.11496],[26.75377,42.11591],[26.75292,42.11681],[26.74309,42.11843],[26.73717,42.11544],[26.73819,42.11525],[26.73793,42.11468],[26.73468,42.11432],[26.73476,42.11522],[26.73255,42.11529],[26.73087,42.11448],[26.72927,42.11491],[26.72354,42.12124],[26.71522,42.11945],[26.71458,42.121],[26.71394,42.1204],[26.71318,42.12167],[26.71031,42.1208],[26.70975,42.12179],[26.70758,42.12115],[26.70251,42.12178],[26.7028,42.11856],[26.70107,42.11746],[26.69996,42.11846],[26.69845,42.11763],[26.7004,42.11688],[26.70186,42.11396],[26.69703,42.11099],[26.68695,42.10703],[26.69034,42.10356],[26.68534,42.09964],[26.68579,42.09925],[26.68307,42.09819],[26.683,42.09738],[26.68132,42.09808],[26.68013,42.09763],[26.68065,42.09472],[26.67821,42.09174],[26.6777,42.09229],[26.67714,42.0918],[26.67631,42.08961],[26.67794,42.08649]]]},"properties":{"SiteCode":"BG0002026","SiteNameBG":"Дервентски възвишения","SiteType":"SPA","SiteArea":34863.562700000002,"naturaClass":"spa"}},{"type":"Feature","geometry":{"type":"Polygon","coordinates":[[[26.85308,42.09911],[26.85417,42.09967],[26.85435,42.0988],[26.85743,42.10161],[26.86355,42.10135],[26.86416,42.10338],[26.86973,42.10596],[26.86943,42.10345],[26.87159,42.09982],[26.87425,42.09933],[26.87442,42.09835],[26.87035,42.09695],[26.86772,42.0969],[26.86928,42.09246],[26.86717,42.09158],[26.86753,42.09066],[26.87522,42.08654],[26.87439,42.08478],[26.87525,42.08183],[26.87832,42.07995],[26.87806,42.08203],[26.88196,42.07988],[26.88567,42.07894],[26.88035,42.08192],[26.88273,42.08123],[26.88355,42.08177],[26.88109,42.08448],[26.88428,42.08505],[26.88775,42.08756],[26.89214,42.08556],[26.89275,42.08444],[26.89924,42.09546],[26.90425,42.09863],[26.90404,42.10042],[26.90525,42.10183],[26.90384,42.10237],[26.90375,42.10341],[26.90317,42.10204],[26.90283,42.10356],[26.90147,42.10382],[26.89888,42.10535],[26.89413,42.104],[26.88555,42.10715],[26.87713,42.10885],[26.87384,42.11075],[26.87268,42.11384],[26.88355,42.1297],[26.87799,42.1331],[26.87507,42.13603],[26.87178,42.13628],[26.86972,42.1387],[26.86762,42.13733],[26.86331,42.13662],[26.85773,42.13163],[26.85641,42.12891],[26.85533,42.12918],[26.85389,42.12645],[26.85037,42.12453],[26.85105,42.12234],[26.85209,42.12185],[26.85232,42.11863],[26.84962,42.1173],[26.8504,42.11602],[26.85009,42.11303],[26.85128,42.11126],[26.85062,42.10938],[26.85187,42.10829],[26.85011,42.10572],[26.8459,42.10369],[26.85028,42.10407],[26.85109,42.10379],[26.85005,42.10278],[26.85338,42.10244],[26.85413,42.10172],[26.85182,42.0987],[26.85308,42.09911]]]},"properties":{"SiteCode":"BG0002027","SiteNameBG":"Язовир Малко Шарково","SiteType":"SPA","SiteArea":1327.761,"naturaClass":"spa"}},{"type":"Feature","geometry":{"type":"Polygon","coordinates":[[[26.82431,42.6333],[26.81229,42.63458],[26.81075,42.63377],[26.80881,42.63499],[26.80213,42.63134],[26.80219,42.633],[26.79174,42.63592],[26.78177,42.63366],[26.77945,42.63941],[26.78217,42.63979],[26.77786,42.64066],[26.7754,42.6399],[26.7706,42.64026],[26.76617,42.63794],[26.7613,42.63661],[26.75233,42.63788],[26.7449,42.63643],[26.73765,42.63723],[26.73571,42.63574],[26.73349,42.62637],[26.7443,42.60694],[26.74044,42.59969],[26.74113,42.59937],[26.74237,42.60016],[26.77063,42.60077],[26.78151,42.60212],[26.79657,42.60783],[26.80593,42.61328],[26.81064,42.61398],[26.81905,42.61363],[26.82641,42.61584],[26.83085,42.62149],[26.83471,42.62039],[26.83572,42.61924],[26.8437,42.622],[26.85784,42.62539],[26.85753,42.62623],[26.85938,42.62665],[26.85636,42.62912],[26.85529,42.64158],[26.8485,42.64055],[26.84788,42.64136],[26.84122,42.6388],[26.84248,42.63762],[26.84284,42.6346],[26.84018,42.63348],[26.83677,42.63419],[26.83683,42.63529],[26.83553,42.63607],[26.82946,42.63658],[26.82802,42.63598],[26.83053,42.63186],[26.8298,42.63135],[26.82431,42.6333]]]},"properties":{"SiteCode":"BG0002028","SiteNameBG":"Комплекс Стралджа","SiteType":"SPA","SiteArea":2872.9816999999998,"naturaClass":"spa"}},{"type":"Feature","geometry":{"type":"Polygon","coordinates":[[[26.74566,43.08942],[26.7414,43.08768],[26.73973,43.08584],[26.74164,43.0844],[26.7525,43.08209],[26.74701,43.08154],[26.76106,43.07576],[26.76467,43.07732],[26.76524,43.07643],[26.76729,43.07615],[26.76801,43.07478],[26.76956,43.07417],[26.76851,43.07421],[26.76848,43.07137],[26.76615,43.07099],[26.76565,43.07023],[26.76651,43.06962],[26.76678,43.06698],[26.76537,43.06668],[26.7652,43.06593],[26.76426,43.06686],[26.76319,43.06651],[26.76331,43.06401],[26.75917,43.06416],[26.75879,43.06506],[26.75999,43.06579],[26.76006,43.06698],[26.75752,43.06596],[26.75763,43.06459],[26.7543,43.06435],[26.75366,43.06311],[26.75022,43.06323],[26.7494,43.06135],[26.7352,43.05655],[26.71587,43.05516],[26.71426,43.05318],[26.70801,43.0541],[26.70825,43.05504],[26.71045,43.05566],[26.70931,43.05633],[26.68908,43.05647],[26.68433,43.05743],[26.68651,43.05563],[26.68061,43.05603],[26.67729,43.05404],[26.67891,43.05391],[26.67887,43.05284],[26.68136,43.05268],[26.68554,43.04938],[26.68496,43.04762],[26.68341,43.04809],[26.68154,43.04739],[26.6816,43.04579],[26.67886,43.04536],[26.6786,43.04254],[26.68032,43.04185],[26.67958,43.0404],[26.68124,43.03791],[26.6802,43.03733],[26.68313,43.03705],[26.68306,43.03586],[26.67593,43.035],[26.67545,43.03752],[26.6742,43.03885],[26.6686,43.03989],[26.65216,43.03493],[26.64768,43.03568],[26.64698,43.03506],[26.64837,43.03383],[26.64485,43.03134],[26.63843,43.02961],[26.63844,43.02808],[26.63609,43.02752],[26.63355,43.02953],[26.63081,43.02873],[26.6299,43.03048],[26.62724,43.02979],[26.62421,43.03044],[26.62026,43.02963],[26.61558,43.03019],[26.60888,43.0322],[26.60189,43.03184],[26.60006,43.03792],[26.59754,43.03967],[26.59685,43.03906],[26.59468,43.03925],[26.59216,43.03614],[26.5871,43.03413],[26.58501,43.03524],[26.58551,43.03663],[26.58433,43.03798],[26.57495,43.04104],[26.57134,43.0394],[26.56205,43.04015],[26.55429,43.04267],[26.55243,43.04251],[26.55206,43.04181],[26.54813,43.04291],[26.54398,43.0421],[26.54479,43.03571],[26.54317,43.03664],[26.54367,43.0337],[26.53866,43.03222],[26.53874,43.02838],[26.5409,43.02706],[26.54128,43.02573],[26.53633,43.02324],[26.5365,43.02245],[26.53913,43.02129],[26.53808,43.02006],[26.53837,43.01603],[26.53346,43.01487],[26.53139,43.01052],[26.53344,43.01032],[26.53303,43.00958],[26.5331,43.00775],[26.53391,43.00738],[26.53344,42.99904],[26.52899,42.99928],[26.52869,42.99755],[26.52859,42.99923],[26.52601,42.99787],[26.52588,42.99666],[26.52197,42.99692],[26.52093,42.9951],[26.51277,42.99724],[26.51164,42.99466],[26.50522,42.99209],[26.50573,42.99008],[26.50455,42.9917],[26.49826,42.99174],[26.49444,42.98811],[26.49227,42.98931],[26.48885,42.98542],[26.4881,42.98734],[26.48616,42.98554],[26.48215,42.98522],[26.48113,42.98651],[26.48169,42.98467],[26.48026,42.98638],[26.47859,42.98626],[26.47566,42.98429],[26.47626,42.98317],[26.47407,42.98076],[26.46989,42.97994],[26.46711,42.97784],[26.46393,42.97171],[26.46108,42.97232],[26.45859,42.97148],[26.45702,42.9689],[26.45151,42.96865],[26.4506,42.96669],[26.4514,42.96628],[26.44951,42.96539],[26.44901,42.9642],[26.44842,42.96424],[26.44844,42.96506],[26.44654,42.96529],[26.44448,42.96705],[26.43585,42.9686],[26.43524,42.96935],[26.43096,42.96806],[26.4291,42.96615],[26.42751,42.96597],[26.42435,42.96397],[26.41994,42.96521],[26.41146,42.96423],[26.40417,42.96623],[26.40055,42.96585],[26.3993,42.96644],[26.39641,42.9653],[26.39555,42.96333],[26.39323,42.96268],[26.38696,42.96553],[26.38158,42.96483],[26.37526,42.96545],[26.37145,42.96473],[26.36687,42.96189],[26.362,42.96235],[26.35975,42.96559],[26.35508,42.96821],[26.35523,42.96898],[26.3513,42.9711],[26.34661,42.97166],[26.34281,42.97693],[26.33934,42.97722],[26.33796,42.97891],[26.33267,42.98038],[26.32689,42.98406],[26.32307,42.98403],[26.31974,42.98295],[26.31845,42.9839],[26.3171,42.98198],[26.31243,42.98133],[26.30782,42.98181],[26.3031,42.98081],[26.29926,42.97881],[26.28609,42.97794],[26.28446,42.9794],[26.28457,42.97746],[26.28236,42.9788],[26.27921,42.97726],[26.27613,42.97764],[26.27439,42.97631],[26.26917,42.96806],[26.26884,42.96653],[26.27121,42.96364],[26.26875,42.96222],[26.25799,42.96445],[26.25958,42.96286],[26.25934,42.96165],[26.25313,42.96483],[26.24625,42.96641],[26.24066,42.96519],[26.2401,42.96398],[26.23801,42.96495],[26.23477,42.96476],[26.23175,42.96678],[26.22565,42.96609],[26.22261,42.96683],[26.21585,42.97048],[26.21164,42.96958],[26.19914,42.97278],[26.19651,42.9722],[26.19282,42.97312],[26.18891,42.97298],[26.18838,42.97235],[26.19173,42.97092],[26.18486,42.96519],[26.18425,42.96087],[26.18178,42.95876],[26.18018,42.95378],[26.17913,42.95303],[26.17867,42.95339],[26.17841,42.95154],[26.17076,42.95113],[26.16741,42.95215],[26.16311,42.95537],[26.15208,42.9543],[26.15136,42.95365],[26.15183,42.94735],[26.13934,42.94214],[26.1403,42.94009],[26.14649,42.93946],[26.14671,42.93785],[26.1488,42.93773],[26.15055,42.93601],[26.1593,42.93615],[26.16538,42.93116],[26.17393,42.93167],[26.17405,42.9308],[26.16996,42.92792],[26.17064,42.9275],[26.17042,42.92454],[26.16494,42.91781],[26.1653,42.91661],[26.16439,42.91537],[26.16588,42.91587],[26.16601,42.91403],[26.16274,42.91362],[26.1612,42.91064],[26.16168,42.90942],[26.16228,42.91137],[26.16329,42.90994],[26.16225,42.90857],[26.16243,42.90702],[26.16779,42.9045],[26.16989,42.90431],[26.17094,42.90538],[26.1721,42.90494],[26.17534,42.90109],[26.17482,42.89978],[26.17193,42.90015],[26.17262,42.8998],[26.17092,42.89981],[26.17206,42.89944],[26.17201,42.89873],[26.16967,42.89477],[26.17175,42.89379],[26.16992,42.88975],[26.17493,42.8887],[26.17545,42.88731],[26.17761,42.88793],[26.17859,42.88995],[26.17975,42.88944],[26.18361,42.88999],[26.18334,42.88783],[26.18488,42.8881],[26.18637,42.88724],[26.18586,42.88469],[26.18449,42.88446],[26.18564,42.88415],[26.18628,42.88451],[26.18677,42.8831],[26.18599,42.88254],[26.18713,42.8803],[26.18604,42.87816],[26.18644,42.87443],[26.18521,42.87481],[26.18537,42.87591],[26.1837,42.87563],[26.18488,42.87533],[26.18477,42.87439],[26.18594,42.87355],[26.18512,42.87155],[26.18283,42.8689],[26.18083,42.86936],[26.18045,42.86672],[26.1765,42.8642],[26.17228,42.85713],[26.17439,42.85289],[26.17182,42.85259],[26.17064,42.85157],[26.17329,42.84955],[26.17342,42.84355],[26.16869,42.84198],[26.16584,42.84415],[26.16409,42.84421],[26.16161,42.84205],[26.16045,42.83772],[26.16132,42.8368],[26.15787,42.83439],[26.15982,42.83277],[26.15585,42.82693],[26.15734,42.82502],[26.15959,42.82701],[26.16144,42.82737],[26.16159,42.82537],[26.1591,42.82362],[26.15893,42.82236],[26.16074,42.82211],[26.16178,42.82103],[26.16341,42.82141],[26.16809,42.82054],[26.17306,42.81837],[26.17511,42.819],[26.17725,42.82116],[26.17893,42.81873],[26.17984,42.81875],[26.18087,42.82087],[26.1853,42.82011],[26.18731,42.8193],[26.18757,42.81784],[26.19371,42.81578],[26.19501,42.81687],[26.20064,42.81597],[26.20198,42.81685],[26.20181,42.81818],[26.20619,42.81915],[26.20862,42.81867],[26.21003,42.81941],[26.21272,42.8174],[26.21155,42.81642],[26.21283,42.81447],[26.2142,42.81426],[26.21457,42.81609],[26.21791,42.81172],[26.22263,42.80962],[26.22997,42.80777],[26.23059,42.80978],[26.23336,42.80932],[26.23415,42.81012],[26.24125,42.80921],[26.24307,42.81032],[26.24716,42.81061],[26.2499,42.80933],[26.25541,42.80962],[26.25753,42.80916],[26.26145,42.80632],[26.26811,42.80556],[26.2692,42.80464],[26.27251,42.80421],[26.27753,42.80424],[26.27936,42.80332],[26.27976,42.80165],[26.28288,42.79932],[26.28398,42.79976],[26.29076,42.79871],[26.29631,42.79649],[26.29772,42.79737],[26.30067,42.7976],[26.29967,42.79884],[26.30158,42.79975],[26.30298,42.79972],[26.30286,42.80057],[26.30414,42.79997],[26.3036,42.80059],[26.30514,42.80064],[26.30567,42.80172],[26.30998,42.80015],[26.31116,42.80158],[26.3136,42.79984],[26.31128,42.79917],[26.31375,42.79891],[26.31748,42.79722],[26.32687,42.79692],[26.32937,42.79486],[26.33048,42.79254],[26.34177,42.79422],[26.34249,42.79271],[26.34655,42.79184],[26.34985,42.79327],[26.34986,42.79412],[26.35073,42.79402],[26.34878,42.79101],[26.34933,42.79048],[26.35528,42.79097],[26.35696,42.78944],[26.35926,42.79113],[26.35736,42.79291],[26.35953,42.79425],[26.36292,42.79317],[26.36464,42.79381],[26.36689,42.79222],[26.3695,42.79373],[26.37186,42.79179],[26.3768,42.79118],[26.37998,42.78936],[26.377,42.78716],[26.37711,42.78464],[26.37888,42.78389],[26.38017,42.78471],[26.38234,42.78381],[26.3822,42.78295],[26.38518,42.78116],[26.38485,42.77906],[26.38577,42.77761],[26.39185,42.77586],[26.39436,42.77243],[26.39588,42.77261],[26.39578,42.77358],[26.39991,42.77368],[26.40171,42.76918],[26.40528,42.76912],[26.40743,42.76775],[26.40601,42.76634],[26.40643,42.76526],[26.40804,42.76626],[26.40972,42.76498],[26.40957,42.76393],[26.40993,42.76476],[26.41078,42.76469],[26.41913,42.76044],[26.42032,42.76117],[26.41985,42.76182],[26.42771,42.75952],[26.43601,42.75931],[26.43778,42.76033],[26.44086,42.76015],[26.44467,42.76314],[26.4511,42.7634],[26.45647,42.76799],[26.46324,42.76916],[26.46618,42.77075],[26.46665,42.76989],[26.46889,42.77021],[26.47471,42.76906],[26.4806,42.77034],[26.48252,42.7729],[26.48269,42.77849],[26.48392,42.77949],[26.48725,42.77777],[26.49329,42.77963],[26.49948,42.77815],[26.50357,42.7795],[26.50802,42.78315],[26.5107,42.78301],[26.51396,42.78157],[26.51713,42.78381],[26.51815,42.78294],[26.51686,42.7811],[26.51889,42.78058],[26.52017,42.78104],[26.5211,42.78311],[26.52368,42.78356],[26.52516,42.78545],[26.52689,42.78442],[26.52995,42.78597],[26.53309,42.78423],[26.53422,42.78534],[26.5322,42.78705],[26.53208,42.7888],[26.53435,42.79008],[26.53595,42.78926],[26.53382,42.79065],[26.53631,42.79234],[26.53638,42.79441],[26.5389,42.79538],[26.54114,42.79498],[26.54386,42.79644],[26.54627,42.79611],[26.5491,42.79855],[26.54759,42.79394],[26.54965,42.79412],[26.54996,42.79337],[26.55306,42.79255],[26.55242,42.79019],[26.55154,42.79025],[26.55254,42.78986],[26.55001,42.78976],[26.55431,42.78873],[26.55503,42.78675],[26.55604,42.78731],[26.55981,42.78659],[26.56258,42.7872],[26.5672,42.78885],[26.56978,42.79169],[26.57322,42.79077],[26.5775,42.78637],[26.58081,42.78591],[26.5806,42.78433],[26.58634,42.78441],[26.58978,42.78683],[26.59574,42.78752],[26.59876,42.78946],[26.60466,42.78585],[26.6079,42.78137],[26.60781,42.77904],[26.60913,42.77834],[26.61159,42.7784],[26.61511,42.7804],[26.61762,42.78595],[26.62425,42.78778],[26.62707,42.79016],[26.63359,42.78975],[26.63701,42.79246],[26.63834,42.79413],[26.6369,42.7999],[26.63747,42.80301],[26.63406,42.80717],[26.63121,42.80886],[26.63229,42.80939],[26.63125,42.80952],[26.63017,42.81102],[26.63053,42.81175],[26.63158,42.81133],[26.63548,42.81202],[26.63625,42.81334],[26.63915,42.81483],[26.63892,42.81628],[26.64248,42.81633],[26.6387,42.8167],[26.63855,42.8178],[26.64052,42.81873],[26.64332,42.81877],[26.64561,42.81777],[26.64611,42.81494],[26.65074,42.81582],[26.65271,42.81708],[26.65739,42.82356],[26.66141,42.82209],[26.66567,42.81918],[26.66557,42.81843],[26.66269,42.81855],[26.66631,42.81764],[26.66606,42.81895],[26.67281,42.81904],[26.68365,42.81607],[26.68404,42.81718],[26.68839,42.81857],[26.69211,42.82226],[26.69274,42.82493],[26.69792,42.82676],[26.69898,42.82787],[26.69753,42.82909],[26.69285,42.83011],[26.68884,42.82902],[26.68912,42.82963],[26.6875,42.82994],[26.68434,42.82879],[26.68239,42.82891],[26.68093,42.83078],[26.68361,42.83301],[26.68283,42.83384],[26.68481,42.83677],[26.68049,42.84168],[26.67997,42.8511],[26.67676,42.85446],[26.67663,42.85843],[26.67458,42.8586],[26.66992,42.86163],[26.67324,42.8625],[26.6737,42.86377],[26.66829,42.86873],[26.6658,42.86939],[26.66654,42.87005],[26.66589,42.87119],[26.663,42.8722],[26.65702,42.87661],[26.65589,42.87855],[26.65153,42.88106],[26.65294,42.88224],[26.65293,42.88446],[26.64831,42.88793],[26.6532,42.88841],[26.6531,42.89039],[26.6551,42.89169],[26.65665,42.89649],[26.65874,42.89748],[26.65944,42.89901],[26.66154,42.90028],[26.65966,42.90077],[26.66279,42.90395],[26.65797,42.90335],[26.65678,42.90474],[26.65291,42.90569],[26.65128,42.90699],[26.65327,42.90716],[26.65704,42.91016],[26.66025,42.91588],[26.66285,42.91662],[26.6644,42.91825],[26.66325,42.92094],[26.66365,42.92261],[26.6652,42.92292],[26.66465,42.92418],[26.66877,42.92431],[26.66793,42.92921],[26.66568,42.93225],[26.6632,42.93319],[26.66045,42.93238],[26.65761,42.93322],[26.65486,42.93287],[26.65258,42.93096],[26.6503,42.93299],[26.64645,42.92959],[26.64488,42.93124],[26.64278,42.92977],[26.64239,42.93135],[26.64126,42.9313],[26.64296,42.93471],[26.63816,42.93561],[26.63736,42.93523],[26.63783,42.93389],[26.6359,42.93408],[26.63466,42.93269],[26.63313,42.93633],[26.63141,42.93689],[26.6295,42.9361],[26.62841,42.93711],[26.62412,42.93676],[26.62905,42.93812],[26.63126,42.94077],[26.63368,42.94012],[26.63758,42.94451],[26.63991,42.94537],[26.64474,42.94571],[26.64644,42.94911],[26.65209,42.9531],[26.65174,42.95496],[26.65025,42.95404],[26.65108,42.95563],[26.65391,42.95371],[26.65178,42.9571],[26.65159,42.95822],[26.65304,42.95828],[26.65328,42.95939],[26.65228,42.95962],[26.65418,42.96432],[26.65503,42.97007],[26.66298,42.98304],[26.66491,42.98415],[26.66778,42.98249],[26.67187,42.98234],[26.67206,42.98177],[26.67364,42.9822],[26.67496,42.98099],[26.6761,42.98117],[26.67603,42.98196],[26.68147,42.97837],[26.68686,42.97686],[26.68795,42.97941],[26.68722,42.98156],[26.68946,42.98268],[26.69474,42.98002],[26.69505,42.9788],[26.69897,42.97817],[26.69851,42.98034],[26.70031,42.97997],[26.69992,42.979],[26.70103,42.97877],[26.70123,42.97786],[26.70479,42.97731],[26.71241,42.97794],[26.71229,42.97906],[26.71305,42.97803],[26.71667,42.98048],[26.72584,42.98192],[26.7262,42.98003],[26.72999,42.97924],[26.73122,42.98112],[26.73136,42.97891],[26.73264,42.98185],[26.73289,42.97871],[26.73317,42.9818],[26.73389,42.97971],[26.73461,42.97967],[26.7351,42.98331],[26.73648,42.98263],[26.73588,42.98207],[26.7366,42.98259],[26.73585,42.9837],[26.73617,42.98727],[26.74131,42.98692],[26.74125,42.98793],[26.74283,42.98806],[26.74313,42.98696],[26.74402,42.98788],[26.74473,42.98683],[26.74783,42.98831],[26.74584,42.98949],[26.74902,42.9907],[26.74753,42.99539],[26.75213,42.99673],[26.7538,42.99568],[26.75487,42.99218],[26.75698,42.99143],[26.75836,42.9897],[26.76301,42.99314],[26.76198,42.99409],[26.7582,42.99428],[26.75769,42.99631],[26.75878,42.99559],[26.76099,42.99604],[26.76303,42.9975],[26.76547,42.99754],[26.76881,42.99613],[26.76939,42.99519],[26.77087,42.99538],[26.77271,42.99971],[26.77449,43.00107],[26.77632,43.0001],[26.77966,43.00041],[26.78047,43.00169],[26.78391,43.00079],[26.78187,42.99958],[26.78473,42.99788],[26.78843,42.99823],[26.7899,43.00012],[26.79157,43.00056],[26.79362,43.00531],[26.79501,43.00561],[26.79548,43.00461],[26.79599,43.00619],[26.80092,43.007],[26.80003,43.0078],[26.80324,43.00863],[26.80428,43.01044],[26.8054,43.00991],[26.80549,43.01048],[26.81234,43.00864],[26.81337,43.00704],[26.81345,43.00625],[26.81054,43.00524],[26.81403,42.99506],[26.81453,42.99719],[26.81769,42.9975],[26.82061,42.99694],[26.82116,42.99575],[26.82485,42.99482],[26.82325,42.99474],[26.82633,42.99438],[26.82851,42.99531],[26.82855,42.99427],[26.8309,42.99348],[26.83044,42.99267],[26.83333,42.99185],[26.83344,42.99034],[26.83198,42.98925],[26.83272,42.9891],[26.83245,42.98825],[26.83378,42.98999],[26.83461,42.9902],[26.83516,42.98937],[26.83673,42.99028],[26.83878,42.99291],[26.84015,42.99298],[26.8415,42.99463],[26.84397,42.9925],[26.84835,42.99419],[26.85357,42.99223],[26.85472,42.99296],[26.85672,42.99249],[26.86103,42.99415],[26.85755,42.9952],[26.85899,42.99718],[26.85799,42.99593],[26.85649,42.99643],[26.85938,42.99885],[26.85696,42.99753],[26.85746,42.99925],[26.85575,42.99665],[26.85593,42.99741],[26.85459,42.99821],[26.85573,42.99907],[26.85363,42.99802],[26.85375,42.99892],[26.8513,42.99882],[26.84799,42.99989],[26.84633,42.99968],[26.84606,42.9989],[26.8459,42.99968],[26.84114,43.00103],[26.83703,43.00396],[26.83103,43.00556],[26.83069,43.00677],[26.82901,43.00687],[26.82892,43.00772],[26.82719,43.00787],[26.82527,43.00989],[26.82403,43.01012],[26.82479,43.01326],[26.82371,43.01323],[26.82249,43.01194],[26.81242,43.01792],[26.81077,43.0209],[26.82096,43.01659],[26.82188,43.01762],[26.82131,43.01816],[26.82029,43.01771],[26.82141,43.01862],[26.8198,43.02002],[26.82113,43.02085],[26.81997,43.02038],[26.8147,43.02181],[26.81211,43.02469],[26.81488,43.02521],[26.81264,43.02527],[26.81182,43.02697],[26.81369,43.02796],[26.81463,43.02962],[26.80961,43.0299],[26.80628,43.02928],[26.80613,43.03009],[26.80469,43.02989],[26.80589,43.03092],[26.80272,43.03443],[26.80363,43.03432],[26.80286,43.03597],[26.80379,43.03686],[26.79968,43.03621],[26.79735,43.03796],[26.79421,43.0387],[26.79427,43.04305],[26.79236,43.04682],[26.79711,43.04421],[26.79997,43.04493],[26.80602,43.0447],[26.80462,43.04752],[26.79677,43.04891],[26.79499,43.05007],[26.79352,43.05316],[26.79597,43.05736],[26.79994,43.0574],[26.8044,43.05515],[26.80537,43.05381],[26.80776,43.05591],[26.81213,43.05631],[26.8096,43.05728],[26.80613,43.05713],[26.79873,43.06177],[26.79854,43.0624],[26.80334,43.0639],[26.79742,43.0642],[26.7906,43.06772],[26.7962,43.07211],[26.79602,43.07282],[26.80196,43.07449],[26.80632,43.07379],[26.80975,43.07521],[26.80993,43.07571],[26.80747,43.07635],[26.81,43.07642],[26.81115,43.0778],[26.81061,43.07815],[26.81447,43.07983],[26.81452,43.08089],[26.80985,43.08193],[26.80678,43.08379],[26.80283,43.08853],[26.79908,43.09072],[26.79491,43.09152],[26.79456,43.09303],[26.79315,43.09402],[26.79203,43.09355],[26.79035,43.09399],[26.78974,43.09234],[26.78673,43.09385],[26.78482,43.09304],[26.78676,43.09142],[26.7859,43.09136],[26.78669,43.09071],[26.78587,43.08976],[26.78043,43.08933],[26.7592,43.0969],[26.75677,43.09641],[26.751,43.09335],[26.74974,43.0957],[26.74624,43.09754],[26.74637,43.09966],[26.74318,43.09986],[26.74255,43.09928],[26.74386,43.09841],[26.74504,43.0954],[26.74625,43.09538],[26.74758,43.09373],[26.74757,43.09213],[26.74124,43.09091],[26.73947,43.08908],[26.74566,43.08942]]]},"properties":{"SiteCode":"BG0002029","SiteNameBG":"Котленска планина","SiteType":"SPA","SiteArea":99299.771200000003,"naturaClass":"spa"}},{"type":"Feature","geometry":{"type":"Polygon","coordinates":[[[26.56129,44.05449],[26.54978,44.05393],[26.53674,44.05428],[26.52655,44.05346],[26.4981,44.04534],[26.48201,44.04315],[26.47027,44.04021],[26.46302,44.03933],[26.46438,44.03614],[26.45713,44.03467],[26.43852,44.03388],[26.43828,44.0359],[26.43059,44.03522],[26.40908,44.0372],[26.40902,44.03901],[26.39257,44.0425],[26.38859,44.04271],[26.37921,44.04156],[26.36954,44.03938],[26.36404,44.03932],[26.35306,44.03701],[26.3536,44.03565],[26.31151,44.0278],[26.30682,44.02608],[26.30571,44.02644],[26.28831,44.01895],[26.27567,44.01127],[26.2768,44.00913],[26.27005,44.00751],[26.27415,44.00006],[26.29111,44.00214],[26.29932,44.00506],[26.3038,44.00818],[26.31442,44.01915],[26.31788,44.01637],[26.31749,44.01424],[26.31857,44.01208],[26.31702,44.01151],[26.31844,44.00896],[26.31187,44.00748],[26.31342,44.00482],[26.30979,44.00327],[26.31035,44.00042],[26.31103,43.99931],[26.31278,43.99873],[26.32027,43.99974],[26.32198,43.99827],[26.31956,43.99774],[26.31817,43.99603],[26.31893,43.99489],[26.32135,43.99366],[26.3246,43.99384],[26.32611,43.99254],[26.32521,43.99208],[26.32228,43.99253],[26.32064,43.99179],[26.32003,43.99102],[26.321,43.98942],[26.32016,43.98837],[26.32166,43.98866],[26.32256,43.99006],[26.32917,43.99155],[26.32818,43.99245],[26.32869,43.99327],[26.32648,43.99548],[26.32279,43.99526],[26.32303,43.99628],[26.32481,43.99636],[26.32577,43.9977],[26.32878,43.99872],[26.33075,43.99601],[26.3355,43.9978],[26.33619,43.99681],[26.33999,43.99903],[26.35085,43.9909],[26.35132,43.98946],[26.35893,43.99157],[26.36127,43.99143],[26.359,43.99926],[26.36063,43.99886],[26.36422,43.99941],[26.36537,44.00411],[26.37168,44.00463],[26.37173,43.99983],[26.37344,43.99996],[26.37425,43.99805],[26.37448,43.9931],[26.38511,43.99412],[26.39432,43.99315],[26.41565,43.99492],[26.44893,43.99565],[26.46009,43.99902],[26.45863,44.00102],[26.46528,44.00411],[26.46702,44.00258],[26.47771,44.00565],[26.5056,44.00992],[26.51128,44.01185],[26.52848,44.014],[26.53513,44.01627],[26.54045,44.01905],[26.55357,44.02294],[26.5575,44.03054],[26.56243,44.0332],[26.56112,44.03569],[26.562,44.03544],[26.56814,44.03777],[26.56705,44.03968],[26.57267,44.04015],[26.57474,44.04261],[26.57923,44.04199],[26.58397,44.04398],[26.58651,44.04328],[26.58901,44.04349],[26.58904,44.04415],[26.58547,44.04486],[26.58942,44.04652],[26.59846,44.04832],[26.60307,44.04997],[26.59568,44.05067],[26.59488,44.05203],[26.5863,44.05213],[26.56129,44.05449]]]},"properties":{"SiteCode":"BG0002030","SiteNameBG":"Комплекс Калимок","SiteType":"SPA","SiteArea":9429.2165000000005,"naturaClass":"spa"}},{"type":"Feature","geometry":{"type":"Polygon","coordinates":[[[26.55444,44.02313],[26.56434,44.02271],[26.571,44.02372],[26.57424,44.02641],[26.57276,44.02715],[26.57455,44.02824],[26.57298,44.03176],[26.56921,44.02886],[26.56262,44.02568],[26.56172,44.0256],[26.5597,44.02769],[26.55679,44.02878],[26.55444,44.02313]]]},"properties":{"SiteCode":"BG0002031","SiteNameBG":"Стената","SiteType":"SPA","SiteArea":79.727400000000003,"naturaClass":"spa"}},{"type":"Feature","geometry":{"type":"Polygon","coordinates":[[[27.16009,43.30348],[27.1489,43.30299],[27.13408,43.29868],[27.13368,43.29579],[27.13038,43.29269],[27.12664,43.29083],[27.12575,43.29131],[27.12136,43.2896],[27.12032,43.29011],[27.11915,43.28959],[27.11734,43.29077],[27.11175,43.29031],[27.10789,43.28219],[27.10921,43.28006],[27.10661,43.27966],[27.10656,43.27791],[27.1081,43.27719],[27.10775,43.27592],[27.10983,43.27569],[27.10996,43.27485],[27.10564,43.27251],[27.10535,43.27142],[27.10662,43.26966],[27.10482,43.26785],[27.10565,43.2626],[27.1065,43.26312],[27.10996,43.26189],[27.11376,43.26121],[27.11745,43.26365],[27.1174,43.26222],[27.12083,43.26076],[27.12112,43.25988],[27.12325,43.25984],[27.12331,43.25882],[27.12196,43.25832],[27.12235,43.25659],[27.12064,43.2558],[27.12405,43.25642],[27.12493,43.25324],[27.12162,43.2522],[27.11757,43.25252],[27.11054,43.24942],[27.10805,43.24939],[27.10588,43.2503],[27.10769,43.2494],[27.10482,43.24823],[27.10314,43.24919],[27.10069,43.24818],[27.09961,43.24884],[27.09778,43.24688],[27.09682,43.24742],[27.09337,43.2452],[27.08099,43.24247],[27.07803,43.24115],[27.07771,43.24184],[27.07467,43.23904],[27.07775,43.23845],[27.07454,43.23483],[27.07253,43.22619],[27.06738,43.223],[27.05948,43.22025],[27.06299,43.21602],[27.0636,43.21366],[27.06133,43.20992],[27.06214,43.20857],[27.05953,43.20886],[27.05972,43.20695],[27.06061,43.20643],[27.0585,43.20597],[27.06092,43.2007],[27.05887,43.19966],[27.05944,43.19889],[27.05762,43.19843],[27.05886,43.19572],[27.05944,43.18625],[27.06165,43.1824],[27.06111,43.17841],[27.06235,43.17788],[27.06226,43.17579],[27.06096,43.17399],[27.06194,43.1731],[27.06819,43.17174],[27.07044,43.17373],[27.0745,43.17524],[27.07442,43.17629],[27.07898,43.17553],[27.07883,43.17486],[27.08088,43.17395],[27.08535,43.17313],[27.08488,43.17258],[27.0866,43.17352],[27.09163,43.17316],[27.09198,43.17215],[27.08931,43.17118],[27.09038,43.16925],[27.08729,43.16713],[27.08809,43.16623],[27.08714,43.16633],[27.09225,43.15996],[27.08767,43.16053],[27.08534,43.16352],[27.08148,43.165],[27.08086,43.16451],[27.07957,43.16555],[27.07811,43.16361],[27.07173,43.16569],[27.06754,43.16611],[27.06644,43.1641],[27.06272,43.16401],[27.06036,43.16476],[27.05883,43.16322],[27.05427,43.16406],[27.04965,43.15984],[27.04762,43.15721],[27.04749,43.15463],[27.0464,43.15387],[27.04737,43.15067],[27.04616,43.15028],[27.04443,43.14648],[27.04599,43.14379],[27.04296,43.14137],[27.04134,43.13797],[27.04007,43.13772],[27.04009,43.13286],[27.03825,43.13066],[27.04035,43.13016],[27.03925,43.12868],[27.04015,43.12498],[27.03664,43.1251],[27.03481,43.10446],[27.03845,43.10406],[27.0396,43.1057],[27.04066,43.10617],[27.04191,43.10571],[27.04485,43.10692],[27.04473,43.10528],[27.04895,43.10551],[27.04987,43.10373],[27.04415,43.10206],[27.05052,43.1004],[27.04706,43.09901],[27.0461,43.09742],[27.0468,43.09651],[27.04615,43.09466],[27.04937,43.09192],[27.04589,43.09036],[27.0534,43.08571],[27.05504,43.08392],[27.05657,43.08402],[27.06431,43.0803],[27.07185,43.07771],[27.06943,43.07645],[27.07233,43.07721],[27.07695,43.0763],[27.08068,43.07162],[27.08203,43.06666],[27.08832,43.06362],[27.09085,43.05833],[27.09022,43.05774],[27.09528,43.058],[27.10077,43.06083],[27.09992,43.06188],[27.10186,43.06306],[27.10167,43.06467],[27.10456,43.07209],[27.10348,43.07243],[27.10386,43.07327],[27.10002,43.07426],[27.10089,43.07456],[27.0983,43.07685],[27.09911,43.0786],[27.10317,43.07783],[27.10398,43.07972],[27.11077,43.07827],[27.11239,43.07841],[27.11411,43.08033],[27.11908,43.0799],[27.12075,43.08069],[27.12367,43.07999],[27.12589,43.08084],[27.12795,43.07906],[27.1323,43.07974],[27.13338,43.07756],[27.13267,43.07679],[27.13387,43.07629],[27.13054,43.07447],[27.13012,43.07138],[27.12245,43.07344],[27.12182,43.07066],[27.11858,43.07107],[27.11624,43.06712],[27.12335,43.06436],[27.12625,43.06179],[27.13342,43.0578],[27.1387,43.05685],[27.14705,43.05892],[27.14976,43.06109],[27.15381,43.06066],[27.15501,43.05971],[27.15458,43.05667],[27.15649,43.05447],[27.16568,43.05065],[27.16659,43.05101],[27.17367,43.0494],[27.17547,43.04861],[27.17589,43.04739],[27.17599,43.04626],[27.17432,43.04506],[27.1684,43.04624],[27.16547,43.0449],[27.16591,43.04404],[27.16498,43.043],[27.16238,43.04511],[27.16093,43.04446],[27.16069,43.04223],[27.163,43.04126],[27.16098,43.03805],[27.15681,43.038],[27.15433,43.03625],[27.15275,43.03665],[27.15069,43.03464],[27.15027,43.03296],[27.14638,43.03241],[27.14526,43.02731],[27.14202,43.02631],[27.14106,43.0253],[27.14944,43.02286],[27.15487,43.02493],[27.15603,43.02628],[27.15507,43.02908],[27.15766,43.0295],[27.16681,43.02749],[27.16666,43.02648],[27.16849,43.02699],[27.16921,43.02663],[27.16874,43.02594],[27.17181,43.02677],[27.18009,43.0258],[27.18185,43.02677],[27.18294,43.02638],[27.18422,43.02693],[27.18472,43.02613],[27.18388,43.02465],[27.18515,43.02565],[27.1847,43.02719],[27.1876,43.02942],[27.18733,43.03014],[27.1885,43.02971],[27.18804,43.03052],[27.19103,43.03272],[27.19344,43.03137],[27.19115,43.03307],[27.19236,43.03437],[27.19359,43.03426],[27.19409,43.03546],[27.19296,43.0356],[27.19311,43.03629],[27.19474,43.03672],[27.19235,43.03668],[27.19926,43.03812],[27.20662,43.04087],[27.21687,43.04135],[27.22304,43.04059],[27.23456,43.03889],[27.23868,43.03704],[27.24258,43.02722],[27.25924,43.01741],[27.26281,43.01959],[27.26747,43.02113],[27.2769,43.01857],[27.28224,43.02004],[27.28342,43.02206],[27.2834,43.01971],[27.28467,43.01726],[27.28789,43.01461],[27.28951,43.01375],[27.29097,43.01416],[27.29323,43.01238],[27.29466,43.01297],[27.29502,43.01139],[27.30001,43.01236],[27.31268,43.00747],[27.3191,43.00652],[27.32315,43.00362],[27.32681,42.99892],[27.33239,43.00367],[27.33793,43.00362],[27.33961,43.00665],[27.34103,43.01061],[27.33,43.01504],[27.32909,43.02279],[27.32537,43.02349],[27.32452,43.02294],[27.32329,43.02185],[27.3244,43.02113],[27.32284,43.01654],[27.32061,43.0164],[27.30281,43.02276],[27.30304,43.02167],[27.29838,43.02219],[27.29809,43.02156],[27.29709,43.02179],[27.29723,43.021],[27.29193,43.02279],[27.29058,43.02244],[27.29101,43.02376],[27.28716,43.02484],[27.28696,43.02635],[27.2861,43.02641],[27.29287,43.02683],[27.29524,43.02824],[27.29366,43.03002],[27.29711,43.03336],[27.30368,43.03657],[27.31473,43.03956],[27.33067,43.04133],[27.33326,43.04269],[27.3343,43.04484],[27.33631,43.04523],[27.33443,43.04657],[27.32328,43.0469],[27.32213,43.05018],[27.30483,43.04891],[27.30329,43.0509],[27.3031,43.05502],[27.31534,43.05453],[27.31728,43.05384],[27.31869,43.05542],[27.31967,43.05547],[27.31964,43.0564],[27.32389,43.05611],[27.32492,43.05299],[27.32605,43.05309],[27.32503,43.05566],[27.32606,43.056],[27.32684,43.05313],[27.32645,43.05628],[27.32814,43.05616],[27.3294,43.05485],[27.33327,43.05534],[27.3344,43.05405],[27.3354,43.05418],[27.33446,43.05705],[27.3447,43.05688],[27.34386,43.0617],[27.3501,43.06337],[27.35003,43.06417],[27.35123,43.06317],[27.35523,43.06364],[27.35761,43.05979],[27.3605,43.05842],[27.36109,43.05745],[27.36034,43.057],[27.36165,43.05729],[27.3667,43.05098],[27.37043,43.04855],[27.3726,43.04815],[27.38205,43.04945],[27.39334,43.04723],[27.40087,43.04687],[27.40089,43.04404],[27.40326,43.04417],[27.40308,43.04599],[27.40497,43.047],[27.41067,43.0475],[27.41781,43.04985],[27.43228,43.04567],[27.43739,43.04542],[27.4397,43.04442],[27.43808,43.04611],[27.43676,43.04595],[27.43659,43.04699],[27.44263,43.04823],[27.44159,43.05016],[27.4436,43.04873],[27.44237,43.05087],[27.44774,43.0515],[27.44973,43.04904],[27.45831,43.05033],[27.46603,43.05494],[27.47305,43.05525],[27.47768,43.05391],[27.48,43.05197],[27.48165,43.04864],[27.48506,43.04687],[27.4987,43.04547],[27.50321,43.04609],[27.51726,43.05248],[27.51568,43.05319],[27.51347,43.05233],[27.51279,43.05504],[27.51502,43.05694],[27.51382,43.05621],[27.51319,43.05787],[27.51594,43.05916],[27.51853,43.05822],[27.51985,43.05949],[27.52154,43.05855],[27.51973,43.06059],[27.52199,43.06135],[27.51704,43.06753],[27.51662,43.06986],[27.51876,43.07125],[27.52395,43.07237],[27.52465,43.07593],[27.52266,43.07613],[27.52284,43.07898],[27.52396,43.08023],[27.53085,43.0802],[27.53232,43.08231],[27.53377,43.08135],[27.536,43.08423],[27.52878,43.08799],[27.50005,43.1075],[27.48243,43.10519],[27.48367,43.10309],[27.4828,43.1029],[27.48242,43.10143],[27.47958,43.10008],[27.4799,43.09957],[27.47561,43.09958],[27.47617,43.09937],[27.47479,43.0986],[27.47515,43.09712],[27.47388,43.09681],[27.47418,43.09536],[27.47104,43.09508],[27.47023,43.09439],[27.46815,43.09657],[27.46865,43.09901],[27.46798,43.09979],[27.46703,43.09938],[27.46391,43.10422],[27.46449,43.10507],[27.46568,43.10463],[27.46648,43.10616],[27.47273,43.10836],[27.47005,43.1103],[27.47235,43.11156],[27.47468,43.11168],[27.47304,43.11542],[27.4698,43.11432],[27.46543,43.11527],[27.46145,43.11398],[27.45925,43.11409],[27.45908,43.11356],[27.45286,43.11576],[27.44953,43.11603],[27.44714,43.11442],[27.44413,43.11414],[27.44444,43.11314],[27.44175,43.11316],[27.43654,43.1151],[27.42407,43.11726],[27.42131,43.11714],[27.42041,43.11821],[27.42019,43.11701],[27.4178,43.11726],[27.41756,43.11639],[27.41198,43.1149],[27.407,43.11689],[27.40149,43.11548],[27.40038,43.11419],[27.40105,43.11409],[27.39982,43.11047],[27.39511,43.11115],[27.39416,43.11058],[27.39443,43.10921],[27.39324,43.10978],[27.39324,43.10692],[27.39146,43.10682],[27.39167,43.10771],[27.38875,43.10825],[27.38895,43.11215],[27.38818,43.11182],[27.38705,43.11305],[27.38692,43.11244],[27.3862,43.11287],[27.38616,43.11519],[27.38546,43.1161],[27.38323,43.11669],[27.38317,43.11776],[27.38134,43.11813],[27.38034,43.11932],[27.3774,43.11937],[27.37414,43.12122],[27.37462,43.12432],[27.37026,43.12551],[27.36755,43.12721],[27.3609,43.12347],[27.36271,43.12202],[27.35516,43.11616],[27.3459,43.11928],[27.33243,43.11885],[27.33114,43.11708],[27.3276,43.1174],[27.32604,43.11705],[27.32558,43.1157],[27.3199,43.11645],[27.32003,43.11732],[27.31965,43.11678],[27.31706,43.11768],[27.31819,43.11892],[27.31339,43.11691],[27.31256,43.11921],[27.31345,43.12027],[27.31224,43.12174],[27.31397,43.1261],[27.31181,43.12932],[27.31709,43.1292],[27.32827,43.14564],[27.32784,43.1466],[27.33194,43.16064],[27.3286,43.16133],[27.32874,43.16312],[27.32961,43.16319],[27.32806,43.16667],[27.32912,43.16847],[27.33006,43.1681],[27.33064,43.16884],[27.33213,43.16743],[27.33301,43.16812],[27.33409,43.16751],[27.34137,43.16957],[27.34238,43.16844],[27.34247,43.17052],[27.34798,43.17163],[27.35116,43.17011],[27.35103,43.1689],[27.35433,43.16787],[27.35204,43.16455],[27.35767,43.16298],[27.35651,43.16284],[27.36395,43.15903],[27.36787,43.1586],[27.36993,43.16066],[27.37735,43.14843],[27.38008,43.14932],[27.38036,43.14674],[27.38148,43.14592],[27.38419,43.14592],[27.38456,43.14209],[27.3913,43.14103],[27.3908,43.13717],[27.39268,43.13833],[27.39501,43.13798],[27.39414,43.13526],[27.3981,43.1356],[27.40633,43.13476],[27.42928,43.13514],[27.44558,43.14885],[27.44709,43.14687],[27.44615,43.14647],[27.44633,43.14334],[27.44892,43.13836],[27.45401,43.1361],[27.45751,43.13668],[27.45936,43.13517],[27.45972,43.1337],[27.46242,43.13229],[27.46355,43.13253],[27.4623,43.1329],[27.46283,43.13348],[27.46384,43.13262],[27.46377,43.13458],[27.4657,43.13518],[27.46511,43.13666],[27.46643,43.1371],[27.46434,43.14131],[27.46724,43.14243],[27.46559,43.14771],[27.46409,43.14784],[27.46377,43.14854],[27.46156,43.14789],[27.45856,43.15043],[27.45732,43.15341],[27.46163,43.15803],[27.45649,43.17264],[27.45719,43.17279],[27.4553,43.1741],[27.45864,43.18212],[27.46112,43.18499],[27.46476,43.18656],[27.46599,43.18806],[27.46729,43.18822],[27.46736,43.18665],[27.4691,43.18828],[27.47029,43.18804],[27.47146,43.1837],[27.4756,43.18667],[27.47864,43.19128],[27.48091,43.19169],[27.48373,43.20019],[27.48755,43.19074],[27.49187,43.18629],[27.49608,43.1846],[27.49651,43.18311],[27.49576,43.18282],[27.49961,43.18203],[27.50137,43.18095],[27.50411,43.18167],[27.50646,43.18064],[27.50761,43.1822],[27.51443,43.17961],[27.51406,43.18037],[27.51581,43.18088],[27.5152,43.18492],[27.51147,43.18931],[27.51129,43.1914],[27.51069,43.19224],[27.50926,43.19226],[27.50717,43.19879],[27.50959,43.19925],[27.51019,43.20248],[27.50801,43.20392],[27.50821,43.2054],[27.5068,43.20519],[27.50625,43.20683],[27.50021,43.21381],[27.49436,43.21773],[27.49373,43.22197],[27.49054,43.22515],[27.48274,43.22468],[27.48567,43.22803],[27.48583,43.22971],[27.48398,43.22997],[27.48318,43.22941],[27.48273,43.23001],[27.48278,43.22941],[27.48228,43.23103],[27.48133,43.23125],[27.47967,43.23057],[27.47923,43.23121],[27.4752,43.22772],[27.47457,43.2284],[27.47074,43.2272],[27.4696,43.22424],[27.46587,43.22645],[27.46458,43.2262],[27.46355,43.22483],[27.46318,43.22612],[27.46213,43.22332],[27.46092,43.22431],[27.45981,43.22384],[27.45718,43.22443],[27.45687,43.22546],[27.45394,43.22741],[27.45398,43.22833],[27.45177,43.2295],[27.45349,43.23294],[27.45231,43.23333],[27.45526,43.23591],[27.45907,43.23635],[27.45994,43.23981],[27.46166,43.24096],[27.46396,43.24028],[27.46603,43.24101],[27.46681,43.23982],[27.46671,43.24163],[27.46365,43.2418],[27.46349,43.24368],[27.4647,43.2455],[27.46685,43.2449],[27.46795,43.25015],[27.46893,43.24766],[27.46987,43.24849],[27.47048,43.25097],[27.47335,43.2499],[27.47321,43.25355],[27.47684,43.25316],[27.47429,43.25387],[27.47406,43.25509],[27.47599,43.25523],[27.47469,43.25551],[27.4766,43.25579],[27.47441,43.26004],[27.47318,43.26074],[27.47275,43.25994],[27.47197,43.2613],[27.47378,43.26195],[27.4768,43.26024],[27.47821,43.26084],[27.47589,43.26371],[27.47662,43.2707],[27.47838,43.27259],[27.47771,43.27441],[27.48311,43.27593],[27.48453,43.27742],[27.48567,43.27966],[27.48485,43.28027],[27.47461,43.28202],[27.4725,43.28104],[27.47037,43.27824],[27.46824,43.27748],[27.47052,43.26854],[27.4618,43.26552],[27.46231,43.26355],[27.46464,43.26099],[27.46411,43.25723],[27.46508,43.2551],[27.46092,43.25465],[27.46026,43.25168],[27.45927,43.25156],[27.46041,43.25041],[27.45853,43.24862],[27.45629,43.24794],[27.4513,43.24284],[27.44593,43.24262],[27.44444,43.24136],[27.44316,43.24151],[27.44408,43.24583],[27.44277,43.24216],[27.43933,43.23819],[27.43761,43.23456],[27.43322,43.23504],[27.42366,43.23442],[27.42386,43.23391],[27.41945,43.23342],[27.41563,43.23367],[27.41536,43.23455],[27.41116,43.2357],[27.41062,43.23723],[27.40595,43.23796],[27.40657,43.23937],[27.40907,43.23891],[27.41624,43.23972],[27.41626,43.24072],[27.41692,43.23997],[27.4195,43.24015],[27.42062,43.23952],[27.4196,43.24378],[27.41684,43.24375],[27.41702,43.24453],[27.41486,43.24535],[27.41546,43.24744],[27.41278,43.24849],[27.41444,43.25227],[27.41542,43.25254],[27.40978,43.25321],[27.40881,43.25446],[27.40774,43.25437],[27.40853,43.25719],[27.40688,43.25769],[27.4067,43.25847],[27.407,43.2639],[27.39834,43.26523],[27.39819,43.2665],[27.40054,43.26992],[27.39804,43.27038],[27.39798,43.27108],[27.40634,43.27129],[27.40355,43.27304],[27.40449,43.27534],[27.40261,43.27846],[27.3935,43.28218],[27.39413,43.28603],[27.39296,43.28788],[27.39175,43.28808],[27.39063,43.28974],[27.38659,43.29135],[27.38166,43.29053],[27.38059,43.2953],[27.38054,43.29139],[27.37877,43.28484],[27.37783,43.28435],[27.37602,43.28526],[27.37628,43.28437],[27.37525,43.28397],[27.37249,43.28616],[27.37619,43.28223],[27.37443,43.28088],[27.37799,43.27604],[27.37714,43.27108],[27.38175,43.26676],[27.38037,43.26614],[27.38436,43.26236],[27.37035,43.25698],[27.36857,43.26009],[27.36696,43.2585],[27.3595,43.26158],[27.34823,43.26264],[27.34288,43.26231],[27.3418,43.2615],[27.33687,43.26259],[27.32868,43.26249],[27.32379,43.26201],[27.32345,43.26083],[27.32167,43.26253],[27.31656,43.26413],[27.30436,43.26429],[27.3042,43.26503],[27.30203,43.2649],[27.29808,43.26286],[27.29649,43.26634],[27.29404,43.26808],[27.29392,43.26911],[27.29518,43.26964],[27.29412,43.27096],[27.29265,43.27113],[27.29283,43.27263],[27.29026,43.27284],[27.28923,43.27529],[27.29501,43.27731],[27.29608,43.27703],[27.29631,43.27776],[27.29271,43.28081],[27.29487,43.28084],[27.29589,43.28217],[27.28826,43.28539],[27.28695,43.28435],[27.28433,43.28396],[27.27862,43.28674],[27.27219,43.28764],[27.26845,43.28949],[27.26062,43.28987],[27.26278,43.29137],[27.26208,43.29173],[27.26129,43.29103],[27.25855,43.29179],[27.25805,43.29285],[27.24897,43.29283],[27.24473,43.29206],[27.2356,43.2889],[27.22887,43.28477],[27.22766,43.28799],[27.22159,43.29522],[27.20919,43.30063],[27.19253,43.30395],[27.18303,43.30708],[27.18027,43.30592],[27.17985,43.30033],[27.18092,43.30094],[27.18421,43.30066],[27.18582,43.29942],[27.18313,43.29755],[27.18666,43.29488],[27.18496,43.29294],[27.17945,43.29453],[27.17536,43.2939],[27.1746,43.29445],[27.17324,43.29449],[27.17469,43.29634],[27.17397,43.29733],[27.1703,43.29907],[27.17132,43.30096],[27.16869,43.3025],[27.16415,43.30373],[27.16009,43.30348]]]},"properties":{"SiteCode":"BG0002038","SiteNameBG":"Провадийско-Роякско плато","SiteType":"SPA","SiteArea":84031.504100000006,"naturaClass":"spa"}},{"type":"Feature","geometry":{"type":"Polygon","coordinates":[[[27.35222,44.03574],[27.35217,44.03334],[27.35372,44.03207],[27.35375,44.03136],[27.35144,44.03185],[27.35221,44.03069],[27.35142,44.02936],[27.35317,44.02941],[27.34763,44.02185],[27.34617,44.02125],[27.3449,44.0226],[27.34374,44.02261],[27.33504,44.01972],[27.3296,44.0157],[27.33027,44.01483],[27.32882,44.01404],[27.3289,44.01236],[27.32703,44.01147],[27.32693,44.01207],[27.32492,44.01206],[27.32257,44.00912],[27.3207,44.00814],[27.32107,44.00713],[27.32021,44.00759],[27.31625,44.0055],[27.31517,44.00358],[27.31499,44.00168],[27.31813,43.99437],[27.31038,43.99246],[27.31116,43.99041],[27.30734,43.9888],[27.30841,43.98076],[27.30195,43.97231],[27.29936,43.96702],[27.29788,43.9606],[27.30858,43.95984],[27.30996,43.9604],[27.31203,43.95924],[27.31192,43.95721],[27.31045,43.95709],[27.31184,43.95486],[27.31043,43.95366],[27.31408,43.95321],[27.31425,43.95202],[27.31339,43.95097],[27.31139,43.95102],[27.30711,43.95387],[27.30546,43.95397],[27.30578,43.95286],[27.30236,43.95343],[27.30186,43.95224],[27.30379,43.95196],[27.29984,43.95063],[27.29515,43.94497],[27.30159,43.94429],[27.30073,43.94186],[27.30581,43.94283],[27.3061,43.9412],[27.29782,43.93958],[27.29577,43.92874],[27.30202,43.9286],[27.30116,43.92533],[27.2993,43.92367],[27.29714,43.92289],[27.29267,43.92367],[27.29258,43.92188],[27.29683,43.92253],[27.29861,43.91686],[27.29288,43.91612],[27.29459,43.91031],[27.29272,43.9049],[27.2895,43.90535],[27.28135,43.89624],[27.26478,43.88625],[27.25841,43.88442],[27.2598,43.87931],[27.256,43.87817],[27.25713,43.87794],[27.25723,43.87595],[27.25969,43.87605],[27.26016,43.87536],[27.26065,43.87595],[27.26365,43.87601],[27.26404,43.87493],[27.26327,43.87454],[27.26758,43.87457],[27.26495,43.87316],[27.26681,43.87336],[27.26945,43.87251],[27.26951,43.86926],[27.26723,43.86934],[27.26438,43.86836],[27.26162,43.86819],[27.25875,43.86919],[27.2581,43.8674],[27.26076,43.86749],[27.26462,43.86586],[27.26262,43.86422],[27.2598,43.86397],[27.25368,43.86092],[27.25295,43.86424],[27.25048,43.86377],[27.25036,43.8619],[27.2484,43.86173],[27.24339,43.86217],[27.2424,43.8639],[27.24051,43.86348],[27.23975,43.8648],[27.23863,43.865],[27.23173,43.86438],[27.22572,43.86262],[27.20893,43.84259],[27.20735,43.84241],[27.20506,43.83803],[27.21259,43.83896],[27.21036,43.83545],[27.21703,43.83639],[27.21881,43.83249],[27.22146,43.83309],[27.22302,43.8327],[27.22317,43.83018],[27.21254,43.82863],[27.21488,43.82216],[27.21153,43.82056],[27.21164,43.81598],[27.21622,43.8158],[27.21151,43.81122],[27.21395,43.80966],[27.21332,43.80506],[27.21619,43.80526],[27.21471,43.80202],[27.2187,43.80437],[27.2164,43.808],[27.21684,43.8085],[27.22187,43.80854],[27.22325,43.81036],[27.22427,43.81021],[27.22957,43.81341],[27.23567,43.81434],[27.23872,43.81726],[27.23932,43.81603],[27.24023,43.81634],[27.24184,43.81582],[27.2426,43.81407],[27.24385,43.81403],[27.24408,43.81222],[27.24847,43.80558],[27.25241,43.80436],[27.25087,43.8008],[27.24782,43.80054],[27.2477,43.79956],[27.24945,43.79979],[27.25107,43.79893],[27.2524,43.79989],[27.254,43.7996],[27.25534,43.79894],[27.25443,43.79827],[27.25881,43.79561],[27.25615,43.79276],[27.25919,43.78924],[27.25204,43.78595],[27.25145,43.78641],[27.24842,43.78464],[27.2472,43.78479],[27.24786,43.7838],[27.24657,43.781],[27.24721,43.77929],[27.25474,43.77264],[27.25766,43.77201],[27.26218,43.76448],[27.27065,43.76099],[27.2723,43.75711],[27.28419,43.7533],[27.28701,43.75017],[27.2921,43.74752],[27.3021,43.74991],[27.30137,43.75457],[27.30879,43.75452],[27.30907,43.75644],[27.31063,43.75714],[27.30984,43.75948],[27.31051,43.76068],[27.31254,43.76049],[27.31462,43.7593],[27.31196,43.76081],[27.31287,43.7614],[27.3137,43.76037],[27.31353,43.76185],[27.31599,43.75892],[27.31387,43.76252],[27.31439,43.76199],[27.31949,43.76998],[27.31714,43.77065],[27.31642,43.77359],[27.31527,43.77375],[27.31586,43.77481],[27.32049,43.77767],[27.32196,43.77733],[27.32335,43.78106],[27.32458,43.78183],[27.32577,43.77987],[27.32859,43.77949],[27.3305,43.78026],[27.33565,43.78018],[27.3315,43.78665],[27.32869,43.78579],[27.32447,43.78865],[27.32284,43.79428],[27.32788,43.79505],[27.33519,43.79363],[27.33834,43.79156],[27.34054,43.79124],[27.34254,43.79227],[27.33909,43.7927],[27.33776,43.79384],[27.33816,43.7957],[27.32746,43.79704],[27.32364,43.79656],[27.32311,43.79592],[27.32161,43.79611],[27.32019,43.79755],[27.32059,43.80098],[27.32951,43.80146],[27.33021,43.80245],[27.33203,43.80251],[27.33211,43.80135],[27.33711,43.80034],[27.34442,43.80082],[27.34801,43.79908],[27.34979,43.79898],[27.35175,43.81554],[27.34262,43.81776],[27.33964,43.81687],[27.33848,43.83399],[27.33451,43.8338],[27.33423,43.84111],[27.33293,43.84123],[27.33298,43.84373],[27.33645,43.84385],[27.33538,43.84639],[27.33688,43.84668],[27.33624,43.84871],[27.33695,43.85168],[27.33998,43.85229],[27.33942,43.85293],[27.34017,43.85317],[27.34059,43.85233],[27.34419,43.85212],[27.35344,43.85799],[27.3549,43.85706],[27.35859,43.85724],[27.36006,43.85266],[27.36345,43.85361],[27.36578,43.8489],[27.36761,43.84937],[27.37269,43.8488],[27.37298,43.84592],[27.37438,43.84641],[27.37917,43.84384],[27.37865,43.8447],[27.38143,43.84587],[27.38127,43.84178],[27.37946,43.83449],[27.37858,43.83483],[27.3716,43.83086],[27.37111,43.82906],[27.36504,43.82853],[27.36485,43.82751],[27.35743,43.82548],[27.35705,43.8232],[27.35413,43.82146],[27.35272,43.82155],[27.35243,43.81846],[27.35448,43.81833],[27.35469,43.82023],[27.35703,43.82009],[27.35652,43.81269],[27.3552,43.81227],[27.35531,43.81098],[27.36149,43.80879],[27.3595,43.8063],[27.35513,43.80566],[27.35576,43.80481],[27.35445,43.80434],[27.35552,43.80398],[27.35634,43.8016],[27.35769,43.80285],[27.35886,43.80286],[27.35684,43.80308],[27.35745,43.80483],[27.36227,43.80477],[27.36515,43.80235],[27.37072,43.80165],[27.36867,43.79932],[27.36706,43.7992],[27.36843,43.79521],[27.3633,43.79613],[27.36102,43.79484],[27.36948,43.79384],[27.36947,43.79332],[27.36444,43.79119],[27.36388,43.7928],[27.36138,43.79317],[27.36081,43.79224],[27.35543,43.79089],[27.35207,43.79125],[27.34931,43.79294],[27.34816,43.78492],[27.35146,43.78367],[27.35054,43.78499],[27.35218,43.78724],[27.3554,43.78892],[27.35797,43.7891],[27.35888,43.7885],[27.35852,43.78997],[27.36245,43.7908],[27.36221,43.78676],[27.36062,43.78453],[27.36064,43.78193],[27.35912,43.77908],[27.35311,43.77776],[27.35923,43.77767],[27.36432,43.7795],[27.36774,43.77909],[27.36837,43.77854],[27.36458,43.77544],[27.36644,43.77612],[27.36748,43.77475],[27.36801,43.77645],[27.36842,43.77623],[27.3679,43.77499],[27.3686,43.77665],[27.3706,43.77775],[27.37576,43.77311],[27.37916,43.77345],[27.37755,43.77548],[27.3772,43.77808],[27.38099,43.78375],[27.38487,43.78237],[27.38924,43.78285],[27.39281,43.7819],[27.39398,43.78147],[27.39388,43.77955],[27.39495,43.77873],[27.39507,43.78178],[27.39767,43.78366],[27.39783,43.78596],[27.40017,43.7883],[27.40311,43.78937],[27.39784,43.78867],[27.39766,43.79145],[27.39685,43.79147],[27.39232,43.78973],[27.3922,43.78748],[27.38949,43.78819],[27.38942,43.7894],[27.38823,43.79021],[27.38698,43.78957],[27.38672,43.78702],[27.38429,43.78708],[27.38474,43.79566],[27.40779,43.79503],[27.40745,43.79711],[27.4111,43.79737],[27.40829,43.7984],[27.4089,43.79914],[27.40695,43.80016],[27.40636,43.80177],[27.40341,43.80267],[27.40441,43.80521],[27.40747,43.80412],[27.40855,43.80589],[27.41053,43.80602],[27.41163,43.80537],[27.4124,43.80633],[27.41154,43.8068],[27.41626,43.80985],[27.41325,43.81193],[27.41992,43.82221],[27.41725,43.82432],[27.41268,43.83297],[27.41975,43.83544],[27.41889,43.84784],[27.41637,43.84934],[27.41866,43.85178],[27.42395,43.85435],[27.4089,43.86355],[27.41384,43.86838],[27.41272,43.86994],[27.41498,43.87082],[27.41758,43.86933],[27.42142,43.871],[27.42287,43.87013],[27.42597,43.86983],[27.42822,43.86791],[27.43041,43.86739],[27.42989,43.86625],[27.42775,43.86674],[27.42485,43.8652],[27.42541,43.86368],[27.42722,43.86259],[27.43106,43.86181],[27.43153,43.86046],[27.43355,43.85987],[27.43787,43.85593],[27.441,43.84929],[27.44265,43.84918],[27.44182,43.84572],[27.44609,43.85239],[27.45271,43.85178],[27.45816,43.8527],[27.46002,43.83987],[27.45822,43.83695],[27.45925,43.83475],[27.4688,43.83335],[27.47365,43.8336],[27.4741,43.83233],[27.47708,43.83196],[27.49384,43.82486],[27.49593,43.82661],[27.49806,43.82607],[27.4954,43.82398],[27.4967,43.82331],[27.50442,43.82675],[27.50703,43.83016],[27.5084,43.82686],[27.50765,43.82459],[27.50824,43.82398],[27.51458,43.82151],[27.51496,43.8221],[27.51975,43.82047],[27.52247,43.81787],[27.52483,43.81886],[27.52651,43.81863],[27.52725,43.8208],[27.53019,43.82112],[27.53165,43.82293],[27.53188,43.82595],[27.53102,43.82669],[27.5312,43.82827],[27.5316,43.82671],[27.53315,43.82719],[27.53168,43.82967],[27.53075,43.82802],[27.52892,43.82703],[27.52974,43.82638],[27.52675,43.82525],[27.52769,43.82661],[27.52702,43.82643],[27.52738,43.82812],[27.52627,43.82709],[27.52379,43.82716],[27.52241,43.82618],[27.52287,43.82849],[27.51906,43.83012],[27.51479,43.82744],[27.51024,43.83292],[27.51436,43.83384],[27.51367,43.83812],[27.51806,43.83888],[27.52845,43.83893],[27.52754,43.84091],[27.5284,43.84152],[27.52696,43.8445],[27.53045,43.84586],[27.52876,43.84815],[27.52589,43.84892],[27.52565,43.84969],[27.52439,43.84944],[27.52443,43.85616],[27.50434,43.86146],[27.49604,43.86097],[27.49319,43.86264],[27.49218,43.86272],[27.49143,43.86173],[27.48966,43.86205],[27.48928,43.8637],[27.48889,43.8631],[27.48846,43.86374],[27.48789,43.86321],[27.48725,43.86412],[27.48551,43.86423],[27.48741,43.86541],[27.48753,43.8673],[27.4868,43.86633],[27.48597,43.86675],[27.48688,43.86742],[27.4829,43.86677],[27.48292,43.86808],[27.48202,43.86728],[27.48121,43.87067],[27.48185,43.87087],[27.48267,43.86941],[27.48452,43.86975],[27.48522,43.87264],[27.49197,43.87682],[27.49027,43.87787],[27.49159,43.87849],[27.49003,43.87939],[27.49423,43.88177],[27.49251,43.88139],[27.49211,43.88267],[27.49089,43.88132],[27.48961,43.88244],[27.48848,43.88154],[27.48336,43.8865],[27.47389,43.88403],[27.47104,43.88181],[27.46814,43.88445],[27.46951,43.8856],[27.46881,43.88896],[27.46605,43.8888],[27.4663,43.89078],[27.47578,43.89392],[27.47667,43.89498],[27.4759,43.89656],[27.47675,43.89724],[27.47643,43.89866],[27.47387,43.90052],[27.47434,43.9012],[27.46515,43.90238],[27.46511,43.90321],[27.4664,43.90425],[27.46396,43.90564],[27.46234,43.90562],[27.46131,43.90689],[27.46399,43.91039],[27.46854,43.90929],[27.46947,43.90807],[27.47064,43.90917],[27.4685,43.91188],[27.46982,43.9131],[27.46717,43.91756],[27.46441,43.91681],[27.46362,43.91538],[27.45352,43.91288],[27.45178,43.91523],[27.46401,43.91876],[27.45962,43.92531],[27.45641,43.92512],[27.45691,43.93046],[27.45214,43.93022],[27.44655,43.92658],[27.44058,43.92827],[27.4366,43.92638],[27.43177,43.92938],[27.43058,43.92825],[27.42929,43.92855],[27.42924,43.93039],[27.43077,43.93139],[27.42979,43.93266],[27.42802,43.9323],[27.42721,43.93301],[27.42584,43.93196],[27.42423,43.93189],[27.42486,43.93489],[27.42759,43.93749],[27.43318,43.94049],[27.43458,43.93903],[27.42902,43.94538],[27.43853,43.94691],[27.43725,43.9511],[27.42826,43.9566],[27.42808,43.95756],[27.43015,43.95932],[27.43531,43.95751],[27.43494,43.95528],[27.43672,43.95822],[27.44191,43.95594],[27.44265,43.95627],[27.44231,43.96911],[27.44089,43.97243],[27.43691,43.97441],[27.43672,43.97517],[27.43366,43.97582],[27.43024,43.97546],[27.42956,43.97576],[27.4303,43.97648],[27.42986,43.97731],[27.42813,43.9768],[27.42765,43.97732],[27.42298,43.97556],[27.42,43.97571],[27.41233,43.97313],[27.41173,43.97368],[27.41623,43.9749],[27.40951,43.97657],[27.40837,43.98237],[27.40369,43.98244],[27.40267,43.98886],[27.39987,43.99305],[27.40107,43.99582],[27.40211,43.99552],[27.40309,43.99723],[27.4039,43.99697],[27.4065,43.99974],[27.40754,44.00296],[27.41007,44.00593],[27.40526,44.00731],[27.39756,44.01091],[27.39145,44.00981],[27.38403,44.01045],[27.38238,44.00958],[27.38084,44.01109],[27.379,44.01043],[27.37841,44.01097],[27.37953,44.01217],[27.37832,44.01562],[27.3741,44.01374],[27.36718,44.01688],[27.36253,44.01633],[27.35707,44.02178],[27.36106,44.02462],[27.36083,44.0278],[27.36231,44.03073],[27.36125,44.03076],[27.35925,44.03284],[27.36006,44.03407],[27.35854,44.0328],[27.35699,44.03521],[27.3542,44.03335],[27.35222,44.03574]]]},"properties":{"SiteCode":"BG0002039","SiteNameBG":"Хърсовска река","SiteType":"SPA","SiteArea":35428.627,"naturaClass":"spa"}},{"type":"Feature","geometry":{"type":"Polygon","coordinates":[[[27.34989,42.19679],[27.34828,42.19511],[27.34758,42.1918],[27.34586,42.19132],[27.34292,42.19192],[27.34007,42.19041],[27.33581,42.19332],[27.33361,42.19372],[27.33228,42.19598],[27.33294,42.19751],[27.33218,42.19948],[27.32299,42.20238],[27.31982,42.20425],[27.31575,42.2041],[27.3149,42.20521],[27.31112,42.20333],[27.30868,42.20342],[27.30267,42.20092],[27.30032,42.19844],[27.29914,42.19829],[27.29693,42.19828],[27.29421,42.19978],[27.29119,42.19958],[27.29095,42.20174],[27.28755,42.20242],[27.28577,42.20366],[27.28123,42.20342],[27.27662,42.2006],[27.27295,42.20101],[27.26802,42.1993],[27.26332,42.20083],[27.26089,42.19698],[27.26224,42.19584],[27.26134,42.19254],[27.25625,42.18554],[27.25731,42.18328],[27.26036,42.18223],[27.26309,42.17823],[27.27337,42.17553],[27.27138,42.17337],[27.27278,42.17098],[27.26868,42.16701],[27.26797,42.1595],[27.26886,42.15555],[27.27545,42.15275],[27.28023,42.15235],[27.28165,42.15059],[27.28204,42.14739],[27.28759,42.14314],[27.28451,42.13586],[27.28116,42.13558],[27.27856,42.13325],[27.27943,42.131],[27.2786,42.12921],[27.28209,42.12684],[27.28221,42.12331],[27.28709,42.12008],[27.28596,42.11427],[27.28472,42.11236],[27.28448,42.10793],[27.28309,42.10602],[27.27813,42.10382],[27.27534,42.10151],[27.27404,42.10321],[27.27281,42.09963],[27.27371,42.0983],[27.28183,42.09545],[27.2875,42.09597],[27.29,42.09747],[27.29348,42.09718],[27.29498,42.0936],[27.30004,42.08653],[27.30173,42.08752],[27.30538,42.08569],[27.31099,42.08719],[27.31311,42.08564],[27.31683,42.07865],[27.3196,42.08005],[27.32632,42.08002],[27.32669,42.07218],[27.32945,42.07175],[27.33589,42.06709],[27.33471,42.06264],[27.33584,42.06002],[27.35303,42.06066],[27.35867,42.05944],[27.3615,42.05801],[27.36358,42.05843],[27.36572,42.05705],[27.368,42.05405],[27.37095,42.05212],[27.37436,42.04688],[27.37738,42.04556],[27.37495,42.04125],[27.37751,42.04047],[27.37636,42.03928],[27.37672,42.03761],[27.38165,42.0347],[27.38108,42.0322],[27.3819,42.02662],[27.38374,42.0223],[27.38576,42.02058],[27.39174,42.01858],[27.3908,42.01584],[27.39328,42.01227],[27.39361,42.00605],[27.39574,42.005],[27.4005,42.00517],[27.40261,42.00607],[27.40513,42.00361],[27.41316,41.99983],[27.41293,41.99709],[27.41538,41.99229],[27.41483,41.99081],[27.41754,41.99034],[27.42053,41.98844],[27.42392,41.9883],[27.4245,41.99048],[27.43274,41.9912],[27.43517,41.987],[27.43446,41.98326],[27.43789,41.98114],[27.43883,41.97616],[27.4403,41.97446],[27.44329,41.97376],[27.44597,41.97407],[27.44613,41.96879],[27.44711,41.96708],[27.44907,41.96626],[27.45086,41.96786],[27.4558,41.96713],[27.45794,41.96809],[27.4638,41.96873],[27.46692,41.96709],[27.46796,41.96522],[27.46778,41.95845],[27.47503,41.95805],[27.47657,41.95664],[27.47873,41.95656],[27.4817,41.95519],[27.48626,41.95522],[27.4895,41.95426],[27.4903,41.95207],[27.4948,41.95245],[27.4964,41.95443],[27.50169,41.95375],[27.50228,41.95234],[27.50341,41.95227],[27.50445,41.95784],[27.50636,41.95896],[27.51034,41.9584],[27.51404,41.95416],[27.515,41.95158],[27.51912,41.9501],[27.52422,41.9416],[27.5285,41.93781],[27.52958,41.93735],[27.53095,41.93276],[27.53139,41.92771],[27.53374,41.92656],[27.53645,41.92383],[27.53799,41.91994],[27.54025,41.91819],[27.54052,41.91618],[27.5434,41.91631],[27.54808,41.91454],[27.55028,41.91097],[27.55427,41.91062],[27.55468,41.9077],[27.55938,41.90477],[27.56496,41.9053],[27.57163,41.90441],[27.57249,41.90615],[27.57164,41.91262],[27.56964,41.91318],[27.56305,41.91228],[27.5617,41.91438],[27.56308,41.91707],[27.56579,41.91924],[27.57659,41.91967],[27.57661,41.92144],[27.57478,41.92331],[27.56653,41.92381],[27.56985,41.92653],[27.57082,41.93139],[27.57441,41.93258],[27.57409,41.93725],[27.57637,41.93731],[27.58225,41.93518],[27.58463,41.93521],[27.58764,41.93655],[27.5877,41.93494],[27.58479,41.93214],[27.58563,41.93093],[27.58876,41.93139],[27.5967,41.93787],[27.59898,41.94081],[27.60133,41.94653],[27.6042,41.94744],[27.6071,41.94699],[27.60948,41.94485],[27.60771,41.94105],[27.6079,41.93931],[27.61051,41.93835],[27.61261,41.93852],[27.61482,41.93971],[27.61571,41.94166],[27.61952,41.94331],[27.62522,41.9486],[27.62306,41.94967],[27.62334,41.95066],[27.62622,41.95064],[27.628,41.94872],[27.62963,41.94985],[27.62948,41.95124],[27.62816,41.95225],[27.61983,41.95551],[27.61954,41.95686],[27.62123,41.95845],[27.62601,41.95835],[27.62979,41.95555],[27.63383,41.95462],[27.63592,41.95561],[27.63685,41.95884],[27.63848,41.95943],[27.63951,41.95864],[27.63916,41.9547],[27.64258,41.95413],[27.64739,41.95979],[27.65188,41.96224],[27.65471,41.9623],[27.65869,41.96081],[27.65558,41.95819],[27.65867,41.95668],[27.66258,41.95772],[27.66578,41.96157],[27.66733,41.96218],[27.67096,41.96071],[27.66973,41.95717],[27.67072,41.95628],[27.67214,41.9564],[27.67337,41.96284],[27.67546,41.96363],[27.68041,41.96341],[27.68143,41.96399],[27.68204,41.9657],[27.68124,41.96894],[27.68415,41.97158],[27.68941,41.97136],[27.69773,41.97389],[27.70136,41.97023],[27.70336,41.97006],[27.7038,41.97217],[27.70252,41.97598],[27.69565,41.97564],[27.69468,41.97698],[27.69566,41.97785],[27.70575,41.97773],[27.70784,41.97493],[27.71433,41.97687],[27.71894,41.97645],[27.72703,41.9739],[27.73271,41.97365],[27.73458,41.97422],[27.73371,41.97679],[27.7344,41.97873],[27.73656,41.97991],[27.73829,41.97956],[27.74231,41.97536],[27.74895,41.97213],[27.74765,41.9704],[27.74323,41.96914],[27.74336,41.96793],[27.74582,41.96817],[27.75043,41.97007],[27.75494,41.96995],[27.7564,41.96895],[27.76641,41.96768],[27.76757,41.9671],[27.77059,41.95969],[27.7733,41.96022],[27.77374,41.96393],[27.77504,41.96555],[27.77882,41.96594],[27.7846,41.96361],[27.78615,41.96092],[27.77828,41.95556],[27.7787,41.95356],[27.78107,41.95305],[27.78763,41.95448],[27.79054,41.95408],[27.79263,41.95246],[27.79187,41.94856],[27.7938,41.94801],[27.79704,41.95007],[27.80013,41.95056],[27.80123,41.95309],[27.80198,41.95314],[27.80355,41.95105],[27.80706,41.95002],[27.80712,41.94763],[27.80818,41.94617],[27.81465,41.94244],[27.81642,41.94303],[27.81761,41.94515],[27.81359,41.94996],[27.8129,41.95266],[27.81371,41.954],[27.81915,41.95378],[27.82312,41.95102],[27.82508,41.94852],[27.82865,41.94752],[27.83605,41.94803],[27.83739,41.95295],[27.83711,41.95516],[27.83324,41.96192],[27.82994,41.96182],[27.82791,41.95946],[27.82606,41.95917],[27.82029,41.96261],[27.8203,41.96587],[27.82608,41.97425],[27.82469,41.97512],[27.81971,41.97493],[27.81856,41.97644],[27.81859,41.98656],[27.81989,41.98749],[27.82165,41.99193],[27.82785,41.99387],[27.8273,41.9973],[27.83131,41.99877],[27.83375,41.9969],[27.83471,41.99435],[27.83985,41.99204],[27.84245,41.99177],[27.84233,41.99065],[27.84475,41.99051],[27.84552,41.99179],[27.84971,41.99427],[27.85074,41.99782],[27.84976,41.99968],[27.85049,42.00102],[27.85227,42.00165],[27.85533,42.00146],[27.8567,42.00028],[27.85718,41.99755],[27.85451,41.99671],[27.85292,41.99698],[27.85113,41.99482],[27.85207,41.99245],[27.85473,41.99077],[27.85655,41.99296],[27.86132,41.99458],[27.86108,41.99729],[27.85921,41.99835],[27.85809,42.00094],[27.85917,42.00173],[27.8597,42.00575],[27.86225,42.00655],[27.86504,42.00555],[27.86587,42.00275],[27.86827,41.99971],[27.87254,41.9989],[27.87535,42.00003],[27.87717,41.9999],[27.87646,41.99711],[27.87902,41.99461],[27.88485,41.99608],[27.89068,41.99378],[27.89747,41.99312],[27.8999,41.99187],[27.90004,41.98177],[27.90714,41.9767],[27.90758,41.97491],[27.90987,41.97331],[27.91635,41.97278],[27.9191,41.9765],[27.91899,41.97779],[27.92049,41.97808],[27.92149,41.98266],[27.92475,41.98036],[27.92476,41.97655],[27.92762,41.97656],[27.9313,41.97863],[27.93249,41.98385],[27.93366,41.98488],[27.93466,41.98272],[27.93783,41.98089],[27.93957,41.97814],[27.94378,41.97723],[27.94783,41.97878],[27.94867,41.98041],[27.95142,41.98051],[27.95389,41.98163],[27.95616,41.98113],[27.95536,41.97667],[27.95698,41.97616],[27.96129,41.97777],[27.96182,41.97985],[27.96609,41.97935],[27.97292,41.98354],[27.97621,41.98404],[27.97518,41.98707],[27.97606,41.98986],[27.9791,41.98842],[27.98376,41.98435],[27.99355,41.98014],[28.00082,41.98072],[28.00996,41.97861],[28.01459,41.98063],[28.02498,41.98012],[28.02743,41.98275],[28.0297,41.98332],[28.03239,41.98229],[28.03507,41.98336],[28.03508,41.98674],[28.03273,41.99413],[28.03065,41.99583],[28.03068,41.99763],[28.02859,41.99757],[28.02482,42.00176],[28.02149,42.00384],[28.02259,42.00555],[28.02214,42.00625],[28.01879,42.00671],[28.01939,42.00816],[28.02098,42.00911],[28.01887,42.00906],[28.01943,42.01057],[28.01842,42.01026],[28.01854,42.01101],[28.01725,42.01104],[28.01871,42.01223],[28.0175,42.01272],[28.01832,42.01371],[28.01693,42.01671],[28.01749,42.01794],[28.01657,42.01847],[28.01686,42.01947],[28.01782,42.01936],[28.01687,42.01962],[28.01745,42.02032],[28.01546,42.02105],[28.01306,42.0209],[28.01312,42.02168],[28.01166,42.02126],[28.0102,42.02218],[28.01024,42.02385],[28.01173,42.02431],[28.01156,42.02509],[28.01387,42.02528],[28.01512,42.02639],[28.01459,42.02676],[28.01535,42.02666],[28.01515,42.02747],[28.0141,42.02725],[28.01395,42.02857],[28.01281,42.02849],[28.01306,42.02986],[28.01172,42.02966],[28.01168,42.0306],[28.01079,42.03044],[28.01119,42.03131],[28.00976,42.03117],[28.00994,42.03275],[28.00873,42.03261],[28.00855,42.03353],[28.00682,42.03311],[28.00651,42.03427],[28.00474,42.03395],[28.00291,42.03526],[28.00278,42.03692],[28.00466,42.0377],[28.00407,42.0384],[28.00494,42.03928],[28.00384,42.03956],[28.00353,42.04192],[28.00285,42.04234],[28.00143,42.0418],[28.00125,42.04332],[27.99947,42.04327],[28.00003,42.0445],[27.9984,42.04486],[27.99802,42.04596],[27.99289,42.04606],[27.99111,42.04816],[27.99221,42.04961],[27.99075,42.04967],[27.99059,42.05031],[27.99109,42.05092],[27.99005,42.05092],[27.99092,42.05195],[27.98968,42.05275],[27.99036,42.05314],[27.98735,42.05384],[27.98687,42.05527],[27.98747,42.05677],[27.98896,42.05685],[27.99079,42.05862],[27.99271,42.05853],[27.99326,42.05953],[27.99294,42.06081],[27.99131,42.05993],[27.99028,42.06059],[27.99179,42.06192],[27.99058,42.06217],[27.99153,42.06321],[27.99055,42.06263],[27.99033,42.06328],[27.98884,42.06351],[27.98808,42.06469],[27.98629,42.06386],[27.98532,42.06423],[27.9833,42.06267],[27.98166,42.06269],[27.98131,42.06423],[27.98041,42.06447],[27.98107,42.06493],[27.97833,42.06467],[27.97731,42.06615],[27.97526,42.06563],[27.9697,42.06942],[27.96859,42.0705],[27.96979,42.07272],[27.96825,42.0725],[27.96828,42.07325],[27.96735,42.07325],[27.9673,42.07591],[27.96247,42.07743],[27.96177,42.07832],[27.96345,42.07953],[27.96336,42.08128],[27.96463,42.08312],[27.96151,42.08334],[27.96105,42.08427],[27.95907,42.08441],[27.95803,42.08538],[27.95597,42.08535],[27.95518,42.08878],[27.95588,42.09035],[27.95267,42.09446],[27.94975,42.09509],[27.94972,42.09793],[27.94713,42.09671],[27.94397,42.09851],[27.94506,42.10036],[27.94754,42.10135],[27.94877,42.10055],[27.94755,42.10155],[27.94809,42.10207],[27.94626,42.10211],[27.94715,42.10326],[27.94625,42.10439],[27.94345,42.10172],[27.94112,42.10186],[27.93715,42.105],[27.93325,42.10216],[27.92862,42.1018],[27.92564,42.10275],[27.92248,42.10592],[27.91862,42.10754],[27.91833,42.10913],[27.91351,42.11123],[27.91423,42.11341],[27.91269,42.11692],[27.91093,42.11828],[27.90828,42.11864],[27.90834,42.11954],[27.91256,42.12148],[27.91347,42.1234],[27.91237,42.12585],[27.91052,42.12693],[27.91054,42.12778],[27.90911,42.12775],[27.90852,42.12919],[27.90714,42.12783],[27.9036,42.12887],[27.90346,42.13375],[27.9025,42.13527],[27.90096,42.13469],[27.89788,42.13511],[27.89971,42.13806],[27.89835,42.13894],[27.89866,42.13997],[27.89762,42.14131],[27.89706,42.14078],[27.89615,42.14135],[27.89558,42.14354],[27.89445,42.14245],[27.89345,42.14325],[27.89265,42.14284],[27.8913,42.14436],[27.89025,42.1436],[27.88713,42.14387],[27.88717,42.14448],[27.88501,42.14392],[27.88356,42.14472],[27.88385,42.14665],[27.88092,42.14723],[27.87836,42.14691],[27.86356,42.14046],[27.86089,42.14224],[27.85993,42.14179],[27.86288,42.14034],[27.8555,42.13693],[27.85411,42.13773],[27.85074,42.13686],[27.84955,42.13719],[27.84994,42.13632],[27.84822,42.13497],[27.84702,42.13132],[27.84781,42.129],[27.84723,42.12767],[27.83637,42.11698],[27.83596,42.11269],[27.83315,42.11311],[27.83145,42.11017],[27.82504,42.10947],[27.82128,42.11108],[27.81655,42.10983],[27.81453,42.11078],[27.81135,42.11062],[27.80298,42.11292],[27.8023,42.11425],[27.79972,42.1143],[27.79729,42.11816],[27.79621,42.11764],[27.79479,42.11832],[27.79546,42.11916],[27.78925,42.11994],[27.78686,42.12287],[27.78206,42.12528],[27.78259,42.12646],[27.78161,42.12691],[27.7819,42.12765],[27.78064,42.12763],[27.77941,42.12995],[27.77533,42.13153],[27.77516,42.13094],[27.77142,42.1306],[27.76978,42.12858],[27.76626,42.13018],[27.76426,42.12945],[27.76402,42.13037],[27.75879,42.13213],[27.75883,42.13322],[27.76304,42.1369],[27.75966,42.13778],[27.75845,42.13916],[27.75942,42.14165],[27.7569,42.14652],[27.7583,42.1488],[27.75706,42.15001],[27.75497,42.151],[27.74991,42.15614],[27.74648,42.156],[27.74513,42.15466],[27.74555,42.15394],[27.74308,42.15377],[27.74325,42.15296],[27.74219,42.15248],[27.7422,42.15306],[27.74064,42.15298],[27.741,42.15505],[27.73641,42.15546],[27.73368,42.15799],[27.73191,42.15519],[27.7273,42.15419],[27.72356,42.14992],[27.71765,42.14833],[27.71359,42.15111],[27.70893,42.14789],[27.70557,42.15201],[27.70623,42.15439],[27.70038,42.15729],[27.69615,42.15458],[27.69413,42.15427],[27.69117,42.15507],[27.68998,42.15421],[27.6898,42.15243],[27.68551,42.15146],[27.68134,42.14853],[27.67729,42.14696],[27.67162,42.1484],[27.66869,42.14797],[27.66737,42.15229],[27.66222,42.1544],[27.66362,42.1567],[27.6637,42.16098],[27.66213,42.16763],[27.65775,42.16786],[27.65336,42.16713],[27.64343,42.16412],[27.64121,42.16632],[27.64098,42.16845],[27.63612,42.16875],[27.63475,42.1664],[27.63095,42.16397],[27.62912,42.16418],[27.62765,42.16563],[27.62672,42.16471],[27.6242,42.16445],[27.62306,42.16577],[27.6239,42.16932],[27.62271,42.17108],[27.62456,42.17532],[27.61924,42.17884],[27.61711,42.18283],[27.61857,42.18398],[27.61822,42.18599],[27.61381,42.18776],[27.60668,42.18634],[27.60277,42.18659],[27.60053,42.18755],[27.59942,42.19002],[27.59841,42.18886],[27.59608,42.1888],[27.59444,42.18686],[27.59302,42.18765],[27.59092,42.18758],[27.5918,42.18582],[27.59058,42.18234],[27.58417,42.17683],[27.58445,42.17636],[27.58147,42.17548],[27.58001,42.17378],[27.57885,42.17044],[27.58061,42.16533],[27.57988,42.16148],[27.57863,42.16042],[27.57567,42.16194],[27.57448,42.15985],[27.57134,42.15922],[27.56992,42.15771],[27.56582,42.15666],[27.56619,42.15055],[27.55826,42.15493],[27.55646,42.15279],[27.55319,42.15164],[27.54652,42.15297],[27.54379,42.15572],[27.54273,42.15941],[27.53847,42.15999],[27.5348,42.16375],[27.53461,42.16617],[27.53317,42.16754],[27.53423,42.1701],[27.53224,42.1706],[27.53043,42.17557],[27.52674,42.17757],[27.52468,42.17594],[27.52262,42.17659],[27.52132,42.17614],[27.52044,42.17831],[27.51555,42.1788],[27.51453,42.18041],[27.509,42.17915],[27.50576,42.18002],[27.5024,42.18327],[27.49857,42.18238],[27.49722,42.18277],[27.4962,42.18042],[27.49301,42.18037],[27.49052,42.18155],[27.48972,42.18324],[27.48832,42.18316],[27.48663,42.18576],[27.48423,42.18515],[27.48325,42.18557],[27.48243,42.1885],[27.48071,42.1869],[27.47728,42.18586],[27.47202,42.18665],[27.47087,42.18484],[27.46854,42.18482],[27.467,42.18148],[27.46535,42.18154],[27.46229,42.18377],[27.45907,42.18335],[27.4581,42.18406],[27.45311,42.18431],[27.45242,42.18489],[27.45025,42.18213],[27.44807,42.18095],[27.44613,42.17776],[27.44424,42.18296],[27.44289,42.18359],[27.44299,42.18513],[27.43983,42.18565],[27.43569,42.18484],[27.43414,42.18647],[27.43201,42.19238],[27.42585,42.19125],[27.42177,42.19194],[27.41929,42.19337],[27.41767,42.19124],[27.41543,42.19116],[27.41175,42.18785],[27.41009,42.1875],[27.40872,42.18923],[27.40441,42.18953],[27.40201,42.19119],[27.39761,42.19098],[27.39488,42.19159],[27.3933,42.19356],[27.38631,42.19435],[27.37993,42.20031],[27.3777,42.20386],[27.37504,42.2037],[27.36799,42.20583],[27.36744,42.20403],[27.36352,42.20337],[27.36377,42.20202],[27.36251,42.20107],[27.35623,42.20149],[27.35528,42.1984],[27.34989,42.19679]]]},"properties":{"SiteCode":"BG0002040","SiteNameBG":"Странджа","SiteType":"SPA","SiteArea":116389.43120000001,"naturaClass":"spa"}},{"type":"Feature","geometry":{"type":"Polygon","coordinates":[[[27.72413,42.2935],[27.72812,42.29236],[27.72912,42.29016],[27.72651,42.28723],[27.7268,42.28555],[27.723,42.28463],[27.72221,42.28307],[27.72068,42.28263],[27.71784,42.28379],[27.71934,42.28578],[27.71694,42.28705],[27.71568,42.28463],[27.71277,42.28604],[27.70792,42.28672],[27.70726,42.28414],[27.70951,42.28072],[27.71019,42.27741],[27.71278,42.27539],[27.71914,42.27241],[27.72682,42.27271],[27.72845,42.27416],[27.73243,42.27483],[27.73201,42.27691],[27.73292,42.27779],[27.73131,42.27999],[27.73306,42.27956],[27.73377,42.27834],[27.73533,42.27876],[27.73642,42.27702],[27.73955,42.27826],[27.74102,42.27624],[27.74345,42.27726],[27.75027,42.27486],[27.75326,42.27514],[27.75423,42.2718],[27.75541,42.27142],[27.76028,42.27198],[27.75675,42.28041],[27.75674,42.28603],[27.75782,42.2871],[27.76315,42.28763],[27.76637,42.28907],[27.79543,42.30571],[27.79445,42.30917],[27.78363,42.31887],[27.78415,42.32449],[27.78732,42.3354],[27.78536,42.3371],[27.77222,42.33805],[27.75635,42.33548],[27.72939,42.34524],[27.72638,42.34514],[27.71401,42.35967],[27.70997,42.36677],[27.70945,42.36956],[27.70787,42.37018],[27.70367,42.36816],[27.70106,42.36465],[27.70122,42.3605],[27.71392,42.34739],[27.71856,42.33709],[27.72603,42.33314],[27.72155,42.33143],[27.71984,42.32953],[27.72055,42.32717],[27.72222,42.3259],[27.72122,42.32345],[27.72194,42.32212],[27.71935,42.31967],[27.7213,42.31717],[27.71976,42.31702],[27.71566,42.30229],[27.71803,42.30158],[27.71438,42.29925],[27.71312,42.29663],[27.71225,42.2965],[27.71223,42.29793],[27.71091,42.29732],[27.71222,42.29544],[27.71014,42.29367],[27.71052,42.29277],[27.71279,42.2942],[27.72413,42.2935]]]},"properties":{"SiteCode":"BG0002041","SiteNameBG":"Комплекс Ропотамо","SiteType":"SPA","SiteArea":3857.7485000000001,"naturaClass":"spa"}},{"type":"Feature","geometry":{"type":"Polygon","coordinates":[[[27.62899,42.86056],[27.62469,42.86227],[27.62417,42.86341],[27.62161,42.86376],[27.61944,42.86735],[27.61798,42.86677],[27.6177,42.86516],[27.61589,42.86513],[27.613,42.86584],[27.61032,42.8678],[27.6055,42.86852],[27.60511,42.87022],[27.60222,42.86937],[27.60007,42.8706],[27.59757,42.86823],[27.58837,42.86298],[27.58512,42.85661],[27.58066,42.85497],[27.57712,42.85543],[27.57325,42.85485],[27.57263,42.85409],[27.56846,42.85317],[27.56586,42.84973],[27.56275,42.8491],[27.5636,42.84708],[27.5645,42.84713],[27.56458,42.84802],[27.57074,42.8435],[27.57034,42.84239],[27.5725,42.84118],[27.57308,42.83887],[27.57299,42.84167],[27.57526,42.84281],[27.58028,42.84346],[27.58199,42.84549],[27.58283,42.84349],[27.5846,42.84367],[27.58393,42.84257],[27.58562,42.84059],[27.58403,42.84019],[27.58551,42.84],[27.5844,42.8392],[27.58533,42.83705],[27.58302,42.83634],[27.58107,42.83194],[27.57877,42.83101],[27.57807,42.83137],[27.5762,42.82984],[27.57442,42.82952],[27.5748,42.82719],[27.57377,42.82601],[27.57509,42.82282],[27.57097,42.82056],[27.57193,42.8202],[27.57182,42.81882],[27.56993,42.81824],[27.57148,42.81498],[27.57032,42.81443],[27.57331,42.81202],[27.57692,42.81084],[27.5789,42.80873],[27.57859,42.80674],[27.58062,42.80599],[27.58202,42.80393],[27.58501,42.80193],[27.58523,42.79937],[27.58693,42.7983],[27.58831,42.79545],[27.59044,42.79421],[27.59261,42.79443],[27.59434,42.79148],[27.59579,42.79055],[27.59718,42.7863],[27.59322,42.78258],[27.59255,42.78062],[27.58047,42.78409],[27.56778,42.78596],[27.56931,42.78365],[27.56713,42.76924],[27.5622,42.76633],[27.56111,42.76424],[27.55585,42.76646],[27.55531,42.76603],[27.55731,42.76545],[27.55923,42.76275],[27.55404,42.76343],[27.55344,42.7624],[27.55606,42.75889],[27.5562,42.75601],[27.5641,42.74976],[27.55827,42.74975],[27.55655,42.749],[27.55503,42.74764],[27.55606,42.74691],[27.55611,42.74555],[27.55482,42.74698],[27.5512,42.74663],[27.55113,42.74196],[27.55455,42.73786],[27.55771,42.73561],[27.55468,42.73052],[27.55494,42.72944],[27.55345,42.72811],[27.55453,42.72526],[27.55158,42.72601],[27.54119,42.70745],[27.53745,42.70517],[27.53583,42.70316],[27.53884,42.6998],[27.53886,42.69793],[27.53512,42.69303],[27.53552,42.69177],[27.53373,42.69172],[27.5342,42.6884],[27.53664,42.68377],[27.53372,42.67782],[27.53186,42.6775],[27.52825,42.67168],[27.52665,42.67065],[27.52544,42.67085],[27.52675,42.67167],[27.52132,42.67189],[27.52405,42.66915],[27.52326,42.66811],[27.52378,42.6659],[27.52842,42.66312],[27.53546,42.66337],[27.5427,42.662],[27.54402,42.6644],[27.55308,42.6632],[27.55318,42.66461],[27.5516,42.66528],[27.55252,42.66587],[27.55642,42.66441],[27.55644,42.6633],[27.55774,42.66286],[27.56033,42.66257],[27.55924,42.66344],[27.56173,42.66484],[27.56393,42.66392],[27.56383,42.66252],[27.56485,42.66285],[27.56699,42.66192],[27.56721,42.66401],[27.56512,42.6645],[27.56534,42.6672],[27.56964,42.6674],[27.5689,42.66854],[27.57072,42.669],[27.57093,42.66818],[27.57017,42.66846],[27.56986,42.66741],[27.5709,42.66745],[27.5721,42.66534],[27.57301,42.66546],[27.57434,42.66402],[27.57954,42.663],[27.58156,42.66404],[27.58258,42.66323],[27.57712,42.66098],[27.57661,42.66048],[27.57775,42.65837],[27.57522,42.65657],[27.59168,42.65042],[27.59204,42.64647],[27.57659,42.63235],[27.57421,42.63273],[27.57131,42.62977],[27.5759,42.63018],[27.57858,42.62186],[27.57681,42.62131],[27.57609,42.62012],[27.57289,42.62028],[27.5728,42.62191],[27.57153,42.62232],[27.57167,42.62292],[27.56576,42.62246],[27.56468,42.62449],[27.56577,42.62495],[27.565,42.62638],[27.54125,42.61969],[27.53848,42.61627],[27.53293,42.60476],[27.52768,42.59968],[27.53031,42.5989],[27.53053,42.59765],[27.57508,42.60226],[27.57918,42.60095],[27.58806,42.60552],[27.58896,42.6046],[27.5922,42.60666],[27.59419,42.60522],[27.59193,42.60753],[27.59554,42.60796],[27.59535,42.60881],[27.59739,42.60905],[27.59721,42.60989],[27.60015,42.61024],[27.59838,42.61765],[27.59825,42.62248],[27.59585,42.63052],[27.61697,42.63225],[27.61685,42.63162],[27.62516,42.62872],[27.63057,42.63695],[27.63225,42.63763],[27.63734,42.63626],[27.63954,42.63933],[27.63695,42.63992],[27.63872,42.64517],[27.64023,42.64506],[27.64007,42.6486],[27.64137,42.64898],[27.64184,42.65012],[27.6428,42.64964],[27.6422,42.65023],[27.64381,42.65037],[27.6427,42.65428],[27.64672,42.65558],[27.64644,42.65674],[27.6581,42.65548],[27.66091,42.6511],[27.68058,42.65825],[27.68254,42.65768],[27.68251,42.65831],[27.68865,42.65986],[27.68986,42.66141],[27.69218,42.66231],[27.6989,42.67928],[27.69992,42.69094],[27.70279,42.69737],[27.70051,42.69806],[27.70033,42.70462],[27.69742,42.70456],[27.69676,42.71163],[27.69977,42.71168],[27.69969,42.71337],[27.703,42.71341],[27.70295,42.71441],[27.70545,42.71444],[27.70543,42.71549],[27.7085,42.71452],[27.70978,42.71613],[27.7128,42.71742],[27.71414,42.71744],[27.71483,42.71647],[27.71664,42.71687],[27.71628,42.71476],[27.71801,42.71458],[27.71811,42.71544],[27.72084,42.71558],[27.72406,42.71258],[27.72816,42.71303],[27.7282,42.71403],[27.7336,42.71354],[27.73356,42.71435],[27.73989,42.7147],[27.7413,42.71638],[27.74409,42.7161],[27.74375,42.7142],[27.74602,42.71413],[27.74843,42.71649],[27.74781,42.71711],[27.75417,42.71648],[27.75223,42.71754],[27.75487,42.71865],[27.76321,42.71502],[27.76279,42.71448],[27.76433,42.71441],[27.76492,42.71333],[27.76837,42.71253],[27.7685,42.71402],[27.77057,42.71303],[27.77242,42.71397],[27.77336,42.71098],[27.77261,42.70994],[27.77372,42.71118],[27.77538,42.7104],[27.77599,42.71123],[27.77629,42.70897],[27.77713,42.71038],[27.77768,42.70867],[27.78197,42.70805],[27.78087,42.70726],[27.78281,42.70526],[27.7795,42.706],[27.77634,42.70532],[27.77172,42.7068],[27.77044,42.70666],[27.77011,42.70543],[27.76634,42.70556],[27.76995,42.70559],[27.77025,42.70649],[27.76639,42.70709],[27.76653,42.70766],[27.76176,42.70874],[27.75319,42.70744],[27.74752,42.70866],[27.73987,42.7072],[27.73683,42.70889],[27.73369,42.70922],[27.73103,42.70882],[27.72693,42.70675],[27.72025,42.70151],[27.71461,42.69066],[27.71193,42.67863],[27.71254,42.67158],[27.71433,42.66702],[27.71525,42.66604],[27.7193,42.66568],[27.72605,42.65975],[27.73255,42.65939],[27.73351,42.66027],[27.73166,42.66093],[27.73294,42.66101],[27.7338,42.66031],[27.73785,42.66179],[27.74161,42.65982],[27.73964,42.65819],[27.73955,42.65901],[27.73836,42.65864],[27.73758,42.65751],[27.73438,42.65769],[27.73131,42.65495],[27.72929,42.65443],[27.73121,42.65506],[27.73049,42.6556],[27.73227,42.65707],[27.72963,42.65794],[27.72933,42.65882],[27.72605,42.65923],[27.72487,42.65814],[27.72645,42.65806],[27.72626,42.65723],[27.72292,42.65866],[27.71757,42.6568],[27.71279,42.65087],[27.71154,42.64615],[27.71044,42.64561],[27.70894,42.64732],[27.70532,42.64691],[27.70629,42.64805],[27.70466,42.64899],[27.70198,42.64876],[27.70126,42.6513],[27.69794,42.6521],[27.69595,42.65167],[27.69542,42.65021],[27.69553,42.65163],[27.69159,42.65143],[27.69076,42.65033],[27.69131,42.64999],[27.69007,42.65016],[27.68863,42.64926],[27.68637,42.64613],[27.68529,42.64607],[27.68332,42.64428],[27.68206,42.64222],[27.68319,42.64144],[27.68154,42.64192],[27.67974,42.63936],[27.68029,42.63893],[27.67917,42.63907],[27.67664,42.63567],[27.67685,42.6369],[27.67557,42.63759],[27.67241,42.63781],[27.67106,42.63721],[27.66427,42.63965],[27.6619,42.63923],[27.66046,42.63814],[27.66003,42.63872],[27.65833,42.6383],[27.65411,42.63607],[27.65194,42.6366],[27.65385,42.63669],[27.65306,42.63851],[27.65069,42.63902],[27.65288,42.62154],[27.69578,42.60983],[27.71523,42.59717],[27.7144,42.57746],[27.78506,42.60663],[27.83824,42.63063],[27.88001,42.65901],[27.91692,42.6974],[27.91867,42.71634],[27.90995,42.75439],[27.91609,42.769],[27.91396,42.78076],[27.90696,42.79893],[27.88851,42.79946],[27.8866,42.8008],[27.88193,42.80118],[27.88196,42.80254],[27.8796,42.80361],[27.87957,42.80491],[27.87918,42.80422],[27.87685,42.80459],[27.87646,42.80411],[27.86624,42.80633],[27.85823,42.81139],[27.85325,42.81231],[27.84736,42.8107],[27.84809,42.80518],[27.84424,42.80542],[27.84474,42.80617],[27.84282,42.80699],[27.84365,42.80988],[27.84062,42.81027],[27.84069,42.8109],[27.84267,42.81113],[27.83914,42.81227],[27.83832,42.81533],[27.83506,42.81724],[27.83149,42.81818],[27.82959,42.82069],[27.82967,42.82231],[27.82695,42.82497],[27.82489,42.82514],[27.82548,42.82317],[27.82374,42.82418],[27.82226,42.82406],[27.82229,42.82226],[27.82042,42.82263],[27.81972,42.82133],[27.81718,42.82121],[27.81516,42.81942],[27.81376,42.81978],[27.81349,42.81899],[27.80908,42.81876],[27.80784,42.81809],[27.8053,42.81877],[27.80304,42.81728],[27.80197,42.81796],[27.80019,42.81709],[27.79782,42.81728],[27.79781,42.81585],[27.79292,42.8165],[27.79356,42.81732],[27.79022,42.81727],[27.79052,42.81831],[27.78737,42.81997],[27.79132,42.82404],[27.78806,42.82358],[27.77975,42.82519],[27.77481,42.82462],[27.76608,42.82741],[27.75075,42.82975],[27.74353,42.83207],[27.74166,42.83226],[27.74085,42.83082],[27.74017,42.83098],[27.71462,42.8415],[27.71029,42.84395],[27.70441,42.8491],[27.69998,42.84844],[27.69991,42.85033],[27.69312,42.855],[27.69023,42.85601],[27.69015,42.85781],[27.6878,42.85844],[27.68689,42.86051],[27.68084,42.85918],[27.67565,42.85946],[27.6767,42.86164],[27.66803,42.86183],[27.66344,42.86048],[27.66186,42.86083],[27.6621,42.86141],[27.65914,42.86141],[27.65807,42.861],[27.6585,42.8603],[27.65703,42.86044],[27.65907,42.865],[27.65049,42.87466],[27.64593,42.87373],[27.64519,42.87494],[27.64304,42.8752],[27.64031,42.87373],[27.63719,42.87481],[27.63525,42.87231],[27.63537,42.87107],[27.63382,42.86987],[27.63497,42.86716],[27.63765,42.86617],[27.63701,42.86465],[27.63288,42.86458],[27.63293,42.86248],[27.62899,42.86056]]]},"properties":{"SiteCode":"BG0002043","SiteNameBG":"Емине","SiteType":"SPA","SiteArea":66750.514999999999,"naturaClass":"spa"}},{"type":"Feature","geometry":{"type":"Polygon","coordinates":[[[27.42332,43.0255],[27.42422,43.02577],[27.42319,43.02786],[27.4215,43.02809],[27.42149,43.02894],[27.41956,43.02955],[27.4202,43.03054],[27.41891,43.03122],[27.42005,43.03219],[27.41832,43.03223],[27.41024,43.03549],[27.40787,43.03581],[27.40299,43.03471],[27.40333,43.02955],[27.40032,43.02688],[27.39955,43.02495],[27.39687,43.02472],[27.39689,43.02562],[27.3939,43.02578],[27.38867,43.02543],[27.38798,43.02322],[27.38574,43.02289],[27.3874,43.01911],[27.38532,43.01884],[27.3832,43.01518],[27.37832,43.01303],[27.3743,43.00981],[27.37558,43.00719],[27.37744,43.00568],[27.37848,43.00822],[27.38081,43.00725],[27.38198,43.00762],[27.38286,43.00683],[27.38769,43.00957],[27.38741,43.00844],[27.38856,43.00689],[27.38717,43.00315],[27.38536,43.00206],[27.38225,43.00163],[27.38344,42.99851],[27.38266,42.9978],[27.38369,42.99647],[27.38334,42.99515],[27.38191,42.99505],[27.37853,42.99018],[27.37948,42.98972],[27.37765,42.98796],[27.37501,42.988],[27.37592,42.98991],[27.37551,42.99243],[27.37513,42.99092],[27.37381,42.99082],[27.37404,42.98928],[27.37092,42.992],[27.37128,42.99407],[27.37022,42.9943],[27.36933,42.9931],[27.36938,42.99449],[27.36839,42.99343],[27.36718,42.99556],[27.36719,42.99256],[27.366,42.9926],[27.36435,42.99539],[27.36444,42.99229],[27.36143,42.99188],[27.35989,42.99108],[27.35962,42.99003],[27.3585,42.99206],[27.35641,42.99325],[27.3576,42.99047],[27.35378,42.99451],[27.35407,42.99288],[27.3484,42.98563],[27.34678,42.98554],[27.34676,42.98889],[27.34557,42.98902],[27.34535,42.99048],[27.34388,42.99019],[27.34122,42.99333],[27.33986,42.99116],[27.33552,42.98771],[27.33398,42.98732],[27.33145,42.98893],[27.33219,42.99058],[27.33059,42.99075],[27.33171,42.99139],[27.32991,42.99159],[27.32965,42.99225],[27.32923,42.9892],[27.32801,42.98772],[27.32422,42.98682],[27.32633,42.98597],[27.32541,42.98502],[27.32305,42.98582],[27.32218,42.98514],[27.32392,42.98442],[27.32384,42.98357],[27.32903,42.98204],[27.32824,42.98126],[27.32607,42.98148],[27.32719,42.9807],[27.32478,42.97664],[27.32115,42.97519],[27.32049,42.9752],[27.3212,42.97566],[27.32066,42.97616],[27.31678,42.9757],[27.31638,42.97661],[27.31279,42.97664],[27.311,42.97559],[27.30744,42.97674],[27.30026,42.97597],[27.29862,42.97724],[27.29817,42.97637],[27.29737,42.97734],[27.29692,42.97681],[27.29489,42.97754],[27.29216,42.97741],[27.2882,42.97494],[27.28786,42.9719],[27.28918,42.96865],[27.28826,42.96548],[27.28703,42.96636],[27.28349,42.96517],[27.27895,42.96533],[27.2769,42.9644],[27.27142,42.95786],[27.26938,42.95665],[27.26534,42.9475],[27.25933,42.94315],[27.25085,42.94103],[27.24576,42.94186],[27.22462,42.94185],[27.22179,42.94127],[27.21541,42.93361],[27.21013,42.92954],[27.20276,42.92858],[27.1947,42.92298],[27.19216,42.92285],[27.18819,42.92425],[27.18712,42.92544],[27.18244,42.9259],[27.18081,42.92233],[27.18269,42.91378],[27.17894,42.91079],[27.17924,42.90835],[27.17771,42.90658],[27.1788,42.9052],[27.18162,42.90478],[27.18685,42.90574],[27.18804,42.90419],[27.18831,42.89877],[27.1939,42.89425],[27.1961,42.89323],[27.20002,42.89279],[27.2001,42.89191],[27.20126,42.89179],[27.19853,42.88634],[27.19893,42.88432],[27.20062,42.88408],[27.20106,42.88551],[27.21233,42.87685],[27.21971,42.87373],[27.2203,42.87247],[27.22256,42.87151],[27.22545,42.8716],[27.22573,42.87041],[27.22739,42.87028],[27.22837,42.86877],[27.23152,42.86993],[27.23188,42.86875],[27.23346,42.86851],[27.23334,42.86719],[27.23597,42.86736],[27.2365,42.86681],[27.23856,42.86836],[27.23822,42.86972],[27.23971,42.87074],[27.24107,42.87004],[27.24381,42.87019],[27.2452,42.8686],[27.24771,42.86902],[27.25038,42.86665],[27.25309,42.86646],[27.25407,42.86776],[27.25503,42.86737],[27.25593,42.86957],[27.25898,42.87275],[27.26027,42.87313],[27.26059,42.87429],[27.26186,42.87305],[27.26609,42.87192],[27.26672,42.87235],[27.26862,42.87134],[27.27407,42.87096],[27.27611,42.86864],[27.27785,42.86925],[27.27909,42.86826],[27.28336,42.86762],[27.28405,42.86387],[27.29319,42.86158],[27.29442,42.85906],[27.29428,42.85707],[27.29335,42.85701],[27.29437,42.85585],[27.2943,42.85139],[27.29248,42.85098],[27.29318,42.84975],[27.29438,42.84983],[27.29317,42.84914],[27.29398,42.84815],[27.29579,42.8482],[27.29651,42.84718],[27.29558,42.84627],[27.29654,42.84542],[27.2947,42.84453],[27.29599,42.84442],[27.2959,42.84288],[27.29405,42.84459],[27.29582,42.83925],[27.29698,42.83906],[27.29772,42.83977],[27.2987,42.83863],[27.29891,42.83963],[27.30089,42.83969],[27.3013,42.83891],[27.30025,42.83949],[27.30022,42.8387],[27.30731,42.83501],[27.30921,42.84355],[27.31192,42.84424],[27.31485,42.84283],[27.31391,42.84545],[27.31681,42.84651],[27.31826,42.84554],[27.3178,42.84656],[27.31947,42.84535],[27.31857,42.84658],[27.32076,42.84771],[27.32268,42.84698],[27.32387,42.84457],[27.32459,42.84449],[27.32465,42.84546],[27.32295,42.84793],[27.32339,42.84849],[27.3245,42.84721],[27.3308,42.84453],[27.33176,42.84362],[27.33053,42.84251],[27.33887,42.84373],[27.34763,42.84595],[27.36117,42.84205],[27.37088,42.8458],[27.3776,42.84119],[27.38173,42.83982],[27.38581,42.83941],[27.39237,42.84073],[27.39519,42.84265],[27.39681,42.84442],[27.39524,42.84874],[27.39286,42.85114],[27.39288,42.85181],[27.39465,42.85104],[27.39326,42.85255],[27.40505,42.84593],[27.40988,42.84481],[27.41424,42.84474],[27.41334,42.84361],[27.414,42.84199],[27.41432,42.84314],[27.41529,42.84276],[27.41634,42.84374],[27.41959,42.84357],[27.42085,42.84208],[27.42326,42.84156],[27.42059,42.84412],[27.42185,42.84481],[27.42372,42.84404],[27.42559,42.84434],[27.42426,42.84672],[27.42511,42.8465],[27.42468,42.84717],[27.42603,42.84801],[27.42909,42.84784],[27.42991,42.84845],[27.43077,42.84697],[27.43318,42.84903],[27.43622,42.84966],[27.44282,42.84759],[27.44606,42.84708],[27.44883,42.84494],[27.44834,42.84606],[27.45254,42.84453],[27.45545,42.84561],[27.45762,42.84555],[27.45891,42.84466],[27.46156,42.84491],[27.47127,42.84001],[27.47454,42.83756],[27.48462,42.83942],[27.48675,42.84543],[27.48778,42.84427],[27.49023,42.84461],[27.50458,42.83932],[27.50862,42.84158],[27.51087,42.84099],[27.51323,42.84164],[27.5175,42.84554],[27.51899,42.84987],[27.52106,42.85033],[27.52393,42.84964],[27.52903,42.85327],[27.53206,42.8574],[27.5302,42.85754],[27.53011,42.85955],[27.53139,42.86189],[27.53069,42.86434],[27.53202,42.86623],[27.53392,42.86644],[27.53351,42.86953],[27.53713,42.86947],[27.53731,42.87238],[27.54122,42.87463],[27.54316,42.87799],[27.54214,42.87957],[27.5438,42.882],[27.54427,42.88562],[27.54586,42.88631],[27.5459,42.89029],[27.54897,42.89337],[27.55252,42.89472],[27.55539,42.89804],[27.55748,42.89813],[27.55862,42.90108],[27.56043,42.9013],[27.56163,42.90012],[27.56544,42.90035],[27.56551,42.89918],[27.5678,42.8981],[27.57314,42.89955],[27.57456,42.89792],[27.578,42.89884],[27.5793,42.89754],[27.58078,42.89788],[27.58336,42.8967],[27.59314,42.89648],[27.59496,42.89501],[27.59697,42.8952],[27.59943,42.89717],[27.60114,42.89629],[27.6032,42.8978],[27.60409,42.89676],[27.60702,42.89649],[27.61092,42.89763],[27.61215,42.89623],[27.6136,42.89678],[27.61454,42.89613],[27.6188,42.89632],[27.62122,42.89546],[27.62251,42.89609],[27.62174,42.8983],[27.62456,42.89868],[27.62776,42.89526],[27.63475,42.89436],[27.6367,42.89334],[27.63935,42.8937],[27.64753,42.88902],[27.65165,42.88824],[27.65516,42.88697],[27.6561,42.88515],[27.65674,42.88587],[27.6565,42.88525],[27.65908,42.88479],[27.6598,42.88377],[27.66726,42.88252],[27.66875,42.88124],[27.67264,42.88163],[27.67445,42.87967],[27.67709,42.87987],[27.68353,42.87713],[27.68878,42.87457],[27.68758,42.87364],[27.68778,42.87303],[27.6892,42.87362],[27.68879,42.87279],[27.68917,42.8724],[27.68815,42.87197],[27.68861,42.87027],[27.69315,42.8702],[27.69463,42.87154],[27.69655,42.87141],[27.7023,42.86802],[27.70486,42.86513],[27.71524,42.86177],[27.71994,42.85835],[27.72055,42.85642],[27.71909,42.85473],[27.72045,42.8546],[27.72203,42.8558],[27.7251,42.85457],[27.72848,42.85425],[27.73078,42.85317],[27.73227,42.85118],[27.73091,42.85021],[27.73608,42.84988],[27.73792,42.84785],[27.74232,42.84828],[27.74486,42.84559],[27.74559,42.8458],[27.74452,42.84443],[27.74788,42.84496],[27.75061,42.84417],[27.74944,42.84395],[27.75267,42.84101],[27.7534,42.84208],[27.75449,42.84191],[27.76073,42.83973],[27.76669,42.83878],[27.77175,42.83536],[27.77479,42.83449],[27.77633,42.83503],[27.77805,42.83367],[27.7825,42.83327],[27.78354,42.83206],[27.79064,42.82896],[27.79108,42.82455],[27.79132,42.82555],[27.8073,42.82557],[27.80722,42.82431],[27.81211,42.8244],[27.82203,42.82553],[27.82377,42.82715],[27.8287,42.82634],[27.83121,42.82387],[27.83776,42.82657],[27.8477,42.82594],[27.85167,42.82767],[27.85332,42.82781],[27.85402,42.82719],[27.85909,42.82871],[27.86913,42.82795],[27.87152,42.82621],[27.87709,42.82577],[27.88201,42.82727],[27.88409,42.82432],[27.90636,42.82606],[27.90412,42.83543],[27.9069,42.83933],[27.9157,42.83948],[27.92076,42.84306],[27.92179,42.85233],[27.9222,42.88102],[27.91688,42.91036],[27.92618,42.92823],[27.91667,42.96024],[27.89591,42.95722],[27.89412,42.95983],[27.89172,42.96039],[27.8894,42.95925],[27.88961,42.95763],[27.88762,42.95768],[27.88645,42.95696],[27.88275,42.95874],[27.87883,42.95927],[27.8784,42.96078],[27.87487,42.96014],[27.87433,42.95891],[27.87362,42.96053],[27.87147,42.95977],[27.86894,42.96253],[27.87162,42.963],[27.87165,42.96429],[27.87368,42.96672],[27.87298,42.96895],[27.87413,42.96943],[27.86657,42.97314],[27.84639,42.97747],[27.84692,42.98078],[27.84278,42.98417],[27.84126,42.98316],[27.83867,42.98396],[27.83741,42.98357],[27.83634,42.98202],[27.83459,42.98127],[27.83155,42.98314],[27.82823,42.98087],[27.82167,42.98314],[27.81578,42.98677],[27.81417,42.98546],[27.81371,42.98383],[27.8116,42.98371],[27.81147,42.9846],[27.81043,42.98256],[27.806,42.98046],[27.80727,42.98358],[27.8063,42.98232],[27.80148,42.9843],[27.79926,42.9823],[27.79922,42.98118],[27.79139,42.9796],[27.78901,42.98094],[27.7893,42.98165],[27.78412,42.98177],[27.77656,42.98609],[27.77594,42.98385],[27.77679,42.98355],[27.77628,42.98277],[27.77719,42.98157],[27.77539,42.98155],[27.77538,42.98066],[27.77397,42.97992],[27.77254,42.98145],[27.77124,42.9814],[27.77155,42.98252],[27.7696,42.98306],[27.76754,42.98145],[27.76872,42.98083],[27.76731,42.98011],[27.76463,42.97955],[27.76393,42.98074],[27.75887,42.9794],[27.752,42.98267],[27.75101,42.98375],[27.75075,42.98745],[27.74511,42.98641],[27.74507,42.98693],[27.74173,42.98658],[27.74215,42.98556],[27.74134,42.98492],[27.74473,42.97916],[27.74465,42.97767],[27.74165,42.9811],[27.73789,42.98367],[27.7348,42.98328],[27.73345,42.98423],[27.73018,42.98201],[27.73051,42.98087],[27.72945,42.98156],[27.72843,42.98063],[27.72748,42.97784],[27.72302,42.97579],[27.72179,42.97758],[27.71958,42.97815],[27.72277,42.97895],[27.72471,42.98072],[27.72424,42.98127],[27.71693,42.97968],[27.71812,42.97761],[27.71634,42.97603],[27.71171,42.98149],[27.70864,42.97943],[27.70828,42.97624],[27.70661,42.97628],[27.70609,42.97534],[27.70434,42.97625],[27.7019,42.97558],[27.69713,42.9773],[27.69541,42.97605],[27.6914,42.97743],[27.68945,42.97663],[27.68734,42.97692],[27.68548,42.97543],[27.67381,42.98099],[27.67139,42.98662],[27.66872,42.98929],[27.67094,42.99261],[27.66946,42.99314],[27.66961,42.99527],[27.67106,42.99526],[27.67078,42.99649],[27.67182,42.99723],[27.67474,42.99754],[27.67482,42.99853],[27.67269,43.0],[27.67331,43.00099],[27.6725,43.00213],[27.6703,43.00307],[27.66466,43.00364],[27.65957,43.00247],[27.65508,43.00293],[27.65289,43.00215],[27.65196,43.00253],[27.65185,43.00193],[27.65047,43.00232],[27.64883,43.00117],[27.64613,43.00159],[27.64587,43.00018],[27.64287,43.00041],[27.64255,42.99983],[27.64182,43.00185],[27.64107,43.00206],[27.64044,43.00125],[27.64059,43.00585],[27.63842,43.00488],[27.63653,43.00611],[27.63474,43.00507],[27.63237,43.00484],[27.63038,43.00629],[27.62853,43.00524],[27.6258,43.00548],[27.62088,43.00204],[27.62083,43.0042],[27.62382,43.00607],[27.6203,43.00657],[27.62049,43.00724],[27.61948,43.00733],[27.61723,43.006],[27.61418,43.00584],[27.62594,43.01287],[27.6244,43.01286],[27.62439,43.01391],[27.62019,43.01265],[27.61304,43.01382],[27.61231,43.01412],[27.61374,43.01452],[27.6114,43.01793],[27.603,43.01492],[27.60205,43.01605],[27.5979,43.01695],[27.59824,43.01824],[27.59543,43.01901],[27.59315,43.01938],[27.59256,43.018],[27.58659,43.01889],[27.58602,43.02131],[27.5834,43.02225],[27.57796,43.02272],[27.57607,43.02171],[27.5753,43.02459],[27.57488,43.02315],[27.57285,43.02224],[27.56952,43.02271],[27.56886,43.02211],[27.56725,43.02293],[27.567,43.02203],[27.5618,43.02338],[27.55555,43.02206],[27.55428,43.02387],[27.55339,43.02381],[27.5535,43.02212],[27.55234,43.02262],[27.55263,43.01967],[27.55145,43.01504],[27.55211,43.01388],[27.54721,43.01262],[27.54303,43.01773],[27.5426,43.01708],[27.54126,43.01849],[27.54135,43.01786],[27.54004,43.01815],[27.54048,43.01932],[27.53786,43.02138],[27.53618,43.02583],[27.53347,43.02647],[27.52893,43.02596],[27.52687,43.02925],[27.52233,43.0278],[27.50672,43.02735],[27.5007,43.02807],[27.49829,43.02472],[27.49725,43.02449],[27.49126,43.02466],[27.49127,43.02551],[27.48529,43.02555],[27.46838,43.02199],[27.46346,43.02351],[27.45643,43.02264],[27.45322,43.02406],[27.45351,43.01998],[27.45407,43.01822],[27.45125,43.01831],[27.44922,43.01738],[27.44964,43.01516],[27.44598,43.01704],[27.44396,43.01541],[27.44291,43.01578],[27.44304,43.01725],[27.44171,43.01729],[27.44237,43.01802],[27.44171,43.01879],[27.43965,43.01799],[27.43801,43.01906],[27.43617,43.01696],[27.42923,43.0157],[27.42797,43.01588],[27.42747,43.01715],[27.42947,43.01897],[27.42836,43.02067],[27.42903,43.02395],[27.42801,43.02435],[27.42663,43.02224],[27.42343,43.02232],[27.42326,43.02293],[27.42406,43.0234],[27.42332,43.0255]]]},"properties":{"SiteCode":"BG0002044","SiteNameBG":"Камчийска планина","SiteType":"SPA","SiteArea":88897.231,"naturaClass":"spa"}},{"type":"Feature","geometry":{"type":"Polygon","coordinates":[[[27.61411,43.04496],[27.61002,43.04599],[27.60911,43.0452],[27.60554,43.04683],[27.60285,43.04928],[27.5934,43.05069],[27.58514,43.05016],[27.58604,43.05482],[27.57649,43.05642],[27.57321,43.05808],[27.57181,43.06015],[27.56837,43.06069],[27.56756,43.05828],[27.54929,43.05356],[27.55289,43.05369],[27.552,43.05149],[27.55573,43.04811],[27.55298,43.04445],[27.55007,43.04459],[27.54979,43.04309],[27.54842,43.04301],[27.54829,43.04148],[27.55337,43.04113],[27.55165,43.03799],[27.54588,43.03448],[27.54676,43.03327],[27.54921,43.03323],[27.54941,43.03453],[27.55736,43.03465],[27.56622,43.04308],[27.57325,43.04382],[27.57963,43.04319],[27.57922,43.04277],[27.58299,43.04279],[27.58305,43.04203],[27.58849,43.04294],[27.59032,43.04248],[27.59036,43.03966],[27.59175,43.03983],[27.59142,43.03844],[27.5965,43.02489],[27.60151,43.02392],[27.60204,43.02459],[27.62212,43.02216],[27.62579,43.01979],[27.62934,43.01945],[27.64432,43.02062],[27.64995,43.01886],[27.6546,43.01928],[27.66102,43.01786],[27.6672,43.01741],[27.67011,43.01634],[27.6729,43.01349],[27.67673,43.01136],[27.68422,43.01038],[27.69304,43.00797],[27.70074,43.00363],[27.70916,43.00219],[27.71112,43.00127],[27.71742,43.00222],[27.72206,43.00383],[27.72328,43.00248],[27.72818,43.00096],[27.72867,43.00182],[27.73668,42.99928],[27.73527,42.99824],[27.73956,42.99732],[27.76548,42.99812],[27.76561,42.99488],[27.76755,42.99444],[27.76886,42.99095],[27.77911,42.99073],[27.77905,42.99253],[27.78131,42.99656],[27.78447,42.99936],[27.7879,42.9981],[27.79593,42.99747],[27.79613,42.99596],[27.80234,42.99263],[27.80689,42.98801],[27.81729,42.99007],[27.82394,42.98804],[27.83225,42.98849],[27.8391,42.98953],[27.84159,42.98807],[27.84512,42.98838],[27.84521,42.98718],[27.86039,42.98587],[27.86406,42.98667],[27.86294,42.98296],[27.86149,42.98366],[27.85418,42.98285],[27.85366,42.9815],[27.85542,42.98116],[27.85358,42.98082],[27.85527,42.9801],[27.85363,42.9802],[27.85322,42.97891],[27.85518,42.97835],[27.86137,42.97811],[27.86515,42.98144],[27.87066,42.98334],[27.88036,42.9804],[27.87909,42.9749],[27.88981,42.97466],[27.89152,42.97495],[27.89145,42.97665],[27.90899,42.97688],[27.90784,42.98214],[27.90872,43.00139],[27.91011,43.01508],[27.91231,43.02431],[27.89071,43.02416],[27.88832,43.02392],[27.88588,43.02231],[27.8819,43.02251],[27.88173,43.0218],[27.87964,43.02185],[27.87935,43.02326],[27.8734,43.02353],[27.86553,43.02682],[27.85965,43.02746],[27.84909,43.03506],[27.84855,43.03851],[27.8425,43.03476],[27.83817,43.02645],[27.83667,43.02523],[27.83013,43.0246],[27.82207,43.02024],[27.81796,43.02233],[27.81483,43.02267],[27.79691,43.0193],[27.79504,43.01948],[27.79617,43.02233],[27.7904,43.02197],[27.78607,43.02383],[27.77786,43.02918],[27.7739,43.03339],[27.76773,43.03716],[27.76567,43.03971],[27.76434,43.04341],[27.76311,43.04406],[27.76015,43.04344],[27.75838,43.04128],[27.75872,43.03996],[27.75647,43.03977],[27.75533,43.03301],[27.76274,43.02948],[27.76198,43.0286],[27.76636,43.02654],[27.76412,43.02399],[27.76542,43.021],[27.76691,43.01944],[27.76481,43.01854],[27.75737,43.01935],[27.75115,43.0237],[27.74841,43.02412],[27.74231,43.02743],[27.73976,43.02801],[27.73564,43.02992],[27.73354,43.03007],[27.72929,43.03261],[27.72686,43.03486],[27.72613,43.03741],[27.72687,43.03726],[27.72713,43.03848],[27.72607,43.0401],[27.7173,43.04172],[27.71502,43.04368],[27.7124,43.04409],[27.70755,43.04785],[27.70619,43.04675],[27.70692,43.04594],[27.70513,43.04546],[27.70387,43.04655],[27.70164,43.04687],[27.69901,43.04568],[27.69783,43.04584],[27.69513,43.04858],[27.6818,43.04478],[27.67731,43.04559],[27.67708,43.04442],[27.67282,43.0417],[27.6775,43.03714],[27.67482,43.03665],[27.66497,43.03813],[27.65831,43.04108],[27.65234,43.04175],[27.64825,43.04378],[27.64842,43.04317],[27.64221,43.04462],[27.63947,43.04469],[27.63884,43.0441],[27.63803,43.04546],[27.63158,43.04588],[27.63143,43.04697],[27.62706,43.04726],[27.62651,43.04439],[27.62244,43.0443],[27.61783,43.04586],[27.61702,43.04428],[27.61411,43.04496]]]},"properties":{"SiteCode":"BG0002045","SiteNameBG":"Комплекс Камчия","SiteType":"SPA","SiteArea":10300.560799999999,"naturaClass":"spa"}},{"type":"Feature","geometry":{"type":"Polygon","coordinates":[[[27.718,43.19309],[27.7274,43.18561],[27.7307,43.1849],[27.73494,43.18117],[27.73713,43.18145],[27.73807,43.18422],[27.7425,43.18832],[27.74452,43.18853],[27.74866,43.18713],[27.74524,43.18957],[27.74625,43.1905],[27.71491,43.19429],[27.71715,43.19395],[27.718,43.19309]]]},"properties":{"SiteCode":"BG0002046","SiteNameBG":"Ятата","SiteType":"SPA","SiteArea":144.50120000000001,"naturaClass":"spa"}},{"type":"Feature","geometry":{"type":"Polygon","coordinates":[[[27.66774,44.01915],[27.67383,44.01974],[27.67287,44.02115],[27.67746,44.02246],[27.67366,44.02977],[27.64354,44.04796],[27.61214,44.0123],[27.61568,44.00884],[27.62197,44.01607],[27.62756,44.0138],[27.62703,44.0114],[27.62608,44.01223],[27.62695,44.01044],[27.62608,44.01068],[27.62609,44.01006],[27.62939,44.00988],[27.63548,44.01093],[27.63576,44.01311],[27.63691,44.01319],[27.6372,44.01206],[27.63862,44.01365],[27.63987,44.01386],[27.64061,44.0121],[27.64253,44.01129],[27.64198,44.00939],[27.64031,44.00871],[27.63907,44.00886],[27.63894,44.01036],[27.63808,44.01063],[27.63743,44.00685],[27.63996,44.00745],[27.63898,44.00417],[27.63693,44.00473],[27.63033,44.00415],[27.62968,44.00178],[27.62675,44.00109],[27.62398,44.00366],[27.6186,44.00121],[27.61049,43.99455],[27.61033,43.97169],[27.61786,43.96484],[27.61843,43.96211],[27.6192,43.96206],[27.6208,43.95879],[27.62097,43.95321],[27.62265,43.95282],[27.62597,43.94721],[27.61747,43.9443],[27.61896,43.9413],[27.61537,43.94024],[27.61571,43.93954],[27.61391,43.93902],[27.61349,43.93969],[27.61209,43.93932],[27.60804,43.93625],[27.6063,43.93804],[27.6047,43.93693],[27.60264,43.94088],[27.60326,43.93831],[27.60078,43.93739],[27.60102,43.93458],[27.59812,43.93431],[27.59799,43.9369],[27.59574,43.9368],[27.59534,43.93604],[27.59373,43.93759],[27.59287,43.93712],[27.5939,43.93456],[27.59267,43.93437],[27.59162,43.93647],[27.58922,43.93374],[27.58808,43.93397],[27.58707,43.93318],[27.58615,43.93365],[27.58362,43.93169],[27.58163,43.93254],[27.58085,43.93188],[27.58197,43.92994],[27.57941,43.92188],[27.5868,43.91255],[27.59159,43.90801],[27.58016,43.90127],[27.57839,43.89917],[27.57853,43.89777],[27.57563,43.89472],[27.58364,43.89077],[27.58176,43.88757],[27.57807,43.88773],[27.57637,43.88832],[27.57602,43.88933],[27.57558,43.88747],[27.57541,43.88812],[27.57445,43.88795],[27.57415,43.88662],[27.575,43.88617],[27.57351,43.88553],[27.57498,43.88398],[27.57659,43.88399],[27.57607,43.88345],[27.57776,43.88355],[27.57825,43.88188],[27.57591,43.88038],[27.5766,43.87941],[27.57532,43.87932],[27.57504,43.88066],[27.57483,43.879],[27.574,43.87896],[27.57125,43.8804],[27.57165,43.88096],[27.56827,43.88047],[27.56726,43.88331],[27.56212,43.88394],[27.56367,43.87675],[27.55734,43.87602],[27.55713,43.87451],[27.55158,43.87184],[27.55038,43.87003],[27.54762,43.86973],[27.55233,43.86692],[27.55123,43.86541],[27.54905,43.8643],[27.54719,43.86634],[27.54614,43.86604],[27.54431,43.86702],[27.54332,43.86616],[27.54567,43.8633],[27.5429,43.86238],[27.54101,43.86309],[27.53963,43.86112],[27.54018,43.85856],[27.54266,43.85989],[27.55271,43.86261],[27.55242,43.86331],[27.55325,43.86348],[27.55448,43.86008],[27.54745,43.858],[27.54822,43.85661],[27.55121,43.85707],[27.55308,43.85545],[27.55129,43.85434],[27.5518,43.85247],[27.5533,43.85406],[27.55357,43.85592],[27.55475,43.85559],[27.5528,43.85218],[27.55591,43.85518],[27.55666,43.85491],[27.55656,43.85398],[27.55818,43.8539],[27.55686,43.84656],[27.55544,43.84529],[27.55363,43.84498],[27.55385,43.84316],[27.55046,43.84642],[27.54803,43.84515],[27.54776,43.84426],[27.54951,43.84241],[27.54783,43.84171],[27.54919,43.83969],[27.5525,43.8416],[27.5544,43.83962],[27.55267,43.83816],[27.5531,43.83741],[27.55426,43.83805],[27.55575,43.83535],[27.55099,43.8347],[27.5523,43.83057],[27.55871,43.83107],[27.56211,43.82054],[27.55535,43.81994],[27.55716,43.81807],[27.55647,43.81789],[27.55786,43.81514],[27.55694,43.81485],[27.56297,43.80768],[27.56671,43.79767],[27.56626,43.79558],[27.56243,43.79058],[27.55975,43.77853],[27.55983,43.774],[27.56196,43.77352],[27.56018,43.76722],[27.56139,43.7671],[27.56051,43.76637],[27.56093,43.76504],[27.56014,43.76436],[27.55808,43.76456],[27.55732,43.75723],[27.55322,43.75383],[27.5548,43.7498],[27.55381,43.74908],[27.55519,43.7469],[27.55345,43.74549],[27.5511,43.74492],[27.55179,43.74353],[27.55109,43.74197],[27.55026,43.7422],[27.55144,43.74172],[27.55139,43.74108],[27.55043,43.74155],[27.55034,43.74108],[27.56177,43.73853],[27.5568,43.7356],[27.55024,43.73347],[27.5503,43.72604],[27.55193,43.72327],[27.55113,43.72169],[27.55312,43.72042],[27.55679,43.71964],[27.55856,43.71804],[27.55853,43.71685],[27.56014,43.71748],[27.56057,43.71685],[27.55963,43.71604],[27.56021,43.71313],[27.55786,43.71253],[27.56284,43.71166],[27.56277,43.70992],[27.55773,43.71004],[27.55752,43.70483],[27.55288,43.70486],[27.55185,43.70084],[27.5495,43.69864],[27.54768,43.69869],[27.54761,43.69674],[27.55025,43.69651],[27.5504,43.69494],[27.54885,43.69413],[27.55252,43.69181],[27.55194,43.68679],[27.55337,43.68659],[27.55235,43.68607],[27.55164,43.68336],[27.55339,43.68301],[27.55395,43.68415],[27.55667,43.68376],[27.55779,43.68809],[27.55654,43.69121],[27.55801,43.69474],[27.55931,43.6955],[27.56256,43.69497],[27.561,43.69036],[27.56445,43.68962],[27.56052,43.67989],[27.57961,43.67567],[27.58085,43.66998],[27.57654,43.65905],[27.57348,43.65772],[27.5807,43.65781],[27.58137,43.65631],[27.57612,43.65262],[27.57686,43.65062],[27.58023,43.65357],[27.58176,43.65342],[27.58126,43.65288],[27.5822,43.65236],[27.58017,43.65017],[27.57946,43.65048],[27.5789,43.64905],[27.58107,43.64871],[27.58187,43.64671],[27.5801,43.64536],[27.5772,43.64576],[27.57723,43.64477],[27.57916,43.6433],[27.57525,43.63822],[27.57874,43.63909],[27.58,43.63859],[27.58018,43.63601],[27.58097,43.63603],[27.58203,43.63698],[27.5826,43.63999],[27.58376,43.64011],[27.58434,43.63794],[27.58256,43.63277],[27.58924,43.63018],[27.59505,43.62892],[27.59501,43.62829],[27.58775,43.62843],[27.58724,43.62531],[27.58418,43.6248],[27.58709,43.62447],[27.58855,43.62284],[27.5901,43.62387],[27.59211,43.62364],[27.59301,43.62612],[27.59697,43.62652],[27.60146,43.62544],[27.60027,43.62654],[27.60112,43.63052],[27.59225,43.6321],[27.58807,43.63444],[27.59397,43.63905],[27.59636,43.63882],[27.59686,43.64005],[27.60018,43.64093],[27.60286,43.64346],[27.60548,43.64329],[27.60912,43.64466],[27.61086,43.64437],[27.6119,43.64514],[27.6214,43.64326],[27.62478,43.64097],[27.62533,43.63959],[27.62673,43.63916],[27.62666,43.63964],[27.62872,43.63781],[27.63093,43.63762],[27.63281,43.63545],[27.63402,43.63554],[27.63264,43.63857],[27.63352,43.63851],[27.62973,43.64044],[27.62939,43.64595],[27.6179,43.64911],[27.61613,43.6511],[27.61668,43.65324],[27.61336,43.65314],[27.61079,43.65153],[27.60885,43.65184],[27.60837,43.6575],[27.60666,43.65783],[27.6094,43.66506],[27.61084,43.66482],[27.61017,43.66334],[27.611,43.65977],[27.61159,43.66314],[27.6134,43.66441],[27.61683,43.66201],[27.61434,43.66485],[27.61707,43.67471],[27.61856,43.67444],[27.61902,43.67319],[27.62163,43.67253],[27.62288,43.67131],[27.62401,43.6711],[27.62441,43.67174],[27.6267,43.67058],[27.62568,43.66807],[27.62702,43.6678],[27.62737,43.66456],[27.62974,43.66095],[27.63296,43.65961],[27.63486,43.6553],[27.6437,43.65236],[27.64054,43.6585],[27.64305,43.65982],[27.64288,43.66186],[27.64338,43.66261],[27.63902,43.66652],[27.63526,43.66789],[27.62955,43.66877],[27.62778,43.67122],[27.62948,43.67138],[27.62791,43.67382],[27.63214,43.6759],[27.63046,43.67593],[27.63088,43.67825],[27.62927,43.67617],[27.62912,43.67942],[27.62725,43.6806],[27.62673,43.67925],[27.62594,43.67997],[27.62371,43.67872],[27.62314,43.67905],[27.62391,43.67987],[27.62221,43.68026],[27.62053,43.67971],[27.62143,43.68049],[27.62129,43.68209],[27.61061,43.6844],[27.60666,43.68593],[27.60614,43.68792],[27.6064,43.68861],[27.60965,43.68624],[27.61137,43.68721],[27.61506,43.68655],[27.61557,43.68772],[27.62647,43.6861],[27.62687,43.68734],[27.62852,43.6875],[27.62945,43.68846],[27.63096,43.68816],[27.63179,43.68696],[27.63233,43.68827],[27.63686,43.68811],[27.63705,43.69059],[27.6407,43.68587],[27.64357,43.6842],[27.64203,43.68238],[27.64187,43.67713],[27.64704,43.67487],[27.65338,43.67009],[27.65016,43.66885],[27.64755,43.66957],[27.64334,43.66795],[27.64516,43.66639],[27.65022,43.66606],[27.65865,43.66365],[27.65963,43.66613],[27.65884,43.66642],[27.66063,43.67026],[27.65612,43.67181],[27.65258,43.67175],[27.65435,43.67819],[27.65721,43.68549],[27.63929,43.68933],[27.63917,43.6912],[27.63729,43.69166],[27.63947,43.69763],[27.6287,43.6999],[27.62752,43.69876],[27.61227,43.70188],[27.61409,43.70352],[27.60618,43.71815],[27.60857,43.71873],[27.61561,43.72463],[27.61436,43.72579],[27.62347,43.73488],[27.62826,43.73347],[27.62881,43.73416],[27.6263,43.73507],[27.62868,43.7364],[27.62733,43.7402],[27.63095,43.74035],[27.62968,43.74065],[27.62355,43.75057],[27.62868,43.75228],[27.62558,43.75638],[27.61865,43.75775],[27.62234,43.76657],[27.62024,43.7661],[27.61865,43.76383],[27.61485,43.76266],[27.61398,43.7617],[27.61463,43.75742],[27.61396,43.75684],[27.61141,43.75676],[27.6028,43.75948],[27.60866,43.76744],[27.60593,43.76861],[27.60692,43.77038],[27.60535,43.77148],[27.6048,43.77438],[27.61978,43.77832],[27.62412,43.77439],[27.62681,43.77357],[27.62722,43.77018],[27.63385,43.766],[27.63001,43.76213],[27.62961,43.76062],[27.6314,43.75772],[27.6341,43.7613],[27.63656,43.76055],[27.63721,43.76157],[27.64237,43.76236],[27.64322,43.76163],[27.64364,43.76218],[27.64545,43.76176],[27.64783,43.75968],[27.64605,43.75638],[27.64215,43.75427],[27.63952,43.75014],[27.64334,43.75311],[27.64345,43.75037],[27.64447,43.75155],[27.64827,43.75011],[27.65371,43.75567],[27.65721,43.75469],[27.66502,43.75792],[27.66396,43.75982],[27.65825,43.76119],[27.6578,43.76363],[27.65511,43.76666],[27.65114,43.76557],[27.64824,43.76838],[27.64534,43.76792],[27.64512,43.76922],[27.64773,43.76997],[27.647,43.77367],[27.6495,43.7743],[27.64987,43.77338],[27.65093,43.77499],[27.65429,43.77432],[27.65502,43.7749],[27.6516,43.77892],[27.65013,43.77733],[27.64462,43.7814],[27.63841,43.78283],[27.63622,43.78801],[27.63348,43.79106],[27.64666,43.79911],[27.64563,43.79991],[27.64488,43.79945],[27.64396,43.80084],[27.64811,43.80363],[27.64492,43.80551],[27.64772,43.8074],[27.65212,43.80882],[27.65362,43.80468],[27.65506,43.80472],[27.65412,43.80618],[27.65448,43.81335],[27.66301,43.81381],[27.66363,43.81225],[27.66598,43.81089],[27.66852,43.81152],[27.66964,43.81085],[27.67042,43.81004],[27.66893,43.80705],[27.67279,43.80321],[27.67568,43.802],[27.67697,43.80041],[27.67532,43.79935],[27.67899,43.79831],[27.67808,43.79692],[27.6833,43.80064],[27.68423,43.79995],[27.68166,43.79725],[27.68226,43.79613],[27.68239,43.79754],[27.68338,43.79628],[27.68811,43.80087],[27.68454,43.80344],[27.68431,43.80631],[27.68228,43.80514],[27.67899,43.80862],[27.67736,43.80862],[27.67699,43.80993],[27.67885,43.8127],[27.67815,43.81637],[27.68028,43.81695],[27.68013,43.81788],[27.67733,43.81838],[27.6725,43.81793],[27.66967,43.81994],[27.66729,43.81969],[27.66665,43.82029],[27.66945,43.82065],[27.67218,43.82002],[27.67237,43.82186],[27.67373,43.82336],[27.67108,43.82179],[27.67031,43.82277],[27.66453,43.82222],[27.6639,43.82445],[27.66507,43.82456],[27.66471,43.82639],[27.66587,43.82667],[27.66512,43.82993],[27.66115,43.83114],[27.66041,43.83084],[27.66054,43.827],[27.65905,43.82674],[27.65524,43.82687],[27.65416,43.82761],[27.65319,43.83196],[27.65103,43.83221],[27.651,43.8302],[27.6495,43.82791],[27.64444,43.82803],[27.64304,43.82952],[27.64169,43.82874],[27.63981,43.82907],[27.63965,43.83118],[27.63786,43.83278],[27.6365,43.83265],[27.63627,43.83086],[27.63506,43.83038],[27.63351,43.83233],[27.63289,43.84348],[27.62211,43.8389],[27.61264,43.8503],[27.61172,43.85619],[27.6145,43.85621],[27.61423,43.86116],[27.61513,43.86218],[27.61485,43.86266],[27.61024,43.86101],[27.6101,43.8616],[27.61,43.86105],[27.60582,43.86107],[27.60596,43.86709],[27.61568,43.86724],[27.61684,43.86828],[27.61857,43.86787],[27.62174,43.86972],[27.62322,43.86917],[27.62523,43.86951],[27.62675,43.86844],[27.62571,43.86815],[27.62686,43.86696],[27.63012,43.86749],[27.6334,43.86552],[27.63179,43.86785],[27.63329,43.87212],[27.63765,43.87433],[27.64035,43.87685],[27.64077,43.87361],[27.64259,43.87364],[27.64325,43.88393],[27.66077,43.88469],[27.66956,43.89057],[27.65875,43.90013],[27.65772,43.8999],[27.65517,43.90325],[27.65335,43.90232],[27.65287,43.90277],[27.6536,43.90321],[27.65171,43.90571],[27.6521,43.907],[27.65017,43.90849],[27.65114,43.90967],[27.64896,43.91131],[27.65019,43.91237],[27.64936,43.91354],[27.65092,43.91497],[27.65414,43.91286],[27.65346,43.91011],[27.65442,43.91088],[27.65585,43.90995],[27.6589,43.90966],[27.66363,43.90435],[27.66598,43.90309],[27.66847,43.90448],[27.67494,43.90508],[27.67428,43.90074],[27.67621,43.89821],[27.6813,43.8946],[27.68218,43.89494],[27.67701,43.89984],[27.67788,43.90041],[27.6774,43.90153],[27.67861,43.90227],[27.67703,43.9028],[27.67628,43.91071],[27.68122,43.91013],[27.68157,43.9065],[27.68592,43.89677],[27.68412,43.9052],[27.68629,43.90409],[27.68645,43.90478],[27.68813,43.90476],[27.68395,43.90731],[27.68524,43.90883],[27.6889,43.91055],[27.68677,43.9139],[27.68764,43.91827],[27.68578,43.9207],[27.68798,43.92231],[27.68926,43.92198],[27.69035,43.9199],[27.69696,43.91442],[27.69533,43.91225],[27.69685,43.91166],[27.69627,43.90815],[27.69762,43.91031],[27.69938,43.91119],[27.70178,43.90863],[27.70262,43.90916],[27.70023,43.91251],[27.70121,43.91724],[27.70205,43.91732],[27.70221,43.91636],[27.70403,43.91652],[27.70399,43.91474],[27.70518,43.91472],[27.70704,43.91168],[27.7065,43.91094],[27.71389,43.91496],[27.71725,43.91515],[27.71961,43.91414],[27.71926,43.91146],[27.72094,43.90949],[27.72987,43.90607],[27.73174,43.90748],[27.73051,43.90836],[27.72929,43.90713],[27.72793,43.90749],[27.72434,43.91575],[27.71967,43.91958],[27.71335,43.91808],[27.7095,43.91518],[27.70764,43.92125],[27.70954,43.92051],[27.71047,43.92087],[27.70777,43.92412],[27.70979,43.92543],[27.70812,43.92677],[27.70672,43.92635],[27.70537,43.92706],[27.70084,43.92311],[27.69942,43.92348],[27.70045,43.92421],[27.69866,43.92367],[27.69706,43.92556],[27.69887,43.92547],[27.69882,43.92683],[27.69595,43.92972],[27.69158,43.92901],[27.69117,43.93019],[27.68944,43.93045],[27.68982,43.92814],[27.68789,43.92568],[27.68464,43.92672],[27.68621,43.93416],[27.66498,43.93644],[27.66432,43.93764],[27.66583,43.94369],[27.67435,43.94087],[27.67274,43.94285],[27.66562,43.94491],[27.66532,43.94562],[27.66808,43.94699],[27.67302,43.94654],[27.67133,43.94688],[27.67047,43.95105],[27.66548,43.95367],[27.66586,43.95481],[27.67165,43.95448],[27.6789,43.953],[27.67769,43.94599],[27.68836,43.94458],[27.68787,43.94214],[27.69155,43.94148],[27.68967,43.93872],[27.69022,43.93742],[27.6923,43.93681],[27.69134,43.93464],[27.6922,43.93454],[27.692,43.93587],[27.69418,43.93711],[27.69752,43.93277],[27.69666,43.93709],[27.69888,43.93798],[27.6997,43.94297],[27.6987,43.94439],[27.69697,43.94496],[27.69861,43.94511],[27.69771,43.94586],[27.6995,43.94558],[27.70194,43.94665],[27.69952,43.94686],[27.70145,43.94872],[27.70133,43.95001],[27.70251,43.95078],[27.71214,43.94784],[27.72218,43.9566],[27.71518,43.95587],[27.71377,43.95295],[27.71162,43.95165],[27.70786,43.95106],[27.70693,43.95374],[27.6959,43.95193],[27.69485,43.95225],[27.69452,43.95353],[27.69414,43.95285],[27.69268,43.95284],[27.69231,43.95167],[27.69428,43.94958],[27.68596,43.95212],[27.68921,43.95242],[27.6892,43.95316],[27.68753,43.95358],[27.68715,43.95513],[27.68856,43.95541],[27.6881,43.95662],[27.69001,43.9565],[27.68982,43.95785],[27.69091,43.95731],[27.6918,43.95804],[27.69257,43.96074],[27.69393,43.96077],[27.69466,43.95679],[27.69713,43.957],[27.69641,43.95625],[27.69726,43.95628],[27.69697,43.9552],[27.6981,43.95713],[27.70487,43.9583],[27.70418,43.95928],[27.70881,43.96143],[27.70822,43.9626],[27.70638,43.96194],[27.70488,43.96229],[27.70406,43.96111],[27.69998,43.95969],[27.69961,43.9612],[27.70123,43.96248],[27.70249,43.9653],[27.70364,43.9656],[27.70348,43.96668],[27.70084,43.96515],[27.70028,43.96375],[27.69572,43.96256],[27.6945,43.96294],[27.69402,43.96583],[27.69488,43.96693],[27.69413,43.96862],[27.692,43.96821],[27.69332,43.96754],[27.69087,43.96491],[27.69166,43.9616],[27.68839,43.96053],[27.6873,43.9605],[27.68453,43.96865],[27.6739,43.96605],[27.6702,43.97534],[27.67194,43.9755],[27.67255,43.97419],[27.6734,43.97442],[27.67389,43.97665],[27.67598,43.97771],[27.67815,43.97397],[27.67782,43.97752],[27.67878,43.97807],[27.68065,43.97683],[27.68145,43.97711],[27.67957,43.98207],[27.68138,43.98304],[27.68112,43.98356],[27.67411,43.98197],[27.6733,43.98267],[27.66657,43.99578],[27.66835,43.99621],[27.66973,43.99842],[27.67155,43.99895],[27.67116,44.00011],[27.67589,44.00519],[27.67788,44.00181],[27.6783,44.00386],[27.67634,44.00672],[27.6746,44.00815],[27.67042,44.00961],[27.67324,44.01444],[27.67534,44.01579],[27.67124,44.01513],[27.67071,44.01682],[27.66855,44.01652],[27.66774,44.01915]],[[27.63839,43.65768],[27.63914,43.65711],[27.63832,43.65701],[27.63839,43.65768]],[[27.57037,43.88077],[27.57114,43.88072],[27.57098,43.87998],[27.56975,43.88082],[27.57037,43.88077]],[[27.68655,43.95897],[27.6877,43.95928],[27.68836,43.95799],[27.68711,43.95787],[27.68655,43.95897]],[[27.60935,43.83147],[27.61226,43.83073],[27.61197,43.83011],[27.6106,43.83027],[27.60935,43.83147]],[[27.62326,43.95386],[27.62354,43.95515],[27.62503,43.95498],[27.62497,43.95384],[27.62326,43.95386]],[[27.57654,43.81932],[27.57736,43.82025],[27.57913,43.81999],[27.57711,43.81865],[27.57654,43.81932]],[[27.57925,43.79751],[27.58107,43.79846],[27.58108,43.79684],[27.57875,43.79702],[27.57925,43.79751]],[[27.58144,43.65143],[27.58301,43.65256],[27.58413,43.65204],[27.58239,43.65071],[27.58144,43.65143]],[[27.57942,43.64056],[27.58095,43.64187],[27.58214,43.6416],[27.5799,43.64057],[27.58108,43.64033],[27.58092,43.63927],[27.57968,43.63933],[27.57942,43.64056]],[[27.56207,43.77269],[27.56221,43.77353],[27.56579,43.77336],[27.56554,43.77256],[27.56207,43.77269]],[[27.57537,43.80426],[27.57604,43.80516],[27.57846,43.80457],[27.57874,43.80381],[27.57693,43.80332],[27.57537,43.80426]],[[27.57585,43.79859],[27.57789,43.80047],[27.58017,43.7991],[27.57839,43.79716],[27.57585,43.79859]],[[27.58173,43.82042],[27.58344,43.82062],[27.58413,43.82215],[27.58891,43.82408],[27.59105,43.82306],[27.58894,43.82277],[27.58828,43.82202],[27.58945,43.82096],[27.58572,43.81921],[27.58274,43.8193],[27.58173,43.82042]],[[27.67371,43.92039],[27.67746,43.92289],[27.67872,43.92046],[27.67654,43.91836],[27.67829,43.91777],[27.67867,43.91844],[27.67772,43.91878],[27.6799,43.91946],[27.67656,43.91476],[27.67727,43.91162],[27.6762,43.91109],[27.67595,43.91291],[27.67432,43.91451],[27.67371,43.92039]],[[27.61004,43.83178],[27.60799,43.83137],[27.60439,43.83287],[27.60238,43.83267],[27.60165,43.83449],[27.59994,43.83548],[27.60056,43.83713],[27.61064,43.83614],[27.61027,43.83514],[27.61153,43.83542],[27.61179,43.83424],[27.61087,43.83403],[27.61027,43.83514],[27.61004,43.83178]],[[27.57888,43.80375],[27.58138,43.80395],[27.58183,43.80496],[27.58991,43.80441],[27.58976,43.80252],[27.58868,43.80212],[27.58973,43.80045],[27.58851,43.8005],[27.5902,43.79971],[27.58729,43.79918],[27.58305,43.80116],[27.58096,43.8005],[27.57917,43.80109],[27.57818,43.8007],[27.57613,43.80247],[27.5784,43.80272],[27.57888,43.80375]]]},"properties":{"SiteCode":"BG0002048","SiteNameBG":"Суха река","SiteType":"SPA","SiteArea":25437.786100000001,"naturaClass":"spa"}},{"type":"Feature","geometry":{"type":"Polygon","coordinates":[[[28.53433,43.69699],[28.53471,43.69488],[28.53611,43.69381],[28.54052,43.69238],[28.54051,43.68846],[28.54175,43.68529],[28.54311,43.68498],[28.54227,43.6844],[28.53648,43.68908],[28.5346,43.68702],[28.53395,43.6881],[28.53401,43.68752],[28.53263,43.68732],[28.53155,43.68806],[28.53209,43.68347],[28.52985,43.68207],[28.52775,43.6745],[28.52384,43.66901],[28.52014,43.67267],[28.51614,43.67395],[28.51617,43.67629],[28.5138,43.67691],[28.50975,43.67597],[28.5093,43.67467],[28.50757,43.67417],[28.50742,43.67113],[28.50506,43.66923],[28.50386,43.6693],[28.50269,43.66821],[28.49074,43.66635],[28.49301,43.65971],[28.49133,43.65878],[28.48723,43.659],[28.48715,43.65518],[28.48894,43.65515],[28.48839,43.65628],[28.49531,43.65793],[28.49353,43.66183],[28.50363,43.66383],[28.50555,43.66871],[28.50809,43.67031],[28.50834,43.67245],[28.51603,43.67196],[28.51836,43.66972],[28.52075,43.66908],[28.51833,43.66601],[28.5216,43.66587],[28.50799,43.65239],[28.50754,43.65102],[28.51057,43.65061],[28.51352,43.64801],[28.51348,43.64699],[28.50893,43.64624],[28.50723,43.6445],[28.51162,43.64109],[28.51216,43.63945],[28.51133,43.63918],[28.50799,43.64077],[28.51069,43.63546],[28.51396,43.63611],[28.51581,43.64582],[28.53597,43.64752],[28.5372,43.65081],[28.56563,43.65186],[28.56972,43.63514],[28.57331,43.63503],[28.57328,43.63437],[28.57581,43.63412],[28.5786,43.63051],[28.58307,43.63214],[28.58444,43.63393],[28.58583,43.63909],[28.57682,43.65804],[28.57083,43.68228],[28.57188,43.69097],[28.57524,43.69297],[28.58372,43.69557],[28.58787,43.70174],[28.58895,43.71081],[28.58772,43.71595],[28.58467,43.72109],[28.58424,43.72749],[28.58716,43.73452],[28.58806,43.73893],[28.57763,43.73859],[28.57625,43.73462],[28.5738,43.73253],[28.57298,43.72866],[28.57032,43.72408],[28.57279,43.71177],[28.57698,43.70673],[28.5485,43.70509],[28.54544,43.70671],[28.53979,43.70646],[28.53433,43.69699]]]},"properties":{"SiteCode":"BG0002050","SiteNameBG":"Дуранкулашко езеро","SiteType":"SPA","SiteArea":3355.9812999999999,"naturaClass":"spa"}},{"type":"Feature","geometry":{"type":"Polygon","coordinates":[[[28.58471,43.49367],[28.58471,43.49007],[28.58326,43.48861],[28.57739,43.48872],[28.57807,43.49045],[28.57721,43.49215],[28.57352,43.49201],[28.57285,43.48981],[28.57171,43.48961],[28.57194,43.48463],[28.56906,43.48406],[28.56904,43.48186],[28.56574,43.47782],[28.56768,43.47937],[28.56892,43.47904],[28.55216,43.45999],[28.5477,43.46056],[28.54709,43.4562],[28.54542,43.45629],[28.54504,43.45249],[28.49475,43.43511],[28.49566,43.43077],[28.48992,43.42958],[28.48861,43.43394],[28.48079,43.43051],[28.46959,43.4513],[28.45592,43.44737],[28.44403,43.46978],[28.44274,43.46935],[28.44116,43.47244],[28.43939,43.47225],[28.43765,43.4744],[28.43744,43.47686],[28.43404,43.47663],[28.42951,43.47844],[28.42824,43.4766],[28.42554,43.47605],[28.42527,43.47671],[28.42282,43.47619],[28.4088,43.47686],[28.40889,43.48018],[28.38042,43.47287],[28.37857,43.47435],[28.36014,43.46944],[28.36275,43.46347],[28.35636,43.46346],[28.35115,43.43926],[28.35166,43.43799],[28.35351,43.43807],[28.35224,43.43663],[28.35681,43.42652],[28.35765,43.4267],[28.357,43.42607],[28.35825,43.42169],[28.35781,43.41987],[28.36188,43.41107],[28.35286,43.39822],[28.36155,43.39544],[28.37028,43.39425],[28.37806,43.39219],[28.39259,43.38202],[28.40835,43.37484],[28.42234,43.37088],[28.43043,43.37068],[28.43542,43.36897],[28.44191,43.36828],[28.4438,43.36687],[28.44605,43.36263],[28.44725,43.35657],[28.44932,43.35329],[28.45249,43.35051],[28.46072,43.34728],[28.46999,43.34731],[28.47449,43.34857],[28.4784,43.35064],[28.48174,43.3536],[28.4838,43.35696],[28.48781,43.37483],[28.51209,43.39995],[28.52416,43.40299],[28.53507,43.41009],[28.54132,43.41313],[28.55956,43.42736],[28.56452,43.43289],[28.57577,43.44767],[28.57744,43.45324],[28.58003,43.45738],[28.60185,43.48382],[28.6055,43.49419],[28.61456,43.50533],[28.61661,43.5107],[28.62118,43.51765],[28.62177,43.52716],[28.62602,43.5395],[28.60249,43.5401],[28.60406,43.53822],[28.60344,43.53353],[28.58628,43.50217],[28.58411,43.50081],[28.58681,43.49823],[28.58665,43.49704],[28.58505,43.49594],[28.58471,43.49367]]]},"properties":{"SiteCode":"BG0002051","SiteNameBG":"Калиакра","SiteType":"SPA","SiteArea":16171.7788,"naturaClass":"spa"}},{"type":"Feature","geometry":{"type":"Polygon","coordinates":[[[25.8537,42.65271],[25.8528,42.65123],[25.85247,42.65213],[25.85141,42.65074],[25.85139,42.64962],[25.84953,42.64877],[25.84745,42.64919],[25.84551,42.65139],[25.8438,42.65057],[25.8441,42.64865],[25.84265,42.64837],[25.84231,42.64914],[25.84054,42.64771],[25.8404,42.64888],[25.83937,42.64727],[25.83835,42.6477],[25.83732,42.65087],[25.83636,42.651],[25.8352,42.64783],[25.83423,42.64819],[25.83438,42.64754],[25.83313,42.64778],[25.82899,42.64654],[25.82796,42.64738],[25.82718,42.64527],[25.82567,42.64585],[25.82545,42.6449],[25.82737,42.6428],[25.82321,42.64026],[25.82169,42.64037],[25.82277,42.63982],[25.82304,42.63861],[25.82097,42.63616],[25.82089,42.6348],[25.82007,42.63477],[25.82163,42.63469],[25.82342,42.63072],[25.82638,42.62999],[25.81672,42.62052],[25.81456,42.6193],[25.80947,42.61817],[25.79947,42.61801],[25.80433,42.60543],[25.80721,42.60442],[25.81607,42.60418],[25.81323,42.60939],[25.81665,42.6108],[25.8168,42.61318],[25.81789,42.61414],[25.82249,42.61507],[25.82694,42.61919],[25.83143,42.62095],[25.8333,42.6227],[25.83192,42.62454],[25.83408,42.6258],[25.83416,42.62687],[25.82911,42.62982],[25.82483,42.63069],[25.82182,42.63427],[25.8237,42.63932],[25.82605,42.64153],[25.83358,42.6427],[25.84165,42.63952],[25.84554,42.64143],[25.84808,42.6416],[25.85323,42.63923],[25.85352,42.63787],[25.84732,42.63541],[25.84355,42.63215],[25.84477,42.63079],[25.84762,42.63047],[25.85032,42.62706],[25.84854,42.62429],[25.85156,42.6135],[25.85103,42.61281],[25.84921,42.61311],[25.85327,42.6075],[25.85417,42.60412],[25.85212,42.60233],[25.85225,42.60151],[25.85668,42.60457],[25.85609,42.60562],[25.85712,42.60569],[25.85709,42.60711],[25.86087,42.60745],[25.86306,42.60677],[25.86358,42.60587],[25.86272,42.60455],[25.86497,42.60328],[25.86486,42.60201],[25.86894,42.5978],[25.86904,42.59658],[25.86771,42.59528],[25.86811,42.59453],[25.86658,42.59461],[25.86399,42.59323],[25.86861,42.59239],[25.8698,42.59144],[25.87157,42.59198],[25.87275,42.59148],[25.87085,42.58401],[25.87591,42.582],[25.876,42.57954],[25.87906,42.57913],[25.88026,42.5762],[25.88119,42.57782],[25.88343,42.57911],[25.88497,42.57873],[25.88574,42.57649],[25.88598,42.57793],[25.88814,42.5776],[25.88938,42.57874],[25.89028,42.57788],[25.89089,42.57938],[25.89628,42.58239],[25.898,42.58246],[25.89861,42.58376],[25.90189,42.58584],[25.89909,42.5882],[25.90074,42.589],[25.90623,42.58888],[25.90571,42.58775],[25.90659,42.58696],[25.90542,42.58555],[25.90708,42.58498],[25.90842,42.5855],[25.90938,42.58433],[25.90899,42.58576],[25.91042,42.58663],[25.90827,42.58786],[25.90826,42.58873],[25.91183,42.59052],[25.92191,42.59034],[25.92318,42.58961],[25.92341,42.58832],[25.92099,42.58616],[25.92191,42.58494],[25.91871,42.58481],[25.92064,42.5833],[25.92268,42.58383],[25.92175,42.58195],[25.92296,42.57894],[25.92597,42.58291],[25.92449,42.58509],[25.92668,42.58503],[25.92591,42.58629],[25.92745,42.58639],[25.92503,42.58751],[25.92624,42.58812],[25.92643,42.58947],[25.92937,42.59214],[25.93398,42.58466],[25.93659,42.58417],[25.94351,42.58551],[25.94322,42.58072],[25.94399,42.58247],[25.94699,42.5838],[25.94646,42.58466],[25.9483,42.58468],[25.94684,42.58627],[25.94966,42.58726],[25.9481,42.58791],[25.94979,42.58838],[25.95212,42.5872],[25.95186,42.58849],[25.95327,42.58843],[25.95067,42.5939],[25.95228,42.59534],[25.9517,42.59585],[25.94971,42.59556],[25.94809,42.59661],[25.94257,42.59397],[25.93894,42.59605],[25.94088,42.59857],[25.94001,42.59941],[25.93778,42.59801],[25.93748,42.59875],[25.93578,42.59822],[25.93404,42.59951],[25.93493,42.60309],[25.93236,42.60095],[25.93122,42.60188],[25.92984,42.60186],[25.929,42.60352],[25.92859,42.60299],[25.92785,42.60358],[25.92412,42.60139],[25.92201,42.60185],[25.92152,42.60106],[25.9206,42.60196],[25.91986,42.60169],[25.91996,42.59877],[25.91558,42.59841],[25.91423,42.59939],[25.91136,42.59735],[25.90878,42.59715],[25.90732,42.59892],[25.90423,42.59608],[25.90307,42.59711],[25.90049,42.59703],[25.89928,42.59854],[25.89737,42.59856],[25.89823,42.59382],[25.89609,42.5943],[25.89494,42.59239],[25.89121,42.59279],[25.88856,42.5917],[25.88657,42.59219],[25.886,42.59313],[25.88631,42.59651],[25.88548,42.59835],[25.88617,42.59922],[25.88539,42.59979],[25.88669,42.60116],[25.88257,42.59996],[25.88203,42.60065],[25.87908,42.60064],[25.87822,42.60114],[25.87878,42.60256],[25.87722,42.60208],[25.87587,42.60264],[25.87456,42.60521],[25.87638,42.60596],[25.87194,42.60807],[25.87133,42.61014],[25.86958,42.6106],[25.86896,42.61353],[25.86709,42.61244],[25.86687,42.61486],[25.86754,42.61637],[25.87326,42.62002],[25.87463,42.62267],[25.87402,42.6247],[25.87609,42.62467],[25.87743,42.62854],[25.87897,42.6278],[25.87945,42.62875],[25.88284,42.62879],[25.88426,42.63048],[25.8871,42.6309],[25.89019,42.63266],[25.89093,42.63394],[25.88758,42.63465],[25.88514,42.63698],[25.88597,42.63819],[25.88749,42.63848],[25.89104,42.64103],[25.89187,42.64324],[25.89098,42.64417],[25.88754,42.64002],[25.88566,42.63932],[25.88437,42.64104],[25.88678,42.64293],[25.88787,42.64597],[25.88607,42.64586],[25.88383,42.64816],[25.88155,42.64897],[25.87949,42.64357],[25.87953,42.64104],[25.88071,42.63897],[25.87456,42.63916],[25.87482,42.63983],[25.87058,42.63857],[25.85653,42.6388],[25.86231,42.64382],[25.86341,42.64683],[25.86481,42.64757],[25.86216,42.64802],[25.8643,42.65144],[25.85905,42.64983],[25.85546,42.65061],[25.85372,42.64984],[25.8537,42.65271]]]},"properties":{"SiteCode":"BG0002052","SiteNameBG":"Язовир Жребчево","SiteType":"SPA","SiteArea":2513.0041999999999,"naturaClass":"spa"}},{"type":"Feature","geometry":{"type":"Polygon","coordinates":[[[23.35937,43.26905],[23.35831,43.2687],[23.35943,43.26865],[23.35768,43.26711],[23.35916,43.26581],[23.35639,43.26416],[23.35642,43.26566],[23.35564,43.26561],[23.35571,43.2647],[23.35476,43.2658],[23.35333,43.26531],[23.35278,43.26753],[23.35127,43.26736],[23.34942,43.27107],[23.34365,43.26899],[23.3458,43.26546],[23.33959,43.26736],[23.33994,43.26878],[23.33863,43.2699],[23.33375,43.26942],[23.33764,43.26526],[23.34264,43.26356],[23.3438,43.25941],[23.34196,43.25495],[23.3436,43.25265],[23.3439,43.25031],[23.34765,43.24784],[23.346,43.24453],[23.34994,43.24147],[23.3566,43.24012],[23.35945,43.23816],[23.35857,43.23597],[23.35673,43.2346],[23.35544,43.2353],[23.35655,43.23619],[23.3555,43.2368],[23.35441,43.2358],[23.35046,43.23684],[23.34589,43.23657],[23.34618,43.23763],[23.34523,43.23726],[23.34097,43.23229],[23.34032,43.22957],[23.33846,43.2277],[23.33578,43.23004],[23.33644,43.23167],[23.33503,43.23062],[23.33411,43.22798],[23.33073,43.22334],[23.32932,43.22288],[23.32628,43.21756],[23.3249,43.21288],[23.32527,43.21112],[23.32864,43.2087],[23.33075,43.2053],[23.33392,43.2024],[23.33436,43.20036],[23.33545,43.19987],[23.33701,43.20068],[23.3378,43.19941],[23.34248,43.20028],[23.34333,43.19898],[23.34136,43.19748],[23.3436,43.19553],[23.34484,43.19555],[23.34469,43.19387],[23.34557,43.19383],[23.34587,43.1927],[23.34531,43.19209],[23.34713,43.19024],[23.34705,43.18927],[23.35485,43.18184],[23.35501,43.18047],[23.35555,43.181],[23.35738,43.17925],[23.36167,43.17855],[23.36343,43.17691],[23.35805,43.17712],[23.35686,43.17651],[23.35768,43.17618],[23.35626,43.17585],[23.35514,43.17311],[23.36268,43.16818],[23.36596,43.16385],[23.37089,43.16291],[23.37172,43.16183],[23.373,43.16167],[23.3771,43.15844],[23.37507,43.1562],[23.37648,43.15485],[23.37612,43.15362],[23.37738,43.15202],[23.37518,43.15049],[23.37539,43.14668],[23.37971,43.1446],[23.37528,43.14395],[23.37609,43.13983],[23.38214,43.1392],[23.37826,43.1366],[23.38367,43.12779],[23.38844,43.12409],[23.38812,43.12483],[23.39154,43.12415],[23.39493,43.12277],[23.39537,43.12186],[23.39998,43.12058],[23.40099,43.12101],[23.40094,43.11982],[23.40339,43.12007],[23.40483,43.1192],[23.40539,43.11964],[23.40538,43.11868],[23.40691,43.11934],[23.40649,43.11703],[23.40766,43.11729],[23.4073,43.11667],[23.40349,43.11494],[23.40612,43.11463],[23.40647,43.11519],[23.40711,43.11445],[23.40904,43.11501],[23.4097,43.11328],[23.40788,43.1133],[23.40704,43.11126],[23.40466,43.11263],[23.4014,43.11148],[23.40285,43.11141],[23.40251,43.11087],[23.40445,43.10972],[23.40405,43.10901],[23.40594,43.10817],[23.40538,43.10621],[23.40621,43.10328],[23.40513,43.10164],[23.39968,43.1006],[23.39739,43.10285],[23.39588,43.10139],[23.39436,43.10117],[23.3947,43.09977],[23.39383,43.0996],[23.38726,43.10079],[23.38084,43.0965],[23.37941,43.09316],[23.37584,43.09214],[23.37412,43.08972],[23.37015,43.08901],[23.37138,43.08735],[23.37036,43.08632],[23.37197,43.08278],[23.37633,43.08046],[23.3803,43.08653],[23.38381,43.08794],[23.40096,43.08751],[23.4022,43.08622],[23.40402,43.08578],[23.40549,43.08701],[23.40598,43.09044],[23.41017,43.09343],[23.41283,43.09373],[23.41697,43.09303],[23.42209,43.09071],[23.42373,43.09171],[23.42512,43.09944],[23.42869,43.09964],[23.43216,43.09778],[23.43508,43.09718],[23.44177,43.09784],[23.44261,43.09861],[23.44083,43.09852],[23.4399,43.09977],[23.43877,43.09946],[23.443,43.10241],[23.44417,43.10171],[23.44407,43.10393],[23.44497,43.1038],[23.44597,43.10135],[23.44967,43.10154],[23.45228,43.1003],[23.45297,43.10071],[23.45387,43.09968],[23.45617,43.10258],[23.45719,43.10201],[23.45879,43.10282],[23.45921,43.10585],[23.46247,43.10669],[23.46167,43.10901],[23.46374,43.10771],[23.46769,43.11001],[23.47252,43.11068],[23.47281,43.10981],[23.47331,43.11122],[23.47499,43.11032],[23.476,43.1124],[23.4769,43.11101],[23.47806,43.1109],[23.47955,43.11338],[23.48225,43.11309],[23.48387,43.1087],[23.48601,43.10986],[23.4875,43.10758],[23.489,43.10928],[23.49156,43.10854],[23.49255,43.11066],[23.49371,43.10975],[23.49501,43.11041],[23.4954,43.11169],[23.49774,43.11269],[23.49838,43.11412],[23.50027,43.11319],[23.50164,43.11346],[23.5048,43.1118],[23.5057,43.11034],[23.50413,43.11052],[23.50486,43.10963],[23.50696,43.11008],[23.50714,43.10813],[23.50964,43.10637],[23.50945,43.10481],[23.50874,43.10507],[23.50761,43.10444],[23.50843,43.10389],[23.51118,43.10429],[23.50996,43.10034],[23.50842,43.09939],[23.5113,43.09793],[23.51062,43.09678],[23.51311,43.09392],[23.5173,43.09252],[23.51606,43.09218],[23.51664,43.09127],[23.5159,43.08993],[23.51736,43.08978],[23.51885,43.09077],[23.51939,43.09267],[23.52219,43.09139],[23.5222,43.09239],[23.52405,43.09206],[23.52613,43.09412],[23.52513,43.09409],[23.52552,43.09569],[23.52687,43.09642],[23.52775,43.0958],[23.52864,43.09646],[23.52942,43.09602],[23.52942,43.09488],[23.53147,43.09344],[23.5318,43.09443],[23.53356,43.0924],[23.53708,43.09317],[23.53946,43.09054],[23.54018,43.09197],[23.54432,43.09156],[23.54564,43.09055],[23.54589,43.09131],[23.54837,43.08903],[23.54881,43.09013],[23.54936,43.08907],[23.55056,43.08894],[23.55212,43.08596],[23.553,43.08544],[23.55509,43.08587],[23.55675,43.08408],[23.55747,43.0844],[23.55914,43.08327],[23.56103,43.08438],[23.56174,43.08369],[23.56195,43.08439],[23.56266,43.08412],[23.56278,43.08286],[23.56516,43.0829],[23.56621,43.0846],[23.56491,43.08458],[23.56817,43.08803],[23.56755,43.09211],[23.57375,43.09261],[23.5757,43.09528],[23.58093,43.09575],[23.59125,43.0933],[23.5922,43.09293],[23.59172,43.09209],[23.59997,43.08621],[23.60695,43.09067],[23.604,43.09393],[23.60692,43.098],[23.61084,43.09796],[23.61168,43.09594],[23.61818,43.0935],[23.62098,43.09454],[23.62231,43.09401],[23.62313,43.09614],[23.61805,43.09972],[23.62229,43.10189],[23.62149,43.10331],[23.61745,43.10488],[23.62211,43.10865],[23.62061,43.11],[23.62043,43.11262],[23.62216,43.11301],[23.62346,43.11467],[23.62502,43.11493],[23.62527,43.11397],[23.6281,43.11474],[23.62915,43.1141],[23.63032,43.1177],[23.63266,43.11765],[23.63256,43.11959],[23.63457,43.11975],[23.63617,43.12201],[23.63739,43.12216],[23.63694,43.12298],[23.62938,43.12519],[23.62955,43.12609],[23.62869,43.12505],[23.626,43.12619],[23.62536,43.12849],[23.61829,43.12996],[23.61301,43.12897],[23.60974,43.13003],[23.60943,43.12916],[23.6083,43.13129],[23.60504,43.13287],[23.6062,43.13438],[23.60506,43.13741],[23.60603,43.13696],[23.60807,43.13763],[23.60618,43.1421],[23.60349,43.1443],[23.60195,43.14719],[23.60229,43.14847],[23.6009,43.14917],[23.60066,43.15179],[23.59812,43.15056],[23.59529,43.15342],[23.59692,43.15337],[23.5969,43.15682],[23.59795,43.15859],[23.59437,43.16252],[23.59626,43.16368],[23.59579,43.16443],[23.59733,43.16814],[23.59371,43.17698],[23.59117,43.17632],[23.58755,43.17963],[23.58482,43.18066],[23.58444,43.18382],[23.58276,43.18442],[23.58183,43.18274],[23.57138,43.1893],[23.56798,43.1897],[23.56401,43.18833],[23.56364,43.19032],[23.56129,43.19078],[23.56272,43.19356],[23.56024,43.19454],[23.55369,43.193],[23.55567,43.19516],[23.55245,43.19903],[23.55056,43.19896],[23.5464,43.19611],[23.5447,43.19285],[23.54318,43.19206],[23.54245,43.1929],[23.54376,43.19558],[23.54356,43.19998],[23.54451,43.20183],[23.54261,43.2044],[23.53682,43.2078],[23.53475,43.20777],[23.53004,43.20534],[23.52903,43.20387],[23.52941,43.20564],[23.52849,43.20769],[23.53056,43.2085],[23.52969,43.20882],[23.53126,43.21019],[23.53008,43.21016],[23.53051,43.21147],[23.52813,43.21199],[23.52914,43.21267],[23.52372,43.21488],[23.52414,43.21537],[23.52152,43.21546],[23.52156,43.21481],[23.51975,43.21523],[23.51609,43.21749],[23.51504,43.21697],[23.51522,43.21762],[23.51391,43.21825],[23.51524,43.21846],[23.51372,43.21834],[23.51226,43.21933],[23.50674,43.21822],[23.50767,43.22173],[23.5005,43.2244],[23.50012,43.22605],[23.49784,43.22777],[23.48616,43.2335],[23.48644,43.23488],[23.48421,43.23525],[23.48239,43.23737],[23.48211,43.23683],[23.48106,43.23721],[23.48087,43.23901],[23.4793,43.23906],[23.47605,43.24078],[23.47581,43.24161],[23.47392,43.24168],[23.47246,43.24057],[23.47218,43.24197],[23.47075,43.24201],[23.4712,43.24371],[23.46881,43.24377],[23.46903,43.2451],[23.46511,43.24827],[23.46604,43.24895],[23.46436,43.2521],[23.46172,43.25222],[23.46251,43.25431],[23.45963,43.25719],[23.45776,43.25726],[23.45794,43.25896],[23.456,43.25982],[23.45384,43.25835],[23.45241,43.25948],[23.45458,43.261],[23.45123,43.26224],[23.44926,43.26144],[23.44911,43.26247],[23.44811,43.26273],[23.44704,43.26204],[23.44647,43.26252],[23.44753,43.26408],[23.44547,43.26511],[23.44419,43.2654],[23.442,43.26353],[23.44074,43.26482],[23.44135,43.26612],[23.43881,43.26608],[23.43242,43.26797],[23.432,43.26679],[23.4306,43.26689],[23.42843,43.26799],[23.42858,43.26942],[23.42394,43.26813],[23.42297,43.2709],[23.42009,43.27167],[23.41624,43.27081],[23.4151,43.26905],[23.41308,43.26994],[23.41236,43.27144],[23.41039,43.271],[23.41011,43.27152],[23.40534,43.27024],[23.40486,43.27097],[23.40203,43.27068],[23.40263,43.26953],[23.40121,43.26934],[23.39772,43.27164],[23.39782,43.2722],[23.39997,43.27229],[23.39879,43.27482],[23.39625,43.27524],[23.39055,43.27742],[23.3893,43.28125],[23.38789,43.2821],[23.38415,43.28098],[23.38406,43.28016],[23.3734,43.27556],[23.36852,43.2747],[23.36194,43.26988],[23.36029,43.2698],[23.36128,43.26927],[23.35937,43.26905]]]},"properties":{"SiteCode":"BG0002053","SiteNameBG":"Врачански Балкан","SiteType":"SPA","SiteArea":30879.737700000001,"naturaClass":"spa"}}]}
