{"type":"FeatureCollection","features":[{"type":"Feature","geometry":{"type":"MultiPolygon","coordinates":[[[[22.74858,43.90658],[22.73746,43.90581],[22.7291,43.90585],[22.72358,43.90417],[22.72051,43.9023],[22.72179,43.89806],[22.71727,43.89599],[22.71442,43.89638],[22.71213,43.8958],[22.70987,43.89621],[22.70844,43.8958],[22.70675,43.89637],[22.70562,43.89583],[22.70679,43.89447],[22.70354,43.89372],[22.70091,43.8925],[22.70148,43.89132],[22.70504,43.89174],[22.70566,43.8912],[22.70542,43.89056],[22.70402,43.8898],[22.7051,43.88289],[22.70766,43.88242],[22.71778,43.8821],[22.7184,43.88297],[22.71918,43.88293],[22.71983,43.88204],[22.71853,43.87981],[22.71816,43.87818],[22.71584,43.87795],[22.71167,43.8752],[22.71195,43.87134],[22.71464,43.86772],[22.71975,43.86412],[22.72428,43.86998],[22.72799,43.86836],[22.7317,43.86808],[22.73916,43.86969],[22.73997,43.86923],[22.73812,43.86656],[22.73189,43.86542],[22.72826,43.86324],[22.72885,43.86186],[22.73015,43.86128],[22.73974,43.86156],[22.74038,43.86222],[22.73935,43.86436],[22.7399,43.86487],[22.74315,43.86415],[22.7489,43.86419],[22.74916,43.86601],[22.74851,43.86906],[22.74939,43.87098],[22.74638,43.87437],[22.74612,43.87577],[22.75188,43.87802],[22.75314,43.88125],[22.75603,43.88347],[22.7534,43.88491],[22.74964,43.88596],[22.74887,43.88693],[22.74998,43.89164],[22.74847,43.89364],[22.74914,43.89667],[22.7471,43.89797],[22.7468,43.89937],[22.74712,43.90037],[22.74945,43.90213],[22.75462,43.90357],[22.75398,43.90439],[22.74858,43.90658]]],[[[22.75095,43.90055],[22.74808,43.89884],[22.75031,43.897],[22.75051,43.89629],[22.74969,43.8942],[22.75123,43.89164],[22.75011,43.88708],[22.75349,43.88587],[22.75729,43.88368],[22.75712,43.88277],[22.75423,43.8808],[22.75299,43.87761],[22.75216,43.87683],[22.74724,43.87534],[22.75064,43.87088],[22.74976,43.86895],[22.75069,43.86471],[22.75136,43.86439],[22.75318,43.86509],[22.76038,43.86493],[22.76065,43.86803],[22.75876,43.86993],[22.75715,43.87071],[22.75579,43.87354],[22.75604,43.87412],[22.75864,43.87309],[22.75949,43.8734],[22.76045,43.87491],[22.76212,43.87603],[22.76128,43.87691],[22.75961,43.8772],[22.75748,43.87564],[22.7563,43.87588],[22.7616,43.87917],[22.76461,43.87921],[22.76925,43.87819],[22.77027,43.87745],[22.77191,43.87766],[22.77211,43.87893],[22.77381,43.87822],[22.77479,43.87952],[22.77365,43.88046],[22.77057,43.88147],[22.7656,43.88164],[22.76058,43.88271],[22.75966,43.88331],[22.75948,43.88443],[22.75762,43.88598],[22.75845,43.88664],[22.75811,43.88733],[22.75586,43.88753],[22.75514,43.88806],[22.75634,43.88895],[22.75442,43.89007],[22.75346,43.89264],[22.75362,43.8944],[22.75556,43.89447],[22.75639,43.89514],[22.75581,43.89638],[22.75229,43.89807],[22.75505,43.89888],[22.75429,43.90012],[22.75208,43.89968],[22.75095,43.90055]]]]},"properties":{"SiteCode":"BG0000522","SiteNameBG":"Видински парк","SiteType":"SCI","SiteArea":1575.5607661199999,"naturaClass":"habitats"}},{"type":"Feature","geometry":{"type":"Polygon","coordinates":[[[24.3472,42.73724],[24.3467,42.73837],[24.34461,42.73717],[24.34003,42.73576],[24.33686,42.7329],[24.33562,42.73058],[24.33586,42.73025],[24.33482,42.72967],[24.33599,42.72948],[24.33732,42.73186],[24.34011,42.73225],[24.34023,42.72828],[24.34134,42.72766],[24.34261,42.72587],[24.34332,42.72577],[24.34172,42.72424],[24.33307,42.72362],[24.33318,42.72106],[24.33152,42.71931],[24.33053,42.71545],[24.33573,42.71557],[24.33925,42.71437],[24.33893,42.70839],[24.33525,42.70777],[24.3319,42.70885],[24.32835,42.70876],[24.32279,42.70732],[24.3095,42.70658],[24.30545,42.71128],[24.3063,42.71218],[24.31199,42.71078],[24.31247,42.71319],[24.31024,42.71685],[24.31161,42.71951],[24.31481,42.72089],[24.31777,42.72074],[24.3244,42.71806],[24.32823,42.71859],[24.3317,42.72041],[24.31483,42.72722],[24.30842,42.72467],[24.30386,42.72063],[24.30221,42.71776],[24.29717,42.71786],[24.29469,42.72042],[24.29118,42.71946],[24.28539,42.71649],[24.28811,42.71524],[24.29609,42.71543],[24.2988,42.7144],[24.29977,42.71246],[24.30188,42.71164],[24.30234,42.70794],[24.29745,42.70455],[24.29563,42.70559],[24.29516,42.70973],[24.29164,42.70899],[24.29167,42.70812],[24.28874,42.70761],[24.28853,42.70543],[24.28683,42.70386],[24.2869,42.70211],[24.28604,42.70165],[24.28295,42.70442],[24.27739,42.70298],[24.27553,42.7049],[24.2699,42.7052],[24.26517,42.70487],[24.26436,42.7031],[24.2618,42.70086],[24.26448,42.70049],[24.26858,42.69469],[24.27195,42.69215],[24.27022,42.69155],[24.26919,42.69185],[24.26848,42.69144],[24.26733,42.69236],[24.26293,42.69338],[24.26023,42.69473],[24.25773,42.69483],[24.25594,42.69552],[24.24975,42.69449],[24.24888,42.69565],[24.24748,42.69623],[24.24765,42.69826],[24.24683,42.70042],[24.24468,42.70046],[24.24459,42.69948],[24.24206,42.70009],[24.24159,42.69882],[24.2406,42.69896],[24.23836,42.69783],[24.23584,42.69767],[24.23216,42.70167],[24.23232,42.70474],[24.23493,42.70611],[24.23602,42.7081],[24.23952,42.70928],[24.23616,42.7116],[24.23873,42.71384],[24.24122,42.71761],[24.24506,42.71792],[24.24556,42.7199],[24.24455,42.72271],[24.24585,42.72689],[24.24374,42.72772],[24.24079,42.72743],[24.2373,42.72603],[24.23829,42.72365],[24.23663,42.72099],[24.23086,42.71758],[24.23074,42.71365],[24.22966,42.71144],[24.22921,42.70815],[24.22783,42.70594],[24.21593,42.70718],[24.21611,42.70325],[24.21266,42.70098],[24.21397,42.69818],[24.21881,42.69612],[24.21632,42.69575],[24.21513,42.6962],[24.21426,42.69417],[24.21215,42.6921],[24.21177,42.69021],[24.2108,42.68855],[24.20876,42.6888],[24.20501,42.68794],[24.19465,42.68933],[24.18988,42.68838],[24.18579,42.68864],[24.18066,42.6874],[24.18022,42.68644],[24.1805,42.68584],[24.17994,42.68009],[24.17602,42.67967],[24.17407,42.67888],[24.171,42.67906],[24.16762,42.67674],[24.15521,42.67414],[24.15248,42.67264],[24.14576,42.67131],[24.14397,42.67189],[24.14274,42.66927],[24.14153,42.6685],[24.14113,42.6672],[24.13918,42.66604],[24.13803,42.66446],[24.13662,42.66355],[24.13748,42.66169],[24.13837,42.66166],[24.13832,42.66081],[24.13735,42.66025],[24.13338,42.66085],[24.13038,42.66293],[24.12525,42.66326],[24.12217,42.66434],[24.1209,42.66618],[24.11834,42.66807],[24.1178,42.67006],[24.11656,42.67088],[24.11439,42.67103],[24.1127,42.67183],[24.10691,42.67214],[24.10541,42.67329],[24.10283,42.67317],[24.10145,42.67212],[24.09804,42.66683],[24.09779,42.66128],[24.09767,42.66041],[24.09686,42.65985],[24.09704,42.65847],[24.0925,42.657],[24.0903,42.65346],[24.08803,42.65166],[24.08426,42.65156],[24.08298,42.64875],[24.07882,42.6469],[24.07416,42.64574],[24.0697,42.6404],[24.06796,42.63722],[24.06301,42.63222],[24.05608,42.62926],[24.05335,42.6271],[24.05207,42.62429],[24.04694,42.62311],[24.04282,42.62057],[24.03695,42.61519],[24.03148,42.61122],[24.03785,42.60617],[24.04139,42.60104],[24.03451,42.59703],[24.0294,42.59551],[24.02376,42.59536],[24.01569,42.59654],[24.01193,42.59644],[24.00763,42.59772],[23.99492,42.59739],[23.99173,42.59522],[23.97991,42.59595],[23.9744,42.59302],[23.97094,42.58666],[23.97121,42.5811],[23.96854,42.5779],[23.96091,42.57978],[23.95668,42.57967],[23.95394,42.57786],[23.94736,42.57768],[23.93839,42.57814],[23.93442,42.58221],[23.93521,42.58536],[23.93507,42.58815],[23.93129,42.58839],[23.92618,42.58686],[23.92441,42.58695],[23.92497,42.58753],[23.92485,42.58996],[23.92072,42.58985],[23.91938,42.59105],[23.91913,42.59607],[23.91624,42.59739],[23.90988,42.60209],[23.90652,42.60339],[23.90417,42.60333],[23.90157,42.59947],[23.89776,42.59908],[23.89528,42.59962],[23.89288,42.59865],[23.88918,42.59828],[23.88772,42.59579],[23.88417,42.59329],[23.87748,42.59642],[23.87537,42.59787],[23.87251,42.59779],[23.87043,42.59864],[23.86875,42.5995],[23.86742,42.60157],[23.86531,42.60303],[23.86433,42.60297],[23.86194,42.5969],[23.85744,42.59708],[23.85226,42.59452],[23.85239,42.59211],[23.85125,42.59027],[23.8502,42.58693],[23.85032,42.58452],[23.84676,42.58231],[23.84348,42.58252],[23.84118,42.58447],[23.83763,42.58201],[23.83682,42.57955],[23.83046,42.57485],[23.82861,42.57411],[23.82883,42.56994],[23.82757,42.56677],[23.82198,42.56557],[23.82655,42.55908],[23.82711,42.55736],[23.83383,42.55476],[23.83867,42.55211],[23.84439,42.55087],[23.84693,42.54711],[23.85134,42.54375],[23.85682,42.53764],[23.86499,42.53438],[23.87149,42.52656],[23.87656,42.52878],[23.88077,42.52925],[23.88415,42.5276],[23.88617,42.52487],[23.88911,42.52251],[23.89475,42.52266],[23.90471,42.51632],[23.90636,42.51149],[23.90715,42.5049],[23.90778,42.50473],[23.90936,42.49033],[23.90213,42.47822],[23.89451,42.47415],[23.88524,42.4681],[23.87702,42.45855],[23.87734,42.45212],[23.8729,42.44524],[23.87528,42.43242],[23.8778,42.42541],[23.88667,42.42179],[23.88954,42.4164],[23.89277,42.41262],[23.89903,42.40893],[23.89974,42.40673],[23.90578,42.40241],[23.91231,42.39791],[23.92057,42.39501],[23.92771,42.3903],[23.93011,42.38413],[23.92656,42.37691],[23.92287,42.37258],[23.91793,42.36368],[23.91736,42.36229],[23.91833,42.35887],[23.91574,42.35741],[23.91369,42.3546],[23.91649,42.35325],[23.93295,42.34287],[23.93842,42.34201],[23.94505,42.33857],[23.94629,42.34426],[23.94474,42.34867],[23.94653,42.36003],[23.94974,42.36402],[23.95089,42.36921],[23.95402,42.3743],[23.95512,42.38257],[23.9549,42.39074],[23.94517,42.40397],[23.94227,42.40713],[23.93832,42.4105],[23.93374,42.41309],[23.92598,42.41943],[23.92418,42.42152],[23.92423,42.42667],[23.9221,42.43466],[23.9258,42.43894],[23.92549,42.45406],[23.91985,42.4669],[23.92085,42.46896],[23.92426,42.47306],[23.92859,42.47674],[23.9371,42.4812],[23.94128,42.488],[23.94261,42.4916],[23.94832,42.49324],[23.95013,42.49209],[23.95242,42.4885],[23.96039,42.48401],[23.96733,42.48628],[23.96999,42.48948],[23.97417,42.49064],[23.98274,42.48826],[23.98694,42.48889],[23.99444,42.4943],[23.99849,42.49806],[24.00116,42.50126],[23.99683,42.50323],[23.99738,42.50638],[23.99947,42.50696],[24.00581,42.50712],[24.01152,42.50571],[24.01927,42.50591],[24.03114,42.5083],[24.03821,42.50796],[24.04443,42.51073],[24.05072,42.51194],[24.05706,42.5121],[24.05975,42.51478],[24.0632,42.51643],[24.06667,42.51757],[24.07158,42.51821],[24.07219,42.52032],[24.07207,42.52292],[24.06757,42.52855],[24.06609,42.53237],[24.06699,42.53243],[24.0685,42.53038],[24.07226,42.53047],[24.08519,42.52558],[24.09077,42.52712],[24.09156,42.53027],[24.08772,42.53191],[24.0843,42.53461],[24.08735,42.53991],[24.08915,42.54169],[24.08858,42.54633],[24.09071,42.5487],[24.09152,42.5515],[24.08772,42.5521],[24.0881,42.5542],[24.09076,42.55775],[24.09363,42.55678],[24.09642,42.55754],[24.09741,42.55652],[24.10495,42.55637],[24.1072,42.55851],[24.10748,42.5627],[24.1108,42.56293],[24.11063,42.56069],[24.1093,42.55891],[24.1094,42.55683],[24.11363,42.55693],[24.11572,42.55246],[24.11447,42.54895],[24.11516,42.54409],[24.1172,42.54066],[24.12273,42.54324],[24.13026,42.54343],[24.13102,42.54728],[24.1309,42.55006],[24.13359,42.55291],[24.13777,42.55406],[24.14113,42.55275],[24.1426,42.55139],[24.14928,42.55992],[24.15199,42.56242],[24.15522,42.56389],[24.15969,42.55878],[24.16387,42.55993],[24.17184,42.56082],[24.17449,42.56472],[24.17949,42.56867],[24.1812,42.57254],[24.1839,42.57539],[24.18758,42.57722],[24.19213,42.58082],[24.19058,42.58391],[24.18812,42.58629],[24.18286,42.5879],[24.18223,42.59136],[24.18498,42.59317],[24.1839,42.59628],[24.18376,42.59941],[24.18267,42.60251],[24.17888,42.60312],[24.17692,42.60481],[24.17715,42.61003],[24.17285,42.61132],[24.17269,42.6148],[24.1665,42.61638],[24.17108,42.61928],[24.17575,42.62009],[24.18291,42.62508],[24.18429,42.62413],[24.18391,42.62204],[24.18498,42.62025],[24.18352,42.61947],[24.18449,42.61372],[24.19026,42.61177],[24.19903,42.61005],[24.20193,42.60471],[24.20231,42.59633],[24.20313,42.59373],[24.20885,42.59282],[24.21041,42.58972],[24.21641,42.58252],[24.22916,42.58283],[24.22943,42.58315],[24.23056,42.57994],[24.23311,42.57548],[24.23323,42.5727],[24.23477,42.56995],[24.24241,42.56735],[24.24223,42.5665],[24.24319,42.56594],[24.24546,42.56599],[24.24598,42.56359],[24.24218,42.56279],[24.24012,42.55873],[24.24241,42.5576],[24.24725,42.55653],[24.24688,42.55771],[24.2504,42.55779],[24.2514,42.55687],[24.25176,42.55258],[24.25158,42.55104],[24.25112,42.55104],[24.25077,42.54983],[24.25163,42.54913],[24.25183,42.54759],[24.24991,42.54219],[24.2487,42.54191],[24.24818,42.54043],[24.2466,42.54061],[24.24658,42.53893],[24.24254,42.53873],[24.24199,42.53811],[24.24204,42.53623],[24.24286,42.53551],[24.24299,42.53003],[24.24263,42.52964],[24.24339,42.52886],[24.23318,42.52439],[24.22898,42.52323],[24.23139,42.52121],[24.23212,42.51933],[24.22896,42.51945],[24.22818,42.5173],[24.22741,42.51703],[24.22714,42.51525],[24.23028,42.51392],[24.23105,42.51457],[24.23244,42.51474],[24.23505,42.51421],[24.24283,42.51633],[24.24331,42.51549],[24.24184,42.51498],[24.24184,42.5143],[24.24269,42.51334],[24.24297,42.51053],[24.24406,42.50983],[24.24624,42.50676],[24.2485,42.50701],[24.25221,42.50457],[24.25364,42.50461],[24.25386,42.50586],[24.25549,42.50584],[24.25525,42.50334],[24.25635,42.50276],[24.25338,42.50063],[24.25259,42.49732],[24.25169,42.49607],[24.25167,42.49461],[24.26054,42.49417],[24.26192,42.49519],[24.26404,42.49528],[24.26682,42.49788],[24.26886,42.49831],[24.27183,42.50089],[24.27837,42.50869],[24.28574,42.51056],[24.29033,42.51067],[24.29324,42.51201],[24.29196,42.51216],[24.29157,42.51149],[24.28926,42.51324],[24.28914,42.51441],[24.28762,42.51463],[24.28702,42.51549],[24.28666,42.51793],[24.2887,42.51882],[24.28859,42.5198],[24.29067,42.52075],[24.29128,42.52225],[24.29252,42.5232],[24.29557,42.52284],[24.29583,42.5221],[24.29858,42.52303],[24.30133,42.52212],[24.30451,42.52294],[24.30654,42.52255],[24.30647,42.52142],[24.30749,42.52123],[24.30853,42.51974],[24.31191,42.51784],[24.31954,42.51865],[24.3187,42.51997],[24.31902,42.52025],[24.31758,42.52205],[24.31814,42.52263],[24.32724,42.5218],[24.32825,42.52207],[24.33278,42.52044],[24.33613,42.51843],[24.33602,42.51627],[24.33434,42.51596],[24.33181,42.51423],[24.32742,42.51337],[24.33177,42.51268],[24.33382,42.51013],[24.33631,42.50895],[24.33662,42.50762],[24.33987,42.50703],[24.33968,42.5055],[24.34342,42.50459],[24.3407,42.50405],[24.34071,42.50184],[24.33804,42.49827],[24.34215,42.4956],[24.34459,42.49575],[24.34467,42.49689],[24.34776,42.49697],[24.34836,42.49803],[24.35015,42.49816],[24.35019,42.50026],[24.34864,42.50127],[24.34888,42.50185],[24.34791,42.5024],[24.34774,42.50354],[24.3464,42.50466],[24.34687,42.50572],[24.34844,42.50711],[24.35352,42.50701],[24.35382,42.50893],[24.3529,42.50938],[24.3529,42.51075],[24.35398,42.51131],[24.35708,42.5112],[24.36028,42.51175],[24.36038,42.51034],[24.35768,42.50911],[24.35827,42.50869],[24.35763,42.5072],[24.35833,42.50598],[24.35826,42.50455],[24.3631,42.50275],[24.36227,42.50111],[24.36247,42.4995],[24.36093,42.49927],[24.36194,42.49672],[24.36119,42.49013],[24.36181,42.49056],[24.36194,42.48974],[24.3631,42.49065],[24.36414,42.49038],[24.36528,42.48774],[24.3667,42.48758],[24.36861,42.4881],[24.36896,42.48906],[24.37065,42.48863],[24.37159,42.48807],[24.37165,42.48645],[24.37284,42.48548],[24.38199,42.48231],[24.38255,42.48127],[24.38515,42.48171],[24.38589,42.48139],[24.3867,42.4824],[24.38968,42.48334],[24.39063,42.48527],[24.38956,42.48885],[24.39104,42.48938],[24.39272,42.48923],[24.39338,42.48724],[24.39825,42.4865],[24.39821,42.48582],[24.39944,42.48395],[24.40127,42.48341],[24.40591,42.48323],[24.40744,42.48375],[24.40849,42.48472],[24.41222,42.48386],[24.41216,42.48318],[24.41348,42.48245],[24.41537,42.48335],[24.42168,42.48349],[24.42134,42.48602],[24.41989,42.48784],[24.4173,42.48972],[24.41708,42.49207],[24.41832,42.49324],[24.42352,42.49507],[24.42792,42.49571],[24.43013,42.49361],[24.43005,42.4908],[24.43713,42.49072],[24.43882,42.49269],[24.43909,42.4939],[24.44073,42.49498],[24.4411,42.49213],[24.44238,42.4908],[24.44242,42.48978],[24.4439,42.48657],[24.44383,42.48514],[24.44264,42.48452],[24.44277,42.48127],[24.44483,42.47936],[24.44416,42.47856],[24.44412,42.47637],[24.45047,42.47556],[24.45263,42.47627],[24.45182,42.47696],[24.45239,42.47733],[24.45147,42.47787],[24.45062,42.47966],[24.45288,42.48124],[24.45404,42.48126],[24.45397,42.48298],[24.45455,42.48442],[24.45713,42.48743],[24.46078,42.48656],[24.46331,42.48516],[24.46866,42.48802],[24.47316,42.48924],[24.47998,42.48939],[24.48504,42.48613],[24.4915,42.48571],[24.49649,42.48442],[24.49848,42.48329],[24.49865,42.48167],[24.50051,42.48019],[24.50086,42.48194],[24.50269,42.4809],[24.5055,42.47704],[24.51018,42.47377],[24.51338,42.47384],[24.51416,42.47715],[24.514,42.48105],[24.51251,42.48293],[24.51243,42.48483],[24.51435,42.48535],[24.51479,42.48708],[24.51384,42.4883],[24.51376,42.4903],[24.51633,42.49045],[24.5169,42.49246],[24.51853,42.49355],[24.52239,42.49373],[24.52143,42.49199],[24.52053,42.49178],[24.52199,42.49076],[24.51854,42.48673],[24.5185,42.48463],[24.51922,42.48255],[24.51877,42.48092],[24.52131,42.47666],[24.52123,42.4773],[24.52345,42.47873],[24.52366,42.48117],[24.52452,42.48205],[24.52279,42.48353],[24.52664,42.4839],[24.53397,42.48579],[24.53702,42.48899],[24.53604,42.4904],[24.53633,42.49197],[24.53585,42.4934],[24.5383,42.49407],[24.54373,42.49361],[24.54548,42.4948],[24.54216,42.49749],[24.54376,42.49924],[24.54409,42.50068],[24.54131,42.50271],[24.54128,42.50338],[24.54281,42.5037],[24.54236,42.50394],[24.54443,42.50309],[24.54545,42.50323],[24.54756,42.50217],[24.54723,42.50307],[24.54872,42.50541],[24.54848,42.50673],[24.55362,42.50083],[24.55722,42.49791],[24.55772,42.49941],[24.55664,42.50228],[24.55782,42.505],[24.55985,42.50678],[24.56072,42.5069],[24.5627,42.50617],[24.566,42.50338],[24.56517,42.50573],[24.56676,42.50472],[24.56829,42.50535],[24.56771,42.5093],[24.56937,42.51227],[24.57016,42.51249],[24.57314,42.51531],[24.57351,42.51775],[24.57991,42.52276],[24.58353,42.52632],[24.58629,42.52812],[24.58809,42.53025],[24.59457,42.53317],[24.60091,42.53957],[24.60971,42.54314],[24.6181,42.54045],[24.62381,42.54057],[24.63187,42.54315],[24.63909,42.54632],[24.64802,42.54771],[24.65291,42.54781],[24.65783,42.54731],[24.6612,42.54436],[24.6694,42.54332],[24.67413,42.54764],[24.67873,42.54978],[24.67906,42.55051],[24.67987,42.55059],[24.68139,42.55205],[24.68158,42.55264],[24.68087,42.55354],[24.67736,42.55484],[24.67427,42.55873],[24.6719,42.56013],[24.67141,42.56132],[24.66834,42.56272],[24.66789,42.56372],[24.66972,42.56607],[24.66689,42.5668],[24.66433,42.56976],[24.6593,42.57328],[24.64616,42.57543],[24.64031,42.57893],[24.63535,42.58063],[24.63365,42.58241],[24.63302,42.58513],[24.63486,42.58775],[24.63469,42.59227],[24.63128,42.59534],[24.62126,42.59861],[24.61789,42.60063],[24.60605,42.60967],[24.60894,42.61087],[24.61056,42.6125],[24.61269,42.61965],[24.6133,42.62268],[24.6132,42.62517],[24.61061,42.62991],[24.60839,42.63147],[24.60647,42.63143],[24.59943,42.62977],[24.60161,42.63197],[24.59831,42.6319],[24.59873,42.6333],[24.60147,42.63544],[24.60326,42.63792],[24.60065,42.64175],[24.60292,42.64237],[24.60336,42.64326],[24.60284,42.64432],[24.59778,42.64439],[24.59542,42.64576],[24.59676,42.64753],[24.59642,42.65657],[24.59489,42.65932],[24.59051,42.66306],[24.58489,42.6619],[24.57831,42.66141],[24.57353,42.66305],[24.57334,42.66792],[24.56473,42.67087],[24.55761,42.67211],[24.55418,42.67517],[24.55261,42.67931],[24.55228,42.68766],[24.55504,42.68946],[24.55713,42.69264],[24.54961,42.69561],[24.54322,42.6971],[24.54195,42.69822],[24.54203,42.69882],[24.54275,42.69886],[24.53381,42.70038],[24.52401,42.70028],[24.51631,42.70165],[24.51362,42.7009],[24.50848,42.70073],[24.49571,42.69508],[24.48989,42.69469],[24.47428,42.69119],[24.45643,42.6894],[24.4465,42.68988],[24.43707,42.68966],[24.43336,42.68819],[24.42525,42.69122],[24.42522,42.69202],[24.42154,42.69706],[24.4213,42.70303],[24.42186,42.70347],[24.42025,42.70442],[24.42026,42.7048],[24.42097,42.70477],[24.42052,42.71212],[24.42229,42.71307],[24.42144,42.71428],[24.42087,42.71455],[24.42037,42.714],[24.42005,42.71283],[24.4204,42.71156],[24.41946,42.71149],[24.41775,42.71168],[24.41647,42.71356],[24.41552,42.71379],[24.41494,42.71459],[24.41151,42.71434],[24.41115,42.71371],[24.40845,42.71507],[24.40631,42.71477],[24.40402,42.7132],[24.40201,42.71335],[24.40088,42.7141],[24.39917,42.71435],[24.39774,42.71595],[24.39803,42.71661],[24.39747,42.71754],[24.39664,42.71738],[24.39567,42.71847],[24.39549,42.71943],[24.39628,42.7198],[24.39539,42.71983],[24.39521,42.72042],[24.39379,42.72092],[24.39297,42.72184],[24.3925,42.72118],[24.39157,42.72126],[24.39066,42.72038],[24.39008,42.7207],[24.38678,42.71833],[24.38308,42.71686],[24.38245,42.71593],[24.37399,42.71484],[24.37327,42.71396],[24.37263,42.71503],[24.37258,42.71673],[24.37093,42.7169],[24.36984,42.7158],[24.36909,42.71684],[24.36776,42.71701],[24.37015,42.71944],[24.36884,42.7199],[24.36785,42.71961],[24.36675,42.72018],[24.36504,42.71927],[24.36564,42.72108],[24.36528,42.72676],[24.36595,42.72708],[24.37152,42.727],[24.37491,42.72622],[24.37521,42.7287],[24.37844,42.72794],[24.38468,42.72782],[24.38621,42.73019],[24.38647,42.73157],[24.38563,42.7322],[24.37698,42.73356],[24.3761,42.73409],[24.37527,42.73195],[24.37516,42.73396],[24.37434,42.73375],[24.37402,42.73291],[24.37178,42.73294],[24.37142,42.73315],[24.37178,42.73338],[24.37106,42.73365],[24.37085,42.73203],[24.36997,42.73074],[24.37019,42.73298],[24.37087,42.73411],[24.36993,42.7357],[24.36847,42.73543],[24.36639,42.73301],[24.36794,42.73553],[24.36747,42.73769],[24.36671,42.73673],[24.36453,42.73551],[24.36349,42.73353],[24.36426,42.73098],[24.36336,42.73057],[24.36157,42.73131],[24.35874,42.7312],[24.35952,42.73102],[24.35932,42.72957],[24.36015,42.72988],[24.35796,42.72817],[24.3588,42.72691],[24.35819,42.72647],[24.35873,42.72601],[24.35804,42.72498],[24.35585,42.72426],[24.35366,42.72163],[24.3523,42.72087],[24.3499,42.7238],[24.34785,42.72854],[24.34777,42.73021],[24.3484,42.73219],[24.34705,42.73597],[24.3472,42.73724]]]},"properties":{"SiteCode":"BG0001389","SiteNameBG":"Средна гора","SiteType":"SCI","SiteArea":110327.094312,"naturaClass":"habitats"}},{"type":"Feature","geometry":{"type":"Polygon","coordinates":[[[22.45793,43.75606],[22.44529,43.75372],[22.44325,43.75378],[22.44531,43.755],[22.44246,43.75438],[22.44052,43.75332],[22.43902,43.7517],[22.4391,43.75063],[22.4386,43.75012],[22.43701,43.74976],[22.4314,43.74905],[22.42642,43.74905],[22.42266,43.75056],[22.42021,43.75095],[22.41728,43.75044],[22.41636,43.75011],[22.41725,43.74731],[22.4165,43.7465],[22.41401,43.74562],[22.41179,43.74641],[22.40476,43.74671],[22.40436,43.74494],[22.40322,43.74567],[22.40317,43.74811],[22.40196,43.74806],[22.40088,43.74636],[22.40068,43.74195],[22.39974,43.74016],[22.39876,43.74028],[22.39969,43.73902],[22.39986,43.73793],[22.39806,43.73649],[22.39425,43.72984],[22.39569,43.72891],[22.39841,43.72559],[22.40201,43.72324],[22.40239,43.71987],[22.40341,43.71789],[22.40461,43.71678],[22.40408,43.7121],[22.40474,43.70986],[22.40689,43.70773],[22.40615,43.70597],[22.40667,43.70208],[22.40607,43.70036],[22.40733,43.69787],[22.40749,43.69645],[22.40825,43.6955],[22.41114,43.69395],[22.41245,43.69114],[22.4154,43.68983],[22.41647,43.68777],[22.41928,43.68533],[22.42166,43.6841],[22.42048,43.68149],[22.42204,43.68073],[22.42451,43.67852],[22.42597,43.67787],[22.42864,43.67762],[22.43076,43.67574],[22.43415,43.67531],[22.43669,43.67364],[22.4398,43.67377],[22.44145,43.67241],[22.4424,43.67068],[22.44379,43.67015],[22.44415,43.6687],[22.44599,43.66646],[22.44831,43.66609],[22.45149,43.66333],[22.45571,43.66157],[22.4591,43.65913],[22.4604,43.65877],[22.46268,43.65905],[22.4668,43.6577],[22.46925,43.65782],[22.4707,43.65728],[22.47684,43.65739],[22.47955,43.65534],[22.48328,43.65137],[22.48387,43.64709],[22.48518,43.64526],[22.4883,43.64374],[22.49182,43.63916],[22.49153,43.63374],[22.4872,43.62993],[22.48621,43.62849],[22.48205,43.62573],[22.48178,43.62447],[22.48411,43.62284],[22.48434,43.62211],[22.48641,43.62063],[22.48826,43.61834],[22.48819,43.61711],[22.49073,43.61058],[22.49005,43.60773],[22.4923,43.60441],[22.49355,43.60022],[22.49244,43.59931],[22.48939,43.59498],[22.48722,43.59298],[22.48716,43.59093],[22.4892,43.58745],[22.49495,43.58424],[22.49619,43.58407],[22.49659,43.58352],[22.49654,43.58112],[22.49565,43.57902],[22.49429,43.5766],[22.49219,43.57525],[22.49134,43.57139],[22.48767,43.56865],[22.48864,43.56269],[22.48948,43.56115],[22.49005,43.55586],[22.49337,43.55235],[22.49417,43.54829],[22.49728,43.54731],[22.4974,43.54626],[22.5024,43.54175],[22.5034,43.54012],[22.50376,43.53843],[22.50246,43.53464],[22.50297,43.53187],[22.50148,43.52922],[22.50497,43.52513],[22.5044,43.52272],[22.50684,43.51854],[22.50659,43.51618],[22.5077,43.51562],[22.51179,43.51168],[22.51426,43.51021],[22.51416,43.50863],[22.51474,43.50739],[22.51406,43.50584],[22.51591,43.50306],[22.52061,43.49845],[22.52431,43.49637],[22.52507,43.49386],[22.5247,43.49204],[22.52512,43.49045],[22.525,43.48758],[22.52456,43.48599],[22.5271,43.48315],[22.52898,43.48215],[22.53138,43.47965],[22.53275,43.47906],[22.53358,43.47719],[22.53283,43.47288],[22.53353,43.47106],[22.53882,43.46826],[22.54534,43.46611],[22.54811,43.4642],[22.55164,43.46339],[22.55383,43.46159],[22.55754,43.46194],[22.55957,43.46292],[22.56473,43.4629],[22.56669,43.46344],[22.57065,43.46319],[22.57591,43.46377],[22.57893,43.45919],[22.58272,43.45669],[22.58698,43.45243],[22.58991,43.44713],[22.59022,43.44234],[22.59085,43.44089],[22.59591,43.4366],[22.59769,43.43564],[22.60254,43.43524],[22.605,43.43399],[22.616,43.43059],[22.61864,43.43025],[22.6201,43.42921],[22.62298,43.42832],[22.6248,43.42816],[22.62856,43.42813],[22.63186,43.42907],[22.63314,43.42979],[22.63421,43.43123],[22.63879,43.43333],[22.64112,43.43218],[22.64863,43.4304],[22.65233,43.42824],[22.65802,43.42705],[22.65868,43.42648],[22.66135,43.4258],[22.65975,43.42453],[22.65949,43.42281],[22.66269,43.41677],[22.66575,43.41393],[22.66657,43.41249],[22.66664,43.41068],[22.6678,43.4077],[22.66707,43.40261],[22.67208,43.39938],[22.67392,43.39709],[22.67836,43.39474],[22.6898,43.39354],[22.69282,43.39481],[22.69976,43.39334],[22.70546,43.39366],[22.71236,43.3951],[22.7149,43.39472],[22.71855,43.39567],[22.72226,43.39566],[22.73105,43.39124],[22.73266,43.38934],[22.73873,43.38759],[22.74491,43.38773],[22.74705,43.38635],[22.74861,43.38629],[22.75543,43.38089],[22.75741,43.3806],[22.76075,43.37878],[22.76466,43.37773],[22.76578,43.37182],[22.76577,43.36571],[22.76733,43.36207],[22.78049,43.3556],[22.78936,43.34645],[22.79256,43.34193],[22.79605,43.33942],[22.81004,43.33551],[22.81859,43.33204],[22.82634,43.33018],[22.82773,43.32903],[22.82742,43.32818],[22.82843,43.3252],[22.82764,43.32472],[22.82889,43.32225],[22.8287,43.31949],[22.83083,43.31763],[22.82991,43.31624],[22.83039,43.31483],[22.83199,43.31394],[22.8312,43.31286],[22.83384,43.31024],[22.83501,43.30973],[22.83513,43.30821],[22.83686,43.30712],[22.83677,43.30551],[22.83819,43.30438],[22.83742,43.30251],[22.83793,43.3018],[22.83878,43.30093],[22.84177,43.29961],[22.84506,43.29702],[22.84472,43.29347],[22.84386,43.29191],[22.84412,43.28937],[22.84237,43.28631],[22.8449,43.28132],[22.84793,43.27972],[22.84784,43.27745],[22.84856,43.27554],[22.84988,43.27567],[22.85254,43.27487],[22.85991,43.27396],[22.8628,43.27249],[22.86399,43.27087],[22.86449,43.26921],[22.86886,43.26743],[22.86874,43.26265],[22.87019,43.25809],[22.8696,43.25622],[22.87048,43.25463],[22.87405,43.25237],[22.87533,43.25212],[22.87664,43.24838],[22.87839,43.24826],[22.8827,43.24493],[22.88398,43.2405],[22.88806,43.23577],[22.88966,43.23519],[22.89353,43.23185],[22.89551,43.22647],[22.899,43.22436],[22.90288,43.22339],[22.90504,43.22079],[22.90774,43.2191],[22.91308,43.21907],[22.91765,43.21689],[22.92732,43.21132],[22.93904,43.20249],[22.94233,43.20115],[22.94927,43.20441],[22.9585,43.20552],[22.96517,43.20375],[22.97452,43.20307],[22.97865,43.20043],[22.9815,43.2012],[22.99431,43.19407],[22.99896,43.19289],[23.00583,43.19337],[23.00629,43.19285],[23.00547,43.19132],[23.00637,43.18712],[23.00155,43.18261],[23.00066,43.18147],[23.0002,43.17982],[22.99762,43.17866],[22.99253,43.17418],[22.98643,43.16716],[22.98679,43.16584],[22.99049,43.1643],[22.99551,43.16061],[22.99705,43.15849],[22.99741,43.15582],[22.99368,43.15056],[22.99549,43.14634],[22.99527,43.14467],[22.99412,43.14272],[22.99525,43.14153],[22.99555,43.13952],[22.99459,43.13535],[22.99358,43.13391],[22.99225,43.12881],[22.99003,43.12713],[22.98787,43.12392],[22.98528,43.12229],[22.98518,43.11696],[22.98334,43.11373],[22.98351,43.11157],[22.97863,43.10843],[22.96609,43.1016],[22.95989,43.09699],[22.95755,43.0969],[22.95544,43.0958],[22.95452,43.09521],[22.95265,43.09238],[22.94804,43.09102],[22.94406,43.09076],[22.93274,43.08797],[22.91853,43.08016],[22.91926,43.07734],[22.91405,43.06579],[22.91174,43.0637],[22.91214,43.06274],[22.91185,43.06184],[22.91278,43.06062],[22.91458,43.05973],[22.91688,43.06461],[22.91945,43.06535],[22.92381,43.0655],[22.93366,43.06201],[22.93719,43.06149],[22.94184,43.05717],[22.94722,43.05512],[22.9511,43.0559],[22.95091,43.05878],[22.95453,43.05698],[22.96792,43.05265],[22.97097,43.05276],[22.97373,43.05061],[22.97678,43.05072],[22.97695,43.04816],[22.97182,43.04638],[22.96834,43.04626],[22.96589,43.04361],[22.96475,43.041],[22.96226,43.03899],[22.95755,43.03754],[22.95745,43.03914],[22.9612,43.04184],[22.95545,43.04292],[22.94979,43.04272],[22.94726,43.04134],[22.94529,43.03807],[22.94239,43.03573],[22.94258,43.03285],[22.94731,43.03398],[22.94675,43.02915],[22.94111,43.02863],[22.9386,43.02694],[22.93601,43.02653],[22.93418,43.02774],[22.9332,43.02931],[22.93295,43.03315],[22.93062,43.03531],[22.92896,43.03397],[22.92907,43.03237],[22.92706,43.02973],[22.92222,43.0302],[22.91996,43.0314],[22.91643,43.03192],[22.9145,43.03473],[22.91238,43.03369],[22.91212,43.03112],[22.90645,43.03092],[22.90334,43.03177],[22.89811,43.03158],[22.89252,43.03377],[22.86252,43.02141],[22.84947,43.00488],[22.84374,43.00222],[22.84907,42.99859],[22.85235,42.99709],[22.85388,42.99554],[22.85637,42.99467],[22.85387,42.99459],[22.85429,42.99408],[22.85606,42.9942],[22.85735,42.99145],[22.85718,42.99312],[22.85761,42.99382],[22.86261,42.9924],[22.86358,42.99124],[22.86517,42.99224],[22.8668,42.99562],[22.86552,42.99711],[22.86735,42.99779],[22.86587,42.99856],[22.86549,42.99965],[22.86817,42.99824],[22.87664,42.99532],[22.8756,42.99476],[22.86988,42.99436],[22.86664,42.9906],[22.86947,42.98952],[22.87131,42.98825],[22.87349,42.98769],[22.87389,42.9873],[22.87341,42.98657],[22.87226,42.98689],[22.87065,42.98564],[22.87355,42.9839],[22.87111,42.98322],[22.87103,42.9827],[22.86981,42.98298],[22.86998,42.98209],[22.86881,42.98319],[22.86906,42.98375],[22.86799,42.98492],[22.86741,42.98463],[22.86796,42.98452],[22.86807,42.98392],[22.86709,42.98353],[22.86773,42.98337],[22.86825,42.98227],[22.86499,42.98151],[22.86707,42.97998],[22.86855,42.98014],[22.86964,42.97963],[22.86881,42.97889],[22.86968,42.97856],[22.86952,42.9783],[22.87174,42.97825],[22.87266,42.97753],[22.87293,42.97608],[22.87373,42.97578],[22.87439,42.97634],[22.87568,42.97552],[22.87472,42.97492],[22.87539,42.97416],[22.87353,42.97223],[22.87572,42.9719],[22.87784,42.97092],[22.87972,42.97115],[22.88011,42.97089],[22.88005,42.96958],[22.8812,42.96914],[22.8815,42.96832],[22.88714,42.96849],[22.88929,42.96707],[22.89085,42.96743],[22.89268,42.9688],[22.89641,42.96846],[22.8975,42.96966],[22.89851,42.96973],[22.89872,42.96886],[22.90287,42.96618],[22.90439,42.96871],[22.9144,42.96914],[22.9151,42.97062],[22.9149,42.97127],[22.91325,42.97068],[22.91219,42.97091],[22.91202,42.97149],[22.91294,42.97378],[22.91035,42.97271],[22.90955,42.97288],[22.90898,42.97537],[22.90676,42.97737],[22.90711,42.97748],[22.90315,42.97957],[22.90192,42.98093],[22.90318,42.98072],[22.90469,42.97954],[22.9086,42.97792],[22.90862,42.97828],[22.90932,42.97816],[22.91376,42.97619],[22.91497,42.97622],[22.91506,42.97579],[22.91986,42.97371],[22.92236,42.97347],[22.92049,42.97389],[22.92094,42.97409],[22.92074,42.97448],[22.91758,42.9757],[22.91887,42.97573],[22.91856,42.97597],[22.91604,42.97615],[22.91291,42.9774],[22.91294,42.97775],[22.9113,42.97855],[22.9117,42.97964],[22.91218,42.98027],[22.91343,42.98061],[22.91395,42.98143],[22.91687,42.97913],[22.92017,42.97758],[22.92343,42.97656],[22.92527,42.97666],[22.92554,42.97777],[22.92063,42.97957],[22.91936,42.98085],[22.91516,42.98243],[22.91774,42.98322],[22.91776,42.98391],[22.91867,42.98426],[22.91921,42.98399],[22.91944,42.98438],[22.91865,42.98475],[22.91854,42.98541],[22.92186,42.98563],[22.91924,42.98678],[22.91972,42.98685],[22.91908,42.98722],[22.91927,42.98756],[22.91997,42.98759],[22.91944,42.98801],[22.91986,42.98843],[22.9189,42.9894],[22.91901,42.98984],[22.92322,42.98886],[22.92427,42.9873],[22.92511,42.98744],[22.92563,42.98919],[22.92304,42.99133],[22.92361,42.99137],[22.9236,42.992],[22.92535,42.99194],[22.92598,42.99271],[22.92763,42.99276],[22.92825,42.99356],[22.92794,42.99516],[22.92587,42.99627],[22.92597,42.99669],[22.92935,42.99665],[22.93135,42.99712],[22.93074,42.99869],[22.93175,42.99874],[22.93235,42.99976],[22.9344,43.00058],[22.9359,43.00184],[22.93691,43.00206],[22.93819,43.00147],[22.9421,42.99878],[22.94436,43.00112],[22.94585,43.00147],[22.9489,42.99915],[22.95234,42.9983],[22.95239,42.99557],[22.95369,42.99521],[22.95532,42.99625],[22.96126,42.99405],[22.96207,42.99448],[22.96296,42.99501],[22.95877,42.99657],[22.95871,42.99932],[22.96226,42.99791],[22.96396,42.99832],[22.9647,43.00157],[22.96166,43.00301],[22.96087,43.00444],[22.96142,43.00454],[22.96122,43.00533],[22.95858,43.00767],[22.95767,43.00773],[22.95697,43.00905],[22.95713,43.00958],[22.9541,43.00925],[22.95344,43.00957],[22.95264,43.01176],[22.95086,43.01133],[22.94965,43.01239],[22.94946,43.01383],[22.95179,43.01465],[22.95213,43.014],[22.95312,43.01405],[22.95312,43.01529],[22.95474,43.01566],[22.95519,43.01676],[22.95501,43.01849],[22.95842,43.01826],[22.95931,43.01722],[22.9671,43.01449],[22.96878,43.0146],[22.96918,43.01628],[22.9706,43.01578],[22.97402,43.0158],[22.97627,43.01488],[22.97623,43.01367],[22.97698,43.01314],[22.97813,43.01326],[22.97881,43.01549],[22.98075,43.01485],[22.98304,43.01479],[22.98365,43.01379],[22.98248,43.01336],[22.98211,43.01261],[22.98383,43.01187],[22.9809,43.01089],[22.98174,43.01],[22.98448,43.01026],[22.98836,43.0071],[22.98967,43.00654],[22.99057,43.00525],[22.99254,43.00418],[22.99528,43.00102],[22.99566,42.99937],[22.99655,42.99827],[23.00385,42.996],[23.0066,42.99563],[23.00827,42.99636],[23.00865,42.99743],[23.00948,42.99733],[23.01112,42.99572],[23.01383,42.99582],[23.01343,42.99507],[23.01156,42.99454],[23.01106,42.99379],[23.01114,42.99266],[23.01441,42.99105],[23.01817,42.99171],[23.01865,42.99273],[23.01955,42.99289],[23.01967,42.99516],[23.01562,42.99615],[23.01579,42.99775],[23.01131,42.99972],[23.01044,43.00055],[23.00611,43.0018],[23.01571,43.00275],[23.01759,43.00455],[23.01677,43.00605],[23.017,43.00659],[23.01637,43.00717],[23.01559,43.00654],[23.01226,43.00629],[23.0104,43.00563],[23.0081,43.00608],[23.00556,43.00473],[23.00426,43.00521],[22.99864,43.00528],[22.99813,43.00473],[22.99501,43.00675],[22.99443,43.00866],[22.9933,43.00789],[22.98969,43.01049],[22.99003,43.01205],[22.99288,43.01326],[22.99204,43.01448],[22.9937,43.01531],[22.99429,43.01449],[22.99521,43.01495],[22.99573,43.01446],[22.99613,43.01491],[22.99894,43.01359],[22.9995,43.01411],[23.00184,43.01335],[23.00407,43.01437],[23.0044,43.01492],[23.00372,43.01547],[23.00392,43.01601],[23.00685,43.01637],[23.00555,43.0173],[23.00492,43.01841],[23.00313,43.01828],[23.00296,43.01984],[23.00142,43.02048],[23.00102,43.01981],[22.99999,43.01973],[22.99857,43.01874],[22.99386,43.01914],[22.99274,43.01746],[22.99117,43.01753],[22.99059,43.01863],[22.99243,43.0218],[22.99182,43.02238],[22.99027,43.02242],[22.98947,43.02355],[22.99411,43.02492],[22.99486,43.02628],[22.99688,43.02764],[22.99435,43.02882],[22.99192,43.02839],[22.99,43.02953],[22.99061,43.03018],[22.99181,43.02979],[22.99272,43.03006],[22.99268,43.03078],[22.99168,43.03125],[22.99343,43.03229],[22.9904,43.03548],[22.98959,43.03574],[22.98959,43.03638],[22.99181,43.03854],[23.00009,43.03748],[23.00194,43.03853],[23.00467,43.03712],[23.00449,43.03598],[23.00758,43.03679],[23.01128,43.03592],[23.01243,43.03656],[23.0163,43.03449],[23.01824,43.03416],[23.02223,43.0359],[23.02564,43.03669],[23.02673,43.03746],[23.02743,43.03929],[23.02897,43.04088],[23.02905,43.04256],[23.03152,43.04378],[23.03415,43.04267],[23.03505,43.04277],[23.03519,43.04344],[23.03611,43.04341],[23.03917,43.04117],[23.04055,43.04098],[23.04224,43.04157],[23.04503,43.0408],[23.0456,43.04035],[23.0448,43.03872],[23.04526,43.03853],[23.04608,43.03856],[23.04826,43.04017],[23.05144,43.04042],[23.05225,43.04187],[23.05385,43.04228],[23.05549,43.0417],[23.05774,43.04208],[23.05937,43.0429],[23.06094,43.04097],[23.06381,43.0418],[23.0657,43.0393],[23.06834,43.03739],[23.06913,43.03523],[23.06763,43.0331],[23.0685,43.03151],[23.07009,43.0305],[23.0726,43.03126],[23.07569,43.03094],[23.07666,43.03137],[23.07842,43.03066],[23.08173,43.03089],[23.08348,43.03132],[23.08349,43.03195],[23.08639,43.03293],[23.08759,43.03251],[23.09093,43.03257],[23.09068,43.0312],[23.08757,43.03147],[23.08601,43.03104],[23.08611,43.03054],[23.08777,43.03054],[23.0894,43.02994],[23.09309,43.03002],[23.09331,43.02867],[23.08957,43.02869],[23.08356,43.02963],[23.07512,43.02835],[23.06871,43.02866],[23.06678,43.02758],[23.06768,43.02662],[23.07212,43.027],[23.07333,43.02619],[23.07676,43.02586],[23.08032,43.02448],[23.08115,43.02358],[23.08235,43.02385],[23.08256,43.02523],[23.08376,43.02564],[23.08506,43.02513],[23.08515,43.02415],[23.08604,43.02336],[23.08716,43.02357],[23.09022,43.02281],[23.09169,43.02136],[23.09519,43.02053],[23.0974,43.01919],[23.09735,43.01861],[23.09599,43.01758],[23.08994,43.01883],[23.08867,43.01848],[23.08644,43.01899],[23.08522,43.01786],[23.08425,43.01781],[23.08223,43.0183],[23.08062,43.02026],[23.07646,43.02],[23.07678,43.01903],[23.07887,43.0189],[23.08116,43.01728],[23.08494,43.01641],[23.08743,43.01356],[23.08789,43.01263],[23.08703,43.012],[23.08451,43.01259],[23.08226,43.0122],[23.08169,43.01082],[23.08268,43.01008],[23.08846,43.00997],[23.09009,43.01114],[23.09139,43.01143],[23.09069,43.01261],[23.09241,43.01476],[23.09524,43.01197],[23.10099,43.01199],[23.10191,43.01078],[23.10284,43.0104],[23.10258,43.01334],[23.10312,43.01318],[23.10452,43.01185],[23.10452,43.01145],[23.10366,43.01153],[23.10367,43.01066],[23.10562,43.00814],[23.1054,43.00775],[23.1068,43.00799],[23.1069,43.00854],[23.1082,43.00938],[23.10808,43.00837],[23.10849,43.00819],[23.11298,43.00884],[23.11314,43.00966],[23.11475,43.00998],[23.11613,43.01115],[23.11581,43.01235],[23.11343,43.01503],[23.11343,43.01542],[23.1144,43.01535],[23.11439,43.01708],[23.11514,43.01732],[23.11503,43.01772],[23.11267,43.01787],[23.11191,43.0181],[23.11191,43.0185],[23.1174,43.01796],[23.11879,43.01994],[23.12061,43.02041],[23.11993,43.02228],[23.12097,43.02329],[23.12081,43.02365],[23.12319,43.02535],[23.12383,43.02534],[23.12465,43.02438],[23.12442,43.02346],[23.12218,43.02208],[23.122,43.02103],[23.12253,43.02031],[23.12715,43.01998],[23.1291,43.02086],[23.13069,43.02011],[23.13232,43.02081],[23.13466,43.02054],[23.13519,43.01978],[23.13647,43.0196],[23.13788,43.02067],[23.13893,43.01983],[23.14226,43.01926],[23.14274,43.01833],[23.14225,43.01811],[23.14284,43.01746],[23.14483,43.01691],[23.14518,43.01554],[23.14762,43.01401],[23.14872,43.01267],[23.14663,43.01273],[23.14634,43.0123],[23.14574,43.01331],[23.14445,43.01346],[23.14326,43.01251],[23.13865,43.01304],[23.13683,43.01249],[23.13615,43.01141],[23.13313,43.011],[23.12906,43.00881],[23.12743,43.00982],[23.12759,43.01058],[23.12696,43.01071],[23.12568,43.00976],[23.12624,43.0091],[23.12459,43.00437],[23.12622,43.00126],[23.12772,43.00025],[23.1271,42.99865],[23.12789,42.99762],[23.12968,42.99693],[23.12954,42.99587],[23.13044,42.99472],[23.12902,42.9942],[23.13038,42.99411],[23.1306,42.99333],[23.13016,42.99315],[23.12915,42.99396],[23.12825,42.99358],[23.12987,42.99288],[23.13134,42.99147],[23.13144,42.98989],[23.13235,42.99076],[23.13329,42.99001],[23.13311,42.98899],[23.13227,42.98968],[23.13172,42.98951],[23.13269,42.98825],[23.13267,42.98873],[23.13361,42.98835],[23.1334,42.98777],[23.13391,42.98754],[23.13478,42.98767],[23.13631,42.98686],[23.13603,42.98739],[23.13645,42.98737],[23.13799,42.98632],[23.13816,42.98696],[23.13959,42.9867],[23.13871,42.98736],[23.13904,42.98769],[23.14172,42.98668],[23.14348,42.98725],[23.14092,42.98769],[23.14199,42.98774],[23.14312,42.98874],[23.14333,42.9876],[23.14577,42.98671],[23.14623,42.987],[23.14726,42.98609],[23.14696,42.98557],[23.14849,42.98455],[23.15068,42.98035],[23.15248,42.98033],[23.15195,42.97965],[23.14823,42.98051],[23.14193,42.97963],[23.13843,42.97787],[23.13866,42.97697],[23.13807,42.97621],[23.13826,42.97543],[23.1386,42.97607],[23.13856,42.97564],[23.13923,42.97592],[23.14061,42.97429],[23.14398,42.9749],[23.14374,42.9754],[23.14297,42.97534],[23.14381,42.97617],[23.14543,42.97583],[23.14659,42.97647],[23.14858,42.97632],[23.14866,42.97583],[23.14783,42.97509],[23.14841,42.97453],[23.14772,42.974],[23.14848,42.97313],[23.1497,42.97301],[23.15107,42.97398],[23.15124,42.97277],[23.15267,42.97257],[23.152,42.97322],[23.15304,42.97306],[23.15275,42.97341],[23.15385,42.97417],[23.1555,42.97367],[23.15558,42.973],[23.15368,42.97148],[23.1541,42.97076],[23.15376,42.9702],[23.15317,42.96962],[23.15156,42.96947],[23.15102,42.96818],[23.15382,42.96717],[23.15544,42.96521],[23.1558,42.95946],[23.15706,42.95521],[23.16574,42.95577],[23.17074,42.95356],[23.17424,42.95121],[23.17686,42.95121],[23.1769,42.95057],[23.17766,42.95041],[23.1789,42.95045],[23.1822,42.95349],[23.18391,42.95391],[23.1859,42.95398],[23.18623,42.95262],[23.18776,42.95212],[23.18939,42.95199],[23.1917,42.95289],[23.19324,42.95203],[23.19411,42.95206],[23.19375,42.95387],[23.19435,42.95435],[23.1938,42.95516],[23.19472,42.95638],[23.1957,42.95668],[23.19566,42.95723],[23.19478,42.95748],[23.1932,42.95678],[23.19304,42.95733],[23.1941,42.95837],[23.19369,42.9589],[23.19402,42.95955],[23.19578,42.95934],[23.19618,42.95889],[23.19705,42.95892],[23.19788,42.95968],[23.20025,42.95958],[23.19633,42.96256],[23.19794,42.9627],[23.1974,42.96342],[23.19696,42.9661],[23.19791,42.96556],[23.20077,42.9686],[23.19916,42.97027],[23.19868,42.97168],[23.2012,42.97246],[23.20154,42.97307],[23.20218,42.97199],[23.20148,42.97111],[23.20342,42.97097],[23.20692,42.97164],[23.20691,42.97231],[23.2061,42.97256],[23.20645,42.97309],[23.20599,42.97364],[23.20802,42.97497],[23.20817,42.97594],[23.2074,42.97582],[23.20737,42.97658],[23.20826,42.97699],[23.20851,42.97816],[23.20939,42.97889],[23.20944,42.98037],[23.20897,42.9804],[23.20944,42.98043],[23.20937,42.98112],[23.20854,42.98125],[23.21188,42.98053],[23.21368,42.98124],[23.21371,42.98192],[23.21155,42.98179],[23.21123,42.98225],[23.21242,42.98282],[23.21384,42.98281],[23.21624,42.98129],[23.21874,42.98057],[23.21901,42.97897],[23.22213,42.97907],[23.22588,42.97813],[23.22842,42.97889],[23.23169,42.97905],[23.23175,42.98014],[23.22985,42.98148],[23.22628,42.98051],[23.22513,42.98144],[23.22083,42.98101],[23.22,42.98181],[23.22273,42.98245],[23.22521,42.98373],[23.23397,42.98533],[23.23417,42.98601],[23.23354,42.98657],[23.23598,42.98842],[23.23575,42.98923],[23.23623,42.98921],[23.237,42.99099],[23.2361,42.99063],[23.23391,42.99157],[23.23355,42.99411],[23.23757,42.99418],[23.23764,42.99466],[23.23623,42.99656],[23.23441,42.99672],[23.23429,42.99722],[23.23325,42.99692],[23.2336,42.99797],[23.23404,42.99743],[23.23558,42.99705],[23.23733,42.9972],[23.2368,42.99854],[23.23757,42.99897],[23.2418,42.99873],[23.24309,42.99912],[23.24119,42.9981],[23.24061,42.99738],[23.24071,42.99667],[23.23905,42.99624],[23.23994,42.99419],[23.24192,42.99518],[23.24278,42.99636],[23.24473,42.99555],[23.24557,42.99607],[23.24749,42.9961],[23.24866,42.99716],[23.24554,42.99714],[23.24468,42.99786],[23.24485,42.99846],[23.24753,42.99912],[23.25033,43.00152],[23.25224,43.00168],[23.25435,43.00252],[23.2572,43.00496],[23.26096,43.00714],[23.26199,43.0073],[23.26148,43.00559],[23.264,43.00507],[23.26573,43.00638],[23.26735,43.00653],[23.26764,43.00739],[23.26871,43.00753],[23.269,43.00704],[23.26842,43.00582],[23.26969,43.00475],[23.26901,43.00418],[23.26969,43.00218],[23.27246,43.00287],[23.27408,43.00125],[23.27427,42.9994],[23.27155,42.99804],[23.2735,42.99782],[23.2737,42.99732],[23.27255,42.99599],[23.2728,42.99482],[23.27458,42.99431],[23.27416,42.99309],[23.27469,42.99196],[23.27576,42.99141],[23.27725,42.99239],[23.27762,42.99327],[23.27742,42.99402],[23.27606,42.99506],[23.27689,42.99902],[23.27877,42.99959],[23.27889,43.00042],[23.28203,43.00343],[23.28345,43.00401],[23.28745,43.00447],[23.28767,43.0038],[23.2904,43.00212],[23.29025,43.00004],[23.29206,42.99969],[23.29395,43.00119],[23.29584,43.00184],[23.29821,43.00149],[23.29756,43.00009],[23.29767,42.99828],[23.2993,42.99804],[23.29978,42.99904],[23.30047,42.99909],[23.3005,42.99598],[23.3017,42.99582],[23.30395,42.99403],[23.30677,42.99259],[23.3073,42.99082],[23.30871,42.9912],[23.3077,42.98819],[23.30933,42.98798],[23.30865,42.98692],[23.30935,42.9859],[23.30857,42.98569],[23.30643,42.98641],[23.30662,42.98534],[23.309,42.98443],[23.31085,42.98499],[23.31224,42.98415],[23.31312,42.98234],[23.31403,42.98162],[23.31523,42.98336],[23.3158,42.98229],[23.31766,42.98276],[23.3184,42.9809],[23.32085,42.98057],[23.32576,42.98297],[23.32211,42.98449],[23.32155,42.98593],[23.32179,42.98664],[23.32334,42.98766],[23.3218,42.98796],[23.32187,42.98844],[23.32129,42.98856],[23.3243,42.99048],[23.32497,42.99036],[23.32524,42.99218],[23.32407,42.99117],[23.32206,42.99166],[23.32124,42.99115],[23.32089,42.99218],[23.31944,42.99262],[23.32065,42.99467],[23.32059,42.99564],[23.32185,42.99832],[23.32507,43.00054],[23.3228,43.00088],[23.32284,43.00278],[23.32157,43.00319],[23.32199,43.00504],[23.32329,43.0052],[23.32325,43.00662],[23.32412,43.00776],[23.32228,43.00853],[23.32209,43.01005],[23.32283,43.01185],[23.3223,43.01271],[23.32785,43.01302],[23.33053,43.01368],[23.33243,43.01256],[23.33324,43.01259],[23.33275,43.01355],[23.33364,43.01418],[23.33362,43.01468],[23.33307,43.01672],[23.33844,43.01767],[23.34315,43.01663],[23.345,43.01563],[23.3477,43.01571],[23.34818,43.01548],[23.34758,43.01506],[23.34754,43.01386],[23.3491,43.01283],[23.35141,43.01286],[23.35307,43.01381],[23.35406,43.01381],[23.35593,43.0121],[23.35866,43.0122],[23.35996,43.0145],[23.35995,43.01505],[23.35896,43.0159],[23.35813,43.01581],[23.35491,43.01802],[23.34949,43.01836],[23.34841,43.02063],[23.34902,43.02378],[23.351,43.02405],[23.35053,43.02452],[23.3514,43.02538],[23.35152,43.02653],[23.35216,43.02665],[23.35183,43.02765],[23.35215,43.0284],[23.35333,43.02872],[23.35642,43.02837],[23.35775,43.02957],[23.35781,43.03101],[23.35641,43.0321],[23.35012,43.03225],[23.35094,43.03458],[23.35304,43.03465],[23.35406,43.03534],[23.35394,43.03681],[23.35469,43.03838],[23.35307,43.0409],[23.35102,43.0421],[23.35332,43.0437],[23.35431,43.04543],[23.3574,43.04571],[23.35865,43.04642],[23.35902,43.04713],[23.35901,43.05054],[23.35842,43.05287],[23.35894,43.05428],[23.36226,43.0577],[23.3627,43.06073],[23.36403,43.06236],[23.3643,43.0634],[23.36635,43.06363],[23.36836,43.06573],[23.36785,43.06731],[23.36909,43.06782],[23.36859,43.06845],[23.36851,43.06994],[23.36948,43.07136],[23.3698,43.07329],[23.37081,43.07468],[23.3706,43.07514],[23.37244,43.07625],[23.37407,43.07869],[23.37756,43.0816],[23.37609,43.08214],[23.37574,43.08298],[23.37436,43.08369],[23.37879,43.08865],[23.37869,43.08973],[23.37511,43.09157],[23.37383,43.0928],[23.37421,43.09546],[23.37707,43.09682],[23.3822,43.09816],[23.38351,43.09745],[23.38712,43.097],[23.38663,43.09546],[23.38957,43.09311],[23.39301,43.09337],[23.39317,43.09416],[23.394,43.0936],[23.39739,43.09639],[23.39457,43.09894],[23.39184,43.0998],[23.3921,43.10031],[23.39178,43.10159],[23.39119,43.10155],[23.3913,43.10262],[23.39301,43.10275],[23.39093,43.10571],[23.39008,43.10552],[23.38782,43.10643],[23.38459,43.10662],[23.38238,43.10777],[23.38169,43.10726],[23.38129,43.10743],[23.38207,43.10804],[23.38146,43.10889],[23.37576,43.10892],[23.37248,43.10801],[23.37295,43.10728],[23.37251,43.10655],[23.37124,43.10607],[23.37135,43.10441],[23.37065,43.10372],[23.36948,43.10353],[23.36861,43.10398],[23.36526,43.10933],[23.36407,43.11326],[23.36314,43.11379],[23.35958,43.11387],[23.35763,43.11764],[23.35779,43.11838],[23.35577,43.11867],[23.35602,43.1202],[23.35569,43.12058],[23.35429,43.12068],[23.35316,43.12017],[23.35181,43.12052],[23.35031,43.1225],[23.34999,43.12436],[23.34951,43.1246],[23.34926,43.12562],[23.35037,43.1261],[23.34933,43.12919],[23.34649,43.12965],[23.34451,43.13123],[23.34423,43.13269],[23.34708,43.13435],[23.34713,43.13521],[23.34881,43.13619],[23.34883,43.13712],[23.3496,43.13726],[23.34824,43.1384],[23.34823,43.13919],[23.34869,43.13947],[23.34662,43.14092],[23.3447,43.14147],[23.34458,43.14213],[23.34407,43.14199],[23.34272,43.14338],[23.34256,43.14526],[23.34149,43.14543],[23.34054,43.14448],[23.33916,43.14453],[23.33771,43.14283],[23.33576,43.14196],[23.33519,43.14248],[23.33643,43.14437],[23.33593,43.14431],[23.33566,43.14498],[23.33441,43.14337],[23.3336,43.1432],[23.33226,43.14531],[23.32994,43.14639],[23.33019,43.14805],[23.32929,43.14876],[23.32773,43.15175],[23.32847,43.15545],[23.32759,43.15644],[23.32759,43.15751],[23.32701,43.15793],[23.32546,43.15658],[23.32491,43.15799],[23.32193,43.1588],[23.32187,43.15964],[23.32341,43.16193],[23.31933,43.16567],[23.31723,43.16688],[23.31748,43.16803],[23.31869,43.16928],[23.31845,43.17014],[23.32108,43.17084],[23.31896,43.17193],[23.32136,43.17212],[23.32205,43.17319],[23.32203,43.17439],[23.3186,43.17471],[23.31379,43.17593],[23.31052,43.17839],[23.30877,43.18042],[23.31043,43.18142],[23.3108,43.18102],[23.31295,43.18084],[23.31525,43.17968],[23.32246,43.17885],[23.32073,43.18014],[23.31972,43.18287],[23.3221,43.18564],[23.32442,43.18617],[23.32389,43.18618],[23.32424,43.18646],[23.32387,43.18648],[23.32387,43.18725],[23.3223,43.18894],[23.32061,43.18886],[23.32081,43.19113],[23.32221,43.19213],[23.32607,43.19126],[23.32672,43.19218],[23.3245,43.1924],[23.3251,43.19307],[23.3268,43.19278],[23.32621,43.19569],[23.32573,43.1963],[23.32536,43.1961],[23.32529,43.19738],[23.32584,43.19798],[23.32748,43.19791],[23.32912,43.19925],[23.32768,43.20094],[23.32605,43.20148],[23.32589,43.20197],[23.32714,43.20272],[23.32711,43.20391],[23.32652,43.20457],[23.32392,43.20496],[23.3239,43.20832],[23.32009,43.20859],[23.32032,43.21031],[23.31952,43.21334],[23.31978,43.21398],[23.32224,43.21488],[23.32288,43.21622],[23.32444,43.21616],[23.32487,43.21549],[23.32413,43.21385],[23.325,43.21271],[23.32633,43.216],[23.32634,43.21754],[23.32707,43.21796],[23.32975,43.223],[23.32783,43.22312],[23.32696,43.22367],[23.32937,43.22399],[23.32986,43.22487],[23.33119,43.22513],[23.33043,43.22551],[23.33094,43.22621],[23.32983,43.22606],[23.3289,43.22487],[23.32703,43.2246],[23.32656,43.22413],[23.32674,43.22455],[23.32882,43.22502],[23.32984,43.22617],[23.33232,43.22659],[23.33338,43.22987],[23.33527,43.23159],[23.33547,43.23226],[23.33472,43.23182],[23.33681,43.23491],[23.33779,43.23546],[23.33825,43.23659],[23.33986,43.23735],[23.34005,43.23864],[23.34344,43.24151],[23.34077,43.23905],[23.33853,43.23511],[23.33984,43.23632],[23.34073,43.23555],[23.33968,43.23291],[23.34093,43.23226],[23.34149,43.23272],[23.3419,43.23237],[23.3414,43.23201],[23.343,43.23324],[23.34318,43.23421],[23.3444,43.23528],[23.34502,43.23678],[23.34594,43.23727],[23.34454,43.24025],[23.34477,43.24085],[23.34965,43.24169],[23.35469,43.24014],[23.35738,43.24008],[23.35641,43.24059],[23.35745,43.24034],[23.35538,43.24181],[23.35082,43.2428],[23.34862,43.24215],[23.34673,43.24395],[23.34819,43.24475],[23.34621,43.24515],[23.34762,43.2474],[23.34757,43.24803],[23.34716,43.24826],[23.34709,43.24745],[23.34433,43.2472],[23.34213,43.24447],[23.33807,43.24229],[23.33726,43.24054],[23.33428,43.23854],[23.33268,43.23648],[23.33092,43.23559],[23.33068,43.23465],[23.3322,43.23407],[23.33234,43.23324],[23.33012,43.23082],[23.32972,43.22905],[23.32756,43.22693],[23.32122,43.2238],[23.31849,43.22395],[23.31801,43.22241],[23.31685,43.22183],[23.31653,43.22113],[23.31405,43.22023],[23.30723,43.21444],[23.30545,43.21388],[23.30254,43.21195],[23.30248,43.21041],[23.29999,43.20717],[23.30161,43.20643],[23.30104,43.20499],[23.30172,43.20432],[23.30205,43.203],[23.30165,43.20052],[23.303,43.19534],[23.30266,43.19443],[23.3008,43.19476],[23.2991,43.1966],[23.29803,43.19623],[23.29817,43.19497],[23.29873,43.19258],[23.29944,43.19217],[23.29941,43.19109],[23.30116,43.18852],[23.30401,43.18636],[23.30534,43.18661],[23.30604,43.18724],[23.30648,43.18686],[23.30455,43.18574],[23.30474,43.18489],[23.30571,43.18482],[23.30603,43.18286],[23.3072,43.18063],[23.30511,43.18213],[23.30248,43.18229],[23.30162,43.18287],[23.30166,43.18211],[23.2946,43.18199],[23.29357,43.18246],[23.29294,43.18346],[23.29264,43.18277],[23.29314,43.18062],[23.29244,43.17936],[23.29278,43.17838],[23.29251,43.17715],[23.29409,43.17451],[23.29475,43.16911],[23.29635,43.16415],[23.2912,43.16363],[23.28996,43.16614],[23.28945,43.1659],[23.28736,43.16721],[23.28488,43.17195],[23.28353,43.17206],[23.28361,43.17158],[23.28262,43.17067],[23.284,43.16853],[23.28562,43.16738],[23.28608,43.16441],[23.28562,43.16376],[23.28566,43.16207],[23.28498,43.16155],[23.28213,43.16192],[23.28089,43.16125],[23.28123,43.15857],[23.28273,43.15659],[23.28202,43.15612],[23.28172,43.15551],[23.28206,43.15517],[23.28043,43.15339],[23.27968,43.154],[23.27879,43.1538],[23.27998,43.15618],[23.27859,43.15458],[23.27671,43.15571],[23.27526,43.15571],[23.27505,43.15491],[23.27385,43.15667],[23.27392,43.15813],[23.27323,43.15979],[23.27245,43.15791],[23.27282,43.15696],[23.27239,43.15543],[23.27283,43.15549],[23.27242,43.15499],[23.27074,43.15489],[23.27096,43.15525],[23.26921,43.1566],[23.27124,43.15735],[23.27155,43.15837],[23.2711,43.15897],[23.27151,43.15953],[23.27184,43.15924],[23.27153,43.15982],[23.27201,43.16077],[23.27133,43.16132],[23.27168,43.16272],[23.27047,43.16299],[23.27216,43.16413],[23.27221,43.16599],[23.27127,43.16697],[23.27098,43.17101],[23.26948,43.17114],[23.26743,43.16943],[23.26297,43.16799],[23.26288,43.16684],[23.26232,43.1663],[23.2589,43.16542],[23.25788,43.16461],[23.25419,43.16417],[23.25257,43.16234],[23.24705,43.16177],[23.24584,43.16276],[23.24661,43.16434],[23.24827,43.16556],[23.24881,43.16718],[23.25072,43.1695],[23.25201,43.17017],[23.25211,43.17097],[23.2515,43.17141],[23.25293,43.17205],[23.25672,43.1726],[23.2576,43.1733],[23.25909,43.17329],[23.25972,43.17386],[23.26239,43.1737],[23.26384,43.17454],[23.26691,43.17458],[23.26866,43.17585],[23.27406,43.17619],[23.27656,43.1774],[23.27867,43.17949],[23.27932,43.1809],[23.27901,43.18197],[23.28277,43.18434],[23.28158,43.18473],[23.27782,43.1823],[23.27763,43.18004],[23.27373,43.17724],[23.2681,43.17681],[23.26626,43.17559],[23.26335,43.17562],[23.26157,43.17495],[23.25752,43.17446],[23.25582,43.17373],[23.25253,43.17326],[23.25115,43.17266],[23.25088,43.17184],[23.24887,43.17235],[23.24167,43.16843],[23.24008,43.1686],[23.23933,43.16947],[23.23855,43.16934],[23.23862,43.17015],[23.23942,43.16996],[23.2404,43.17146],[23.24259,43.17272],[23.24232,43.17172],[23.24056,43.17112],[23.24027,43.17031],[23.24185,43.17002],[23.24407,43.17137],[23.24519,43.17276],[23.24714,43.17361],[23.24732,43.17428],[23.24954,43.1763],[23.25084,43.17588],[23.25099,43.1762],[23.24971,43.1767],[23.25165,43.17687],[23.25159,43.17734],[23.25206,43.17668],[23.25293,43.17679],[23.25685,43.17866],[23.25695,43.17997],[23.2586,43.18129],[23.25751,43.181],[23.25694,43.18156],[23.25718,43.18267],[23.25626,43.18284],[23.25789,43.18324],[23.25962,43.18566],[23.26026,43.18825],[23.25986,43.18857],[23.26116,43.18906],[23.26074,43.18921],[23.26205,43.19069],[23.26247,43.1922],[23.26413,43.19244],[23.26386,43.19181],[23.26289,43.19168],[23.2637,43.19154],[23.26254,43.18844],[23.26269,43.18818],[23.26344,43.18943],[23.26324,43.18776],[23.26248,43.18685],[23.26296,43.18597],[23.26207,43.18534],[23.2625,43.18497],[23.26134,43.18446],[23.26191,43.18419],[23.26152,43.18285],[23.26248,43.18342],[23.26363,43.1859],[23.26424,43.18514],[23.26345,43.18695],[23.26404,43.18739],[23.26385,43.19079],[23.26461,43.1924],[23.26422,43.19256],[23.26246,43.19243],[23.2617,43.1909],[23.26114,43.19139],[23.26011,43.19061],[23.26138,43.19092],[23.26031,43.18933],[23.25621,43.18778],[23.25637,43.18747],[23.2549,43.18641],[23.2544,43.18744],[23.25545,43.18927],[23.25532,43.18996],[23.25418,43.19018],[23.25383,43.19117],[23.24857,43.18979],[23.24756,43.18862],[23.2461,43.18796],[23.24304,43.18816],[23.24208,43.18618],[23.24311,43.18617],[23.24324,43.1858],[23.24214,43.18465],[23.23975,43.18395],[23.23885,43.18205],[23.23879,43.18054],[23.23582,43.17992],[23.23268,43.17845],[23.23495,43.17848],[23.23572,43.17938],[23.23745,43.17993],[23.23606,43.1784],[23.23743,43.17924],[23.23785,43.1785],[23.23305,43.17639],[23.23623,43.17724],[23.2369,43.17658],[23.23804,43.17657],[23.23694,43.1755],[23.23821,43.17621],[23.23845,43.17578],[23.23595,43.17436],[23.23688,43.17433],[23.23668,43.17404],[23.2354,43.17332],[23.23421,43.17344],[23.23488,43.17313],[23.23339,43.17261],[23.23301,43.17311],[23.23357,43.17459],[23.23208,43.17485],[23.23307,43.17499],[23.23161,43.17553],[23.23074,43.17538],[23.23013,43.17631],[23.22967,43.17591],[23.22897,43.17736],[23.22833,43.17702],[23.22853,43.17656],[23.22786,43.17667],[23.22636,43.17542],[23.22656,43.17612],[23.22493,43.17643],[23.22405,43.17517],[23.22349,43.17532],[23.22404,43.17613],[23.22368,43.17627],[23.22278,43.17521],[23.22362,43.17436],[23.22345,43.17332],[23.2223,43.17267],[23.22241,43.17216],[23.22301,43.17251],[23.22246,43.17212],[23.22301,43.17183],[23.22193,43.17075],[23.22206,43.16972],[23.22151,43.16948],[23.22108,43.17],[23.21885,43.16906],[23.21904,43.16976],[23.2209,43.17138],[23.22063,43.17189],[23.21654,43.16766],[23.21643,43.16618],[23.21495,43.16529],[23.2138,43.16711],[23.21486,43.16758],[23.21476,43.16807],[23.21563,43.16839],[23.2152,43.16905],[23.21557,43.16951],[23.22148,43.17499],[23.21997,43.17436],[23.21887,43.17313],[23.21506,43.17197],[23.21498,43.17136],[23.21342,43.17016],[23.21224,43.16988],[23.2132,43.17075],[23.21259,43.17118],[23.21347,43.17315],[23.21277,43.1745],[23.21425,43.17533],[23.21436,43.17583],[23.21531,43.1753],[23.21636,43.17571],[23.21659,43.17507],[23.21853,43.17673],[23.21945,43.17661],[23.21975,43.17709],[23.21904,43.1774],[23.21938,43.17811],[23.22227,43.18027],[23.21985,43.18088],[23.2211,43.18038],[23.21829,43.17855],[23.21757,43.17674],[23.21619,43.17633],[23.21509,43.17674],[23.2161,43.17869],[23.21401,43.17916],[23.21653,43.17987],[23.21719,43.18174],[23.21681,43.18254],[23.21722,43.18489],[23.21819,43.18481],[23.21813,43.18545],[23.21729,43.18543],[23.21966,43.18695],[23.21952,43.1874],[23.22089,43.18789],[23.22012,43.18933],[23.21804,43.18973],[23.21846,43.1905],[23.21975,43.18982],[23.21972,43.19066],[23.21585,43.1927],[23.21858,43.19414],[23.22023,43.19609],[23.21784,43.19396],[23.21512,43.19301],[23.21437,43.19215],[23.20939,43.1917],[23.2097,43.19145],[23.20874,43.19101],[23.20936,43.18875],[23.20854,43.18795],[23.20597,43.19057],[23.20605,43.18998],[23.20543,43.19007],[23.20515,43.18927],[23.20788,43.18562],[23.20745,43.18445],[23.20776,43.18408],[23.204,43.18127],[23.20152,43.18266],[23.20054,43.18451],[23.20097,43.18317],[23.20053,43.18229],[23.20148,43.18158],[23.20131,43.18071],[23.20017,43.17994],[23.19814,43.17708],[23.19789,43.17751],[23.19716,43.17555],[23.19473,43.17488],[23.1948,43.17553],[23.19632,43.17609],[23.19803,43.17824],[23.19805,43.18033],[23.19966,43.18089],[23.1995,43.182],[23.19631,43.18083],[23.1951,43.18084],[23.19716,43.18216],[23.19744,43.1827],[23.19624,43.18259],[23.19813,43.18378],[23.19835,43.18477],[23.19746,43.18425],[23.1954,43.1846],[23.1954,43.18418],[23.19783,43.18391],[23.19664,43.18312],[23.19506,43.18309],[23.19499,43.18245],[23.19396,43.18222],[23.19378,43.18265],[23.19336,43.18171],[23.19114,43.18122],[23.19062,43.18032],[23.1902,43.18103],[23.19057,43.18233],[23.18993,43.18224],[23.18898,43.18086],[23.18821,43.18124],[23.18915,43.18306],[23.18713,43.18272],[23.18587,43.18198],[23.1845,43.18392],[23.18159,43.18097],[23.1787,43.18297],[23.17775,43.1831],[23.17752,43.18361],[23.17974,43.18341],[23.18181,43.18517],[23.18365,43.18576],[23.18306,43.18749],[23.18193,43.18783],[23.18123,43.18746],[23.18,43.18891],[23.17946,43.18799],[23.17978,43.18757],[23.1795,43.18665],[23.1779,43.18505],[23.17783,43.18545],[23.17633,43.18565],[23.17651,43.18475],[23.1774,43.1849],[23.1775,43.18457],[23.17631,43.18384],[23.17211,43.18507],[23.16802,43.18524],[23.16699,43.18471],[23.16249,43.18467],[23.16335,43.18299],[23.16116,43.18356],[23.16151,43.18196],[23.16065,43.18165],[23.16177,43.18086],[23.15886,43.17826],[23.15781,43.17787],[23.15791,43.17623],[23.15741,43.17639],[23.15838,43.17503],[23.15752,43.17472],[23.15708,43.17388],[23.15576,43.17394],[23.15548,43.17876],[23.15422,43.17944],[23.15051,43.17856],[23.14982,43.1795],[23.15199,43.17994],[23.15201,43.1804],[23.14934,43.18068],[23.14927,43.18116],[23.14741,43.1819],[23.1474,43.18225],[23.14956,43.18287],[23.14665,43.18437],[23.1443,43.18445],[23.14535,43.18399],[23.14419,43.18277],[23.14352,43.18291],[23.14287,43.18228],[23.143,43.18152],[23.14108,43.17995],[23.13511,43.17888],[23.13337,43.17996],[23.13383,43.18059],[23.13333,43.18094],[23.13404,43.1811],[23.13281,43.18244],[23.13557,43.18296],[23.13718,43.18268],[23.13755,43.18419],[23.1406,43.18502],[23.14159,43.18577],[23.13758,43.1846],[23.13486,43.18316],[23.13354,43.18381],[23.12917,43.18284],[23.1233,43.18341],[23.11971,43.18211],[23.11893,43.18338],[23.11928,43.18352],[23.11886,43.18357],[23.12402,43.18645],[23.12416,43.18768],[23.12312,43.18934],[23.12436,43.19074],[23.12418,43.19176],[23.1225,43.19214],[23.12233,43.19291],[23.12356,43.19414],[23.12625,43.19431],[23.12705,43.19539],[23.12847,43.19579],[23.13272,43.19563],[23.13471,43.19652],[23.13529,43.19604],[23.13603,43.19735],[23.13711,43.19724],[23.14021,43.19883],[23.13709,43.1993],[23.13858,43.20195],[23.13656,43.2006],[23.13557,43.20054],[23.13486,43.20126],[23.13543,43.20139],[23.13534,43.20305],[23.13456,43.20355],[23.13087,43.20399],[23.12788,43.20574],[23.1236,43.20663],[23.12355,43.20736],[23.1226,43.2077],[23.12114,43.20729],[23.12114,43.20847],[23.1207,43.20854],[23.11975,43.21153],[23.12031,43.21208],[23.11927,43.21278],[23.11852,43.21258],[23.12062,43.21472],[23.12107,43.21589],[23.12129,43.2187],[23.122,43.21996],[23.12168,43.22082],[23.12074,43.22117],[23.12187,43.22612],[23.1181,43.22551],[23.11406,43.22391],[23.11436,43.22463],[23.11353,43.22554],[23.11503,43.22733],[23.11505,43.22846],[23.11423,43.22824],[23.11387,43.22882],[23.11454,43.22898],[23.11436,43.22928],[23.11228,43.2286],[23.1109,43.22714],[23.11083,43.22761],[23.10937,43.22757],[23.10785,43.22574],[23.10852,43.22369],[23.10827,43.22295],[23.10999,43.21912],[23.10921,43.21615],[23.11185,43.21184],[23.11182,43.20979],[23.11374,43.20445],[23.11156,43.19842],[23.11136,43.19471],[23.10783,43.19138],[23.10622,43.19126],[23.10286,43.19161],[23.10408,43.19403],[23.10351,43.19439],[23.10085,43.19223],[23.09833,43.19364],[23.09449,43.19405],[23.09421,43.19548],[23.09266,43.19511],[23.09226,43.1947],[23.09262,43.19402],[23.09177,43.19373],[23.09083,43.19422],[23.08561,43.18681],[23.08823,43.18642],[23.08931,43.18545],[23.09033,43.18557],[23.09172,43.18464],[23.0921,43.18497],[23.09167,43.18255],[23.09247,43.18151],[23.09367,43.18096],[23.09323,43.17988],[23.08664,43.17565],[23.08413,43.17278],[23.0823,43.17208],[23.07886,43.17304],[23.07543,43.17509],[23.07385,43.17673],[23.07497,43.17874],[23.07589,43.17893],[23.07553,43.1795],[23.07636,43.18215],[23.07809,43.18471],[23.07762,43.18651],[23.07825,43.18867],[23.07795,43.18929],[23.07705,43.18936],[23.07684,43.19064],[23.07587,43.19176],[23.0767,43.1924],[23.0781,43.19245],[23.07908,43.19375],[23.07942,43.19346],[23.08141,43.19445],[23.08109,43.19599],[23.08051,43.19655],[23.08069,43.19724],[23.07953,43.19729],[23.07977,43.19801],[23.07788,43.19851],[23.07808,43.19887],[23.07773,43.19887],[23.07497,43.2077],[23.07839,43.21012],[23.08552,43.21276],[23.08624,43.21616],[23.0891,43.21915],[23.09165,43.21851],[23.09556,43.2164],[23.09767,43.21692],[23.09998,43.2168],[23.10058,43.21722],[23.102,43.22115],[23.10246,43.21997],[23.10191,43.21719],[23.10327,43.21728],[23.10328,43.21841],[23.10474,43.22011],[23.1033,43.22009],[23.10533,43.22285],[23.10436,43.2246],[23.10532,43.22483],[23.10516,43.22897],[23.10441,43.22911],[23.10404,43.22861],[23.10345,43.22905],[23.10256,43.22888],[23.10217,43.22999],[23.10125,43.23078],[23.10195,43.22949],[23.10131,43.22939],[23.10047,43.23005],[23.10123,43.23016],[23.10051,43.23099],[23.09941,43.23072],[23.09892,43.23121],[23.09735,43.23016],[23.09804,43.23216],[23.09597,43.2326],[23.09635,43.23336],[23.09366,43.23209],[23.08761,43.23152],[23.08682,43.23234],[23.08715,43.23283],[23.08621,43.233],[23.08531,43.23396],[23.08746,43.23446],[23.08893,43.23583],[23.08997,43.23561],[23.09203,43.23643],[23.09171,43.23713],[23.09045,43.23735],[23.09202,43.23816],[23.09185,43.23903],[23.09062,43.24159],[23.0881,43.24363],[23.08652,43.24589],[23.0846,43.2461],[23.08348,43.24467],[23.08215,43.24531],[23.08224,43.24632],[23.08588,43.24783],[23.08715,43.24891],[23.08849,43.24915],[23.09126,43.2487],[23.09074,43.24906],[23.09393,43.24929],[23.09804,43.24885],[23.09936,43.24858],[23.10077,43.24713],[23.1022,43.24763],[23.10597,43.25048],[23.1097,43.25395],[23.11471,43.25403],[23.11588,43.2565],[23.11776,43.25627],[23.11901,43.25735],[23.1195,43.25697],[23.12171,43.25755],[23.12198,43.2568],[23.12364,43.25579],[23.12608,43.25636],[23.12811,43.25578],[23.13136,43.2569],[23.13329,43.25949],[23.13565,43.25915],[23.13645,43.25814],[23.13888,43.25848],[23.13982,43.25744],[23.13951,43.2581],[23.14015,43.25898],[23.14256,43.25884],[23.14273,43.25933],[23.14407,43.25901],[23.14361,43.25853],[23.14235,43.25849],[23.14307,43.25798],[23.14162,43.25752],[23.1423,43.2569],[23.14223,43.25618],[23.14308,43.25601],[23.14354,43.25619],[23.14318,43.25677],[23.14382,43.25752],[23.14636,43.25742],[23.14622,43.2583],[23.14698,43.25834],[23.14768,43.25766],[23.14667,43.25735],[23.14686,43.25693],[23.14415,43.25494],[23.14538,43.25495],[23.14538,43.25448],[23.14679,43.25471],[23.14839,43.25615],[23.14884,43.25585],[23.14843,43.25695],[23.14979,43.25718],[23.15083,43.25797],[23.15143,43.25741],[23.15123,43.25705],[23.15209,43.25712],[23.15049,43.25561],[23.1519,43.25603],[23.15218,43.25658],[23.15298,43.25621],[23.15402,43.25678],[23.15287,43.2573],[23.1525,43.25831],[23.15509,43.25866],[23.15555,43.25913],[23.15343,43.26017],[23.15453,43.26128],[23.15575,43.26162],[23.15664,43.26311],[23.1547,43.26421],[23.15454,43.26503],[23.15681,43.26606],[23.15629,43.26645],[23.15683,43.26697],[23.15744,43.26683],[23.15751,43.26726],[23.15544,43.26659],[23.15461,43.26565],[23.15452,43.26679],[23.15546,43.26701],[23.15558,43.26758],[23.15596,43.26716],[23.15676,43.26771],[23.15658,43.26816],[23.15759,43.2684],[23.15576,43.26992],[23.15281,43.26958],[23.15197,43.27014],[23.1525,43.27041],[23.1513,43.27108],[23.15214,43.27118],[23.15236,43.27169],[23.15009,43.27256],[23.14957,43.27367],[23.14884,43.27314],[23.14805,43.27345],[23.14838,43.27439],[23.14798,43.27479],[23.14767,43.27358],[23.14585,43.27387],[23.14698,43.27285],[23.14437,43.27054],[23.14388,43.27267],[23.14144,43.27582],[23.14153,43.27767],[23.14032,43.27822],[23.13865,43.28001],[23.13589,43.28055],[23.13532,43.28009],[23.1351,43.27813],[23.13371,43.27817],[23.13337,43.28127],[23.13387,43.28177],[23.13845,43.28178],[23.14088,43.28062],[23.14558,43.27725],[23.1469,43.27685],[23.14888,43.27726],[23.14922,43.27779],[23.15049,43.27743],[23.15791,43.27919],[23.16023,43.27888],[23.16014,43.27944],[23.1586,43.27985],[23.15548,43.27962],[23.15071,43.27834],[23.14933,43.27908],[23.15005,43.27929],[23.14996,43.27975],[23.15193,43.28037],[23.15094,43.28111],[23.15494,43.28055],[23.1525,43.28161],[23.15394,43.282],[23.15288,43.28205],[23.15344,43.28246],[23.15602,43.28201],[23.15776,43.28058],[23.15779,43.28143],[23.15932,43.28073],[23.1585,43.2825],[23.15955,43.28276],[23.16155,43.28263],[23.16284,43.28218],[23.16313,43.28161],[23.16532,43.28148],[23.16693,43.28286],[23.16755,43.28499],[23.1673,43.28655],[23.16951,43.28951],[23.17132,43.29086],[23.17051,43.29084],[23.17071,43.29149],[23.17108,43.29094],[23.17166,43.29186],[23.17059,43.29382],[23.17048,43.29501],[23.17138,43.29561],[23.1715,43.29758],[23.17093,43.29838],[23.17016,43.29851],[23.17009,43.30175],[23.16934,43.30316],[23.1698,43.30534],[23.16951,43.30626],[23.17184,43.30742],[23.17226,43.30697],[23.17277,43.30771],[23.17116,43.30947],[23.17165,43.31059],[23.16956,43.31198],[23.16877,43.31411],[23.17012,43.31573],[23.16845,43.31644],[23.16991,43.31714],[23.16933,43.31735],[23.16936,43.31796],[23.17018,43.3179],[23.17054,43.31855],[23.17144,43.32265],[23.17171,43.32246],[23.17218,43.32372],[23.17181,43.3239],[23.17212,43.3249],[23.17237,43.32424],[23.17303,43.32616],[23.17256,43.32638],[23.17296,43.32781],[23.17392,43.32854],[23.17459,43.33292],[23.17517,43.33362],[23.17521,43.33523],[23.17593,43.33702],[23.17601,43.33984],[23.17664,43.33978],[23.17823,43.33789],[23.18159,43.33836],[23.18338,43.34833],[23.18484,43.34878],[23.18738,43.34839],[23.18877,43.34652],[23.18936,43.34762],[23.18863,43.34889],[23.18886,43.35032],[23.18817,43.35064],[23.18469,43.35103],[23.18072,43.3498],[23.17759,43.35055],[23.17605,43.35221],[23.17501,43.35538],[23.17406,43.3562],[23.16897,43.35447],[23.16671,43.35419],[23.1638,43.35464],[23.16373,43.35509],[23.16586,43.3575],[23.16591,43.35882],[23.16795,43.36042],[23.16868,43.36259],[23.17234,43.36728],[23.17246,43.36907],[23.17383,43.3695],[23.17413,43.37137],[23.17622,43.37223],[23.17735,43.37561],[23.17682,43.37694],[23.17582,43.37721],[23.17327,43.37609],[23.17229,43.37817],[23.1684,43.37934],[23.16731,43.37917],[23.166,43.38056],[23.16412,43.37907],[23.16116,43.37888],[23.16284,43.38096],[23.16392,43.38151],[23.16402,43.38279],[23.16264,43.38401],[23.16215,43.38328],[23.16225,43.38215],[23.15904,43.38018],[23.15706,43.37965],[23.14549,43.38325],[23.14264,43.38342],[23.13797,43.38213],[23.13702,43.38128],[23.1353,43.3812],[23.13299,43.38032],[23.13226,43.38069],[23.13324,43.38191],[23.13696,43.38327],[23.14,43.38356],[23.14049,43.38406],[23.14029,43.38448],[23.12835,43.38574],[23.12551,43.38692],[23.12278,43.38647],[23.12575,43.38656],[23.12644,43.38604],[23.1255,43.38641],[23.11992,43.38546],[23.11775,43.38671],[23.11715,43.38737],[23.11765,43.38801],[23.11682,43.38908],[23.11601,43.38934],[23.11326,43.38862],[23.11259,43.38709],[23.11078,43.3866],[23.10884,43.38761],[23.10689,43.38753],[23.10502,43.38832],[23.10414,43.38975],[23.10071,43.39025],[23.09483,43.39081],[23.08962,43.38933],[23.08974,43.39055],[23.08856,43.39103],[23.08804,43.39064],[23.08823,43.38945],[23.08774,43.38927],[23.08456,43.38994],[23.08354,43.39166],[23.08364,43.39322],[23.07645,43.39215],[23.07096,43.39421],[23.06631,43.39537],[23.06584,43.39518],[23.06614,43.39454],[23.06473,43.39442],[23.06468,43.39347],[23.05908,43.39241],[23.05249,43.39016],[23.04728,43.38944],[23.04014,43.38688],[23.03861,43.38556],[23.03337,43.38416],[23.0329,43.38374],[23.03291,43.38146],[23.03186,43.38009],[23.0224,43.37521],[23.02054,43.37264],[23.02057,43.37084],[23.02161,43.37042],[23.02217,43.3667],[23.0215,43.36616],[23.02118,43.36294],[23.02032,43.362],[23.01956,43.36201],[23.0193,43.35876],[23.01974,43.35872],[23.01922,43.35784],[23.01985,43.35497],[23.01808,43.35407],[23.01482,43.35383],[23.01471,43.35549],[23.01406,43.35599],[23.0147,43.35838],[23.01467,43.35877],[23.01395,43.35871],[23.01498,43.36089],[23.0156,43.36446],[23.01702,43.36695],[23.01678,43.36797],[23.01608,43.36794],[23.01469,43.36629],[23.01192,43.36683],[23.01141,43.36797],[23.01039,43.36871],[23.00996,43.36853],[23.00882,43.37052],[23.00924,43.37146],[23.00872,43.37335],[23.01108,43.37464],[23.00736,43.37705],[23.00389,43.37835],[23.00025,43.37842],[23.00032,43.37751],[22.99899,43.37751],[22.99843,43.37814],[22.99123,43.37734],[22.98972,43.37573],[22.98727,43.37531],[22.98529,43.37317],[22.98368,43.37423],[22.98201,43.3741],[22.97978,43.37493],[22.97801,43.3738],[22.97867,43.37465],[22.97723,43.375],[22.97417,43.37411],[22.97228,43.37406],[22.96237,43.36885],[22.95989,43.36841],[22.95996,43.36967],[22.96308,43.37036],[22.96558,43.37257],[22.96839,43.37411],[22.97341,43.37531],[22.98084,43.37801],[22.98011,43.37899],[22.98019,43.3797],[22.98325,43.37844],[22.99089,43.38109],[22.99138,43.38188],[22.99108,43.38304],[22.99279,43.38285],[22.9944,43.38136],[22.99626,43.3817],[22.99752,43.38132],[22.99833,43.38171],[22.99866,43.38074],[22.99941,43.38042],[23.00211,43.38138],[23.00374,43.38109],[23.0042,43.38295],[23.0063,43.38156],[23.00858,43.38155],[23.00915,43.3811],[23.0091,43.38055],[23.00784,43.37991],[23.00995,43.37839],[23.01143,43.37884],[23.01168,43.37997],[23.01242,43.38047],[23.01395,43.38069],[23.01445,43.38015],[23.01445,43.37908],[23.01389,43.37794],[23.01585,43.37735],[23.01785,43.37823],[23.01909,43.37748],[23.02168,43.37847],[23.02108,43.38125],[23.02021,43.38196],[23.02129,43.38471],[23.02376,43.38561],[23.02477,43.38489],[23.02591,43.38498],[23.02841,43.38668],[23.02883,43.39024],[23.032,43.3905],[23.03246,43.39106],[23.03262,43.3921],[23.03184,43.39262],[23.03285,43.39319],[23.03246,43.39427],[23.03392,43.39507],[23.03262,43.39731],[23.03381,43.39876],[23.03154,43.40021],[23.02978,43.3992],[23.02827,43.39997],[23.02614,43.39941],[23.02625,43.40088],[23.02701,43.40142],[23.02738,43.40259],[23.03097,43.40285],[23.03196,43.40372],[23.03568,43.40043],[23.03856,43.40133],[23.03963,43.40054],[23.04141,43.40163],[23.04337,43.40177],[23.04699,43.40028],[23.04551,43.40014],[23.04513,43.39929],[23.04701,43.39871],[23.049,43.3988],[23.04947,43.39804],[23.05402,43.40068],[23.05462,43.40199],[23.05265,43.40287],[23.05344,43.40427],[23.0563,43.40558],[23.05859,43.40448],[23.07162,43.40219],[23.07213,43.40262],[23.07213,43.40451],[23.07729,43.40374],[23.07825,43.40262],[23.07945,43.39913],[23.07898,43.39827],[23.07982,43.3974],[23.08607,43.39749],[23.09095,43.3956],[23.09414,43.39532],[23.09913,43.39567],[23.10598,43.39328],[23.10615,43.39391],[23.10848,43.39387],[23.10889,43.39456],[23.10526,43.39685],[23.10594,43.39866],[23.10862,43.39857],[23.11159,43.3992],[23.11296,43.39996],[23.1072,43.40187],[23.10352,43.40239],[23.10169,43.40383],[23.09974,43.40389],[23.09854,43.40487],[23.09857,43.40712],[23.10045,43.40796],[23.1024,43.40783],[23.10377,43.40839],[23.104,43.40892],[23.10242,43.40956],[23.1029,43.41142],[23.10195,43.41264],[23.09904,43.4132],[23.09869,43.41439],[23.09727,43.41475],[23.09623,43.41571],[23.09396,43.41371],[23.09126,43.41452],[23.0899,43.41326],[23.08747,43.41393],[23.08695,43.41279],[23.08797,43.41154],[23.08657,43.4114],[23.08051,43.41316],[23.08163,43.41408],[23.08376,43.41458],[23.08508,43.4161],[23.0863,43.41606],[23.08622,43.41681],[23.08555,43.41726],[23.08224,43.4181],[23.08114,43.41768],[23.07959,43.41555],[23.07847,43.41574],[23.07986,43.41897],[23.07964,43.42139],[23.07896,43.42249],[23.07928,43.42309],[23.08011,43.42373],[23.08315,43.42291],[23.08359,43.42316],[23.08359,43.42481],[23.08466,43.42534],[23.08878,43.4251],[23.08819,43.42603],[23.08746,43.42624],[23.08755,43.42685],[23.09261,43.42659],[23.09441,43.42532],[23.09523,43.42394],[23.09614,43.42432],[23.09657,43.42582],[23.09758,43.42602],[23.09987,43.42413],[23.10421,43.42389],[23.10514,43.42309],[23.10499,43.41994],[23.10568,43.42015],[23.10657,43.4214],[23.10689,43.42045],[23.11227,43.41499],[23.11287,43.41514],[23.11357,43.41816],[23.11584,43.4192],[23.11642,43.42009],[23.11572,43.42207],[23.11619,43.42259],[23.1175,43.42218],[23.11864,43.41987],[23.11826,43.41904],[23.11902,43.41862],[23.12046,43.41959],[23.12306,43.41965],[23.12173,43.42134],[23.12769,43.41982],[23.12912,43.42026],[23.13074,43.4188],[23.13127,43.41897],[23.13199,43.42089],[23.13294,43.42093],[23.13328,43.4204],[23.13271,43.41877],[23.13368,43.41846],[23.13388,43.41761],[23.13837,43.41594],[23.14024,43.41628],[23.14573,43.41506],[23.14807,43.41511],[23.15363,43.41059],[23.15756,43.41335],[23.15932,43.41263],[23.16135,43.41411],[23.16482,43.41314],[23.16505,43.41412],[23.16406,43.41571],[23.1643,43.41669],[23.16293,43.41718],[23.16328,43.42081],[23.1603,43.42354],[23.15834,43.42502],[23.15513,43.42649],[23.15005,43.42764],[23.14921,43.42711],[23.14672,43.42693],[23.14016,43.42805],[23.13369,43.42611],[23.13308,43.42611],[23.13238,43.42705],[23.13077,43.42648],[23.12788,43.42702],[23.12441,43.42851],[23.12438,43.43116],[23.12544,43.4319],[23.12628,43.43395],[23.12527,43.43462],[23.12366,43.43386],[23.11948,43.43634],[23.11418,43.43697],[23.11275,43.43773],[23.11183,43.43689],[23.11046,43.43664],[23.10918,43.4373],[23.10738,43.43946],[23.10183,43.43746],[23.10003,43.4374],[23.09862,43.43805],[23.09883,43.43848],[23.09827,43.43972],[23.09662,43.43963],[23.09571,43.44101],[23.09452,43.44174],[23.09437,43.44257],[23.0918,43.44599],[23.08921,43.44742],[23.08632,43.45084],[23.08452,43.45155],[23.08454,43.45018],[23.0841,43.45005],[23.08245,43.4513],[23.0801,43.45403],[23.08025,43.45453],[23.08341,43.4536],[23.08393,43.45399],[23.08361,43.45467],[23.08232,43.45642],[23.07984,43.45736],[23.07999,43.45778],[23.07728,43.45982],[23.07565,43.4597],[23.0749,43.45785],[23.07264,43.45741],[23.07128,43.4576],[23.07048,43.45854],[23.06743,43.45847],[23.06791,43.4591],[23.06651,43.45953],[23.06001,43.45859],[23.05352,43.45565],[23.04987,43.45494],[23.04848,43.45733],[23.04775,43.45713],[23.04722,43.45684],[23.04807,43.45479],[23.04545,43.4532],[23.0455,43.45146],[23.04494,43.45102],[23.04256,43.45238],[23.04151,43.45171],[23.03932,43.45172],[23.03399,43.4535],[23.02822,43.45341],[23.02788,43.45415],[23.0306,43.45554],[23.03063,43.45727],[23.03193,43.45785],[23.03272,43.45939],[23.03457,43.45816],[23.0356,43.4583],[23.03603,43.4608],[23.03491,43.46206],[23.02827,43.46351],[23.02661,43.46451],[23.02778,43.46694],[23.02768,43.47128],[23.02699,43.47285],[23.02328,43.47572],[23.02319,43.47645],[23.02397,43.47696],[23.02475,43.47658],[23.0264,43.47783],[23.0257,43.47951],[23.02501,43.48027],[23.02456,43.48011],[23.02383,43.48128],[23.02271,43.4847],[23.02315,43.48525],[23.02562,43.48398],[23.02631,43.48416],[23.02573,43.48521],[23.02311,43.48737],[23.02304,43.48846],[23.02105,43.49132],[23.01282,43.49223],[23.00968,43.49187],[23.00933,43.49201],[23.00954,43.49311],[23.00731,43.4925],[22.99899,43.493],[22.99733,43.49225],[22.99512,43.49338],[22.99384,43.49537],[22.99092,43.49204],[22.98822,43.49003],[22.98735,43.48953],[22.98609,43.48975],[22.98447,43.48927],[22.98271,43.4876],[22.98075,43.4886],[22.98099,43.48993],[22.98016,43.49079],[22.97871,43.49129],[22.97866,43.49245],[22.97687,43.49234],[22.97523,43.49312],[22.97709,43.49581],[22.97544,43.49791],[22.97581,43.4986],[22.97492,43.49979],[22.97541,43.50074],[22.98103,43.49952],[22.98133,43.50043],[22.9795,43.50098],[22.97974,43.50163],[22.98527,43.50328],[22.98411,43.50509],[22.98292,43.50596],[22.98153,43.50633],[22.97986,43.50499],[22.97846,43.5055],[22.97844,43.50728],[22.97925,43.50797],[22.97731,43.50891],[22.97553,43.50862],[22.97427,43.5097],[22.97418,43.51053],[22.973,43.50883],[22.97133,43.5115],[22.97175,43.51468],[22.97147,43.51575],[22.96621,43.51719],[22.95976,43.51637],[22.95687,43.51963],[22.95539,43.51977],[22.95428,43.5206],[22.95481,43.52328],[22.95848,43.52649],[22.95903,43.52822],[22.95626,43.52727],[22.95466,43.52569],[22.9531,43.5251],[22.94849,43.52708],[22.94686,43.52714],[22.9453,43.52594],[22.94371,43.52665],[22.94416,43.52795],[22.94567,43.52915],[22.94529,43.52969],[22.94351,43.52948],[22.94223,43.52755],[22.94021,43.52861],[22.93924,43.53013],[22.93404,43.52959],[22.93238,43.5316],[22.93025,43.53288],[22.92963,43.53268],[22.92954,43.53149],[22.92535,43.53057],[22.92424,43.5311],[22.92443,43.53213],[22.92328,43.53469],[22.92368,43.5358],[22.9264,43.53697],[22.92826,43.53856],[22.93016,43.53823],[22.93397,43.53968],[22.93945,43.53927],[22.94118,43.53952],[22.94347,43.54061],[22.94367,43.54107],[22.94013,43.54547],[22.93469,43.54355],[22.9318,43.54356],[22.92823,43.54058],[22.92613,43.53995],[22.92571,43.54033],[22.92627,43.5411],[22.92877,43.54258],[22.92737,43.54425],[22.92637,43.54443],[22.92597,43.54339],[22.92465,43.54349],[22.92199,43.54542],[22.91895,43.54671],[22.91975,43.54685],[22.91855,43.54688],[22.91752,43.54832],[22.91547,43.54823],[22.91322,43.55073],[22.90892,43.55306],[22.90713,43.553],[22.90616,43.55437],[22.90641,43.55534],[22.90528,43.55652],[22.90694,43.55749],[22.90786,43.55907],[22.90947,43.56023],[22.90977,43.56104],[22.90901,43.5626],[22.90711,43.56311],[22.90396,43.5627],[22.90163,43.56077],[22.89871,43.56227],[22.89849,43.56284],[22.89142,43.56399],[22.89045,43.56502],[22.89091,43.56579],[22.89196,43.56626],[22.89401,43.56582],[22.8958,43.56622],[22.90143,43.56589],[22.90173,43.56647],[22.89773,43.56696],[22.8948,43.56869],[22.89205,43.56966],[22.89256,43.56756],[22.88856,43.56527],[22.88704,43.56326],[22.88421,43.56243],[22.88073,43.56274],[22.87978,43.56327],[22.87994,43.56587],[22.87914,43.56655],[22.88355,43.567],[22.88317,43.56769],[22.88038,43.56793],[22.87804,43.5689],[22.87761,43.56981],[22.87959,43.57071],[22.87931,43.57132],[22.87759,43.57092],[22.87647,43.57126],[22.87116,43.57445],[22.86878,43.57497],[22.86823,43.57596],[22.86545,43.57585],[22.86486,43.57634],[22.86542,43.57711],[22.8649,43.5773],[22.86434,43.57905],[22.86259,43.57965],[22.86168,43.58063],[22.86164,43.58251],[22.85848,43.58267],[22.85615,43.58375],[22.84896,43.58521],[22.84413,43.58501],[22.8358,43.58599],[22.83212,43.58596],[22.82972,43.58731],[22.83047,43.58923],[22.82945,43.59029],[22.82792,43.59058],[22.82709,43.59003],[22.82556,43.5904],[22.8252,43.59005],[22.82079,43.59219],[22.82017,43.59138],[22.81726,43.59287],[22.81733,43.59455],[22.81944,43.59465],[22.8206,43.59771],[22.8221,43.59781],[22.82169,43.60248],[22.82872,43.60357],[22.83005,43.6047],[22.83288,43.60319],[22.83736,43.60269],[22.83784,43.60283],[22.83461,43.60415],[22.83653,43.60506],[22.83966,43.60403],[22.84221,43.60413],[22.84247,43.60288],[22.84315,43.60248],[22.84275,43.60121],[22.84209,43.60118],[22.84271,43.6006],[22.8447,43.60044],[22.84373,43.60136],[22.84441,43.60223],[22.84603,43.60271],[22.84879,43.60215],[22.85018,43.60124],[22.85167,43.60117],[22.85239,43.60276],[22.84694,43.60382],[22.84498,43.60477],[22.84407,43.60474],[22.84336,43.60549],[22.84112,43.60559],[22.83934,43.6063],[22.83903,43.60719],[22.83807,43.60788],[22.83904,43.60947],[22.83688,43.60958],[22.83699,43.60916],[22.83783,43.60901],[22.83691,43.60796],[22.83391,43.60959],[22.83283,43.61075],[22.83375,43.61136],[22.83324,43.612],[22.83329,43.61384],[22.83157,43.61754],[22.82557,43.6126],[22.82131,43.61208],[22.81879,43.61259],[22.81412,43.61212],[22.81261,43.61242],[22.80993,43.61166],[22.80692,43.61341],[22.80591,43.61134],[22.80367,43.61023],[22.79999,43.60962],[22.79927,43.60821],[22.79786,43.60721],[22.79559,43.60721],[22.79409,43.60616],[22.79344,43.60447],[22.79435,43.60337],[22.79415,43.60303],[22.78892,43.60144],[22.78706,43.60219],[22.78559,43.60221],[22.78397,43.60135],[22.78327,43.59962],[22.78137,43.59995],[22.78115,43.60064],[22.77954,43.60182],[22.77422,43.6022],[22.76932,43.60427],[22.76727,43.60391],[22.76521,43.60449],[22.761,43.60437],[22.75836,43.6049],[22.75891,43.6063],[22.76337,43.60677],[22.76822,43.60632],[22.76953,43.60687],[22.77031,43.6073],[22.7707,43.60857],[22.76841,43.61004],[22.77028,43.61136],[22.76517,43.61153],[22.76582,43.61291],[22.76275,43.6141],[22.76106,43.61405],[22.76014,43.61538],[22.75725,43.61546],[22.75655,43.61587],[22.75654,43.61645],[22.75517,43.61678],[22.75509,43.61769],[22.75086,43.61879],[22.75098,43.62075],[22.74988,43.62276],[22.74683,43.62119],[22.74548,43.62174],[22.7441,43.62167],[22.74349,43.62544],[22.74214,43.62776],[22.73782,43.63092],[22.73725,43.63026],[22.73543,43.6315],[22.73361,43.63171],[22.73321,43.63105],[22.73272,43.63225],[22.73155,43.63161],[22.73018,43.62931],[22.73061,43.62925],[22.72731,43.62727],[22.72723,43.62563],[22.72641,43.6243],[22.72438,43.62583],[22.72341,43.62924],[22.72083,43.63202],[22.72,43.63241],[22.71917,43.6321],[22.71797,43.63089],[22.71815,43.63203],[22.71925,43.63233],[22.71913,43.639],[22.72017,43.63947],[22.72,43.64238],[22.72243,43.64519],[22.72185,43.64525],[22.72198,43.646],[22.71772,43.64602],[22.71664,43.64568],[22.71412,43.64329],[22.71256,43.64307],[22.71256,43.64353],[22.71549,43.64651],[22.71654,43.64878],[22.7176,43.64949],[22.72071,43.6501],[22.7207,43.65117],[22.7202,43.65171],[22.71829,43.65187],[22.7152,43.65157],[22.71382,43.65111],[22.7126,43.64973],[22.71105,43.64981],[22.71086,43.65136],[22.71014,43.65159],[22.71,43.6524],[22.7107,43.65329],[22.71276,43.65319],[22.71268,43.65416],[22.71645,43.65445],[22.71695,43.65339],[22.72082,43.65277],[22.72272,43.65284],[22.72666,43.65422],[22.7294,43.65756],[22.72974,43.65865],[22.7364,43.66353],[22.73455,43.66577],[22.73234,43.66399],[22.73082,43.6644],[22.72997,43.66745],[22.72906,43.66834],[22.72895,43.66988],[22.72824,43.67078],[22.72674,43.67103],[22.72252,43.66763],[22.72114,43.66619],[22.72146,43.66466],[22.72022,43.66415],[22.71853,43.66409],[22.71847,43.66486],[22.71742,43.66467],[22.71712,43.66589],[22.71749,43.66667],[22.71682,43.66711],[22.71581,43.66645],[22.71122,43.66536],[22.7095,43.6656],[22.70519,43.66343],[22.70101,43.66251],[22.70041,43.6615],[22.70017,43.66267],[22.69917,43.66338],[22.69577,43.66327],[22.69599,43.665],[22.6953,43.6653],[22.6938,43.6637],[22.69197,43.66303],[22.68684,43.66218],[22.68342,43.66293],[22.67979,43.66827],[22.67946,43.67085],[22.67551,43.66703],[22.67522,43.66549],[22.67668,43.66303],[22.67669,43.66117],[22.6746,43.6585],[22.67674,43.65611],[22.67556,43.65686],[22.67561,43.65654],[22.67415,43.65698],[22.67361,43.65639],[22.67571,43.65622],[22.67545,43.65545],[22.67411,43.65518],[22.67465,43.6558],[22.6732,43.65595],[22.67046,43.65493],[22.66857,43.65338],[22.66839,43.65212],[22.66714,43.65028],[22.66597,43.64963],[22.66547,43.6506],[22.66426,43.65041],[22.66524,43.65088],[22.66485,43.65158],[22.66682,43.65232],[22.66782,43.65358],[22.66434,43.65269],[22.66235,43.65136],[22.66074,43.65142],[22.66137,43.6512],[22.66068,43.65096],[22.66014,43.64997],[22.65693,43.64897],[22.65636,43.64977],[22.65819,43.65145],[22.65617,43.65179],[22.65395,43.65125],[22.65348,43.65224],[22.65265,43.65222],[22.65266,43.65277],[22.65512,43.65281],[22.65819,43.6542],[22.66095,43.65387],[22.66844,43.6545],[22.66992,43.65543],[22.67076,43.6566],[22.67067,43.65723],[22.66926,43.65789],[22.6671,43.65763],[22.66624,43.65841],[22.66271,43.657],[22.6601,43.657],[22.65901,43.65654],[22.65775,43.6569],[22.65478,43.65674],[22.65388,43.65601],[22.64882,43.65514],[22.64528,43.65539],[22.64351,43.65645],[22.64344,43.65742],[22.64413,43.6582],[22.64218,43.66062],[22.64098,43.65974],[22.64173,43.65814],[22.6414,43.65613],[22.63941,43.65687],[22.63722,43.65929],[22.63699,43.66011],[22.63806,43.66187],[22.63591,43.6631],[22.63542,43.66453],[22.63411,43.6657],[22.63039,43.66672],[22.62912,43.66468],[22.62266,43.6653],[22.6204,43.66627],[22.61828,43.66833],[22.61617,43.66854],[22.61494,43.67137],[22.61403,43.67223],[22.61201,43.67248],[22.61094,43.67191],[22.61128,43.67115],[22.61079,43.67067],[22.60801,43.67008],[22.60521,43.67157],[22.60483,43.67308],[22.60316,43.67354],[22.60214,43.67489],[22.59792,43.67706],[22.59837,43.67569],[22.60082,43.67444],[22.6008,43.67352],[22.60348,43.67215],[22.60371,43.67003],[22.60577,43.66919],[22.60736,43.66914],[22.60802,43.66855],[22.60841,43.66702],[22.6066,43.66609],[22.60623,43.66539],[22.61122,43.66378],[22.61252,43.66214],[22.61237,43.6591],[22.60978,43.6563],[22.60371,43.65595],[22.60243,43.65799],[22.60109,43.65828],[22.60016,43.65789],[22.59724,43.65992],[22.59589,43.662],[22.59257,43.66312],[22.59117,43.66581],[22.59232,43.66736],[22.59195,43.66763],[22.5905,43.66721],[22.58963,43.66563],[22.58862,43.66529],[22.5886,43.66737],[22.5869,43.66749],[22.58604,43.66826],[22.5858,43.66963],[22.58394,43.67054],[22.58578,43.67316],[22.58566,43.67357],[22.5814,43.67246],[22.58021,43.67301],[22.57835,43.66962],[22.57581,43.66834],[22.57601,43.66912],[22.57401,43.66943],[22.57441,43.66974],[22.57393,43.67027],[22.57435,43.67044],[22.57341,43.671],[22.57105,43.66974],[22.56837,43.67093],[22.56885,43.67251],[22.57022,43.67272],[22.57043,43.67322],[22.56991,43.67394],[22.56766,43.67409],[22.56659,43.67521],[22.56834,43.67577],[22.56865,43.67547],[22.57397,43.67946],[22.57476,43.6793],[22.57403,43.67981],[22.57421,43.68076],[22.57341,43.68217],[22.57232,43.68212],[22.57063,43.68141],[22.57043,43.68017],[22.56927,43.67996],[22.56825,43.67889],[22.56721,43.67922],[22.56737,43.6802],[22.56681,43.67938],[22.56612,43.67952],[22.56537,43.6814],[22.56391,43.68184],[22.56423,43.68197],[22.56385,43.68208],[22.56373,43.68322],[22.56316,43.68351],[22.563,43.68307],[22.56184,43.68293],[22.56147,43.68349],[22.56304,43.68374],[22.56317,43.68437],[22.56661,43.6858],[22.56362,43.68714],[22.56155,43.68657],[22.56066,43.69127],[22.55981,43.69161],[22.55893,43.69159],[22.55474,43.68928],[22.55055,43.68614],[22.54829,43.68349],[22.5455,43.67821],[22.54545,43.67715],[22.54455,43.67627],[22.5447,43.67566],[22.54135,43.67285],[22.54118,43.67097],[22.54044,43.6711],[22.54085,43.67186],[22.54039,43.67263],[22.54008,43.67183],[22.54065,43.67153],[22.53984,43.67095],[22.53459,43.66972],[22.53318,43.6687],[22.53052,43.67057],[22.53179,43.67086],[22.53276,43.67361],[22.53578,43.67423],[22.53573,43.67689],[22.53642,43.67919],[22.53581,43.68005],[22.536,43.68176],[22.53701,43.68185],[22.53657,43.68325],[22.53734,43.68309],[22.53772,43.68415],[22.535,43.68768],[22.53889,43.68742],[22.53925,43.687],[22.53802,43.68669],[22.53886,43.68647],[22.53924,43.68682],[22.54096,43.68608],[22.54057,43.68556],[22.54143,43.68563],[22.54112,43.68544],[22.54291,43.68484],[22.54415,43.68498],[22.54309,43.68519],[22.54415,43.68542],[22.54303,43.68641],[22.54101,43.68697],[22.54111,43.6875],[22.53958,43.68848],[22.53596,43.69006],[22.53598,43.69065],[22.53755,43.6919],[22.53911,43.69154],[22.54013,43.69184],[22.54116,43.6932],[22.54123,43.69482],[22.53927,43.69554],[22.53854,43.69467],[22.53579,43.69523],[22.53432,43.6943],[22.53361,43.69446],[22.53313,43.69967],[22.53262,43.70034],[22.52967,43.70121],[22.52178,43.7009],[22.51712,43.69967],[22.51728,43.69994],[22.51681,43.69998],[22.51628,43.69944],[22.51566,43.70038],[22.51433,43.6999],[22.51456,43.70056],[22.50809,43.70111],[22.50533,43.70206],[22.50374,43.7038],[22.50463,43.70579],[22.50753,43.70862],[22.51053,43.71009],[22.51219,43.71171],[22.51035,43.71275],[22.51003,43.71481],[22.50769,43.7155],[22.50701,43.7162],[22.50729,43.71728],[22.50838,43.71808],[22.50519,43.71847],[22.50471,43.71916],[22.50514,43.71937],[22.50502,43.72012],[22.50343,43.72102],[22.5016,43.72376],[22.5007,43.72406],[22.49981,43.7253],[22.49759,43.72627],[22.49716,43.72693],[22.49637,43.72697],[22.49583,43.72811],[22.49607,43.7287],[22.49383,43.72959],[22.4925,43.72942],[22.49253,43.72976],[22.49041,43.72882],[22.48881,43.73066],[22.48935,43.73189],[22.48903,43.73259],[22.48952,43.73284],[22.48716,43.73381],[22.48823,43.73469],[22.48767,43.73558],[22.48715,43.73528],[22.48517,43.73679],[22.48345,43.73706],[22.4772,43.73534],[22.47448,43.7366],[22.47438,43.73743],[22.47657,43.73842],[22.4765,43.73958],[22.47945,43.74157],[22.4781,43.7427],[22.47947,43.74375],[22.4794,43.74451],[22.47655,43.74309],[22.47635,43.74227],[22.47096,43.73902],[22.46811,43.73944],[22.46668,43.73876],[22.46685,43.7391],[22.46621,43.73944],[22.46472,43.73952],[22.46568,43.74025],[22.46851,43.7406],[22.46872,43.74119],[22.46749,43.74107],[22.46609,43.74221],[22.46335,43.74194],[22.46246,43.74142],[22.46225,43.74225],[22.46099,43.74251],[22.46181,43.74344],[22.46071,43.74401],[22.46029,43.74515],[22.46228,43.74546],[22.46364,43.74501],[22.46481,43.74558],[22.46475,43.74611],[22.46524,43.74636],[22.46739,43.74639],[22.46762,43.7469],[22.46613,43.74721],[22.46454,43.74666],[22.46329,43.74759],[22.46315,43.74694],[22.46087,43.74663],[22.46002,43.74862],[22.45903,43.74899],[22.45863,43.75092],[22.45865,43.75351],[22.45919,43.75358],[22.45867,43.75406],[22.45891,43.75466],[22.45984,43.75498],[22.45976,43.75537],[22.45945,43.75591],[22.45793,43.75606]],[[22.86414,43.41724],[22.867,43.4171],[22.87216,43.41471],[22.87291,43.41374],[22.87406,43.41354],[22.87551,43.41226],[22.87335,43.41235],[22.87328,43.4116],[22.8748,43.41108],[22.87688,43.40953],[22.87997,43.40871],[22.88074,43.40862],[22.88,43.40919],[22.88079,43.40949],[22.88017,43.40986],[22.88163,43.40992],[22.88338,43.40879],[22.8877,43.40851],[22.89038,43.40753],[22.89153,43.40662],[22.89509,43.40631],[22.89837,43.40754],[22.8999,43.40748],[22.90095,43.40716],[22.90216,43.40537],[22.90529,43.40425],[22.90658,43.40446],[22.90644,43.40493],[22.90958,43.40441],[22.90704,43.40495],[22.90682,43.40578],[22.90886,43.40537],[22.90965,43.4058],[22.91331,43.40565],[22.91578,43.40463],[22.91907,43.40586],[22.92001,43.40407],[22.92089,43.4039],[22.92114,43.40423],[22.92062,43.40468],[22.92124,43.40522],[22.92234,43.40502],[22.92638,43.40185],[22.92755,43.40207],[22.92879,43.40162],[22.92765,43.4005],[22.92778,43.39658],[22.92809,43.39591],[22.92904,43.39584],[22.92966,43.39459],[22.93252,43.3941],[22.93267,43.39587],[22.93363,43.39565],[22.93544,43.39663],[22.93653,43.39613],[22.93597,43.39213],[22.93422,43.39169],[22.93366,43.3902],[22.93229,43.39011],[22.93162,43.38903],[22.93287,43.38834],[22.9333,43.38741],[22.9382,43.38556],[22.93831,43.38371],[22.93576,43.38341],[22.93557,43.38284],[22.93227,43.38141],[22.93142,43.38293],[22.92859,43.38404],[22.92815,43.38376],[22.92867,43.38249],[22.92769,43.3818],[22.92479,43.38169],[22.92417,43.38064],[22.9223,43.37993],[22.91764,43.37998],[22.91951,43.37794],[22.91866,43.37739],[22.91784,43.37542],[22.91666,43.37463],[22.91676,43.37012],[22.91503,43.36904],[22.91403,43.36892],[22.91344,43.36936],[22.9132,43.37047],[22.91477,43.37011],[22.91477,43.37052],[22.91358,43.37223],[22.9121,43.37294],[22.91083,43.37276],[22.90898,43.37167],[22.90807,43.37234],[22.90724,43.37231],[22.90577,43.37157],[22.90618,43.36992],[22.90456,43.37033],[22.90333,43.369],[22.90001,43.37052],[22.89892,43.37223],[22.89657,43.37385],[22.89286,43.37072],[22.89143,43.3688],[22.89074,43.36894],[22.89112,43.37012],[22.88933,43.3702],[22.88727,43.37177],[22.88677,43.37262],[22.88745,43.37398],[22.88686,43.3742],[22.8851,43.37348],[22.88373,43.37347],[22.88364,43.37297],[22.88541,43.37162],[22.88659,43.36991],[22.88718,43.36884],[22.8866,43.36812],[22.88141,43.36839],[22.87993,43.37046],[22.8813,43.37097],[22.87992,43.3721],[22.88071,43.37294],[22.88032,43.37315],[22.8781,43.37276],[22.87709,43.37117],[22.87729,43.36974],[22.87827,43.36967],[22.87906,43.36839],[22.88014,43.36775],[22.88168,43.36511],[22.87858,43.36475],[22.87279,43.36267],[22.86918,43.36403],[22.8669,43.36166],[22.86598,43.36144],[22.8646,43.3624],[22.86393,43.36173],[22.86465,43.36097],[22.86387,43.36057],[22.85943,43.36089],[22.8603,43.36129],[22.86018,43.36183],[22.85853,43.36154],[22.85802,43.36213],[22.85895,43.36332],[22.86108,43.36431],[22.86239,43.36339],[22.86339,43.36417],[22.86336,43.3654],[22.86273,43.36571],[22.85903,43.36514],[22.85753,43.36587],[22.85736,43.36673],[22.85785,43.36723],[22.86118,43.3681],[22.86072,43.36904],[22.85993,43.36886],[22.85886,43.37017],[22.85794,43.37001],[22.85774,43.36912],[22.85702,43.36889],[22.85589,43.36926],[22.85374,43.36866],[22.85317,43.36662],[22.85173,43.36616],[22.85134,43.36656],[22.85131,43.36875],[22.85321,43.37143],[22.85276,43.3721],[22.85195,43.37186],[22.85156,43.37227],[22.85161,43.37334],[22.85214,43.37443],[22.85467,43.37489],[22.85726,43.37741],[22.86057,43.37803],[22.86221,43.37743],[22.86327,43.37846],[22.86176,43.37899],[22.8616,43.37964],[22.86397,43.37998],[22.85982,43.38074],[22.85733,43.38057],[22.8549,43.37957],[22.84638,43.37762],[22.84065,43.37551],[22.83686,43.37492],[22.831,43.37319],[22.82401,43.3741],[22.82567,43.37569],[22.82837,43.37559],[22.82732,43.37622],[22.82433,43.37672],[22.82303,43.37619],[22.8209,43.37656],[22.81635,43.37794],[22.81553,43.37862],[22.81494,43.37846],[22.81581,43.38013],[22.81866,43.38009],[22.81848,43.38236],[22.81317,43.38467],[22.8131,43.38622],[22.81251,43.38722],[22.81192,43.38661],[22.81079,43.38683],[22.81023,43.38764],[22.80792,43.38703],[22.80635,43.38748],[22.80628,43.38866],[22.80574,43.38845],[22.80566,43.38892],[22.80665,43.39088],[22.80535,43.3956],[22.8036,43.39667],[22.80566,43.40081],[22.80454,43.39945],[22.80343,43.39999],[22.80435,43.40014],[22.80255,43.401],[22.80161,43.40049],[22.8018,43.39979],[22.80011,43.39956],[22.79952,43.39891],[22.79839,43.40071],[22.79989,43.40112],[22.80042,43.40218],[22.80273,43.40258],[22.80319,43.40317],[22.80096,43.40442],[22.80113,43.40604],[22.79924,43.40618],[22.80011,43.40652],[22.79959,43.40677],[22.79608,43.40501],[22.79552,43.4039],[22.79435,43.40451],[22.79085,43.40439],[22.79163,43.40498],[22.78705,43.40532],[22.77865,43.41555],[22.77837,43.41754],[22.77672,43.4187],[22.77711,43.42108],[22.77812,43.42222],[22.78119,43.42319],[22.78106,43.42388],[22.78186,43.42476],[22.7839,43.42592],[22.78481,43.42527],[22.78598,43.42314],[22.78619,43.42361],[22.78688,43.42194],[22.78751,43.42231],[22.78745,43.42436],[22.78831,43.42459],[22.78744,43.4252],[22.78806,43.42591],[22.78908,43.42588],[22.78981,43.4249],[22.79056,43.42227],[22.79207,43.42167],[22.7927,43.42235],[22.79531,43.42205],[22.79269,43.42308],[22.79282,43.42375],[22.79403,43.42469],[22.79284,43.42616],[22.79383,43.42748],[22.79438,43.42745],[22.79429,43.42659],[22.7948,43.42603],[22.79653,43.42593],[22.79589,43.42499],[22.79713,43.4252],[22.79783,43.42637],[22.79909,43.42636],[22.79978,43.42703],[22.80172,43.42566],[22.80227,43.42579],[22.80474,43.42451],[22.80535,43.42311],[22.80682,43.4223],[22.80951,43.42189],[22.81091,43.42325],[22.81109,43.42286],[22.81185,43.42323],[22.81151,43.42476],[22.81276,43.42721],[22.81435,43.42768],[22.82101,43.427],[22.82303,43.42773],[22.82551,43.42653],[22.82646,43.42748],[22.82806,43.42749],[22.8286,43.42727],[22.82835,43.42635],[22.82899,43.42609],[22.82991,43.42646],[22.83199,43.42585],[22.83688,43.42312],[22.83845,43.4242],[22.84133,43.42405],[22.84653,43.42099],[22.84825,43.41893],[22.84944,43.41934],[22.84994,43.42013],[22.85225,43.4205],[22.8543,43.41962],[22.8568,43.4194],[22.86414,43.41724]],[[22.62015,43.64915],[22.61747,43.6514],[22.61498,43.65259],[22.61652,43.6544],[22.61617,43.65605],[22.61671,43.65749],[22.61622,43.6585],[22.61709,43.66169],[22.61788,43.66103],[22.6179,43.66023],[22.6208,43.65751],[22.6209,43.65642],[22.61991,43.655],[22.62059,43.65449],[22.62227,43.65677],[22.62356,43.65702],[22.62481,43.65634],[22.62398,43.65599],[22.62411,43.65557],[22.62523,43.65557],[22.62742,43.65449],[22.62734,43.65161],[22.62818,43.65116],[22.629,43.65298],[22.62993,43.65351],[22.6337,43.65195],[22.63727,43.65225],[22.64602,43.64706],[22.64833,43.64625],[22.64986,43.64639],[22.64959,43.64611],[22.65726,43.64324],[22.65779,43.64331],[22.65635,43.64381],[22.65613,43.64454],[22.65687,43.64523],[22.65871,43.64508],[22.66326,43.64658],[22.66615,43.64806],[22.6664,43.64777],[22.66568,43.64727],[22.66599,43.64709],[22.66723,43.64786],[22.66663,43.64874],[22.66814,43.64946],[22.66904,43.64853],[22.66745,43.64686],[22.6653,43.64571],[22.66438,43.64578],[22.66451,43.64457],[22.66494,43.6444],[22.66361,43.64437],[22.66362,43.64369],[22.66051,43.64164],[22.6663,43.64046],[22.66651,43.63956],[22.66749,43.63921],[22.66709,43.63999],[22.66934,43.64082],[22.66986,43.63999],[22.67164,43.6395],[22.67308,43.64049],[22.6739,43.64014],[22.67453,43.64044],[22.67557,43.63962],[22.67542,43.63857],[22.6788,43.64057],[22.67885,43.64016],[22.68057,43.64012],[22.6818,43.63823],[22.68919,43.63191],[22.69623,43.62882],[22.69594,43.62714],[22.69702,43.62639],[22.6974,43.62493],[22.69599,43.62486],[22.695,43.62392],[22.69532,43.6219],[22.69468,43.6208],[22.69344,43.62191],[22.69354,43.6214],[22.69309,43.622],[22.68802,43.62291],[22.68799,43.62423],[22.68676,43.62476],[22.68605,43.62445],[22.68614,43.62284],[22.6856,43.62448],[22.68409,43.62457],[22.68233,43.62403],[22.68284,43.62328],[22.68064,43.62271],[22.67594,43.62292],[22.67632,43.62386],[22.67566,43.62445],[22.67595,43.62613],[22.67548,43.62675],[22.67376,43.62721],[22.67409,43.62615],[22.67313,43.62594],[22.67192,43.62704],[22.67151,43.62646],[22.67133,43.62673],[22.6715,43.62995],[22.66884,43.63228],[22.66877,43.63509],[22.66608,43.63701],[22.66185,43.63881],[22.6615,43.63859],[22.66142,43.63899],[22.65756,43.64063],[22.65047,43.64304],[22.64724,43.64477],[22.64701,43.64454],[22.64943,43.64326],[22.64946,43.63925],[22.64837,43.63844],[22.64706,43.63839],[22.64487,43.63691],[22.64122,43.63686],[22.64109,43.63645],[22.64205,43.63599],[22.63793,43.63319],[22.63724,43.63198],[22.63757,43.63177],[22.64068,43.63297],[22.64319,43.6355],[22.6455,43.63612],[22.64548,43.63525],[22.64686,43.63531],[22.64507,43.63248],[22.64267,43.63198],[22.64351,43.63135],[22.64272,43.63079],[22.64235,43.63139],[22.64185,43.63027],[22.64096,43.63006],[22.63999,43.62804],[22.63851,43.62686],[22.63854,43.62518],[22.63807,43.6252],[22.63764,43.62545],[22.63793,43.62597],[22.63703,43.62668],[22.635,43.6267],[22.63371,43.62806],[22.63305,43.6298],[22.635,43.63272],[22.63499,43.63408],[22.63392,43.63491],[22.63149,43.63955],[22.63018,43.63972],[22.62926,43.64144],[22.62761,43.64286],[22.62945,43.64447],[22.63034,43.64394],[22.63039,43.64269],[22.63109,43.64208],[22.63328,43.64235],[22.63368,43.64288],[22.6305,43.64557],[22.62789,43.64625],[22.6257,43.64523],[22.62538,43.6444],[22.62612,43.64381],[22.62514,43.64261],[22.62762,43.64161],[22.62878,43.64048],[22.62871,43.63906],[22.6293,43.63793],[22.62753,43.63578],[22.63014,43.63576],[22.63058,43.63621],[22.63185,43.63542],[22.6327,43.63404],[22.63142,43.63265],[22.63127,43.63181],[22.63014,43.63155],[22.63069,43.63021],[22.62905,43.6296],[22.62878,43.62781],[22.62771,43.62637],[22.62824,43.62531],[22.62605,43.62547],[22.62612,43.6266],[22.62198,43.62677],[22.62165,43.62721],[22.62196,43.62832],[22.62061,43.62873],[22.61963,43.62854],[22.61843,43.62572],[22.6172,43.62475],[22.61319,43.62468],[22.61299,43.62506],[22.61353,43.62566],[22.61074,43.62542],[22.60887,43.62695],[22.60884,43.62763],[22.61052,43.62783],[22.61144,43.62846],[22.60948,43.6281],[22.60879,43.6292],[22.6088,43.62857],[22.60816,43.62825],[22.60821,43.629],[22.60704,43.62996],[22.60656,43.62923],[22.6062,43.63033],[22.60646,43.63453],[22.60864,43.63624],[22.60806,43.64131],[22.60837,43.64335],[22.60984,43.64257],[22.61054,43.64347],[22.61055,43.64384],[22.60856,43.64452],[22.60909,43.64576],[22.6128,43.64674],[22.62137,43.64668],[22.6217,43.64791],[22.62015,43.64915]],[[23.03682,43.44874],[23.03912,43.44963],[23.04254,43.44794],[23.04726,43.443],[23.05139,43.44005],[23.05204,43.43906],[23.05186,43.43773],[23.05387,43.43573],[23.05543,43.43733],[23.05598,43.43733],[23.05698,43.43654],[23.06094,43.43616],[23.0627,43.43454],[23.06484,43.4338],[23.06494,43.433],[23.06128,43.43195],[23.05819,43.42993],[23.06013,43.42276],[23.05885,43.42207],[23.0551,43.42272],[23.05386,43.42365],[23.05285,43.42802],[23.05162,43.42843],[23.05038,43.42709],[23.05053,43.42472],[23.04969,43.42404],[23.04682,43.42481],[23.04476,43.42463],[23.04142,43.42592],[23.04089,43.4273],[23.03971,43.42715],[23.03816,43.42602],[23.03226,43.42571],[23.02977,43.42756],[23.02662,43.4281],[23.02651,43.42982],[23.0245,43.43116],[23.02408,43.43298],[23.02631,43.4351],[23.03007,43.43642],[23.0301,43.43826],[23.03064,43.43914],[23.03405,43.44131],[23.03428,43.44229],[23.03365,43.44291],[23.03334,43.44538],[23.03582,43.4459],[23.03682,43.44874]],[[22.90504,43.336],[22.90734,43.33526],[22.90884,43.33531],[22.91007,43.33385],[22.91203,43.33255],[22.91423,43.33331],[22.91358,43.33192],[22.91611,43.3305],[22.91812,43.3314],[22.91988,43.33023],[22.91876,43.32745],[22.93457,43.3239],[22.94018,43.32136],[22.9407,43.31919],[22.9385,43.31842],[22.93882,43.31652],[22.93596,43.31436],[22.93186,43.31394],[22.92912,43.31562],[22.92779,43.31585],[22.92669,43.3154],[22.92377,43.31708],[22.92151,43.31713],[22.92006,43.31914],[22.92038,43.31997],[22.92466,43.32053],[22.92515,43.32165],[22.9249,43.3226],[22.92372,43.32338],[22.92092,43.32314],[22.91859,43.32155],[22.9183,43.32031],[22.91316,43.31574],[22.91168,43.31829],[22.91193,43.32008],[22.91296,43.32149],[22.91355,43.32397],[22.91461,43.32497],[22.91301,43.32642],[22.91325,43.32835],[22.91123,43.33047],[22.9095,43.33109],[22.90946,43.33177],[22.90604,43.33234],[22.90475,43.33357],[22.90517,43.33409],[22.90504,43.336]]]},"properties":{"SiteCode":"BG0001040","SiteNameBG":"Западна Стара планина и Предбалкан","SiteType":"SCI","SiteArea":219336.05541500001,"naturaClass":"habitats"}},{"type":"Feature","geometry":{"type":"Polygon","coordinates":[[[22.46224,42.78433],[22.46021,42.78439],[22.45918,42.78388],[22.45999,42.78167],[22.45943,42.77892],[22.46003,42.77753],[22.4646,42.77519],[22.46558,42.77327],[22.46717,42.77265],[22.46827,42.7712],[22.47004,42.77057],[22.47213,42.7686],[22.47628,42.7672],[22.47562,42.76413],[22.47597,42.76311],[22.47825,42.76144],[22.47841,42.75983],[22.48086,42.75836],[22.4818,42.7568],[22.48208,42.75512],[22.48477,42.75117],[22.48674,42.75011],[22.4871,42.74878],[22.4909,42.74881],[22.49297,42.74745],[22.49468,42.74706],[22.49934,42.74387],[22.50062,42.74211],[22.5006,42.74079],[22.50136,42.73956],[22.49857,42.73607],[22.49865,42.73496],[22.4978,42.73337],[22.4964,42.73322],[22.49596,42.7323],[22.49665,42.73034],[22.49615,42.72463],[22.49657,42.72261],[22.4955,42.72225],[22.48834,42.72234],[22.48602,42.72134],[22.48624,42.72026],[22.48536,42.71912],[22.48546,42.71841],[22.48417,42.71767],[22.48283,42.71498],[22.47685,42.7113],[22.47556,42.70994],[22.47553,42.70794],[22.4751,42.70712],[22.474,42.70658],[22.47367,42.70416],[22.47307,42.70365],[22.47328,42.70261],[22.4711,42.70018],[22.47151,42.69833],[22.47253,42.69765],[22.4727,42.69602],[22.47221,42.69524],[22.46881,42.69206],[22.46695,42.69124],[22.46097,42.69108],[22.45846,42.68955],[22.46018,42.68375],[22.46538,42.68241],[22.46972,42.68197],[22.47113,42.68006],[22.47266,42.67918],[22.47333,42.678],[22.47593,42.6758],[22.47443,42.67308],[22.47283,42.66725],[22.4704,42.66484],[22.46869,42.66433],[22.46792,42.66362],[22.46657,42.65963],[22.46282,42.65675],[22.45871,42.6551],[22.46148,42.65246],[22.46146,42.6484],[22.45406,42.64646],[22.46762,42.64073],[22.46646,42.63799],[22.46681,42.63717],[22.46591,42.63656],[22.46516,42.63499],[22.46489,42.63252],[22.46338,42.63242],[22.46114,42.63083],[22.45837,42.63118],[22.45816,42.62981],[22.45936,42.62768],[22.45941,42.62551],[22.45832,42.62331],[22.45858,42.62203],[22.45571,42.6175],[22.45277,42.61615],[22.45325,42.61573],[22.45328,42.61477],[22.45141,42.61208],[22.45151,42.60931],[22.45083,42.60658],[22.45123,42.60308],[22.44898,42.59677],[22.44978,42.5953],[22.44881,42.59545],[22.44746,42.59454],[22.44546,42.59178],[22.44502,42.58974],[22.44537,42.58867],[22.44015,42.58488],[22.43897,42.58169],[22.44055,42.57794],[22.43909,42.57537],[22.43934,42.57425],[22.43785,42.57212],[22.43894,42.57041],[22.43962,42.56732],[22.43891,42.56562],[22.43931,42.56514],[22.44143,42.56596],[22.44689,42.56598],[22.45141,42.56693],[22.4545,42.5658],[22.46622,42.56317],[22.46807,42.56199],[22.47083,42.56205],[22.47174,42.56085],[22.47168,42.55955],[22.4772,42.55402],[22.48225,42.55121],[22.48415,42.55092],[22.48653,42.54974],[22.4879,42.54979],[22.49035,42.54742],[22.49618,42.55021],[22.49743,42.55131],[22.49979,42.55179],[22.50025,42.55037],[22.50494,42.54905],[22.50697,42.54913],[22.50344,42.55279],[22.50344,42.55397],[22.50442,42.55469],[22.50261,42.55946],[22.50666,42.56106],[22.50891,42.56074],[22.51039,42.55936],[22.51372,42.55949],[22.51471,42.56117],[22.51103,42.56205],[22.50975,42.56417],[22.50836,42.56437],[22.50943,42.56475],[22.50829,42.56933],[22.50469,42.56919],[22.50347,42.56689],[22.50045,42.56636],[22.4981,42.56941],[22.49194,42.5684],[22.48752,42.57245],[22.48037,42.57521],[22.46909,42.5805],[22.46869,42.5823],[22.47042,42.58287],[22.46906,42.58473],[22.46884,42.58592],[22.46743,42.58657],[22.47076,42.58761],[22.47095,42.59054],[22.47029,42.59403],[22.46673,42.59812],[22.46661,42.59973],[22.46532,42.60058],[22.46796,42.60201],[22.46876,42.60383],[22.47004,42.60499],[22.47199,42.60446],[22.47129,42.60282],[22.47298,42.60198],[22.47755,42.60297],[22.47904,42.60494],[22.48099,42.60622],[22.48188,42.60525],[22.48164,42.60293],[22.48395,42.60302],[22.48599,42.60672],[22.48735,42.60688],[22.49198,42.60686],[22.49385,42.60552],[22.49433,42.60454],[22.498,42.60468],[22.49902,42.60563],[22.49389,42.60683],[22.49119,42.60834],[22.49231,42.60989],[22.49159,42.61228],[22.49287,42.61334],[22.49482,42.61281],[22.49553,42.61435],[22.50112,42.61235],[22.50262,42.61241],[22.50296,42.61142],[22.50501,42.60939],[22.51364,42.60882],[22.51699,42.60955],[22.52149,42.60953],[22.52312,42.60778],[22.5231,42.60607],[22.52712,42.60321],[22.53062,42.60193],[22.53071,42.60063],[22.52755,42.60101],[22.52581,42.60064],[22.5275,42.59416],[22.52903,42.59181],[22.53096,42.58895],[22.53322,42.5896],[22.53371,42.58654],[22.53131,42.58522],[22.53523,42.58048],[22.54255,42.57997],[22.54263,42.58098],[22.5414,42.58394],[22.54137,42.58507],[22.54195,42.58597],[22.54255,42.58603],[22.54172,42.58708],[22.53878,42.59469],[22.54066,42.59554],[22.53996,42.59772],[22.5414,42.59947],[22.54308,42.59958],[22.54338,42.60026],[22.54547,42.60145],[22.5493,42.60122],[22.55081,42.59937],[22.55326,42.59998],[22.55435,42.59918],[22.55535,42.5974],[22.55494,42.59574],[22.55632,42.59376],[22.56137,42.58883],[22.56599,42.58621],[22.56915,42.58983],[22.56961,42.59352],[22.56884,42.59408],[22.5688,42.59501],[22.56547,42.59452],[22.56454,42.59488],[22.56865,42.59718],[22.56942,42.59824],[22.5689,42.5988],[22.56647,42.59935],[22.56325,42.60093],[22.56209,42.60196],[22.56119,42.60186],[22.56032,42.60043],[22.55943,42.59995],[22.55777,42.60023],[22.55706,42.6017],[22.55704,42.6038],[22.55766,42.6065],[22.56154,42.60749],[22.5633,42.60723],[22.5656,42.60808],[22.56923,42.60855],[22.57101,42.61055],[22.57046,42.61259],[22.56912,42.61298],[22.56781,42.61275],[22.56766,42.61216],[22.56866,42.6109],[22.56806,42.61022],[22.5655,42.61117],[22.56492,42.61],[22.56313,42.60952],[22.56211,42.60979],[22.56144,42.61158],[22.55907,42.61147],[22.55681,42.61327],[22.55681,42.61382],[22.5576,42.61433],[22.56235,42.61358],[22.56257,42.61406],[22.56131,42.61482],[22.56221,42.61552],[22.56396,42.61539],[22.56568,42.61613],[22.56822,42.61567],[22.56945,42.61595],[22.56963,42.61636],[22.56884,42.61713],[22.56537,42.61887],[22.56616,42.62],[22.56859,42.62134],[22.57011,42.61891],[22.57097,42.61916],[22.57231,42.61774],[22.5718,42.61649],[22.57347,42.61196],[22.57319,42.61107],[22.57476,42.61034],[22.57568,42.60717],[22.57535,42.60681],[22.57664,42.60511],[22.58124,42.60442],[22.58217,42.60309],[22.5822,42.60036],[22.58078,42.59906],[22.58088,42.59757],[22.58179,42.596],[22.58119,42.59559],[22.58197,42.59413],[22.58365,42.59419],[22.58676,42.59531],[22.59213,42.59564],[22.58998,42.59742],[22.5925,42.59752],[22.59558,42.59913],[22.59683,42.59818],[22.59572,42.59715],[22.59839,42.5975],[22.60061,42.59709],[22.60089,42.60033],[22.60204,42.60062],[22.60325,42.6003],[22.60717,42.60194],[22.6073,42.6048],[22.60305,42.61024],[22.60167,42.61304],[22.60157,42.61453],[22.60228,42.61643],[22.60009,42.61883],[22.60764,42.62397],[22.60465,42.62336],[22.60385,42.62755],[22.60222,42.62923],[22.6003,42.63015],[22.59894,42.63271],[22.59593,42.63235],[22.59579,42.63669],[22.59298,42.63833],[22.5901,42.63859],[22.58974,42.64131],[22.58529,42.64238],[22.58293,42.64478],[22.58009,42.64678],[22.57923,42.64936],[22.57776,42.65108],[22.57586,42.65176],[22.57591,42.6535],[22.57382,42.65441],[22.57217,42.65621],[22.56942,42.65698],[22.56589,42.65697],[22.56288,42.65896],[22.56761,42.65877],[22.56461,42.66313],[22.56852,42.6649],[22.56623,42.66631],[22.56102,42.66386],[22.55712,42.66421],[22.55314,42.66567],[22.55321,42.66697],[22.55595,42.66633],[22.55478,42.66865],[22.55502,42.6699],[22.55314,42.67269],[22.55455,42.67187],[22.55938,42.67256],[22.5591,42.67416],[22.55706,42.67446],[22.55577,42.67602],[22.5565,42.67754],[22.55553,42.67937],[22.55335,42.67916],[22.55505,42.68134],[22.5532,42.68368],[22.55401,42.68392],[22.55386,42.68474],[22.55017,42.68526],[22.54877,42.68861],[22.54679,42.68937],[22.54662,42.68987],[22.54729,42.69061],[22.54949,42.6911],[22.54884,42.69291],[22.54914,42.69395],[22.55195,42.69506],[22.55397,42.69472],[22.55441,42.69588],[22.55395,42.69772],[22.55431,42.6985],[22.55998,42.69964],[22.56102,42.70193],[22.56355,42.70308],[22.56437,42.70614],[22.5624,42.70695],[22.56088,42.70939],[22.5545,42.70774],[22.5539,42.7095],[22.55411,42.71086],[22.55501,42.71179],[22.55706,42.71256],[22.56049,42.71267],[22.56323,42.71045],[22.56708,42.71054],[22.56825,42.71137],[22.56914,42.7107],[22.56893,42.70989],[22.56602,42.70915],[22.56539,42.70857],[22.56643,42.7065],[22.56927,42.70699],[22.57114,42.70817],[22.57292,42.70703],[22.57464,42.70679],[22.57534,42.70578],[22.57524,42.70435],[22.57606,42.70284],[22.57734,42.70175],[22.57905,42.70176],[22.57936,42.70421],[22.57899,42.7064],[22.58192,42.70777],[22.58033,42.7086],[22.57801,42.7089],[22.5765,42.7098],[22.57517,42.70941],[22.5728,42.70973],[22.57351,42.71137],[22.57205,42.7118],[22.57212,42.71376],[22.56965,42.71513],[22.56893,42.7161],[22.56719,42.71643],[22.56498,42.7187],[22.56474,42.71954],[22.56554,42.72005],[22.5668,42.71981],[22.56911,42.71788],[22.57253,42.71884],[22.57233,42.72141],[22.57514,42.7214],[22.57706,42.71875],[22.58056,42.71572],[22.58098,42.71631],[22.58212,42.71657],[22.58216,42.7173],[22.58069,42.71922],[22.57779,42.72105],[22.57715,42.72214],[22.58027,42.72605],[22.58213,42.72669],[22.58358,42.72594],[22.5834,42.72536],[22.58571,42.72306],[22.59071,42.72073],[22.59416,42.71781],[22.59507,42.71809],[22.59752,42.71651],[22.60091,42.71722],[22.60164,42.71949],[22.60431,42.72084],[22.60634,42.72104],[22.60698,42.71945],[22.60469,42.71865],[22.60483,42.71481],[22.60821,42.71178],[22.61215,42.71096],[22.61416,42.70838],[22.61771,42.70828],[22.61852,42.71164],[22.61778,42.71483],[22.61875,42.71563],[22.62266,42.71483],[22.62443,42.71509],[22.62513,42.71606],[22.6238,42.71676],[22.62278,42.71673],[22.62366,42.71884],[22.62492,42.71908],[22.62433,42.72019],[22.61858,42.72167],[22.61689,42.72388],[22.62307,42.72714],[22.62196,42.72842],[22.61638,42.73008],[22.61606,42.7285],[22.61328,42.72735],[22.61159,42.72962],[22.61012,42.73017],[22.60896,42.72983],[22.60676,42.73126],[22.60634,42.73321],[22.60394,42.73472],[22.60363,42.73581],[22.60459,42.73659],[22.5994,42.73721],[22.60087,42.73845],[22.60073,42.73924],[22.60194,42.74006],[22.60268,42.74168],[22.60541,42.74172],[22.60584,42.7422],[22.60494,42.74252],[22.60518,42.74341],[22.60186,42.74358],[22.59946,42.7444],[22.59808,42.74538],[22.59767,42.74667],[22.59838,42.74698],[22.59931,42.74644],[22.60045,42.74656],[22.60296,42.74761],[22.60676,42.74733],[22.60696,42.74834],[22.60845,42.74924],[22.60582,42.75254],[22.60561,42.75365],[22.6061,42.75434],[22.60571,42.75518],[22.60337,42.75456],[22.60242,42.75555],[22.60245,42.75622],[22.60391,42.75699],[22.60423,42.75787],[22.60317,42.75906],[22.60088,42.76009],[22.59935,42.76413],[22.59923,42.76763],[22.59879,42.76845],[22.59711,42.76956],[22.59717,42.77006],[22.59542,42.77112],[22.59277,42.77062],[22.58194,42.76647],[22.58044,42.76628],[22.57663,42.7633],[22.57804,42.76245],[22.5797,42.76278],[22.58144,42.76205],[22.57956,42.75581],[22.57771,42.75637],[22.57453,42.75598],[22.57387,42.75422],[22.57106,42.75372],[22.57032,42.75489],[22.57085,42.75588],[22.56899,42.75753],[22.56985,42.75865],[22.56897,42.75956],[22.56787,42.7594],[22.56651,42.75228],[22.56522,42.74936],[22.56393,42.74862],[22.56309,42.74718],[22.5621,42.74344],[22.56099,42.74354],[22.55714,42.74498],[22.55373,42.74442],[22.555,42.7457],[22.55339,42.74682],[22.55471,42.74819],[22.55417,42.74914],[22.55344,42.74906],[22.55269,42.74775],[22.5513,42.74749],[22.54921,42.74835],[22.54553,42.74886],[22.54499,42.74935],[22.54371,42.7483],[22.5382,42.74909],[22.53795,42.74949],[22.53857,42.7503],[22.53718,42.75147],[22.53427,42.75058],[22.53232,42.74903],[22.5297,42.7493],[22.52714,42.75156],[22.53193,42.75488],[22.53269,42.75594],[22.53457,42.75683],[22.53504,42.75808],[22.5335,42.75851],[22.53515,42.75861],[22.53756,42.76012],[22.53231,42.76027],[22.53022,42.75966],[22.52897,42.76113],[22.52505,42.76139],[22.52464,42.76322],[22.52252,42.7617],[22.52377,42.7599],[22.52071,42.75978],[22.51955,42.75827],[22.51912,42.75891],[22.5159,42.75992],[22.51472,42.76116],[22.51237,42.7623],[22.51064,42.76408],[22.51,42.76385],[22.50923,42.76334],[22.50914,42.76212],[22.50852,42.76142],[22.50877,42.7602],[22.50915,42.75959],[22.51063,42.75919],[22.51183,42.75728],[22.51012,42.75649],[22.50789,42.75641],[22.50673,42.75503],[22.50284,42.75802],[22.50193,42.75776],[22.49909,42.76008],[22.4985,42.76156],[22.498,42.76174],[22.49703,42.76131],[22.49683,42.75989],[22.49538,42.75936],[22.49479,42.75947],[22.49493,42.76073],[22.49031,42.75943],[22.48407,42.75929],[22.48381,42.75984],[22.48436,42.76065],[22.48686,42.7624],[22.48741,42.76365],[22.48586,42.76608],[22.48486,42.76627],[22.4837,42.76483],[22.48256,42.76491],[22.47993,42.76681],[22.47912,42.76781],[22.47933,42.76881],[22.47887,42.76956],[22.4793,42.7709],[22.47813,42.77314],[22.47873,42.77355],[22.47817,42.77421],[22.47637,42.7745],[22.47628,42.77539],[22.47515,42.77601],[22.47491,42.77686],[22.47155,42.77708],[22.46792,42.77914],[22.46749,42.78044],[22.46964,42.78166],[22.46772,42.7824],[22.46709,42.78192],[22.46471,42.78174],[22.46394,42.78342],[22.46438,42.7837],[22.46224,42.78433]]]},"properties":{"SiteCode":"BG0001017","SiteNameBG":"Кървав камък","SiteType":"SCI","SiteArea":17680.373105800001,"naturaClass":"habitats"}},{"type":"Feature","geometry":{"type":"Polygon","coordinates":[[[22.63709,42.56654],[22.63208,42.57213],[22.62847,42.57783],[22.62349,42.584],[22.62494,42.58695],[22.62415,42.5952],[22.62605,42.59932],[22.62562,42.60474],[22.62333,42.60858],[22.62192,42.61515],[22.61572,42.627],[22.60586,42.64177],[22.60298,42.64461],[22.60123,42.64507],[22.59954,42.64448],[22.59892,42.64318],[22.59915,42.6425],[22.6016,42.64003],[22.61128,42.62551],[22.61728,42.61405],[22.61858,42.60776],[22.62079,42.60418],[22.62116,42.59955],[22.61926,42.59532],[22.62004,42.58717],[22.61847,42.58447],[22.61857,42.5831],[22.62412,42.57623],[22.62792,42.57026],[22.63341,42.56414],[22.64108,42.56141],[22.64977,42.56238],[22.65561,42.5638],[22.66158,42.56432],[22.69291,42.56369],[22.69878,42.56079],[22.70405,42.55635],[22.70545,42.54992],[22.70761,42.54866],[22.69968,42.54694],[22.69652,42.54406],[22.69354,42.54395],[22.69166,42.54416],[22.69218,42.54749],[22.68903,42.54985],[22.68375,42.55075],[22.67902,42.55444],[22.67716,42.55437],[22.67545,42.5521],[22.67078,42.54944],[22.66743,42.54931],[22.66175,42.55047],[22.65537,42.55106],[22.65238,42.55122],[22.64983,42.5503],[22.64717,42.55102],[22.6473,42.5491],[22.65074,42.54785],[22.64868,42.54529],[22.64942,42.54007],[22.65259,42.53744],[22.65629,42.53785],[22.65526,42.53626],[22.65069,42.53319],[22.64727,42.53226],[22.64936,42.53014],[22.65408,42.52673],[22.65635,42.52665],[22.65525,42.5249],[22.64783,42.52239],[22.64662,42.52146],[22.64584,42.52005],[22.64317,42.51894],[22.6439,42.52176],[22.6431,42.52301],[22.63605,42.52531],[22.61591,42.54069],[22.61106,42.5437],[22.60335,42.54638],[22.60167,42.54772],[22.59906,42.55498],[22.59349,42.56083],[22.59145,42.5669],[22.58772,42.57297],[22.58656,42.57837],[22.58659,42.58634],[22.58396,42.59239],[22.58289,42.59416],[22.58197,42.59413],[22.58119,42.59559],[22.58179,42.596],[22.58084,42.59821],[22.57833,42.60275],[22.57535,42.60681],[22.57568,42.60717],[22.57476,42.61034],[22.57319,42.61107],[22.57347,42.61196],[22.5718,42.61649],[22.57231,42.61774],[22.57097,42.61916],[22.57011,42.61891],[22.56859,42.62134],[22.56616,42.62],[22.56537,42.61887],[22.56663,42.61856],[22.56963,42.61636],[22.56945,42.61595],[22.56804,42.61569],[22.56883,42.61323],[22.57094,42.61312],[22.57066,42.61192],[22.57101,42.61055],[22.57011,42.60922],[22.57131,42.60487],[22.57639,42.59674],[22.58183,42.58552],[22.58169,42.57815],[22.58297,42.57216],[22.58693,42.56556],[22.58887,42.55965],[22.58975,42.55852],[22.57224,42.55859],[22.55996,42.55963],[22.55501,42.56144],[22.55227,42.56306],[22.54922,42.56888],[22.54616,42.57795],[22.54481,42.58562],[22.54375,42.58622],[22.54195,42.58597],[22.54137,42.58507],[22.54138,42.584],[22.54263,42.58098],[22.54255,42.57997],[22.54222,42.57999],[22.54799,42.56262],[22.54015,42.56599],[22.53686,42.56802],[22.53423,42.57105],[22.53148,42.56965],[22.53453,42.56583],[22.53949,42.56294],[22.54567,42.56032],[22.54773,42.56002],[22.54606,42.55882],[22.54387,42.55884],[22.54075,42.55656],[22.5434,42.55423],[22.54926,42.55711],[22.55165,42.55936],[22.56023,42.55586],[22.58155,42.55501],[22.58825,42.55538],[22.59196,42.55622],[22.59462,42.55343],[22.59769,42.5456],[22.60068,42.54336],[22.60829,42.54073],[22.6127,42.53798],[22.63302,42.52243],[22.63875,42.5207],[22.63816,42.51868],[22.63839,42.51738],[22.63973,42.51559],[22.64093,42.5149],[22.64262,42.51492],[22.64633,42.51599],[22.64961,42.51765],[22.65075,42.51942],[22.65686,42.5215],[22.65673,42.52077],[22.66363,42.51799],[22.66524,42.5164],[22.66175,42.51296],[22.66018,42.51233],[22.66415,42.51057],[22.66794,42.50961],[22.672,42.51031],[22.67536,42.51016],[22.67719,42.50831],[22.6781,42.50833],[22.67997,42.50584],[22.68461,42.50582],[22.6878,42.50815],[22.69071,42.50826],[22.69082,42.50609],[22.68855,42.50424],[22.68407,42.5031],[22.68226,42.50094],[22.68378,42.49956],[22.68347,42.49922],[22.67274,42.49916],[22.66766,42.49703],[22.67111,42.49329],[22.66636,42.49053],[22.66345,42.49063],[22.66045,42.49202],[22.65697,42.49189],[22.65073,42.48972],[22.64656,42.48698],[22.64678,42.48376],[22.64454,42.4826],[22.64583,42.48071],[22.64592,42.47943],[22.64462,42.47723],[22.64174,42.4769],[22.63902,42.4783],[22.63765,42.47718],[22.63536,42.47666],[22.63576,42.47517],[22.63705,42.47328],[22.63249,42.47203],[22.63261,42.47032],[22.63917,42.46368],[22.64127,42.46269],[22.64804,42.46144],[22.6494,42.46278],[22.6542,42.46469],[22.65834,42.46377],[22.65702,42.46178],[22.65769,42.46052],[22.66621,42.45912],[22.66455,42.45798],[22.66188,42.45874],[22.65821,42.4586],[22.6572,42.45914],[22.65318,42.45856],[22.65195,42.45529],[22.65029,42.45415],[22.64802,42.45342],[22.65147,42.44968],[22.65038,42.44856],[22.64807,42.44847],[22.64417,42.45026],[22.64184,42.45039],[22.63602,42.45468],[22.63242,42.45218],[22.63464,42.44947],[22.64355,42.44249],[22.64522,42.43933],[22.64645,42.4383],[22.65061,42.43696],[22.65252,42.43875],[22.65408,42.43709],[22.65585,42.43672],[22.65568,42.435],[22.65443,42.43215],[22.65073,42.43094],[22.64903,42.43453],[22.64485,42.43631],[22.64166,42.43619],[22.63985,42.43719],[22.63798,42.43906],[22.6347,42.43613],[22.6337,42.42964],[22.63703,42.42762],[22.64122,42.42584],[22.64353,42.42593],[22.64565,42.42472],[22.64197,42.42329],[22.65043,42.42275],[22.65457,42.42162],[22.65926,42.41685],[22.65935,42.41556],[22.65802,42.41379],[22.65476,42.41475],[22.65282,42.41338],[22.65621,42.4105],[22.65658,42.40944],[22.6592,42.40932],[22.66134,42.41198],[22.66391,42.41251],[22.67534,42.40671],[22.67845,42.4079],[22.6799,42.40795],[22.6832,42.40636],[22.68275,42.40441],[22.67937,42.40299],[22.67946,42.4017],[22.68073,42.40003],[22.68285,42.39882],[22.68662,42.39874],[22.68881,42.39646],[22.69277,42.39381],[22.69539,42.3894],[22.69917,42.38827],[22.70575,42.38122],[22.70662,42.37955],[22.70657,42.37498],[22.70751,42.37278],[22.70927,42.37115],[22.71334,42.36891],[22.71456,42.36702],[22.71491,42.36566],[22.71447,42.36151],[22.715,42.35961],[22.71906,42.35526],[22.72371,42.34452],[22.72697,42.3387],[22.73066,42.33383],[22.73392,42.33124],[22.74363,42.32787],[22.75226,42.3235],[22.75566,42.3256],[22.75505,42.32704],[22.75273,42.32876],[22.74673,42.33169],[22.73834,42.33462],[22.73559,42.33641],[22.73243,42.34056],[22.72932,42.34613],[22.72451,42.35721],[22.72056,42.3615],[22.72081,42.36686],[22.72037,42.36925],[22.71837,42.37115],[22.71287,42.37486],[22.71261,42.38012],[22.71123,42.38303],[22.70837,42.38663],[22.70532,42.38935],[22.70912,42.39049],[22.71257,42.38854],[22.71464,42.38797],[22.71627,42.38953],[22.71859,42.38962],[22.72167,42.39124],[22.72358,42.39303],[22.72763,42.39319],[22.72875,42.39229],[22.7306,42.39177],[22.73117,42.39224],[22.73262,42.3923],[22.735,42.39152],[22.73657,42.38965],[22.74025,42.38677],[22.73707,42.38665],[22.73558,42.38724],[22.73388,42.38654],[22.73545,42.38487],[22.73927,42.38416],[22.74093,42.38529],[22.74353,42.38539],[22.74799,42.38383],[22.74779,42.38254],[22.74492,42.382],[22.74678,42.38035],[22.75087,42.37986],[22.75576,42.38051],[22.76055,42.38262],[22.76302,42.38465],[22.7632,42.38638],[22.76121,42.38814],[22.75344,42.38971],[22.75202,42.39285],[22.74955,42.39512],[22.76344,42.39564],[22.77085,42.39333],[22.7754,42.39479],[22.77835,42.39834],[22.78122,42.39887],[22.77968,42.40011],[22.77822,42.40457],[22.78003,42.40786],[22.78315,42.40905],[22.78921,42.40949],[22.79067,42.40933],[22.79138,42.40742],[22.79396,42.40795],[22.79632,42.40739],[22.79649,42.40911],[22.79583,42.41038],[22.79494,42.41056],[22.79429,42.41161],[22.80113,42.41359],[22.8002,42.41441],[22.79602,42.41619],[22.79735,42.41796],[22.79965,42.41826],[22.80319,42.41753],[22.80559,42.41633],[22.81251,42.41701],[22.81874,42.42369],[22.82025,42.42719],[22.81792,42.43162],[22.81743,42.43462],[22.81985,42.4375],[22.81595,42.43951],[22.81269,42.44046],[22.81224,42.44712],[22.80993,42.45133],[22.81137,42.4602],[22.81021,42.46233],[22.80594,42.4654],[22.80432,42.46792],[22.80212,42.46958],[22.80234,42.47094],[22.80428,42.4735],[22.80517,42.47348],[22.80496,42.47439],[22.80586,42.47406],[22.80707,42.47172],[22.80772,42.47162],[22.80914,42.47318],[22.80906,42.47485],[22.81388,42.47824],[22.81413,42.48153],[22.81479,42.48225],[22.81466,42.4847],[22.81296,42.48376],[22.81218,42.48389],[22.81053,42.48528],[22.8074,42.48604],[22.8062,42.48555],[22.80574,42.48588],[22.80294,42.48417],[22.79975,42.48526],[22.79999,42.48639],[22.79897,42.48692],[22.79791,42.48671],[22.79748,42.48584],[22.79408,42.48664],[22.79284,42.48643],[22.79011,42.48451],[22.78881,42.48469],[22.78918,42.48381],[22.78867,42.48271],[22.78683,42.48294],[22.78639,42.48348],[22.78533,42.48331],[22.78577,42.48402],[22.78464,42.48426],[22.78756,42.48836],[22.79451,42.49075],[22.80005,42.49184],[22.80912,42.49138],[22.81718,42.48942],[22.82092,42.49002],[22.8245,42.49152],[22.82658,42.49305],[22.8304,42.50041],[22.83394,42.50412],[22.83087,42.50413],[22.82796,42.50525],[22.82518,42.50262],[22.82356,42.50013],[22.82162,42.49563],[22.81769,42.49398],[22.81025,42.49575],[22.80261,42.49637],[22.79615,42.49578],[22.78639,42.49304],[22.78402,42.49198],[22.78186,42.49029],[22.7758,42.48156],[22.76566,42.4781],[22.76468,42.47818],[22.76361,42.47903],[22.75877,42.48601],[22.75694,42.48701],[22.75417,42.4871],[22.7553,42.49184],[22.75394,42.4946],[22.75205,42.50066],[22.74075,42.51255],[22.73536,42.51729],[22.73016,42.52491],[22.7259,42.52823],[22.72695,42.53127],[22.7261,42.5335],[22.72284,42.5361],[22.71716,42.54204],[22.71582,42.5469],[22.71383,42.5499],[22.70989,42.55184],[22.70854,42.55791],[22.7021,42.56342],[22.69906,42.56529],[22.69364,42.56727],[22.66134,42.56792],[22.65479,42.56735],[22.64883,42.56591],[22.64132,42.56506],[22.63709,42.56654]],[[22.75179,42.48188],[22.75469,42.48248],[22.75663,42.47953],[22.75713,42.47643],[22.76234,42.47399],[22.76458,42.47355],[22.76621,42.47082],[22.76837,42.46897],[22.77317,42.46248],[22.77555,42.45535],[22.77729,42.45295],[22.77774,42.45041],[22.77902,42.44893],[22.7793,42.44464],[22.7822,42.43839],[22.7821,42.43334],[22.77827,42.42976],[22.77425,42.42864],[22.77328,42.43165],[22.77474,42.43479],[22.77306,42.43817],[22.77263,42.4403],[22.77058,42.44044],[22.76724,42.43838],[22.75444,42.43447],[22.75095,42.43025],[22.74733,42.42797],[22.74385,42.42784],[22.74119,42.4329],[22.74153,42.43635],[22.73451,42.43717],[22.73252,42.44075],[22.7313,42.45447],[22.73259,42.45688],[22.73336,42.46681],[22.7331,42.46867],[22.73781,42.47034],[22.7434,42.47594],[22.74409,42.47781],[22.74304,42.48137],[22.75179,42.48188]],[[22.73718,42.50188],[22.74456,42.50253],[22.74758,42.49918],[22.74924,42.49368],[22.75035,42.49156],[22.749,42.48621],[22.74095,42.48575],[22.73756,42.48348],[22.73691,42.4815],[22.73798,42.47808],[22.73317,42.47338],[22.73358,42.47649],[22.73047,42.47939],[22.72669,42.47946],[22.72472,42.48283],[22.72234,42.4836],[22.72031,42.48353],[22.71982,42.48222],[22.7183,42.48323],[22.71821,42.48452],[22.71752,42.4845],[22.71792,42.48476],[22.71689,42.48713],[22.71652,42.48937],[22.71681,42.49147],[22.72765,42.49493],[22.73265,42.49817],[22.73718,42.50188]]]},"properties":{"SiteCode":"BG0001012","SiteNameBG":"Земен","SiteType":"SCI","SiteArea":17718.261693699998,"naturaClass":"habitats"}},{"type":"Feature","geometry":{"type":"MultiPolygon","coordinates":[[[[23.85558,42.8334],[23.85225,42.83375],[23.8466,42.83668],[23.84097,42.83827],[23.83941,42.83917],[23.82313,42.83872],[23.81839,42.83658],[23.81759,42.83457],[23.81727,42.82902],[23.81831,42.82639],[23.82087,42.82336],[23.82585,42.81441],[23.82594,42.81264],[23.82577,42.80998],[23.82497,42.80796],[23.82184,42.80455],[23.82199,42.80368],[23.82021,42.80257],[23.81794,42.80004],[23.81809,42.79722],[23.81638,42.79312],[23.81646,42.79153],[23.81421,42.78882],[23.81249,42.78948],[23.81106,42.78944],[23.80925,42.78727],[23.80499,42.78627],[23.8022,42.78478],[23.8012,42.78087],[23.80132,42.77858],[23.79448,42.77186],[23.79273,42.76864],[23.7907,42.76629],[23.78714,42.76566],[23.78505,42.76437],[23.78374,42.76204],[23.78079,42.75878],[23.77888,42.75414],[23.77728,42.7539],[23.77378,42.75124],[23.77161,42.75037],[23.76661,42.74624],[23.76348,42.74569],[23.76405,42.74384],[23.76398,42.74221],[23.76608,42.74122],[23.76859,42.74075],[23.7669,42.74058],[23.77269,42.73919],[23.77371,42.73988],[23.77647,42.73896],[23.77091,42.73581],[23.76568,42.73511],[23.75978,42.73561],[23.76043,42.73474],[23.77064,42.72937],[23.77186,42.72918],[23.77164,42.73039],[23.77068,42.73159],[23.77078,42.73259],[23.77814,42.73291],[23.7797,42.73173],[23.78261,42.7307],[23.78438,42.72864],[23.78576,42.72802],[23.78663,42.72843],[23.78613,42.72779],[23.7862,42.72647],[23.78759,42.72463],[23.78732,42.72418],[23.78506,42.72423],[23.78269,42.72338],[23.78235,42.72126],[23.78602,42.71715],[23.78774,42.71598],[23.79001,42.71271],[23.78797,42.71155],[23.7922,42.70823],[23.79387,42.70805],[23.79665,42.70957],[23.79831,42.7094],[23.80462,42.70669],[23.80407,42.70567],[23.80246,42.70485],[23.79903,42.7012],[23.79908,42.70032],[23.8011,42.70073],[23.80073,42.70031],[23.80402,42.69785],[23.80842,42.69719],[23.8105,42.69759],[23.81151,42.69839],[23.81116,42.69949],[23.81201,42.7004],[23.81369,42.7],[23.81467,42.69848],[23.8159,42.69796],[23.81613,42.69641],[23.81539,42.69606],[23.81587,42.69552],[23.81994,42.69541],[23.82239,42.69601],[23.82225,42.6912],[23.8205,42.68555],[23.81486,42.68408],[23.81143,42.68551],[23.81008,42.68662],[23.80595,42.6865],[23.805,42.68547],[23.79877,42.68712],[23.7989,42.68803],[23.7996,42.68852],[23.799,42.68876],[23.79909,42.68936],[23.80087,42.68998],[23.79879,42.69011],[23.79746,42.69084],[23.79704,42.6905],[23.79078,42.69213],[23.78852,42.69207],[23.78389,42.69438],[23.77515,42.69757],[23.76207,42.70619],[23.75722,42.70971],[23.75655,42.71103],[23.75514,42.71199],[23.75407,42.7124],[23.74901,42.71169],[23.74639,42.71251],[23.74627,42.71184],[23.74924,42.70982],[23.75685,42.70815],[23.7662,42.70187],[23.77031,42.6981],[23.77023,42.69677],[23.77183,42.69493],[23.77973,42.69374],[23.7776,42.69387],[23.77662,42.69251],[23.77638,42.68829],[23.76655,42.68357],[23.76766,42.68249],[23.76842,42.67941],[23.77645,42.6783],[23.78009,42.67485],[23.77976,42.67251],[23.78248,42.67267],[23.7828,42.67182],[23.78533,42.67234],[23.78837,42.67176],[23.79275,42.66833],[23.79567,42.66708],[23.79485,42.66561],[23.79325,42.66457],[23.78954,42.66358],[23.78704,42.66251],[23.78574,42.66136],[23.78483,42.65878],[23.78737,42.65608],[23.79382,42.65637],[23.79721,42.65758],[23.79814,42.65716],[23.8013,42.65714],[23.80695,42.66118],[23.80939,42.66358],[23.80875,42.66434],[23.81121,42.66607],[23.81434,42.6666],[23.81952,42.66541],[23.82353,42.66599],[23.82461,42.66694],[23.82682,42.66747],[23.82838,42.66854],[23.83054,42.66738],[23.83182,42.66587],[23.8442,42.66174],[23.84397,42.66093],[23.84019,42.65848],[23.84171,42.65745],[23.84439,42.65752],[23.84672,42.65956],[23.84867,42.65962],[23.85067,42.65877],[23.85336,42.65867],[23.85425,42.66031],[23.85573,42.65999],[23.85581,42.65855],[23.85854,42.65755],[23.85813,42.65663],[23.8596,42.65585],[23.85941,42.65528],[23.86018,42.65422],[23.8598,42.6541],[23.86161,42.65063],[23.86166,42.64952],[23.86109,42.64895],[23.85917,42.64834],[23.85677,42.64681],[23.85751,42.64574],[23.85902,42.64496],[23.85864,42.6444],[23.85537,42.64309],[23.85437,42.64218],[23.85095,42.63842],[23.85028,42.63674],[23.84577,42.63683],[23.84241,42.63785],[23.84154,42.63727],[23.84129,42.63627],[23.83987,42.63467],[23.83243,42.63025],[23.82904,42.62883],[23.82748,42.62701],[23.82145,42.62446],[23.81859,42.6246],[23.81414,42.62359],[23.8095,42.62323],[23.80686,42.62183],[23.80794,42.61831],[23.80697,42.61673],[23.80828,42.61477],[23.80744,42.61399],[23.80476,42.61342],[23.79599,42.60925],[23.79136,42.60399],[23.78782,42.60148],[23.78637,42.59782],[23.78891,42.59608],[23.79142,42.59523],[23.78946,42.59338],[23.78134,42.59255],[23.7821,42.58564],[23.78545,42.58392],[23.78758,42.58217],[23.78918,42.58282],[23.78991,42.58465],[23.79232,42.58532],[23.79212,42.58923],[23.79483,42.59202],[23.79534,42.59226],[23.79607,42.59176],[23.80338,42.59257],[23.80531,42.59473],[23.81072,42.59277],[23.81393,42.59376],[23.81443,42.59197],[23.81988,42.5891],[23.82473,42.59014],[23.8297,42.58877],[23.83173,42.58883],[23.83146,42.58611],[23.83715,42.58657],[23.84005,42.58574],[23.84348,42.58252],[23.84676,42.58231],[23.85032,42.58452],[23.8502,42.58693],[23.85125,42.59027],[23.85239,42.59211],[23.85226,42.59452],[23.85744,42.59708],[23.86194,42.5969],[23.86433,42.60297],[23.86531,42.60303],[23.86742,42.60157],[23.86875,42.5995],[23.87043,42.59864],[23.87251,42.59779],[23.87537,42.59787],[23.87748,42.59642],[23.88417,42.59329],[23.88772,42.59579],[23.88918,42.59828],[23.89288,42.59865],[23.89528,42.59962],[23.89776,42.59908],[23.90157,42.59947],[23.90563,42.60503],[23.90266,42.60736],[23.89858,42.60725],[23.89715,42.61143],[23.89545,42.61259],[23.89049,42.61397],[23.88993,42.61579],[23.89278,42.61705],[23.89523,42.61711],[23.89956,42.62409],[23.90088,42.62371],[23.90364,42.62703],[23.90658,42.62711],[23.90855,42.62637],[23.90884,42.62689],[23.90994,42.62525],[23.91223,42.62627],[23.91435,42.62537],[23.91535,42.62616],[23.9201,42.62476],[23.92164,42.62499],[23.92134,42.62594],[23.91915,42.62819],[23.92009,42.63013],[23.91562,42.63116],[23.91314,42.63387],[23.91344,42.63601],[23.91622,42.64051],[23.91655,42.64242],[23.91867,42.64534],[23.91765,42.64573],[23.91725,42.6471],[23.91596,42.64756],[23.91394,42.64741],[23.91161,42.64628],[23.90962,42.64608],[23.90925,42.64616],[23.90907,42.6472],[23.90614,42.64791],[23.90643,42.64833],[23.90908,42.64846],[23.91006,42.65014],[23.90702,42.6506],[23.90711,42.65154],[23.90789,42.65204],[23.9118,42.65235],[23.91088,42.65481],[23.91038,42.65469],[23.9079,42.65873],[23.90869,42.6592],[23.9083,42.65961],[23.90936,42.66051],[23.90769,42.66106],[23.90767,42.66206],[23.90881,42.66206],[23.90757,42.66261],[23.90792,42.66588],[23.91014,42.66843],[23.91273,42.6685],[23.9166,42.66706],[23.91576,42.6661],[23.916,42.665],[23.91463,42.66607],[23.9141,42.6655],[23.91416,42.66425],[23.91574,42.66277],[23.91599,42.66152],[23.91847,42.6609],[23.92316,42.66116],[23.92225,42.66044],[23.92396,42.66007],[23.92499,42.65829],[23.9273,42.65725],[23.92853,42.6552],[23.93105,42.65374],[23.93593,42.65387],[23.93797,42.65448],[23.94034,42.65607],[23.93988,42.65786],[23.94057,42.65913],[23.94,42.65925],[23.94108,42.66011],[23.9424,42.6639],[23.94175,42.66569],[23.94,42.66689],[23.94234,42.66904],[23.94267,42.66988],[23.94381,42.66977],[23.94145,42.67179],[23.93935,42.67243],[23.93872,42.6738],[23.93902,42.67534],[23.93861,42.67602],[23.93656,42.67555],[23.93559,42.67608],[23.92994,42.67607],[23.93158,42.67997],[23.92981,42.68075],[23.92512,42.68905],[23.92388,42.69245],[23.92445,42.69537],[23.92576,42.69778],[23.92175,42.69926],[23.91849,42.69917],[23.9177,42.70153],[23.9175,42.70548],[23.91247,42.70676],[23.91083,42.70816],[23.91196,42.70906],[23.90904,42.71259],[23.91253,42.71356],[23.91443,42.71462],[23.91475,42.72012],[23.91571,42.72044],[23.91888,42.71994],[23.9231,42.7257],[23.92679,42.72637],[23.92833,42.72714],[23.92901,42.72699],[23.9291,42.72572],[23.93001,42.72451],[23.93036,42.72284],[23.93014,42.71972],[23.93254,42.72118],[23.93444,42.7247],[23.93624,42.72576],[23.93678,42.72664],[23.93835,42.72668],[23.93934,42.72642],[23.93882,42.72511],[23.94136,42.72532],[23.94238,42.72448],[23.94242,42.72361],[23.94131,42.72228],[23.94136,42.72127],[23.94629,42.72082],[23.9473,42.72013],[23.94884,42.72075],[23.94896,42.71829],[23.94751,42.7158],[23.94821,42.71517],[23.94856,42.71661],[23.95222,42.71517],[23.95536,42.7159],[23.95714,42.71537],[23.95943,42.71658],[23.95877,42.71779],[23.95954,42.71887],[23.95942,42.7197],[23.95744,42.71931],[23.95722,42.72065],[23.95384,42.71973],[23.95279,42.72012],[23.95298,42.72081],[23.95396,42.72139],[23.95791,42.72229],[23.96118,42.71921],[23.96327,42.72],[23.96459,42.71982],[23.96539,42.72121],[23.96656,42.72141],[23.96688,42.72094],[23.9664,42.71955],[23.96927,42.71729],[23.97046,42.71689],[23.97093,42.71815],[23.97181,42.71885],[23.97673,42.71882],[23.98215,42.72159],[23.98223,42.72125],[23.98266,42.7216],[23.98474,42.72135],[23.98543,42.72175],[23.98544,42.72234],[23.98586,42.7219],[23.98626,42.72281],[23.98693,42.72279],[23.98536,42.7232],[23.98678,42.72315],[23.98668,42.72402],[23.98704,42.72418],[23.9867,42.72498],[23.98503,42.72559],[23.98474,42.72628],[23.98786,42.72641],[23.98878,42.72873],[23.98761,42.72909],[23.98723,42.73024],[23.98577,42.73078],[23.98511,42.72958],[23.98295,42.72923],[23.98253,42.72971],[23.98511,42.7332],[23.98752,42.73305],[23.99127,42.73461],[24.0167,42.73538],[24.02034,42.7361],[24.01956,42.73775],[24.01766,42.73895],[24.0161,42.73902],[24.01087,42.7418],[24.00761,42.74203],[24.0053,42.7428],[24.00444,42.7432],[24.0041,42.74434],[24.00292,42.74535],[23.99615,42.74824],[23.99447,42.75069],[23.99438,42.75254],[23.9932,42.75462],[23.99316,42.75701],[23.99883,42.76446],[23.99647,42.76426],[23.99541,42.76501],[23.99566,42.76582],[23.99674,42.76669],[23.99641,42.7682],[23.99467,42.76831],[23.99471,42.76892],[23.99611,42.77044],[23.9959,42.7708],[23.99509,42.77166],[23.99136,42.77249],[23.99065,42.77314],[23.99139,42.77407],[23.99568,42.77458],[23.99663,42.77696],[23.99833,42.77824],[23.99696,42.77908],[23.99515,42.77811],[23.99267,42.77791],[23.98996,42.77874],[23.98889,42.7799],[23.99095,42.78085],[23.99628,42.7809],[23.99905,42.7821],[24.00066,42.78431],[23.99874,42.78463],[23.99817,42.7861],[23.99434,42.78637],[23.99377,42.78742],[23.99441,42.78776],[23.99932,42.78773],[24.00039,42.78595],[24.00113,42.78599],[24.0031,42.78735],[24.00114,42.78893],[24.0031,42.78957],[24.00276,42.79085],[23.99972,42.79161],[23.99682,42.79302],[23.99441,42.79276],[23.9933,42.79603],[23.98963,42.79736],[23.98913,42.79811],[23.98837,42.79783],[23.98898,42.79502],[23.98623,42.79544],[23.98506,42.79468],[23.98451,42.79492],[23.98455,42.79589],[23.98519,42.7968],[23.98444,42.79803],[23.9819,42.79739],[23.97886,42.79732],[23.97823,42.79816],[23.97812,42.80012],[23.97706,42.80125],[23.97049,42.79717],[23.96884,42.79671],[23.96694,42.79681],[23.96421,42.79824],[23.95985,42.79825],[23.95872,42.79965],[23.95873,42.80087],[23.9595,42.8017],[23.96406,42.80177],[23.9638,42.80278],[23.96461,42.80319],[23.96381,42.80371],[23.96222,42.80326],[23.9604,42.80457],[23.95711,42.80472],[23.95475,42.80588],[23.95209,42.80597],[23.95173,42.80648],[23.95227,42.80677],[23.94766,42.80777],[23.9476,42.80901],[23.9456,42.81007],[23.94573,42.81333],[23.94224,42.81535],[23.9435,42.81643],[23.94141,42.81862],[23.94093,42.81875],[23.93724,42.81642],[23.92847,42.81726],[23.92431,42.81665],[23.92353,42.8169],[23.92368,42.81765],[23.92425,42.81792],[23.92344,42.81846],[23.91867,42.81711],[23.91376,42.8184],[23.91058,42.81872],[23.90994,42.81923],[23.91087,42.81962],[23.90237,42.82493],[23.89221,42.82953],[23.88673,42.83071],[23.87798,42.83113],[23.87282,42.83188],[23.86883,42.83332],[23.85558,42.8334]],[[23.85452,42.77794],[23.85391,42.78041],[23.85738,42.78261],[23.86026,42.78243],[23.86682,42.78023],[23.86831,42.77922],[23.87909,42.77872],[23.88363,42.78122],[23.88755,42.78159],[23.89164,42.7788],[23.89274,42.77641],[23.89478,42.77624],[23.8959,42.77521],[23.8982,42.77135],[23.89839,42.76935],[23.89555,42.76784],[23.89228,42.76677],[23.88962,42.7667],[23.88439,42.76509],[23.88117,42.76304],[23.8826,42.76112],[23.88461,42.76069],[23.88734,42.7593],[23.88746,42.75685],[23.8895,42.75593],[23.89088,42.75429],[23.89025,42.75404],[23.89004,42.7532],[23.89055,42.75244],[23.89125,42.75208],[23.89337,42.75251],[23.8943,42.7517],[23.89628,42.7514],[23.8963,42.74909],[23.89374,42.74767],[23.89406,42.74622],[23.89299,42.74514],[23.88772,42.74379],[23.88575,42.74575],[23.88482,42.74606],[23.8845,42.74568],[23.88476,42.74347],[23.88364,42.74335],[23.88377,42.74171],[23.88098,42.74231],[23.88014,42.74181],[23.87954,42.74047],[23.87905,42.74042],[23.87696,42.74095],[23.87674,42.74236],[23.87576,42.74317],[23.86992,42.7437],[23.86894,42.7445],[23.86422,42.7452],[23.86429,42.74382],[23.86261,42.73617],[23.863,42.73576],[23.8645,42.73594],[23.86421,42.73414],[23.86464,42.73304],[23.86653,42.73282],[23.86827,42.73176],[23.8674,42.73035],[23.86731,42.72855],[23.87065,42.72854],[23.86907,42.72625],[23.86949,42.72552],[23.87071,42.72496],[23.87518,42.72528],[23.87567,42.72572],[23.87635,42.72438],[23.87498,42.72391],[23.87402,42.72271],[23.87252,42.72222],[23.86966,42.72223],[23.86912,42.72173],[23.86951,42.72043],[23.87156,42.71927],[23.87475,42.72068],[23.87742,42.71919],[23.87757,42.71629],[23.87725,42.71549],[23.87335,42.71459],[23.87324,42.71083],[23.87209,42.71053],[23.87363,42.70905],[23.87121,42.7074],[23.86869,42.70759],[23.8656,42.70487],[23.86363,42.70138],[23.86503,42.70142],[23.86507,42.70073],[23.86654,42.69874],[23.86712,42.69639],[23.86733,42.69233],[23.86456,42.69045],[23.8645,42.69176],[23.86032,42.69203],[23.8574,42.6931],[23.85323,42.69387],[23.85502,42.69616],[23.85635,42.7],[23.85518,42.70799],[23.8536,42.70907],[23.8521,42.70861],[23.85354,42.70654],[23.85393,42.70261],[23.85212,42.69679],[23.84849,42.69317],[23.8467,42.69455],[23.84757,42.69627],[23.84731,42.69753],[23.84539,42.6991],[23.84622,42.70017],[23.84574,42.70092],[23.84624,42.70216],[23.84698,42.70275],[23.84504,42.70267],[23.84107,42.70397],[23.84309,42.70543],[23.84189,42.70653],[23.84183,42.70779],[23.84028,42.70817],[23.83908,42.70941],[23.84016,42.71056],[23.83992,42.71154],[23.83717,42.71049],[23.83654,42.71084],[23.83719,42.71125],[23.83554,42.71409],[23.8463,42.71838],[23.84379,42.72053],[23.83521,42.7264],[23.83252,42.72599],[23.8263,42.72704],[23.82412,42.72543],[23.82351,42.72275],[23.82372,42.72164],[23.82531,42.71991],[23.82668,42.71951],[23.82591,42.71693],[23.82471,42.7169],[23.8231,42.71896],[23.82021,42.71966],[23.81575,42.72442],[23.81906,42.7274],[23.82328,42.72718],[23.82321,42.72851],[23.82148,42.73001],[23.81886,42.73116],[23.81491,42.73194],[23.81228,42.73342],[23.8128,42.73488],[23.81408,42.73615],[23.83052,42.72906],[23.8324,42.72897],[23.83193,42.73449],[23.83377,42.73883],[23.83365,42.74118],[23.83262,42.74309],[23.83084,42.74483],[23.82934,42.74853],[23.82925,42.75018],[23.82692,42.75178],[23.82451,42.75489],[23.82282,42.75498],[23.82135,42.75425],[23.81726,42.75358],[23.8161,42.75424],[23.81542,42.75657],[23.81441,42.75793],[23.81226,42.7571],[23.81337,42.75846],[23.81332,42.75934],[23.81256,42.7602],[23.81299,42.76127],[23.81647,42.7633],[23.81594,42.76435],[23.81757,42.76528],[23.81878,42.76496],[23.82081,42.76748],[23.82341,42.76808],[23.82594,42.7701],[23.83352,42.76713],[23.83591,42.7672],[23.8363,42.76879],[23.83506,42.76964],[23.83786,42.77113],[23.83923,42.7724],[23.84044,42.77226],[23.84144,42.77141],[23.84274,42.76933],[23.84369,42.76953],[23.84436,42.77043],[23.84848,42.76948],[23.85077,42.77166],[23.85242,42.77206],[23.85331,42.7735],[23.85471,42.77407],[23.85836,42.77293],[23.8587,42.77576],[23.85959,42.7772],[23.85672,42.77694],[23.85452,42.77794]]],[[[23.99185,42.7307],[23.99076,42.73137],[23.99059,42.73228],[23.98995,42.73223],[23.99051,42.73055],[23.99131,42.73062],[23.99216,42.72992],[23.99164,42.72961],[23.99157,42.72886],[23.99048,42.72965],[23.98924,42.72838],[23.9909,42.72668],[23.99097,42.72597],[23.99172,42.726],[23.99259,42.72486],[23.99375,42.72479],[23.99391,42.72422],[23.99341,42.72388],[23.99429,42.7235],[23.99432,42.72305],[23.99372,42.723],[23.99442,42.72214],[23.9935,42.72242],[23.99352,42.72185],[23.99601,42.71963],[23.99556,42.71952],[23.99458,42.72044],[23.995,42.71986],[23.99468,42.71966],[23.99524,42.71942],[23.99476,42.71923],[23.99615,42.71735],[23.99869,42.716],[23.99994,42.71436],[23.99998,42.71333],[23.99915,42.7129],[24.00053,42.71137],[24.00042,42.71065],[24.00227,42.71066],[24.00461,42.70966],[24.00591,42.71188],[24.00534,42.71184],[24.00534,42.71282],[24.003,42.71189],[24.00204,42.71264],[24.00271,42.71283],[24.00199,42.71295],[24.00233,42.7137],[24.00163,42.71372],[24.00497,42.71548],[24.00551,42.71524],[24.0077,42.7159],[24.00996,42.71857],[24.00802,42.71819],[24.00891,42.71931],[24.00822,42.71931],[24.00786,42.71986],[24.00845,42.72072],[24.00744,42.7209],[24.00735,42.7213],[24.00866,42.72384],[24.00785,42.72465],[24.00738,42.72284],[24.00612,42.72463],[24.00602,42.72565],[24.0065,42.72545],[24.00698,42.72664],[24.00742,42.72645],[24.00764,42.72685],[24.00715,42.72785],[24.00811,42.72846],[24.00783,42.72908],[24.0073,42.72951],[24.00573,42.72917],[24.00539,42.72982],[24.00402,42.72993],[24.00363,42.72929],[24.00406,42.72815],[24.00502,42.72759],[24.00503,42.72535],[24.00438,42.72553],[24.00475,42.7241],[24.00425,42.72413],[24.00442,42.72294],[24.00405,42.72259],[24.00376,42.72315],[24.00311,42.72145],[24.0019,42.72118],[24.00208,42.72183],[24.00121,42.7223],[24.00115,42.72293],[24.00018,42.72288],[24.00055,42.72354],[23.99871,42.72437],[23.99948,42.72502],[23.99882,42.72592],[23.99965,42.7265],[24.00035,42.72797],[24.00121,42.72836],[24.00012,42.72863],[23.99864,42.72746],[23.99788,42.72775],[23.99683,42.7271],[23.99623,42.72735],[23.9961,42.72677],[23.9967,42.7265],[23.99601,42.72651],[23.99505,42.72754],[23.99547,42.72788],[23.99611,42.72752],[23.99605,42.72805],[23.9946,42.72892],[23.99517,42.73018],[23.99293,42.72993],[23.99258,42.73094],[23.99185,42.7307]]],[[[24.01244,42.72448],[24.01106,42.72441],[24.01023,42.72345],[24.01019,42.72275],[24.01081,42.7228],[24.0108,42.72162],[24.01162,42.72102],[24.01052,42.71982],[24.01264,42.71878],[24.0143,42.71647],[24.01517,42.71475],[24.01449,42.71293],[24.01535,42.71221],[24.01542,42.71142],[24.01842,42.71245],[24.01873,42.71348],[24.01986,42.71329],[24.02399,42.71559],[24.02459,42.71813],[24.02432,42.71748],[24.02379,42.71775],[24.02287,42.71711],[24.02197,42.7173],[24.02268,42.71774],[24.02161,42.71824],[24.02044,42.71742],[24.02046,42.71806],[24.01904,42.71761],[24.01979,42.71838],[24.02076,42.71839],[24.01939,42.72062],[24.01977,42.72116],[24.019,42.72197],[24.01849,42.72135],[24.01909,42.71989],[24.01789,42.72005],[24.01786,42.72065],[24.01633,42.71984],[24.01635,42.72074],[24.01558,42.72115],[24.01491,42.72245],[24.01408,42.72184],[24.01207,42.72256],[24.01223,42.72148],[24.0112,42.72196],[24.01176,42.72291],[24.0116,42.72356],[24.01244,42.72448]]],[[[24.00403,42.71416],[24.00254,42.71371],[24.00352,42.71274],[24.00389,42.71291],[24.0035,42.7133],[24.00445,42.71411],[24.00403,42.71416]]],[[[24.02336,42.71948],[24.02351,42.71893],[24.02289,42.7186],[24.02356,42.71842],[24.02409,42.71903],[24.02336,42.71948]]]]},"properties":{"SiteCode":"BG0001043","SiteNameBG":"Етрополе - Байлово","SiteType":"SCI","SiteArea":27448.253889299998,"naturaClass":"habitats"}},{"type":"Feature","geometry":{"type":"Polygon","coordinates":[[[24.11232,42.50335],[24.11144,42.50437],[24.11234,42.50477],[24.11244,42.50543],[24.10987,42.50667],[24.10941,42.50586],[24.1102,42.50443],[24.10933,42.50265],[24.11016,42.50221],[24.10985,42.50095],[24.10875,42.50091],[24.10632,42.49973],[24.10403,42.4962],[24.10258,42.49623],[24.10109,42.49498],[24.09929,42.49512],[24.09874,42.49431],[24.09904,42.49243],[24.1016,42.49235],[24.10138,42.49165],[24.09881,42.49026],[24.09696,42.49102],[24.09557,42.49081],[24.09308,42.49176],[24.09216,42.49158],[24.09384,42.48991],[24.09397,42.48913],[24.09485,42.48883],[24.09527,42.48767],[24.09498,42.48669],[24.09268,42.48693],[24.09181,42.48613],[24.09205,42.48529],[24.09444,42.48365],[24.09439,42.48311],[24.08663,42.48355],[24.08603,42.48288],[24.08662,42.47911],[24.08577,42.47837],[24.08427,42.47819],[24.08411,42.47962],[24.08175,42.48169],[24.07911,42.48005],[24.07824,42.48084],[24.07772,42.48067],[24.07441,42.47827],[24.07363,42.47821],[24.07349,42.47915],[24.07241,42.47931],[24.07231,42.4797],[24.07366,42.48068],[24.07279,42.48137],[24.07121,42.48131],[24.07126,42.48222],[24.07214,42.48338],[24.07216,42.48539],[24.07322,42.48636],[24.07548,42.48721],[24.07428,42.48918],[24.07316,42.4891],[24.07253,42.48767],[24.07016,42.48691],[24.06843,42.48313],[24.0673,42.48578],[24.06662,42.48631],[24.06742,42.49114],[24.06619,42.49093],[24.06528,42.49171],[24.06439,42.49176],[24.0643,42.4912],[24.06521,42.4905],[24.06549,42.48956],[24.06495,42.4884],[24.06352,42.48782],[24.06348,42.48618],[24.06449,42.48431],[24.06157,42.4853],[24.06019,42.48648],[24.05849,42.48617],[24.05807,42.48569],[24.05906,42.48492],[24.05904,42.48399],[24.06005,42.48282],[24.06145,42.48264],[24.06193,42.48172],[24.06312,42.48103],[24.06447,42.48062],[24.06476,42.48227],[24.06531,42.48228],[24.06732,42.48099],[24.06795,42.47858],[24.06968,42.477],[24.06975,42.47413],[24.0667,42.47429],[24.06537,42.47352],[24.0655,42.47535],[24.06424,42.4757],[24.06369,42.47394],[24.06141,42.47381],[24.06018,42.47978],[24.05936,42.48058],[24.0589,42.48027],[24.05924,42.47611],[24.05857,42.47406],[24.05739,42.47385],[24.05631,42.4756],[24.05531,42.47653],[24.05462,42.47651],[24.05431,42.47586],[24.05484,42.4742],[24.05191,42.47501],[24.05176,42.4745],[24.05329,42.47331],[24.05317,42.47299],[24.05117,42.47191],[24.05106,42.47321],[24.05056,42.47334],[24.04891,42.47045],[24.04692,42.47096],[24.04535,42.47078],[24.0448,42.47147],[24.04592,42.47235],[24.04592,42.4729],[24.04491,42.47324],[24.04313,42.47086],[24.04376,42.46888],[24.03942,42.46876],[24.03898,42.46755],[24.03824,42.46747],[24.03463,42.46449],[24.03255,42.46377],[24.03126,42.46393],[24.03159,42.46307],[24.03128,42.46283],[24.02832,42.46315],[24.02231,42.46033],[24.02022,42.46147],[24.01913,42.46081],[24.01869,42.45885],[24.01773,42.45813],[24.01598,42.45891],[24.01432,42.4592],[24.01192,42.45887],[24.00759,42.45998],[24.0063,42.45978],[24.00462,42.45849],[24.00269,42.45843],[24.00019,42.45756],[23.99899,42.45557],[24.00048,42.45384],[23.99954,42.45251],[24.00237,42.45239],[24.00241,42.45153],[24.00476,42.45033],[24.00565,42.44895],[24.00318,42.44708],[24.00418,42.44619],[24.00358,42.44475],[24.00409,42.44258],[24.00526,42.4425],[24.00618,42.44321],[24.00639,42.44121],[24.00835,42.43965],[24.01002,42.43919],[24.00925,42.43499],[24.01298,42.43531],[24.01735,42.43668],[24.01817,42.43586],[24.01787,42.43483],[24.0227,42.43477],[24.0241,42.43333],[24.02569,42.43375],[24.02747,42.43338],[24.02951,42.43439],[24.03234,42.43369],[24.03278,42.43382],[24.03282,42.43504],[24.03343,42.43532],[24.03581,42.43607],[24.03918,42.4364],[24.03943,42.43546],[24.04333,42.43194],[24.04378,42.43091],[24.04292,42.43053],[24.0399,42.43059],[24.04017,42.42965],[24.04614,42.42944],[24.04687,42.4283],[24.0499,42.42933],[24.05287,42.42947],[24.05525,42.42902],[24.05602,42.42959],[24.059,42.42817],[24.0606,42.42653],[24.06294,42.42635],[24.06347,42.42552],[24.06557,42.42537],[24.06733,42.42556],[24.07011,42.42691],[24.07093,42.43071],[24.07037,42.4315],[24.07369,42.43278],[24.0738,42.43596],[24.07197,42.43602],[24.0709,42.43478],[24.06913,42.4346],[24.06885,42.43394],[24.06759,42.43384],[24.06718,42.43301],[24.06632,42.43265],[24.06368,42.4333],[24.06302,42.43497],[24.06034,42.43615],[24.06047,42.43741],[24.06246,42.43815],[24.06763,42.43689],[24.07363,42.43839],[24.07804,42.4406],[24.07938,42.44391],[24.07896,42.44443],[24.08254,42.44342],[24.08273,42.43924],[24.08688,42.43695],[24.08968,42.43463],[24.0961,42.42756],[24.10573,42.42833],[24.10998,42.42731],[24.12445,42.42795],[24.12574,42.42633],[24.12947,42.42392],[24.13112,42.42229],[24.13457,42.42122],[24.14493,42.41375],[24.14417,42.41337],[24.14737,42.41314],[24.15158,42.40945],[24.15274,42.40748],[24.1594,42.40306],[24.16267,42.40262],[24.16563,42.40381],[24.17797,42.40363],[24.17935,42.40415],[24.18734,42.40463],[24.19688,42.40458],[24.2027,42.40246],[24.21078,42.40096],[24.21994,42.4009],[24.24074,42.39659],[24.24647,42.39996],[24.24487,42.40079],[24.24507,42.40209],[24.24328,42.40568],[24.24388,42.40817],[24.24124,42.40851],[24.23781,42.40809],[24.23776,42.40848],[24.23651,42.40888],[24.23254,42.40945],[24.23261,42.41031],[24.23747,42.40992],[24.23822,42.41037],[24.23823,42.41298],[24.23587,42.41465],[24.22955,42.4161],[24.23014,42.41711],[24.23448,42.41844],[24.23475,42.41931],[24.23281,42.42107],[24.23599,42.428],[24.23193,42.42949],[24.23149,42.43108],[24.23267,42.43223],[24.23141,42.43277],[24.22829,42.43229],[24.22622,42.43309],[24.22305,42.43338],[24.22161,42.43437],[24.22159,42.43482],[24.21954,42.43528],[24.2205,42.43629],[24.22305,42.43596],[24.22357,42.43605],[24.22364,42.43694],[24.22773,42.43687],[24.22931,42.43745],[24.23097,42.4368],[24.23199,42.43537],[24.23342,42.43529],[24.23664,42.43382],[24.23751,42.43429],[24.2368,42.43554],[24.23714,42.43608],[24.23926,42.43533],[24.24456,42.43484],[24.24478,42.43433],[24.24684,42.43499],[24.25109,42.43375],[24.25205,42.4322],[24.25118,42.43154],[24.25084,42.43057],[24.25319,42.42978],[24.25572,42.42982],[24.25643,42.43088],[24.25728,42.43123],[24.26144,42.43163],[24.26386,42.43452],[24.26341,42.43665],[24.26212,42.43712],[24.26179,42.43775],[24.26249,42.43896],[24.26249,42.43997],[24.26136,42.44071],[24.26093,42.44237],[24.26245,42.44505],[24.26293,42.44746],[24.26428,42.4501],[24.26828,42.45281],[24.26968,42.45437],[24.26959,42.45655],[24.27084,42.45634],[24.2718,42.45721],[24.27245,42.45606],[24.27338,42.45575],[24.27548,42.4537],[24.27746,42.4545],[24.28113,42.45225],[24.28147,42.45133],[24.28154,42.45074],[24.27942,42.44939],[24.27315,42.44921],[24.2739,42.44774],[24.27375,42.44615],[24.27614,42.44539],[24.2769,42.44561],[24.27704,42.44632],[24.27982,42.44686],[24.28079,42.44825],[24.28275,42.44822],[24.28391,42.44734],[24.28451,42.44785],[24.29597,42.4451],[24.29905,42.44367],[24.29895,42.44292],[24.30307,42.44275],[24.30439,42.44166],[24.30699,42.44131],[24.30956,42.44151],[24.30985,42.44118],[24.31116,42.44202],[24.31659,42.4432],[24.31548,42.44465],[24.31318,42.44445],[24.31147,42.44605],[24.30992,42.44644],[24.30984,42.44717],[24.31236,42.44711],[24.31237,42.44802],[24.31364,42.44801],[24.31376,42.44615],[24.31949,42.44512],[24.32002,42.44679],[24.32272,42.44672],[24.3242,42.44615],[24.32512,42.4464],[24.32554,42.44712],[24.32418,42.44853],[24.31998,42.45096],[24.31971,42.45162],[24.32167,42.45191],[24.32455,42.45011],[24.327,42.45022],[24.32812,42.44953],[24.32853,42.44874],[24.32783,42.4476],[24.33151,42.44697],[24.33112,42.446],[24.33248,42.44479],[24.33403,42.44455],[24.33384,42.4437],[24.33491,42.44294],[24.3414,42.44073],[24.34272,42.43739],[24.34224,42.43476],[24.344,42.43375],[24.34059,42.43296],[24.33863,42.4333],[24.33832,42.43234],[24.3361,42.4318],[24.33519,42.4327],[24.33294,42.4327],[24.33122,42.43329],[24.33097,42.43231],[24.33199,42.43064],[24.33158,42.43005],[24.32618,42.42979],[24.32197,42.42893],[24.31879,42.42958],[24.31705,42.42893],[24.31533,42.4292],[24.31241,42.42815],[24.30816,42.42942],[24.30751,42.42809],[24.30492,42.42729],[24.30583,42.42491],[24.3089,42.42608],[24.31315,42.4254],[24.32074,42.42534],[24.3228,42.42454],[24.32498,42.42474],[24.32584,42.42101],[24.32488,42.42009],[24.32004,42.41844],[24.31645,42.41865],[24.31321,42.41791],[24.31169,42.41858],[24.31044,42.41816],[24.31038,42.41951],[24.3095,42.42129],[24.3055,42.4204],[24.29825,42.41983],[24.29413,42.42235],[24.29022,42.42186],[24.28852,42.42236],[24.28554,42.42235],[24.28503,42.42263],[24.28483,42.42361],[24.28399,42.42365],[24.28193,42.42148],[24.28079,42.42142],[24.27957,42.4206],[24.27741,42.42034],[24.27596,42.42098],[24.27507,42.42002],[24.27582,42.41903],[24.27737,42.4182],[24.27623,42.41719],[24.27318,42.41715],[24.273,42.41676],[24.27343,42.41503],[24.27576,42.41517],[24.27705,42.4143],[24.27964,42.4148],[24.2812,42.41391],[24.28207,42.41137],[24.28182,42.41051],[24.28255,42.40998],[24.28282,42.40899],[24.28618,42.40761],[24.28551,42.40576],[24.28603,42.40363],[24.28292,42.40347],[24.28328,42.4011],[24.28436,42.4012],[24.28748,42.40277],[24.28873,42.40269],[24.29102,42.40153],[24.29258,42.40377],[24.29453,42.40441],[24.2947,42.40342],[24.29417,42.40197],[24.29591,42.39902],[24.299,42.3961],[24.30398,42.39303],[24.30518,42.39298],[24.30699,42.3919],[24.31407,42.38987],[24.31342,42.39245],[24.30996,42.39411],[24.31065,42.39438],[24.30899,42.39534],[24.30796,42.39532],[24.3069,42.39609],[24.3073,42.3971],[24.30992,42.39875],[24.3112,42.40038],[24.30583,42.40006],[24.3057,42.40304],[24.30313,42.40464],[24.308,42.40477],[24.30939,42.40392],[24.31181,42.4051],[24.31308,42.40512],[24.31316,42.40609],[24.30795,42.40599],[24.30504,42.40649],[24.30464,42.40694],[24.30631,42.4081],[24.30679,42.40901],[24.3058,42.40925],[24.30414,42.40786],[24.30191,42.40883],[24.30124,42.40963],[24.29895,42.40993],[24.29766,42.41062],[24.29767,42.41125],[24.30239,42.41115],[24.30809,42.41008],[24.31943,42.40935],[24.32541,42.4079],[24.32489,42.40898],[24.3259,42.40968],[24.32683,42.40919],[24.32817,42.40725],[24.3308,42.40608],[24.33119,42.40867],[24.33343,42.40924],[24.33442,42.40853],[24.33403,42.40595],[24.33518,42.40578],[24.33668,42.40764],[24.34009,42.41042],[24.34476,42.41169],[24.34624,42.41321],[24.34943,42.41434],[24.35267,42.41782],[24.3547,42.4182],[24.35481,42.41956],[24.35421,42.41986],[24.35183,42.41998],[24.35111,42.41908],[24.34912,42.41966],[24.34866,42.41996],[24.3486,42.42203],[24.3494,42.42267],[24.35165,42.42291],[24.35283,42.42506],[24.35492,42.42697],[24.35853,42.42654],[24.36073,42.42695],[24.36428,42.42518],[24.36603,42.42265],[24.3709,42.42319],[24.37695,42.42271],[24.37866,42.42343],[24.37954,42.42295],[24.37993,42.42074],[24.3814,42.42011],[24.38426,42.42014],[24.38449,42.42088],[24.38686,42.4219],[24.38735,42.42318],[24.38711,42.42446],[24.38255,42.42509],[24.37748,42.42658],[24.37422,42.42532],[24.36849,42.42529],[24.36668,42.4257],[24.36799,42.42675],[24.36769,42.42801],[24.3711,42.42765],[24.3745,42.42856],[24.37737,42.42808],[24.3779,42.42876],[24.37739,42.42967],[24.3735,42.43092],[24.36712,42.43078],[24.36679,42.4317],[24.36876,42.43187],[24.36907,42.43229],[24.36732,42.43247],[24.367,42.43431],[24.37262,42.43369],[24.3735,42.43473],[24.37456,42.43507],[24.37351,42.4359],[24.37318,42.4379],[24.37147,42.43871],[24.37114,42.43957],[24.36993,42.44041],[24.37134,42.44175],[24.36951,42.44345],[24.36784,42.44402],[24.36925,42.44513],[24.37127,42.44472],[24.36971,42.44832],[24.36733,42.44962],[24.36343,42.44893],[24.36341,42.4498],[24.36201,42.45007],[24.36171,42.45074],[24.35398,42.45051],[24.35367,42.45114],[24.35145,42.45203],[24.35114,42.45258],[24.35345,42.45398],[24.35339,42.45456],[24.35145,42.45464],[24.34901,42.45299],[24.34815,42.45322],[24.34733,42.45428],[24.34719,42.45504],[24.34785,42.45512],[24.3477,42.45631],[24.34871,42.45673],[24.34988,42.45605],[24.35106,42.45684],[24.35436,42.45593],[24.35487,42.45634],[24.354,42.45904],[24.35411,42.45999],[24.35277,42.46021],[24.35076,42.45969],[24.34721,42.46007],[24.34694,42.46212],[24.34837,42.46206],[24.34894,42.4615],[24.351,42.46202],[24.35375,42.46173],[24.35431,42.46218],[24.35741,42.46229],[24.35829,42.46146],[24.35949,42.46137],[24.36033,42.46193],[24.36204,42.46164],[24.36291,42.46237],[24.36406,42.46194],[24.36505,42.46228],[24.36629,42.46149],[24.37015,42.46373],[24.37208,42.46373],[24.37296,42.46426],[24.37513,42.46309],[24.37539,42.46241],[24.37726,42.46172],[24.3773,42.46066],[24.3795,42.46055],[24.38253,42.45954],[24.38535,42.46013],[24.38608,42.45966],[24.388,42.45958],[24.38864,42.45849],[24.3941,42.45649],[24.39835,42.45718],[24.40335,42.45676],[24.40731,42.45575],[24.41202,42.45596],[24.41351,42.4554],[24.41344,42.45477],[24.4123,42.45445],[24.40729,42.45452],[24.40674,42.4539],[24.40732,42.45078],[24.4036,42.45088],[24.40366,42.44977],[24.40746,42.44907],[24.41309,42.45009],[24.41692,42.45023],[24.41697,42.4509],[24.42084,42.45078],[24.42381,42.44942],[24.42494,42.44742],[24.41933,42.44762],[24.4191,42.44682],[24.41974,42.44633],[24.41938,42.44573],[24.41631,42.44579],[24.41413,42.44682],[24.41029,42.44548],[24.40288,42.44549],[24.39969,42.44429],[24.39692,42.44519],[24.39088,42.44271],[24.38667,42.44275],[24.38671,42.44124],[24.38017,42.44136],[24.37951,42.43954],[24.38179,42.43805],[24.38058,42.43745],[24.38143,42.43685],[24.39085,42.43712],[24.39211,42.43506],[24.39348,42.43486],[24.39561,42.433],[24.39579,42.43258],[24.39504,42.4325],[24.39506,42.43187],[24.39704,42.43102],[24.39841,42.42926],[24.40011,42.4284],[24.40097,42.4267],[24.40198,42.42594],[24.40094,42.4244],[24.4015,42.42378],[24.40255,42.42317],[24.40467,42.42298],[24.4046,42.42213],[24.406,42.4209],[24.40588,42.42017],[24.4026,42.41838],[24.4027,42.41792],[24.40376,42.41592],[24.40689,42.41245],[24.40844,42.41199],[24.40913,42.41086],[24.40752,42.41012],[24.40487,42.41133],[24.40343,42.41116],[24.39809,42.41026],[24.39747,42.4094],[24.39756,42.40902],[24.40248,42.40947],[24.4034,42.40909],[24.40378,42.40806],[24.40354,42.4069],[24.40157,42.40547],[24.40146,42.40391],[24.40035,42.40291],[24.40034,42.40238],[24.40203,42.40209],[24.40469,42.4001],[24.40435,42.39886],[24.40151,42.39718],[24.40222,42.39643],[24.40904,42.39733],[24.40946,42.39564],[24.41041,42.39611],[24.41219,42.39571],[24.41174,42.39391],[24.41111,42.39365],[24.4108,42.39281],[24.41104,42.38738],[24.41191,42.38606],[24.42034,42.39357],[24.42247,42.39415],[24.42249,42.39194],[24.42487,42.38991],[24.43155,42.39331],[24.43333,42.39351],[24.43108,42.395],[24.43078,42.39556],[24.43114,42.39604],[24.43606,42.39517],[24.43614,42.39596],[24.43922,42.39716],[24.44393,42.39695],[24.44549,42.39595],[24.44798,42.39289],[24.44936,42.39248],[24.45017,42.39272],[24.45515,42.39089],[24.45549,42.393],[24.45642,42.39327],[24.45738,42.3928],[24.45853,42.39448],[24.46094,42.39477],[24.46131,42.39706],[24.46326,42.39704],[24.46291,42.39835],[24.46012,42.39932],[24.45522,42.39942],[24.45458,42.39993],[24.45429,42.4017],[24.4551,42.40273],[24.45417,42.40383],[24.45129,42.40459],[24.44964,42.40365],[24.44605,42.40401],[24.44595,42.40491],[24.44512,42.40507],[24.44541,42.40608],[24.44862,42.40812],[24.44915,42.40975],[24.4507,42.41155],[24.4531,42.41299],[24.45332,42.41365],[24.45459,42.41367],[24.45662,42.41251],[24.45793,42.41284],[24.45831,42.41354],[24.46111,42.41497],[24.46191,42.41611],[24.46508,42.41717],[24.46769,42.4148],[24.46835,42.41482],[24.47208,42.41596],[24.47509,42.41807],[24.4737,42.4192],[24.4704,42.42373],[24.46857,42.42529],[24.4705,42.42648],[24.47009,42.4273],[24.46648,42.43034],[24.46765,42.43106],[24.46898,42.43089],[24.47073,42.4339],[24.47223,42.43542],[24.47204,42.43616],[24.47011,42.43548],[24.46978,42.43484],[24.4677,42.43518],[24.46823,42.43606],[24.46754,42.43694],[24.46859,42.43716],[24.46876,42.43978],[24.46522,42.43992],[24.46337,42.44082],[24.46155,42.44],[24.4601,42.44095],[24.46945,42.44512],[24.46817,42.44631],[24.46832,42.44695],[24.46998,42.44813],[24.46818,42.44901],[24.47058,42.44948],[24.46948,42.45053],[24.47076,42.45222],[24.46778,42.45242],[24.46737,42.4541],[24.46449,42.45399],[24.46442,42.45557],[24.46899,42.45676],[24.46812,42.45743],[24.46905,42.45789],[24.46859,42.45904],[24.47111,42.46073],[24.46982,42.46112],[24.46754,42.4593],[24.46651,42.46038],[24.46696,42.46122],[24.46942,42.46312],[24.46987,42.46411],[24.46959,42.4654],[24.47083,42.46579],[24.47042,42.46719],[24.46678,42.46725],[24.46532,42.468],[24.45,42.46817],[24.44237,42.4706],[24.44203,42.4698],[24.44399,42.46793],[24.44387,42.46746],[24.42761,42.46754],[24.42585,42.46695],[24.42259,42.4643],[24.42108,42.46169],[24.42087,42.46003],[24.41967,42.46004],[24.41875,42.46053],[24.41623,42.46039],[24.41521,42.46152],[24.41115,42.46306],[24.40872,42.46375],[24.40657,42.46376],[24.40579,42.46818],[24.40477,42.46969],[24.40458,42.47132],[24.40691,42.47469],[24.40543,42.47529],[24.40394,42.47713],[24.40122,42.47799],[24.39975,42.47766],[24.39486,42.47915],[24.3894,42.47858],[24.38501,42.47923],[24.37856,42.47903],[24.37707,42.47947],[24.37124,42.47968],[24.36786,42.47939],[24.36577,42.4778],[24.36549,42.47699],[24.3686,42.47187],[24.3667,42.46973],[24.36517,42.4691],[24.36236,42.47005],[24.3602,42.47184],[24.35892,42.47232],[24.35825,42.47353],[24.35723,42.4732],[24.35473,42.47418],[24.35293,42.47377],[24.35158,42.47499],[24.35056,42.4772],[24.34527,42.47761],[24.3444,42.47812],[24.3428,42.47812],[24.34232,42.47862],[24.33601,42.47845],[24.33118,42.47907],[24.3279,42.47826],[24.32734,42.47751],[24.32258,42.47889],[24.32229,42.48051],[24.3186,42.48209],[24.3172,42.48188],[24.31412,42.48259],[24.31286,42.48226],[24.30722,42.48317],[24.29434,42.48342],[24.29401,42.48383],[24.29105,42.48414],[24.28867,42.48364],[24.28633,42.4841],[24.28228,42.48317],[24.27965,42.48371],[24.27061,42.48271],[24.26806,42.4832],[24.2655,42.48309],[24.26386,42.48228],[24.25812,42.48209],[24.25708,42.48219],[24.25688,42.48353],[24.24971,42.48488],[24.24965,42.4845],[24.25114,42.48368],[24.25089,42.48338],[24.24707,42.48269],[24.24314,42.48262],[24.24258,42.48282],[24.2428,42.48393],[24.24198,42.48461],[24.24167,42.48586],[24.23516,42.48479],[24.23559,42.48333],[24.23466,42.48322],[24.23049,42.48388],[24.22257,42.48378],[24.20935,42.48629],[24.20911,42.48546],[24.20788,42.4849],[24.20796,42.48378],[24.20892,42.48278],[24.2102,42.48249],[24.21019,42.48149],[24.20891,42.48146],[24.20772,42.48212],[24.20151,42.48124],[24.19236,42.4827],[24.19065,42.48351],[24.1875,42.4831],[24.18224,42.48106],[24.182,42.48142],[24.1773,42.48064],[24.17296,42.48058],[24.17368,42.47659],[24.17218,42.47395],[24.16981,42.47225],[24.17081,42.47031],[24.16913,42.4698],[24.16925,42.46942],[24.17067,42.46857],[24.17498,42.46897],[24.17699,42.46806],[24.17652,42.4675],[24.17715,42.46697],[24.17931,42.46744],[24.1817,42.46594],[24.18439,42.46592],[24.18641,42.46428],[24.19164,42.4636],[24.20275,42.45968],[24.20527,42.45912],[24.20968,42.46373],[24.2118,42.46492],[24.21409,42.4652],[24.21448,42.46592],[24.21578,42.46614],[24.21567,42.46671],[24.22255,42.46588],[24.22672,42.46599],[24.23674,42.46469],[24.23633,42.46413],[24.23709,42.46354],[24.23755,42.46136],[24.23298,42.45603],[24.23306,42.45424],[24.23423,42.45294],[24.23692,42.45247],[24.23872,42.45146],[24.24032,42.44843],[24.24075,42.4485],[24.24081,42.44794],[24.24018,42.44732],[24.23595,42.44665],[24.23413,42.44417],[24.23317,42.44427],[24.23317,42.44366],[24.2314,42.44318],[24.23049,42.44372],[24.22742,42.44395],[24.22523,42.44505],[24.22467,42.44627],[24.22608,42.44745],[24.22796,42.44659],[24.23249,42.44698],[24.23219,42.44818],[24.22546,42.45053],[24.22217,42.45058],[24.22144,42.4511],[24.22022,42.451],[24.22018,42.45021],[24.21945,42.44967],[24.22181,42.44899],[24.22216,42.44831],[24.21995,42.44764],[24.21738,42.44868],[24.20999,42.4492],[24.20881,42.44791],[24.2078,42.44786],[24.20622,42.44825],[24.20464,42.4501],[24.20349,42.44992],[24.20132,42.44876],[24.20123,42.44791],[24.20136,42.44673],[24.20337,42.44437],[24.20054,42.44476],[24.19854,42.44584],[24.1974,42.44729],[24.19436,42.44756],[24.19422,42.44662],[24.19353,42.44597],[24.19567,42.44372],[24.20011,42.44184],[24.20651,42.43714],[24.20621,42.43612],[24.20244,42.43487],[24.20265,42.43357],[24.20495,42.43362],[24.20533,42.43164],[24.20203,42.42991],[24.19463,42.42808],[24.19491,42.42621],[24.19375,42.42585],[24.1879,42.42678],[24.18605,42.428],[24.18303,42.42816],[24.18268,42.42886],[24.18113,42.42979],[24.18227,42.4305],[24.17898,42.43273],[24.1779,42.43219],[24.17666,42.43229],[24.17676,42.43376],[24.17619,42.43428],[24.17466,42.43425],[24.1713,42.43208],[24.16913,42.43198],[24.16842,42.43236],[24.16812,42.4335],[24.16764,42.4337],[24.16758,42.43509],[24.16673,42.43574],[24.16674,42.43724],[24.16978,42.43735],[24.17269,42.43628],[24.17321,42.43701],[24.16845,42.43983],[24.16941,42.44108],[24.16764,42.44249],[24.16391,42.44325],[24.15405,42.4473],[24.1503,42.44769],[24.14989,42.44916],[24.14504,42.45095],[24.14209,42.45118],[24.1417,42.45209],[24.13692,42.4519],[24.13441,42.45269],[24.13497,42.45332],[24.13457,42.4539],[24.13263,42.45409],[24.13014,42.45427],[24.12829,42.45323],[24.12503,42.45366],[24.12481,42.45415],[24.12091,42.45542],[24.11959,42.45629],[24.11902,42.45794],[24.11987,42.4583],[24.12028,42.45931],[24.12123,42.45919],[24.12387,42.46053],[24.1254,42.45966],[24.12672,42.45981],[24.12827,42.46152],[24.13173,42.46226],[24.13095,42.46649],[24.13244,42.46642],[24.13366,42.46866],[24.13348,42.47044],[24.13226,42.47261],[24.13005,42.47431],[24.12945,42.47612],[24.1268,42.47828],[24.12671,42.47892],[24.1292,42.47987],[24.12929,42.4811],[24.12873,42.48217],[24.12637,42.48443],[24.12498,42.48701],[24.12466,42.48674],[24.12178,42.48877],[24.12392,42.49027],[24.12197,42.49166],[24.12144,42.49292],[24.12318,42.49564],[24.12293,42.49643],[24.12399,42.4971],[24.1244,42.49837],[24.12349,42.49945],[24.12448,42.50083],[24.12323,42.50159],[24.12303,42.5036],[24.12254,42.50408],[24.12089,42.50346],[24.12009,42.50403],[24.11871,42.50361],[24.11618,42.50373],[24.11462,42.50273],[24.11232,42.50335]]]},"properties":{"SiteCode":"BG0001039","SiteNameBG":"Попинци","SiteType":"SCI","SiteArea":20906.715520400001,"naturaClass":"habitats"}},{"type":"Feature","geometry":{"type":"Polygon","coordinates":[[[22.63893,42.26567],[22.63297,42.26544],[22.63474,42.25871],[22.63184,42.25718],[22.62992,42.25331],[22.63047,42.24534],[22.62847,42.24542],[22.62266,42.24408],[22.62103,42.24471],[22.61866,42.24668],[22.61639,42.24661],[22.61234,42.24927],[22.60658,42.25012],[22.6012,42.24987],[22.59773,42.24807],[22.5931,42.24923],[22.59154,42.2489],[22.58882,42.24918],[22.58474,42.24793],[22.58588,42.25216],[22.58784,42.25549],[22.58728,42.25818],[22.58541,42.25892],[22.57417,42.25794],[22.56026,42.25361],[22.55547,42.25424],[22.55294,42.25387],[22.55252,42.25466],[22.55064,42.24511],[22.54902,42.24234],[22.54437,42.24107],[22.53767,42.23771],[22.53628,42.23915],[22.53462,42.23986],[22.53248,42.24013],[22.52952,42.23947],[22.52728,42.23697],[22.52706,42.23564],[22.5279,42.23388],[22.52686,42.23298],[22.52523,42.2329],[22.5232,42.2337],[22.51961,42.2341],[22.51674,42.2312],[22.51355,42.23186],[22.51156,42.23163],[22.50871,42.23044],[22.50586,42.22852],[22.50314,42.22819],[22.50042,42.22698],[22.49814,42.22478],[22.4941,42.22338],[22.49328,42.22245],[22.48932,42.22076],[22.48735,42.21909],[22.48378,42.21914],[22.48223,42.22034],[22.47991,42.22047],[22.47539,42.21815],[22.47416,42.21574],[22.4662,42.21685],[22.46166,42.21633],[22.46225,42.21614],[22.46197,42.21514],[22.46661,42.21106],[22.46842,42.20801],[22.4686,42.20617],[22.46914,42.20585],[22.46985,42.20304],[22.46882,42.20098],[22.471,42.20163],[22.47774,42.20082],[22.48596,42.20139],[22.49169,42.19889],[22.50114,42.19599],[22.5027,42.19427],[22.50427,42.19091],[22.50198,42.18869],[22.501,42.18663],[22.50173,42.18578],[22.50229,42.18219],[22.50365,42.18091],[22.50523,42.17805],[22.50575,42.17579],[22.50526,42.17136],[22.50597,42.1688],[22.50746,42.1664],[22.51023,42.16462],[22.51101,42.1628],[22.5162,42.15786],[22.51831,42.15783],[22.51689,42.15642],[22.5132,42.15543],[22.5127,42.15278],[22.51753,42.14977],[22.52421,42.14702],[22.52499,42.14374],[22.52788,42.13992],[22.52889,42.13921],[22.5315,42.13894],[22.54172,42.1352],[22.54825,42.13461],[22.5536,42.12893],[22.55657,42.12854],[22.55801,42.12551],[22.56262,42.12385],[22.56395,42.11988],[22.56599,42.11773],[22.56774,42.11669],[22.5685,42.11702],[22.56976,42.11637],[22.57232,42.11452],[22.57689,42.11243],[22.58073,42.11001],[22.58422,42.10893],[22.58462,42.10843],[22.58563,42.1093],[22.58901,42.10969],[22.58997,42.11023],[22.59274,42.10791],[22.59334,42.10658],[22.59495,42.10502],[22.59744,42.1032],[22.59892,42.10275],[22.60089,42.10252],[22.60246,42.1029],[22.60557,42.10481],[22.60873,42.10575],[22.60885,42.10497],[22.60576,42.1011],[22.60469,42.09786],[22.60608,42.09775],[22.61039,42.09588],[22.61207,42.0946],[22.61674,42.09692],[22.62398,42.09476],[22.63069,42.09367],[22.63145,42.09165],[22.63509,42.08885],[22.63794,42.08863],[22.64094,42.08607],[22.64157,42.08573],[22.64263,42.08603],[22.64426,42.0847],[22.64475,42.08334],[22.64599,42.08237],[22.64667,42.0811],[22.64821,42.08047],[22.64974,42.08054],[22.65022,42.07723],[22.65071,42.07669],[22.65724,42.07489],[22.65697,42.07442],[22.66295,42.07233],[22.66518,42.07047],[22.66697,42.07001],[22.66926,42.07053],[22.67159,42.06889],[22.67399,42.06589],[22.67681,42.06463],[22.67832,42.06451],[22.67996,42.06345],[22.68305,42.06369],[22.68446,42.06462],[22.68617,42.06387],[22.68869,42.06484],[22.69115,42.06394],[22.69194,42.0631],[22.69532,42.0638],[22.69722,42.06328],[22.699,42.06384],[22.69997,42.06544],[22.70089,42.06475],[22.70185,42.06524],[22.70386,42.06483],[22.70808,42.06665],[22.71025,42.06694],[22.71133,42.06784],[22.71375,42.06758],[22.71738,42.06846],[22.71644,42.06981],[22.71697,42.07114],[22.71671,42.07604],[22.71639,42.07691],[22.71456,42.07825],[22.71381,42.0796],[22.71755,42.0787],[22.72522,42.07971],[22.72391,42.09351],[22.72628,42.09865],[22.72488,42.10072],[22.73005,42.10092],[22.73179,42.10174],[22.73119,42.10305],[22.72918,42.10259],[22.73209,42.10479],[22.73413,42.10487],[22.73727,42.10366],[22.7419,42.10326],[22.74322,42.10255],[22.74756,42.10252],[22.7479,42.1012],[22.74526,42.09882],[22.74412,42.09669],[22.74873,42.09648],[22.7498,42.09576],[22.74892,42.09363],[22.74724,42.09205],[22.74707,42.09071],[22.74416,42.08851],[22.74347,42.08735],[22.74334,42.08544],[22.74129,42.08175],[22.74124,42.07871],[22.74053,42.07792],[22.74611,42.07851],[22.74645,42.07719],[22.75205,42.0774],[22.75616,42.07698],[22.75881,42.07556],[22.76184,42.07605],[22.76069,42.07411],[22.7614,42.07109],[22.76665,42.06882],[22.77107,42.06765],[22.77463,42.06778],[22.77738,42.06864],[22.77575,42.0701],[22.77166,42.07033],[22.76924,42.07214],[22.76909,42.08202],[22.7703,42.08302],[22.77438,42.08317],[22.77688,42.08383],[22.77983,42.08565],[22.78166,42.08496],[22.78369,42.08503],[22.78385,42.08656],[22.78302,42.08748],[22.78045,42.08777],[22.77947,42.08716],[22.77356,42.0877],[22.77103,42.08742],[22.76765,42.08843],[22.76575,42.09007],[22.76757,42.09337],[22.76722,42.09488],[22.76582,42.09673],[22.76575,42.09768],[22.76642,42.09922],[22.76717,42.09944],[22.76581,42.10072],[22.76805,42.10157],[22.77341,42.10157],[22.77491,42.10201],[22.77459,42.10675],[22.77667,42.10626],[22.77892,42.10691],[22.77936,42.10807],[22.78109,42.10889],[22.78388,42.10918],[22.78511,42.1098],[22.7837,42.11184],[22.78246,42.11248],[22.78363,42.11304],[22.78452,42.11422],[22.78634,42.11475],[22.78716,42.11445],[22.78774,42.11503],[22.79182,42.1145],[22.7943,42.11479],[22.8008,42.11357],[22.80216,42.11414],[22.80596,42.11379],[22.80676,42.11295],[22.80904,42.1122],[22.80992,42.11082],[22.80993,42.11018],[22.80919,42.1098],[22.80708,42.11007],[22.80463,42.10821],[22.80352,42.10793],[22.80328,42.1071],[22.80428,42.10563],[22.80404,42.10499],[22.80207,42.10415],[22.79822,42.10551],[22.79699,42.10513],[22.79636,42.10578],[22.79806,42.10892],[22.79917,42.10966],[22.79916,42.11058],[22.79793,42.11165],[22.79618,42.11185],[22.7926,42.11073],[22.79283,42.10907],[22.78918,42.10876],[22.78905,42.10749],[22.7872,42.10692],[22.7867,42.10589],[22.78777,42.10547],[22.78899,42.10612],[22.79257,42.10612],[22.79466,42.10345],[22.79411,42.10317],[22.79157,42.10373],[22.79116,42.10259],[22.79376,42.10221],[22.795,42.10141],[22.80359,42.10011],[22.80459,42.09928],[22.80373,42.09872],[22.80351,42.09727],[22.80108,42.09768],[22.80076,42.09889],[22.79902,42.09925],[22.79854,42.09851],[22.79222,42.09773],[22.79191,42.0963],[22.78949,42.09551],[22.79035,42.09423],[22.78875,42.09416],[22.78761,42.09278],[22.7882,42.09202],[22.79103,42.09254],[22.79336,42.0917],[22.79249,42.09107],[22.7906,42.09108],[22.79095,42.08939],[22.79445,42.08984],[22.80175,42.08874],[22.80468,42.08754],[22.81006,42.08664],[22.81852,42.08803],[22.81965,42.08862],[22.81915,42.08987],[22.81964,42.09043],[22.82275,42.0907],[22.82599,42.08896],[22.82664,42.08789],[22.82775,42.08774],[22.82792,42.0862],[22.82859,42.08583],[22.83146,42.08723],[22.83151,42.08764],[22.82946,42.08845],[22.83067,42.08933],[22.83078,42.08992],[22.83338,42.0899],[22.83471,42.09097],[22.83619,42.09098],[22.83812,42.08867],[22.83818,42.08621],[22.8378,42.08434],[22.83632,42.08325],[22.83547,42.0817],[22.83528,42.07707],[22.83081,42.07244],[22.82386,42.07193],[22.8219,42.06978],[22.81608,42.068],[22.81339,42.06634],[22.80971,42.06386],[22.80985,42.06178],[22.80643,42.05801],[22.79312,42.05583],[22.78982,42.05298],[22.78623,42.0518],[22.77942,42.05168],[22.77429,42.05006],[22.7696,42.04703],[22.76699,42.04693],[22.76175,42.04947],[22.75881,42.0517],[22.75611,42.0503],[22.75644,42.04797],[22.75739,42.0467],[22.76179,42.04361],[22.76429,42.04279],[22.77005,42.04288],[22.7733,42.04391],[22.77562,42.04582],[22.77918,42.04738],[22.79047,42.04845],[22.79292,42.05088],[22.79631,42.05244],[22.80394,42.05337],[22.81108,42.05636],[22.81255,42.05785],[22.81254,42.06071],[22.81701,42.06452],[22.8191,42.0646],[22.82269,42.06577],[22.82448,42.06779],[22.82693,42.06775],[22.83209,42.06897],[22.83843,42.0735],[22.83939,42.07497],[22.84125,42.07582],[22.84129,42.07654],[22.84169,42.07651],[22.8451,42.0804],[22.84517,42.0877],[22.84335,42.09432],[22.84231,42.09576],[22.84107,42.09947],[22.84066,42.10366],[22.83928,42.10698],[22.83913,42.10867],[22.84209,42.11069],[22.84468,42.11358],[22.84801,42.12325],[22.84963,42.12435],[22.85355,42.12989],[22.85433,42.1336],[22.85329,42.13722],[22.85329,42.13899],[22.85558,42.14076],[22.85359,42.14136],[22.85387,42.14202],[22.8534,42.14203],[22.85752,42.16227],[22.85906,42.16282],[22.86256,42.16555],[22.86808,42.17613],[22.86952,42.1808],[22.86972,42.18658],[22.86843,42.18855],[22.86948,42.19223],[22.87059,42.19411],[22.8704,42.19699],[22.86963,42.19831],[22.87039,42.19906],[22.87075,42.20042],[22.86979,42.20176],[22.87131,42.20395],[22.87171,42.20974],[22.86882,42.21526],[22.86693,42.22053],[22.86511,42.22162],[22.86539,42.22625],[22.86692,42.22962],[22.86714,42.23208],[22.86629,42.23449],[22.86659,42.23754],[22.86954,42.23996],[22.87294,42.24138],[22.8895,42.24659],[22.88826,42.2477],[22.8865,42.24793],[22.88588,42.24848],[22.88427,42.24789],[22.88364,42.24838],[22.87879,42.24686],[22.87194,42.24783],[22.86269,42.2432],[22.86099,42.24209],[22.86036,42.24079],[22.86141,42.23358],[22.86009,42.22901],[22.86013,42.23833],[22.85648,42.23472],[22.85621,42.23361],[22.85783,42.23154],[22.85795,42.22977],[22.85544,42.2262],[22.85424,42.22717],[22.85239,42.22744],[22.8506,42.22517],[22.84773,42.22363],[22.8467,42.22189],[22.84419,42.22005],[22.8413,42.21983],[22.84041,42.21795],[22.84069,42.21616],[22.84027,42.21588],[22.83516,42.21519],[22.83021,42.21587],[22.82908,42.21781],[22.83071,42.21881],[22.82865,42.2197],[22.82828,42.22295],[22.82705,42.22289],[22.82466,42.22181],[22.82255,42.22248],[22.82201,42.22169],[22.82308,42.22114],[22.82303,42.22048],[22.81836,42.21904],[22.8189,42.21726],[22.81823,42.21661],[22.81931,42.21516],[22.8201,42.21274],[22.81915,42.21108],[22.81866,42.21075],[22.81663,42.21257],[22.81478,42.21369],[22.81404,42.21359],[22.81469,42.21181],[22.81404,42.21109],[22.81437,42.20983],[22.8133,42.20785],[22.81318,42.20618],[22.81257,42.20544],[22.81074,42.20494],[22.81185,42.20304],[22.81272,42.20268],[22.81272,42.20185],[22.81147,42.20043],[22.81176,42.19872],[22.81031,42.1971],[22.80806,42.19602],[22.80784,42.19478],[22.81079,42.19325],[22.81088,42.19052],[22.81211,42.19076],[22.81401,42.19022],[22.8151,42.19094],[22.8151,42.19212],[22.81717,42.19139],[22.81825,42.19175],[22.81745,42.19396],[22.81822,42.19399],[22.82026,42.19285],[22.8248,42.19528],[22.82669,42.19961],[22.82327,42.19954],[22.8207,42.2018],[22.81699,42.20329],[22.81763,42.20528],[22.81935,42.20723],[22.8204,42.20733],[22.82238,42.20557],[22.82591,42.20392],[22.8284,42.20073],[22.83129,42.20305],[22.83709,42.20532],[22.83824,42.20703],[22.84117,42.20802],[22.84203,42.20785],[22.84643,42.20991],[22.84674,42.20973],[22.84612,42.20707],[22.845,42.20418],[22.84124,42.20354],[22.84034,42.20236],[22.83774,42.20066],[22.83982,42.19822],[22.84187,42.19883],[22.84271,42.19857],[22.84259,42.19441],[22.84299,42.19396],[22.84384,42.19479],[22.84495,42.19467],[22.84483,42.19128],[22.84141,42.18987],[22.83614,42.19225],[22.83569,42.19191],[22.83636,42.19102],[22.83467,42.1908],[22.83654,42.18972],[22.83662,42.18889],[22.8328,42.18881],[22.83242,42.18931],[22.83273,42.19357],[22.83089,42.19329],[22.83007,42.1896],[22.82883,42.18867],[22.82863,42.18782],[22.82937,42.18456],[22.82902,42.18346],[22.82829,42.18322],[22.82704,42.18412],[22.8256,42.18182],[22.82503,42.18169],[22.82568,42.18046],[22.82483,42.17926],[22.82508,42.1788],[22.82843,42.17775],[22.82782,42.17669],[22.82547,42.17659],[22.82524,42.17493],[22.8259,42.17094],[22.8208,42.16951],[22.81985,42.16834],[22.81373,42.16517],[22.81269,42.1663],[22.81112,42.16668],[22.80928,42.16482],[22.81023,42.16259],[22.80891,42.16198],[22.8082,42.15843],[22.80399,42.15757],[22.79832,42.15736],[22.79395,42.15897],[22.78926,42.15809],[22.78619,42.1615],[22.78496,42.15864],[22.78099,42.15426],[22.7824,42.14726],[22.77696,42.14353],[22.77592,42.13785],[22.77672,42.13294],[22.77766,42.13138],[22.77689,42.13104],[22.7734,42.13222],[22.76904,42.13238],[22.76735,42.13167],[22.76713,42.12842],[22.76635,42.12786],[22.75945,42.12799],[22.74914,42.12706],[22.7403,42.12717],[22.73884,42.12835],[22.73871,42.13028],[22.73684,42.13216],[22.73239,42.13361],[22.72651,42.13696],[22.72408,42.14076],[22.72379,42.14496],[22.72707,42.14799],[22.73222,42.14916],[22.73211,42.15078],[22.74176,42.15233],[22.74459,42.15358],[22.74744,42.15581],[22.74904,42.16008],[22.75015,42.16729],[22.7518,42.16981],[22.75772,42.17118],[22.76748,42.17197],[22.76705,42.16432],[22.7678,42.16012],[22.77142,42.16272],[22.7731,42.16596],[22.77294,42.16842],[22.77717,42.16893],[22.78166,42.17262],[22.78145,42.17579],[22.77197,42.1758],[22.77178,42.1786],[22.77535,42.18191],[22.77661,42.18442],[22.77589,42.18461],[22.7768,42.18866],[22.7707,42.18773],[22.76795,42.18622],[22.7646,42.1868],[22.75987,42.18663],[22.7514,42.18561],[22.74537,42.18362],[22.74556,42.18081],[22.74965,42.17637],[22.74987,42.17313],[22.74829,42.1725],[22.74553,42.16841],[22.74343,42.15787],[22.73986,42.15566],[22.72941,42.154],[22.71481,42.15352],[22.7143,42.15659],[22.71636,42.15829],[22.71614,42.16152],[22.71258,42.16268],[22.70606,42.16244],[22.70496,42.15948],[22.70537,42.1534],[22.70478,42.15214],[22.70555,42.15075],[22.70358,42.14776],[22.70017,42.14666],[22.69815,42.14432],[22.6947,42.14387],[22.69454,42.15261],[22.68852,42.15141],[22.6839,42.14897],[22.68192,42.14577],[22.68048,42.14606],[22.68038,42.15007],[22.68754,42.16823],[22.6864,42.17223],[22.68305,42.17906],[22.67977,42.19495],[22.68409,42.20144],[22.68541,42.20675],[22.69273,42.2202],[22.69981,42.23778],[22.7004,42.2426],[22.69496,42.25715],[22.69358,42.25807],[22.69173,42.258],[22.69097,42.25758],[22.69035,42.25628],[22.69553,42.24269],[22.69507,42.2386],[22.68812,42.22129],[22.68079,42.20785],[22.67949,42.20262],[22.67485,42.19515],[22.67829,42.17838],[22.6818,42.17111],[22.68263,42.16821],[22.67593,42.1515],[22.67488,42.15349],[22.67011,42.15331],[22.663,42.15531],[22.66202,42.15689],[22.66187,42.15915],[22.6651,42.16284],[22.66584,42.16481],[22.67165,42.16892],[22.67235,42.17154],[22.67015,42.17178],[22.66998,42.17436],[22.66678,42.17651],[22.66367,42.17736],[22.66352,42.17963],[22.65163,42.18144],[22.65141,42.18467],[22.65219,42.186],[22.64749,42.19101],[22.64923,42.19107],[22.64914,42.19236],[22.65122,42.19374],[22.65426,42.19385],[22.64678,42.20135],[22.64449,42.20288],[22.64605,42.20553],[22.65145,42.20314],[22.65366,42.20258],[22.65671,42.2027],[22.66166,42.20677],[22.66648,42.20631],[22.67074,42.20776],[22.66924,42.21062],[22.66695,42.21216],[22.6641,42.21561],[22.65834,42.21701],[22.65496,42.21883],[22.6518,42.223],[22.6453,42.22928],[22.64795,42.23504],[22.64768,42.24424],[22.6431,42.25246],[22.64304,42.25869],[22.64366,42.26034],[22.64033,42.26021],[22.63893,42.26567]],[[22.82171,42.12681],[22.81889,42.12769],[22.81944,42.12902],[22.82108,42.13023],[22.82078,42.13265],[22.81824,42.13352],[22.81528,42.13286],[22.81373,42.1333],[22.81378,42.13426],[22.81299,42.13448],[22.81177,42.13888],[22.81355,42.14126],[22.82236,42.14576],[22.82417,42.14771],[22.8304,42.15039],[22.83769,42.1547],[22.83957,42.15534],[22.84095,42.15798],[22.84235,42.15913],[22.84556,42.16051],[22.84778,42.16025],[22.84984,42.16134],[22.85247,42.16155],[22.85029,42.15053],[22.84661,42.14879],[22.84168,42.14488],[22.83967,42.14235],[22.83887,42.14222],[22.83834,42.1409],[22.83824,42.13777],[22.83714,42.13703],[22.8321,42.13786],[22.8306,42.13704],[22.82933,42.13761],[22.82788,42.13718],[22.82695,42.13218],[22.8258,42.13129],[22.82717,42.12975],[22.82796,42.12798],[22.82222,42.12736],[22.82171,42.12681]]]},"properties":{"SiteCode":"BG0001011","SiteNameBG":"Осоговска планина","SiteType":"SCI","SiteArea":34513.245044399999,"naturaClass":"habitats"}},{"type":"Feature","geometry":{"type":"MultiPolygon","coordinates":[[[[26.46961,42.97484],[26.46889,42.97514],[26.46776,42.97426],[26.46541,42.9712],[26.46379,42.97152],[26.465,42.97107],[26.46382,42.97011],[26.4627,42.9698],[26.46043,42.97009],[26.45816,42.9685],[26.45412,42.96778],[26.45354,42.96735],[26.45576,42.96774],[26.45223,42.96695],[26.44951,42.96539],[26.44897,42.96421],[26.44841,42.96406],[26.44848,42.96506],[26.4475,42.96483],[26.44445,42.96709],[26.44174,42.96807],[26.44162,42.96731],[26.44071,42.96809],[26.4398,42.96789],[26.4368,42.96877],[26.43538,42.96845],[26.43494,42.96947],[26.43203,42.96969],[26.43115,42.97045],[26.42924,42.97005],[26.42817,42.97105],[26.42702,42.96929],[26.42762,42.96781],[26.42733,42.9661],[26.42469,42.96418],[26.42004,42.96528],[26.41111,42.96437],[26.40427,42.96631],[26.40036,42.96601],[26.39928,42.96654],[26.3963,42.96537],[26.39542,42.9634],[26.39383,42.9628],[26.39207,42.96292],[26.387,42.96564],[26.38375,42.96559],[26.38159,42.96494],[26.37525,42.96555],[26.37135,42.96482],[26.36741,42.96223],[26.36599,42.96194],[26.36119,42.96285],[26.3599,42.96564],[26.3563,42.96753],[26.35521,42.96827],[26.35533,42.96908],[26.35443,42.96903],[26.35173,42.97107],[26.34859,42.97195],[26.34645,42.97195],[26.34351,42.97562],[26.34377,42.97661],[26.34322,42.97725],[26.34437,42.9801],[26.3442,42.98084],[26.34256,42.98091],[26.34316,42.98047],[26.34238,42.97828],[26.3401,42.97847],[26.33863,42.98079],[26.33498,42.98103],[26.33495,42.98159],[26.33177,42.98195],[26.33152,42.98266],[26.33107,42.98232],[26.33143,42.98156],[26.33077,42.98219],[26.32835,42.98277],[26.32711,42.98414],[26.32387,42.98376],[26.32305,42.98414],[26.32024,42.9834],[26.31846,42.98401],[26.31703,42.98208],[26.31244,42.98144],[26.30826,42.98199],[26.30654,42.98119],[26.303,42.9809],[26.30257,42.98021],[26.30077,42.97997],[26.29921,42.97891],[26.28609,42.97805],[26.28378,42.98042],[26.27896,42.98225],[26.27653,42.98408],[26.27542,42.98565],[26.27451,42.98936],[26.27051,42.98928],[26.26272,42.98743],[26.26118,42.98772],[26.25587,42.98483],[26.25239,42.98402],[26.24836,42.98173],[26.24538,42.97718],[26.24236,42.97448],[26.23832,42.97181],[26.23605,42.96805],[26.23312,42.96621],[26.23364,42.96538],[26.2326,42.96427],[26.23124,42.96381],[26.22934,42.96408],[26.23124,42.96259],[26.23333,42.96231],[26.23361,42.96263],[26.23501,42.96097],[26.23606,42.96108],[26.23776,42.95663],[26.2365,42.95491],[26.23844,42.95618],[26.23906,42.95756],[26.23774,42.95855],[26.23806,42.95875],[26.23733,42.95916],[26.23727,42.95979],[26.23827,42.9598],[26.24086,42.95724],[26.24339,42.95669],[26.2403,42.95535],[26.23844,42.95511],[26.23717,42.95364],[26.23749,42.95241],[26.23898,42.95069],[26.23894,42.95001],[26.23758,42.94951],[26.23705,42.95098],[26.23673,42.94985],[26.2356,42.9507],[26.2352,42.95046],[26.23673,42.949],[26.23539,42.94705],[26.23616,42.94618],[26.23575,42.94566],[26.23442,42.94579],[26.2341,42.94871],[26.23359,42.94898],[26.23354,42.94681],[26.23295,42.94649],[26.2336,42.94466],[26.23226,42.94395],[26.23175,42.94694],[26.23118,42.94512],[26.23051,42.94527],[26.23046,42.94607],[26.2302,42.94592],[26.2304,42.94484],[26.23122,42.94446],[26.23058,42.94331],[26.22852,42.94333],[26.22802,42.94392],[26.22808,42.9434],[26.22644,42.94267],[26.22673,42.94219],[26.22388,42.94205],[26.22396,42.94139],[26.22249,42.94117],[26.22187,42.94314],[26.22151,42.94111],[26.21915,42.94111],[26.21915,42.94032],[26.21761,42.94099],[26.2184,42.94269],[26.21752,42.9416],[26.21696,42.94172],[26.21622,42.94019],[26.21395,42.94061],[26.21281,42.9398],[26.21196,42.94024],[26.21115,42.93955],[26.20996,42.94005],[26.20888,42.93944],[26.2087,42.93992],[26.2076,42.93914],[26.20684,42.93946],[26.20808,42.94096],[26.20952,42.94094],[26.2116,42.94178],[26.20889,42.94127],[26.20933,42.94192],[26.20828,42.94132],[26.20813,42.94198],[26.20784,42.94113],[26.20684,42.94047],[26.20637,42.94184],[26.20699,42.94281],[26.20665,42.94307],[26.20613,42.94165],[26.20646,42.93947],[26.20482,42.93908],[26.20394,42.93996],[26.20459,42.93891],[26.20402,42.93853],[26.20201,42.9388],[26.20025,42.93844],[26.20045,42.93788],[26.20178,42.93791],[26.20177,42.93749],[26.20382,42.93735],[26.20454,42.93772],[26.20674,42.93703],[26.20697,42.9375],[26.21482,42.93484],[26.21509,42.93425],[26.21265,42.93425],[26.21179,42.93337],[26.21233,42.93295],[26.20872,42.9353],[26.20046,42.93687],[26.2013,42.93625],[26.20083,42.93538],[26.20165,42.93653],[26.20537,42.93524],[26.20769,42.93526],[26.20994,42.93402],[26.21084,42.93314],[26.21044,42.93275],[26.21099,42.93251],[26.21069,42.93125],[26.21125,42.92956],[26.21066,42.92954],[26.21231,42.92544],[26.21433,42.92406],[26.21521,42.92204],[26.21693,42.92157],[26.21404,42.92051],[26.21479,42.91955],[26.21205,42.91742],[26.21162,42.91525],[26.2094,42.91301],[26.20838,42.90776],[26.20978,42.90661],[26.21007,42.90552],[26.2074,42.90533],[26.20475,42.90403],[26.20376,42.90439],[26.20353,42.90388],[26.20171,42.90316],[26.20025,42.90307],[26.19933,42.90023],[26.19788,42.89909],[26.19772,42.89841],[26.19689,42.89813],[26.19555,42.89883],[26.19638,42.89803],[26.19541,42.89804],[26.19551,42.89749],[26.19378,42.89744],[26.19498,42.89715],[26.19544,42.89673],[26.19512,42.89636],[26.1962,42.89614],[26.19806,42.89656],[26.19817,42.89607],[26.19719,42.89566],[26.19582,42.89356],[26.1955,42.89168],[26.19641,42.89414],[26.19851,42.89273],[26.19995,42.89284],[26.20019,42.89211],[26.20234,42.89211],[26.2018,42.89146],[26.20348,42.89119],[26.20338,42.89065],[26.20227,42.89064],[26.20402,42.88939],[26.20341,42.88921],[26.20337,42.88864],[26.20415,42.88797],[26.20306,42.88741],[26.20196,42.8876],[26.20078,42.88896],[26.20024,42.89108],[26.20043,42.88896],[26.20212,42.88716],[26.19937,42.88661],[26.19794,42.88732],[26.19753,42.88846],[26.19795,42.88881],[26.1963,42.89006],[26.19719,42.88779],[26.19381,42.88661],[26.19441,42.88611],[26.19664,42.88708],[26.19871,42.88649],[26.19745,42.88548],[26.19607,42.88584],[26.19715,42.88554],[26.19684,42.88446],[26.19474,42.88434],[26.19512,42.88398],[26.1966,42.88408],[26.19657,42.88322],[26.19743,42.88305],[26.19755,42.88255],[26.19848,42.88294],[26.19739,42.88321],[26.19828,42.88408],[26.19769,42.88447],[26.19788,42.88492],[26.19971,42.88456],[26.19927,42.8855],[26.20033,42.88595],[26.1995,42.88598],[26.19967,42.88636],[26.20399,42.88726],[26.20431,42.88695],[26.20351,42.88621],[26.20365,42.8853],[26.20201,42.88468],[26.20337,42.88425],[26.2025,42.88398],[26.20239,42.88333],[26.20258,42.88305],[26.20442,42.88381],[26.20514,42.88354],[26.20507,42.8824],[26.20443,42.88165],[26.20469,42.88106],[26.20651,42.88151],[26.20684,42.88077],[26.20623,42.88078],[26.20628,42.88035],[26.2068,42.87918],[26.20632,42.87866],[26.20793,42.87847],[26.20725,42.87658],[26.20708,42.87367],[26.2053,42.87067],[26.2031,42.87195],[26.20281,42.87119],[26.20111,42.87131],[26.20159,42.87188],[26.20147,42.87265],[26.20108,42.87228],[26.20044,42.87248],[26.20068,42.86951],[26.20016,42.86929],[26.1999,42.86985],[26.1992,42.86816],[26.19981,42.86747],[26.20332,42.86598],[26.20298,42.8653],[26.20379,42.86231],[26.20583,42.85823],[26.2016,42.85955],[26.20001,42.85918],[26.19877,42.85828],[26.19611,42.86065],[26.19495,42.86094],[26.18976,42.85904],[26.1889,42.85951],[26.18972,42.8604],[26.19085,42.86046],[26.18874,42.86227],[26.19039,42.86229],[26.19061,42.86293],[26.18762,42.86321],[26.18906,42.86413],[26.18858,42.86451],[26.18383,42.86511],[26.18425,42.86398],[26.18506,42.86339],[26.18476,42.86228],[26.18532,42.86047],[26.18629,42.85985],[26.18724,42.85829],[26.18873,42.85782],[26.18948,42.85685],[26.19112,42.85598],[26.19429,42.85122],[26.20124,42.8471],[26.20402,42.8465],[26.2029,42.84424],[26.20116,42.84417],[26.19905,42.84335],[26.19868,42.84208],[26.19894,42.84055],[26.19836,42.84041],[26.19575,42.84149],[26.19369,42.84537],[26.18993,42.84616],[26.1887,42.84692],[26.18806,42.8482],[26.18406,42.84677],[26.17718,42.84526],[26.17655,42.84491],[26.17699,42.84374],[26.18275,42.84095],[26.19427,42.8401],[26.19723,42.8378],[26.19933,42.83451],[26.20131,42.83283],[26.20147,42.831],[26.20975,42.82537],[26.21073,42.82384],[26.21076,42.8224],[26.21154,42.82056],[26.21548,42.82499],[26.21863,42.82522],[26.21995,42.8262],[26.2206,42.82749],[26.22646,42.82839],[26.22879,42.82716],[26.23117,42.82703],[26.23487,42.82574],[26.23616,42.82586],[26.2385,42.82514],[26.25399,42.8248],[26.25653,42.82416],[26.25794,42.82348],[26.25885,42.8224],[26.26138,42.82155],[26.26288,42.82213],[26.26707,42.82218],[26.27065,42.82076],[26.27219,42.8185],[26.27026,42.81701],[26.27063,42.8147],[26.27189,42.81368],[26.27102,42.81271],[26.27097,42.81096],[26.27027,42.80978],[26.27121,42.80815],[26.27047,42.80689],[26.27127,42.80567],[26.27092,42.80501],[26.27716,42.80467],[26.2794,42.80359],[26.2799,42.80187],[26.28187,42.80043],[26.28629,42.80029],[26.28702,42.79972],[26.28782,42.79996],[26.29201,42.79901],[26.29423,42.79759],[26.2964,42.79696],[26.30072,42.7976],[26.29967,42.79811],[26.3007,42.79781],[26.30021,42.79895],[26.30095,42.79972],[26.30414,42.79995],[26.30409,42.80052],[26.30514,42.80064],[26.30596,42.80131],[26.30762,42.80132],[26.30788,42.80055],[26.30889,42.80004],[26.31146,42.80067],[26.31552,42.79936],[26.31582,42.80002],[26.31538,42.79901],[26.31392,42.79948],[26.31525,42.79917],[26.31527,42.79882],[26.31617,42.7994],[26.31714,42.79903],[26.31746,42.79949],[26.31826,42.799],[26.31814,42.79844],[26.31919,42.79817],[26.32805,42.79815],[26.32802,42.79764],[26.32863,42.79745],[26.32854,42.79633],[26.33056,42.79514],[26.32976,42.79469],[26.33047,42.79363],[26.33009,42.79278],[26.33911,42.79451],[26.33832,42.79471],[26.33816,42.79529],[26.33694,42.79478],[26.33731,42.79561],[26.33984,42.79595],[26.3406,42.79597],[26.34058,42.79517],[26.34237,42.79512],[26.34211,42.79464],[26.34383,42.79359],[26.34446,42.79413],[26.34483,42.79351],[26.34526,42.79426],[26.3465,42.79355],[26.34671,42.79392],[26.34815,42.79382],[26.34801,42.79444],[26.35086,42.79446],[26.3509,42.79181],[26.34917,42.7911],[26.35177,42.79221],[26.35222,42.79143],[26.3543,42.79179],[26.35382,42.79154],[26.35534,42.79145],[26.35695,42.78971],[26.35886,42.79067],[26.359,42.79129],[26.3571,42.79304],[26.35952,42.7945],[26.3629,42.79346],[26.36417,42.79381],[26.36371,42.79442],[26.3651,42.79466],[26.36658,42.79373],[26.36709,42.79249],[26.36825,42.79264],[26.36902,42.79397],[26.36874,42.79506],[26.37167,42.79303],[26.37367,42.79281],[26.37483,42.79182],[26.37789,42.79091],[26.37855,42.79114],[26.37998,42.79023],[26.38022,42.78917],[26.3777,42.78718],[26.37765,42.78537],[26.38259,42.78397],[26.3851,42.78255],[26.38473,42.78237],[26.38502,42.78192],[26.39166,42.78122],[26.39647,42.78155],[26.40205,42.78264],[26.40241,42.78408],[26.40173,42.7855],[26.40267,42.78396],[26.40556,42.78383],[26.40606,42.7841],[26.40578,42.7851],[26.40773,42.78489],[26.40743,42.78586],[26.40991,42.7858],[26.41002,42.78644],[26.41266,42.78699],[26.41501,42.79013],[26.41678,42.79143],[26.42082,42.79214],[26.42246,42.79132],[26.42431,42.79238],[26.42587,42.79259],[26.42618,42.79317],[26.42803,42.79325],[26.42859,42.79382],[26.43152,42.79454],[26.43249,42.79624],[26.43434,42.79713],[26.43689,42.79793],[26.43897,42.79792],[26.4401,42.7989],[26.44097,42.79867],[26.4429,42.79665],[26.44737,42.79429],[26.45222,42.79412],[26.45336,42.79473],[26.45487,42.79394],[26.46136,42.79354],[26.46411,42.79276],[26.46688,42.79374],[26.47603,42.79264],[26.47739,42.79458],[26.47961,42.7936],[26.48489,42.79366],[26.48715,42.79287],[26.49244,42.7943],[26.49344,42.79342],[26.49634,42.79285],[26.50063,42.79392],[26.49972,42.7903],[26.49877,42.78868],[26.49604,42.78713],[26.49522,42.78538],[26.49755,42.78481],[26.49781,42.78425],[26.50037,42.78448],[26.5006,42.78518],[26.50301,42.78486],[26.50622,42.78271],[26.50701,42.78335],[26.50951,42.78363],[26.51344,42.78271],[26.51615,42.78403],[26.51767,42.78405],[26.51887,42.7831],[26.51793,42.78184],[26.51939,42.78138],[26.5203,42.78195],[26.52078,42.78357],[26.52378,42.78371],[26.52438,42.78529],[26.52392,42.78529],[26.52391,42.78593],[26.52571,42.78566],[26.52756,42.7865],[26.52855,42.78595],[26.52953,42.78629],[26.53149,42.78536],[26.53185,42.78557],[26.53247,42.78612],[26.53146,42.78794],[26.5319,42.78908],[26.53453,42.79039],[26.53381,42.79062],[26.53404,42.79126],[26.53495,42.79136],[26.53631,42.79235],[26.53589,42.79282],[26.53661,42.79451],[26.53944,42.79543],[26.54108,42.79494],[26.54372,42.7964],[26.54534,42.79636],[26.54738,42.79803],[26.54702,42.79996],[26.54565,42.80096],[26.54561,42.80182],[26.54775,42.8017],[26.55291,42.80012],[26.55621,42.80001],[26.55742,42.79953],[26.55753,42.79905],[26.55762,42.79944],[26.55913,42.79973],[26.55916,42.79907],[26.56359,42.79647],[26.5639,42.79427],[26.56279,42.79307],[26.56029,42.79183],[26.557,42.79145],[26.5561,42.79091],[26.55613,42.78886],[26.55721,42.78817],[26.55698,42.78841],[26.56362,42.78901],[26.56385,42.78951],[26.56726,42.79084],[26.56752,42.7917],[26.56965,42.79348],[26.57201,42.79445],[26.57523,42.79449],[26.5774,42.79361],[26.57958,42.79063],[26.5805,42.79051],[26.57998,42.78858],[26.57908,42.78758],[26.58212,42.78754],[26.58456,42.78651],[26.59668,42.79013],[26.59748,42.79134],[26.59796,42.79122],[26.59828,42.79189],[26.59944,42.79201],[26.59995,42.79254],[26.60049,42.79248],[26.60053,42.79189],[26.60215,42.7929],[26.60371,42.79256],[26.60503,42.79178],[26.60648,42.78984],[26.60663,42.78745],[26.60908,42.78464],[26.60923,42.78271],[26.60817,42.77961],[26.60937,42.77973],[26.60917,42.77947],[26.61,42.77902],[26.61225,42.77962],[26.61557,42.7821],[26.61673,42.78568],[26.61569,42.78608],[26.61574,42.78653],[26.61708,42.78972],[26.61965,42.7923],[26.62377,42.79307],[26.62618,42.79315],[26.62942,42.79217],[26.63256,42.79286],[26.63307,42.79354],[26.63258,42.79587],[26.63314,42.79635],[26.63227,42.79782],[26.6302,42.79841],[26.6276,42.79844],[26.6215,42.8015],[26.62105,42.80036],[26.61844,42.7998],[26.61643,42.80103],[26.61606,42.80254],[26.61364,42.80241],[26.61149,42.80301],[26.61105,42.80337],[26.6111,42.80421],[26.6086,42.80402],[26.61052,42.80233],[26.6084,42.80156],[26.60749,42.8019],[26.60675,42.80039],[26.60476,42.79978],[26.60379,42.79993],[26.60347,42.79951],[26.60337,42.80044],[26.60238,42.79962],[26.60106,42.79983],[26.59774,42.79929],[26.59718,42.79893],[26.59713,42.79803],[26.59573,42.80027],[26.59458,42.80073],[26.59436,42.80179],[26.5952,42.80179],[26.59564,42.80229],[26.59936,42.80156],[26.59964,42.80212],[26.5978,42.80287],[26.59836,42.80359],[26.60059,42.80357],[26.60049,42.80491],[26.60204,42.80522],[26.60058,42.81006],[26.59962,42.81153],[26.59988,42.81193],[26.5991,42.81183],[26.59892,42.8126],[26.60422,42.81372],[26.59903,42.81286],[26.59871,42.81372],[26.60322,42.81441],[26.59974,42.81401],[26.59951,42.81498],[26.60194,42.81578],[26.59669,42.81481],[26.59661,42.81536],[26.59765,42.81554],[26.59585,42.81542],[26.59581,42.81606],[26.59404,42.81621],[26.60038,42.81672],[26.59105,42.81625],[26.591,42.81715],[26.58873,42.81709],[26.58877,42.8163],[26.58697,42.81591],[26.58581,42.81728],[26.58418,42.81653],[26.58527,42.81525],[26.58407,42.81468],[26.58109,42.81398],[26.58047,42.81472],[26.57982,42.81442],[26.57873,42.81502],[26.58102,42.81671],[26.58844,42.82005],[26.59423,42.81966],[26.59941,42.81722],[26.60089,42.817],[26.6015,42.81635],[26.60244,42.81655],[26.60213,42.81714],[26.60264,42.81732],[26.60042,42.81897],[26.60108,42.81883],[26.6014,42.81969],[26.60229,42.81947],[26.60221,42.82037],[26.60111,42.82119],[26.60217,42.82372],[26.60189,42.82522],[26.604,42.82754],[26.60306,42.82767],[26.60315,42.82809],[26.60552,42.82814],[26.60692,42.83345],[26.60392,42.83702],[26.59845,42.83949],[26.59882,42.83981],[26.59756,42.84038],[26.59748,42.84099],[26.59871,42.84102],[26.59682,42.85277],[26.59917,42.85369],[26.59778,42.85483],[26.59975,42.8542],[26.59959,42.85362],[26.60169,42.85415],[26.60187,42.85354],[26.6023,42.85355],[26.60389,42.85472],[26.60529,42.85466],[26.60554,42.85512],[26.60892,42.85628],[26.60808,42.85729],[26.60959,42.85632],[26.6119,42.85737],[26.61199,42.85706],[26.60993,42.856],[26.61221,42.8571],[26.61252,42.8567],[26.61087,42.8553],[26.613,42.85656],[26.61293,42.85456],[26.61367,42.85654],[26.61459,42.85726],[26.6157,42.85684],[26.61641,42.8572],[26.61625,42.85751],[26.61699,42.85726],[26.61667,42.85773],[26.61741,42.85794],[26.61749,42.85856],[26.61837,42.85745],[26.61977,42.85737],[26.62099,42.85627],[26.62187,42.85739],[26.61912,42.85813],[26.61951,42.8591],[26.62069,42.85941],[26.62031,42.85904],[26.62302,42.85902],[26.62302,42.85961],[26.62386,42.85999],[26.62325,42.85814],[26.62392,42.85859],[26.62654,42.85818],[26.62627,42.85876],[26.62428,42.85972],[26.62538,42.86095],[26.62812,42.85962],[26.62865,42.85968],[26.62779,42.86042],[26.62827,42.861],[26.62796,42.86147],[26.62869,42.86126],[26.62878,42.86166],[26.63017,42.8611],[26.62982,42.86176],[26.63072,42.86169],[26.63169,42.86334],[26.63158,42.86837],[26.63209,42.86926],[26.6332,42.86946],[26.63264,42.87126],[26.63077,42.87306],[26.6306,42.87422],[26.63165,42.87565],[26.63056,42.87662],[26.63022,42.87827],[26.63066,42.87908],[26.62979,42.88042],[26.62928,42.88273],[26.63039,42.88623],[26.63002,42.88592],[26.62995,42.8866],[26.63142,42.88767],[26.63098,42.88784],[26.63111,42.88843],[26.62861,42.88852],[26.62904,42.89344],[26.62822,42.89572],[26.62953,42.90008],[26.63253,42.9037],[26.63526,42.90478],[26.63756,42.90656],[26.64125,42.90739],[26.64434,42.90729],[26.64579,42.908],[26.64915,42.90812],[26.64962,42.90898],[26.65103,42.90903],[26.65084,42.90959],[26.65198,42.91007],[26.65239,42.90932],[26.65518,42.90976],[26.6556,42.90947],[26.65675,42.9111],[26.6566,42.91349],[26.65829,42.91476],[26.6583,42.91656],[26.66083,42.9175],[26.66232,42.91888],[26.66207,42.92086],[26.6641,42.9234],[26.66424,42.9247],[26.66612,42.92516],[26.66821,42.92466],[26.66821,42.92409],[26.6689,42.92448],[26.66908,42.92549],[26.66804,42.92922],[26.66661,42.93029],[26.66574,42.93231],[26.66467,42.93223],[26.66334,42.93324],[26.66168,42.93315],[26.66048,42.93246],[26.65762,42.9333],[26.65483,42.93294],[26.65271,42.93104],[26.65121,42.93295],[26.65028,42.93306],[26.64903,42.93206],[26.64825,42.932],[26.64658,42.9297],[26.64491,42.93133],[26.64305,42.92978],[26.6425,42.93137],[26.64136,42.93146],[26.64192,42.93309],[26.6432,42.93472],[26.63812,42.93569],[26.63727,42.93531],[26.63776,42.93395],[26.6359,42.93416],[26.63467,42.93277],[26.63425,42.93344],[26.63443,42.93497],[26.63318,42.9364],[26.63144,42.93697],[26.62952,42.93617],[26.62843,42.93718],[26.62423,42.93664],[26.62919,42.93811],[26.63089,42.93969],[26.6313,42.94071],[26.63284,42.94066],[26.63373,42.94005],[26.63763,42.94445],[26.63992,42.9453],[26.64089,42.94502],[26.64436,42.94546],[26.64558,42.94641],[26.64683,42.9492],[26.64354,42.95114],[26.64567,42.96025],[26.64679,42.96232],[26.6495,42.96398],[26.65391,42.96445],[26.65374,42.96401],[26.65413,42.96447],[26.65503,42.97007],[26.65709,42.97234],[26.65787,42.97467],[26.65835,42.97477],[26.65992,42.97828],[26.66112,42.97969],[26.65943,42.97849],[26.65989,42.97966],[26.66068,42.98015],[26.65846,42.97996],[26.65825,42.9806],[26.66018,42.98046],[26.65981,42.98138],[26.6609,42.98108],[26.66054,42.98136],[26.66079,42.98187],[26.6599,42.98284],[26.65762,42.98365],[26.65641,42.98487],[26.65514,42.98513],[26.656,42.9843],[26.65016,42.97972],[26.64853,42.98014],[26.64614,42.98169],[26.64475,42.98025],[26.64424,42.98172],[26.64017,42.98092],[26.64109,42.98192],[26.63945,42.98135],[26.63978,42.98234],[26.6409,42.98242],[26.64106,42.98278],[26.64026,42.98267],[26.64012,42.98322],[26.64101,42.98398],[26.64042,42.98428],[26.64069,42.98479],[26.63921,42.98701],[26.63823,42.98696],[26.63711,42.98543],[26.63529,42.98627],[26.63595,42.98554],[26.63654,42.98315],[26.63083,42.9825],[26.62719,42.98451],[26.6275,42.98505],[26.62672,42.98551],[26.62622,42.98548],[26.6258,42.98414],[26.62419,42.98768],[26.62363,42.98598],[26.62125,42.98566],[26.6216,42.98383],[26.61606,42.98359],[26.61333,42.9872],[26.61221,42.98611],[26.61165,42.98726],[26.61241,42.98676],[26.61184,42.98786],[26.61299,42.98969],[26.61302,42.99233],[26.6143,42.99156],[26.61478,42.98998],[26.61616,42.98928],[26.61467,42.99111],[26.61474,42.9915],[26.61581,42.99133],[26.61297,42.99295],[26.61315,42.99395],[26.6138,42.99376],[26.61333,42.99431],[26.6142,42.99468],[26.61487,42.99407],[26.61462,42.99473],[26.61359,42.99466],[26.61446,42.99519],[26.61333,42.99462],[26.61309,42.9952],[26.61388,42.99603],[26.61499,42.99601],[26.61519,42.99513],[26.61671,42.99372],[26.61722,42.99376],[26.61523,42.99569],[26.61683,42.99521],[26.61538,42.99587],[26.61728,42.99709],[26.61752,42.99922],[26.61652,42.99829],[26.61674,42.99698],[26.61635,42.99656],[26.61378,42.99608],[26.6129,42.99516],[26.61271,42.99408],[26.61131,42.99342],[26.60896,42.99315],[26.608,42.99209],[26.60552,42.99202],[26.60325,42.99032],[26.60029,42.98989],[26.6005,42.99069],[26.6,42.99009],[26.59918,42.99085],[26.59755,42.9901],[26.59575,42.99253],[26.5844,42.98778],[26.58414,42.98971],[26.58024,42.9904],[26.57842,42.99202],[26.57758,42.99419],[26.57484,42.99501],[26.57164,42.99517],[26.57054,42.99678],[26.56795,42.99882],[26.56659,42.99866],[26.56647,42.99795],[26.56721,42.99791],[26.56715,42.99744],[26.56912,42.99733],[26.56952,42.9966],[26.5693,42.99583],[26.56748,42.99598],[26.56697,42.9967],[26.56527,42.99682],[26.56458,42.99641],[26.56363,42.99693],[26.56419,42.99752],[26.56333,42.99709],[26.56457,42.99635],[26.56877,42.99544],[26.5709,42.99582],[26.57087,42.99537],[26.57181,42.99489],[26.57378,42.99441],[26.5773,42.99424],[26.57799,42.99181],[26.5761,42.99281],[26.57219,42.99382],[26.5729,42.9932],[26.57514,42.99261],[26.5735,42.99102],[26.57272,42.9915],[26.57226,42.99106],[26.57097,42.99178],[26.57021,42.99104],[26.56843,42.99182],[26.56741,42.99084],[26.56625,42.9915],[26.56554,42.99082],[26.56464,42.99133],[26.5624,42.99152],[26.56249,42.99108],[26.56152,42.99068],[26.56082,42.99132],[26.55948,42.99065],[26.55506,42.98795],[26.55666,42.98665],[26.55786,42.98727],[26.55835,42.98608],[26.55793,42.98494],[26.55858,42.98429],[26.55821,42.98376],[26.55905,42.98405],[26.55832,42.98349],[26.5588,42.98324],[26.55828,42.98276],[26.556,42.98301],[26.55685,42.98208],[26.55667,42.98134],[26.55777,42.98148],[26.55736,42.981],[26.55789,42.98003],[26.55579,42.97975],[26.55542,42.98056],[26.5538,42.98029],[26.55353,42.98107],[26.55211,42.98086],[26.55212,42.98017],[26.55096,42.97991],[26.55099,42.97867],[26.55027,42.97774],[26.55061,42.9772],[26.54911,42.97659],[26.54635,42.97706],[26.54623,42.97877],[26.54882,42.98005],[26.54731,42.97991],[26.54698,42.98028],[26.54739,42.98057],[26.54494,42.98043],[26.54346,42.97934],[26.543,42.97987],[26.54175,42.97972],[26.54197,42.98005],[26.54068,42.98078],[26.53953,42.97961],[26.53808,42.98022],[26.53602,42.9796],[26.53544,42.98121],[26.53617,42.98164],[26.53574,42.98272],[26.53599,42.98403],[26.53565,42.98403],[26.53597,42.98486],[26.53471,42.98535],[26.53521,42.98574],[26.53532,42.98704],[26.53892,42.98723],[26.53924,42.98763],[26.53898,42.98861],[26.53837,42.98857],[26.53832,42.98792],[26.53686,42.98864],[26.53689,42.98956],[26.53503,42.98997],[26.53568,42.98949],[26.5316,42.98948],[26.53002,42.99054],[26.52965,42.99196],[26.52966,42.99061],[26.52952,42.99241],[26.52915,42.99158],[26.52848,42.9913],[26.5293,42.99126],[26.52908,42.99076],[26.52964,42.98938],[26.529,42.98951],[26.52901,42.99001],[26.52897,42.98913],[26.52504,42.98927],[26.52504,42.98869],[26.52225,42.98872],[26.52226,42.98914],[26.52034,42.98774],[26.52243,42.99017],[26.52248,42.99091],[26.52309,42.99087],[26.52233,42.99142],[26.5231,42.9916],[26.52306,42.99226],[26.52246,42.99234],[26.52281,42.99364],[26.52375,42.99411],[26.52354,42.9945],[26.5226,42.99369],[26.52221,42.9915],[26.52264,42.99397],[26.52049,42.99406],[26.52215,42.99329],[26.52197,42.99054],[26.51766,42.9893],[26.51841,42.98906],[26.52126,42.9897],[26.51925,42.9874],[26.5188,42.98794],[26.51936,42.98681],[26.51814,42.98697],[26.51438,42.98601],[26.51394,42.98703],[26.51458,42.98533],[26.51136,42.98515],[26.50675,42.98368],[26.50613,42.98402],[26.5087,42.98519],[26.50487,42.98424],[26.50309,42.98451],[26.5028,42.98494],[26.50313,42.98509],[26.5019,42.98483],[26.5016,42.98542],[26.50222,42.98589],[26.50154,42.98606],[26.50158,42.98668],[26.50063,42.98775],[26.50095,42.98813],[26.50049,42.98796],[26.50062,42.98662],[26.50121,42.98598],[26.5005,42.98598],[26.50056,42.98482],[26.50098,42.9848],[26.50035,42.98445],[26.50166,42.98064],[26.50077,42.97992],[26.49991,42.98008],[26.49981,42.97918],[26.49635,42.97881],[26.49601,42.97947],[26.49559,42.97818],[26.4948,42.97866],[26.49415,42.97854],[26.49445,42.97815],[26.49393,42.97792],[26.48955,42.97807],[26.48882,42.97777],[26.4892,42.9768],[26.4882,42.9764],[26.48857,42.97584],[26.48765,42.97554],[26.48742,42.976],[26.48417,42.97554],[26.48424,42.97642],[26.48327,42.9755],[26.48185,42.97657],[26.48021,42.97637],[26.47311,42.97218],[26.47309,42.97143],[26.47225,42.97064],[26.47107,42.97164],[26.47167,42.97215],[26.47136,42.97265],[26.47235,42.97323],[26.47112,42.9729],[26.47018,42.97428],[26.47019,42.97518],[26.47131,42.97541],[26.47005,42.97531],[26.46954,42.97575],[26.46961,42.97484]]],[[[26.36292,42.79317],[26.35995,42.79429],[26.35736,42.79291],[26.35977,42.79106],[26.35858,42.79007],[26.35928,42.78888],[26.36052,42.78863],[26.35985,42.78841],[26.36003,42.78782],[26.35917,42.78828],[26.35943,42.7876],[26.35906,42.78718],[26.35872,42.78768],[26.35802,42.78704],[26.35849,42.7874],[26.3597,42.78708],[26.35965,42.78648],[26.35752,42.78634],[26.35759,42.78533],[26.35622,42.78564],[26.35514,42.7849],[26.35549,42.78454],[26.35486,42.7832],[26.35534,42.78072],[26.35491,42.77968],[26.35362,42.77955],[26.35407,42.77858],[26.35584,42.77799],[26.35994,42.7786],[26.36139,42.77823],[26.36273,42.7793],[26.36356,42.77901],[26.36438,42.77966],[26.36475,42.78136],[26.36441,42.78275],[26.36484,42.78329],[26.36443,42.78426],[26.36378,42.78436],[26.36336,42.78609],[26.36368,42.78722],[26.36314,42.78735],[26.36354,42.78808],[26.36274,42.78838],[26.36263,42.7891],[26.36496,42.78997],[26.36976,42.79059],[26.36979,42.7911],[26.36857,42.79185],[26.36682,42.79157],[26.3663,42.79246],[26.36619,42.79193],[26.36409,42.79146],[26.36405,42.79198],[26.36506,42.79245],[26.36541,42.79343],[26.36432,42.7938],[26.36292,42.79317]]]]},"properties":{"SiteCode":"BG0000117","SiteNameBG":"Котленска планина","SiteType":"SCI","SiteArea":69058.917791600004,"naturaClass":"habitats"}},{"type":"Feature","geometry":{"type":"MultiPolygon","coordinates":[[[[27.13428,43.30004],[27.13368,43.30038],[27.13329,43.29699],[27.13368,43.29579],[27.13234,43.29506],[27.13207,43.29435],[27.13133,43.29453],[27.13011,43.2939],[27.12931,43.29437],[27.12717,43.29295],[27.12573,43.29354],[27.1244,43.2949],[27.12601,43.29565],[27.1245,43.29782],[27.12489,43.2987],[27.12679,43.29893],[27.12597,43.30045],[27.12836,43.30125],[27.12831,43.30164],[27.12608,43.30074],[27.12341,43.29872],[27.11605,43.29215],[27.11464,43.2915],[27.1151,43.29123],[27.11332,43.29035],[27.11243,43.29067],[27.1113,43.28991],[27.11088,43.28897],[27.11128,43.28889],[27.1113,43.28809],[27.1106,43.28633],[27.10963,43.28624],[27.10789,43.28219],[27.10921,43.28006],[27.10655,43.27968],[27.10716,43.27853],[27.10651,43.27794],[27.10739,43.278],[27.1081,43.27719],[27.1077,43.27592],[27.10983,43.27569],[27.10996,43.27485],[27.10564,43.27251],[27.10559,43.27079],[27.10678,43.26996],[27.10565,43.2692],[27.10569,43.26799],[27.10482,43.26785],[27.10575,43.2679],[27.10482,43.26778],[27.10544,43.26472],[27.10708,43.26422],[27.10783,43.26304],[27.11222,43.2619],[27.11379,43.2628],[27.11393,43.2622],[27.11509,43.26229],[27.11512,43.26264],[27.11681,43.26242],[27.1208,43.26078],[27.12053,43.26022],[27.1217,43.25984],[27.12169,43.25937],[27.1223,43.25947],[27.12232,43.25878],[27.12066,43.25919],[27.12251,43.25852],[27.12134,43.25797],[27.1234,43.25872],[27.12347,43.25811],[27.12415,43.25827],[27.12424,43.25747],[27.12322,43.25677],[27.12092,43.25623],[27.12071,43.25573],[27.12575,43.25658],[27.1242,43.25566],[27.12497,43.25325],[27.12424,43.25277],[27.12162,43.2522],[27.12014,43.25259],[27.11773,43.25207],[27.11757,43.25252],[27.11743,43.25198],[27.11502,43.25167],[27.11223,43.2503],[27.1115,43.24943],[27.11216,43.25016],[27.11533,43.25144],[27.11958,43.25217],[27.12229,43.25189],[27.1238,43.25237],[27.124,43.25206],[27.12625,43.25403],[27.12825,43.25413],[27.129,43.25292],[27.12969,43.25286],[27.13052,43.25119],[27.12978,43.25089],[27.13041,43.25004],[27.12957,43.24959],[27.13056,43.24875],[27.13018,43.24851],[27.13114,43.2477],[27.13076,43.24744],[27.13187,43.24663],[27.13152,43.24637],[27.13248,43.24567],[27.13206,43.24536],[27.13297,43.2447],[27.13244,43.2443],[27.1333,43.24366],[27.13231,43.24298],[27.13327,43.24224],[27.13235,43.24161],[27.12837,43.24557],[27.12819,43.24436],[27.12943,43.24392],[27.13236,43.24141],[27.13349,43.24126],[27.1316,43.24042],[27.12646,43.23935],[27.11961,43.23906],[27.11743,43.24069],[27.11604,43.24115],[27.11381,43.24301],[27.11369,43.24415],[27.11012,43.24665],[27.10929,43.248],[27.1109,43.24833],[27.11038,43.24897],[27.10913,43.24957],[27.10813,43.24931],[27.10745,43.24999],[27.10588,43.2503],[27.10769,43.2494],[27.10503,43.24837],[27.10319,43.2496],[27.1017,43.24896],[27.10139,43.2492],[27.10194,43.24969],[27.10148,43.25004],[27.09363,43.2453],[27.09046,43.2445],[27.09127,43.24356],[27.09012,43.24303],[27.09158,43.23605],[27.08867,43.23112],[27.08786,43.23079],[27.0848,43.23151],[27.08362,43.23044],[27.08391,43.22926],[27.08057,43.229],[27.08015,43.22735],[27.07857,43.2274],[27.07842,43.22588],[27.07767,43.22592],[27.07883,43.22553],[27.07917,43.22475],[27.07813,43.22404],[27.07746,43.22238],[27.07638,43.21878],[27.07659,43.21703],[27.07554,43.2155],[27.07675,43.215],[27.07546,43.21337],[27.07612,43.21312],[27.07478,43.21139],[27.07446,43.21015],[27.07629,43.20704],[27.0752,43.20665],[27.07654,43.20549],[27.07544,43.20509],[27.07685,43.20343],[27.0765,43.20325],[27.07696,43.20255],[27.0761,43.20225],[27.07671,43.20131],[27.07599,43.20027],[27.07666,43.19683],[27.07623,43.19304],[27.07757,43.19157],[27.07583,43.19069],[27.07609,43.19041],[27.07447,43.19023],[27.07764,43.18914],[27.0769,43.18794],[27.07865,43.18736],[27.07753,43.18553],[27.08031,43.18462],[27.07984,43.18368],[27.08148,43.18314],[27.08032,43.18082],[27.08192,43.18032],[27.08235,43.18117],[27.08312,43.18096],[27.08264,43.18001],[27.08487,43.17931],[27.08318,43.17911],[27.07588,43.1811],[27.07595,43.18225],[27.07426,43.18304],[27.07403,43.18229],[27.07471,43.18119],[27.07434,43.18116],[27.07427,43.1799],[27.08008,43.17865],[27.07987,43.17806],[27.08065,43.17829],[27.08752,43.17688],[27.08725,43.17592],[27.08798,43.17581],[27.08693,43.17573],[27.08679,43.1739],[27.08024,43.17423],[27.08088,43.17395],[27.08535,43.17313],[27.08488,43.17258],[27.08686,43.17367],[27.09015,43.17288],[27.09163,43.17316],[27.09198,43.17215],[27.0895,43.17158],[27.08931,43.17118],[27.09069,43.16835],[27.09015,43.16786],[27.09085,43.166],[27.08885,43.16526],[27.08809,43.16623],[27.08714,43.16633],[27.08882,43.16202],[27.08851,43.16196],[27.08925,43.16126],[27.08701,43.16169],[27.08632,43.16369],[27.08469,43.1659],[27.08375,43.1659],[27.08516,43.16543],[27.08496,43.16473],[27.08296,43.1651],[27.08244,43.16451],[27.0815,43.16505],[27.08086,43.16451],[27.07957,43.16555],[27.07897,43.16475],[27.07896,43.16639],[27.07789,43.1637],[27.07639,43.16422],[27.07456,43.16206],[27.07189,43.16177],[27.07223,43.16219],[27.07066,43.16261],[27.07012,43.1612],[27.07068,43.16117],[27.07127,43.15895],[27.07001,43.15874],[27.06974,43.15779],[27.06978,43.15736],[27.07071,43.15751],[27.07084,43.1571],[27.06928,43.15704],[27.06759,43.16246],[27.06725,43.1624],[27.06887,43.15746],[27.06803,43.15711],[27.0685,43.15559],[27.0655,43.15507],[27.06578,43.15444],[27.06351,43.15391],[27.06314,43.15608],[27.06087,43.15768],[27.0561,43.15942],[27.06021,43.15774],[27.06251,43.15604],[27.06297,43.15355],[27.05269,43.15761],[27.05292,43.1581],[27.05246,43.15828],[27.05206,43.15722],[27.05052,43.15776],[27.04995,43.15689],[27.0495,43.157],[27.04959,43.15611],[27.0483,43.1563],[27.04827,43.15689],[27.04746,43.15649],[27.04778,43.1561],[27.04711,43.1551],[27.04749,43.15463],[27.0464,43.15387],[27.04684,43.15247],[27.04648,43.15206],[27.04737,43.15067],[27.04616,43.15023],[27.04625,43.149],[27.04542,43.14868],[27.04575,43.14749],[27.04531,43.14752],[27.04529,43.1468],[27.04486,43.14662],[27.04604,43.14588],[27.04563,43.14479],[27.04599,43.14379],[27.04537,43.14305],[27.04679,43.14303],[27.04749,43.14536],[27.04852,43.14563],[27.04919,43.14487],[27.04851,43.14454],[27.04915,43.14382],[27.05096,43.14317],[27.05056,43.143],[27.05159,43.14305],[27.05057,43.14151],[27.05228,43.1408],[27.05166,43.13982],[27.05321,43.13929],[27.05256,43.13827],[27.04999,43.13997],[27.04842,43.14034],[27.04827,43.13995],[27.04989,43.13875],[27.05076,43.13895],[27.05152,43.13822],[27.05116,43.13779],[27.0527,43.13804],[27.05255,43.13735],[27.05216,43.13747],[27.05268,43.13721],[27.05247,43.13689],[27.05076,43.13717],[27.05204,43.13696],[27.05484,43.13538],[27.05447,43.13428],[27.0553,43.13395],[27.05474,43.13337],[27.05551,43.13307],[27.05506,43.13225],[27.05582,43.13252],[27.05558,43.13144],[27.05371,43.13177],[27.05364,43.13146],[27.05526,43.13041],[27.05519,43.12945],[27.05459,43.1296],[27.05542,43.1272],[27.05505,43.12707],[27.05452,43.12467],[27.0492,43.12525],[27.04965,43.12402],[27.05087,43.12437],[27.05244,43.12395],[27.05351,43.123],[27.05205,43.12052],[27.05252,43.12039],[27.05095,43.11721],[27.04666,43.11839],[27.04514,43.11992],[27.0453,43.12057],[27.04595,43.12053],[27.04518,43.12062],[27.0445,43.12178],[27.04482,43.12229],[27.04427,43.12264],[27.0437,43.12179],[27.04419,43.12103],[27.04362,43.11982],[27.04599,43.11731],[27.04585,43.11689],[27.0469,43.11655],[27.04675,43.11584],[27.04749,43.11584],[27.04804,43.11705],[27.05034,43.11693],[27.04961,43.11344],[27.04874,43.11349],[27.04815,43.10894],[27.0471,43.10929],[27.04571,43.10904],[27.04546,43.10684],[27.04712,43.10696],[27.04703,43.10534],[27.04498,43.10533],[27.04361,43.1048],[27.04511,43.10497],[27.04596,43.10236],[27.04403,43.10198],[27.04639,43.1016],[27.04778,43.10079],[27.04831,43.10126],[27.05052,43.1004],[27.04943,43.09956],[27.04895,43.09984],[27.04706,43.09901],[27.0461,43.09742],[27.0468,43.09651],[27.04615,43.09466],[27.04915,43.09218],[27.04938,43.09328],[27.05158,43.09285],[27.05214,43.09241],[27.05102,43.09127],[27.05673,43.08784],[27.0596,43.08981],[27.06012,43.08915],[27.06074,43.09018],[27.06743,43.09012],[27.06734,43.08685],[27.07032,43.0868],[27.07029,43.08628],[27.07521,43.08627],[27.07522,43.085],[27.07923,43.08503],[27.07951,43.08406],[27.08308,43.08234],[27.08419,43.08071],[27.08566,43.07961],[27.08891,43.0795],[27.08819,43.08044],[27.09084,43.08132],[27.09128,43.08098],[27.09132,43.0788],[27.0915,43.08045],[27.09377,43.08015],[27.09403,43.07895],[27.097,43.07855],[27.09715,43.07736],[27.09992,43.07439],[27.10089,43.07456],[27.09785,43.07728],[27.09745,43.079],[27.09901,43.07917],[27.09854,43.07954],[27.09946,43.08069],[27.10489,43.0798],[27.10557,43.08007],[27.10534,43.08044],[27.10743,43.07996],[27.10729,43.07921],[27.1091,43.07903],[27.11095,43.07821],[27.11037,43.07845],[27.11239,43.07841],[27.11357,43.08019],[27.11411,43.08033],[27.11908,43.0799],[27.12072,43.08069],[27.12129,43.08018],[27.12367,43.08],[27.12589,43.08084],[27.12814,43.07941],[27.12787,43.07891],[27.12957,43.07889],[27.12852,43.07734],[27.12884,43.0768],[27.12984,43.07645],[27.1295,43.07667],[27.13161,43.07802],[27.13271,43.07673],[27.13331,43.07688],[27.13387,43.07629],[27.13181,43.07513],[27.13387,43.07599],[27.13627,43.07306],[27.13762,43.07355],[27.13866,43.07207],[27.1396,43.07243],[27.14272,43.07012],[27.14395,43.06761],[27.14491,43.06771],[27.14489,43.06686],[27.14523,43.06684],[27.14514,43.06779],[27.14774,43.06855],[27.16036,43.06386],[27.16099,43.06476],[27.16223,43.06396],[27.16486,43.06426],[27.16485,43.06362],[27.16986,43.06623],[27.16949,43.06649],[27.1701,43.0669],[27.17043,43.06656],[27.17123,43.06698],[27.17073,43.06825],[27.1719,43.06854],[27.17249,43.06968],[27.17307,43.06949],[27.17416,43.07015],[27.17459,43.06978],[27.17648,43.07093],[27.17734,43.07015],[27.1765,43.06968],[27.17653,43.06913],[27.17783,43.06693],[27.17555,43.06583],[27.17312,43.06538],[27.1712,43.0636],[27.16791,43.06224],[27.16562,43.06284],[27.16501,43.06232],[27.16566,43.0619],[27.16548,43.06083],[27.16491,43.06066],[27.16558,43.06078],[27.16592,43.06215],[27.16697,43.06206],[27.16655,43.06126],[27.16768,43.06003],[27.16682,43.05962],[27.16761,43.05931],[27.16787,43.05816],[27.16888,43.05752],[27.16872,43.05661],[27.16911,43.05728],[27.16997,43.05701],[27.16934,43.05596],[27.16962,43.05567],[27.17441,43.0539],[27.1735,43.05271],[27.17737,43.05242],[27.1787,43.05121],[27.17869,43.05179],[27.18112,43.05029],[27.18207,43.0512],[27.18292,43.05026],[27.18141,43.0496],[27.18273,43.04815],[27.18434,43.04885],[27.1844,43.04733],[27.18353,43.04664],[27.18449,43.04642],[27.18483,43.04556],[27.18515,43.04549],[27.18449,43.0468],[27.18468,43.04777],[27.18562,43.0474],[27.18527,43.04689],[27.18669,43.04657],[27.18672,43.04593],[27.18827,43.04534],[27.18824,43.04424],[27.19307,43.04351],[27.19326,43.043],[27.20019,43.04249],[27.20541,43.04291],[27.20509,43.04227],[27.20738,43.04271],[27.21037,43.04226],[27.20771,43.04198],[27.20777,43.04165],[27.20376,43.03995],[27.20787,43.04136],[27.21339,43.04111],[27.20718,43.04099],[27.21325,43.04052],[27.2125,43.04028],[27.21415,43.03863],[27.21686,43.03778],[27.2175,43.03688],[27.21926,43.03629],[27.22203,43.03645],[27.2262,43.034],[27.22762,43.03404],[27.22789,43.0347],[27.23071,43.03419],[27.23072,43.03498],[27.23152,43.03496],[27.23229,43.03384],[27.23289,43.03371],[27.23247,43.03416],[27.23343,43.03457],[27.23554,43.03278],[27.23466,43.03426],[27.23571,43.03369],[27.23614,43.0341],[27.2365,43.03355],[27.23768,43.03357],[27.23769,43.03267],[27.23899,43.03266],[27.23882,43.03203],[27.23963,43.03167],[27.23934,43.03133],[27.23995,43.03132],[27.23929,43.03076],[27.24009,43.03017],[27.23953,43.02989],[27.2402,43.02927],[27.23981,43.02915],[27.24051,43.02824],[27.24019,43.02784],[27.24083,43.02818],[27.24072,43.02931],[27.2428,43.02706],[27.2497,43.02288],[27.24942,43.02315],[27.25066,43.02325],[27.24779,43.02422],[27.24226,43.02782],[27.24163,43.03247],[27.24338,43.03272],[27.24487,43.03177],[27.24586,43.03262],[27.24946,43.03098],[27.25184,43.03043],[27.25531,43.03081],[27.25658,43.03139],[27.25974,43.03117],[27.26059,43.03032],[27.26439,43.03065],[27.26474,43.0296],[27.26688,43.03052],[27.26729,43.02948],[27.26866,43.02977],[27.2689,43.02916],[27.26976,43.02935],[27.27004,43.02837],[27.27133,43.02869],[27.27138,43.02776],[27.27215,43.02727],[27.27217,43.0267],[27.27446,43.0262],[27.27443,43.02547],[27.27727,43.02544],[27.2773,43.02495],[27.27828,43.02496],[27.27832,43.02428],[27.27999,43.02426],[27.28065,43.02083],[27.28237,43.02063],[27.28252,43.01856],[27.28398,43.01704],[27.2849,43.01727],[27.28646,43.01546],[27.28572,43.0165],[27.28665,43.01607],[27.28663,43.01544],[27.28905,43.01446],[27.28951,43.01375],[27.28864,43.01585],[27.28929,43.01653],[27.28907,43.01737],[27.29565,43.01573],[27.2951,43.01575],[27.29864,43.01424],[27.29849,43.01277],[27.29776,43.01197],[27.29825,43.01185],[27.29544,43.01011],[27.29566,43.00982],[27.29645,43.01072],[27.29691,43.01059],[27.29671,43.00969],[27.29551,43.00865],[27.29571,43.00835],[27.29869,43.01064],[27.29965,43.01055],[27.3005,43.01146],[27.30205,43.01096],[27.29781,43.00838],[27.29612,43.00842],[27.29608,43.00778],[27.29879,43.00822],[27.29885,43.00779],[27.298,43.00752],[27.29857,43.00741],[27.30018,43.00894],[27.30096,43.00913],[27.30149,43.01002],[27.30211,43.01009],[27.30274,43.0111],[27.30578,43.01007],[27.30616,43.00949],[27.30689,43.00978],[27.31268,43.00747],[27.31952,43.00647],[27.32259,43.00424],[27.32426,43.00517],[27.32779,43.00505],[27.33262,43.00384],[27.33716,43.00357],[27.33858,43.00409],[27.33876,43.00541],[27.33961,43.00563],[27.34325,43.00457],[27.34639,43.00295],[27.35254,43.00194],[27.35544,43.0033],[27.3587,43.00606],[27.36248,43.00566],[27.36648,43.00633],[27.37025,43.00545],[27.37151,43.0056],[27.37223,43.00747],[27.37377,43.00863],[27.37432,43.00983],[27.3758,43.01073],[27.37798,43.00962],[27.3805,43.01108],[27.38854,43.01273],[27.39025,43.01303],[27.39348,43.01263],[27.3943,43.01281],[27.39446,43.01366],[27.39577,43.01389],[27.39623,43.01314],[27.39714,43.01357],[27.39758,43.01327],[27.39911,43.01553],[27.39807,43.01619],[27.39967,43.01657],[27.4003,43.01779],[27.39941,43.01829],[27.40094,43.01859],[27.40107,43.01936],[27.40014,43.01984],[27.40146,43.02012],[27.40199,43.02113],[27.40171,43.02156],[27.4023,43.02192],[27.40285,43.02351],[27.40171,43.02316],[27.40121,43.02444],[27.39955,43.02495],[27.40031,43.02693],[27.39984,43.0275],[27.39918,43.0271],[27.39769,43.02844],[27.39823,43.02873],[27.39784,43.02931],[27.39685,43.02873],[27.39726,43.02848],[27.39673,43.02795],[27.39235,43.02894],[27.39227,43.02804],[27.39053,43.02843],[27.39045,43.0277],[27.38836,43.02783],[27.3885,43.02937],[27.3878,43.02933],[27.38817,43.02904],[27.38741,43.02741],[27.38804,43.02677],[27.38788,43.0262],[27.38695,43.02666],[27.38566,43.02622],[27.38553,43.02551],[27.38407,43.026],[27.38069,43.02869],[27.3782,43.02932],[27.37867,43.02933],[27.37978,43.02741],[27.37965,43.02688],[27.38042,43.02703],[27.37996,43.02508],[27.37766,43.02498],[27.37785,43.02603],[27.37659,43.02634],[27.3762,43.0253],[27.37437,43.02559],[27.37326,43.02504],[27.37294,43.02591],[27.37346,43.02727],[27.37205,43.02725],[27.37004,43.02846],[27.36859,43.03014],[27.36827,43.03259],[27.36674,43.03419],[27.36822,43.03249],[27.36839,43.02977],[27.36927,43.02859],[27.37001,43.02496],[27.36555,43.02431],[27.36488,43.02559],[27.3652,43.02439],[27.36243,43.02406],[27.35836,43.02493],[27.35565,43.02611],[27.3544,43.02573],[27.35385,43.02589],[27.35403,43.0263],[27.35244,43.02679],[27.35267,43.02562],[27.35206,43.02616],[27.35031,43.02623],[27.35009,43.02583],[27.35135,43.02544],[27.34905,43.02462],[27.34172,43.02457],[27.34173,43.02419],[27.34085,43.02451],[27.34143,43.0226],[27.33976,43.02168],[27.33677,43.02138],[27.33518,43.0206],[27.33541,43.01851],[27.33922,43.01518],[27.32954,43.01658],[27.32909,43.02279],[27.32537,43.02349],[27.32329,43.02185],[27.3244,43.02113],[27.32268,43.01535],[27.32127,43.01565],[27.32187,43.01627],[27.32095,43.01675],[27.32022,43.01599],[27.31897,43.01665],[27.31847,43.01612],[27.31733,43.01673],[27.31697,43.01628],[27.31468,43.01736],[27.31332,43.01698],[27.31158,43.01792],[27.31187,43.0193],[27.31069,43.01956],[27.31088,43.02019],[27.30946,43.02065],[27.31019,43.02136],[27.309,43.02202],[27.30985,43.02284],[27.30925,43.02316],[27.3085,43.02244],[27.30725,43.02312],[27.30666,43.02255],[27.30572,43.02307],[27.30595,43.02329],[27.30405,43.0231],[27.30246,43.02516],[27.30152,43.0249],[27.30063,43.0275],[27.30004,43.02734],[27.29945,43.02848],[27.3043,43.02942],[27.30409,43.03061],[27.30267,43.03074],[27.30382,43.03099],[27.30371,43.03202],[27.30227,43.03253],[27.30161,43.03195],[27.30128,43.03265],[27.29844,43.03399],[27.29711,43.03336],[27.29612,43.03375],[27.29531,43.03296],[27.29463,43.0333],[27.29434,43.03284],[27.29458,43.03361],[27.2939,43.03369],[27.29362,43.0348],[27.29261,43.03482],[27.29266,43.03594],[27.29122,43.03611],[27.29124,43.03671],[27.28638,43.03742],[27.29077,43.04316],[27.28954,43.04378],[27.27909,43.03877],[27.27737,43.03752],[27.27592,43.03757],[27.26565,43.04104],[27.26572,43.04168],[27.26509,43.04243],[27.26477,43.04212],[27.26007,43.04397],[27.26056,43.04464],[27.25374,43.04779],[27.25396,43.04934],[27.25351,43.04961],[27.2546,43.05],[27.25327,43.05109],[27.25311,43.05177],[27.24843,43.04591],[27.24455,43.04603],[27.23985,43.04699],[27.23824,43.04902],[27.23887,43.05119],[27.23956,43.0513],[27.2406,43.05252],[27.24397,43.0528],[27.24557,43.05358],[27.24508,43.05447],[27.23858,43.05706],[27.22867,43.05935],[27.2217,43.0626],[27.22077,43.06391],[27.22289,43.06623],[27.22489,43.06618],[27.22505,43.06695],[27.22651,43.06718],[27.23372,43.06571],[27.23634,43.06443],[27.23648,43.06397],[27.23807,43.06653],[27.23954,43.06689],[27.24284,43.06653],[27.24425,43.06581],[27.24455,43.06639],[27.24231,43.06719],[27.24411,43.06679],[27.24474,43.06841],[27.24563,43.06921],[27.25754,43.06631],[27.26818,43.06494],[27.26754,43.06295],[27.26813,43.0601],[27.26771,43.05937],[27.27074,43.05881],[27.27034,43.0566],[27.27062,43.05728],[27.27278,43.05725],[27.27309,43.05792],[27.27428,43.05639],[27.27722,43.05618],[27.27681,43.057],[27.27714,43.05664],[27.27713,43.05738],[27.27743,43.05654],[27.27801,43.05708],[27.27756,43.05612],[27.27801,43.05604],[27.27867,43.05692],[27.27828,43.05599],[27.27891,43.05588],[27.27874,43.05698],[27.27739,43.05743],[27.28189,43.05688],[27.28238,43.06084],[27.28414,43.06186],[27.28562,43.06362],[27.29178,43.06565],[27.29563,43.06812],[27.29653,43.0665],[27.29949,43.06539],[27.29961,43.06391],[27.3006,43.06348],[27.30039,43.06217],[27.30177,43.06216],[27.30175,43.06088],[27.30264,43.06087],[27.30226,43.05859],[27.30274,43.05875],[27.30352,43.0605],[27.30543,43.05887],[27.31161,43.05841],[27.31392,43.05623],[27.31504,43.0562],[27.31502,43.05562],[27.31629,43.05653],[27.31654,43.05805],[27.31797,43.05847],[27.31847,43.05715],[27.31799,43.0546],[27.3171,43.05406],[27.31635,43.05425],[27.32217,43.05055],[27.31728,43.05384],[27.31867,43.05498],[27.31867,43.05686],[27.31907,43.05711],[27.31839,43.05948],[27.31946,43.05973],[27.31945,43.06072],[27.31871,43.06073],[27.31899,43.0622],[27.32087,43.06282],[27.31934,43.06269],[27.31898,43.06491],[27.31954,43.06552],[27.31918,43.06607],[27.3217,43.06744],[27.32256,43.06659],[27.32296,43.06716],[27.32274,43.06778],[27.32336,43.06752],[27.32419,43.06805],[27.32484,43.06777],[27.32588,43.06817],[27.32649,43.06763],[27.32737,43.06816],[27.32805,43.06751],[27.32936,43.06765],[27.33312,43.06611],[27.33156,43.06723],[27.33302,43.06758],[27.33667,43.06519],[27.33712,43.0645],[27.33665,43.06407],[27.33817,43.06431],[27.34082,43.06265],[27.34047,43.06217],[27.34132,43.06234],[27.34242,43.06184],[27.34298,43.06195],[27.34298,43.06254],[27.34505,43.06231],[27.34328,43.06279],[27.34471,43.06307],[27.34408,43.06333],[27.34484,43.06533],[27.34463,43.06652],[27.34564,43.06758],[27.34457,43.06709],[27.34426,43.06908],[27.34406,43.0674],[27.3445,43.06535],[27.34386,43.06346],[27.3431,43.06299],[27.34066,43.06466],[27.34087,43.06619],[27.3401,43.06608],[27.34044,43.06587],[27.33999,43.06563],[27.339,43.06628],[27.34293,43.06791],[27.3426,43.06879],[27.34426,43.06908],[27.34372,43.06971],[27.34532,43.07045],[27.34472,43.07082],[27.34587,43.07181],[27.34755,43.07026],[27.349,43.07032],[27.34921,43.0696],[27.35401,43.06549],[27.35322,43.0652],[27.35408,43.06503],[27.35504,43.06338],[27.35525,43.06374],[27.35551,43.06265],[27.35584,43.06336],[27.35664,43.06265],[27.35649,43.06196],[27.3575,43.06227],[27.356,43.06462],[27.35312,43.06682],[27.35204,43.06848],[27.34978,43.06978],[27.34863,43.07186],[27.34885,43.07548],[27.34895,43.07609],[27.34943,43.07598],[27.34936,43.07672],[27.35024,43.0767],[27.34983,43.078],[27.35208,43.07874],[27.35343,43.07995],[27.35644,43.08141],[27.3559,43.08187],[27.35754,43.08713],[27.35706,43.08825],[27.35733,43.09072],[27.35685,43.09077],[27.357,43.09155],[27.3584,43.092],[27.3585,43.09362],[27.36078,43.09312],[27.3595,43.09243],[27.36125,43.0931],[27.35897,43.09422],[27.36286,43.09374],[27.36218,43.09435],[27.36495,43.09522],[27.3633,43.09661],[27.36279,43.09635],[27.36204,43.09685],[27.36038,43.09842],[27.3607,43.09877],[27.36533,43.09893],[27.36445,43.0976],[27.36546,43.09705],[27.36595,43.09759],[27.36709,43.0963],[27.3683,43.09661],[27.36783,43.09714],[27.36915,43.09739],[27.37046,43.09456],[27.37362,43.09267],[27.37452,43.09319],[27.37402,43.09385],[27.37429,43.09457],[27.37659,43.09627],[27.37846,43.09672],[27.37885,43.09768],[27.37986,43.09778],[27.38095,43.09981],[27.38171,43.09977],[27.38291,43.09883],[27.38379,43.09923],[27.38579,43.09759],[27.38755,43.09793],[27.38805,43.0972],[27.38921,43.09725],[27.38944,43.09681],[27.39733,43.09617],[27.39921,43.0951],[27.39929,43.09446],[27.40048,43.09435],[27.40013,43.09503],[27.40034,43.09627],[27.40185,43.0959],[27.40086,43.09787],[27.40116,43.10136],[27.40276,43.10328],[27.40385,43.10725],[27.40573,43.11112],[27.40475,43.11103],[27.40422,43.10968],[27.40351,43.10984],[27.4014,43.10705],[27.40137,43.10585],[27.39979,43.10331],[27.39939,43.10153],[27.39575,43.09959],[27.39353,43.09911],[27.39166,43.10004],[27.39356,43.10015],[27.39377,43.10068],[27.39294,43.10103],[27.38973,43.10043],[27.3896,43.10191],[27.38874,43.10215],[27.38423,43.10135],[27.3828,43.10337],[27.38244,43.1032],[27.38045,43.1046],[27.37743,43.10491],[27.37732,43.10556],[27.37886,43.10634],[27.37697,43.10668],[27.37552,43.10741],[27.37561,43.10799],[27.37495,43.10805],[27.37394,43.10731],[27.37377,43.10663],[27.37419,43.10616],[27.37454,43.10648],[27.37503,43.10473],[27.37494,43.10258],[27.37605,43.10125],[27.37566,43.10074],[27.37467,43.10061],[27.3755,43.10055],[27.37606,43.09993],[27.37589,43.09951],[27.37438,43.09982],[27.37209,43.10115],[27.37156,43.1035],[27.37415,43.10115],[27.37215,43.10375],[27.37155,43.1039],[27.37241,43.10403],[27.3723,43.10469],[27.37322,43.10475],[27.3735,43.10743],[27.37455,43.10932],[27.37721,43.10958],[27.38208,43.10782],[27.37892,43.10939],[27.37625,43.10984],[27.37644,43.11126],[27.37851,43.11096],[27.37864,43.11153],[27.38107,43.11129],[27.38276,43.11167],[27.38396,43.11373],[27.38517,43.11363],[27.38543,43.11411],[27.38484,43.11423],[27.38572,43.11594],[27.38637,43.11616],[27.38525,43.11663],[27.38518,43.11706],[27.38315,43.11762],[27.38339,43.11934],[27.38703,43.11898],[27.39221,43.1196],[27.39216,43.12016],[27.39011,43.12025],[27.39011,43.12147],[27.39214,43.12147],[27.39208,43.12318],[27.38721,43.12347],[27.38723,43.12296],[27.3848,43.12295],[27.3848,43.12233],[27.38221,43.12233],[27.38148,43.12256],[27.38155,43.12299],[27.37686,43.12398],[27.37449,43.12321],[27.37416,43.12125],[27.37259,43.122],[27.36826,43.12244],[27.36852,43.12184],[27.36731,43.1163],[27.36736,43.11021],[27.36389,43.10634],[27.3585,43.10414],[27.35228,43.10527],[27.35243,43.10188],[27.35049,43.10053],[27.3428,43.09913],[27.34349,43.1],[27.34124,43.10109],[27.34052,43.10095],[27.34062,43.10152],[27.33962,43.10151],[27.33931,43.10203],[27.33207,43.10267],[27.32766,43.10443],[27.32683,43.10435],[27.32675,43.10362],[27.3218,43.10287],[27.32154,43.10389],[27.32237,43.10641],[27.32168,43.10593],[27.31961,43.10691],[27.31817,43.10562],[27.31892,43.10544],[27.31507,43.1058],[27.3158,43.10775],[27.30901,43.10635],[27.30675,43.10656],[27.30741,43.10698],[27.30697,43.10825],[27.30594,43.1099],[27.30506,43.11026],[27.307,43.11195],[27.30719,43.11323],[27.30319,43.11048],[27.30213,43.11046],[27.30224,43.1097],[27.29331,43.10234],[27.29121,43.10124],[27.28852,43.1018],[27.29047,43.10075],[27.2873,43.10043],[27.28499,43.09939],[27.28435,43.09805],[27.28483,43.09723],[27.28421,43.09544],[27.28158,43.09626],[27.28078,43.0945],[27.28028,43.09434],[27.2752,43.095],[27.2744,43.09557],[27.274,43.09506],[27.27476,43.09357],[27.27406,43.09223],[27.27287,43.09121],[27.27075,43.09133],[27.27101,43.0909],[27.27022,43.09058],[27.27095,43.08949],[27.27076,43.0891],[27.26916,43.08829],[27.26579,43.0886],[27.26338,43.08962],[27.26353,43.09038],[27.26281,43.09098],[27.25968,43.09194],[27.25969,43.09385],[27.25915,43.09496],[27.25954,43.09601],[27.25898,43.09524],[27.25924,43.09384],[27.25876,43.09293],[27.2572,43.09273],[27.25747,43.09446],[27.25582,43.09505],[27.25564,43.09629],[27.25403,43.09842],[27.2526,43.09715],[27.25015,43.09647],[27.24658,43.09646],[27.24499,43.09703],[27.24406,43.09918],[27.24309,43.09963],[27.24282,43.10051],[27.24294,43.10479],[27.24409,43.10486],[27.24731,43.10857],[27.24829,43.10886],[27.24959,43.11055],[27.24889,43.1122],[27.24565,43.1124],[27.24523,43.11204],[27.24587,43.11181],[27.24563,43.11137],[27.24456,43.11025],[27.24422,43.11042],[27.24457,43.10998],[27.24358,43.1099],[27.24296,43.10925],[27.24379,43.10846],[27.2428,43.10767],[27.2421,43.10778],[27.24132,43.10648],[27.24033,43.10629],[27.23962,43.10697],[27.24001,43.10664],[27.23956,43.10612],[27.23839,43.10611],[27.2363,43.10456],[27.23549,43.10297],[27.23011,43.10384],[27.22965,43.10279],[27.22795,43.10322],[27.22563,43.1029],[27.22484,43.10234],[27.22351,43.10232],[27.22341,43.1018],[27.22317,43.10233],[27.22262,43.10223],[27.22213,43.10326],[27.22153,43.10312],[27.22097,43.10437],[27.22316,43.10479],[27.22324,43.10516],[27.22135,43.10544],[27.22054,43.1061],[27.22181,43.10811],[27.22641,43.11073],[27.22755,43.11224],[27.23098,43.11289],[27.23274,43.11223],[27.23374,43.11333],[27.23487,43.11304],[27.23635,43.11476],[27.23779,43.11563],[27.23762,43.11592],[27.23942,43.11615],[27.23865,43.11682],[27.23998,43.11764],[27.23968,43.1179],[27.24009,43.11816],[27.23966,43.11825],[27.24152,43.11799],[27.23962,43.11845],[27.23977,43.11912],[27.23941,43.11917],[27.23971,43.12053],[27.24178,43.12024],[27.23827,43.12099],[27.23835,43.12185],[27.23767,43.12176],[27.2375,43.12272],[27.23727,43.12242],[27.23718,43.12294],[27.23643,43.12288],[27.23652,43.1235],[27.2377,43.12332],[27.23685,43.12381],[27.23739,43.12527],[27.23595,43.12555],[27.24209,43.12653],[27.24281,43.12695],[27.24399,43.12908],[27.24704,43.12885],[27.24996,43.12718],[27.25251,43.13028],[27.25477,43.13134],[27.25746,43.13116],[27.26171,43.13001],[27.26154,43.13224],[27.26074,43.13178],[27.25618,43.13334],[27.25023,43.13244],[27.24964,43.13326],[27.2485,43.13345],[27.2482,43.13292],[27.24922,43.13234],[27.24643,43.13223],[27.24635,43.13152],[27.245,43.13113],[27.24018,43.12993],[27.23684,43.12969],[27.23591,43.12987],[27.23578,43.1306],[27.23207,43.12997],[27.2206,43.13123],[27.21984,43.1297],[27.21776,43.12998],[27.21739,43.13059],[27.2176,43.13015],[27.21692,43.13032],[27.21417,43.12901],[27.21108,43.12875],[27.20595,43.12605],[27.20484,43.12592],[27.20324,43.12656],[27.20034,43.12591],[27.19455,43.12629],[27.19073,43.1255],[27.18793,43.12553],[27.18454,43.1235],[27.18306,43.12297],[27.1819,43.1231],[27.18172,43.1225],[27.17787,43.12224],[27.17686,43.12462],[27.17518,43.12423],[27.17393,43.12547],[27.1705,43.12362],[27.17102,43.12222],[27.1648,43.12184],[27.17013,43.12187],[27.16923,43.12035],[27.16759,43.12018],[27.16558,43.11847],[27.16898,43.11625],[27.16361,43.11515],[27.1626,43.11622],[27.15822,43.11842],[27.15908,43.1206],[27.16073,43.12213],[27.15885,43.12295],[27.15936,43.12346],[27.15838,43.12347],[27.15884,43.12386],[27.15825,43.12406],[27.15825,43.12574],[27.15874,43.12574],[27.15874,43.1263],[27.15697,43.1263],[27.15906,43.12886],[27.1614,43.12965],[27.16254,43.13153],[27.16424,43.13079],[27.16263,43.13169],[27.16106,43.13176],[27.16106,43.13263],[27.16078,43.13163],[27.16222,43.13157],[27.16125,43.12987],[27.15583,43.12925],[27.15712,43.12983],[27.15646,43.13117],[27.15919,43.13456],[27.15692,43.13262],[27.15619,43.13128],[27.14948,43.12942],[27.14971,43.1301],[27.148,43.13032],[27.14659,43.13121],[27.14823,43.13266],[27.14703,43.1331],[27.14703,43.13358],[27.14598,43.13365],[27.14622,43.13471],[27.14401,43.13364],[27.14198,43.13196],[27.14192,43.13251],[27.14117,43.13274],[27.13913,43.1326],[27.13915,43.13445],[27.13769,43.13433],[27.12876,43.13734],[27.12983,43.13909],[27.12895,43.13965],[27.12652,43.1403],[27.12566,43.13982],[27.12355,43.14113],[27.12102,43.14176],[27.12073,43.14078],[27.11954,43.14108],[27.1171,43.14272],[27.11669,43.14241],[27.11503,43.14392],[27.11456,43.14364],[27.11131,43.14657],[27.11504,43.14671],[27.11064,43.1471],[27.11107,43.14968],[27.11389,43.14866],[27.11477,43.14999],[27.1151,43.14977],[27.11509,43.1508],[27.11391,43.15277],[27.11303,43.15332],[27.11256,43.15458],[27.11318,43.15614],[27.11407,43.1567],[27.11317,43.15788],[27.11466,43.15854],[27.11391,43.1605],[27.11448,43.16003],[27.11448,43.16123],[27.11644,43.16232],[27.11735,43.16398],[27.11884,43.16433],[27.11898,43.16579],[27.12042,43.16752],[27.12172,43.16701],[27.12085,43.1678],[27.12115,43.16892],[27.12437,43.16834],[27.1244,43.16774],[27.12505,43.16826],[27.12634,43.16809],[27.12606,43.16845],[27.12628,43.16916],[27.12691,43.16927],[27.12638,43.16945],[27.12699,43.17141],[27.13477,43.17023],[27.13719,43.17101],[27.14369,43.17095],[27.1438,43.17216],[27.14669,43.17227],[27.14941,43.1731],[27.15216,43.17274],[27.15546,43.17112],[27.16042,43.17124],[27.1599,43.17234],[27.1586,43.17242],[27.15816,43.1738],[27.15604,43.17363],[27.15454,43.17468],[27.15141,43.1758],[27.15137,43.17645],[27.14644,43.17674],[27.14616,43.17728],[27.14507,43.17761],[27.14484,43.17834],[27.14354,43.1784],[27.14237,43.17912],[27.14195,43.17878],[27.13681,43.17984],[27.13422,43.17986],[27.13351,43.18212],[27.13597,43.18429],[27.13575,43.18578],[27.13524,43.18681],[27.13437,43.18643],[27.13411,43.18731],[27.13285,43.18748],[27.13701,43.19023],[27.14613,43.18874],[27.15369,43.1868],[27.16103,43.19373],[27.16131,43.19417],[27.16096,43.19453],[27.16261,43.19532],[27.16474,43.19558],[27.16318,43.1988],[27.16533,43.19945],[27.16454,43.20084],[27.16754,43.20126],[27.17025,43.20281],[27.17195,43.20311],[27.17316,43.20206],[27.17522,43.20184],[27.17728,43.20053],[27.1778,43.20016],[27.17756,43.19951],[27.1781,43.19874],[27.17983,43.19774],[27.18061,43.19666],[27.182,43.19626],[27.18221,43.19564],[27.18173,43.19514],[27.1836,43.19304],[27.18059,43.19119],[27.18182,43.19128],[27.18234,43.19058],[27.18111,43.19049],[27.18135,43.19005],[27.18063,43.18971],[27.18426,43.19035],[27.18288,43.1922],[27.18359,43.19264],[27.18437,43.19232],[27.18445,43.19297],[27.18536,43.1926],[27.18753,43.19003],[27.18734,43.18954],[27.18274,43.18862],[27.18157,43.18791],[27.1879,43.18951],[27.18934,43.18786],[27.18886,43.18718],[27.18949,43.1856],[27.1886,43.18275],[27.1872,43.18258],[27.18686,43.18188],[27.18558,43.18114],[27.1835,43.18108],[27.18386,43.18031],[27.18113,43.17979],[27.18298,43.17947],[27.18236,43.17859],[27.18151,43.17919],[27.18112,43.17884],[27.17835,43.17884],[27.18314,43.17714],[27.18524,43.17433],[27.18351,43.16897],[27.1837,43.16843],[27.18232,43.16795],[27.18247,43.16712],[27.18044,43.16591],[27.18546,43.16545],[27.18678,43.16598],[27.1882,43.16549],[27.18768,43.16519],[27.19158,43.16548],[27.19182,43.16512],[27.19394,43.16504],[27.19538,43.16397],[27.20143,43.16355],[27.20122,43.16315],[27.20223,43.1619],[27.20463,43.16116],[27.20266,43.16294],[27.20732,43.16315],[27.20897,43.16232],[27.21171,43.16241],[27.2124,43.16162],[27.21274,43.16215],[27.21628,43.1625],[27.21486,43.16167],[27.21498,43.16103],[27.21605,43.1606],[27.21948,43.16115],[27.22067,43.16031],[27.21988,43.16019],[27.22088,43.16011],[27.22129,43.15927],[27.22164,43.1597],[27.2221,43.15903],[27.22196,43.16118],[27.22406,43.15973],[27.22631,43.15918],[27.23087,43.15906],[27.2312,43.15956],[27.23315,43.15881],[27.23585,43.15903],[27.23823,43.15838],[27.23863,43.15926],[27.24316,43.15946],[27.24457,43.15679],[27.25431,43.15445],[27.25417,43.15861],[27.25878,43.15859],[27.25891,43.16052],[27.25841,43.16132],[27.25773,43.16122],[27.25715,43.1621],[27.25768,43.16235],[27.25589,43.16484],[27.23465,43.19088],[27.23166,43.19061],[27.23012,43.18891],[27.22958,43.18911],[27.22915,43.19058],[27.23075,43.19039],[27.22865,43.19123],[27.22816,43.19385],[27.22887,43.19543],[27.22775,43.19444],[27.22748,43.19644],[27.22661,43.19717],[27.22741,43.1983],[27.22652,43.19764],[27.22524,43.19883],[27.22478,43.19978],[27.22578,43.20042],[27.22499,43.20073],[27.22522,43.20116],[27.22458,43.20134],[27.22453,43.20199],[27.22414,43.20067],[27.22294,43.20145],[27.22214,43.20273],[27.22202,43.20216],[27.22149,43.20247],[27.21905,43.20163],[27.21759,43.20273],[27.21814,43.20298],[27.21762,43.20324],[27.21769,43.20472],[27.21855,43.20487],[27.21837,43.20629],[27.21983,43.20675],[27.2203,43.20603],[27.22129,43.20591],[27.22261,43.2069],[27.22131,43.20703],[27.22088,43.20785],[27.22235,43.20806],[27.22252,43.20906],[27.22636,43.20903],[27.22586,43.20666],[27.22987,43.20594],[27.22834,43.20673],[27.22859,43.20713],[27.23005,43.20704],[27.23351,43.2058],[27.23398,43.20603],[27.23397,43.2078],[27.23578,43.2085],[27.23543,43.20862],[27.2401,43.21249],[27.2417,43.21504],[27.2394,43.21791],[27.23801,43.21876],[27.23833,43.21923],[27.23676,43.22105],[27.23741,43.22142],[27.23623,43.22164],[27.23662,43.22212],[27.23611,43.22271],[27.23675,43.22292],[27.24031,43.22199],[27.23876,43.22313],[27.2366,43.22367],[27.23721,43.22423],[27.23643,43.2242],[27.23669,43.22461],[27.23588,43.22453],[27.23726,43.22551],[27.23666,43.22669],[27.23726,43.22723],[27.23801,43.22692],[27.24021,43.22521],[27.24039,43.22422],[27.2424,43.22254],[27.2437,43.22217],[27.24491,43.22262],[27.24266,43.2242],[27.24234,43.22509],[27.23988,43.22662],[27.23987,43.22749],[27.24079,43.22696],[27.24065,43.22804],[27.23975,43.22927],[27.24269,43.2297],[27.24328,43.22892],[27.24359,43.22935],[27.24318,43.2285],[27.24168,43.22914],[27.24218,43.22825],[27.24197,43.2275],[27.24278,43.22782],[27.24326,43.22723],[27.242,43.22671],[27.24194,43.22572],[27.24392,43.22331],[27.24534,43.22277],[27.24745,43.22274],[27.24642,43.22261],[27.24844,43.22148],[27.2494,43.21852],[27.2519,43.21916],[27.25144,43.22281],[27.26049,43.22412],[27.26186,43.22217],[27.26201,43.22444],[27.26425,43.22479],[27.26442,43.22517],[27.26523,43.22502],[27.26535,43.22435],[27.26751,43.22479],[27.26792,43.22436],[27.2674,43.22523],[27.26633,43.22492],[27.266,43.22563],[27.26693,43.22573],[27.26589,43.22595],[27.26644,43.22653],[27.26586,43.22711],[27.26384,43.22626],[27.26309,43.22721],[27.26366,43.22745],[27.26001,43.23198],[27.26256,43.23301],[27.26709,43.23197],[27.26732,43.22955],[27.26855,43.22837],[27.27424,43.22865],[27.27473,43.23061],[27.27556,43.2306],[27.27487,43.22902],[27.27526,43.22819],[27.2744,43.22725],[27.27596,43.22831],[27.27454,43.2267],[27.27518,43.22632],[27.27698,43.22698],[27.27687,43.22765],[27.27619,43.22808],[27.27713,43.22875],[27.27625,43.22815],[27.27699,43.22791],[27.27731,43.22711],[27.27853,43.22743],[27.27852,43.22815],[27.27926,43.22754],[27.28143,43.22823],[27.28129,43.22876],[27.27994,43.22889],[27.28067,43.22914],[27.28015,43.22963],[27.27857,43.22887],[27.27962,43.23008],[27.28079,43.22974],[27.2813,43.23021],[27.28082,43.22953],[27.28145,43.22869],[27.28283,43.23054],[27.28323,43.23004],[27.28448,43.23023],[27.28495,43.22972],[27.28614,43.23028],[27.28009,43.22749],[27.28489,43.22846],[27.28637,43.2248],[27.28624,43.22753],[27.28969,43.22778],[27.29235,43.22909],[27.29579,43.22913],[27.299,43.22831],[27.29845,43.2287],[27.30008,43.22915],[27.30101,43.22748],[27.30039,43.22716],[27.30205,43.22548],[27.30293,43.2256],[27.30372,43.22389],[27.30955,43.21953],[27.31032,43.21948],[27.30809,43.22117],[27.30665,43.22372],[27.30363,43.22736],[27.30432,43.22833],[27.3028,43.22859],[27.303,43.23057],[27.30671,43.23036],[27.30691,43.23072],[27.30722,43.22959],[27.30898,43.22794],[27.31126,43.22831],[27.31126,43.23036],[27.31485,43.2304],[27.31633,43.22555],[27.31638,43.22805],[27.31855,43.22806],[27.31857,43.2249],[27.31935,43.2249],[27.31935,43.22348],[27.31992,43.22348],[27.31992,43.22244],[27.31792,43.22079],[27.31815,43.22028],[27.31903,43.2204],[27.31947,43.21895],[27.32065,43.2175],[27.3205,43.22099],[27.32118,43.2212],[27.32392,43.21862],[27.32619,43.21754],[27.32741,43.21631],[27.32741,43.21692],[27.32595,43.21843],[27.32812,43.2184],[27.32811,43.22304],[27.32769,43.22305],[27.32795,43.22674],[27.33498,43.22483],[27.33872,43.2227],[27.33946,43.22397],[27.34124,43.22195],[27.34371,43.22204],[27.34644,43.22078],[27.34585,43.22192],[27.34596,43.22302],[27.34707,43.22205],[27.34842,43.22206],[27.34786,43.22299],[27.34861,43.22325],[27.3497,43.22158],[27.34947,43.2242],[27.34613,43.22446],[27.34623,43.22563],[27.34705,43.22594],[27.34637,43.22658],[27.3463,43.22757],[27.34791,43.22842],[27.35119,43.22841],[27.35305,43.22463],[27.35305,43.22384],[27.3525,43.2239],[27.35322,43.22255],[27.35559,43.22065],[27.35935,43.21911],[27.35315,43.22013],[27.35403,43.2187],[27.35554,43.21877],[27.35615,43.21924],[27.35759,43.21864],[27.36061,43.21666],[27.36105,43.21527],[27.3621,43.21473],[27.36366,43.2145],[27.3648,43.21575],[27.36648,43.21259],[27.36721,43.21266],[27.36806,43.21125],[27.36981,43.2113],[27.37133,43.20839],[27.37261,43.20772],[27.3733,43.20644],[27.37424,43.206],[27.3753,43.2067],[27.37758,43.20535],[27.38085,43.20464],[27.38111,43.20516],[27.38065,43.20553],[27.38146,43.20604],[27.38313,43.20575],[27.38401,43.20864],[27.38963,43.20803],[27.38775,43.21188],[27.38773,43.21321],[27.38493,43.21554],[27.38754,43.21721],[27.39055,43.21468],[27.39022,43.21448],[27.39186,43.21212],[27.39318,43.21232],[27.39372,43.21152],[27.39349,43.21073],[27.3956,43.21029],[27.39578,43.2098],[27.39797,43.20902],[27.39833,43.2077],[27.39747,43.20724],[27.39713,43.20619],[27.39432,43.20628],[27.39207,43.20759],[27.3934,43.20664],[27.39669,43.20216],[27.39695,43.20256],[27.40529,43.20012],[27.40743,43.20097],[27.40789,43.20065],[27.40736,43.20006],[27.41062,43.19759],[27.409,43.19638],[27.40992,43.19572],[27.40825,43.19391],[27.40446,43.19463],[27.4064,43.19398],[27.40599,43.19286],[27.40635,43.19328],[27.40974,43.19227],[27.40917,43.19148],[27.4096,43.19093],[27.409,43.19027],[27.41014,43.18926],[27.40996,43.18882],[27.41596,43.18693],[27.42014,43.18619],[27.42321,43.18639],[27.42561,43.18804],[27.4276,43.18678],[27.42864,43.18327],[27.42565,43.17954],[27.42059,43.17441],[27.42049,43.17344],[27.41798,43.17293],[27.41968,43.16919],[27.42205,43.17007],[27.42573,43.16624],[27.42834,43.15951],[27.43052,43.15802],[27.42512,43.1581],[27.42516,43.15761],[27.41906,43.15887],[27.41919,43.15776],[27.42437,43.15615],[27.42488,43.15507],[27.43235,43.15459],[27.43581,43.15473],[27.43579,43.15547],[27.44423,43.15115],[27.44588,43.14989],[27.44828,43.15073],[27.44878,43.15021],[27.44983,43.15015],[27.45234,43.14784],[27.45554,43.14708],[27.45601,43.1461],[27.4572,43.14631],[27.45817,43.14505],[27.45864,43.14673],[27.46026,43.14616],[27.46448,43.14137],[27.46583,43.14189],[27.46105,43.1465],[27.46134,43.14668],[27.45932,43.14801],[27.45959,43.14825],[27.46203,43.14655],[27.46253,43.14681],[27.46098,43.14841],[27.46308,43.14891],[27.46258,43.15002],[27.46426,43.15025],[27.4635,43.15206],[27.46465,43.1524],[27.46321,43.15513],[27.46557,43.15547],[27.46575,43.1572],[27.46675,43.15726],[27.46644,43.15831],[27.46895,43.15859],[27.46869,43.15982],[27.47148,43.16013],[27.47107,43.16221],[27.46692,43.16181],[27.46666,43.16275],[27.46633,43.16273],[27.46667,43.1618],[27.46638,43.16131],[27.46353,43.16094],[27.4633,43.16148],[27.45862,43.16068],[27.45796,43.16408],[27.45712,43.16402],[27.45719,43.16453],[27.45663,43.16467],[27.45667,43.16519],[27.45721,43.16524],[27.45657,43.16653],[27.45697,43.16659],[27.45683,43.16714],[27.45625,43.16747],[27.45578,43.16954],[27.45485,43.17091],[27.45608,43.17225],[27.45993,43.17378],[27.45719,43.17279],[27.4553,43.1741],[27.45818,43.18008],[27.4584,43.18156],[27.45774,43.18173],[27.45748,43.1824],[27.45861,43.18214],[27.45743,43.18294],[27.4585,43.18414],[27.45968,43.18427],[27.46598,43.18809],[27.46729,43.18822],[27.46782,43.18717],[27.46754,43.18666],[27.46839,43.18704],[27.46849,43.1879],[27.46977,43.18837],[27.47057,43.18772],[27.47053,43.18637],[27.47149,43.18363],[27.46994,43.18289],[27.4711,43.18156],[27.4719,43.18377],[27.47428,43.18581],[27.47751,43.18723],[27.48224,43.1875],[27.48287,43.18643],[27.49274,43.186],[27.49493,43.18495],[27.49396,43.18625],[27.49585,43.18742],[27.49761,43.18505],[27.49608,43.1846],[27.49651,43.18311],[27.49576,43.18282],[27.49763,43.18242],[27.50119,43.18383],[27.50339,43.18291],[27.50481,43.18291],[27.50474,43.18256],[27.50761,43.1822],[27.51217,43.18023],[27.51235,43.18135],[27.51406,43.18037],[27.51438,43.18045],[27.51383,43.18116],[27.51525,43.1804],[27.51565,43.18074],[27.51518,43.18221],[27.51581,43.18088],[27.51478,43.18393],[27.51535,43.18408],[27.51491,43.18479],[27.51681,43.1854],[27.51825,43.1828],[27.52015,43.18249],[27.52237,43.18324],[27.52454,43.18472],[27.52674,43.18515],[27.52779,43.18697],[27.52827,43.18695],[27.52791,43.18568],[27.5304,43.18696],[27.53085,43.18789],[27.53315,43.18806],[27.53742,43.18963],[27.53866,43.19069],[27.53818,43.19257],[27.53946,43.19281],[27.53966,43.19221],[27.54126,43.1925],[27.54148,43.19129],[27.54294,43.19129],[27.5436,43.18967],[27.54457,43.18978],[27.54543,43.19052],[27.54605,43.18986],[27.54753,43.19059],[27.54725,43.1899],[27.54962,43.19044],[27.54999,43.1912],[27.55276,43.19278],[27.55351,43.19388],[27.5552,43.19407],[27.55557,43.19558],[27.5561,43.19578],[27.55548,43.19676],[27.55637,43.19668],[27.55628,43.19805],[27.55708,43.19825],[27.55752,43.2005],[27.55659,43.20059],[27.557,43.20439],[27.55371,43.20949],[27.55378,43.21056],[27.55655,43.21072],[27.55394,43.21227],[27.5528,43.21131],[27.55162,43.21238],[27.55249,43.21312],[27.549,43.21518],[27.55057,43.21629],[27.54904,43.21631],[27.54633,43.21737],[27.54761,43.21807],[27.54391,43.21936],[27.54526,43.22028],[27.54111,43.22357],[27.54013,43.22292],[27.53744,43.22434],[27.5372,43.22374],[27.53381,43.22553],[27.53478,43.22632],[27.5336,43.22707],[27.53534,43.22849],[27.53399,43.22937],[27.53599,43.231],[27.53362,43.23146],[27.53364,43.23235],[27.54149,43.23276],[27.54115,43.23311],[27.53236,43.23278],[27.52842,43.23395],[27.52712,43.23362],[27.52744,43.2344],[27.52657,43.23446],[27.52418,43.23413],[27.52202,43.23175],[27.51889,43.23348],[27.51461,43.23434],[27.51505,43.2356],[27.5127,43.23599],[27.5129,43.23656],[27.51114,43.23686],[27.51135,43.23748],[27.50616,43.23755],[27.50608,43.23582],[27.50047,43.23614],[27.496,43.23372],[27.49664,43.23321],[27.49549,43.2325],[27.49623,43.23193],[27.49551,43.23143],[27.49265,43.23222],[27.49501,43.23141],[27.49414,43.23135],[27.49372,43.23025],[27.49281,43.22997],[27.49303,43.22932],[27.49196,43.22811],[27.49145,43.22835],[27.49107,43.22797],[27.49147,43.22693],[27.48932,43.2267],[27.48919,43.22481],[27.48881,43.22547],[27.48764,43.2257],[27.48787,43.22678],[27.48698,43.22672],[27.48717,43.22794],[27.48756,43.2281],[27.48708,43.22971],[27.48622,43.23034],[27.48684,43.23072],[27.48594,43.23142],[27.48478,43.23425],[27.48344,43.2338],[27.48102,43.23768],[27.47859,43.23687],[27.47717,43.238],[27.47142,43.2364],[27.46791,43.23421],[27.46834,43.23339],[27.46726,43.23294],[27.46768,43.23249],[27.46585,43.23073],[27.46792,43.22998],[27.46696,43.22928],[27.4653,43.22924],[27.46576,43.22845],[27.4653,43.22828],[27.46591,43.2276],[27.46501,43.22715],[27.46535,43.22681],[27.46496,43.22613],[27.46328,43.2262],[27.46224,43.22574],[27.46168,43.22473],[27.45986,43.22578],[27.45611,43.22664],[27.45632,43.22689],[27.45545,43.22758],[27.4547,43.22727],[27.45378,43.22806],[27.45526,43.2294],[27.4538,43.23044],[27.45428,43.23085],[27.45369,43.2312],[27.45362,43.23192],[27.45329,43.23216],[27.45284,43.23174],[27.45148,43.23247],[27.45207,43.23332],[27.44849,43.23278],[27.44761,43.23152],[27.44664,43.23188],[27.44591,43.23083],[27.44534,43.2311],[27.44604,43.2321],[27.44398,43.23289],[27.44484,43.23341],[27.44427,43.23343],[27.44435,43.23507],[27.44559,43.23789],[27.44656,43.2378],[27.44615,43.23638],[27.44736,43.23769],[27.45007,43.23815],[27.45451,43.2404],[27.45755,43.24099],[27.45895,43.24001],[27.45932,43.23785],[27.45353,43.23571],[27.45462,43.23539],[27.45605,43.23618],[27.45804,43.23597],[27.4591,43.23637],[27.4601,43.23813],[27.45996,43.23985],[27.46106,43.24019],[27.46166,43.24097],[27.46396,43.24028],[27.46515,43.24115],[27.46603,43.24101],[27.46681,43.23982],[27.46671,43.24163],[27.46365,43.2418],[27.46349,43.24368],[27.4647,43.2455],[27.46685,43.24489],[27.46792,43.24845],[27.46794,43.25016],[27.46844,43.24977],[27.46889,43.24765],[27.46994,43.24858],[27.46975,43.25002],[27.47043,43.25095],[27.47177,43.25086],[27.47245,43.24993],[27.47338,43.24992],[27.47296,43.25182],[27.47321,43.25355],[27.47704,43.25303],[27.47428,43.25387],[27.47399,43.25547],[27.4766,43.25579],[27.47434,43.25924],[27.47441,43.26004],[27.47344,43.26065],[27.47451,43.26147],[27.4768,43.26024],[27.47827,43.26098],[27.47692,43.26181],[27.47589,43.26371],[27.47662,43.2707],[27.47727,43.272],[27.47838,43.27259],[27.47771,43.27441],[27.47464,43.27358],[27.47534,43.27269],[27.47515,43.27233],[27.47417,43.27216],[27.4734,43.27323],[27.47076,43.27249],[27.47064,43.26702],[27.46939,43.26547],[27.46549,43.26643],[27.46456,43.2653],[27.46298,43.26462],[27.463,43.26362],[27.46503,43.26085],[27.46427,43.25978],[27.46162,43.25921],[27.46242,43.25725],[27.46029,43.25679],[27.46089,43.2547],[27.45939,43.25455],[27.45941,43.2529],[27.4578,43.25288],[27.45783,43.25151],[27.45557,43.25138],[27.45563,43.2497],[27.45204,43.24964],[27.44986,43.24669],[27.44803,43.24668],[27.44736,43.24544],[27.44418,43.24543],[27.4443,43.2467],[27.44639,43.24963],[27.44527,43.24944],[27.44377,43.24817],[27.44227,43.24476],[27.44165,43.24201],[27.44029,43.24205],[27.44028,43.24169],[27.4377,43.24177],[27.43761,43.24399],[27.43558,43.24444],[27.43576,43.24498],[27.43827,43.24558],[27.43874,43.24617],[27.43503,43.24655],[27.43344,43.24515],[27.43249,43.24218],[27.43342,43.24141],[27.43314,43.24004],[27.43159,43.24006],[27.43144,43.2395],[27.43132,43.23995],[27.42285,43.23937],[27.42041,43.23976],[27.4202,43.24184],[27.41792,43.24975],[27.41996,43.25046],[27.41432,43.25311],[27.41013,43.25316],[27.40995,43.25415],[27.40905,43.25438],[27.40978,43.25633],[27.40913,43.25579],[27.40881,43.25446],[27.40774,43.25437],[27.40834,43.25673],[27.40762,43.25445],[27.40649,43.25474],[27.40705,43.2557],[27.40622,43.25599],[27.40681,43.257],[27.40662,43.25908],[27.40738,43.2627],[27.407,43.26382],[27.40659,43.26389],[27.40664,43.26316],[27.40589,43.26304],[27.40372,43.26373],[27.40251,43.26351],[27.40165,43.26166],[27.39924,43.26152],[27.39838,43.26011],[27.38926,43.26476],[27.38728,43.26397],[27.38987,43.26074],[27.39165,43.26008],[27.39485,43.25774],[27.39667,43.25738],[27.40057,43.25388],[27.3958,43.2518],[27.39196,43.25083],[27.38959,43.25304],[27.38499,43.24987],[27.38355,43.24999],[27.37638,43.25274],[27.37833,43.25341],[27.37744,43.25436],[27.3782,43.25462],[27.37607,43.25708],[27.38079,43.25888],[27.38116,43.25972],[27.38368,43.26187],[27.37516,43.25861],[27.37316,43.26142],[27.37214,43.261],[27.37123,43.26218],[27.37052,43.26189],[27.36781,43.26451],[27.36614,43.26384],[27.36376,43.26526],[27.36178,43.26985],[27.36042,43.27118],[27.36209,43.26823],[27.36266,43.26509],[27.3483,43.26513],[27.3394,43.26629],[27.33834,43.26615],[27.33816,43.26523],[27.33284,43.26554],[27.33277,43.2652],[27.3251,43.26437],[27.32373,43.26497],[27.32383,43.26676],[27.32096,43.26528],[27.31671,43.26589],[27.31445,43.26556],[27.31449,43.26595],[27.31352,43.26598],[27.31415,43.26644],[27.31371,43.26666],[27.31393,43.26765],[27.31536,43.26802],[27.31586,43.26951],[27.31672,43.27036],[27.31655,43.27173],[27.31705,43.27335],[27.31648,43.27378],[27.31727,43.27414],[27.31573,43.27419],[27.31572,43.27643],[27.3155,43.27565],[27.3149,43.27647],[27.31493,43.27605],[27.31405,43.27597],[27.31273,43.27605],[27.31262,43.27642],[27.31268,43.276],[27.31518,43.27553],[27.31566,43.27366],[27.31525,43.27277],[27.31643,43.27053],[27.31553,43.26961],[27.31518,43.26818],[27.31382,43.26787],[27.3132,43.26526],[27.3111,43.26538],[27.31039,43.26699],[27.30916,43.2668],[27.30809,43.26795],[27.30727,43.26729],[27.30973,43.26547],[27.30436,43.26429],[27.30403,43.26584],[27.3004,43.26554],[27.30148,43.26469],[27.30106,43.26436],[27.30025,43.26475],[27.29971,43.26333],[27.29891,43.26349],[27.29873,43.26303],[27.29778,43.26324],[27.29829,43.26454],[27.29727,43.26446],[27.2971,43.26484],[27.29789,43.265],[27.29597,43.26647],[27.29653,43.2669],[27.29436,43.26744],[27.29405,43.26829],[27.29398,43.26786],[27.29243,43.26821],[27.29086,43.26945],[27.29043,43.27022],[27.29138,43.27064],[27.29518,43.26964],[27.29412,43.27096],[27.29265,43.27113],[27.29283,43.27263],[27.2918,43.27171],[27.29024,43.27291],[27.29032,43.27389],[27.29278,43.27375],[27.29011,43.2741],[27.28923,43.27529],[27.29501,43.27731],[27.29612,43.27712],[27.29499,43.27766],[27.28894,43.27565],[27.28554,43.27575],[27.27884,43.27758],[27.27932,43.27941],[27.27634,43.27997],[27.2766,43.28097],[27.27335,43.28158],[27.27353,43.28229],[27.27131,43.28269],[27.27156,43.28377],[27.26534,43.28524],[27.26552,43.2861],[27.26269,43.28658],[27.26279,43.287],[27.26208,43.28713],[27.26226,43.288],[27.26034,43.28838],[27.26005,43.28744],[27.25929,43.28755],[27.25956,43.28847],[27.24684,43.28992],[27.24158,43.29107],[27.23559,43.28921],[27.22952,43.28502],[27.22899,43.28378],[27.22943,43.28065],[27.22889,43.27829],[27.2263,43.27357],[27.2255,43.27417],[27.22328,43.27448],[27.22173,43.27656],[27.22048,43.27731],[27.22036,43.27781],[27.22128,43.27794],[27.22217,43.2778],[27.22191,43.27732],[27.22227,43.27706],[27.22266,43.27722],[27.22319,43.27787],[27.22234,43.27844],[27.21104,43.27793],[27.20777,43.2768],[27.20829,43.27557],[27.20696,43.27535],[27.20697,43.2748],[27.20439,43.27451],[27.20428,43.27535],[27.20308,43.27526],[27.20336,43.27461],[27.20289,43.27439],[27.19896,43.274],[27.19816,43.27337],[27.19745,43.27337],[27.19801,43.27383],[27.19554,43.27417],[27.19236,43.27323],[27.19127,43.27392],[27.19161,43.2749],[27.19226,43.27524],[27.19212,43.27568],[27.19175,43.27631],[27.19081,43.27593],[27.19075,43.27655],[27.19104,43.27738],[27.19203,43.27807],[27.19123,43.27757],[27.1905,43.27796],[27.19118,43.27806],[27.19161,43.27896],[27.19333,43.27959],[27.19353,43.28001],[27.19276,43.28087],[27.19316,43.28102],[27.19273,43.28163],[27.194,43.28211],[27.19112,43.28398],[27.19143,43.2841],[27.19067,43.28473],[27.19111,43.28489],[27.19016,43.28569],[27.19278,43.28668],[27.18841,43.28977],[27.18547,43.29277],[27.18818,43.29581],[27.18762,43.29605],[27.18774,43.29668],[27.18749,43.29626],[27.18679,43.29633],[27.18725,43.29716],[27.1844,43.29843],[27.18313,43.29755],[27.18666,43.29488],[27.18496,43.29294],[27.1831,43.29311],[27.17929,43.29456],[27.17536,43.2939],[27.17431,43.29421],[27.17462,43.29452],[27.17386,43.29402],[27.17324,43.29449],[27.17382,43.29581],[27.17469,43.29634],[27.17368,43.29752],[27.17208,43.29784],[27.17029,43.29904],[27.17132,43.30096],[27.16808,43.30199],[27.16827,43.30249],[27.16922,43.30219],[27.16928,43.30414],[27.1685,43.30445],[27.16934,43.30379],[27.16781,43.30315],[27.16342,43.30504],[27.15247,43.30412],[27.1526,43.30314],[27.14889,43.30305],[27.14585,43.30209],[27.14444,43.30486],[27.14414,43.30475],[27.14497,43.30321],[27.14414,43.30294],[27.14502,43.30301],[27.14552,43.30198],[27.14185,43.30127],[27.13961,43.29995],[27.14043,43.3041],[27.13934,43.29999],[27.13456,43.29879],[27.13428,43.30004]]],[[[27.13429,43.30004],[27.13411,43.30105],[27.13457,43.30161],[27.13381,43.3009],[27.13429,43.30004]]],[[[27.23852,43.04989],[27.23852,43.04989],[27.2386,43.04994],[27.23852,43.04989]]],[[[27.13428,43.30004],[27.1343,43.30004],[27.13429,43.30004],[27.13428,43.30004]]]]},"properties":{"SiteCode":"BG0000104","SiteNameBG":"Провадийско - Роякско плато","SiteType":"SCI","SiteArea":50158.587444800003,"naturaClass":"habitats"}},{"type":"Feature","geometry":{"type":"Polygon","coordinates":[[[27.48774,43.0176],[27.48996,43.02085],[27.49119,43.02553],[27.49085,43.0255],[27.4901,43.02187],[27.48797,43.01864],[27.48654,43.01766],[27.48503,43.01767],[27.48539,43.01689],[27.4826,43.01568],[27.48046,43.01372],[27.47732,43.01274],[27.47877,43.01233],[27.4749,43.01101],[27.47663,43.01192],[27.47584,43.01293],[27.47762,43.01374],[27.47724,43.01434],[27.47663,43.01443],[27.47537,43.01361],[27.47372,43.01362],[27.47328,43.01428],[27.47164,43.01353],[27.47113,43.01405],[27.46909,43.013],[27.46941,43.01219],[27.46902,43.012],[27.46672,43.01349],[27.4637,43.01428],[27.46179,43.01347],[27.46074,43.01438],[27.46004,43.01414],[27.45852,43.01498],[27.45819,43.01445],[27.46036,43.01372],[27.45994,43.01281],[27.46163,43.01167],[27.46053,43.01126],[27.4572,43.01211],[27.45683,43.01242],[27.45704,43.01358],[27.45605,43.01382],[27.45546,43.01282],[27.4549,43.013],[27.453,43.01173],[27.45414,43.01113],[27.45569,43.01166],[27.4556,43.0111],[27.45794,43.01043],[27.45633,43.00856],[27.45624,43.00742],[27.45552,43.00688],[27.45485,43.00708],[27.45631,43.00385],[27.45457,43.00401],[27.45511,43.00287],[27.45369,43.00273],[27.4509,43.00054],[27.44636,42.99984],[27.44645,42.99851],[27.44524,42.99721],[27.44184,42.99728],[27.44159,42.99616],[27.44088,42.99626],[27.44174,42.99607],[27.43948,42.99609],[27.44161,42.99333],[27.43969,42.99111],[27.43869,42.99085],[27.43576,42.99538],[27.43421,42.9961],[27.43385,42.99586],[27.43252,42.99678],[27.43406,42.99681],[27.43831,42.99514],[27.43602,42.99645],[27.43311,42.99715],[27.42466,42.99694],[27.43087,42.99668],[27.43284,42.99614],[27.43271,42.99458],[27.43383,42.9943],[27.43457,42.99037],[27.43087,42.98982],[27.42853,42.99051],[27.42218,42.9901],[27.42159,42.9891],[27.42203,42.98751],[27.42468,42.98607],[27.42484,42.98538],[27.42451,42.98388],[27.42514,42.98298],[27.42484,42.98153],[27.42514,42.98142],[27.4238,42.97962],[27.42248,42.97898],[27.42441,42.9781],[27.42568,42.97642],[27.42427,42.97642],[27.42379,42.97573],[27.42954,42.97545],[27.42846,42.97482],[27.428,42.97368],[27.42882,42.97391],[27.42794,42.97148],[27.42895,42.97114],[27.42665,42.97153],[27.42355,42.97069],[27.42392,42.97169],[27.42296,42.97233],[27.41982,42.97259],[27.41867,42.97131],[27.41606,42.97233],[27.41556,42.97121],[27.41571,42.96948],[27.40881,42.97037],[27.40726,42.96965],[27.40595,42.97037],[27.4053,42.96961],[27.40541,42.97357],[27.40321,42.97278],[27.40378,42.97235],[27.40356,42.97147],[27.40448,42.97103],[27.40427,42.96978],[27.40322,42.96991],[27.40342,42.97066],[27.4027,42.97116],[27.4012,42.97096],[27.40267,42.97246],[27.40138,42.97202],[27.40276,42.97369],[27.40193,42.97415],[27.40125,42.97419],[27.40194,42.97367],[27.40092,42.97356],[27.40053,42.9727],[27.39818,42.97323],[27.3988,42.97352],[27.39841,42.97392],[27.39699,42.97309],[27.3975,42.97365],[27.38576,42.97333],[27.38662,42.97307],[27.38502,42.97274],[27.38779,42.9725],[27.38864,42.97134],[27.38429,42.97129],[27.38309,42.97015],[27.38401,42.96957],[27.38374,42.96862],[27.38285,42.96911],[27.38327,42.96841],[27.38295,42.96759],[27.38233,42.96845],[27.37944,42.96746],[27.3794,42.96649],[27.38081,42.96428],[27.38085,42.96212],[27.37994,42.961],[27.38009,42.96243],[27.37949,42.96282],[27.37903,42.96513],[27.37803,42.96605],[27.3783,42.96669],[27.37718,42.96629],[27.37621,42.96677],[27.37599,42.96633],[27.37289,42.96648],[27.37206,42.9652],[27.37162,42.96714],[27.37206,42.96733],[27.37236,42.96688],[27.37248,42.9677],[27.37384,42.96851],[27.37405,42.96936],[27.37322,42.96979],[27.37201,42.96959],[27.37108,42.97018],[27.36632,42.97045],[27.36617,42.97089],[27.36641,42.97051],[27.36287,42.97069],[27.36354,42.96968],[27.36417,42.96967],[27.36367,42.96927],[27.36529,42.96768],[27.36398,42.96858],[27.36416,42.96734],[27.36505,42.96652],[27.36489,42.96542],[27.36383,42.96698],[27.36312,42.96701],[27.36218,42.966],[27.36386,42.96527],[27.36211,42.96507],[27.36231,42.96457],[27.36182,42.96459],[27.36185,42.96548],[27.36116,42.9656],[27.36075,42.96632],[27.3603,42.96636],[27.36046,42.96589],[27.35953,42.96701],[27.35843,42.96683],[27.35816,42.96872],[27.3593,42.96856],[27.35872,42.96895],[27.35919,42.96891],[27.35942,42.96944],[27.35802,42.96937],[27.35739,42.97107],[27.35717,42.97038],[27.35649,42.97151],[27.35501,42.97078],[27.35487,42.97],[27.35437,42.97054],[27.35063,42.96939],[27.34672,42.96953],[27.3445,42.96671],[27.34035,42.96853],[27.34115,42.96669],[27.34045,42.96624],[27.34062,42.96548],[27.34016,42.96487],[27.33988,42.96536],[27.34033,42.96607],[27.33985,42.96666],[27.34039,42.96656],[27.34066,42.96701],[27.34021,42.96799],[27.33849,42.96897],[27.33902,42.96983],[27.33839,42.96934],[27.33666,42.96973],[27.33561,42.97028],[27.33584,42.97072],[27.33461,42.97119],[27.33372,42.97054],[27.3344,42.97257],[27.33323,42.97039],[27.3313,42.96924],[27.33131,42.96971],[27.33196,42.96956],[27.33325,42.97064],[27.33267,42.9718],[27.33333,42.97196],[27.33384,42.9733],[27.33333,42.9734],[27.33368,42.97416],[27.33337,42.97434],[27.33201,42.97413],[27.33196,42.97327],[27.3303,42.9739],[27.32992,42.97338],[27.33083,42.97289],[27.3297,42.97326],[27.32447,42.97055],[27.32448,42.96948],[27.32679,42.96845],[27.31109,42.96902],[27.30964,42.96991],[27.30101,42.9709],[27.29985,42.97082],[27.30063,42.97032],[27.29998,42.97004],[27.30018,42.9697],[27.29369,42.96856],[27.29328,42.96869],[27.29362,42.96902],[27.29255,42.96932],[27.29281,42.96697],[27.29146,42.96515],[27.29373,42.96565],[27.29404,42.9646],[27.29296,42.96454],[27.29335,42.9639],[27.29421,42.96368],[27.29356,42.96333],[27.29221,42.96372],[27.29184,42.96396],[27.29214,42.96444],[27.2913,42.96496],[27.28915,42.96403],[27.28872,42.96183],[27.29015,42.95733],[27.28873,42.9553],[27.29078,42.95495],[27.29021,42.9544],[27.29077,42.95381],[27.29026,42.95327],[27.29086,42.95319],[27.29075,42.95287],[27.2912,42.95319],[27.2908,42.95284],[27.29186,42.95212],[27.29033,42.95162],[27.29177,42.95129],[27.29276,42.95014],[27.29205,42.94948],[27.29414,42.9485],[27.29393,42.94819],[27.29306,42.94797],[27.29092,42.94864],[27.2896,42.94831],[27.28625,42.94856],[27.2859,42.94814],[27.28398,42.94867],[27.28374,42.94913],[27.28442,42.94942],[27.28207,42.94957],[27.28261,42.94884],[27.28186,42.9486],[27.28255,42.94834],[27.28265,42.94526],[27.27914,42.94553],[27.27353,42.94678],[27.27271,42.94646],[27.27388,42.94588],[27.27296,42.94406],[27.27473,42.94358],[27.27423,42.94294],[27.27515,42.94236],[27.27221,42.94136],[27.27197,42.93981],[27.27123,42.94163],[27.26957,42.9424],[27.26949,42.94149],[27.26893,42.94269],[27.26811,42.94318],[27.26835,42.94339],[27.26756,42.94371],[27.26644,42.94312],[27.26397,42.94308],[27.25959,42.94182],[27.25703,42.94017],[27.25405,42.93911],[27.25502,42.93867],[27.25504,42.93822],[27.2477,42.9395],[27.24538,42.93862],[27.24431,42.93764],[27.23846,42.9372],[27.23694,42.93661],[27.23746,42.9356],[27.23711,42.93519],[27.23586,42.93558],[27.23171,42.93532],[27.23243,42.93457],[27.23169,42.93438],[27.23173,42.93313],[27.23048,42.93288],[27.22715,42.93281],[27.22622,42.93329],[27.22519,42.93472],[27.22342,42.93405],[27.22194,42.93473],[27.22174,42.93439],[27.22273,42.934],[27.22323,42.93296],[27.22327,42.93213],[27.22259,42.93129],[27.22061,42.93142],[27.21942,42.93206],[27.21903,42.93308],[27.21916,42.93262],[27.21755,42.93171],[27.21799,42.93074],[27.21672,42.93107],[27.21535,42.92961],[27.215,42.92993],[27.21403,42.92908],[27.21201,42.9289],[27.21035,42.92763],[27.20906,42.92583],[27.19956,42.92243],[27.19502,42.92016],[27.19125,42.91949],[27.18795,42.92083],[27.18343,42.92129],[27.18272,42.92005],[27.18292,42.91874],[27.18384,42.91626],[27.18546,42.91385],[27.18241,42.9103],[27.18068,42.90926],[27.18011,42.90823],[27.18297,42.90633],[27.18716,42.90633],[27.18978,42.90512],[27.19101,42.90534],[27.19057,42.90469],[27.19177,42.90562],[27.19497,42.90485],[27.19312,42.90342],[27.19093,42.90344],[27.19102,42.9028],[27.19152,42.90319],[27.1932,42.903],[27.19528,42.90457],[27.1962,42.90435],[27.19801,42.90269],[27.197,42.90198],[27.1972,42.90166],[27.19118,42.89893],[27.19414,42.89604],[27.19667,42.89457],[27.20093,42.89305],[27.20387,42.89125],[27.20281,42.88851],[27.20082,42.88642],[27.20085,42.88537],[27.20373,42.88292],[27.20533,42.88245],[27.20964,42.87948],[27.21342,42.87615],[27.21963,42.87375],[27.22036,42.87308],[27.22019,42.8725],[27.22137,42.87239],[27.22248,42.87152],[27.22525,42.87167],[27.22565,42.87043],[27.22731,42.8703],[27.22829,42.86878],[27.23144,42.86994],[27.2318,42.86877],[27.23338,42.86852],[27.23326,42.8672],[27.23589,42.86737],[27.23655,42.86681],[27.23853,42.86844],[27.23811,42.8697],[27.24,42.87074],[27.24099,42.87005],[27.24373,42.87021],[27.24512,42.86861],[27.24763,42.86904],[27.24929,42.86808],[27.24951,42.86721],[27.2503,42.86666],[27.25207,42.86689],[27.25301,42.86647],[27.254,42.86778],[27.25495,42.86739],[27.25585,42.86958],[27.2572,42.87036],[27.25707,42.87134],[27.25817,42.87167],[27.25905,42.87287],[27.26007,42.87303],[27.26072,42.87433],[27.26178,42.87306],[27.26601,42.87194],[27.26675,42.87234],[27.2688,42.87111],[27.26977,42.87151],[27.27246,42.87071],[27.27422,42.87091],[27.27603,42.86865],[27.27777,42.86926],[27.27901,42.86828],[27.28334,42.86761],[27.28336,42.86488],[27.28398,42.86388],[27.28773,42.86252],[27.29031,42.86229],[27.29171,42.86154],[27.29297,42.86164],[27.29392,42.86042],[27.29439,42.8575],[27.29416,42.85702],[27.29327,42.85703],[27.29346,42.85621],[27.29429,42.85586],[27.29392,42.85468],[27.29422,42.85131],[27.2924,42.85099],[27.29329,42.85012],[27.29311,42.84977],[27.2943,42.84984],[27.29309,42.84916],[27.29399,42.84893],[27.2939,42.84817],[27.29571,42.84822],[27.29643,42.84724],[27.2955,42.84628],[27.29623,42.84627],[27.29644,42.84538],[27.29462,42.84455],[27.29591,42.84443],[27.29549,42.84397],[27.29598,42.84365],[27.29591,42.84297],[27.29558,42.84291],[27.29525,42.84406],[27.29395,42.84456],[27.29535,42.84179],[27.29502,42.8415],[27.29551,42.84095],[27.2953,42.84023],[27.296,42.83986],[27.29574,42.83926],[27.2969,42.83907],[27.29686,42.8396],[27.29765,42.83978],[27.29862,42.83864],[27.29883,42.83964],[27.29972,42.83973],[27.2994,42.83935],[27.30082,42.83971],[27.30122,42.83893],[27.30017,42.83951],[27.30015,42.83872],[27.30723,42.83503],[27.30716,42.8363],[27.30825,42.83777],[27.30842,42.84103],[27.30812,42.8409],[27.30913,42.84356],[27.31184,42.84425],[27.31234,42.84377],[27.31305,42.84403],[27.31321,42.84348],[27.3136,42.84372],[27.31477,42.84284],[27.3137,42.84437],[27.31383,42.84547],[27.31673,42.84652],[27.31818,42.84556],[27.31757,42.8461],[27.31772,42.84658],[27.31834,42.84576],[27.31939,42.84537],[27.31857,42.84672],[27.32094,42.84775],[27.3226,42.84699],[27.32325,42.8459],[27.32331,42.84457],[27.32451,42.8445],[27.32457,42.84548],[27.32287,42.84795],[27.32331,42.84851],[27.32442,42.84723],[27.32574,42.84699],[27.32903,42.845],[27.33004,42.8451],[27.32993,42.84476],[27.33072,42.84455],[27.33168,42.84364],[27.33045,42.84253],[27.33491,42.84275],[27.34755,42.84597],[27.35284,42.84489],[27.36109,42.84207],[27.36515,42.84318],[27.3708,42.84582],[27.37079,42.84535],[27.37219,42.84514],[27.374,42.84311],[27.37828,42.84089],[27.38165,42.83984],[27.38562,42.83943],[27.38812,42.83967],[27.39227,42.84073],[27.39418,42.84245],[27.39511,42.84267],[27.39512,42.84332],[27.39673,42.84444],[27.39582,42.84548],[27.39621,42.84677],[27.39485,42.84842],[27.39521,42.84873],[27.39427,42.84899],[27.39461,42.84931],[27.39278,42.85116],[27.39264,42.85183],[27.39457,42.85106],[27.39281,42.85261],[27.39434,42.85214],[27.39524,42.85118],[27.39568,42.85132],[27.39623,42.85059],[27.39844,42.84954],[27.3981,42.84926],[27.39844,42.84906],[27.39963,42.84862],[27.40018,42.84889],[27.4029,42.84689],[27.40438,42.84665],[27.40497,42.84595],[27.40634,42.84587],[27.40623,42.8455],[27.40692,42.84523],[27.41416,42.84476],[27.41326,42.84363],[27.414,42.84284],[27.41392,42.84201],[27.41426,42.84209],[27.41424,42.84316],[27.41521,42.84278],[27.41547,42.84368],[27.41626,42.84376],[27.41891,42.84325],[27.41951,42.84359],[27.42077,42.8421],[27.42318,42.84158],[27.4229,42.84241],[27.42123,42.84308],[27.42051,42.84414],[27.42177,42.84483],[27.42364,42.84406],[27.42393,42.84445],[27.42551,42.84436],[27.42429,42.84576],[27.42465,42.84595],[27.42418,42.84678],[27.42502,42.84658],[27.42456,42.8471],[27.42487,42.84759],[27.42595,42.84803],[27.42901,42.84786],[27.42921,42.84845],[27.42983,42.84847],[27.42996,42.84788],[27.43072,42.8479],[27.43069,42.84699],[27.4331,42.84905],[27.43614,42.84968],[27.44179,42.84828],[27.44292,42.84737],[27.44267,42.84778],[27.44573,42.8472],[27.44651,42.84614],[27.4478,42.84592],[27.44875,42.84496],[27.44822,42.84611],[27.45115,42.84537],[27.45246,42.84455],[27.45338,42.8446],[27.45386,42.84547],[27.45537,42.84563],[27.45754,42.84557],[27.45883,42.84468],[27.45984,42.84508],[27.46148,42.84493],[27.47119,42.84003],[27.47446,42.83759],[27.48154,42.83853],[27.48454,42.83944],[27.48638,42.84293],[27.48667,42.84545],[27.4877,42.84429],[27.49015,42.84463],[27.49653,42.84181],[27.49798,42.8417],[27.50087,42.84022],[27.5045,42.83934],[27.50618,42.84071],[27.50813,42.84108],[27.50854,42.8416],[27.5092,42.84114],[27.51138,42.84104],[27.51171,42.84158],[27.5127,42.84152],[27.514,42.84219],[27.51563,42.84422],[27.51708,42.84511],[27.51896,42.84993],[27.52098,42.85035],[27.52385,42.84966],[27.52446,42.85044],[27.52535,42.8505],[27.52552,42.85125],[27.52753,42.85194],[27.52984,42.85428],[27.53198,42.85742],[27.53038,42.8574],[27.52995,42.85796],[27.52998,42.85943],[27.53131,42.86191],[27.53066,42.86279],[27.5314,42.86345],[27.53058,42.86431],[27.53198,42.86629],[27.53382,42.86641],[27.53343,42.86956],[27.53705,42.86949],[27.53736,42.87256],[27.54114,42.87465],[27.54205,42.87606],[27.54206,42.87715],[27.54309,42.87808],[27.54215,42.87873],[27.54206,42.87959],[27.54372,42.88202],[27.54407,42.8854],[27.54578,42.88633],[27.5454,42.88777],[27.54581,42.89031],[27.54729,42.89115],[27.54754,42.89211],[27.54885,42.89338],[27.55242,42.89471],[27.55531,42.89805],[27.55728,42.89805],[27.55836,42.90097],[27.56007,42.90137],[27.56146,42.90015],[27.56528,42.90039],[27.56543,42.89919],[27.56772,42.89812],[27.5727,42.89961],[27.57371,42.8991],[27.57336,42.89865],[27.57448,42.89794],[27.57792,42.89886],[27.57922,42.89756],[27.5807,42.8979],[27.58113,42.89728],[27.58328,42.89672],[27.58551,42.89698],[27.58702,42.89634],[27.59306,42.8965],[27.59403,42.89528],[27.59487,42.89503],[27.59689,42.89522],[27.5977,42.8963],[27.59935,42.89719],[27.60106,42.89631],[27.60312,42.89782],[27.60372,42.89763],[27.60401,42.89678],[27.60694,42.89651],[27.61083,42.89765],[27.61176,42.89726],[27.61207,42.89624],[27.61352,42.8968],[27.61445,42.89615],[27.61872,42.89634],[27.62114,42.89548],[27.62243,42.89611],[27.62166,42.89832],[27.62356,42.89883],[27.62503,42.89848],[27.62707,42.89556],[27.62834,42.89508],[27.63481,42.89552],[27.63646,42.89488],[27.63912,42.89539],[27.63996,42.89324],[27.6461,42.89006],[27.65063,42.88996],[27.65137,42.88829],[27.65514,42.88696],[27.65602,42.88517],[27.65671,42.88589],[27.65642,42.88527],[27.65882,42.88491],[27.65969,42.88381],[27.66719,42.88254],[27.66861,42.88127],[27.67256,42.88165],[27.67437,42.8797],[27.67701,42.87989],[27.67848,42.87882],[27.68572,42.87654],[27.68689,42.87523],[27.68876,42.87455],[27.68732,42.87356],[27.68768,42.87376],[27.6877,42.87305],[27.68868,42.87387],[27.6891,42.87367],[27.68872,42.87281],[27.68939,42.87261],[27.68995,42.87153],[27.68915,42.87244],[27.68808,42.872],[27.6884,42.87159],[27.68796,42.87073],[27.68854,42.87029],[27.69307,42.87022],[27.69476,42.87107],[27.69452,42.87156],[27.6966,42.87138],[27.70113,42.86822],[27.70233,42.86796],[27.70478,42.86515],[27.70925,42.86395],[27.71348,42.86215],[27.71441,42.86221],[27.71748,42.86031],[27.71986,42.85837],[27.72047,42.85644],[27.71937,42.85559],[27.72,42.85574],[27.72055,42.85522],[27.72195,42.85582],[27.72502,42.85459],[27.7284,42.85427],[27.7307,42.85319],[27.73134,42.85178],[27.73219,42.8512],[27.73083,42.85023],[27.736,42.8499],[27.73784,42.84787],[27.74211,42.8483],[27.74314,42.84793],[27.74478,42.8456],[27.74557,42.84586],[27.7444,42.84446],[27.74783,42.84498],[27.75053,42.84419],[27.74933,42.844],[27.75188,42.84217],[27.75258,42.84102],[27.75332,42.8421],[27.75448,42.84193],[27.76065,42.83975],[27.76661,42.8388],[27.77167,42.83537],[27.77469,42.8345],[27.77505,42.83497],[27.77624,42.83505],[27.77681,42.83416],[27.77811,42.83367],[27.78249,42.83328],[27.78345,42.83208],[27.79128,42.82889],[27.7903,42.82885],[27.79083,42.82558],[27.80722,42.82559],[27.80713,42.82433],[27.80785,42.8243],[27.81818,42.82497],[27.8208,42.82573],[27.8216,42.82548],[27.82268,42.82608],[27.82132,42.82611],[27.82308,42.82638],[27.82428,42.82801],[27.82837,42.83106],[27.82669,42.83116],[27.82675,42.83149],[27.82889,42.83137],[27.82993,42.83211],[27.80253,42.83328],[27.80255,42.83458],[27.80487,42.83451],[27.80489,42.83537],[27.80784,42.8358],[27.8079,42.83705],[27.80644,42.83712],[27.80673,42.83781],[27.80468,42.83795],[27.80297,42.83893],[27.80143,42.83897],[27.80138,42.83953],[27.79805,42.83881],[27.79849,42.83826],[27.79763,42.83767],[27.7975,42.83517],[27.79963,42.83477],[27.7999,42.83268],[27.79944,42.83263],[27.79953,42.83189],[27.79855,42.83191],[27.79854,42.83257],[27.79665,42.83295],[27.79545,42.83144],[27.79304,42.83233],[27.79328,42.8327],[27.7923,42.83305],[27.79253,42.83333],[27.79004,42.83369],[27.78946,42.83477],[27.78974,42.8354],[27.79044,42.83525],[27.79016,42.83584],[27.79095,42.83619],[27.79151,42.83575],[27.7921,42.83685],[27.79186,42.83724],[27.79351,42.83831],[27.79279,42.83816],[27.7929,42.83957],[27.79184,42.83984],[27.79278,42.84132],[27.79207,42.84161],[27.79259,42.84254],[27.80011,42.84084],[27.8017,42.84237],[27.80418,42.84325],[27.80582,42.84456],[27.80704,42.84662],[27.79605,42.85446],[27.78732,42.85863],[27.7831,42.86421],[27.78304,42.86647],[27.78426,42.86699],[27.7857,42.86903],[27.78435,42.87067],[27.78393,42.87797],[27.78748,42.88099],[27.78753,42.88181],[27.78681,42.88226],[27.78694,42.88337],[27.7876,42.884],[27.79057,42.88296],[27.79052,42.8843],[27.77951,42.89021],[27.7799,42.89128],[27.77943,42.89233],[27.78032,42.89293],[27.77924,42.8927],[27.77852,42.89323],[27.77917,42.8925],[27.77921,42.89168],[27.77484,42.89207],[27.7741,42.89256],[27.77408,42.89319],[27.76978,42.89469],[27.76915,42.89722],[27.76699,42.89751],[27.76397,42.90006],[27.7647,42.90057],[27.76408,42.90112],[27.75749,42.90388],[27.75431,42.90679],[27.75886,42.90873],[27.77464,42.91181],[27.78366,42.91713],[27.78431,42.91876],[27.7829,42.92505],[27.78437,42.92665],[27.78505,42.9286],[27.78518,42.92918],[27.7839,42.92937],[27.78457,42.92936],[27.78563,42.93046],[27.78572,42.93119],[27.78528,42.93143],[27.78558,42.9323],[27.78522,42.93303],[27.78331,42.93376],[27.78304,42.93341],[27.78122,42.93439],[27.77861,42.9363],[27.77795,42.93758],[27.77279,42.93977],[27.7696,42.94331],[27.76769,42.94411],[27.76495,42.94736],[27.76426,42.94858],[27.76427,42.94967],[27.76257,42.95203],[27.75752,42.95506],[27.75548,42.95712],[27.75618,42.95759],[27.76006,42.95781],[27.75822,42.95776],[27.75786,42.95979],[27.75808,42.96013],[27.75874,42.95991],[27.75814,42.96022],[27.75979,42.96166],[27.76845,42.96197],[27.77136,42.96396],[27.77849,42.96436],[27.78072,42.96656],[27.78288,42.96501],[27.78462,42.96442],[27.78613,42.96291],[27.78952,42.96263],[27.79533,42.96057],[27.79685,42.95961],[27.8023,42.95817],[27.81534,42.96975],[27.81502,42.97059],[27.81532,42.97132],[27.81379,42.97255],[27.81436,42.97339],[27.81357,42.97603],[27.81458,42.97616],[27.81247,42.97764],[27.81128,42.97977],[27.80984,42.98075],[27.80989,42.98162],[27.80844,42.981],[27.80978,42.9803],[27.80889,42.97938],[27.80733,42.98029],[27.8058,42.9792],[27.80374,42.97877],[27.80147,42.97955],[27.80171,42.98008],[27.79998,42.98111],[27.79929,42.98077],[27.79925,42.98119],[27.79723,42.98117],[27.79585,42.98005],[27.79403,42.9802],[27.79182,42.97952],[27.7891,42.98092],[27.7843,42.9816],[27.78344,42.98031],[27.78203,42.98057],[27.78241,42.97893],[27.78156,42.97966],[27.78068,42.97967],[27.7806,42.97849],[27.78008,42.97868],[27.77974,42.97732],[27.77839,42.97698],[27.77725,42.97396],[27.77504,42.97381],[27.77406,42.97394],[27.77299,42.97473],[27.77329,42.9752],[27.77171,42.97579],[27.7722,42.97612],[27.77133,42.97682],[27.77144,42.97785],[27.77095,42.97822],[27.77197,42.97936],[27.7712,42.97963],[27.77182,42.98051],[27.76858,42.98098],[27.76723,42.98012],[27.76619,42.98034],[27.76455,42.97957],[27.76385,42.98076],[27.76118,42.98039],[27.75879,42.97942],[27.75192,42.98268],[27.75093,42.98377],[27.75135,42.98419],[27.75067,42.98744],[27.74511,42.98641],[27.74481,42.98495],[27.74436,42.98683],[27.74171,42.98654],[27.74215,42.98556],[27.74134,42.98492],[27.74295,42.98304],[27.74483,42.9789],[27.74476,42.97785],[27.74679,42.97658],[27.747,42.97492],[27.74465,42.97657],[27.74463,42.97744],[27.74327,42.97746],[27.74413,42.97787],[27.74318,42.97877],[27.73604,42.98201],[27.73387,42.98062],[27.73317,42.97921],[27.73359,42.9782],[27.73333,42.97731],[27.73489,42.97651],[27.73459,42.97606],[27.73254,42.97706],[27.73313,42.97776],[27.73299,42.97855],[27.73248,42.97894],[27.73133,42.97876],[27.73235,42.97853],[27.73244,42.97807],[27.73159,42.97794],[27.73172,42.97718],[27.73105,42.97673],[27.73075,42.9748],[27.7314,42.97418],[27.73044,42.97327],[27.73038,42.97231],[27.72785,42.97312],[27.72784,42.97359],[27.72686,42.97248],[27.72466,42.97252],[27.72027,42.97065],[27.71984,42.97112],[27.71712,42.97033],[27.71601,42.97192],[27.71858,42.97294],[27.71894,42.97401],[27.71565,42.97537],[27.71399,42.97318],[27.7138,42.97183],[27.7101,42.97125],[27.7097,42.9724],[27.70856,42.97255],[27.7082,42.9738],[27.70766,42.97287],[27.70583,42.97284],[27.70357,42.97329],[27.70371,42.9738],[27.70311,42.97366],[27.7041,42.97436],[27.70048,42.9744],[27.69919,42.97484],[27.69782,42.97445],[27.6961,42.97511],[27.69642,42.97648],[27.69479,42.97609],[27.69379,42.97644],[27.69351,42.97702],[27.69226,42.97697],[27.6913,42.97747],[27.68935,42.97658],[27.68726,42.9765],[27.68515,42.9749],[27.68538,42.97546],[27.68033,42.97739],[27.67761,42.97958],[27.67552,42.97985],[27.67321,42.98149],[27.67202,42.98383],[27.67131,42.98664],[27.66749,42.99052],[27.67213,43.00059],[27.67319,43.0016],[27.67,43.00134],[27.66803,43.00038],[27.66965,43.00042],[27.66814,42.99954],[27.6675,42.99995],[27.66654,42.99939],[27.66592,42.99954],[27.66549,43.00053],[27.66649,43.00095],[27.66655,43.00271],[27.66246,43.00217],[27.66248,43.00308],[27.65957,43.00247],[27.65506,43.00295],[27.65314,43.0026],[27.6528,43.00217],[27.65188,43.00255],[27.65179,43.00195],[27.65039,43.00234],[27.64875,43.00119],[27.64604,43.00161],[27.64579,43.0002],[27.6428,43.00045],[27.64246,42.99984],[27.64162,43.00201],[27.64099,43.00208],[27.64036,43.00127],[27.6404,43.00367],[27.6365,43.00609],[27.63474,43.00507],[27.63318,43.00532],[27.63229,43.00486],[27.63029,43.00631],[27.62979,43.00555],[27.62844,43.00526],[27.6258,43.00548],[27.62309,43.0041],[27.62241,43.00356],[27.62242,43.00269],[27.62098,43.00201],[27.62036,43.00235],[27.6208,43.0028],[27.62019,43.00324],[27.62075,43.00422],[27.62374,43.00608],[27.62022,43.00658],[27.6204,43.00725],[27.61939,43.00735],[27.61721,43.00604],[27.6141,43.00586],[27.61783,43.00774],[27.62037,43.00961],[27.617,43.0099],[27.61291,43.00745],[27.61237,43.0081],[27.61345,43.00844],[27.61154,43.00982],[27.61316,43.0107],[27.61346,43.0103],[27.61226,43.00985],[27.61553,43.01095],[27.61616,43.01061],[27.61503,43.0112],[27.616,43.01136],[27.61823,43.01042],[27.61837,43.01198],[27.61765,43.01274],[27.62124,43.01255],[27.62432,43.01389],[27.62019,43.01265],[27.61195,43.01363],[27.6119,43.01409],[27.61072,43.01365],[27.61145,43.01424],[27.60781,43.01133],[27.60768,43.00883],[27.60701,43.0079],[27.60544,43.00809],[27.60544,43.00745],[27.60281,43.00542],[27.60231,43.00396],[27.59911,43.00217],[27.5962,43.00124],[27.59497,43.00183],[27.59379,43.00146],[27.59159,43.00202],[27.58946,43.00194],[27.58797,43.00323],[27.58866,43.00371],[27.58844,43.0062],[27.58904,43.00765],[27.58801,43.00869],[27.58842,43.00885],[27.58759,43.0091],[27.58616,43.01347],[27.5847,43.0137],[27.58272,43.01327],[27.58122,43.01355],[27.57722,43.01242],[27.56792,43.00855],[27.56424,43.00847],[27.56044,43.00752],[27.55855,43.00822],[27.55684,43.0082],[27.55327,43.00745],[27.5508,43.00909],[27.54713,43.01263],[27.54325,43.01658],[27.54297,43.01757],[27.5426,43.01708],[27.54172,43.01794],[27.53996,43.01817],[27.54038,43.01935],[27.53978,43.01999],[27.53753,43.02049],[27.53653,43.02316],[27.53691,43.02442],[27.53617,43.02438],[27.53677,43.02472],[27.53662,43.02523],[27.5352,43.02527],[27.53449,43.02468],[27.53533,43.02496],[27.53429,43.0239],[27.53467,43.02338],[27.53537,43.02404],[27.53611,43.02384],[27.53617,43.02328],[27.53374,43.0233],[27.53369,43.02089],[27.53508,43.01812],[27.53442,43.02035],[27.53519,43.02259],[27.53591,43.02306],[27.53594,43.02233],[27.53542,43.02215],[27.53587,43.02209],[27.53552,43.02041],[27.5361,43.02125],[27.5366,43.02112],[27.53654,43.02025],[27.53694,43.02003],[27.53643,43.01969],[27.53694,43.01965],[27.5366,43.0191],[27.53748,43.01912],[27.53677,43.01856],[27.53762,43.01849],[27.53668,43.01799],[27.53846,43.01796],[27.5369,43.01778],[27.53622,43.01663],[27.53295,43.01564],[27.53086,43.01643],[27.52904,43.0165],[27.52872,43.01729],[27.5304,43.01703],[27.52913,43.01765],[27.52956,43.01798],[27.52667,43.01952],[27.5257,43.02083],[27.52494,43.02003],[27.52572,43.01946],[27.52558,43.01914],[27.52443,43.01859],[27.52413,43.01763],[27.52171,43.0166],[27.52048,43.01521],[27.52079,43.01451],[27.51888,43.01502],[27.51838,43.01579],[27.51655,43.01672],[27.51685,43.01717],[27.51594,43.01626],[27.50682,43.01767],[27.50681,43.01725],[27.50599,43.01691],[27.50371,43.01718],[27.50402,43.01785],[27.50348,43.018],[27.50331,43.01726],[27.50269,43.01769],[27.50254,43.01737],[27.5009,43.01792],[27.49961,43.01777],[27.49792,43.01928],[27.49741,43.02037],[27.49079,43.01807],[27.48432,43.01424],[27.4873,43.0105],[27.48318,43.00773],[27.48086,43.0068],[27.47113,43.0059],[27.46922,43.00526],[27.46784,43.00553],[27.46821,43.0069],[27.47089,43.00814],[27.47229,43.00766],[27.473,43.00788],[27.47192,43.00794],[27.47207,43.0085],[27.47161,43.00879],[27.47329,43.00946],[27.47249,43.00819],[27.47285,43.00841],[27.47301,43.00803],[27.47476,43.0106],[27.47951,43.01185],[27.4838,43.01482],[27.48315,43.01536],[27.4834,43.01555],[27.48774,43.0176]],[[27.55785,42.9151],[27.55765,42.91342],[27.55552,42.9128],[27.55526,42.91323],[27.55482,42.91216],[27.55537,42.91192],[27.55426,42.91086],[27.55143,42.91174],[27.55122,42.91258],[27.55074,42.91261],[27.55124,42.91291],[27.55099,42.91465],[27.55012,42.91499],[27.55052,42.91297],[27.55,42.91256],[27.55065,42.91193],[27.54767,42.91341],[27.54723,42.91297],[27.54836,42.91254],[27.54813,42.91208],[27.54912,42.9113],[27.54813,42.91062],[27.54734,42.91127],[27.54241,42.91122],[27.54156,42.91238],[27.54055,42.91178],[27.54015,42.91268],[27.54149,42.91252],[27.54129,42.913],[27.54161,42.91306],[27.53926,42.91528],[27.54345,42.9171],[27.54533,42.91671],[27.54537,42.9162],[27.54579,42.91619],[27.54514,42.91712],[27.54762,42.91792],[27.54855,42.91663],[27.54908,42.91672],[27.549,42.91717],[27.55074,42.91739],[27.55632,42.91715],[27.55813,42.91609],[27.55785,42.9151]],[[27.7279,42.86823],[27.73145,42.86713],[27.73185,42.86772],[27.73546,42.86466],[27.73483,42.86338],[27.73327,42.86383],[27.73037,42.85902],[27.72922,42.8579],[27.72871,42.85818],[27.72769,42.85631],[27.72547,42.85807],[27.72537,42.85761],[27.72262,42.85639],[27.72083,42.85683],[27.72099,42.85822],[27.72415,42.85955],[27.72363,42.86035],[27.72525,42.86232],[27.72249,42.86359],[27.72146,42.86487],[27.72175,42.86547],[27.72402,42.86501],[27.72539,42.86522],[27.72668,42.86631],[27.72631,42.86696],[27.7279,42.86823]],[[27.65075,42.92275],[27.65166,42.92308],[27.65203,42.92253],[27.65363,42.92291],[27.6584,42.92244],[27.6607,42.92266],[27.6608,42.92226],[27.66438,42.92288],[27.66484,42.9193],[27.66464,42.91956],[27.66352,42.91873],[27.66292,42.91916],[27.6619,42.91826],[27.66141,42.91859],[27.66095,42.91819],[27.65873,42.91983],[27.65684,42.91973],[27.65499,42.9203],[27.65659,42.91913],[27.6568,42.91862],[27.65634,42.91832],[27.65747,42.91603],[27.6558,42.91634],[27.65703,42.91525],[27.65782,42.9154],[27.65805,42.91434],[27.65766,42.91404],[27.65719,42.91435],[27.65595,42.91359],[27.6541,42.91548],[27.65366,42.91524],[27.65325,42.91566],[27.65175,42.91489],[27.65048,42.91596],[27.65,42.92231],[27.65075,42.92275]],[[27.44764,42.90034],[27.44817,42.89987],[27.44993,42.90016],[27.452,42.89985],[27.45301,42.89664],[27.45134,42.89435],[27.45128,42.89322],[27.45066,42.89279],[27.44839,42.89254],[27.44776,42.89353],[27.44834,42.89385],[27.44801,42.89416],[27.44521,42.8944],[27.44498,42.89606],[27.44592,42.89873],[27.44484,42.89897],[27.44526,42.8994],[27.44486,42.89941],[27.44486,42.90017],[27.44764,42.90034]],[[27.2414,42.88575],[27.24161,42.88796],[27.24322,42.88942],[27.24338,42.88874],[27.24268,42.88796],[27.24308,42.88771],[27.24295,42.88668],[27.24483,42.88625],[27.2469,42.88493],[27.24852,42.88504],[27.24867,42.88439],[27.24845,42.88376],[27.24676,42.88321],[27.24543,42.88114],[27.24488,42.88147],[27.24407,42.8806],[27.24345,42.88029],[27.24268,42.8806],[27.24026,42.87916],[27.23938,42.8796],[27.23973,42.88008],[27.23856,42.88159],[27.23935,42.88222],[27.2391,42.88248],[27.24044,42.88285],[27.2402,42.88383],[27.24098,42.88433],[27.24,42.88464],[27.2414,42.88575]],[[27.60297,42.92526],[27.6047,42.92621],[27.60506,42.92571],[27.60467,42.9255],[27.60545,42.92506],[27.60378,42.92501],[27.60521,42.92382],[27.60364,42.92425],[27.6045,42.92368],[27.60394,42.92295],[27.60349,42.92317],[27.60399,42.92283],[27.60262,42.92144],[27.6014,42.92098],[27.60153,42.92026],[27.60018,42.91991],[27.59969,42.91813],[27.59703,42.91751],[27.59735,42.9181],[27.59926,42.91907],[27.59819,42.91887],[27.59871,42.91979],[27.59815,42.9203],[27.59781,42.92031],[27.59748,42.91894],[27.5966,42.91895],[27.59665,42.91971],[27.59593,42.91975],[27.59643,42.919],[27.59528,42.9191],[27.59495,42.91964],[27.59558,42.9219],[27.59472,42.92238],[27.5964,42.92278],[27.59617,42.92351],[27.59679,42.92373],[27.59681,42.92293],[27.59774,42.92325],[27.59717,42.92403],[27.5986,42.92412],[27.59836,42.92302],[27.59879,42.92456],[27.59968,42.92455],[27.59999,42.92377],[27.59977,42.92443],[27.60106,42.9243],[27.60154,42.92489],[27.60297,42.92526]],[[27.34196,42.85398],[27.34355,42.85524],[27.3473,42.85195],[27.34854,42.85291],[27.34911,42.85253],[27.34928,42.85187],[27.34771,42.85127],[27.34781,42.85051],[27.3487,42.84996],[27.34917,42.84668],[27.34659,42.84608],[27.3467,42.84659],[27.34617,42.84649],[27.34558,42.84793],[27.34522,42.84793],[27.34476,42.84912],[27.34504,42.84941],[27.34452,42.84938],[27.34366,42.85055],[27.34286,42.85031],[27.34041,42.85266],[27.3392,42.8531],[27.33998,42.85382],[27.34177,42.853],[27.34155,42.85344],[27.34196,42.85398]],[[27.75818,42.93135],[27.76062,42.93165],[27.76019,42.93183],[27.76053,42.9323],[27.76571,42.93099],[27.7661,42.93078],[27.76536,42.92974],[27.76901,42.92943],[27.76886,42.92814],[27.76789,42.92813],[27.7676,42.92722],[27.7653,42.92783],[27.76489,42.92746],[27.76252,42.92758],[27.76245,42.92659],[27.76161,42.92672],[27.76164,42.92772],[27.76152,42.92672],[27.76086,42.92667],[27.761,42.92788],[27.76044,42.92803],[27.75753,42.92732],[27.75685,42.92798],[27.75826,42.92838],[27.7577,42.92875],[27.75818,42.93135]],[[27.23371,42.89347],[27.23245,42.89326],[27.23188,42.89459],[27.232,42.89611],[27.23362,42.89783],[27.23688,42.89868],[27.24089,42.89852],[27.24152,42.8976],[27.23906,42.89546],[27.23539,42.89374],[27.23371,42.89347]],[[27.26643,42.89802],[27.26683,42.89852],[27.26756,42.8978],[27.26971,42.89751],[27.27165,42.89805],[27.27276,42.89758],[27.27312,42.89826],[27.27417,42.89754],[27.27566,42.89732],[27.27751,42.89835],[27.27828,42.89798],[27.27858,42.89707],[27.27694,42.89636],[27.27508,42.8968],[27.27723,42.89587],[27.27581,42.89492],[27.27763,42.89422],[27.27664,42.89445],[27.27698,42.89383],[27.27605,42.89407],[27.27437,42.89339],[27.27344,42.89381],[27.27278,42.89356],[27.27254,42.89436],[27.27092,42.89474],[27.27004,42.89611],[27.26794,42.896],[27.26874,42.89622],[27.26859,42.89659],[27.26786,42.89701],[27.26733,42.89671],[27.26609,42.89788],[27.26643,42.89802]],[[27.44842,42.87095],[27.44885,42.87164],[27.44942,42.87168],[27.45132,42.87001],[27.4515,42.86581],[27.45048,42.86458],[27.44897,42.8646],[27.44524,42.86585],[27.4456,42.86784],[27.44691,42.8687],[27.44842,42.87095]],[[27.29904,42.86459],[27.2983,42.8642],[27.29612,42.86506],[27.2945,42.86505],[27.29445,42.86664],[27.29717,42.8685],[27.29952,42.86854],[27.3006,42.86779],[27.30276,42.86854],[27.30379,42.86797],[27.30367,42.86743],[27.30502,42.86699],[27.30452,42.86624],[27.29904,42.86459]],[[27.67215,42.95409],[27.67299,42.95422],[27.67573,42.95292],[27.67331,42.95182],[27.67375,42.9506],[27.6713,42.95011],[27.67214,42.9496],[27.67169,42.94915],[27.67088,42.94954],[27.67057,42.949],[27.66933,42.94966],[27.66834,42.95206],[27.66653,42.95183],[27.66578,42.95255],[27.66819,42.95288],[27.66818,42.95357],[27.67215,42.95409]],[[27.20043,42.9118],[27.20105,42.91128],[27.20253,42.9116],[27.20227,42.91119],[27.20312,42.90964],[27.20289,42.90907],[27.20364,42.90872],[27.20445,42.90905],[27.20506,42.90827],[27.20296,42.90699],[27.20222,42.90756],[27.20299,42.90843],[27.20079,42.90815],[27.20029,42.9096],[27.19907,42.90999],[27.19882,42.90959],[27.19594,42.90968],[27.19624,42.91015],[27.19526,42.91026],[27.19625,42.91069],[27.19507,42.9124],[27.19562,42.91237],[27.19574,42.91286],[27.1993,42.91257],[27.19946,42.91189],[27.20043,42.9118]],[[27.41332,42.86493],[27.41388,42.86471],[27.41399,42.86397],[27.41482,42.86407],[27.41433,42.86366],[27.41473,42.86287],[27.41297,42.86186],[27.41212,42.86181],[27.4107,42.8626],[27.4098,42.8624],[27.41085,42.86139],[27.41017,42.86148],[27.40971,42.861],[27.40804,42.86137],[27.4075,42.86254],[27.40679,42.86249],[27.40692,42.86309],[27.4061,42.86331],[27.40618,42.86429],[27.40855,42.86423],[27.40874,42.86512],[27.41119,42.86467],[27.41167,42.86523],[27.41218,42.86464],[27.41332,42.86493]]]},"properties":{"SiteCode":"BG0000133","SiteNameBG":"Камчийска и Еменска планина","SiteType":"SCI","SiteArea":63678.468119500001,"naturaClass":"habitats"}},{"type":"Feature","geometry":{"type":"Polygon","coordinates":[[[27.3542,44.03335],[27.35222,44.03574],[27.35254,44.03393],[27.35209,44.03378],[27.35217,44.03334],[27.35275,44.03237],[27.3537,44.03216],[27.35375,44.03136],[27.35144,44.03185],[27.35151,44.03072],[27.35221,44.03069],[27.35203,44.03003],[27.35152,44.03015],[27.35142,44.02936],[27.35228,44.02912],[27.3507,44.0278],[27.35031,44.02798],[27.3506,44.02753],[27.35009,44.02775],[27.34946,44.02671],[27.3508,44.02622],[27.34971,44.02475],[27.34826,44.02519],[27.34855,44.02557],[27.34793,44.02517],[27.34702,44.02587],[27.34624,44.02576],[27.34602,44.02477],[27.34431,44.0247],[27.34441,44.02356],[27.34153,44.0246],[27.34128,44.02755],[27.33662,44.02711],[27.33807,44.02468],[27.33759,44.02407],[27.33636,44.02407],[27.33532,44.02441],[27.33437,44.02599],[27.33073,44.02962],[27.32898,44.02854],[27.33056,44.02726],[27.33033,44.02525],[27.33088,44.02363],[27.33125,44.02341],[27.33234,44.02452],[27.3334,44.02471],[27.33583,44.02205],[27.33681,44.02209],[27.33738,44.02117],[27.33684,44.021],[27.33668,44.02035],[27.33504,44.01972],[27.33651,44.01852],[27.33496,44.01782],[27.33387,44.01834],[27.33313,44.01783],[27.3337,44.01744],[27.33206,44.01633],[27.33247,44.0159],[27.33213,44.01573],[27.33131,44.01661],[27.32932,44.01554],[27.32903,44.0153],[27.32941,44.01485],[27.32741,44.01369],[27.32816,44.01315],[27.32888,44.01363],[27.32934,44.01278],[27.3289,44.01236],[27.32703,44.01147],[27.32609,44.01275],[27.32537,44.01243],[27.32394,44.01126],[27.32257,44.00912],[27.3207,44.00814],[27.32115,44.00782],[27.32066,44.00745],[27.31827,44.00877],[27.31607,44.00845],[27.31584,44.00809],[27.31663,44.00824],[27.31726,44.0076],[27.31269,44.00312],[27.31399,44.00227],[27.3138,44.00049],[27.314,44.0008],[27.31458,43.99951],[27.31501,43.99961],[27.31636,43.99658],[27.31708,43.99676],[27.32107,43.98791],[27.31828,43.9877],[27.31336,43.986],[27.31435,43.98505],[27.31256,43.98417],[27.31176,43.98501],[27.30935,43.98382],[27.30816,43.98477],[27.30864,43.98189],[27.30828,43.98031],[27.30285,43.97373],[27.29922,43.96658],[27.29575,43.95076],[27.2973,43.95043],[27.29567,43.9457],[27.29431,43.9436],[27.29369,43.94081],[27.29993,43.94023],[27.30073,43.94186],[27.30255,43.9414],[27.30139,43.94052],[27.30242,43.93863],[27.29825,43.9375],[27.29837,43.93637],[27.2989,43.93599],[27.29857,43.93419],[27.29644,43.93165],[27.29676,43.93083],[27.29607,43.93095],[27.29577,43.92874],[27.29931,43.9283],[27.3006,43.92899],[27.30202,43.9286],[27.30116,43.92533],[27.30022,43.92493],[27.2993,43.92367],[27.29717,43.92288],[27.29267,43.92367],[27.29258,43.92188],[27.29466,43.92146],[27.29447,43.91843],[27.29802,43.91886],[27.29857,43.91701],[27.29288,43.91627],[27.29185,43.91572],[27.29277,43.91224],[27.29185,43.90847],[27.28397,43.89865],[27.28181,43.89656],[27.26476,43.88628],[27.24954,43.88202],[27.24997,43.87837],[27.25165,43.87739],[27.25321,43.87792],[27.25419,43.8764],[27.25317,43.87604],[27.25405,43.87539],[27.25977,43.87529],[27.26126,43.87602],[27.26186,43.87472],[27.26125,43.87431],[27.26326,43.87455],[27.26338,43.87412],[27.26316,43.87272],[27.264,43.87024],[27.26313,43.8707],[27.26293,43.87014],[27.26248,43.87023],[27.26223,43.869],[27.2611,43.86882],[27.25391,43.87021],[27.25238,43.86554],[27.25355,43.86223],[27.24971,43.85741],[27.25061,43.85078],[27.25285,43.85069],[27.25247,43.84891],[27.25352,43.84897],[27.25436,43.84729],[27.25797,43.84612],[27.2579,43.84522],[27.25595,43.84478],[27.25534,43.84516],[27.25519,43.84436],[27.25321,43.84392],[27.25326,43.84284],[27.25191,43.8429],[27.25143,43.84006],[27.24823,43.84095],[27.24998,43.84409],[27.25068,43.8442],[27.24928,43.84481],[27.24923,43.848],[27.2488,43.84799],[27.24737,43.84745],[27.24817,43.84729],[27.24826,43.84684],[27.24805,43.84575],[27.24698,43.84489],[27.24812,43.84402],[27.24753,43.8425],[27.24663,43.84263],[27.2462,43.84127],[27.24445,43.84023],[27.24336,43.84222],[27.24226,43.84187],[27.24155,43.84331],[27.24265,43.8436],[27.24218,43.84453],[27.24154,43.84449],[27.24098,43.84572],[27.23971,43.8454],[27.23954,43.84578],[27.23943,43.84845],[27.24163,43.84849],[27.24085,43.84996],[27.24013,43.84976],[27.23972,43.85013],[27.23897,43.85344],[27.24575,43.85536],[27.24238,43.86064],[27.24354,43.8614],[27.24228,43.86383],[27.24051,43.86348],[27.23975,43.8648],[27.23843,43.86501],[27.23597,43.86441],[27.23173,43.86438],[27.22572,43.86262],[27.209,43.84277],[27.21796,43.84383],[27.2287,43.84341],[27.22776,43.84053],[27.22682,43.84032],[27.22428,43.83706],[27.22035,43.83805],[27.21801,43.83813],[27.21323,43.83742],[27.21232,43.83822],[27.21022,43.83587],[27.2104,43.8355],[27.21208,43.83534],[27.21709,43.83643],[27.21765,43.83377],[27.21808,43.83381],[27.21884,43.83253],[27.22147,43.83314],[27.22312,43.83275],[27.22322,43.83015],[27.21984,43.82969],[27.22079,43.82751],[27.2229,43.82745],[27.22447,43.82424],[27.22394,43.8234],[27.2241,43.8222],[27.22137,43.82196],[27.21556,43.82165],[27.2158,43.82257],[27.21516,43.82249],[27.2147,43.82343],[27.2149,43.8222],[27.21378,43.82141],[27.21511,43.82153],[27.21535,43.81995],[27.21255,43.8196],[27.21396,43.81901],[27.2211,43.82001],[27.22127,43.81967],[27.21889,43.81884],[27.22272,43.81966],[27.22338,43.81915],[27.22339,43.81868],[27.22245,43.81829],[27.22068,43.81823],[27.21552,43.8161],[27.21288,43.81604],[27.21622,43.8158],[27.21546,43.81461],[27.21613,43.81434],[27.21537,43.81338],[27.21413,43.81362],[27.21241,43.81152],[27.21151,43.81122],[27.21279,43.80985],[27.21395,43.80966],[27.21316,43.80614],[27.21342,43.8045],[27.21469,43.80476],[27.21564,43.80353],[27.21463,43.80219],[27.21383,43.80194],[27.21335,43.8],[27.21409,43.79958],[27.21494,43.80003],[27.21557,43.80125],[27.2178,43.80076],[27.2179,43.8002],[27.2206,43.7999],[27.22369,43.79883],[27.22599,43.79613],[27.2416,43.79656],[27.24781,43.79968],[27.24775,43.80058],[27.25089,43.80085],[27.25166,43.80336],[27.25957,43.80291],[27.26104,43.80484],[27.26184,43.8047],[27.26206,43.80549],[27.26354,43.82278],[27.2696,43.82386],[27.27355,43.80992],[27.27356,43.80815],[27.26434,43.79692],[27.26476,43.79655],[27.26541,43.79696],[27.26572,43.79577],[27.26706,43.79408],[27.26334,43.78947],[27.26307,43.78655],[27.26246,43.78556],[27.26165,43.78576],[27.26154,43.78486],[27.26049,43.78422],[27.2581,43.78436],[27.25709,43.78524],[27.2567,43.78336],[27.25577,43.7846],[27.25534,43.78407],[27.25541,43.78177],[27.25277,43.78143],[27.2523,43.78244],[27.25168,43.78258],[27.25114,43.78222],[27.25124,43.78121],[27.24999,43.78108],[27.25185,43.78033],[27.25155,43.77853],[27.25283,43.77649],[27.25396,43.77559],[27.25582,43.77578],[27.25687,43.77506],[27.25832,43.77342],[27.25848,43.77222],[27.25678,43.7718],[27.25461,43.77253],[27.24706,43.7792],[27.24643,43.78026],[27.24276,43.77996],[27.24149,43.77915],[27.24317,43.77611],[27.24079,43.77518],[27.24309,43.77279],[27.23988,43.77057],[27.23647,43.77103],[27.23132,43.77346],[27.22601,43.77393],[27.22601,43.77288],[27.23113,43.77273],[27.23604,43.77063],[27.22994,43.7701],[27.23051,43.76972],[27.23705,43.7703],[27.2377,43.76876],[27.23115,43.76491],[27.23065,43.76501],[27.23066,43.76563],[27.2301,43.76473],[27.22765,43.76499],[27.22783,43.76718],[27.2274,43.76807],[27.22598,43.76797],[27.22637,43.76794],[27.2258,43.7654],[27.22497,43.76495],[27.21662,43.76499],[27.21682,43.76299],[27.21613,43.76295],[27.21592,43.76036],[27.21503,43.75981],[27.21298,43.76003],[27.2127,43.75683],[27.21124,43.75604],[27.21096,43.75532],[27.2118,43.75252],[27.21349,43.75211],[27.21258,43.7509],[27.21306,43.74981],[27.21065,43.74957],[27.20367,43.75152],[27.20167,43.74993],[27.20106,43.74885],[27.20314,43.74817],[27.20512,43.74848],[27.20627,43.74754],[27.20628,43.74633],[27.19404,43.74399],[27.19199,43.73987],[27.18715,43.73647],[27.19016,43.73826],[27.19486,43.73619],[27.19383,43.73389],[27.19219,43.73296],[27.1913,43.73145],[27.19156,43.73046],[27.19273,43.73023],[27.19273,43.72869],[27.19323,43.7284],[27.19058,43.72723],[27.18619,43.72679],[27.1823,43.72716],[27.17689,43.7287],[27.1759,43.72703],[27.17986,43.72618],[27.17942,43.72534],[27.18111,43.72489],[27.18165,43.72606],[27.18451,43.72587],[27.17819,43.71663],[27.17887,43.71626],[27.1806,43.71166],[27.1799,43.71144],[27.18079,43.70873],[27.17549,43.70603],[27.17602,43.7042],[27.17411,43.70239],[27.17836,43.69858],[27.1663,43.69043],[27.16021,43.68952],[27.16136,43.68715],[27.16286,43.68762],[27.16728,43.68778],[27.17503,43.68151],[27.17169,43.6795],[27.16936,43.6814],[27.16749,43.67916],[27.1665,43.6791],[27.15999,43.68416],[27.15783,43.68234],[27.1604,43.68077],[27.15871,43.6796],[27.15945,43.67853],[27.15597,43.6763],[27.14749,43.68191],[27.14188,43.68284],[27.13223,43.68933],[27.13105,43.69083],[27.1311,43.69387],[27.13249,43.69451],[27.13655,43.69499],[27.13153,43.69472],[27.13055,43.69494],[27.13037,43.69632],[27.12895,43.69497],[27.12654,43.69622],[27.1259,43.69693],[27.12641,43.69748],[27.12597,43.69784],[27.12424,43.69699],[27.12536,43.69674],[27.1278,43.69405],[27.12784,43.69059],[27.13026,43.69109],[27.13063,43.69077],[27.13054,43.68906],[27.14342,43.68166],[27.14268,43.68246],[27.14547,43.68051],[27.14944,43.67652],[27.14737,43.67489],[27.14517,43.67547],[27.14383,43.67424],[27.14991,43.6696],[27.14943,43.66917],[27.14372,43.66867],[27.15177,43.66858],[27.15331,43.6724],[27.15446,43.67319],[27.15911,43.67398],[27.16198,43.6733],[27.16041,43.67338],[27.1551,43.67184],[27.15191,43.66634],[27.15192,43.66535],[27.15742,43.66602],[27.15831,43.66365],[27.1567,43.66373],[27.15639,43.66221],[27.15416,43.65921],[27.15228,43.65327],[27.15249,43.65236],[27.15409,43.65551],[27.1561,43.65558],[27.15588,43.65638],[27.15631,43.65734],[27.15523,43.65768],[27.15595,43.65962],[27.15718,43.65952],[27.15721,43.65822],[27.1602,43.65883],[27.16083,43.66006],[27.16222,43.65946],[27.1644,43.66271],[27.1661,43.66419],[27.171,43.66437],[27.17031,43.66235],[27.17106,43.65984],[27.17025,43.65828],[27.17129,43.65797],[27.17227,43.6599],[27.17477,43.65955],[27.17412,43.65745],[27.17319,43.65748],[27.17352,43.65691],[27.17273,43.65569],[27.17598,43.65776],[27.18424,43.66611],[27.18984,43.662],[27.19189,43.66106],[27.19178,43.65996],[27.19263,43.6597],[27.1946,43.6621],[27.19349,43.66433],[27.19374,43.66579],[27.1948,43.66554],[27.1944,43.66395],[27.19518,43.66238],[27.19405,43.66002],[27.1965,43.66098],[27.19616,43.66157],[27.19645,43.66236],[27.19602,43.66279],[27.19666,43.66364],[27.20135,43.66399],[27.20552,43.663],[27.20738,43.66403],[27.20416,43.66581],[27.20269,43.66591],[27.2012,43.66526],[27.19917,43.6658],[27.20051,43.6707],[27.1996,43.67096],[27.20218,43.67551],[27.20849,43.67338],[27.20985,43.67592],[27.20574,43.6775],[27.20692,43.67828],[27.20729,43.68053],[27.20825,43.68207],[27.21605,43.67908],[27.21781,43.68089],[27.21982,43.68072],[27.21744,43.68238],[27.21752,43.68338],[27.21859,43.68301],[27.22051,43.68549],[27.21417,43.68835],[27.21665,43.69159],[27.21773,43.69115],[27.21765,43.69216],[27.2209,43.69078],[27.22057,43.68864],[27.22275,43.6874],[27.22496,43.68818],[27.2223,43.68865],[27.22199,43.69122],[27.22045,43.69206],[27.22379,43.69064],[27.22447,43.6895],[27.22457,43.69074],[27.22942,43.69182],[27.23355,43.68984],[27.23414,43.69034],[27.23323,43.69082],[27.23295,43.69185],[27.24043,43.69175],[27.24022,43.69318],[27.23461,43.69368],[27.23498,43.69525],[27.23671,43.69634],[27.23703,43.69802],[27.23108,43.69666],[27.2308,43.69575],[27.22869,43.69414],[27.22436,43.69374],[27.22327,43.69419],[27.22078,43.69364],[27.22023,43.69384],[27.22048,43.6948],[27.2196,43.69628],[27.21743,43.69657],[27.21673,43.69543],[27.2156,43.69562],[27.21528,43.69721],[27.21424,43.6977],[27.21352,43.69883],[27.21418,43.6998],[27.21266,43.70007],[27.21232,43.7006],[27.21458,43.7011],[27.21481,43.70172],[27.21663,43.70192],[27.2171,43.70346],[27.21805,43.7045],[27.22169,43.70512],[27.2273,43.70485],[27.23215,43.70323],[27.23572,43.70315],[27.23194,43.70344],[27.22837,43.70505],[27.22588,43.70552],[27.22599,43.70591],[27.22221,43.70646],[27.21986,43.70637],[27.21763,43.70537],[27.21538,43.70551],[27.21353,43.70463],[27.21039,43.70476],[27.20929,43.70547],[27.20883,43.7074],[27.2125,43.7095],[27.21287,43.71062],[27.21263,43.71201],[27.21348,43.71423],[27.21833,43.71445],[27.22407,43.71318],[27.222,43.71484],[27.22278,43.71773],[27.2195,43.71661],[27.21563,43.71627],[27.21483,43.71666],[27.21557,43.71799],[27.21618,43.72143],[27.21537,43.72109],[27.21481,43.72461],[27.22359,43.72208],[27.22327,43.72237],[27.2237,43.72272],[27.22153,43.72316],[27.22176,43.72385],[27.22124,43.72317],[27.21919,43.72379],[27.21921,43.72445],[27.22029,43.72515],[27.21641,43.72474],[27.21449,43.72564],[27.21383,43.72742],[27.21485,43.72751],[27.21481,43.72799],[27.2136,43.72831],[27.21406,43.73049],[27.21778,43.72997],[27.21785,43.72957],[27.2226,43.72728],[27.21941,43.73016],[27.21562,43.73266],[27.21557,43.73484],[27.21618,43.73576],[27.23055,43.73155],[27.23186,43.73096],[27.2342,43.72846],[27.23932,43.72714],[27.24174,43.72874],[27.24302,43.73022],[27.2408,43.73863],[27.24084,43.73985],[27.24161,43.74043],[27.24131,43.74101],[27.24292,43.74069],[27.24503,43.73947],[27.24696,43.73762],[27.25208,43.73566],[27.25204,43.73794],[27.25046,43.73813],[27.25058,43.73926],[27.24713,43.73973],[27.24455,43.74118],[27.24415,43.74219],[27.24421,43.74314],[27.24534,43.74509],[27.25075,43.743],[27.25031,43.74685],[27.25961,43.74773],[27.26328,43.74486],[27.26371,43.74331],[27.26751,43.74282],[27.2688,43.74172],[27.2778,43.74602],[27.28129,43.74646],[27.28196,43.74651],[27.28345,43.74467],[27.28653,43.74599],[27.28898,43.7449],[27.2895,43.74387],[27.29157,43.74762],[27.28925,43.74861],[27.28984,43.75229],[27.29035,43.75266],[27.29249,43.75204],[27.29138,43.75313],[27.29145,43.75786],[27.29247,43.75804],[27.29706,43.75606],[27.29726,43.75635],[27.29705,43.75732],[27.2916,43.75931],[27.29095,43.76028],[27.28748,43.76053],[27.28786,43.76334],[27.29231,43.76414],[27.29476,43.76367],[27.29461,43.76501],[27.29502,43.76584],[27.30012,43.76851],[27.31026,43.76915],[27.3129,43.76801],[27.31552,43.7676],[27.31582,43.77082],[27.31498,43.77241],[27.31274,43.77295],[27.31225,43.77429],[27.31275,43.77538],[27.3131,43.77507],[27.31503,43.77661],[27.31414,43.7769],[27.31253,43.77577],[27.31176,43.77652],[27.30781,43.77523],[27.30572,43.77388],[27.30057,43.77409],[27.29996,43.78713],[27.30048,43.79247],[27.30706,43.7926],[27.30761,43.79007],[27.30564,43.78768],[27.30544,43.78593],[27.30986,43.78818],[27.3138,43.7886],[27.31001,43.7889],[27.31217,43.78922],[27.31514,43.7888],[27.31775,43.78994],[27.31577,43.79246],[27.31408,43.79208],[27.31264,43.79422],[27.31002,43.79325],[27.30912,43.79442],[27.31459,43.79666],[27.31389,43.79817],[27.31371,43.80132],[27.31325,43.80189],[27.3157,43.80308],[27.31669,43.80231],[27.31723,43.80251],[27.31693,43.80291],[27.31734,43.80343],[27.3198,43.80352],[27.32053,43.80496],[27.32031,43.80616],[27.31949,43.8061],[27.31903,43.80756],[27.31985,43.80824],[27.32151,43.80838],[27.32312,43.80951],[27.32381,43.8107],[27.32555,43.81163],[27.3291,43.81104],[27.33117,43.8096],[27.33434,43.80956],[27.33981,43.81047],[27.34878,43.81017],[27.34996,43.81224],[27.35136,43.81209],[27.35176,43.81554],[27.34262,43.81776],[27.34017,43.81737],[27.33885,43.81659],[27.33689,43.81649],[27.33641,43.81752],[27.324,43.81662],[27.32176,43.81553],[27.31847,43.8154],[27.31657,43.82213],[27.33575,43.82386],[27.3317,43.82532],[27.33158,43.82628],[27.33222,43.82632],[27.33224,43.82713],[27.33197,43.8281],[27.33133,43.82811],[27.33116,43.82969],[27.31519,43.82872],[27.31455,43.82998],[27.31222,43.8299],[27.31068,43.83286],[27.30968,43.83357],[27.31005,43.83318],[27.30612,43.83257],[27.3064,43.83169],[27.30555,43.83165],[27.30567,43.83042],[27.30114,43.83018],[27.30133,43.82839],[27.30037,43.82861],[27.29965,43.82897],[27.29941,43.83007],[27.30022,43.83064],[27.2979,43.83354],[27.29711,43.83371],[27.29718,43.83493],[27.29372,43.83494],[27.29318,43.83583],[27.29032,43.83792],[27.28616,43.83912],[27.28607,43.84097],[27.29576,43.84153],[27.2957,43.84316],[27.29637,43.84372],[27.29559,43.84527],[27.29448,43.84625],[27.29658,43.84713],[27.29672,43.84818],[27.29874,43.84898],[27.30399,43.84918],[27.30369,43.85384],[27.30559,43.85385],[27.30665,43.84753],[27.30583,43.84776],[27.3056,43.84732],[27.30574,43.84528],[27.30607,43.84552],[27.30671,43.84487],[27.3079,43.84507],[27.30839,43.84469],[27.30826,43.84271],[27.30573,43.84276],[27.30455,43.8411],[27.3062,43.84213],[27.30792,43.84172],[27.31041,43.84199],[27.31003,43.84266],[27.31238,43.84372],[27.31247,43.84416],[27.31416,43.84435],[27.31575,43.84538],[27.31711,43.84493],[27.31798,43.84333],[27.31783,43.84197],[27.31963,43.84388],[27.3213,43.8445],[27.32175,43.84539],[27.31987,43.8457],[27.31778,43.8468],[27.31564,43.84686],[27.31528,43.84718],[27.31552,43.84967],[27.31828,43.85069],[27.31838,43.84949],[27.3214,43.85042],[27.32233,43.84964],[27.32385,43.84971],[27.32334,43.8501],[27.32449,43.85034],[27.32462,43.84974],[27.32462,43.85136],[27.32671,43.8515],[27.32876,43.85235],[27.33112,43.85178],[27.33321,43.85062],[27.33658,43.85018],[27.33695,43.85168],[27.34043,43.85263],[27.34599,43.85202],[27.34592,43.85138],[27.34645,43.85135],[27.34634,43.84905],[27.34689,43.84903],[27.34691,43.84836],[27.34327,43.8486],[27.34297,43.84775],[27.34804,43.84828],[27.35063,43.84734],[27.35133,43.84651],[27.35356,43.84738],[27.35677,43.84771],[27.35515,43.84788],[27.35545,43.84822],[27.3582,43.84845],[27.36037,43.84772],[27.3584,43.84525],[27.35502,43.84464],[27.35435,43.84233],[27.35235,43.84214],[27.35405,43.84137],[27.3538,43.83999],[27.35426,43.83748],[27.35482,43.83811],[27.35627,43.83797],[27.35501,43.83854],[27.35539,43.83964],[27.3567,43.83933],[27.35581,43.83998],[27.35573,43.84274],[27.35798,43.843],[27.35799,43.8426],[27.35657,43.84239],[27.35736,43.84224],[27.35826,43.84105],[27.36003,43.84198],[27.36025,43.84331],[27.36196,43.84576],[27.36132,43.84603],[27.36336,43.84792],[27.36762,43.84931],[27.36953,43.8488],[27.3723,43.84895],[27.37296,43.84758],[27.37179,43.84741],[27.37129,43.84521],[27.3679,43.84259],[27.36918,43.84219],[27.36902,43.84111],[27.36972,43.84103],[27.36981,43.8415],[27.37154,43.84129],[27.37075,43.84239],[27.37213,43.84265],[27.37177,43.84408],[27.37378,43.84557],[27.37484,43.84519],[27.37534,43.84416],[27.37581,43.84428],[27.3751,43.84552],[27.37582,43.84572],[27.37728,43.84313],[27.37923,43.84374],[27.37865,43.8447],[27.37929,43.84496],[27.37857,43.84473],[27.37688,43.84599],[27.37428,43.84979],[27.37814,43.84975],[27.37815,43.85115],[27.37979,43.85113],[27.3798,43.85192],[27.38126,43.85213],[27.37951,43.85541],[27.38125,43.85561],[27.38099,43.85622],[27.38299,43.85571],[27.3829,43.85516],[27.3836,43.85448],[27.38353,43.85219],[27.39171,43.85216],[27.3919,43.84789],[27.39278,43.84772],[27.39108,43.84767],[27.39178,43.84687],[27.39198,43.84383],[27.38918,43.84006],[27.38742,43.84051],[27.38712,43.84022],[27.38764,43.83997],[27.38559,43.84015],[27.38569,43.83974],[27.38696,43.83943],[27.38709,43.83859],[27.38537,43.83598],[27.3798,43.83591],[27.37935,43.83569],[27.37941,43.83382],[27.37632,43.83207],[27.37509,43.83072],[27.37143,43.82925],[27.37089,43.82845],[27.3651,43.82853],[27.36493,43.82755],[27.35743,43.82552],[27.35705,43.8232],[27.35433,43.82181],[27.35276,43.82191],[27.35238,43.81842],[27.35682,43.81816],[27.35712,43.82095],[27.3632,43.8231],[27.36449,43.82323],[27.36444,43.82276],[27.36613,43.82203],[27.36986,43.82172],[27.37007,43.8197],[27.36956,43.81908],[27.36988,43.81877],[27.36889,43.81812],[27.35287,43.81453],[27.3518,43.80569],[27.35081,43.80587],[27.35357,43.80443],[27.35552,43.80398],[27.35582,43.8028],[27.35646,43.80229],[27.35634,43.8016],[27.35802,43.80298],[27.36279,43.80274],[27.36291,43.80307],[27.36836,43.80171],[27.37072,43.80165],[27.37075,43.8011],[27.36867,43.79932],[27.36706,43.7992],[27.36775,43.79732],[27.36859,43.79643],[27.36839,43.79527],[27.36329,43.79618],[27.36172,43.79578],[27.36102,43.79484],[27.36948,43.79384],[27.36939,43.7931],[27.36849,43.79254],[27.36444,43.79119],[27.36396,43.79157],[27.36388,43.7928],[27.36138,43.79317],[27.36081,43.79224],[27.35543,43.79089],[27.35549,43.79124],[27.35207,43.79125],[27.35097,43.79243],[27.34931,43.79294],[27.34909,43.79115],[27.35064,43.79014],[27.3499,43.78638],[27.3482,43.78518],[27.34942,43.78483],[27.34936,43.78419],[27.35146,43.78367],[27.35054,43.78499],[27.35218,43.78724],[27.3554,43.78892],[27.35797,43.7891],[27.35823,43.78848],[27.35888,43.7885],[27.35852,43.78997],[27.36203,43.79093],[27.36245,43.7908],[27.36286,43.78946],[27.36173,43.78832],[27.36221,43.78676],[27.36062,43.78453],[27.36064,43.78193],[27.35912,43.77908],[27.35363,43.77815],[27.35312,43.77773],[27.3548,43.77789],[27.35575,43.77743],[27.35817,43.77808],[27.35835,43.77768],[27.3592,43.77772],[27.36367,43.77935],[27.36884,43.79003],[27.37312,43.7904],[27.37432,43.7889],[27.37362,43.78734],[27.37614,43.78695],[27.3776,43.7862],[27.37687,43.78513],[27.37745,43.78404],[27.37583,43.78178],[27.37414,43.78174],[27.37379,43.78127],[27.37519,43.78077],[27.37393,43.77864],[27.37149,43.77895],[27.37056,43.77944],[27.37074,43.78015],[27.36908,43.78059],[27.36774,43.77909],[27.36837,43.77854],[27.36458,43.77544],[27.36582,43.77569],[27.36578,43.77362],[27.36658,43.77366],[27.36778,43.77402],[27.3678,43.77482],[27.36889,43.77588],[27.3686,43.77665],[27.36957,43.77737],[27.3706,43.77775],[27.37256,43.77648],[27.37576,43.77311],[27.37318,43.7724],[27.3732,43.7694],[27.36429,43.76847],[27.36455,43.76768],[27.36635,43.76665],[27.36667,43.76536],[27.36575,43.76368],[27.35882,43.76398],[27.35814,43.76498],[27.35646,43.76478],[27.35648,43.76291],[27.35997,43.7622],[27.36088,43.76151],[27.3582,43.76118],[27.35823,43.75937],[27.3625,43.76033],[27.36236,43.75794],[27.36172,43.75798],[27.36162,43.75727],[27.35978,43.75753],[27.35829,43.75549],[27.35586,43.75512],[27.35588,43.75349],[27.35811,43.75357],[27.35865,43.75119],[27.36045,43.74977],[27.3605,43.74859],[27.36099,43.74947],[27.36051,43.75066],[27.36106,43.74994],[27.36137,43.75169],[27.36212,43.75245],[27.36232,43.75428],[27.36318,43.75466],[27.36395,43.75597],[27.36585,43.75548],[27.36628,43.75625],[27.36696,43.75784],[27.36637,43.75938],[27.3669,43.76036],[27.3693,43.76023],[27.37008,43.76184],[27.37103,43.7617],[27.37262,43.76293],[27.37436,43.763],[27.37371,43.76508],[27.37448,43.76618],[27.3763,43.76228],[27.37662,43.76002],[27.37606,43.75771],[27.37498,43.75674],[27.37374,43.75702],[27.37182,43.75374],[27.37099,43.75431],[27.36994,43.75333],[27.36872,43.75357],[27.36896,43.75292],[27.36949,43.75283],[27.36876,43.75064],[27.36833,43.75073],[27.36792,43.74948],[27.36622,43.74904],[27.36593,43.74676],[27.36974,43.74659],[27.36778,43.7412],[27.36651,43.74047],[27.36544,43.74152],[27.36591,43.74268],[27.3643,43.74317],[27.36051,43.74316],[27.35999,43.74366],[27.35497,43.74169],[27.35474,43.74125],[27.35465,43.7395],[27.35518,43.7394],[27.35932,43.73995],[27.36065,43.74103],[27.36218,43.74112],[27.36623,43.73811],[27.36554,43.73465],[27.36451,43.73311],[27.36332,43.7328],[27.36152,43.73438],[27.36214,43.73562],[27.35462,43.73717],[27.35114,43.73703],[27.352,43.73805],[27.34905,43.73724],[27.34813,43.73583],[27.34858,43.7334],[27.34905,43.73508],[27.34961,43.73454],[27.35297,43.73499],[27.353,43.73539],[27.35493,43.73519],[27.3563,43.7326],[27.35515,43.72958],[27.35686,43.7307],[27.35725,43.72985],[27.3518,43.72585],[27.35055,43.72679],[27.3528,43.72837],[27.34926,43.72979],[27.34853,43.73189],[27.34688,43.73192],[27.34629,43.73013],[27.34208,43.73162],[27.34043,43.73134],[27.34211,43.73126],[27.34005,43.73109],[27.33835,43.72988],[27.34369,43.72878],[27.34673,43.72739],[27.34703,43.72499],[27.34894,43.72388],[27.34731,43.72307],[27.34186,43.7261],[27.34244,43.72674],[27.33899,43.72717],[27.34429,43.72426],[27.34585,43.72279],[27.34469,43.72289],[27.33891,43.72621],[27.33916,43.72678],[27.33866,43.72722],[27.33485,43.72902],[27.33539,43.7279],[27.33055,43.72695],[27.32913,43.72709],[27.32889,43.72628],[27.32984,43.72497],[27.33203,43.72458],[27.33348,43.72261],[27.33548,43.72139],[27.33174,43.71779],[27.32938,43.72109],[27.3274,43.7222],[27.32615,43.72412],[27.31791,43.72412],[27.31873,43.72501],[27.31664,43.72434],[27.31583,43.72289],[27.32406,43.7222],[27.32664,43.7202],[27.32685,43.71947],[27.32222,43.71873],[27.31732,43.72005],[27.3171,43.71942],[27.31757,43.71871],[27.31941,43.71808],[27.31754,43.71747],[27.31314,43.71719],[27.31278,43.71648],[27.31766,43.71661],[27.3199,43.71746],[27.32662,43.71819],[27.32702,43.71762],[27.32907,43.71703],[27.32936,43.71611],[27.32644,43.71378],[27.3267,43.71217],[27.31329,43.71082],[27.31279,43.71149],[27.31228,43.71118],[27.30791,43.71169],[27.30685,43.71082],[27.31044,43.71048],[27.31048,43.70826],[27.31208,43.70934],[27.3173,43.70813],[27.32757,43.70888],[27.32968,43.7041],[27.32323,43.7033],[27.32346,43.70219],[27.32952,43.70274],[27.32972,43.70101],[27.32915,43.69916],[27.32861,43.69891],[27.3287,43.69767],[27.32764,43.6943],[27.32773,43.69257],[27.3197,43.69327],[27.31831,43.694],[27.31598,43.69374],[27.31567,43.69609],[27.31465,43.69598],[27.31489,43.69475],[27.31419,43.69363],[27.3081,43.69296],[27.30575,43.69648],[27.30401,43.69649],[27.30532,43.69184],[27.30155,43.69085],[27.29892,43.69189],[27.29737,43.69417],[27.29582,43.6941],[27.29605,43.69252],[27.2954,43.6924],[27.29436,43.69263],[27.29329,43.69415],[27.29336,43.69205],[27.29183,43.68345],[27.2871,43.68374],[27.28658,43.68247],[27.28688,43.68028],[27.28386,43.67556],[27.28416,43.67425],[27.28674,43.67056],[27.28761,43.66654],[27.28403,43.66377],[27.28344,43.65987],[27.28098,43.6607],[27.28077,43.66017],[27.28349,43.65894],[27.28647,43.65878],[27.28828,43.65792],[27.28955,43.65599],[27.29023,43.65582],[27.29013,43.65478],[27.2887,43.65304],[27.28763,43.65401],[27.2831,43.65418],[27.28148,43.64992],[27.28486,43.64877],[27.28616,43.65141],[27.28668,43.65071],[27.28594,43.64997],[27.28667,43.64894],[27.28633,43.64826],[27.28555,43.648],[27.28835,43.64549],[27.30051,43.64937],[27.30192,43.64858],[27.3032,43.64898],[27.30805,43.64698],[27.30941,43.64806],[27.31447,43.64447],[27.31615,43.64545],[27.31785,43.64474],[27.32126,43.64614],[27.32124,43.64907],[27.32193,43.65211],[27.32513,43.6541],[27.32657,43.65264],[27.32794,43.65349],[27.32723,43.65402],[27.32893,43.65496],[27.32783,43.65622],[27.32959,43.65731],[27.3258,43.66123],[27.32523,43.66163],[27.32488,43.66126],[27.3251,43.66215],[27.33032,43.66452],[27.33224,43.66253],[27.33017,43.66229],[27.33123,43.66122],[27.34123,43.66258],[27.33721,43.67182],[27.35065,43.6714],[27.35312,43.67008],[27.35503,43.66646],[27.3553,43.6669],[27.35666,43.66538],[27.35782,43.66554],[27.35645,43.66298],[27.3569,43.6592],[27.35602,43.65919],[27.35586,43.65987],[27.35593,43.6645],[27.35482,43.66311],[27.35473,43.66085],[27.34838,43.66082],[27.34753,43.65964],[27.34801,43.6592],[27.35044,43.65912],[27.35423,43.65959],[27.35432,43.65646],[27.35856,43.65632],[27.36065,43.65678],[27.36094,43.65645],[27.36057,43.6551],[27.36133,43.65428],[27.35259,43.65497],[27.35258,43.65413],[27.35201,43.65375],[27.35247,43.6531],[27.35246,43.65156],[27.35532,43.64874],[27.35493,43.6522],[27.36018,43.65248],[27.36398,43.65173],[27.36432,43.64993],[27.365,43.64982],[27.36513,43.64934],[27.36416,43.64874],[27.36595,43.64808],[27.36523,43.6474],[27.36649,43.64685],[27.36504,43.64587],[27.36542,43.6452],[27.36691,43.64497],[27.36957,43.64179],[27.37048,43.64164],[27.37343,43.63853],[27.37533,43.63855],[27.37537,43.6395],[27.3761,43.63959],[27.3746,43.63978],[27.37537,43.64083],[27.37546,43.64205],[27.37381,43.64176],[27.37334,43.64215],[27.37175,43.64612],[27.37037,43.64647],[27.36963,43.64763],[27.36997,43.6486],[27.36958,43.65026],[27.36686,43.65395],[27.36611,43.65431],[27.36391,43.65386],[27.36416,43.65761],[27.35944,43.65781],[27.35982,43.66086],[27.35908,43.66262],[27.35883,43.66514],[27.36082,43.66621],[27.35924,43.66637],[27.35707,43.67179],[27.35479,43.67193],[27.35386,43.6732],[27.35375,43.67485],[27.35518,43.67672],[27.3548,43.67845],[27.35643,43.67975],[27.35672,43.68063],[27.35554,43.68213],[27.35519,43.68341],[27.36113,43.68315],[27.36208,43.68897],[27.35583,43.68774],[27.35591,43.68693],[27.35426,43.68651],[27.3564,43.69942],[27.35781,43.69902],[27.3576,43.69817],[27.36314,43.69554],[27.36365,43.69882],[27.36168,43.70151],[27.36211,43.7015],[27.36214,43.70234],[27.36175,43.70772],[27.36297,43.70844],[27.36326,43.7105],[27.36493,43.71163],[27.36674,43.7121],[27.36801,43.71492],[27.37272,43.71471],[27.37204,43.71085],[27.37036,43.70806],[27.36911,43.70798],[27.36896,43.70711],[27.37002,43.70679],[27.36989,43.70548],[27.36792,43.70632],[27.37015,43.70335],[27.37011,43.70272],[27.36922,43.70241],[27.37038,43.70237],[27.37146,43.70122],[27.37141,43.7018],[27.37182,43.70155],[27.37313,43.70274],[27.373,43.70423],[27.37349,43.70433],[27.37126,43.70435],[27.37124,43.70527],[27.3733,43.70525],[27.37125,43.70536],[27.37128,43.70628],[27.37332,43.70629],[27.37129,43.70634],[27.3718,43.70724],[27.37331,43.70725],[27.3718,43.70732],[27.37181,43.70821],[27.37331,43.70822],[27.37354,43.70893],[27.37652,43.70998],[27.37453,43.71124],[27.37368,43.71243],[27.37376,43.7131],[27.37471,43.71322],[27.37488,43.71284],[27.37512,43.71412],[27.3759,43.71471],[27.37757,43.71544],[27.38231,43.7099],[27.38324,43.70976],[27.38517,43.70757],[27.3887,43.70906],[27.38723,43.71082],[27.39163,43.71242],[27.39079,43.71332],[27.38918,43.71294],[27.38604,43.71381],[27.38408,43.71586],[27.38325,43.71556],[27.38136,43.71765],[27.38014,43.71737],[27.37981,43.71769],[27.37762,43.71687],[27.37626,43.71735],[27.37655,43.71632],[27.37408,43.71512],[27.37425,43.7166],[27.37615,43.71785],[27.37438,43.72116],[27.385,43.72531],[27.38396,43.7264],[27.38017,43.7251],[27.3783,43.72683],[27.37695,43.72708],[27.37737,43.72822],[27.37842,43.72883],[27.37624,43.73022],[27.37414,43.73034],[27.37205,43.73134],[27.37234,43.73258],[27.37353,43.73369],[27.37139,43.73472],[27.37219,43.73773],[27.37268,43.73839],[27.37566,43.73686],[27.37592,43.73724],[27.37689,43.73674],[27.37725,43.73711],[27.38404,43.7331],[27.38589,43.73377],[27.38788,43.73377],[27.3884,43.734],[27.38794,43.7348],[27.38221,43.73756],[27.38198,43.73837],[27.38323,43.73938],[27.38109,43.74084],[27.37996,43.74104],[27.38009,43.74155],[27.38195,43.7425],[27.38495,43.74156],[27.3852,43.74185],[27.38782,43.74031],[27.39053,43.74264],[27.39194,43.7415],[27.39209,43.73989],[27.39366,43.73855],[27.39463,43.7394],[27.39416,43.74128],[27.39751,43.74167],[27.39598,43.74347],[27.39263,43.74359],[27.39649,43.74576],[27.39848,43.74577],[27.39936,43.74624],[27.39867,43.74681],[27.39844,43.74636],[27.39684,43.74678],[27.39862,43.74688],[27.39657,43.74828],[27.39142,43.7473],[27.39135,43.74868],[27.38984,43.749],[27.39007,43.74978],[27.39115,43.75009],[27.3919,43.7517],[27.39608,43.75075],[27.39308,43.75144],[27.39398,43.75314],[27.39479,43.75292],[27.39451,43.75238],[27.39705,43.7517],[27.39679,43.74972],[27.39952,43.74634],[27.40025,43.74676],[27.3987,43.74764],[27.39707,43.75049],[27.39748,43.75171],[27.39887,43.75139],[27.39926,43.75212],[27.39873,43.75227],[27.39883,43.75345],[27.40009,43.75354],[27.40014,43.75301],[27.40347,43.75308],[27.40431,43.75366],[27.40405,43.75437],[27.40724,43.75378],[27.40728,43.75345],[27.40652,43.75345],[27.40767,43.75267],[27.40715,43.75473],[27.40532,43.75451],[27.40456,43.75788],[27.4063,43.75828],[27.4061,43.75886],[27.39933,43.75789],[27.39571,43.75987],[27.39242,43.75923],[27.38803,43.76156],[27.3875,43.76277],[27.38546,43.76444],[27.3834,43.76414],[27.3836,43.7632],[27.38215,43.76298],[27.3823,43.76073],[27.38121,43.76058],[27.37996,43.7638],[27.37949,43.7638],[27.37879,43.7652],[27.37934,43.76547],[27.37927,43.76612],[27.38043,43.76641],[27.38067,43.76695],[27.38409,43.76741],[27.38428,43.76806],[27.38509,43.7681],[27.38474,43.7693],[27.38377,43.76983],[27.38344,43.77063],[27.3813,43.77025],[27.38088,43.7679],[27.37981,43.76707],[27.37832,43.76714],[27.37902,43.77119],[27.37954,43.77195],[27.38384,43.77314],[27.38736,43.77332],[27.39302,43.77049],[27.39412,43.76888],[27.39647,43.76914],[27.39513,43.77192],[27.39024,43.77259],[27.38934,43.77522],[27.38818,43.77551],[27.38476,43.7745],[27.38103,43.77544],[27.37755,43.77548],[27.3772,43.77808],[27.38099,43.78375],[27.38487,43.78237],[27.38647,43.78216],[27.38924,43.78285],[27.39377,43.78151],[27.39262,43.7794],[27.39301,43.77698],[27.39613,43.77638],[27.39653,43.7764],[27.39552,43.77979],[27.39571,43.78096],[27.40176,43.78123],[27.40228,43.78015],[27.40186,43.78006],[27.40289,43.77955],[27.40356,43.77795],[27.40405,43.77838],[27.40452,43.77804],[27.40511,43.76874],[27.40451,43.76838],[27.41031,43.76872],[27.41225,43.76818],[27.41334,43.76659],[27.4179,43.765],[27.41954,43.76222],[27.42122,43.76052],[27.41942,43.7614],[27.42019,43.76003],[27.42242,43.75976],[27.42433,43.75813],[27.42485,43.75688],[27.42439,43.75656],[27.42448,43.7557],[27.42571,43.75497],[27.42662,43.75246],[27.4297,43.75447],[27.43835,43.75683],[27.43867,43.75961],[27.43663,43.76082],[27.43603,43.76236],[27.42969,43.76378],[27.42966,43.76621],[27.42831,43.76769],[27.42767,43.7705],[27.4239,43.77154],[27.42028,43.77342],[27.42025,43.77402],[27.41879,43.77509],[27.41868,43.77651],[27.41434,43.78019],[27.41624,43.78094],[27.41606,43.78129],[27.41721,43.78088],[27.41663,43.78171],[27.41709,43.78177],[27.41519,43.78219],[27.41145,43.78198],[27.40818,43.78303],[27.40851,43.78382],[27.40785,43.78413],[27.40511,43.78375],[27.40461,43.78412],[27.40621,43.78509],[27.40895,43.78531],[27.40916,43.78573],[27.41526,43.78593],[27.41623,43.78721],[27.41884,43.78698],[27.41997,43.7891],[27.41827,43.78936],[27.41863,43.79189],[27.41809,43.7916],[27.4182,43.79096],[27.41731,43.78955],[27.41535,43.78961],[27.4143,43.78775],[27.41388,43.78844],[27.41284,43.78824],[27.41207,43.78898],[27.41163,43.78775],[27.41024,43.78791],[27.40549,43.78676],[27.40496,43.78751],[27.40508,43.79027],[27.40657,43.79129],[27.40174,43.79134],[27.40214,43.78948],[27.39817,43.78865],[27.39775,43.7887],[27.39766,43.79145],[27.39685,43.79147],[27.3948,43.79023],[27.39232,43.78973],[27.3922,43.78748],[27.39184,43.7874],[27.39074,43.78809],[27.38949,43.78819],[27.38942,43.7894],[27.38823,43.79021],[27.38699,43.78962],[27.38645,43.78438],[27.3837,43.78453],[27.38205,43.78515],[27.38232,43.78709],[27.38421,43.78703],[27.38466,43.79538],[27.38004,43.79559],[27.38029,43.79676],[27.38142,43.79695],[27.38099,43.79789],[27.38216,43.79811],[27.38008,43.80144],[27.37917,43.80104],[27.37742,43.80174],[27.37722,43.80433],[27.37669,43.80469],[27.37739,43.8049],[27.37763,43.8042],[27.37937,43.80331],[27.38188,43.80323],[27.38546,43.80189],[27.3868,43.8002],[27.38599,43.80134],[27.38715,43.80174],[27.38661,43.80293],[27.38401,43.80393],[27.38071,43.80394],[27.38069,43.80469],[27.38301,43.80485],[27.38644,43.80416],[27.39146,43.80445],[27.39479,43.80264],[27.39547,43.80285],[27.3955,43.80346],[27.39866,43.804],[27.39963,43.80304],[27.39976,43.80222],[27.40506,43.80026],[27.408,43.79567],[27.40745,43.79711],[27.40942,43.79751],[27.41047,43.79702],[27.4111,43.79737],[27.40829,43.7984],[27.4089,43.79914],[27.40695,43.80016],[27.4061,43.8011],[27.40636,43.80177],[27.40128,43.80357],[27.40173,43.80458],[27.40301,43.80478],[27.40332,43.80533],[27.40621,43.80482],[27.40747,43.80412],[27.40855,43.80589],[27.41051,43.80602],[27.41163,43.80537],[27.41241,43.80632],[27.41154,43.8068],[27.41247,43.80727],[27.41186,43.80741],[27.41056,43.80661],[27.40989,43.80721],[27.40873,43.80709],[27.40891,43.80677],[27.40656,43.80604],[27.40513,43.80672],[27.40386,43.80671],[27.40336,43.80739],[27.40263,43.80719],[27.4031,43.80713],[27.40265,43.80653],[27.40134,43.80642],[27.40083,43.80593],[27.40006,43.80636],[27.39937,43.80582],[27.39813,43.80582],[27.39777,43.80592],[27.39781,43.80798],[27.39999,43.80914],[27.39859,43.80993],[27.39632,43.80855],[27.39578,43.80885],[27.39401,43.80796],[27.39113,43.80785],[27.38883,43.8071],[27.38678,43.81023],[27.39775,43.81397],[27.40094,43.81902],[27.40523,43.8176],[27.40379,43.81509],[27.41325,43.81193],[27.41991,43.82215],[27.41797,43.82349],[27.40892,43.82073],[27.40553,43.82374],[27.40354,43.82707],[27.40154,43.82687],[27.39982,43.82759],[27.39718,43.83019],[27.39621,43.8324],[27.39504,43.83371],[27.3965,43.83453],[27.40396,43.82993],[27.41275,43.83263],[27.41059,43.84731],[27.412,43.85134],[27.41479,43.85015],[27.4121,43.85259],[27.40173,43.85712],[27.40137,43.85795],[27.40646,43.86155],[27.4096,43.86445],[27.39738,43.87473],[27.39793,43.87511],[27.39952,43.87476],[27.401,43.87369],[27.40124,43.87427],[27.39982,43.87559],[27.40158,43.87642],[27.40455,43.87338],[27.40558,43.87389],[27.40729,43.87214],[27.4093,43.87315],[27.4118,43.87102],[27.41286,43.87155],[27.41404,43.87054],[27.41592,43.87099],[27.4165,43.87013],[27.41966,43.88141],[27.42777,43.88914],[27.42773,43.89265],[27.42262,43.89801],[27.41784,43.89727],[27.41774,43.89663],[27.41615,43.89669],[27.41502,43.89814],[27.41261,43.90289],[27.41449,43.90324],[27.41631,43.90171],[27.41813,43.90292],[27.41671,43.90364],[27.41333,43.90795],[27.41557,43.90938],[27.41854,43.9055],[27.42021,43.90486],[27.42146,43.90619],[27.4225,43.90606],[27.42254,43.90675],[27.42173,43.90672],[27.42043,43.90858],[27.42115,43.90878],[27.4168,43.91726],[27.42286,43.91903],[27.42139,43.92198],[27.42234,43.92459],[27.42461,43.92546],[27.42504,43.92661],[27.42589,43.92707],[27.42633,43.92703],[27.42669,43.92579],[27.42727,43.92589],[27.42766,43.92507],[27.42884,43.92439],[27.43211,43.92576],[27.43303,43.92577],[27.4329,43.92509],[27.43415,43.92504],[27.43433,43.92617],[27.43534,43.92584],[27.43801,43.92708],[27.43621,43.92665],[27.43422,43.92887],[27.43331,43.92862],[27.43282,43.92913],[27.43297,43.92855],[27.43207,43.92858],[27.43159,43.92926],[27.43031,43.92751],[27.429,43.92788],[27.42957,43.93094],[27.43151,43.93151],[27.43025,43.93189],[27.43146,43.93236],[27.43094,43.93241],[27.43083,43.93291],[27.43148,43.93301],[27.43186,43.93268],[27.43149,43.93238],[27.43364,43.93283],[27.43392,43.9334],[27.43287,43.9329],[27.4326,43.93369],[27.43275,43.93283],[27.43089,43.93324],[27.4308,43.93245],[27.42979,43.93266],[27.42879,43.93221],[27.42796,43.93254],[27.42983,43.93312],[27.42914,43.93327],[27.42969,43.93356],[27.4294,43.93397],[27.42608,43.9327],[27.4248,43.9336],[27.42486,43.93489],[27.42675,43.93685],[27.43116,43.9393],[27.43068,43.93975],[27.42878,43.93958],[27.42703,43.94074],[27.42288,43.93896],[27.42326,43.94195],[27.42175,43.94323],[27.42115,43.94464],[27.41986,43.94935],[27.41985,43.95031],[27.42052,43.95083],[27.41992,43.95204],[27.42358,43.95346],[27.42972,43.94558],[27.42901,43.94509],[27.4345,43.93937],[27.43371,43.94096],[27.43266,43.94166],[27.43947,43.94275],[27.43857,43.94701],[27.44142,43.9482],[27.4432,43.9496],[27.44451,43.94649],[27.4455,43.94693],[27.44592,43.94568],[27.44681,43.94582],[27.44752,43.94346],[27.45012,43.94429],[27.45086,43.94392],[27.45016,43.94644],[27.44763,43.94601],[27.44675,43.94676],[27.44595,43.94965],[27.4456,43.94965],[27.44477,43.95263],[27.44746,43.95303],[27.44713,43.95423],[27.44343,43.95367],[27.44128,43.9551],[27.44022,43.95665],[27.44244,43.95585],[27.44263,43.95613],[27.44172,43.96852],[27.44231,43.9691],[27.44088,43.97249],[27.44031,43.97238],[27.44022,43.97328],[27.43856,43.97356],[27.43867,43.97401],[27.43684,43.97475],[27.43672,43.97517],[27.43474,43.97533],[27.43249,43.97654],[27.43005,43.97669],[27.43025,43.97738],[27.43596,43.97691],[27.43581,43.97832],[27.43526,43.97828],[27.43481,43.97926],[27.43595,43.97927],[27.43564,43.98186],[27.43245,43.98231],[27.42791,43.98179],[27.42868,43.98169],[27.42823,43.97991],[27.42535,43.98028],[27.41674,43.97506],[27.41562,43.97489],[27.41446,43.97559],[27.40954,43.97591],[27.40941,43.97861],[27.40855,43.97961],[27.40841,43.98225],[27.40911,43.98558],[27.40832,43.98416],[27.40805,43.97924],[27.40557,43.97926],[27.40553,43.9772],[27.39907,43.97721],[27.39399,43.97368],[27.39132,43.97643],[27.3912,43.97777],[27.3903,43.97895],[27.3897,43.98092],[27.39011,43.98283],[27.39107,43.98388],[27.39093,43.98437],[27.39005,43.98463],[27.39026,43.98582],[27.39153,43.98598],[27.39226,43.98661],[27.39357,43.98656],[27.39402,43.98743],[27.39259,43.98774],[27.39144,43.98728],[27.39004,43.98788],[27.38724,43.99146],[27.38623,43.99119],[27.38823,43.98721],[27.3885,43.98514],[27.38704,43.98125],[27.38703,43.98009],[27.3881,43.98079],[27.38872,43.97955],[27.38939,43.9801],[27.38987,43.97816],[27.38956,43.97574],[27.39387,43.97202],[27.39263,43.96858],[27.3917,43.96856],[27.39183,43.97081],[27.39133,43.97262],[27.38724,43.97613],[27.38535,43.97885],[27.38525,43.98046],[27.38633,43.98338],[27.38636,43.98504],[27.3862,43.98564],[27.38556,43.98541],[27.38589,43.98467],[27.38528,43.98445],[27.38514,43.98804],[27.38381,43.99011],[27.385,43.98729],[27.38475,43.98316],[27.38037,43.978],[27.37626,43.97894],[27.38216,43.97692],[27.38248,43.97596],[27.382,43.97463],[27.38045,43.97332],[27.37626,43.96701],[27.36778,43.96373],[27.35811,43.96165],[27.35547,43.96032],[27.35161,43.95549],[27.35209,43.9627],[27.35821,43.96465],[27.36023,43.96634],[27.35884,43.98055],[27.3635,43.98474],[27.36691,43.98544],[27.36991,43.98503],[27.36961,43.98549],[27.36862,43.9855],[27.36963,43.98561],[27.36886,43.98579],[27.36981,43.98736],[27.368,43.98707],[27.36769,43.98807],[27.36817,43.98857],[27.36773,43.98889],[27.36938,43.9904],[27.3722,43.99135],[27.37211,43.99179],[27.37428,43.99291],[27.37469,43.99245],[27.37549,43.99303],[27.37626,43.99223],[27.37591,43.99204],[27.37621,43.99072],[27.37455,43.99064],[27.3741,43.98986],[27.3746,43.98962],[27.37459,43.98882],[27.3756,43.98847],[27.37637,43.98878],[27.37613,43.98909],[27.37707,43.98901],[27.37951,43.99038],[27.38286,43.99015],[27.38504,43.99087],[27.38507,43.99273],[27.38548,43.99284],[27.38585,43.99272],[27.38592,43.99118],[27.38683,43.99194],[27.38943,43.99165],[27.38958,43.99311],[27.38633,43.99332],[27.38647,43.99532],[27.38533,43.99544],[27.38502,43.99626],[27.38537,43.99705],[27.38426,43.99837],[27.38262,43.99817],[27.38226,43.99853],[27.38227,44.00073],[27.385,44.00077],[27.38516,44.00005],[27.38719,43.99936],[27.3876,43.99873],[27.38676,43.99826],[27.38729,43.997],[27.38811,43.99683],[27.38815,43.99529],[27.39032,43.99523],[27.39007,43.99908],[27.39408,43.99869],[27.3943,43.99792],[27.39564,43.99832],[27.39687,43.99707],[27.39642,43.9943],[27.39555,43.99376],[27.39544,43.99232],[27.40002,43.98994],[27.40152,43.98784],[27.40234,43.98768],[27.40292,43.98786],[27.40261,43.98884],[27.39989,43.99282],[27.39813,43.99266],[27.39822,43.99665],[27.39878,43.99713],[27.40145,43.99571],[27.40309,43.99723],[27.40441,43.99655],[27.4078,43.99968],[27.41009,43.99872],[27.41075,43.99954],[27.40996,43.99971],[27.41121,44.00132],[27.40612,44.00337],[27.40275,43.99701],[27.40095,43.99763],[27.40023,43.99666],[27.39928,43.99761],[27.40034,43.99946],[27.40137,44.00091],[27.4037,44.00206],[27.40457,44.00379],[27.40278,44.00452],[27.40088,44.00238],[27.39991,44.00224],[27.39898,44.00136],[27.39751,44.00276],[27.39677,44.00285],[27.39571,44.00157],[27.39428,44.00238],[27.39392,44.00323],[27.39594,44.00617],[27.39854,44.00594],[27.40034,44.00666],[27.39977,44.0072],[27.39367,44.00611],[27.39291,44.00666],[27.39652,44.01002],[27.39808,44.01078],[27.39725,44.01091],[27.39462,44.00888],[27.39078,44.00743],[27.39006,44.00609],[27.38765,44.00543],[27.38609,44.00563],[27.38534,44.0034],[27.38364,44.00246],[27.38269,44.00374],[27.38321,44.00595],[27.38505,44.00718],[27.38448,44.00708],[27.38201,44.00862],[27.38113,44.00829],[27.37834,44.01097],[27.37936,44.01206],[27.37839,44.01329],[27.3782,44.01526],[27.37407,44.01363],[27.37335,44.01428],[27.37089,44.01496],[27.37131,44.01544],[27.37223,44.0151],[27.37299,44.01602],[27.37913,44.01862],[27.37994,44.01615],[27.38411,44.01063],[27.38595,44.01005],[27.38536,44.01035],[27.38985,44.0125],[27.38907,44.01317],[27.38434,44.01405],[27.38375,44.0146],[27.38676,44.01627],[27.38562,44.01734],[27.384,44.01644],[27.38251,44.01783],[27.38144,44.01723],[27.38064,44.01798],[27.38014,44.01877],[27.38165,44.01961],[27.38126,44.01998],[27.38221,44.02051],[27.38133,44.02134],[27.37915,44.02085],[27.37807,44.02136],[27.37655,44.01976],[27.37438,44.01895],[27.3747,44.02049],[27.37859,44.02415],[27.38008,44.02816],[27.38241,44.02798],[27.37586,44.03406],[27.37191,44.03273],[27.37288,44.03126],[27.37023,44.03036],[27.37137,44.02862],[27.36971,44.02806],[27.37069,44.02655],[27.37475,44.02674],[27.37446,44.02609],[27.3731,44.02475],[27.36869,44.0245],[27.36869,44.02385],[27.3707,44.02384],[27.3703,44.02192],[27.37069,44.02185],[27.37072,44.02003],[27.36936,44.01996],[27.36747,44.01699],[27.36679,44.01665],[27.3628,44.01622],[27.36062,44.01748],[27.36001,44.01894],[27.35707,44.02178],[27.36105,44.02458],[27.36109,44.027],[27.36039,44.02841],[27.36234,44.0307],[27.36125,44.03076],[27.35925,44.03284],[27.36031,44.03379],[27.36006,44.03407],[27.35854,44.0328],[27.35699,44.03521],[27.3542,44.03335]]]},"properties":{"SiteCode":"BG0000106","SiteNameBG":"Хърсовска река","SiteType":"SCI","SiteArea":36756.700415699997,"naturaClass":"habitats"}},{"type":"Feature","geometry":{"type":"MultiPolygon","coordinates":[[[[26.46767,43.48733],[26.46869,43.48906],[26.46704,43.48697],[26.46746,43.48799],[26.46576,43.4874],[26.46503,43.4865],[26.46249,43.48634],[26.46462,43.48504],[26.46428,43.48425],[26.46514,43.48339],[26.4653,43.48234],[26.46396,43.48016],[26.46497,43.47925],[26.46496,43.4787],[26.46455,43.47808],[26.46318,43.47771],[26.46081,43.47871],[26.459,43.4777],[26.45829,43.47674],[26.4606,43.47584],[26.46025,43.47485],[26.46047,43.47337],[26.45972,43.47314],[26.45825,43.4736],[26.45781,43.47231],[26.45654,43.47168],[26.45547,43.47148],[26.45287,43.47212],[26.45013,43.47193],[26.44362,43.46952],[26.44268,43.4693],[26.44245,43.46982],[26.4356,43.46812],[26.43565,43.46553],[26.4342,43.46609],[26.43406,43.46729],[26.43336,43.46718],[26.43185,43.46995],[26.4316,43.46924],[26.42862,43.46857],[26.42383,43.46889],[26.42296,43.46965],[26.42081,43.46863],[26.41784,43.47219],[26.41721,43.47382],[26.4172,43.47573],[26.41627,43.4767],[26.41435,43.47731],[26.41336,43.4774],[26.41102,43.47631],[26.40893,43.47717],[26.40146,43.478],[26.39672,43.47661],[26.39569,43.47677],[26.39629,43.47484],[26.39597,43.47268],[26.398,43.47107],[26.39879,43.46813],[26.40089,43.46697],[26.40511,43.46701],[26.40712,43.46608],[26.40754,43.46652],[26.40892,43.46605],[26.41256,43.4672],[26.41771,43.46719],[26.42314,43.46901],[26.42446,43.46862],[26.42608,43.46323],[26.43141,43.46485],[26.43113,43.46433],[26.4316,43.46423],[26.43162,43.46362],[26.42786,43.46221],[26.42912,43.46187],[26.42882,43.46147],[26.43128,43.46216],[26.43367,43.45966],[26.43392,43.45812],[26.43541,43.45733],[26.43479,43.4567],[26.43573,43.45294],[26.43484,43.45162],[26.43384,43.45209],[26.4365,43.45055],[26.44327,43.44807],[26.44764,43.44816],[26.44747,43.4466],[26.447,43.44656],[26.45079,43.44485],[26.45002,43.44455],[26.45386,43.44299],[26.45409,43.44329],[26.45745,43.44146],[26.45886,43.43996],[26.45783,43.44016],[26.45734,43.4412],[26.45667,43.44141],[26.45621,43.44028],[26.45528,43.44024],[26.45512,43.43936],[26.45861,43.43903],[26.45837,43.43806],[26.45707,43.43746],[26.45838,43.43485],[26.45471,43.4347],[26.45545,43.4339],[26.45507,43.4332],[26.45214,43.43039],[26.44924,43.43058],[26.44865,43.4304],[26.44871,43.42995],[26.44945,43.43009],[26.4514,43.42887],[26.45058,43.42843],[26.45384,43.42516],[26.45345,43.4251],[26.45459,43.42288],[26.45614,43.42097],[26.45672,43.42107],[26.46084,43.41776],[26.45916,43.41658],[26.458,43.41733],[26.45327,43.41553],[26.44964,43.41632],[26.44945,43.41768],[26.45084,43.4183],[26.44788,43.42026],[26.44607,43.4201],[26.44502,43.42326],[26.44307,43.42393],[26.4443,43.42485],[26.44268,43.42616],[26.44277,43.42696],[26.44154,43.42871],[26.44033,43.42875],[26.43797,43.42767],[26.43594,43.42778],[26.43625,43.42612],[26.43594,43.42592],[26.43699,43.42357],[26.4308,43.42368],[26.43127,43.42284],[26.43899,43.42199],[26.43736,43.42182],[26.43606,43.42094],[26.43445,43.42177],[26.43152,43.42209],[26.43582,43.42046],[26.4392,43.42056],[26.43927,43.42092],[26.43933,43.42045],[26.43836,43.42071],[26.43776,43.41998],[26.43502,43.41988],[26.43479,43.41949],[26.43661,43.41893],[26.43615,43.41896],[26.43721,43.41786],[26.44123,43.41821],[26.44299,43.41721],[26.44157,43.41671],[26.43185,43.41675],[26.44226,43.41628],[26.4434,43.41526],[26.44265,43.41251],[26.44097,43.4137],[26.43562,43.41319],[26.43603,43.4108],[26.43525,43.41065],[26.43452,43.41075],[26.43437,43.41162],[26.43359,43.41158],[26.43334,43.41306],[26.43238,43.41297],[26.43309,43.41099],[26.43046,43.40824],[26.43122,43.40659],[26.4268,43.40705],[26.42647,43.40367],[26.41252,43.40428],[26.41146,43.40188],[26.41251,43.40117],[26.4223,43.40054],[26.42225,43.39879],[26.41255,43.39937],[26.4104,43.40006],[26.40982,43.39187],[26.41166,43.39124],[26.41062,43.39051],[26.41092,43.38956],[26.41012,43.38904],[26.41619,43.38935],[26.41628,43.38709],[26.41225,43.38634],[26.41333,43.38563],[26.41641,43.38621],[26.41747,43.38563],[26.41653,43.38526],[26.41494,43.38545],[26.41745,43.38424],[26.41323,43.38069],[26.4071,43.37804],[26.4052,43.37856],[26.40423,43.3799],[26.40451,43.38071],[26.4019,43.37988],[26.40164,43.37883],[26.39959,43.37963],[26.39881,43.3781],[26.39505,43.37769],[26.39524,43.37731],[26.39437,43.37735],[26.39404,43.37676],[26.39427,43.37742],[26.38924,43.38006],[26.37767,43.38864],[26.37374,43.39317],[26.3743,43.39329],[26.37356,43.39425],[26.37682,43.39645],[26.37753,43.39598],[26.37554,43.39799],[26.37547,43.39919],[26.37682,43.39879],[26.37754,43.39998],[26.37852,43.39998],[26.38109,43.39964],[26.38194,43.39898],[26.38282,43.39958],[26.38561,43.39855],[26.38592,43.39892],[26.3828,43.39976],[26.38349,43.40036],[26.38217,43.40066],[26.38306,43.40117],[26.38578,43.40025],[26.38396,43.40134],[26.38525,43.40124],[26.38279,43.40199],[26.3824,43.40184],[26.3834,43.40144],[26.38254,43.40154],[26.38206,43.4022],[26.38468,43.4034],[26.386,43.40288],[26.3863,43.40326],[26.38882,43.40349],[26.38824,43.40459],[26.38971,43.405],[26.38996,43.40453],[26.39263,43.40528],[26.39125,43.40602],[26.39094,43.40708],[26.38413,43.40452],[26.37742,43.4009],[26.37321,43.40228],[26.37202,43.40337],[26.37268,43.40413],[26.37242,43.40502],[26.37341,43.4056],[26.37567,43.40999],[26.3747,43.41139],[26.37551,43.41164],[26.37532,43.41219],[26.37577,43.4123],[26.37465,43.41339],[26.37559,43.41374],[26.37455,43.41472],[26.37338,43.41495],[26.37168,43.41418],[26.37101,43.41523],[26.36968,43.4145],[26.37058,43.41311],[26.37166,43.4132],[26.37246,43.41246],[26.37318,43.41014],[26.37281,43.40933],[26.37178,43.40924],[26.37119,43.40967],[26.37038,43.40915],[26.37158,43.40779],[26.3696,43.4069],[26.3694,43.4063],[26.36893,43.40651],[26.36797,43.40551],[26.36767,43.40339],[26.36834,43.40243],[26.37122,43.40046],[26.3677,43.39907],[26.36263,43.39855],[26.36447,43.39548],[26.36262,43.39308],[26.36284,43.3917],[26.35395,43.3884],[26.35212,43.39295],[26.34891,43.39138],[26.34743,43.3901],[26.34775,43.38799],[26.35023,43.38705],[26.35227,43.38702],[26.35448,43.38565],[26.35564,43.38597],[26.35514,43.38402],[26.35425,43.3836],[26.35349,43.3845],[26.35199,43.38333],[26.35392,43.38219],[26.35408,43.38163],[26.35351,43.38133],[26.35632,43.38024],[26.36282,43.38145],[26.36247,43.37888],[26.36777,43.37546],[26.37011,43.3706],[26.37707,43.372],[26.37802,43.37073],[26.38044,43.36912],[26.38201,43.36865],[26.38195,43.36749],[26.38349,43.36748],[26.38419,43.36658],[26.38733,43.36744],[26.3876,43.36687],[26.39156,43.36579],[26.39353,43.36322],[26.39596,43.36335],[26.40105,43.36847],[26.40018,43.37047],[26.40044,43.3699],[26.40227,43.37009],[26.40405,43.37129],[26.40343,43.37158],[26.40479,43.372],[26.40522,43.37152],[26.40359,43.37309],[26.40378,43.37402],[26.41412,43.37276],[26.41386,43.37207],[26.41133,43.37144],[26.41133,43.37096],[26.41582,43.3714],[26.41777,43.37263],[26.42547,43.37349],[26.42608,43.37459],[26.42709,43.37482],[26.42714,43.37586],[26.42394,43.37611],[26.42361,43.37682],[26.42629,43.37662],[26.42641,43.37875],[26.42778,43.38042],[26.42801,43.38151],[26.42629,43.38176],[26.42558,43.38252],[26.42776,43.38477],[26.42992,43.3846],[26.43022,43.38362],[26.43308,43.38328],[26.43281,43.3814],[26.43445,43.38006],[26.43582,43.37807],[26.43826,43.377],[26.43852,43.37629],[26.44443,43.37636],[26.44468,43.37601],[26.44548,43.37634],[26.4438,43.37927],[26.43936,43.38041],[26.43823,43.38226],[26.43557,43.38388],[26.43528,43.38492],[26.43391,43.38579],[26.43439,43.38638],[26.43428,43.38738],[26.43552,43.38817],[26.43465,43.39044],[26.43545,43.39113],[26.4355,43.39179],[26.44076,43.39614],[26.44221,43.39835],[26.4485,43.3977],[26.44928,43.39836],[26.45056,43.39811],[26.45094,43.39882],[26.45165,43.39868],[26.4531,43.39935],[26.45675,43.39801],[26.45635,43.39703],[26.45986,43.39668],[26.46109,43.39974],[26.46264,43.39952],[26.46285,43.40007],[26.46443,43.39974],[26.46538,43.40221],[26.46446,43.4024],[26.46539,43.40253],[26.46575,43.40355],[26.46501,43.40372],[26.46537,43.40477],[26.4643,43.40501],[26.4648,43.40582],[26.46372,43.40651],[26.46052,43.4074],[26.46134,43.40738],[26.46073,43.40789],[26.46227,43.4093],[26.46336,43.40934],[26.46379,43.40894],[26.46354,43.40851],[26.46435,43.40853],[26.46755,43.40699],[26.47656,43.40861],[26.47684,43.40916],[26.47797,43.40904],[26.47858,43.41017],[26.48012,43.40974],[26.48146,43.41032],[26.4824,43.40948],[26.50154,43.41051],[26.50496,43.41084],[26.50639,43.41191],[26.50885,43.41197],[26.50859,43.41276],[26.50973,43.40994],[26.5092,43.41418],[26.5116,43.41746],[26.5116,43.41957],[26.51149,43.42104],[26.50938,43.42495],[26.51913,43.42439],[26.51977,43.42767],[26.50529,43.43258],[26.50494,43.43148],[26.50622,43.43071],[26.50682,43.42962],[26.50431,43.42694],[26.50073,43.42751],[26.50022,43.4264],[26.49345,43.42798],[26.49372,43.42909],[26.49331,43.42926],[26.49594,43.43392],[26.49287,43.43469],[26.49676,43.43479],[26.49587,43.43527],[26.48996,43.43541],[26.48901,43.43755],[26.48877,43.43624],[26.48785,43.43584],[26.48377,43.43549],[26.48013,43.43451],[26.47747,43.4348],[26.47662,43.43561],[26.47523,43.43549],[26.47474,43.43612],[26.4744,43.43852],[26.47333,43.4403],[26.47324,43.44162],[26.47419,43.44222],[26.47293,43.4433],[26.47663,43.44489],[26.4856,43.44511],[26.48448,43.44643],[26.4867,43.446],[26.48671,43.44507],[26.49293,43.44518],[26.49413,43.44508],[26.49419,43.44459],[26.49499,43.44464],[26.49571,43.44709],[26.49879,43.4467],[26.49728,43.45152],[26.49543,43.45251],[26.49606,43.45286],[26.49705,43.4522],[26.49585,43.45372],[26.49594,43.4548],[26.49729,43.45766],[26.49939,43.45752],[26.50141,43.45848],[26.50213,43.45934],[26.50012,43.46],[26.50059,43.46085],[26.50227,43.46153],[26.50076,43.46174],[26.49859,43.46114],[26.4907,43.46132],[26.48818,43.46152],[26.48812,43.46259],[26.49008,43.46294],[26.49165,43.46387],[26.49151,43.46436],[26.48949,43.46387],[26.48998,43.46442],[26.49711,43.46682],[26.50062,43.46316],[26.50429,43.46645],[26.50461,43.4662],[26.50667,43.46769],[26.5061,43.46903],[26.49587,43.46847],[26.49262,43.46637],[26.49164,43.46622],[26.49059,43.46761],[26.49489,43.47044],[26.49732,43.47099],[26.50117,43.47069],[26.4951,43.47148],[26.49431,43.47044],[26.49276,43.47051],[26.48902,43.46678],[26.48801,43.46484],[26.48606,43.46487],[26.48647,43.46584],[26.48421,43.46455],[26.48233,43.4648],[26.48249,43.46352],[26.47995,43.46342],[26.47678,43.46586],[26.47628,43.46697],[26.47447,43.46742],[26.47341,43.47092],[26.47146,43.47173],[26.46804,43.47516],[26.46754,43.47707],[26.46792,43.47852],[26.46682,43.48049],[26.467,43.48341],[26.46565,43.48557],[26.46767,43.48733]]],[[[26.53892,43.50839],[26.53796,43.5091],[26.53611,43.50859],[26.53329,43.50287],[26.53259,43.5005],[26.53075,43.49934],[26.53107,43.49809],[26.52912,43.49428],[26.52911,43.49281],[26.52866,43.4922],[26.52267,43.48882],[26.5223,43.48821],[26.52278,43.48727],[26.52523,43.48721],[26.52443,43.482],[26.52501,43.48088],[26.5206,43.47942],[26.52351,43.47941],[26.52057,43.47905],[26.5198,43.47728],[26.51769,43.47686],[26.51776,43.47631],[26.51714,43.47628],[26.51746,43.47305],[26.52189,43.46633],[26.52225,43.46405],[26.52059,43.46391],[26.51896,43.46252],[26.50971,43.462],[26.50931,43.46238],[26.50889,43.46186],[26.50909,43.46026],[26.51195,43.45671],[26.51273,43.45493],[26.51697,43.45389],[26.52028,43.45591],[26.52187,43.45442],[26.5215,43.45416],[26.5219,43.45388],[26.52385,43.45457],[26.52306,43.45324],[26.51866,43.45063],[26.51796,43.44853],[26.51608,43.44687],[26.51782,43.44359],[26.52008,43.44414],[26.5205,43.44384],[26.51796,43.44175],[26.51539,43.44219],[26.51742,43.4418],[26.51728,43.44072],[26.52107,43.43765],[26.522,43.43628],[26.52085,43.43572],[26.52066,43.43512],[26.52192,43.43335],[26.52376,43.43226],[26.52472,43.43295],[26.52337,43.43449],[26.52939,43.43593],[26.53095,43.4344],[26.53249,43.4303],[26.53514,43.42999],[26.53571,43.43112],[26.53925,43.43135],[26.54154,43.42979],[26.54204,43.42797],[26.54282,43.42826],[26.54261,43.42908],[26.54316,43.4292],[26.54331,43.42999],[26.54412,43.42896],[26.54787,43.42808],[26.5546,43.43122],[26.55686,43.43055],[26.55861,43.42876],[26.56249,43.42694],[26.56318,43.42762],[26.56478,43.42684],[26.56371,43.42492],[26.56427,43.42297],[26.56961,43.42282],[26.59858,43.42733],[26.60246,43.42857],[26.60014,43.4338],[26.60089,43.43532],[26.60355,43.4382],[26.60405,43.44708],[26.60521,43.44847],[26.60782,43.45023],[26.60796,43.45114],[26.60293,43.45287],[26.59484,43.45678],[26.59076,43.45491],[26.59294,43.44994],[26.59487,43.44703],[26.59439,43.44694],[26.59485,43.44655],[26.59936,43.44677],[26.59884,43.4437],[26.5993,43.44331],[26.59864,43.44292],[26.60105,43.44202],[26.60046,43.44188],[26.60092,43.44106],[26.59834,43.44158],[26.59895,43.43978],[26.60048,43.43883],[26.60112,43.43737],[26.60056,43.43546],[26.59999,43.43498],[26.59498,43.43838],[26.59136,43.43931],[26.58778,43.44266],[26.58185,43.44311],[26.58201,43.44076],[26.58608,43.44045],[26.58614,43.43919],[26.58704,43.43834],[26.58624,43.43835],[26.58635,43.43765],[26.58812,43.43749],[26.58872,43.43627],[26.59034,43.43665],[26.59212,43.43536],[26.59283,43.43586],[26.59412,43.43493],[26.59342,43.43442],[26.59451,43.43372],[26.56955,43.42838],[26.57129,43.43387],[26.55559,43.43766],[26.55893,43.44385],[26.55775,43.44459],[26.55578,43.44833],[26.55973,43.44711],[26.55151,43.4525],[26.55089,43.45346],[26.55143,43.45358],[26.55185,43.45279],[26.55333,43.45259],[26.55375,43.45186],[26.55492,43.4522],[26.55222,43.45317],[26.55189,43.45375],[26.55355,43.45601],[26.55479,43.45647],[26.55798,43.45899],[26.55829,43.46076],[26.55017,43.46588],[26.5499,43.46805],[26.54771,43.46892],[26.55079,43.47048],[26.54829,43.47213],[26.54683,43.47239],[26.54587,43.47349],[26.54236,43.47514],[26.53219,43.4759],[26.53073,43.47618],[26.53014,43.47718],[26.52926,43.47741],[26.52961,43.47945],[26.52906,43.47985],[26.52935,43.48088],[26.52889,43.48131],[26.52886,43.48239],[26.52784,43.48368],[26.52818,43.48728],[26.5277,43.48858],[26.52851,43.48959],[26.53045,43.49054],[26.53367,43.49119],[26.53163,43.49285],[26.53174,43.49389],[26.53294,43.4956],[26.5338,43.4983],[26.53505,43.49976],[26.53476,43.50132],[26.53554,43.50303],[26.53839,43.50757],[26.54057,43.50851],[26.54073,43.50903],[26.53892,43.50839]],[[26.54708,43.4687],[26.54896,43.46764],[26.54437,43.46248],[26.5478,43.46207],[26.54717,43.45994],[26.54543,43.4578],[26.5433,43.45834],[26.54197,43.45816],[26.54375,43.45796],[26.54334,43.4575],[26.54113,43.45772],[26.54369,43.45713],[26.54559,43.45562],[26.54502,43.45463],[26.54734,43.45375],[26.54404,43.45006],[26.54418,43.4486],[26.54653,43.4465],[26.54281,43.44475],[26.54229,43.44535],[26.53764,43.44671],[26.53606,43.44809],[26.53489,43.44809],[26.53739,43.44612],[26.54101,43.44515],[26.54472,43.44223],[26.54199,43.44074],[26.54177,43.44102],[26.53733,43.43992],[26.53448,43.44548],[26.53267,43.44523],[26.53243,43.44568],[26.52966,43.44479],[26.52869,43.44619],[26.52735,43.44625],[26.52668,43.44712],[26.52765,43.44774],[26.53029,43.45119],[26.53123,43.45122],[26.5316,43.45054],[26.53513,43.4504],[26.5355,43.45101],[26.53225,43.45285],[26.53267,43.45318],[26.53109,43.45337],[26.52999,43.4542],[26.53455,43.46017],[26.52928,43.46123],[26.52927,43.46188],[26.53142,43.46329],[26.53404,43.46412],[26.53437,43.46377],[26.53527,43.46454],[26.53748,43.4644],[26.53826,43.46361],[26.54015,43.46333],[26.54352,43.46857],[26.54708,43.4687]],[[26.54971,43.46233],[26.55486,43.45966],[26.55081,43.45431],[26.54928,43.4555],[26.5456,43.45677],[26.54789,43.45928],[26.54884,43.46219],[26.54971,43.46233]]]]},"properties":{"SiteCode":"BG0000173","SiteNameBG":"Островче","SiteType":"SCI","SiteArea":6749.1852275800002,"naturaClass":"habitats"}},{"type":"Feature","geometry":{"type":"MultiPolygon","coordinates":[[[[26.1639,42.85792],[26.163,42.85581],[26.16327,42.85499],[26.16259,42.85202],[26.1583,42.85571],[26.15828,42.85679],[26.15701,42.85778],[26.1594,42.85861],[26.15925,42.8596],[26.1598,42.86017],[26.15813,42.85972],[26.15719,42.85995],[26.15756,42.85884],[26.15698,42.8584],[26.15635,42.85892],[26.1527,42.85678],[26.15133,42.8575],[26.15151,42.858],[26.1523,42.85768],[26.15245,42.85827],[26.15159,42.85818],[26.15164,42.85899],[26.1507,42.85921],[26.15063,42.85724],[26.1521,42.85545],[26.15154,42.85274],[26.15308,42.85002],[26.15166,42.84751],[26.14758,42.84634],[26.14336,42.84754],[26.14269,42.84684],[26.14187,42.84774],[26.14658,42.8554],[26.14763,42.86038],[26.14926,42.86496],[26.16327,42.87128],[26.1615,42.87707],[26.1648,42.88373],[26.16923,42.88957],[26.17196,42.89622],[26.16679,42.90282],[26.17124,42.90783],[26.18021,42.91204],[26.18015,42.91619],[26.17784,42.92073],[26.17946,42.92572],[26.18786,42.93117],[26.19119,42.93493],[26.19107,42.94405],[26.19725,42.94658],[26.19722,42.94907],[26.19095,42.95359],[26.1954,42.95901],[26.19364,42.96398],[26.18294,42.96183],[26.17797,42.9535],[26.16552,42.95548],[26.15871,42.95792],[26.15359,42.96078],[26.1497,42.95661],[26.14463,42.95533],[26.1368,42.95029],[26.13123,42.94486],[26.12843,42.94318],[26.12397,42.939],[26.11996,42.94353],[26.11542,42.94515],[26.11094,42.94263],[26.10584,42.94383],[26.1018,42.95002],[26.09669,42.95247],[26.08825,42.95033],[26.08378,42.94698],[26.07531,42.94732],[26.0748,42.94359],[26.06465,42.94309],[26.05845,42.94221],[26.0511,42.94339],[26.04207,42.94332],[26.03864,42.94578],[26.02543,42.94665],[26.01836,42.9385],[26.01117,42.93844],[26.01123,42.93471],[26.00705,42.93125],[26.01091,42.92817],[25.99948,42.92807],[25.99143,42.92894],[25.98558,42.92453],[25.98399,42.91799],[25.98878,42.90963],[25.98973,42.90342],[25.99444,42.89973],[26.00253,42.89669],[26.00519,42.88925],[26.00274,42.88394],[25.99427,42.88449],[25.99133,42.88291],[25.99392,42.88013],[26.00368,42.87773],[26.00587,42.87339],[25.99366,42.86986],[25.98936,42.87449],[25.98256,42.8763],[25.97579,42.87655],[25.97079,42.87184],[25.97554,42.86597],[25.98284,42.85919],[25.983,42.84955],[25.99237,42.84528],[26.01009,42.84699],[26.02027,42.84867],[26.01782,42.84504],[26.01752,42.84246],[26.01674,42.84129],[26.01766,42.83741],[26.01832,42.83711],[26.01846,42.83542],[26.01922,42.83439],[26.01625,42.83358],[26.01249,42.83438],[26.01215,42.83559],[26.01151,42.8352],[26.01042,42.83616],[26.00836,42.83635],[26.00642,42.83774],[26.00698,42.83824],[26.00398,42.83978],[26.00399,42.84026],[26.00309,42.83921],[26.00195,42.83949],[26.00129,42.83845],[26.00007,42.83874],[25.99973,42.83957],[25.99903,42.83903],[25.9992,42.8386],[25.99877,42.83877],[25.99933,42.83731],[25.99812,42.83699],[25.99711,42.8379],[25.998,42.83639],[25.9962,42.83786],[26.00058,42.83246],[26.00001,42.83156],[26.0003,42.83039],[25.99936,42.82794],[25.99987,42.82652],[25.99893,42.82495],[25.99773,42.82453],[25.99712,42.82358],[25.99564,42.82308],[25.99189,42.82388],[25.98941,42.82297],[25.99068,42.82353],[25.98814,42.82499],[25.9877,42.82595],[25.98607,42.82726],[25.98557,42.82966],[25.98392,42.83036],[25.98502,42.82902],[25.98303,42.82984],[25.98329,42.82952],[25.9823,42.82903],[25.98245,42.82729],[25.98364,42.82666],[25.98477,42.82678],[25.98407,42.82639],[25.98548,42.82567],[25.98466,42.82505],[25.98389,42.82546],[25.98291,42.82529],[25.98236,42.82638],[25.98082,42.82633],[25.97964,42.82527],[25.97681,42.82459],[25.97693,42.82389],[25.97862,42.82452],[25.9784,42.82372],[25.97497,42.82325],[25.97519,42.82349],[25.9743,42.82371],[25.97436,42.82455],[25.97306,42.82497],[25.9735,42.82574],[25.97383,42.82532],[25.97495,42.82608],[25.97686,42.82552],[25.97701,42.82585],[25.97565,42.8261],[25.97643,42.82609],[25.97614,42.82648],[25.97662,42.82671],[25.97814,42.82629],[25.97699,42.82742],[25.97733,42.82768],[25.97762,42.82729],[25.97771,42.82775],[25.97616,42.82819],[25.97587,42.82768],[25.975,42.82787],[25.97208,42.82459],[25.96943,42.82547],[25.9691,42.825],[25.9681,42.82568],[25.96763,42.82414],[25.9686,42.82352],[25.9676,42.8235],[25.96835,42.8229],[25.96771,42.82306],[25.96734,42.82215],[25.96826,42.82176],[25.96812,42.82109],[25.96684,42.82115],[25.96723,42.82014],[25.96791,42.81979],[25.96759,42.81942],[25.96897,42.81944],[25.96867,42.81888],[25.96606,42.81754],[25.96468,42.8178],[25.96337,42.81924],[25.96272,42.81904],[25.96289,42.81978],[25.96212,42.81954],[25.96246,42.81896],[25.96214,42.81886],[25.96167,42.81949],[25.96331,42.82316],[25.9616,42.82346],[25.95992,42.82442],[25.95892,42.82405],[25.95942,42.8242],[25.959,42.82469],[25.95942,42.82521],[25.95862,42.82717],[25.95827,42.82754],[25.95696,42.82716],[25.95758,42.82795],[25.95363,42.82998],[25.95509,42.82996],[25.9547,42.83025],[25.9557,42.83065],[25.95256,42.83321],[25.95261,42.83371],[25.95333,42.83381],[25.95474,42.83311],[25.95499,42.8337],[25.9534,42.83479],[25.9542,42.83562],[25.95372,42.8362],[25.95397,42.83672],[25.95324,42.83711],[25.95346,42.83752],[25.94994,42.83677],[25.94888,42.83549],[25.94695,42.83655],[25.94563,42.83651],[25.94648,42.83687],[25.94617,42.83757],[25.94296,42.83819],[25.94367,42.83622],[25.94783,42.83411],[25.94843,42.83322],[25.94759,42.83316],[25.94638,42.8344],[25.94591,42.83383],[25.94376,42.83391],[25.94325,42.83237],[25.94389,42.83157],[25.94244,42.83303],[25.94127,42.83174],[25.94111,42.82986],[25.93952,42.8314],[25.93947,42.8333],[25.93775,42.82895],[25.93807,42.82728],[25.93664,42.82721],[25.93698,42.82628],[25.93606,42.82518],[25.93635,42.82355],[25.93519,42.82102],[25.93372,42.82284],[25.93344,42.82588],[25.93388,42.82801],[25.93254,42.82821],[25.9325,42.82927],[25.93204,42.82925],[25.93211,42.83113],[25.93185,42.82905],[25.93115,42.82817],[25.93115,42.82445],[25.92903,42.82227],[25.92979,42.82106],[25.92015,42.819],[25.91817,42.81604],[25.91525,42.81454],[25.91561,42.81564],[25.91392,42.81461],[25.91231,42.81468],[25.91031,42.81322],[25.90935,42.81156],[25.90984,42.81311],[25.91094,42.81384],[25.91032,42.81363],[25.90913,42.81139],[25.90806,42.81066],[25.90767,42.81142],[25.90822,42.81222],[25.90789,42.81432],[25.90534,42.81317],[25.90428,42.81528],[25.88436,42.8106],[25.88282,42.81088],[25.88213,42.81026],[25.88262,42.8096],[25.88181,42.80921],[25.88106,42.80963],[25.88071,42.80932],[25.88101,42.80909],[25.87994,42.80908],[25.87995,42.81065],[25.87811,42.81064],[25.88816,42.79689],[25.894,42.78958],[25.89443,42.78981],[25.89048,42.78742],[25.89385,42.78832],[25.89524,42.78791],[25.8961,42.78468],[25.89716,42.78435],[25.89831,42.78472],[25.89986,42.78417],[25.89994,42.78231],[25.89924,42.78061],[25.89965,42.77852],[25.90398,42.77787],[25.90668,42.77783],[25.90795,42.77829],[25.90857,42.77773],[25.91172,42.77715],[25.90888,42.77532],[25.90255,42.77519],[25.89863,42.77379],[25.89782,42.77326],[25.89898,42.77267],[25.89814,42.77084],[25.89876,42.77057],[25.90012,42.77098],[25.90099,42.7707],[25.90095,42.77012],[25.89689,42.76908],[25.89048,42.7686],[25.88259,42.76894],[25.87973,42.77182],[25.87465,42.7726],[25.86907,42.76964],[25.86974,42.76384],[25.87262,42.76013],[25.88063,42.75316],[25.88354,42.7478],[25.8836,42.74407],[25.88593,42.73994],[25.89721,42.74061],[25.89675,42.73622],[25.89584,42.73411],[25.89754,42.73277],[25.89906,42.73295],[25.89916,42.73248],[25.89858,42.73033],[25.89729,42.72973],[25.89695,42.7281],[25.8957,42.72694],[25.89557,42.72446],[25.89613,42.72289],[25.89318,42.72075],[25.8939,42.71899],[25.89302,42.71828],[25.89445,42.71698],[25.89393,42.71568],[25.89593,42.71429],[25.8977,42.71408],[25.89831,42.71349],[25.89606,42.71295],[25.89474,42.71158],[25.89496,42.71064],[25.89638,42.70996],[25.89564,42.70913],[25.8963,42.70687],[25.89575,42.70652],[25.89419,42.70698],[25.89393,42.7067],[25.89476,42.70671],[25.89584,42.70597],[25.89782,42.70686],[25.89796,42.70646],[25.89611,42.70531],[25.89749,42.70537],[25.89774,42.70596],[25.89822,42.70504],[25.89868,42.70541],[25.89983,42.70523],[25.90016,42.70644],[25.90145,42.70488],[25.91089,42.70977],[25.9195,42.71258],[25.92408,42.71555],[25.91408,42.72205],[25.91475,42.72996],[25.9205,42.73791],[25.92733,42.74607],[25.93528,42.75088],[25.93841,42.75604],[25.9415,42.76318],[25.95545,42.77812],[25.96317,42.78135],[25.96904,42.78298],[25.97715,42.77891],[25.98265,42.77066],[25.98411,42.75547],[25.99027,42.75333],[26.00044,42.75142],[26.01456,42.75063],[26.02274,42.74906],[26.0241,42.75709],[26.03897,42.75557],[26.06006,42.75137],[26.06695,42.75362],[26.07058,42.75875],[26.07892,42.76374],[26.08899,42.76856],[26.09355,42.77844],[26.10296,42.7776],[26.11353,42.76511],[26.12098,42.76334],[26.13229,42.76853],[26.13729,42.76438],[26.14601,42.75988],[26.14219,42.75001],[26.1432,42.74475],[26.14439,42.74198],[26.14346,42.73986],[26.14115,42.73756],[26.14387,42.73215],[26.15089,42.73072],[26.15271,42.73305],[26.15844,42.73433],[26.16183,42.7308],[26.16291,42.73285],[26.16865,42.73372],[26.16436,42.73574],[26.16303,42.73791],[26.1598,42.75758],[26.17477,42.75849],[26.17376,42.76064],[26.17383,42.76257],[26.17287,42.76412],[26.17243,42.76615],[26.17028,42.76708],[26.17147,42.77036],[26.1708,42.77232],[26.17176,42.77478],[26.17124,42.77537],[26.16866,42.77619],[26.16855,42.77725],[26.16955,42.77855],[26.17159,42.77955],[26.17083,42.78139],[26.17293,42.78105],[26.1752,42.7821],[26.17587,42.78343],[26.17486,42.78505],[26.17032,42.78981],[26.16807,42.79379],[26.16831,42.79551],[26.16915,42.79703],[26.16903,42.79842],[26.17073,42.79963],[26.17091,42.80072],[26.17312,42.80261],[26.17237,42.80608],[26.17143,42.80677],[26.17113,42.80837],[26.1741,42.81176],[26.17571,42.81462],[26.17374,42.81347],[26.17258,42.81347],[26.17206,42.81252],[26.17157,42.81256],[26.17165,42.81645],[26.1699,42.8169],[26.16943,42.81951],[26.1763,42.82029],[26.18037,42.82361],[26.18581,42.82365],[26.19173,42.82476],[26.1885,42.83089],[26.19309,42.83181],[26.19634,42.83335],[26.1985,42.83603],[26.19723,42.8378],[26.19409,42.84016],[26.18275,42.84095],[26.18055,42.84168],[26.17835,42.84287],[26.178,42.8435],[26.17699,42.84374],[26.17655,42.84491],[26.18806,42.8482],[26.1887,42.84692],[26.18993,42.84616],[26.19378,42.8453],[26.19566,42.8416],[26.19813,42.8404],[26.19894,42.84055],[26.19868,42.84208],[26.19911,42.84341],[26.20116,42.84417],[26.2029,42.84424],[26.204,42.84653],[26.20124,42.8471],[26.19429,42.85122],[26.19112,42.85598],[26.18948,42.85685],[26.18873,42.85782],[26.18724,42.85829],[26.18629,42.85985],[26.18532,42.86047],[26.18476,42.86228],[26.18506,42.86339],[26.18425,42.86398],[26.18383,42.86511],[26.18858,42.86451],[26.18906,42.86413],[26.18762,42.86321],[26.19061,42.86293],[26.19039,42.86229],[26.18874,42.86227],[26.19085,42.86046],[26.18972,42.8604],[26.1889,42.85951],[26.18976,42.85904],[26.19495,42.86094],[26.19611,42.86065],[26.19877,42.85828],[26.20001,42.85918],[26.2016,42.85955],[26.20583,42.85823],[26.20379,42.86231],[26.20298,42.8653],[26.20332,42.86598],[26.19981,42.86747],[26.1992,42.86816],[26.1999,42.86985],[26.20016,42.86929],[26.20068,42.86951],[26.20044,42.87248],[26.20108,42.87228],[26.20147,42.87265],[26.20159,42.87188],[26.20111,42.87131],[26.20281,42.87119],[26.2031,42.87195],[26.2053,42.87067],[26.20708,42.87367],[26.20723,42.87588],[26.20216,42.87899],[26.19953,42.87693],[26.19626,42.87637],[26.19382,42.87787],[26.19213,42.87785],[26.19168,42.87482],[26.18893,42.87222],[26.18835,42.87052],[26.1851,42.86881],[26.18196,42.86825],[26.18064,42.86753],[26.17981,42.86574],[26.17753,42.86421],[26.1755,42.86206],[26.1707,42.85591],[26.17037,42.85656],[26.16933,42.85631],[26.16568,42.85806],[26.16409,42.85714],[26.1639,42.85792]]],[[[26.1643,42.85817],[26.16457,42.85822],[26.16469,42.85841],[26.1643,42.85817]]],[[[26.16415,42.85808],[26.1643,42.85817],[26.16418,42.85814],[26.16415,42.85808]]]]},"properties":{"SiteCode":"BG0000211","SiteNameBG":"Твърдишка планина","SiteType":"SCI","SiteArea":38649.529484600003,"naturaClass":"habitats"}},{"type":"Feature","geometry":{"type":"Polygon","coordinates":[[[27.59971,42.25471],[27.59821,42.25525],[27.59758,42.25609],[27.59722,42.25794],[27.59834,42.25998],[27.59543,42.26273],[27.59671,42.26114],[27.59702,42.25865],[27.59441,42.25482],[27.59374,42.25491],[27.59386,42.25549],[27.59287,42.25504],[27.59154,42.25634],[27.59048,42.25606],[27.58999,42.25567],[27.59067,42.25506],[27.59045,42.2541],[27.59126,42.25149],[27.59039,42.25119],[27.58997,42.25021],[27.58854,42.25098],[27.5876,42.25049],[27.58613,42.25095],[27.58765,42.24909],[27.58612,42.24746],[27.58504,42.24767],[27.5852,42.24826],[27.58454,42.24803],[27.5838,42.24863],[27.58329,42.24803],[27.58401,42.24696],[27.58261,42.24607],[27.58135,42.24612],[27.58077,42.24561],[27.58015,42.24615],[27.57656,42.24539],[27.57598,42.2457],[27.57642,42.24646],[27.57417,42.2471],[27.5733,42.24887],[27.57231,42.24677],[27.57102,42.24787],[27.56995,42.24743],[27.56918,42.24782],[27.56656,42.24751],[27.56602,42.24801],[27.5642,42.24799],[27.56359,42.2487],[27.56327,42.24778],[27.5623,42.24755],[27.56204,42.24692],[27.56003,42.24624],[27.55919,42.24664],[27.55945,42.24572],[27.55832,42.24454],[27.55607,42.24398],[27.55527,42.24443],[27.55347,42.24334],[27.5514,42.2431],[27.54984,42.24352],[27.54554,42.24627],[27.54272,42.24611],[27.54054,42.24696],[27.5386,42.24693],[27.53783,42.24408],[27.53791,42.24285],[27.53869,42.24235],[27.53873,42.24168],[27.53476,42.2393],[27.53467,42.23766],[27.53411,42.23683],[27.53438,42.23621],[27.53364,42.23663],[27.53287,42.23891],[27.53022,42.24166],[27.52975,42.2429],[27.5283,42.24338],[27.52863,42.24511],[27.52744,42.24558],[27.52707,42.24384],[27.52516,42.24383],[27.52273,42.24471],[27.52095,42.24365],[27.52056,42.24256],[27.51946,42.24171],[27.52028,42.24313],[27.52037,42.24501],[27.52115,42.24686],[27.51841,42.24707],[27.51534,42.25261],[27.51397,42.252],[27.51356,42.25119],[27.51165,42.25055],[27.51019,42.25251],[27.50567,42.25258],[27.50423,42.25186],[27.50266,42.2498],[27.50146,42.24946],[27.50091,42.24834],[27.50191,42.2459],[27.50218,42.24366],[27.49969,42.24173],[27.49815,42.24173],[27.4983,42.24073],[27.4997,42.23855],[27.49992,42.23701],[27.50062,42.23641],[27.49945,42.2354],[27.50204,42.23409],[27.50139,42.23488],[27.5017,42.23492],[27.50321,42.23316],[27.50358,42.23297],[27.50451,42.23362],[27.50445,42.23313],[27.50521,42.23289],[27.5053,42.23358],[27.50631,42.2339],[27.50877,42.23348],[27.50881,42.23288],[27.51081,42.23339],[27.5101,42.23227],[27.51066,42.23186],[27.51071,42.23105],[27.5091,42.23029],[27.50832,42.22919],[27.50906,42.22601],[27.50679,42.22458],[27.50575,42.22245],[27.50307,42.22077],[27.50284,42.21921],[27.50465,42.21605],[27.50712,42.21465],[27.50852,42.21306],[27.5097,42.21269],[27.51167,42.21049],[27.50773,42.20617],[27.5061,42.20566],[27.50448,42.20431],[27.50464,42.20315],[27.50257,42.19977],[27.50208,42.19788],[27.50236,42.19678],[27.50412,42.19508],[27.50452,42.19308],[27.50393,42.19208],[27.50167,42.19058],[27.50239,42.18965],[27.50272,42.18794],[27.50064,42.18266],[27.50249,42.18317],[27.50469,42.18047],[27.50845,42.17914],[27.51045,42.17991],[27.5145,42.18037],[27.51526,42.17885],[27.52038,42.17828],[27.52131,42.17609],[27.52262,42.17655],[27.52468,42.1759],[27.52688,42.17748],[27.53038,42.17554],[27.53218,42.17058],[27.53418,42.17008],[27.53419,42.1693],[27.5331,42.16753],[27.53455,42.16615],[27.53473,42.16374],[27.53584,42.16319],[27.53659,42.16131],[27.53839,42.15996],[27.54259,42.15946],[27.54363,42.15589],[27.54483,42.15429],[27.54588,42.15407],[27.54649,42.15293],[27.54894,42.15223],[27.55152,42.15237],[27.55251,42.15159],[27.55338,42.15162],[27.55672,42.15291],[27.55824,42.15488],[27.55984,42.15356],[27.56205,42.15295],[27.56435,42.15113],[27.56623,42.15048],[27.56568,42.15319],[27.56581,42.15666],[27.56992,42.15771],[27.57133,42.15922],[27.57403,42.15972],[27.57273,42.16247],[27.57333,42.16297],[27.57467,42.16271],[27.57505,42.16421],[27.57248,42.16581],[27.5746,42.16922],[27.57238,42.17163],[27.57255,42.17342],[27.57572,42.17522],[27.57655,42.17686],[27.57713,42.17683],[27.57822,42.17568],[27.57978,42.17535],[27.58126,42.17629],[27.58193,42.17572],[27.58445,42.17636],[27.58416,42.17683],[27.58709,42.17877],[27.58793,42.1803],[27.59057,42.18234],[27.5918,42.18582],[27.59081,42.18743],[27.59287,42.18765],[27.59454,42.18685],[27.59617,42.1888],[27.59839,42.18885],[27.59947,42.18994],[27.59962,42.18868],[27.60051,42.18754],[27.60276,42.18658],[27.60667,42.18633],[27.61196,42.18768],[27.6145,42.18768],[27.61818,42.18596],[27.61853,42.18398],[27.61708,42.18283],[27.61946,42.17853],[27.62455,42.17532],[27.6227,42.17108],[27.62389,42.16932],[27.62293,42.16699],[27.62347,42.16483],[27.62471,42.16435],[27.62562,42.165],[27.62672,42.16471],[27.62765,42.16563],[27.62911,42.16418],[27.63051,42.16382],[27.63475,42.1664],[27.63535,42.16696],[27.63525,42.16837],[27.63611,42.16874],[27.64097,42.16845],[27.6414,42.1678],[27.64121,42.16632],[27.64342,42.16412],[27.64866,42.16539],[27.65335,42.16713],[27.6633,42.16849],[27.66382,42.16759],[27.66628,42.16599],[27.66652,42.16429],[27.66832,42.15993],[27.67121,42.15493],[27.67504,42.15086],[27.67675,42.15054],[27.67731,42.14957],[27.67818,42.14931],[27.677,42.14885],[27.6757,42.14952],[27.67594,42.14997],[27.67485,42.14959],[27.67465,42.14911],[27.67621,42.14849],[27.67544,42.14698],[27.67728,42.14696],[27.67827,42.14767],[27.68133,42.14853],[27.6855,42.15146],[27.68979,42.15243],[27.68997,42.15421],[27.69116,42.15507],[27.69412,42.15427],[27.69614,42.15458],[27.70037,42.15729],[27.70623,42.15439],[27.70556,42.15201],[27.70674,42.14993],[27.70885,42.14778],[27.71359,42.15111],[27.71612,42.14894],[27.71764,42.14833],[27.72356,42.14992],[27.72601,42.15211],[27.7273,42.15419],[27.72903,42.15414],[27.73012,42.15495],[27.73189,42.1551],[27.73243,42.15699],[27.73367,42.15799],[27.73557,42.15689],[27.7364,42.15546],[27.74101,42.15505],[27.74074,42.15412],[27.74131,42.15399],[27.74061,42.15295],[27.74131,42.15268],[27.74219,42.15306],[27.74219,42.15248],[27.74325,42.15296],[27.74308,42.15377],[27.74381,42.1534],[27.74555,42.15394],[27.74514,42.1547],[27.74589,42.15516],[27.74575,42.15547],[27.74666,42.15547],[27.74622,42.15565],[27.74648,42.156],[27.7499,42.15614],[27.75373,42.15296],[27.75496,42.151],[27.7562,42.15005],[27.75713,42.15006],[27.75692,42.14957],[27.75829,42.1488],[27.75687,42.14671],[27.7593,42.14231],[27.75934,42.14045],[27.75844,42.13916],[27.75908,42.13918],[27.75965,42.13778],[27.76303,42.1369],[27.75882,42.13323],[27.75873,42.13222],[27.75915,42.13193],[27.76402,42.13037],[27.76425,42.12945],[27.76512,42.12932],[27.76525,42.12986],[27.76626,42.13018],[27.76825,42.12892],[27.76978,42.12858],[27.77082,42.12909],[27.77141,42.1306],[27.77515,42.13094],[27.77479,42.13152],[27.77668,42.13139],[27.7794,42.12995],[27.77999,42.12837],[27.78086,42.12822],[27.78063,42.12763],[27.78215,42.1276],[27.78213,42.12696],[27.7829,42.12724],[27.78298,42.12676],[27.78208,42.12641],[27.78235,42.12501],[27.78709,42.12263],[27.7877,42.12169],[27.78594,42.1224],[27.78663,42.12184],[27.78548,42.12093],[27.78861,42.12033],[27.78832,42.11956],[27.78718,42.1203],[27.78727,42.11966],[27.79052,42.11881],[27.7931,42.11971],[27.79545,42.11916],[27.79473,42.11878],[27.79478,42.11832],[27.79578,42.11833],[27.7962,42.11764],[27.79714,42.11823],[27.7976,42.11724],[27.79822,42.11748],[27.79913,42.11628],[27.79971,42.1143],[27.80174,42.1143],[27.80271,42.11374],[27.80297,42.11292],[27.80852,42.11123],[27.80996,42.1109],[27.81025,42.11121],[27.81079,42.11074],[27.81452,42.11078],[27.81624,42.10986],[27.82022,42.11046],[27.82127,42.11108],[27.82503,42.10947],[27.82873,42.11024],[27.8301,42.11005],[27.83149,42.1103],[27.83326,42.11325],[27.83589,42.11274],[27.83638,42.11387],[27.83594,42.11571],[27.83638,42.11712],[27.83938,42.1198],[27.83965,42.12086],[27.84305,42.12367],[27.84412,42.12605],[27.84524,42.12948],[27.84426,42.13643],[27.84602,42.13604],[27.84818,42.13635],[27.84865,42.13597],[27.84835,42.13487],[27.84871,42.13495],[27.84993,42.13632],[27.84926,42.13755],[27.85058,42.13758],[27.84993,42.13859],[27.85131,42.13897],[27.85121,42.13823],[27.85211,42.13781],[27.85234,42.13904],[27.85192,42.13941],[27.85258,42.13974],[27.85294,42.13943],[27.85241,42.14096],[27.85298,42.14249],[27.85215,42.14227],[27.85258,42.14209],[27.85212,42.1412],[27.85156,42.14049],[27.85103,42.14054],[27.8507,42.14118],[27.85182,42.14253],[27.85089,42.14289],[27.85026,42.14246],[27.85036,42.14297],[27.84931,42.14299],[27.84917,42.14367],[27.84997,42.14558],[27.84929,42.14619],[27.84948,42.14659],[27.85294,42.14807],[27.85162,42.15062],[27.85183,42.15098],[27.85218,42.15044],[27.85258,42.1508],[27.85235,42.15258],[27.85378,42.15305],[27.8529,42.15444],[27.8483,42.15269],[27.84644,42.15137],[27.8457,42.15016],[27.84295,42.14853],[27.84317,42.14883],[27.8409,42.14656],[27.83849,42.14531],[27.83847,42.14598],[27.83994,42.14822],[27.84298,42.15063],[27.83983,42.15123],[27.83541,42.14996],[27.83454,42.14938],[27.83772,42.15047],[27.83897,42.15023],[27.83946,42.14978],[27.83914,42.14939],[27.84011,42.14955],[27.83954,42.14874],[27.83762,42.14897],[27.83739,42.14844],[27.838,42.14804],[27.83719,42.14775],[27.8367,42.14627],[27.83576,42.14585],[27.83738,42.14433],[27.83515,42.1449],[27.83467,42.14414],[27.83388,42.14391],[27.83276,42.14413],[27.83369,42.14425],[27.83363,42.14465],[27.83043,42.14466],[27.82968,42.14434],[27.8295,42.14327],[27.82847,42.14367],[27.8287,42.14412],[27.82787,42.14513],[27.82628,42.14484],[27.82613,42.14385],[27.82717,42.1421],[27.82831,42.14087],[27.82908,42.14075],[27.82569,42.13962],[27.82302,42.13971],[27.82114,42.13819],[27.82133,42.13739],[27.81964,42.13631],[27.81782,42.13718],[27.81524,42.13938],[27.81404,42.13688],[27.81186,42.13619],[27.81097,42.13638],[27.81129,42.13809],[27.80976,42.13871],[27.80984,42.13917],[27.80748,42.14155],[27.80712,42.1406],[27.81059,42.13738],[27.81016,42.13681],[27.80785,42.13735],[27.80736,42.13679],[27.80525,42.13686],[27.80554,42.13632],[27.80523,42.13618],[27.80469,42.13635],[27.80473,42.1368],[27.80013,42.13749],[27.79961,42.1378],[27.79947,42.13876],[27.79921,42.13849],[27.79807,42.13975],[27.79639,42.13929],[27.79426,42.13955],[27.79322,42.14167],[27.79101,42.14293],[27.78986,42.14293],[27.78987,42.14343],[27.79108,42.14343],[27.79065,42.14434],[27.78897,42.14469],[27.78769,42.14402],[27.78772,42.14468],[27.7852,42.14538],[27.78619,42.14517],[27.7852,42.14608],[27.78669,42.14556],[27.78786,42.14623],[27.79226,42.14717],[27.79294,42.14778],[27.79221,42.14742],[27.79205,42.14811],[27.7915,42.14761],[27.79118,42.14882],[27.7894,42.14741],[27.79031,42.1487],[27.78853,42.1486],[27.78768,42.14961],[27.78577,42.15033],[27.78566,42.15083],[27.7859,42.15111],[27.78636,42.15057],[27.79141,42.14951],[27.79143,42.1499],[27.7925,42.14891],[27.79367,42.14879],[27.79356,42.14839],[27.79521,42.14829],[27.79538,42.14885],[27.79732,42.14785],[27.79879,42.14798],[27.79998,42.14737],[27.79887,42.14859],[27.79883,42.15002],[27.79697,42.15046],[27.79716,42.15112],[27.7987,42.15191],[27.79684,42.15336],[27.79547,42.15645],[27.7956,42.15825],[27.79631,42.15896],[27.79817,42.15946],[27.79623,42.15932],[27.79621,42.16018],[27.79411,42.15916],[27.7906,42.15967],[27.7901,42.15906],[27.78946,42.15909],[27.78923,42.15853],[27.78974,42.15831],[27.78918,42.15809],[27.78742,42.15814],[27.7878,42.15854],[27.78646,42.15776],[27.78592,42.15858],[27.7855,42.15802],[27.78401,42.15846],[27.78308,42.15771],[27.77862,42.1578],[27.78248,42.16335],[27.7827,42.16472],[27.78572,42.16619],[27.78526,42.16743],[27.78586,42.16973],[27.78526,42.17211],[27.78427,42.17373],[27.78422,42.17465],[27.78246,42.17584],[27.78093,42.17836],[27.77773,42.17906],[27.77756,42.17863],[27.77695,42.17875],[27.77726,42.17983],[27.77627,42.17999],[27.77557,42.17888],[27.77384,42.17988],[27.77374,42.18042],[27.77239,42.17926],[27.77177,42.18119],[27.7725,42.18132],[27.77323,42.18237],[27.77246,42.18216],[27.77214,42.18434],[27.76965,42.1839],[27.7681,42.18457],[27.76795,42.1841],[27.76676,42.18382],[27.75578,42.18625],[27.75544,42.18524],[27.74973,42.17896],[27.7472,42.17918],[27.74374,42.18026],[27.74065,42.17756],[27.73974,42.17742],[27.74004,42.17901],[27.74367,42.18097],[27.7476,42.17918],[27.75014,42.1794],[27.7517,42.18413],[27.75398,42.18529],[27.75493,42.18653],[27.75501,42.18821],[27.75429,42.18904],[27.75285,42.18869],[27.7519,42.18934],[27.74856,42.19196],[27.74797,42.19351],[27.74751,42.19347],[27.74702,42.19253],[27.74357,42.19138],[27.7433,42.18946],[27.74331,42.1905],[27.74199,42.18988],[27.74141,42.19007],[27.74087,42.19045],[27.74113,42.19109],[27.73864,42.19139],[27.73869,42.19206],[27.73315,42.18886],[27.73044,42.18851],[27.72874,42.18712],[27.7267,42.1842],[27.7247,42.1827],[27.72483,42.18299],[27.72414,42.18288],[27.72397,42.18386],[27.72642,42.18622],[27.71652,42.1939],[27.71623,42.19499],[27.71692,42.19658],[27.71526,42.19664],[27.71445,42.19731],[27.71368,42.1998],[27.71252,42.20135],[27.69234,42.20138],[27.69149,42.20094],[27.68692,42.20176],[27.68521,42.19814],[27.68563,42.19672],[27.68516,42.19669],[27.68076,42.19804],[27.68019,42.19949],[27.67789,42.19874],[27.67716,42.20022],[27.67728,42.20188],[27.67614,42.20188],[27.67588,42.20148],[27.67473,42.20179],[27.67491,42.20066],[27.67405,42.19826],[27.67153,42.19764],[27.66987,42.19602],[27.66764,42.19587],[27.66473,42.19734],[27.66322,42.19943],[27.66195,42.19913],[27.66216,42.20096],[27.66158,42.20428],[27.66062,42.20568],[27.6588,42.20693],[27.65693,42.20642],[27.65666,42.20734],[27.65569,42.20789],[27.65044,42.20773],[27.64794,42.20814],[27.64971,42.21061],[27.65149,42.21173],[27.64902,42.21344],[27.65092,42.21532],[27.64978,42.21873],[27.64723,42.21646],[27.64531,42.2164],[27.64314,42.21443],[27.64144,42.21405],[27.64068,42.21199],[27.63969,42.21136],[27.63818,42.21213],[27.63733,42.21323],[27.63517,42.21386],[27.63247,42.21603],[27.6321,42.21665],[27.63325,42.21692],[27.6333,42.2184],[27.6323,42.22128],[27.63068,42.22082],[27.62918,42.21951],[27.62331,42.21802],[27.61828,42.21476],[27.61616,42.21638],[27.61361,42.21628],[27.60986,42.21694],[27.60922,42.21813],[27.60911,42.22005],[27.61052,42.22123],[27.61061,42.22299],[27.61744,42.22965],[27.61669,42.23073],[27.61558,42.23133],[27.61563,42.23233],[27.62172,42.23563],[27.62263,42.2383],[27.62446,42.2405],[27.62184,42.24122],[27.62202,42.24289],[27.62165,42.24398],[27.62214,42.24506],[27.62172,42.24624],[27.61898,42.24791],[27.61924,42.24881],[27.61567,42.24969],[27.61493,42.25201],[27.61263,42.24858],[27.61311,42.24362],[27.61269,42.24242],[27.61126,42.24199],[27.6104,42.24252],[27.60911,42.24221],[27.60677,42.24254],[27.60172,42.2406],[27.60001,42.24184],[27.60385,42.25028],[27.6036,42.2532],[27.60503,42.25371],[27.60545,42.25507],[27.604,42.25459],[27.59971,42.25471]]]},"properties":{"SiteCode":"BG0000208","SiteNameBG":"Босна","SiteType":"SCI","SiteArea":16225.8881898,"naturaClass":"habitats"}},{"type":"Feature","geometry":{"type":"MultiPolygon","coordinates":[[[[25.41391,42.0199],[25.41163,42.02153],[25.41156,42.02454],[25.40838,42.0265],[25.3989,42.02937],[25.39457,42.0233],[25.3951,42.01997],[25.39742,42.017],[25.39843,42.01233],[25.39663,42.01037],[25.39605,42.01064],[25.39355,42.00932],[25.38708,42.01051],[25.38613,42.00968],[25.38471,42.01007],[25.38532,42.01044],[25.38303,42.01125],[25.38432,42.01031],[25.38431,42.00934],[25.37831,42.01105],[25.37026,42.0106],[25.36885,42.00208],[25.36036,42.00103],[25.35839,42.00036],[25.35781,41.99917],[25.35708,41.99905],[25.35689,41.99966],[25.35741,41.99973],[25.35617,42.00051],[25.35574,42.00188],[25.36044,42.00547],[25.35774,42.00539],[25.35599,42.00726],[25.35655,42.00809],[25.35489,42.00813],[25.35292,42.00745],[25.34898,42.00403],[25.34837,42.00225],[25.35074,42.00206],[25.35324,41.99981],[25.34829,41.99578],[25.34606,41.99459],[25.34692,41.99151],[25.34864,41.99033],[25.35125,41.98634],[25.35088,41.98633],[25.35084,41.98519],[25.35019,41.98416],[25.34911,41.98384],[25.34936,41.98234],[25.34778,41.98095],[25.35007,41.98105],[25.35017,41.9795],[25.35153,41.97781],[25.35091,41.97779],[25.35121,41.97728],[25.35081,41.97467],[25.34838,41.97249],[25.34913,41.9721],[25.34819,41.96986],[25.34706,41.96883],[25.34727,41.96769],[25.34788,41.96746],[25.34821,41.96615],[25.34884,41.96603],[25.34829,41.96632],[25.34844,41.96706],[25.35036,41.96775],[25.35055,41.96704],[25.35168,41.96691],[25.35171,41.96592],[25.35264,41.9646],[25.35447,41.96295],[25.35893,41.96039],[25.36041,41.95803],[25.36047,41.95603],[25.3664,41.95143],[25.37079,41.95049],[25.37294,41.94944],[25.37323,41.94919],[25.3724,41.94864],[25.37336,41.94732],[25.36961,41.94664],[25.3697,41.94747],[25.36879,41.94719],[25.3678,41.94802],[25.36655,41.94741],[25.36653,41.94698],[25.36505,41.94664],[25.36539,41.94592],[25.36268,41.94585],[25.36316,41.94531],[25.36072,41.94462],[25.35855,41.9453],[25.35885,41.94503],[25.3563,41.94448],[25.35636,41.94405],[25.3548,41.94401],[25.35552,41.9435],[25.35562,41.94278],[25.35218,41.94199],[25.34889,41.94206],[25.3465,41.94377],[25.34722,41.94577],[25.34805,41.94572],[25.34933,41.94679],[25.35216,41.94783],[25.35015,41.95478],[25.34841,41.95582],[25.34711,41.95561],[25.34548,41.95868],[25.34583,41.95995],[25.34459,41.96105],[25.34314,41.96136],[25.33968,41.96408],[25.34098,41.96554],[25.33988,41.96594],[25.34004,41.96742],[25.34136,41.96811],[25.33855,41.96945],[25.33859,41.97032],[25.33771,41.9711],[25.32853,41.97341],[25.32182,41.97606],[25.31735,41.97656],[25.31542,41.97744],[25.31159,41.97561],[25.3154,41.97266],[25.31223,41.97223],[25.31372,41.9698],[25.30947,41.96852],[25.30748,41.96876],[25.30482,41.9706],[25.30178,41.97133],[25.29981,41.97255],[25.30273,41.97631],[25.29831,41.97797],[25.30154,41.97774],[25.30229,41.9784],[25.29901,41.98077],[25.2985,41.98214],[25.29908,41.98224],[25.29858,41.98491],[25.29748,41.98742],[25.29649,41.98808],[25.29851,41.98993],[25.29951,41.9903],[25.30014,41.9899],[25.30113,41.98717],[25.3023,41.98605],[25.30385,41.98646],[25.30501,41.98765],[25.30574,41.9871],[25.30997,41.98733],[25.31209,41.98585],[25.31196,41.98481],[25.3107,41.98485],[25.30913,41.98395],[25.30255,41.98505],[25.30137,41.9845],[25.30206,41.984],[25.30912,41.98244],[25.31136,41.98153],[25.31582,41.9813],[25.31717,41.97994],[25.31835,41.97948],[25.32518,41.98212],[25.32705,41.98532],[25.32991,41.9881],[25.33057,41.99042],[25.32959,41.99289],[25.3297,41.99686],[25.3293,41.99705],[25.33059,41.99965],[25.33082,42.00133],[25.32924,42.00536],[25.33281,42.00674],[25.33323,42.00857],[25.33025,42.01085],[25.32969,42.0124],[25.32716,42.01193],[25.3269,42.01366],[25.32586,42.01283],[25.32512,42.01106],[25.32402,42.01028],[25.32403,42.00814],[25.3253,42.00599],[25.32508,42.00503],[25.32175,42.00799],[25.32043,42.006],[25.31964,42.00341],[25.31715,42.00003],[25.31246,41.99985],[25.31524,42.00145],[25.31668,42.00288],[25.31703,42.00771],[25.31969,42.00857],[25.32003,42.00909],[25.31944,42.01205],[25.31251,42.01029],[25.30896,42.01142],[25.30779,42.01042],[25.30718,42.00891],[25.30493,42.0087],[25.30243,42.00931],[25.30181,42.00776],[25.302,42.00685],[25.30295,42.00636],[25.30453,42.00658],[25.30435,42.0059],[25.3025,42.0043],[25.30023,42.00402],[25.2988,42.00448],[25.29513,42.00246],[25.29212,41.99997],[25.29254,41.99767],[25.2907,41.99908],[25.29129,42.00085],[25.29022,42.002],[25.29028,42.0025],[25.29194,42.0025],[25.29351,42.00314],[25.29626,42.00625],[25.29805,42.00625],[25.30064,42.00922],[25.30022,42.01043],[25.29928,42.01081],[25.29786,42.00976],[25.29405,42.00938],[25.29411,42.0098],[25.29349,42.00993],[25.29213,42.00975],[25.2917,42.01107],[25.28379,42.01096],[25.28405,42.01132],[25.28209,42.01361],[25.28186,42.01257],[25.27929,42.01276],[25.27645,42.01412],[25.2762,42.01511],[25.26718,42.01501],[25.26635,42.01411],[25.26755,42.01362],[25.27212,42.01371],[25.27256,42.01303],[25.2717,42.01194],[25.2676,42.01216],[25.26699,42.01174],[25.26689,42.01084],[25.2674,42.01039],[25.27754,42.0103],[25.27913,42.00991],[25.27672,42.00709],[25.27684,42.00498],[25.27489,42.00493],[25.27177,42.00634],[25.26739,42.00718],[25.26689,42.00688],[25.26756,42.0061],[25.27159,42.00447],[25.2728,42.00318],[25.26829,42.00164],[25.26749,42.00086],[25.26751,42.00014],[25.26393,41.99856],[25.25545,41.99779],[25.25197,41.9989],[25.24802,41.9983],[25.24635,41.99741],[25.24663,41.9968],[25.25281,41.99701],[25.25322,41.99576],[25.24879,41.99489],[25.24585,41.99566],[25.24239,41.99466],[25.24192,41.994],[25.24235,41.99284],[25.23875,41.99166],[25.23829,41.98974],[25.23317,41.98873],[25.22883,41.99006],[25.22839,41.98889],[25.22647,41.98897],[25.22615,41.98758],[25.22225,41.98798],[25.22275,41.98671],[25.2221,41.9861],[25.22001,41.98644],[25.21617,41.98541],[25.2131,41.98736],[25.21155,41.98722],[25.21023,41.98767],[25.21057,41.98882],[25.21192,41.99031],[25.21275,41.99325],[25.21229,41.99354],[25.20813,41.99307],[25.20499,41.99179],[25.20455,41.99301],[25.19669,41.9901],[25.19624,41.99034],[25.19345,41.98963],[25.19039,41.9901],[25.18557,41.98978],[25.18356,41.99051],[25.18276,41.99097],[25.18255,41.99169],[25.18029,41.99263],[25.17686,41.99098],[25.17342,41.99043],[25.17124,41.99128],[25.17091,41.98664],[25.17282,41.98611],[25.17364,41.98604],[25.17704,41.98809],[25.17955,41.9882],[25.18067,41.98898],[25.18331,41.98851],[25.18454,41.98756],[25.18649,41.98751],[25.18636,41.98617],[25.18208,41.98485],[25.18389,41.98286],[25.18343,41.98253],[25.18,41.98121],[25.17951,41.98122],[25.17938,41.98199],[25.17883,41.98199],[25.17521,41.97947],[25.17342,41.98022],[25.17319,41.97996],[25.17392,41.97839],[25.17385,41.97662],[25.17608,41.97708],[25.17849,41.97865],[25.17972,41.97717],[25.17858,41.97559],[25.17919,41.97444],[25.17925,41.97275],[25.17925,41.97202],[25.17857,41.97166],[25.1793,41.96897],[25.17876,41.9676],[25.17692,41.9668],[25.17611,41.96727],[25.17538,41.96913],[25.17559,41.97197],[25.17263,41.97336],[25.17253,41.97406],[25.16877,41.97647],[25.16813,41.97814],[25.16843,41.97869],[25.16596,41.97891],[25.16559,41.98086],[25.1564,41.97662],[25.15535,41.973],[25.15347,41.97247],[25.15195,41.9703],[25.15065,41.97128],[25.14821,41.97013],[25.14727,41.96772],[25.1459,41.96626],[25.14232,41.96551],[25.14157,41.9634],[25.13792,41.96337],[25.13586,41.9627],[25.13561,41.96211],[25.13665,41.96158],[25.13876,41.95928],[25.13827,41.9582],[25.13869,41.95703],[25.13944,41.95692],[25.14053,41.95279],[25.14182,41.95168],[25.14287,41.94981],[25.13707,41.9495],[25.1365,41.94893],[25.14059,41.94778],[25.14099,41.94697],[25.14003,41.94543],[25.13964,41.94321],[25.13734,41.94031],[25.13764,41.93984],[25.1388,41.93982],[25.14293,41.9452],[25.14421,41.9459],[25.14395,41.94362],[25.14278,41.94102],[25.14163,41.93929],[25.14076,41.93924],[25.13909,41.93684],[25.13937,41.93647],[25.14088,41.93694],[25.14129,41.93663],[25.14243,41.93429],[25.1412,41.93347],[25.14169,41.93103],[25.14255,41.93096],[25.14396,41.92917],[25.14376,41.92779],[25.14608,41.92771],[25.14671,41.92469],[25.14798,41.92273],[25.14935,41.92187],[25.14948,41.92015],[25.15158,41.9194],[25.15286,41.91732],[25.15231,41.91661],[25.14974,41.91694],[25.14781,41.9179],[25.14666,41.91908],[25.14552,41.91875],[25.14591,41.91538],[25.14684,41.91383],[25.14644,41.91218],[25.14734,41.91019],[25.14643,41.90858],[25.14758,41.90657],[25.14787,41.90487],[25.14713,41.9044],[25.14602,41.90531],[25.14481,41.90532],[25.14467,41.90451],[25.1434,41.90457],[25.14235,41.90385],[25.14099,41.90442],[25.14078,41.90632],[25.13893,41.90592],[25.13881,41.9067],[25.13665,41.90691],[25.13674,41.90532],[25.13593,41.90451],[25.13698,41.90374],[25.13693,41.90334],[25.13369,41.90273],[25.13011,41.90133],[25.13082,41.90087],[25.13459,41.90081],[25.13513,41.89966],[25.13338,41.89784],[25.13501,41.89694],[25.13706,41.89737],[25.13722,41.89694],[25.13642,41.89629],[25.13663,41.89531],[25.141,41.89434],[25.14169,41.89213],[25.14425,41.89106],[25.14467,41.88965],[25.14701,41.88823],[25.14848,41.88582],[25.15098,41.88434],[25.15186,41.8824],[25.15224,41.87812],[25.1511,41.87711],[25.15216,41.87463],[25.15158,41.87426],[25.14875,41.87434],[25.14645,41.87184],[25.147,41.86704],[25.15155,41.86388],[25.15264,41.85898],[25.15368,41.85715],[25.15461,41.85758],[25.15462,41.85702],[25.15128,41.85571],[25.14915,41.8543],[25.14846,41.85314],[25.14792,41.84693],[25.14464,41.84656],[25.1439,41.84575],[25.14024,41.84861],[25.13691,41.84888],[25.13214,41.8506],[25.12515,41.84946],[25.1213,41.84974],[25.12061,41.84868],[25.11715,41.84825],[25.11642,41.84763],[25.11274,41.84142],[25.11091,41.84167],[25.10956,41.84009],[25.10747,41.83976],[25.10263,41.84108],[25.10219,41.84033],[25.10077,41.84031],[25.10015,41.8397],[25.10025,41.83915],[25.09966,41.83899],[25.09782,41.84142],[25.09855,41.84198],[25.09791,41.84244],[25.09564,41.84238],[25.09534,41.8419],[25.09428,41.84218],[25.09435,41.84271],[25.09245,41.84283],[25.09217,41.84346],[25.09064,41.84423],[25.08816,41.84361],[25.08682,41.84375],[25.08574,41.8448],[25.0784,41.84797],[25.07839,41.84912],[25.07951,41.85112],[25.07864,41.85274],[25.07911,41.85721],[25.07787,41.85891],[25.07616,41.85852],[25.07514,41.85904],[25.07123,41.85786],[25.06946,41.8588],[25.06885,41.85976],[25.06896,41.86079],[25.06795,41.86161],[25.06118,41.86251],[25.05551,41.86259],[25.05368,41.86392],[25.0524,41.86397],[25.0572,41.86673],[25.05957,41.87402],[25.0708,41.88775],[25.06432,41.88813],[25.06229,41.89099],[25.06211,41.89678],[25.05613,41.8968],[25.05552,41.8973],[25.05621,41.89824],[25.05325,41.89916],[25.04898,41.90267],[25.0429,41.90236],[25.04289,41.90323],[25.04116,41.90541],[25.03975,41.90622],[25.03966,41.90827],[25.03578,41.90789],[25.0336,41.90717],[25.0262,41.90668],[25.02668,41.90633],[25.02414,41.90595],[25.02373,41.90653],[25.02254,41.90678],[25.02265,41.90618],[25.02354,41.90588],[25.02327,41.90504],[25.024,41.90465],[25.02342,41.9043],[25.02346,41.90363],[25.02281,41.90363],[25.02299,41.90436],[25.02055,41.90483],[25.01999,41.90478],[25.01953,41.90389],[25.02656,41.90302],[25.02586,41.9028],[25.02657,41.90255],[25.02664,41.90019],[25.02415,41.8992],[25.02131,41.89915],[25.02001,41.90031],[25.01811,41.90028],[25.0172,41.89908],[25.01404,41.89902],[25.01289,41.8999],[25.01157,41.89835],[25.00519,41.89534],[24.99606,41.8976],[24.99069,41.90379],[24.99728,41.90617],[24.99799,41.90729],[24.99813,41.91272],[24.99873,41.91372],[24.9933,41.92366],[24.99255,41.92704],[24.98605,41.92789],[24.97957,41.93095],[24.97426,41.92812],[24.97222,41.92289],[24.97009,41.92002],[24.96346,41.9199],[24.9607,41.91726],[24.95972,41.91842],[24.96122,41.9208],[24.95845,41.9184],[24.95743,41.92074],[24.95551,41.92141],[24.9567,41.92379],[24.96226,41.9279],[24.96731,41.92823],[24.97593,41.93267],[24.97213,41.93513],[24.97058,41.93466],[24.96687,41.932],[24.96212,41.93215],[24.96266,41.93523],[24.96277,41.9416],[24.96315,41.94224],[24.96225,41.94294],[24.95878,41.94365],[24.95818,41.94428],[24.95573,41.94428],[24.95233,41.95043],[24.95416,41.95296],[24.93792,41.97443],[24.92085,41.98447],[24.91617,41.9842],[24.90473,41.98588],[24.89405,41.99323],[24.88824,41.99667],[24.88246,41.99891],[24.88083,41.99563],[24.88096,41.99166],[24.87846,41.99138],[24.87618,41.99001],[24.8755,41.9903],[24.87445,41.99494],[24.87179,41.99467],[24.87178,41.98598],[24.87115,41.98569],[24.86634,41.98622],[24.8649,41.98573],[24.86459,41.98467],[24.86365,41.98415],[24.86203,41.98467],[24.86145,41.98534],[24.86005,41.98473],[24.8552,41.98514],[24.85346,41.9846],[24.85276,41.98482],[24.85237,41.98589],[24.851,41.98697],[24.84914,41.98615],[24.84697,41.98678],[24.84631,41.98753],[24.84497,41.98761],[24.84448,41.98834],[24.84247,41.98818],[24.84129,41.98966],[24.84028,41.99011],[24.83936,41.98997],[24.83714,41.98809],[24.8357,41.98607],[24.83524,41.98435],[24.83023,41.98335],[24.82844,41.98412],[24.82655,41.98352],[24.82614,41.98428],[24.82481,41.98486],[24.82357,41.98371],[24.82122,41.98399],[24.81969,41.98448],[24.81921,41.98571],[24.81758,41.98632],[24.8167,41.98608],[24.816,41.98703],[24.80607,41.98737],[24.80278,41.98694],[24.80154,41.98589],[24.79939,41.98511],[24.79688,41.98542],[24.79469,41.98497],[24.79351,41.98343],[24.79258,41.98303],[24.79283,41.98256],[24.79227,41.98124],[24.79279,41.98083],[24.79233,41.97987],[24.79118,41.97836],[24.79007,41.97808],[24.78736,41.97831],[24.78623,41.97945],[24.78372,41.97865],[24.78254,41.97953],[24.78085,41.97948],[24.78011,41.98025],[24.7791,41.97857],[24.77781,41.97876],[24.77423,41.97784],[24.77331,41.9803],[24.77182,41.97912],[24.77021,41.97885],[24.76665,41.98068],[24.76621,41.97919],[24.76773,41.97725],[24.76721,41.97563],[24.7665,41.97557],[24.76503,41.97595],[24.76443,41.97679],[24.76154,41.97679],[24.76081,41.97957],[24.75554,41.98189],[24.75084,41.98663],[24.73724,41.98636],[24.73471,41.98438],[24.72957,41.98331],[24.72449,41.98031],[24.71424,41.95883],[24.70979,41.95632],[24.70267,41.95618],[24.6956,41.95458],[24.68949,41.94431],[24.68388,41.93839],[24.67882,41.9349],[24.67959,41.93153],[24.68736,41.93169],[24.68918,41.93511],[24.6967,41.94203],[24.70482,41.95042],[24.70998,41.951],[24.724,41.95757],[24.73117,41.97464],[24.73306,41.97613],[24.74014,41.97772],[24.74332,41.97923],[24.74786,41.97932],[24.74924,41.97693],[24.7512,41.97648],[24.75121,41.976],[24.75536,41.97348],[24.75458,41.97282],[24.75625,41.97259],[24.75473,41.97142],[24.75429,41.97014],[24.75547,41.97089],[24.7576,41.97035],[24.75671,41.968],[24.7567,41.96536],[24.76118,41.96384],[24.76149,41.96506],[24.76279,41.96536],[24.76471,41.96318],[24.76722,41.96297],[24.76744,41.96259],[24.77045,41.962],[24.77608,41.96395],[24.77793,41.9674],[24.78077,41.96754],[24.78194,41.96825],[24.78453,41.96749],[24.78921,41.96862],[24.7906,41.97013],[24.79193,41.96952],[24.79652,41.97079],[24.79684,41.97027],[24.79521,41.96837],[24.79561,41.96729],[24.79488,41.96598],[24.79526,41.96198],[24.79466,41.95997],[24.7954,41.95781],[24.79339,41.95329],[24.79719,41.95008],[24.79931,41.94897],[24.80195,41.94637],[24.7955,41.94308],[24.79354,41.94262],[24.79247,41.94072],[24.79466,41.93826],[24.79331,41.93623],[24.79408,41.93542],[24.79664,41.92886],[24.7974,41.92794],[24.79768,41.92523],[24.80161,41.92226],[24.80006,41.92138],[24.8027,41.921],[24.80484,41.91913],[24.80722,41.91897],[24.80781,41.91836],[24.80581,41.91768],[24.80502,41.91426],[24.79619,41.91523],[24.78112,41.91267],[24.77424,41.90982],[24.77326,41.90646],[24.76993,41.90402],[24.76356,41.90389],[24.76557,41.90648],[24.76187,41.90822],[24.75793,41.90814],[24.75347,41.90556],[24.74926,41.90458],[24.7457,41.90224],[24.73388,41.90224],[24.7213,41.89791],[24.71683,41.89578],[24.7021,41.89232],[24.69321,41.88648],[24.69306,41.8824],[24.69152,41.88029],[24.68708,41.88091],[24.67515,41.87878],[24.6806,41.87653],[24.68319,41.87493],[24.68792,41.87503],[24.69563,41.87141],[24.70155,41.87365],[24.70538,41.87255],[24.7117,41.87244],[24.71323,41.87388],[24.71858,41.87446],[24.71839,41.87068],[24.71502,41.86778],[24.71221,41.86702],[24.70205,41.86847],[24.69534,41.87069],[24.69478,41.86879],[24.70532,41.86546],[24.71199,41.86418],[24.71146,41.86157],[24.71559,41.86071],[24.71757,41.86157],[24.71531,41.85969],[24.71341,41.85116],[24.71119,41.85135],[24.70571,41.85454],[24.70306,41.85803],[24.70019,41.85868],[24.69577,41.85883],[24.69508,41.86047],[24.69223,41.86065],[24.69101,41.85944],[24.68797,41.85608],[24.68808,41.85325],[24.69005,41.85092],[24.69391,41.84911],[24.69656,41.84563],[24.69668,41.84209],[24.69926,41.84072],[24.70434,41.8413],[24.70465,41.84012],[24.71018,41.83528],[24.71524,41.83514],[24.72357,41.83153],[24.7262,41.82875],[24.73562,41.82115],[24.73776,41.81411],[24.7342,41.80767],[24.7346,41.80508],[24.73595,41.80274],[24.74889,41.80253],[24.7579,41.80504],[24.75853,41.80417],[24.7588,41.79644],[24.75954,41.79355],[24.76751,41.78742],[24.76823,41.7855],[24.76834,41.78211],[24.76404,41.77574],[24.76808,41.77099],[24.77004,41.77054],[24.77202,41.76913],[24.77144,41.76718],[24.76896,41.76423],[24.76521,41.76077],[24.76142,41.75828],[24.76227,41.75249],[24.76498,41.74868],[24.76537,41.73756],[24.76431,41.73077],[24.7613,41.72443],[24.76155,41.71718],[24.76826,41.71005],[24.7705,41.70129],[24.77825,41.70096],[24.79391,41.69594],[24.79704,41.6989],[24.80334,41.70338],[24.80706,41.7078],[24.81546,41.70748],[24.81748,41.7051],[24.8201,41.7037],[24.82601,41.70091],[24.8319,41.69951],[24.8299,41.69692],[24.83048,41.69636],[24.83017,41.69521],[24.82914,41.69511],[24.82781,41.69418],[24.82778,41.6917],[24.83318,41.68881],[24.83566,41.68808],[24.83529,41.68759],[24.83565,41.68714],[24.83879,41.68552],[24.84154,41.68308],[24.84228,41.68291],[24.84331,41.68362],[24.84508,41.68388],[24.84567,41.68377],[24.84579,41.68223],[24.8469,41.68288],[24.8473,41.68123],[24.84705,41.67889],[24.84879,41.67286],[24.84726,41.67326],[24.84712,41.67076],[24.85124,41.66664],[24.85424,41.6651],[24.85632,41.66301],[24.8573,41.66369],[24.86069,41.66076],[24.86323,41.65963],[24.86464,41.65742],[24.86563,41.65672],[24.86863,41.65649],[24.86985,41.65688],[24.87015,41.65747],[24.87206,41.65734],[24.87612,41.6545],[24.87878,41.65541],[24.88109,41.65506],[24.8859,41.65354],[24.88897,41.65166],[24.89027,41.65196],[24.89286,41.65166],[24.89372,41.65124],[24.89436,41.64988],[24.89745,41.65254],[24.89893,41.65522],[24.90021,41.6553],[24.90343,41.65671],[24.9117,41.65807],[24.91355,41.65881],[24.91561,41.65887],[24.91756,41.65816],[24.91851,41.65718],[24.91963,41.6574],[24.93892,41.65422],[24.93967,41.65457],[24.95043,41.65373],[24.95807,41.65467],[24.9652,41.65698],[24.97256,41.657],[24.98378,41.66111],[24.99095,41.66733],[24.99164,41.66886],[24.99478,41.66777],[24.99707,41.66837],[24.99759,41.66907],[25.00046,41.66929],[25.00188,41.66764],[25.00451,41.66676],[25.00708,41.6682],[25.00839,41.666],[25.00919,41.66548],[25.01092,41.66629],[25.01116,41.66542],[25.01202,41.66573],[25.01282,41.66684],[25.01481,41.66601],[25.01822,41.66705],[25.01902,41.6682],[25.01668,41.66891],[25.01697,41.66993],[25.01834,41.67026],[25.01982,41.66957],[25.02022,41.66988],[25.01983,41.67162],[25.02215,41.67194],[25.02193,41.67348],[25.02422,41.67406],[25.0257,41.67526],[25.02693,41.6748],[25.02784,41.67507],[25.02963,41.67636],[25.03008,41.67748],[25.02912,41.67817],[25.02929,41.67845],[25.03157,41.67871],[25.03199,41.68018],[25.03457,41.68197],[25.03429,41.68293],[25.03593,41.68324],[25.03857,41.68281],[25.03864,41.68375],[25.04362,41.68454],[25.04383,41.68595],[25.04604,41.68717],[25.04966,41.68644],[25.04966,41.68597],[25.04809,41.68568],[25.04841,41.68559],[25.04807,41.68435],[25.05275,41.68341],[25.05304,41.68273],[25.05549,41.68151],[25.05664,41.68002],[25.05854,41.68057],[25.05921,41.67973],[25.06072,41.68041],[25.05894,41.68249],[25.06038,41.68192],[25.06223,41.68222],[25.0648,41.6807],[25.06674,41.68141],[25.06907,41.68151],[25.06981,41.68217],[25.07317,41.68299],[25.07448,41.6823],[25.07402,41.68137],[25.07439,41.68014],[25.09849,41.67974],[25.10298,41.6782],[25.10526,41.67893],[25.10912,41.67819],[25.11426,41.67528],[25.12084,41.67597],[25.12661,41.6754],[25.12223,41.66847],[25.12401,41.66304],[25.11881,41.64721],[25.11418,41.63986],[25.11837,41.63448],[25.10797,41.63128],[25.09441,41.6256],[25.08327,41.61996],[25.06887,41.61548],[25.03959,41.5962],[25.04144,41.58836],[25.04224,41.56172],[25.05357,41.5607],[25.06313,41.5645],[25.05942,41.58079],[25.06639,41.5906],[25.10373,41.61061],[25.11813,41.61509],[25.13087,41.62135],[25.13715,41.62751],[25.13678,41.64023],[25.14205,41.65364],[25.14739,41.66463],[25.14717,41.67242],[25.14866,41.67305],[25.15035,41.67514],[25.15112,41.67691],[25.15249,41.67736],[25.15474,41.67704],[25.15519,41.67782],[25.15534,41.67886],[25.1545,41.68066],[25.15417,41.68294],[25.15624,41.68564],[25.15657,41.68685],[25.1561,41.68728],[25.15294,41.68694],[25.15223,41.68788],[25.15268,41.68841],[25.15948,41.68801],[25.16308,41.68619],[25.16688,41.68597],[25.16867,41.68293],[25.17066,41.6811],[25.17141,41.68102],[25.17295,41.6819],[25.17531,41.68166],[25.17862,41.68342],[25.18085,41.68392],[25.18646,41.68256],[25.18659,41.68183],[25.18784,41.68236],[25.19139,41.68076],[25.19577,41.68028],[25.20011,41.67882],[25.20192,41.67755],[25.20324,41.67786],[25.20503,41.67719],[25.21152,41.67808],[25.21371,41.67797],[25.21915,41.67613],[25.22238,41.6759],[25.22467,41.67636],[25.23027,41.67555],[25.22948,41.67472],[25.23172,41.67501],[25.23087,41.67418],[25.23289,41.67347],[25.23581,41.66806],[25.23733,41.66674],[25.23857,41.66809],[25.2427,41.66895],[25.24395,41.66974],[25.24557,41.67277],[25.24494,41.67557],[25.24315,41.67935],[25.24224,41.68512],[25.23608,41.68523],[25.23555,41.68579],[25.23503,41.68872],[25.23369,41.69013],[25.23366,41.69151],[25.23502,41.69286],[25.23489,41.69376],[25.23337,41.69457],[25.23213,41.69645],[25.23163,41.6986],[25.23162,41.69951],[25.23354,41.70143],[25.23403,41.70268],[25.23049,41.70424],[25.22838,41.70651],[25.22865,41.71065],[25.22607,41.71331],[25.22823,41.71343],[25.23099,41.71505],[25.23622,41.71618],[25.24503,41.71447],[25.24751,41.71346],[25.25699,41.71308],[25.2615,41.71499],[25.2614,41.71872],[25.26669,41.71748],[25.27473,41.71839],[25.28232,41.72324],[25.28858,41.72517],[25.28664,41.73223],[25.28723,41.73645],[25.2897,41.73569],[25.29388,41.73681],[25.29874,41.73898],[25.30123,41.73744],[25.30651,41.73699],[25.31065,41.73968],[25.31625,41.74003],[25.31863,41.74295],[25.31361,41.74708],[25.3098,41.74519],[25.30063,41.74716],[25.29326,41.74731],[25.29148,41.74807],[25.28517,41.74798],[25.28333,41.7511],[25.27159,41.75697],[25.27473,41.7578],[25.28243,41.75845],[25.2813,41.76132],[25.27566,41.76228],[25.26964,41.7643],[25.27202,41.76722],[25.27692,41.76782],[25.27401,41.77172],[25.27156,41.77116],[25.26838,41.77216],[25.2661,41.77005],[25.25748,41.77278],[25.25499,41.77406],[25.25148,41.77401],[25.25072,41.7761],[25.24868,41.7737],[25.24841,41.77081],[25.24208,41.77123],[25.23818,41.77275],[25.23814,41.77433],[25.25546,41.78247],[25.26286,41.78153],[25.26747,41.77977],[25.27098,41.77982],[25.27479,41.78171],[25.27573,41.78593],[25.28518,41.78686],[25.28293,41.79235],[25.28778,41.79505],[25.28944,41.79849],[25.2894,41.7998],[25.28796,41.80135],[25.28514,41.80158],[25.28442,41.80235],[25.2781,41.80252],[25.27602,41.80144],[25.27456,41.80352],[25.27385,41.80377],[25.27124,41.80951],[25.27117,41.81188],[25.26723,41.81471],[25.26374,41.81387],[25.26557,41.81127],[25.26158,41.81289],[25.2611,41.81531],[25.2672,41.82059],[25.26871,41.82309],[25.27471,41.82617],[25.27569,41.82641],[25.277,41.82569],[25.28068,41.82613],[25.28669,41.83223],[25.28759,41.83198],[25.28757,41.83299],[25.28891,41.83336],[25.2916,41.83275],[25.29352,41.83644],[25.2949,41.83743],[25.2947,41.83821],[25.29115,41.84073],[25.29152,41.84123],[25.29633,41.84198],[25.29741,41.84317],[25.30119,41.84227],[25.30472,41.84233],[25.30578,41.84121],[25.31052,41.84263],[25.31486,41.84264],[25.31653,41.84094],[25.31677,41.8413],[25.3188,41.84082],[25.32078,41.83963],[25.32892,41.83966],[25.33095,41.84063],[25.33204,41.8421],[25.33072,41.84317],[25.32943,41.85528],[25.33204,41.86666],[25.33552,41.86669],[25.33826,41.86346],[25.33966,41.86383],[25.33961,41.8657],[25.34492,41.86566],[25.34713,41.8651],[25.34732,41.86359],[25.34688,41.86242],[25.34423,41.86238],[25.34225,41.86036],[25.34372,41.85781],[25.352,41.85782],[25.35281,41.85678],[25.3564,41.85671],[25.35783,41.85603],[25.3588,41.85476],[25.35989,41.85489],[25.36032,41.8563],[25.36385,41.8588],[25.36414,41.85986],[25.36069,41.86016],[25.3591,41.86131],[25.35876,41.86235],[25.36098,41.86706],[25.36235,41.86859],[25.36247,41.86988],[25.36198,41.87104],[25.36008,41.87195],[25.35958,41.87299],[25.36002,41.87417],[25.35766,41.87483],[25.35518,41.8741],[25.35421,41.87525],[25.35683,41.87681],[25.35931,41.87743],[25.36368,41.87761],[25.36601,41.87822],[25.37009,41.8777],[25.37183,41.87702],[25.37554,41.87836],[25.37441,41.87998],[25.36919,41.88247],[25.36897,41.88492],[25.36674,41.88629],[25.3647,41.88661],[25.36543,41.88254],[25.36404,41.88193],[25.36134,41.88376],[25.35536,41.88543],[25.35967,41.88794],[25.35949,41.88888],[25.35655,41.88755],[25.35526,41.88905],[25.35757,41.89048],[25.35824,41.89333],[25.35923,41.8932],[25.36412,41.889],[25.36448,41.88894],[25.36289,41.89033],[25.36335,41.89033],[25.36297,41.89073],[25.36325,41.89089],[25.36281,41.89066],[25.36213,41.8916],[25.36365,41.89056],[25.3641,41.89091],[25.36487,41.89037],[25.36555,41.89105],[25.36597,41.89046],[25.36781,41.89181],[25.37034,41.89266],[25.37379,41.89094],[25.37366,41.88995],[25.37261,41.88863],[25.37445,41.88956],[25.37634,41.88941],[25.3778,41.88869],[25.37792,41.88763],[25.37905,41.88684],[25.38451,41.8857],[25.39038,41.88332],[25.3968,41.88483],[25.40001,41.88461],[25.4011,41.88399],[25.39973,41.88251],[25.41239,41.8869],[25.4147,41.88824],[25.41413,41.88834],[25.41729,41.89234],[25.41883,41.89225],[25.4196,41.89283],[25.41975,41.89378],[25.41925,41.89399],[25.42014,41.89477],[25.42053,41.89452],[25.42215,41.89611],[25.42333,41.89564],[25.42389,41.8966],[25.41553,41.90117],[25.42243,41.90396],[25.43043,41.90504],[25.43753,41.90696],[25.43981,41.90676],[25.44289,41.90743],[25.44287,41.90801],[25.44386,41.90791],[25.44403,41.90866],[25.44324,41.90877],[25.44294,41.90938],[25.43938,41.90893],[25.439,41.91105],[25.44193,41.91128],[25.44227,41.91071],[25.44205,41.91174],[25.44579,41.91181],[25.44611,41.91222],[25.44501,41.91308],[25.44623,41.91253],[25.44703,41.9151],[25.43982,41.91677],[25.43963,41.92164],[25.42881,41.9197],[25.42933,41.91917],[25.42564,41.91888],[25.42111,41.91688],[25.42581,41.91535],[25.42272,41.9139],[25.42402,41.91367],[25.42233,41.91312],[25.42324,41.91233],[25.42287,41.91188],[25.41851,41.91011],[25.41655,41.90844],[25.41529,41.90804],[25.41497,41.90737],[25.41416,41.90742],[25.41358,41.90806],[25.40969,41.90687],[25.4055,41.90708],[25.40444,41.9062],[25.40223,41.90618],[25.40225,41.90861],[25.39723,41.9096],[25.39755,41.91083],[25.39829,41.91152],[25.40006,41.92019],[25.4006,41.92064],[25.39949,41.91925],[25.39816,41.91981],[25.393,41.9181],[25.38733,41.91695],[25.38419,41.91719],[25.38247,41.91682],[25.37855,41.91521],[25.37851,41.91396],[25.37638,41.91315],[25.37711,41.91207],[25.3653,41.9102],[25.36497,41.90957],[25.36295,41.90905],[25.36238,41.90993],[25.36337,41.91041],[25.36209,41.91065],[25.3621,41.91195],[25.36991,41.91291],[25.37071,41.91395],[25.37038,41.91463],[25.37159,41.91827],[25.37011,41.91878],[25.36452,41.9186],[25.36104,41.92023],[25.36017,41.92124],[25.36163,41.92226],[25.36113,41.92307],[25.36193,41.9235],[25.36447,41.92365],[25.36623,41.92303],[25.36696,41.92364],[25.36281,41.92371],[25.36175,41.92441],[25.36172,41.92492],[25.36315,41.92568],[25.36239,41.92615],[25.36191,41.92564],[25.36102,41.92643],[25.36402,41.9303],[25.36594,41.93157],[25.36918,41.93011],[25.36069,41.93459],[25.3608,41.93523],[25.36585,41.93686],[25.36785,41.93356],[25.36969,41.93295],[25.37147,41.93138],[25.37307,41.93105],[25.37325,41.9304],[25.3752,41.92989],[25.38076,41.92979],[25.38105,41.92799],[25.38298,41.92783],[25.38538,41.92877],[25.38779,41.92898],[25.38903,41.92792],[25.39023,41.92794],[25.39043,41.92992],[25.39159,41.93193],[25.39323,41.93375],[25.39514,41.93468],[25.39074,41.93661],[25.39002,41.93642],[25.39008,41.93407],[25.38818,41.93278],[25.38577,41.93358],[25.38598,41.93445],[25.38471,41.93566],[25.38193,41.94001],[25.38686,41.94315],[25.38873,41.94339],[25.39006,41.94235],[25.38847,41.94445],[25.38869,41.94565],[25.39111,41.94607],[25.39178,41.94506],[25.39068,41.94466],[25.39184,41.94438],[25.39311,41.94534],[25.39286,41.94579],[25.39447,41.94625],[25.39432,41.94705],[25.39625,41.94714],[25.39646,41.94766],[25.39759,41.94778],[25.39722,41.94786],[25.39727,41.94871],[25.40473,41.94828],[25.40591,41.94792],[25.40568,41.94692],[25.40498,41.94698],[25.40936,41.94536],[25.40887,41.94306],[25.40964,41.93777],[25.40688,41.93658],[25.40431,41.93664],[25.40406,41.93505],[25.40672,41.93268],[25.40919,41.9319],[25.40944,41.93037],[25.41096,41.93029],[25.41119,41.93233],[25.41028,41.93329],[25.40862,41.93371],[25.4093,41.934],[25.40974,41.93592],[25.4134,41.93531],[25.41747,41.93714],[25.41823,41.93699],[25.42139,41.93917],[25.42179,41.94032],[25.42266,41.94108],[25.42406,41.94082],[25.42467,41.93947],[25.42467,41.94094],[25.42566,41.94139],[25.42521,41.94196],[25.427,41.94269],[25.43089,41.94278],[25.43512,41.94172],[25.43618,41.94233],[25.43733,41.94173],[25.44421,41.94183],[25.44485,41.94139],[25.44667,41.94142],[25.45243,41.94352],[25.45225,41.94398],[25.4534,41.94443],[25.45796,41.93658],[25.46137,41.93607],[25.46175,41.93632],[25.46145,41.93722],[25.46418,41.93715],[25.46374,41.93796],[25.4609,41.93916],[25.46158,41.9397],[25.46144,41.9413],[25.46195,41.94153],[25.4648,41.94094],[25.46739,41.93949],[25.47414,41.93997],[25.47112,41.94185],[25.47252,41.94436],[25.47344,41.94233],[25.47473,41.9422],[25.47464,41.94178],[25.4763,41.94132],[25.47863,41.93933],[25.47896,41.93938],[25.47852,41.94049],[25.47952,41.94058],[25.48181,41.94026],[25.48328,41.93901],[25.48272,41.94076],[25.48032,41.9416],[25.47836,41.94349],[25.48069,41.94341],[25.48107,41.94391],[25.4836,41.94431],[25.4825,41.94501],[25.48119,41.94512],[25.48116,41.9462],[25.48469,41.94473],[25.48565,41.94793],[25.48552,41.94861],[25.48425,41.94976],[25.48589,41.9502],[25.48706,41.94972],[25.48802,41.95107],[25.49037,41.94955],[25.49191,41.95034],[25.49331,41.95214],[25.49425,41.95171],[25.49529,41.95243],[25.4964,41.9524],[25.49652,41.95279],[25.49496,41.95425],[25.49737,41.95371],[25.49945,41.95543],[25.49926,41.95591],[25.49716,41.95608],[25.49666,41.95726],[25.49416,41.95791],[25.49448,41.95845],[25.4942,41.95952],[25.49469,41.95986],[25.49679,41.95942],[25.49708,41.95984],[25.49682,41.95928],[25.49894,41.95893],[25.4988,41.95947],[25.50013,41.95908],[25.50416,41.95959],[25.50589,41.95739],[25.51182,41.95643],[25.51298,41.95591],[25.51401,41.95434],[25.52088,41.95546],[25.52219,41.95461],[25.52298,41.953],[25.52375,41.95245],[25.52888,41.95221],[25.53354,41.95089],[25.53746,41.94853],[25.54372,41.94109],[25.5446,41.94131],[25.54381,41.94284],[25.54221,41.94434],[25.54186,41.94567],[25.54054,41.94746],[25.54082,41.9476],[25.5401,41.94951],[25.54198,41.9489],[25.54146,41.94941],[25.54213,41.95017],[25.54143,41.95187],[25.53981,41.95258],[25.53966,41.95413],[25.53923,41.95466],[25.53865,41.9545],[25.53765,41.95748],[25.53847,41.95864],[25.53846,41.96026],[25.54024,41.96141],[25.54357,41.9618],[25.54491,41.96283],[25.54551,41.96471],[25.54195,41.96442],[25.5406,41.96546],[25.54085,41.96604],[25.54027,41.96582],[25.54057,41.96513],[25.53927,41.96472],[25.53772,41.96506],[25.53735,41.96453],[25.53532,41.96451],[25.53764,41.96322],[25.53079,41.96076],[25.53036,41.96193],[25.52814,41.96334],[25.52633,41.96806],[25.52805,41.96894],[25.52689,41.96984],[25.52739,41.97197],[25.52619,41.97231],[25.52607,41.97199],[25.52706,41.97189],[25.52679,41.96983],[25.52557,41.97061],[25.52562,41.97103],[25.52459,41.97134],[25.52628,41.97488],[25.52448,41.9752],[25.52186,41.97372],[25.51917,41.97656],[25.51463,41.97962],[25.51422,41.97943],[25.51409,41.98015],[25.51344,41.97969],[25.51309,41.97996],[25.5137,41.98039],[25.51044,41.98233],[25.50777,41.98333],[25.50729,41.98252],[25.5026,41.98389],[25.50185,41.98402],[25.50149,41.98357],[25.50027,41.98429],[25.5012,41.98435],[25.49824,41.98529],[25.49734,41.98622],[25.49576,41.98409],[25.49547,41.98451],[25.4926,41.98156],[25.49137,41.98158],[25.4895,41.98008],[25.48649,41.98002],[25.48527,41.97702],[25.48167,41.97444],[25.48049,41.9756],[25.47878,41.9759],[25.47921,41.97437],[25.47698,41.97379],[25.47622,41.97434],[25.47385,41.9743],[25.47511,41.97403],[25.46886,41.96963],[25.46539,41.97051],[25.46735,41.96848],[25.46515,41.96688],[25.46263,41.96663],[25.45991,41.9672],[25.4578,41.96546],[25.45617,41.96522],[25.45308,41.96635],[25.45225,41.96726],[25.45282,41.96785],[25.45001,41.96757],[25.44956,41.96592],[25.45767,41.96458],[25.4628,41.96587],[25.46317,41.96382],[25.45596,41.96235],[25.45516,41.96268],[25.45161,41.9613],[25.44757,41.96191],[25.44179,41.96482],[25.44182,41.96522],[25.43987,41.96516],[25.43897,41.96419],[25.43843,41.96504],[25.43721,41.96553],[25.43761,41.96646],[25.43688,41.96676],[25.43255,41.9671],[25.43228,41.9675],[25.43281,41.96805],[25.43225,41.96856],[25.43282,41.96981],[25.43472,41.9688],[25.43336,41.97058],[25.43368,41.971],[25.43472,41.97062],[25.43599,41.97237],[25.43579,41.97373],[25.43792,41.97496],[25.43982,41.97491],[25.43703,41.97482],[25.43829,41.97582],[25.43985,41.97582],[25.43809,41.97586],[25.43655,41.97476],[25.43511,41.97445],[25.43221,41.97745],[25.43009,41.98063],[25.4322,41.98179],[25.4337,41.98126],[25.4357,41.98198],[25.43957,41.98223],[25.43953,41.98285],[25.44385,41.9829],[25.44474,41.98574],[25.44606,41.9853],[25.44524,41.98622],[25.4459,41.98656],[25.4461,41.98793],[25.44757,41.98771],[25.44596,41.9884],[25.4492,41.98888],[25.4495,41.98618],[25.45018,41.98606],[25.44946,41.989],[25.45215,41.98972],[25.45363,41.98894],[25.45517,41.98585],[25.45514,41.98487],[25.45596,41.985],[25.45472,41.98833],[25.4542,41.98845],[25.45426,41.98911],[25.45483,41.98793],[25.45513,41.98888],[25.45611,41.98962],[25.45594,41.99033],[25.46085,41.99245],[25.46041,41.99259],[25.45796,41.99117],[25.45732,41.99184],[25.45944,41.99311],[25.45589,41.99158],[25.45432,41.99239],[25.45302,41.99156],[25.45178,41.99314],[25.44959,41.99398],[25.44618,41.99429],[25.44199,41.99543],[25.43968,41.99454],[25.43948,41.99294],[25.42925,41.99488],[25.42827,41.99569],[25.42604,41.99583],[25.42298,41.99653],[25.42297,41.99685],[25.42233,41.99685],[25.42263,41.9952],[25.42085,41.99521],[25.42082,41.99285],[25.41581,41.99274],[25.41433,41.99415],[25.41142,41.99564],[25.41049,41.99568],[25.40891,41.994],[25.40211,41.99607],[25.40025,41.99784],[25.40247,42.00263],[25.40134,42.0026],[25.40125,42.00295],[25.40761,42.00344],[25.40799,42.00612],[25.41337,42.00586],[25.42015,42.00328],[25.42379,42.001],[25.42644,42.00237],[25.42814,42.00607],[25.42852,42.00874],[25.4271,42.01173],[25.4284,42.01375],[25.42744,42.01607],[25.4176,42.01594],[25.41391,42.0199]],[[25.3991,42.00205],[25.3988,42.00255],[25.40041,42.00282],[25.40145,42.00148],[25.3991,42.00205]]],[[[25.00024,41.62013],[25.00243,41.62073],[25.00604,41.62515],[25.00726,41.62791],[25.00651,41.63105],[25.00256,41.63428],[24.99069,41.63629],[24.98624,41.63621],[24.98431,41.63396],[24.98392,41.63047],[24.98384,41.62829],[24.98546,41.62584],[24.99012,41.62404],[24.9948,41.62004],[25.00024,41.62013]]]]},"properties":{"SiteCode":"BG0001031","SiteNameBG":"Родопи - Средни","SiteType":"SCI","SiteArea":155139.18451699999,"naturaClass":"habitats"}},{"type":"Feature","geometry":{"type":"MultiPolygon","coordinates":[[[[24.23692,42.0363],[24.23882,42.03857],[24.23376,42.0403],[24.2371,42.04372],[24.23218,42.04249],[24.22826,42.04091],[24.22834,42.03906],[24.22302,42.03559],[24.21577,42.0421],[24.21438,42.03984],[24.21005,42.03639],[24.20585,42.02998],[24.20452,42.02624],[24.20465,42.02328],[24.20181,42.01987],[24.20207,42.01394],[24.2052,42.01068],[24.2098,42.00782],[24.2132,42.00976],[24.22016,42.00993],[24.22476,42.00707],[24.22694,42.00267],[24.22984,42.0046],[24.23491,42.00249],[24.23508,41.99842],[24.24164,41.99635],[24.24026,41.99372],[24.24185,41.99153],[24.24736,41.99055],[24.25199,41.98695],[24.25069,41.98247],[24.24583,41.97975],[24.24803,41.97498],[24.25306,41.97362],[24.2478,41.96867],[24.25783,41.96669],[24.26105,41.9612],[24.26183,41.95454],[24.26425,41.95608],[24.29031,41.95113],[24.29493,41.94753],[24.29709,41.9435],[24.2988,41.93835],[24.29447,41.93491],[24.29083,41.92703],[24.28191,41.92645],[24.27006,41.92469],[24.26027,41.92148],[24.25044,41.91902],[24.23713,41.91648],[24.2331,41.91786],[24.23267,41.91637],[24.23385,41.91195],[24.23352,41.90949],[24.23248,41.90962],[24.23036,41.90488],[24.22874,41.904],[24.22857,41.90777],[24.22669,41.9079],[24.22702,41.91106],[24.22013,41.90774],[24.22042,41.90652],[24.21713,41.90118],[24.21491,41.90358],[24.2111,41.90507],[24.21084,41.90559],[24.20942,41.91116],[24.21036,41.91662],[24.20752,41.91725],[24.20215,41.92202],[24.20121,41.922],[24.19515,41.92641],[24.19627,41.92749],[24.19616,41.93011],[24.19496,41.93061],[24.19363,41.92882],[24.19196,41.92966],[24.19103,41.92929],[24.19319,41.92829],[24.19046,41.92629],[24.19098,41.92525],[24.18653,41.92497],[24.1846,41.92615],[24.18137,41.92484],[24.18291,41.92734],[24.18287,41.92821],[24.18201,41.93169],[24.1799,41.93164],[24.17955,41.93426],[24.17535,41.93381],[24.17537,41.93328],[24.17281,41.93269],[24.17196,41.936],[24.17057,41.93562],[24.17205,41.92882],[24.16997,41.93333],[24.16934,41.93699],[24.16716,41.93308],[24.16387,41.93335],[24.16277,41.93683],[24.15607,41.93456],[24.15244,41.9371],[24.15646,41.94158],[24.1538,41.94326],[24.14521,41.9413],[24.14282,41.94229],[24.14122,41.94646],[24.14128,41.95049],[24.13622,41.94808],[24.13999,41.95308],[24.14296,41.95491],[24.14788,41.95503],[24.14782,41.95643],[24.14941,41.9577],[24.14815,41.9596],[24.14697,41.95957],[24.144,41.95791],[24.14204,41.95962],[24.13615,41.96017],[24.13555,41.96314],[24.1299,41.96335],[24.13066,41.96739],[24.12873,41.96857],[24.12764,41.97188],[24.12572,41.9727],[24.12025,41.97432],[24.11796,41.97303],[24.11319,41.97467],[24.10967,41.97458],[24.10232,41.97614],[24.09776,41.97831],[24.09731,41.97795],[24.09811,41.97586],[24.09416,41.97489],[24.0947,41.97332],[24.1022,41.96843],[24.09407,41.97173],[24.092,41.9708],[24.0895,41.97407],[24.08745,41.97261],[24.07862,41.97572],[24.07418,41.97526],[24.07246,41.97188],[24.06866,41.96758],[24.06751,41.96702],[24.06423,41.96694],[24.06646,41.96963],[24.06394,41.96816],[24.06249,41.969],[24.06312,41.97059],[24.05921,41.96891],[24.05582,41.97111],[24.05434,41.97264],[24.05147,41.9738],[24.05166,41.97468],[24.05627,41.97655],[24.04997,41.98077],[24.04746,41.9793],[24.04633,41.98348],[24.04434,41.9808],[24.04625,41.98015],[24.04276,41.97936],[24.04287,41.97691],[24.03601,41.97305],[24.03271,41.97331],[24.03161,41.97171],[24.02872,41.97321],[24.02154,41.96602],[24.02162,41.96427],[24.0187,41.96139],[24.01043,41.96257],[24.00817,41.96552],[24.00615,41.96687],[24.00538,41.96638],[24.00241,41.96703],[24.00102,41.96813],[24.00124,41.96926],[23.99977,41.97015],[23.99831,41.96912],[23.99682,41.97047],[23.9963,41.97013],[23.99123,41.97404],[23.99673,41.9781],[23.99764,41.97965],[23.99516,41.97939],[23.9931,41.97774],[23.99204,41.97937],[23.99072,41.97921],[23.99032,41.97813],[23.98912,41.97731],[23.98747,41.97819],[23.98788,41.979],[23.98597,41.97988],[23.98566,41.9808],[23.98604,41.98207],[23.98912,41.98288],[23.98882,41.98347],[23.98644,41.98314],[23.98566,41.98644],[23.98635,41.98679],[23.9876,41.9849],[23.98832,41.98472],[23.98753,41.98443],[23.98808,41.98412],[23.98876,41.9848],[23.9901,41.98483],[23.98898,41.9858],[23.99012,41.98616],[23.99174,41.98587],[23.99179,41.98481],[23.99278,41.98444],[23.9954,41.98371],[23.99753,41.98383],[24.00128,41.98546],[24.00234,41.98549],[24.00581,41.98737],[24.00648,41.98832],[24.00799,41.98849],[24.00835,41.99022],[24.01072,41.99095],[24.00652,41.99323],[24.00295,41.99148],[23.99776,41.9922],[23.99499,41.99625],[23.99421,41.9957],[23.99489,41.99459],[23.99385,41.99396],[23.98689,41.99617],[23.98458,41.9979],[23.98315,41.99992],[23.97972,41.99724],[23.97567,41.99627],[23.97543,41.99202],[23.97643,41.99151],[23.97524,41.99035],[23.97657,41.99045],[23.97713,41.99],[23.97491,41.98609],[23.97562,41.98611],[23.97601,41.98539],[23.97724,41.98569],[23.97723,41.98403],[23.97776,41.98404],[23.97781,41.98312],[23.97899,41.98255],[23.97644,41.98195],[23.97255,41.98324],[23.97113,41.98327],[23.96966,41.9843],[23.97007,41.98497],[23.96887,41.98587],[23.96581,41.98658],[23.96486,41.98603],[23.96481,41.98516],[23.96241,41.9851],[23.96138,41.98434],[23.96023,41.98425],[23.96003,41.98643],[23.95469,41.98642],[23.95194,41.98449],[23.9512,41.98328],[23.94484,41.9841],[23.94357,41.98281],[23.94339,41.98094],[23.94132,41.97956],[23.94139,41.97804],[23.9493,41.97838],[23.95307,41.97569],[23.95414,41.97559],[23.95628,41.97365],[23.95223,41.97275],[23.94982,41.97308],[23.94437,41.96975],[23.94219,41.96697],[23.94003,41.96572],[23.94059,41.96513],[23.93776,41.9628],[23.93869,41.96196],[23.93874,41.9611],[23.93631,41.95964],[23.93533,41.95617],[23.93403,41.95527],[23.93261,41.95523],[23.93079,41.95438],[23.92618,41.95406],[23.92473,41.95276],[23.92232,41.9529],[23.91984,41.94905],[23.91753,41.94719],[23.9173,41.9446],[23.91653,41.94378],[23.91692,41.94306],[23.91983,41.9436],[23.92236,41.94287],[23.92471,41.94572],[23.93182,41.94771],[23.93123,41.94882],[23.93469,41.94911],[23.93789,41.95099],[23.93934,41.95209],[23.93709,41.95283],[23.93897,41.95427],[23.94569,41.95332],[23.94459,41.95203],[23.94277,41.95105],[23.941,41.95101],[23.9413,41.95028],[23.94068,41.9502],[23.94207,41.94911],[23.93948,41.94931],[23.93775,41.94603],[23.93658,41.94485],[23.93723,41.94433],[23.93566,41.94183],[23.93406,41.94179],[23.92891,41.93892],[23.92832,41.93763],[23.92671,41.93677],[23.92626,41.93578],[23.92545,41.93602],[23.92509,41.93403],[23.9267,41.93382],[23.92801,41.93258],[23.92765,41.93175],[23.92671,41.93262],[23.92592,41.93245],[23.92667,41.93139],[23.92664,41.92889],[23.9251,41.92769],[23.92484,41.92678],[23.92581,41.92532],[23.92539,41.92471],[23.92389,41.92377],[23.92002,41.92505],[23.91787,41.92503],[23.91537,41.92821],[23.915,41.92969],[23.91341,41.92834],[23.91348,41.92793],[23.91443,41.92796],[23.91461,41.92643],[23.91308,41.92393],[23.91312,41.92314],[23.91443,41.92197],[23.91309,41.9215],[23.91181,41.92221],[23.90897,41.92203],[23.91067,41.92103],[23.91075,41.92043],[23.90957,41.92107],[23.90922,41.9199],[23.9081,41.92032],[23.90846,41.91802],[23.90935,41.91838],[23.91094,41.91745],[23.91002,41.91683],[23.90861,41.91712],[23.90827,41.91674],[23.90181,41.91601],[23.90314,41.91343],[23.90055,41.91519],[23.89342,41.9138],[23.89029,41.91439],[23.88957,41.91276],[23.88889,41.91338],[23.88871,41.91285],[23.88652,41.91283],[23.88599,41.9124],[23.88586,41.91289],[23.88669,41.91336],[23.88605,41.9142],[23.8855,41.91325],[23.88192,41.91278],[23.87967,41.90973],[23.88172,41.90654],[23.88417,41.90769],[23.88471,41.90673],[23.8851,41.90708],[23.88532,41.9066],[23.88608,41.90737],[23.88653,41.90629],[23.88594,41.90516],[23.88657,41.9045],[23.88585,41.90389],[23.88461,41.90367],[23.88455,41.90594],[23.88386,41.9057],[23.88373,41.90633],[23.88121,41.90581],[23.87936,41.90673],[23.87786,41.90673],[23.87739,41.90623],[23.87414,41.90723],[23.87301,41.90679],[23.87235,41.90703],[23.87041,41.90593],[23.8684,41.90603],[23.86797,41.90568],[23.86278,41.90748],[23.86184,41.90831],[23.86052,41.90844],[23.85885,41.90957],[23.85723,41.90897],[23.85616,41.9111],[23.85428,41.91194],[23.85319,41.91034],[23.85254,41.90764],[23.8513,41.90774],[23.84971,41.90644],[23.84822,41.90777],[23.84795,41.90709],[23.84723,41.90732],[23.84531,41.90665],[23.84361,41.90764],[23.84264,41.90767],[23.84228,41.90808],[23.84322,41.90875],[23.84182,41.91069],[23.84177,41.91385],[23.84131,41.91462],[23.83952,41.91466],[23.84086,41.91612],[23.83981,41.91675],[23.83828,41.91689],[23.83875,41.91778],[23.83811,41.91844],[23.83539,41.91799],[23.83389,41.91875],[23.83393,41.91951],[23.83319,41.92037],[23.82962,41.92287],[23.82665,41.92206],[23.8237,41.92236],[23.82239,41.92271],[23.8234,41.92406],[23.82283,41.92438],[23.81865,41.92472],[23.81911,41.92606],[23.82127,41.92774],[23.82071,41.92856],[23.82292,41.92791],[23.82469,41.9283],[23.82596,41.92898],[23.8292,41.93251],[23.83018,41.93301],[23.82611,41.93172],[23.82411,41.93262],[23.82092,41.933],[23.82003,41.93246],[23.81692,41.93213],[23.81494,41.93333],[23.81278,41.93265],[23.81476,41.93226],[23.81491,41.93163],[23.8142,41.93136],[23.8128,41.9322],[23.81207,41.92997],[23.81082,41.92945],[23.80939,41.92934],[23.80617,41.93041],[23.80381,41.93001],[23.80276,41.93045],[23.80336,41.92897],[23.80316,41.92945],[23.80215,41.92952],[23.80269,41.93025],[23.80127,41.93027],[23.80153,41.93083],[23.79986,41.93114],[23.79845,41.93052],[23.79877,41.92985],[23.7998,41.92963],[23.79862,41.92869],[23.79705,41.93039],[23.79517,41.93036],[23.79537,41.92961],[23.79332,41.92959],[23.78964,41.93044],[23.78922,41.92994],[23.78842,41.93014],[23.78612,41.93311],[23.78493,41.93315],[23.7837,41.93217],[23.78211,41.93197],[23.78239,41.93334],[23.78165,41.93377],[23.77591,41.93343],[23.77548,41.93336],[23.77569,41.93295],[23.77473,41.93284],[23.77462,41.93336],[23.77453,41.93252],[23.7734,41.9324],[23.77257,41.93173],[23.77212,41.93189],[23.77236,41.93259],[23.77182,41.93234],[23.77193,41.93289],[23.7712,41.93281],[23.77072,41.9336],[23.77102,41.93222],[23.7696,41.93132],[23.769,41.93173],[23.76911,41.93267],[23.76817,41.93269],[23.76822,41.93048],[23.76743,41.92976],[23.76796,41.92962],[23.76818,41.92868],[23.76652,41.92854],[23.76626,41.92637],[23.76774,41.92646],[23.76764,41.92691],[23.7683,41.92733],[23.76986,41.92679],[23.76996,41.92768],[23.77073,41.92693],[23.77137,41.92335],[23.76986,41.92194],[23.77034,41.9199],[23.7714,41.91891],[23.77059,41.91842],[23.77005,41.91717],[23.77037,41.91372],[23.77103,41.91345],[23.77044,41.91451],[23.77154,41.91528],[23.7736,41.91534],[23.77352,41.91622],[23.77491,41.9168],[23.77585,41.9162],[23.77594,41.91532],[23.77659,41.91481],[23.77601,41.91472],[23.77729,41.91383],[23.77519,41.91266],[23.77772,41.91324],[23.77755,41.91358],[23.77823,41.91415],[23.77945,41.91437],[23.77968,41.91383],[23.78061,41.91395],[23.7818,41.91301],[23.78187,41.91059],[23.78293,41.90967],[23.77939,41.90706],[23.77793,41.90673],[23.7794,41.9061],[23.77851,41.90531],[23.77994,41.90422],[23.78186,41.90392],[23.78232,41.90454],[23.78401,41.9044],[23.78341,41.90325],[23.78311,41.90356],[23.78274,41.90296],[23.78262,41.90369],[23.78189,41.90358],[23.78175,41.90241],[23.78107,41.90208],[23.78171,41.90099],[23.77797,41.90088],[23.77674,41.89937],[23.77755,41.89378],[23.77829,41.89276],[23.78096,41.89125],[23.78675,41.89107],[23.78558,41.89168],[23.78585,41.89214],[23.78875,41.89276],[23.78933,41.89372],[23.79171,41.89413],[23.79229,41.89483],[23.79145,41.89103],[23.79164,41.88194],[23.79047,41.88201],[23.78933,41.88431],[23.78874,41.884],[23.7878,41.88436],[23.78685,41.88347],[23.78538,41.88387],[23.78565,41.88318],[23.78646,41.88296],[23.78659,41.88085],[23.78809,41.88068],[23.78739,41.87963],[23.7925,41.87894],[23.79284,41.87636],[23.79417,41.87412],[23.79438,41.8718],[23.79494,41.87162],[23.7963,41.86362],[23.79968,41.85474],[23.80452,41.8518],[23.80393,41.85152],[23.80461,41.85106],[23.80432,41.85054],[23.80465,41.85],[23.80056,41.84954],[23.79957,41.84804],[23.79991,41.84764],[23.80274,41.84938],[23.80261,41.84851],[23.80429,41.84783],[23.80492,41.84901],[23.80675,41.84968],[23.80727,41.84853],[23.80608,41.84763],[23.80747,41.84808],[23.80791,41.84683],[23.80625,41.84567],[23.80798,41.84577],[23.80801,41.84524],[23.80661,41.84482],[23.8083,41.84406],[23.80856,41.84335],[23.80738,41.84301],[23.80783,41.84218],[23.80695,41.84172],[23.80505,41.84189],[23.80493,41.84248],[23.80603,41.84307],[23.80478,41.84285],[23.80429,41.8434],[23.80344,41.84337],[23.80295,41.84289],[23.80223,41.84325],[23.80262,41.84408],[23.80219,41.84456],[23.80308,41.84543],[23.80298,41.84639],[23.80238,41.84624],[23.80162,41.84715],[23.79939,41.84684],[23.79788,41.84732],[23.79671,41.84684],[23.79594,41.8475],[23.79543,41.84727],[23.79545,41.84658],[23.79243,41.84558],[23.79186,41.8466],[23.79137,41.84599],[23.79131,41.84685],[23.79039,41.84747],[23.79067,41.84793],[23.78934,41.84804],[23.78886,41.8478],[23.79011,41.84658],[23.79049,41.84528],[23.79182,41.84479],[23.79114,41.84412],[23.79124,41.84332],[23.79054,41.84267],[23.78947,41.84271],[23.78896,41.84141],[23.74762,41.84005],[23.74342,41.83598],[23.73561,41.83378],[23.73223,41.83105],[23.73246,41.82645],[23.7344,41.82288],[23.73602,41.817],[23.73629,41.81174],[23.73394,41.80607],[23.73425,41.79983],[23.73229,41.79516],[23.73314,41.79499],[23.73146,41.79415],[23.73165,41.79053],[23.73266,41.78793],[23.73931,41.77824],[23.75051,41.77428],[23.75284,41.77171],[23.74946,41.76898],[23.74914,41.76733],[23.74801,41.76558],[23.7481,41.76374],[23.7513,41.76304],[23.74972,41.75603],[23.74805,41.75427],[23.74618,41.75317],[23.74503,41.75169],[23.74739,41.75005],[23.7486,41.75034],[23.74866,41.74929],[23.75015,41.7475],[23.75026,41.7454],[23.75181,41.74597],[23.75173,41.74754],[23.75345,41.74825],[23.75503,41.74816],[23.75709,41.74572],[23.7585,41.74563],[23.75926,41.74434],[23.76141,41.74348],[23.76236,41.74206],[23.76307,41.74195],[23.76437,41.74054],[23.76446,41.7387],[23.76558,41.74097],[23.76665,41.7406],[23.76673,41.73903],[23.76833,41.73855],[23.7684,41.7371],[23.77082,41.73441],[23.7738,41.73436],[23.77338,41.73238],[23.77497,41.73216],[23.77598,41.73298],[23.77841,41.73357],[23.77955,41.73518],[23.78201,41.73512],[23.78242,41.73408],[23.78141,41.73326],[23.7837,41.73293],[23.78303,41.73239],[23.78308,41.73134],[23.78124,41.72957],[23.78118,41.72721],[23.78302,41.72555],[23.77961,41.72361],[23.78343,41.72438],[23.78417,41.72361],[23.78577,41.72313],[23.78587,41.72116],[23.78463,41.72139],[23.78525,41.71957],[23.78383,41.71624],[23.78391,41.7148],[23.78343,41.71386],[23.78453,41.71284],[23.78841,41.71242],[23.78944,41.71298],[23.79052,41.71235],[23.79098,41.71368],[23.79736,41.71596],[23.79829,41.7148],[23.79766,41.71334],[23.79772,41.71216],[23.80008,41.71065],[23.80394,41.71062],[23.80487,41.7096],[23.80718,41.70887],[23.80793,41.70797],[23.81187,41.70992],[23.8118,41.71492],[23.81378,41.71734],[23.81502,41.71711],[23.81577,41.71621],[23.81764,41.71376],[23.81771,41.71245],[23.81945,41.7129],[23.8195,41.71196],[23.81736,41.71023],[23.81743,41.70884],[23.81566,41.70713],[23.81242,41.7051],[23.81109,41.702],[23.81097,41.697],[23.8123,41.69259],[23.80997,41.68725],[23.81011,41.68448],[23.80818,41.67859],[23.80345,41.6768],[23.80397,41.67376],[23.80086,41.66923],[23.80279,41.66761],[23.8027,41.66206],[23.80033,41.65755],[23.79745,41.6558],[23.79762,41.65247],[23.79677,41.64717],[23.79729,41.64413],[23.79673,41.64051],[23.78835,41.63027],[23.7876,41.62303],[23.78942,41.61614],[23.79134,41.61481],[23.78896,41.61057],[23.79231,41.61011],[23.79668,41.61162],[23.8005,41.61673],[23.80638,41.61745],[23.80339,41.6182],[23.80842,41.62111],[23.81279,41.62262],[23.81709,41.62552],[23.8207,41.62729],[23.82722,41.63774],[23.82462,41.64545],[23.83039,41.64866],[23.83139,41.65091],[23.82983,41.65253],[23.82609,41.65326],[23.82561,41.65547],[23.82585,41.65826],[23.82501,41.66018],[23.82389,41.66792],[23.82563,41.67019],[23.82181,41.67258],[23.8192,41.67279],[23.81834,41.67527],[23.81859,41.67777],[23.81959,41.68002],[23.82349,41.68346],[23.82486,41.68572],[23.82252,41.68816],[23.82101,41.68867],[23.82069,41.69533],[23.81986,41.69697],[23.81974,41.69947],[23.82039,41.70143],[23.82213,41.7037],[23.82673,41.70799],[23.83034,41.71003],[23.8325,41.71009],[23.8303,41.70964],[23.83106,41.70848],[23.82968,41.70792],[23.8299,41.70714],[23.83288,41.70722],[23.83404,41.70488],[23.83618,41.70429],[23.83827,41.70448],[23.8399,41.70347],[23.83971,41.70172],[23.83913,41.70121],[23.83658,41.69956],[23.83394,41.69975],[23.83329,41.69882],[23.83507,41.69834],[23.83713,41.69919],[23.83684,41.69799],[23.83599,41.69745],[23.83601,41.69705],[23.83708,41.69669],[23.83624,41.69587],[23.83633,41.69404],[23.84084,41.69508],[23.84247,41.69394],[23.84459,41.69361],[23.84586,41.69272],[23.84742,41.69316],[23.84799,41.69225],[23.84699,41.69131],[23.84711,41.68881],[23.8456,41.68732],[23.84682,41.68762],[23.8493,41.69071],[23.8521,41.69066],[23.85214,41.68987],[23.8533,41.69122],[23.85554,41.69207],[23.85562,41.69049],[23.85641,41.68867],[23.85452,41.68783],[23.85423,41.68664],[23.85194,41.68316],[23.84985,41.68284],[23.84963,41.68034],[23.84826,41.67964],[23.84972,41.6785],[23.84981,41.67653],[23.8513,41.67486],[23.85386,41.67625],[23.85388,41.67585],[23.85545,41.6759],[23.8577,41.67648],[23.85826,41.67584],[23.85931,41.67587],[23.85889,41.6773],[23.86081,41.67749],[23.86258,41.67714],[23.86817,41.67756],[23.86911,41.67627],[23.87143,41.67554],[23.87136,41.67686],[23.87276,41.67689],[23.87394,41.67798],[23.87673,41.67819],[23.87675,41.67986],[23.88536,41.67972],[23.88391,41.67838],[23.884,41.67654],[23.88472,41.6763],[23.88513,41.675],[23.8847,41.67301],[23.88749,41.67335],[23.88854,41.67158],[23.88763,41.67033],[23.88752,41.66901],[23.8854,41.66935],[23.87752,41.66914],[23.87458,41.66827],[23.87412,41.66694],[23.87426,41.66405],[23.87599,41.66463],[23.87777,41.66402],[23.87682,41.66189],[23.87822,41.66206],[23.8787,41.66299],[23.88048,41.66238],[23.87931,41.66117],[23.88075,41.66042],[23.87745,41.65967],[23.87568,41.66015],[23.87469,41.65894],[23.8726,41.65849],[23.8713,41.65635],[23.869,41.65681],[23.86752,41.65848],[23.861,41.65922],[23.8606,41.66013],[23.85642,41.65975],[23.85182,41.65687],[23.85334,41.65454],[23.85139,41.65501],[23.85003,41.65406],[23.84864,41.65376],[23.84768,41.65189],[23.84666,41.65134],[23.84727,41.64951],[23.84644,41.6487],[23.84533,41.64985],[23.8427,41.64978],[23.84139,41.64804],[23.8455,41.64631],[23.84661,41.64516],[23.84583,41.64329],[23.84819,41.64152],[23.84988,41.6392],[23.84749,41.63782],[23.8485,41.63522],[23.84949,41.63643],[23.85071,41.63659],[23.85085,41.63725],[23.85008,41.63868],[23.85544,41.63659],[23.85699,41.63716],[23.85277,41.64112],[23.85446,41.64222],[23.8569,41.64255],[23.85616,41.64345],[23.85754,41.64375],[23.85817,41.64179],[23.85869,41.64181],[23.85733,41.64466],[23.8597,41.64275],[23.86057,41.64278],[23.86051,41.64409],[23.86491,41.64369],[23.86674,41.64558],[23.86355,41.64641],[23.86505,41.64803],[23.86684,41.64729],[23.86695,41.6486],[23.8694,41.64867],[23.86926,41.64801],[23.87023,41.64607],[23.86957,41.64513],[23.8682,41.64443],[23.86772,41.6435],[23.86783,41.64127],[23.86958,41.64132],[23.87101,41.6407],[23.86981,41.64014],[23.8677,41.64034],[23.86667,41.63979],[23.863,41.63969],[23.86257,41.64126],[23.86105,41.64016],[23.86168,41.63808],[23.86483,41.63816],[23.86452,41.63723],[23.8651,41.63607],[23.86358,41.63497],[23.86168,41.6344],[23.86176,41.63269],[23.8652,41.63397],[23.86605,41.63465],[23.86617,41.63583],[23.86825,41.63615],[23.86658,41.63453],[23.86852,41.63432],[23.86771,41.63285],[23.86919,41.63118],[23.87399,41.63355],[23.8752,41.63371],[23.87513,41.63516],[23.87711,41.63416],[23.87812,41.63511],[23.87951,41.63528],[23.87821,41.63682],[23.87852,41.63761],[23.88096,41.63794],[23.88212,41.63929],[23.88458,41.63923],[23.88665,41.63626],[23.88885,41.6379],[23.88858,41.63986],[23.89085,41.63992],[23.89363,41.63684],[23.89242,41.63641],[23.89159,41.63547],[23.89147,41.63429],[23.89015,41.63254],[23.88573,41.62979],[23.8851,41.62833],[23.88734,41.62905],[23.88823,41.62513],[23.88397,41.62265],[23.88456,41.62135],[23.88622,41.61968],[23.8851,41.61742],[23.88615,41.61745],[23.88837,41.61869],[23.89068,41.61796],[23.89083,41.61849],[23.89267,41.6167],[23.89707,41.61616],[23.90038,41.61665],[23.89799,41.61895],[23.89845,41.62028],[23.89731,41.62209],[23.89477,41.62399],[23.89561,41.62467],[23.90045,41.62612],[23.89748,41.62603],[23.89901,41.62686],[23.89758,41.62748],[23.89824,41.62842],[23.89815,41.63026],[23.90017,41.63189],[23.8974,41.63484],[23.89788,41.6359],[23.90015,41.63597],[23.90082,41.63664],[23.90222,41.63668],[23.90235,41.6376],[23.90469,41.63635],[23.90406,41.63489],[23.9053,41.63466],[23.90534,41.63374],[23.90879,41.63134],[23.91144,41.63075],[23.91688,41.63063],[23.91613,41.63166],[23.91823,41.63172],[23.91782,41.63289],[23.91658,41.63325],[23.91347,41.63606],[23.91262,41.63551],[23.91064,41.63651],[23.90962,41.63583],[23.90817,41.63684],[23.91233,41.63787],[23.91298,41.63894],[23.9156,41.63901],[23.91554,41.64032],[23.92056,41.64164],[23.9198,41.6428],[23.91741,41.64156],[23.91634,41.64192],[23.91593,41.6431],[23.91372,41.6454],[23.91525,41.64636],[23.91531,41.64873],[23.91128,41.64875],[23.91037,41.64952],[23.91172,41.65061],[23.91276,41.65077],[23.91341,41.65183],[23.91301,41.65288],[23.91586,41.6519],[23.91597,41.65335],[23.91716,41.65417],[23.91728,41.65523],[23.91855,41.65434],[23.91904,41.65514],[23.92272,41.65524],[23.92244,41.65365],[23.92087,41.65361],[23.91985,41.65293],[23.92204,41.65101],[23.92848,41.6483],[23.92819,41.64697],[23.93099,41.64594],[23.929,41.64476],[23.92512,41.64531],[23.92324,41.64421],[23.92348,41.64277],[23.92812,41.64119],[23.92926,41.63925],[23.93215,41.64103],[23.93373,41.64107],[23.93447,41.64017],[23.93552,41.6402],[23.9365,41.64167],[23.94194,41.64524],[23.94271,41.64394],[23.94516,41.64401],[23.94489,41.64216],[23.94424,41.64122],[23.94629,41.6422],[23.9476,41.6442],[23.94544,41.64533],[23.94501,41.64703],[23.94206,41.6501],[23.94568,41.64783],[23.94635,41.64838],[23.94831,41.64777],[23.94908,41.64635],[23.95083,41.64626],[23.95123,41.6489],[23.94904,41.65082],[23.95079,41.65086],[23.94948,41.65267],[23.94856,41.65356],[23.94408,41.65568],[23.94002,41.66004],[23.93638,41.66283],[23.9337,41.66382],[23.93375,41.66645],[23.93441,41.66738],[23.93917,41.66685],[23.94055,41.66728],[23.94163,41.66666],[23.94338,41.6667],[23.94343,41.66565],[23.94437,41.66436],[23.94839,41.6646],[23.94816,41.66495],[23.94879,41.66522],[23.95193,41.66365],[23.95491,41.66571],[23.95878,41.66746],[23.96842,41.66804],[23.96953,41.67235],[23.97369,41.6774],[23.978,41.67916],[23.9829,41.68298],[23.98671,41.67939],[23.98223,41.6785],[23.98491,41.67413],[23.98175,41.67226],[23.98157,41.67149],[23.98258,41.67043],[23.98163,41.6701],[23.9829,41.66899],[23.98365,41.67049],[23.98463,41.67036],[23.98456,41.67079],[23.98554,41.6711],[23.98515,41.6699],[23.98628,41.66901],[23.98486,41.66788],[23.98373,41.6676],[23.98423,41.66705],[23.98296,41.66605],[23.98345,41.66573],[23.98176,41.66403],[23.98083,41.66222],[23.9829,41.66186],[23.98541,41.65966],[23.98607,41.66138],[23.99043,41.66339],[23.99148,41.66346],[23.9928,41.66326],[23.99322,41.66211],[23.99289,41.66178],[23.99388,41.66143],[23.99452,41.66024],[23.99166,41.66016],[23.98336,41.6555],[23.98018,41.65236],[23.97763,41.65146],[23.97163,41.6452],[23.96761,41.64398],[23.96598,41.63921],[23.96423,41.63722],[23.95803,41.63512],[23.94875,41.62793],[23.94538,41.62089],[23.93724,41.6129],[23.9246,41.60645],[23.91784,41.60072],[23.91205,41.59029],[23.91083,41.5847],[23.91302,41.57754],[23.9181,41.57184],[23.92331,41.57115],[23.92521,41.56792],[23.93206,41.5699],[23.92986,41.57341],[23.92376,41.57741],[23.92285,41.58099],[23.92165,41.58291],[23.92132,41.58984],[23.92828,41.59891],[23.93183,41.60206],[23.93434,41.6038],[23.93944,41.6056],[23.94304,41.60764],[23.94869,41.61334],[23.95405,41.61738],[23.95565,41.62269],[23.96054,41.62907],[23.9671,41.63119],[23.97249,41.63466],[23.97628,41.6406],[23.98017,41.64459],[23.98709,41.64699],[23.99065,41.65014],[23.99607,41.65306],[24.00141,41.65764],[24.00345,41.66158],[24.00359,41.66659],[24.00301,41.67101],[23.99941,41.67675],[23.99396,41.67895],[23.99444,41.68093],[23.99413,41.68369],[23.99197,41.68862],[23.99336,41.68905],[23.99416,41.69065],[23.99675,41.69151],[23.99672,41.69216],[23.99893,41.69189],[24.00239,41.69297],[24.01095,41.69764],[24.01333,41.69707],[24.00902,41.69551],[24.011,41.69438],[24.00911,41.69354],[24.00861,41.69287],[24.00954,41.69184],[24.00902,41.69157],[24.00926,41.69026],[24.01109,41.6886],[24.01156,41.68979],[24.01558,41.69003],[24.01492,41.68922],[24.0175,41.69021],[24.01587,41.68754],[24.01483,41.68738],[24.01495,41.68475],[24.01719,41.6856],[24.01865,41.68446],[24.02068,41.68609],[24.02072,41.68517],[24.02143,41.68492],[24.01829,41.6809],[24.01984,41.67752],[24.01791,41.6776],[24.01293,41.67537],[24.0098,41.67489],[24.00853,41.67565],[24.00815,41.67643],[24.00675,41.67639],[24.00376,41.67276],[24.00552,41.67255],[24.01072,41.67018],[24.01368,41.66671],[24.01094,41.66533],[24.01186,41.66443],[24.01118,41.66389],[24.01162,41.66206],[24.0069,41.6618],[24.0046,41.66227],[24.00449,41.66082],[24.00396,41.66081],[24.00471,41.65977],[24.00665,41.65956],[24.00498,41.65781],[24.00608,41.65665],[24.0093,41.6591],[24.01086,41.65954],[24.01169,41.66048],[24.01447,41.66095],[24.01715,41.65997],[24.01824,41.65907],[24.02104,41.65915],[24.02208,41.65957],[24.01995,41.66004],[24.02189,41.66364],[24.02383,41.66343],[24.02389,41.66211],[24.02546,41.65847],[24.02424,41.65831],[24.02427,41.65765],[24.02573,41.65625],[24.02561,41.65506],[24.02878,41.65475],[24.0314,41.65113],[24.03265,41.65064],[24.03299,41.65486],[24.03494,41.65425],[24.03661,41.65219],[24.03577,41.65151],[24.03548,41.65019],[24.0385,41.64921],[24.03979,41.6478],[24.03816,41.64513],[24.04211,41.64707],[24.04396,41.6487],[24.04523,41.65149],[24.04735,41.64734],[24.04913,41.64673],[24.04982,41.65082],[24.05131,41.65283],[24.04949,41.65423],[24.04945,41.65515],[24.05096,41.6565],[24.05218,41.65666],[24.05208,41.6589],[24.05151,41.65993],[24.05359,41.66051],[24.05484,41.66002],[24.05671,41.66125],[24.05846,41.66116],[24.05868,41.66038],[24.05994,41.65949],[24.06065,41.65938],[24.06133,41.65992],[24.06212,41.65797],[24.06576,41.65491],[24.0678,41.65641],[24.07096,41.65622],[24.07099,41.65557],[24.07227,41.65442],[24.0725,41.65311],[24.07305,41.6526],[24.07171,41.65125],[24.07502,41.6516],[24.07423,41.64973],[24.07514,41.64897],[24.07846,41.64919],[24.07853,41.65168],[24.08169,41.6515],[24.08287,41.65258],[24.08461,41.65289],[24.08625,41.6553],[24.0908,41.65541],[24.08879,41.65339],[24.08968,41.65315],[24.0857,41.65187],[24.08656,41.64834],[24.09025,41.6483],[24.09127,41.64898],[24.09033,41.65041],[24.09192,41.65005],[24.0917,41.64716],[24.09314,41.6464],[24.09454,41.64631],[24.09625,41.64727],[24.09733,41.64677],[24.0987,41.64746],[24.10085,41.64647],[24.10269,41.64822],[24.10449,41.64735],[24.10494,41.64499],[24.10684,41.6457],[24.10673,41.64412],[24.10854,41.64285],[24.11367,41.64587],[24.11357,41.6481],[24.11424,41.64864],[24.1161,41.64632],[24.1214,41.64541],[24.11894,41.64153],[24.12064,41.64276],[24.12189,41.64226],[24.11929,41.6376],[24.11936,41.63615],[24.11749,41.63479],[24.11751,41.63427],[24.11856,41.63429],[24.11808,41.63336],[24.11722,41.63294],[24.11828,41.63271],[24.12036,41.63329],[24.1236,41.63521],[24.12624,41.63514],[24.12788,41.63768],[24.1271,41.63937],[24.12715,41.64226],[24.12893,41.64152],[24.13103,41.6417],[24.13194,41.64081],[24.13095,41.63947],[24.13337,41.63637],[24.13565,41.6363],[24.13667,41.63685],[24.13897,41.63638],[24.14043,41.6351],[24.1429,41.63464],[24.14191,41.63343],[24.14178,41.63237],[24.13823,41.63334],[24.14003,41.6322],[24.1408,41.63064],[24.13842,41.62914],[24.13953,41.62785],[24.13741,41.62412],[24.14007,41.62339],[24.14098,41.62263],[24.14389,41.62415],[24.14465,41.62285],[24.14386,41.62099],[24.14687,41.62028],[24.14725,41.61963],[24.1504,41.61971],[24.15366,41.62123],[24.15392,41.62321],[24.15008,41.62693],[24.15533,41.631],[24.15369,41.63254],[24.15102,41.63339],[24.14822,41.63332],[24.1492,41.63493],[24.14881,41.63584],[24.14671,41.63565],[24.14407,41.63611],[24.14369,41.63663],[24.14398,41.63795],[24.14307,41.63885],[24.14361,41.6386],[24.14354,41.64004],[24.13698,41.64172],[24.13653,41.64394],[24.13752,41.64555],[24.13893,41.64532],[24.14031,41.64575],[24.14069,41.6451],[24.14421,41.64466],[24.14671,41.64367],[24.14787,41.64133],[24.14773,41.64054],[24.15247,41.64026],[24.1522,41.64236],[24.15444,41.64334],[24.15458,41.644],[24.15354,41.64455],[24.15406,41.64377],[24.15358,41.64331],[24.15133,41.64295],[24.15115,41.64336],[24.15287,41.65068],[24.15242,41.65188],[24.15031,41.65286],[24.148,41.65309],[24.14661,41.65432],[24.14558,41.6546],[24.14428,41.65589],[24.14418,41.65692],[24.14285,41.65789],[24.14061,41.65773],[24.13818,41.65884],[24.13757,41.65943],[24.13759,41.66038],[24.13663,41.66113],[24.13187,41.6628],[24.12649,41.66372],[24.1235,41.66522],[24.12064,41.66568],[24.11779,41.66827],[24.11561,41.66909],[24.11421,41.67046],[24.11291,41.6709],[24.10977,41.67384],[24.10808,41.67388],[24.10376,41.67771],[24.09494,41.6837],[24.09332,41.68559],[24.0887,41.68878],[24.08814,41.69001],[24.08525,41.69135],[24.08406,41.69265],[24.06765,41.69844],[24.06206,41.70175],[24.0579,41.70305],[24.05592,41.7049],[24.05167,41.70702],[24.05077,41.70847],[24.04745,41.70827],[24.04482,41.71073],[24.04414,41.71334],[24.04251,41.71468],[24.04113,41.71495],[24.03932,41.71752],[24.03678,41.71853],[24.0341,41.71857],[24.03278,41.72072],[24.0298,41.72133],[24.02746,41.72405],[24.0264,41.72451],[24.02628,41.72602],[24.02472,41.727],[24.02254,41.72947],[24.0212,41.73028],[24.01862,41.73074],[24.01634,41.73223],[24.01535,41.73412],[24.01611,41.73415],[24.02272,41.73292],[24.02861,41.73278],[24.035,41.72962],[24.04179,41.72866],[24.04707,41.7265],[24.05386,41.72493],[24.05858,41.72228],[24.06064,41.72241],[24.06669,41.71978],[24.07739,41.71692],[24.079,41.7153],[24.08036,41.71515],[24.08059,41.71447],[24.08222,41.71452],[24.08296,41.7141],[24.08479,41.7122],[24.08531,41.71264],[24.08664,41.71236],[24.0861,41.71085],[24.08683,41.71],[24.08855,41.70943],[24.08807,41.70888],[24.08839,41.70817],[24.08899,41.70774],[24.09047,41.70799],[24.09058,41.70691],[24.09266,41.70568],[24.0923,41.70504],[24.09328,41.70403],[24.0932,41.70266],[24.09507,41.70032],[24.09502,41.69868],[24.09686,41.69727],[24.09595,41.69569],[24.09725,41.69374],[24.1001,41.69357],[24.10096,41.69247],[24.1023,41.69211],[24.10086,41.69094],[24.10167,41.68781],[24.1054,41.69029],[24.10609,41.68873],[24.10476,41.68777],[24.10497,41.68675],[24.10702,41.68608],[24.10806,41.68448],[24.11129,41.68298],[24.1139,41.6828],[24.11294,41.68129],[24.11555,41.68116],[24.11658,41.68024],[24.11855,41.68021],[24.11962,41.67924],[24.1209,41.67924],[24.12139,41.67815],[24.12211,41.67851],[24.12387,41.67801],[24.12448,41.67858],[24.12503,41.67819],[24.12455,41.67747],[24.12516,41.67666],[24.12685,41.67623],[24.12835,41.67653],[24.13028,41.67483],[24.13135,41.67482],[24.1325,41.67555],[24.13298,41.67646],[24.13444,41.67624],[24.13474,41.67692],[24.13541,41.67679],[24.13675,41.67797],[24.13827,41.67546],[24.13943,41.67783],[24.14039,41.67802],[24.14106,41.67697],[24.14177,41.67271],[24.14248,41.67181],[24.14344,41.67195],[24.14438,41.67338],[24.1458,41.67729],[24.14817,41.6767],[24.14712,41.6717],[24.14732,41.6704],[24.14858,41.67072],[24.14932,41.67232],[24.15155,41.67029],[24.15297,41.67004],[24.15237,41.66925],[24.15328,41.6683],[24.15253,41.66805],[24.15262,41.66747],[24.15439,41.66718],[24.15504,41.66625],[24.15653,41.66602],[24.15839,41.66728],[24.15876,41.66675],[24.15807,41.66479],[24.16014,41.66474],[24.16056,41.66374],[24.16172,41.66351],[24.16147,41.66255],[24.16208,41.65999],[24.1608,41.65999],[24.16217,41.65891],[24.16273,41.66195],[24.16167,41.66231],[24.16301,41.66353],[24.16299,41.66419],[24.17174,41.6644],[24.1723,41.66376],[24.17668,41.6636],[24.17876,41.66431],[24.18078,41.66607],[24.18615,41.66765],[24.18506,41.6646],[24.18507,41.66026],[24.18597,41.65976],[24.19281,41.66361],[24.19189,41.66477],[24.19256,41.66544],[24.19378,41.66547],[24.19648,41.66396],[24.19785,41.66465],[24.19883,41.66625],[24.19952,41.66617],[24.2002,41.66553],[24.20001,41.66396],[24.19759,41.66257],[24.19679,41.66055],[24.19393,41.66102],[24.19266,41.65753],[24.19399,41.65543],[24.19409,41.6533],[24.19746,41.65312],[24.19861,41.65129],[24.2,41.65185],[24.20058,41.65479],[24.20177,41.65615],[24.20406,41.65647],[24.20544,41.65731],[24.20528,41.65806],[24.21244,41.65137],[24.21896,41.64264],[24.21466,41.64056],[24.21133,41.63619],[24.21029,41.62991],[24.20916,41.62842],[24.20799,41.62862],[24.206,41.6275],[24.20029,41.62769],[24.19619,41.63122],[24.18885,41.6284],[24.18407,41.6273],[24.18129,41.62064],[24.17659,41.61756],[24.18047,41.6091],[24.18544,41.60593],[24.19036,41.60374],[24.1889,41.60167],[24.18941,41.59983],[24.18705,41.59905],[24.18093,41.59857],[24.17621,41.59615],[24.17213,41.59571],[24.16981,41.59471],[24.16865,41.59517],[24.16762,41.59466],[24.16646,41.59627],[24.16791,41.59737],[24.16924,41.59693],[24.16997,41.5983],[24.16207,41.59844],[24.15538,41.59102],[24.15635,41.58643],[24.15607,41.58626],[24.15445,41.58689],[24.1527,41.58645],[24.15195,41.58736],[24.1505,41.58799],[24.14858,41.58728],[24.1476,41.58951],[24.14862,41.5906],[24.1468,41.59162],[24.14236,41.59178],[24.14097,41.59121],[24.13779,41.591],[24.13557,41.58908],[24.13561,41.58828],[24.13493,41.58747],[24.13303,41.58649],[24.13502,41.58561],[24.13714,41.58566],[24.14044,41.58707],[24.14103,41.58589],[24.14566,41.58521],[24.14622,41.58469],[24.1418,41.58445],[24.14041,41.58375],[24.13976,41.5824],[24.13846,41.58383],[24.13686,41.58393],[24.13536,41.58241],[24.13255,41.58157],[24.13246,41.58354],[24.12371,41.58299],[24.12228,41.58559],[24.12649,41.58965],[24.13312,41.59837],[24.13559,41.60206],[24.13588,41.60536],[24.13242,41.60428],[24.12957,41.60915],[24.12596,41.61137],[24.12357,41.60604],[24.11518,41.59727],[24.11089,41.59518],[24.10483,41.59338],[24.09872,41.59257],[24.09298,41.59341],[24.09102,41.59798],[24.08785,41.6002],[24.08506,41.60375],[24.08492,41.61659],[24.0835,41.61886],[24.08051,41.61714],[24.08044,41.6089],[24.08062,41.60496],[24.08356,41.59812],[24.08415,41.59484],[24.08026,41.59342],[24.07544,41.5933],[24.07451,41.58471],[24.07295,41.58039],[24.06967,41.57537],[24.06278,41.57256],[24.05585,41.57073],[24.05247,41.56801],[24.04721,41.56788],[24.04532,41.57079],[24.04335,41.57568],[24.04318,41.5793],[24.03968,41.57921],[24.03761,41.57652],[24.03419,41.57446],[24.02984,41.57369],[24.02625,41.57557],[24.02018,41.5741],[24.01906,41.56979],[24.01917,41.56748],[24.01538,41.56409],[24.01532,41.55586],[24.01852,41.55298],[24.02275,41.54683],[24.0278,41.54169],[24.03444,41.54022],[24.0384,41.53999],[24.03893,41.53803],[24.0403,41.53675],[24.04152,41.53875],[24.04644,41.53658],[24.04743,41.5343],[24.05375,41.53018],[24.05445,41.52427],[24.05552,41.52001],[24.05994,41.51922],[24.05976,41.52035],[24.0607,41.52314],[24.06327,41.52664],[24.07013,41.52817],[24.07519,41.53099],[24.07686,41.53634],[24.07701,41.54162],[24.08195,41.54266],[24.08326,41.54378],[24.08655,41.54397],[24.09074,41.54642],[24.09311,41.54626],[24.09856,41.54868],[24.09986,41.55004],[24.10183,41.55046],[24.1042,41.54912],[24.10656,41.5436],[24.10984,41.54274],[24.11087,41.54328],[24.11669,41.53966],[24.12343,41.53943],[24.12602,41.54083],[24.13223,41.54045],[24.13362,41.53317],[24.13587,41.53429],[24.14117,41.53442],[24.1519,41.54001],[24.15966,41.53661],[24.16031,41.52997],[24.1638,41.52713],[24.16653,41.52946],[24.16783,41.52391],[24.17494,41.52328],[24.175,41.52182],[24.17139,41.51947],[24.17224,41.51617],[24.18206,41.51415],[24.18306,41.51564],[24.18646,41.51479],[24.1923,41.51879],[24.1945,41.5211],[24.19071,41.53099],[24.19543,41.5323],[24.1978,41.53901],[24.20102,41.53829],[24.20597,41.54253],[24.20981,41.54369],[24.20881,41.54633],[24.20921,41.54953],[24.21211,41.55199],[24.21483,41.55046],[24.22274,41.54773],[24.2266,41.54849],[24.22935,41.54642],[24.23193,41.54821],[24.23235,41.55075],[24.23436,41.55333],[24.23683,41.55365],[24.24072,41.558],[24.24199,41.56313],[24.246,41.56292],[24.24794,41.56542],[24.24816,41.56693],[24.25063,41.56724],[24.25199,41.56682],[24.25315,41.56783],[24.2538,41.57001],[24.25644,41.57066],[24.25913,41.57006],[24.2599,41.57085],[24.26049,41.57281],[24.26157,41.57367],[24.26417,41.57234],[24.26522,41.57065],[24.26702,41.56942],[24.26871,41.57059],[24.27026,41.57046],[24.27248,41.56991],[24.27543,41.56812],[24.27571,41.56708],[24.27514,41.56634],[24.27521,41.56534],[24.27334,41.56488],[24.27207,41.56174],[24.27126,41.56063],[24.27017,41.56026],[24.27041,41.55978],[24.26999,41.55921],[24.27375,41.55656],[24.27732,41.55662],[24.27897,41.55534],[24.28002,41.55339],[24.28112,41.55284],[24.28485,41.55248],[24.28721,41.55173],[24.29777,41.54425],[24.29752,41.5423],[24.29826,41.54041],[24.3032,41.53799],[24.30237,41.53676],[24.30208,41.53525],[24.30037,41.53375],[24.29938,41.53193],[24.2986,41.52918],[24.29527,41.52733],[24.29478,41.52641],[24.29551,41.52399],[24.29613,41.52347],[24.29983,41.52355],[24.29882,41.51825],[24.30078,41.51575],[24.30216,41.51229],[24.30488,41.51043],[24.30565,41.5118],[24.30714,41.51272],[24.31036,41.51265],[24.31261,41.51348],[24.31316,41.5131],[24.31514,41.51331],[24.31699,41.51817],[24.3207,41.51866],[24.32252,41.51992],[24.32586,41.52005],[24.3273,41.52088],[24.3285,41.52097],[24.33022,41.52002],[24.3312,41.52026],[24.33462,41.52413],[24.3369,41.5254],[24.33766,41.52674],[24.33988,41.52593],[24.34245,41.52586],[24.3433,41.52464],[24.34408,41.52436],[24.34856,41.52516],[24.35593,41.52164],[24.35727,41.52164],[24.35832,41.52057],[24.35842,41.51878],[24.36086,41.51802],[24.36164,41.51637],[24.36375,41.51651],[24.36845,41.51781],[24.36982,41.51773],[24.37013,41.51826],[24.36834,41.52133],[24.36862,41.52229],[24.36999,41.52257],[24.37016,41.52303],[24.37254,41.52263],[24.37441,41.52345],[24.37422,41.52535],[24.377,41.52814],[24.37835,41.53112],[24.3816,41.53246],[24.38291,41.53606],[24.38662,41.53685],[24.38831,41.53598],[24.39211,41.53514],[24.3921,41.53801],[24.39491,41.53909],[24.39707,41.53904],[24.3978,41.5383],[24.40278,41.53798],[24.40381,41.5385],[24.40425,41.5394],[24.40587,41.5397],[24.41022,41.53814],[24.41089,41.53768],[24.41076,41.53557],[24.41192,41.53411],[24.41221,41.53083],[24.41472,41.5299],[24.41656,41.52859],[24.41823,41.52859],[24.42031,41.52934],[24.4227,41.52846],[24.42484,41.52965],[24.42789,41.52908],[24.43418,41.52628],[24.43391,41.52751],[24.43544,41.52736],[24.44082,41.52938],[24.44332,41.52609],[24.44675,41.52464],[24.44823,41.5227],[24.45013,41.52183],[24.45405,41.52278],[24.45858,41.52718],[24.46314,41.52848],[24.46349,41.53541],[24.46099,41.53854],[24.46392,41.54476],[24.46591,41.54535],[24.46972,41.54503],[24.47045,41.54677],[24.47175,41.54717],[24.47276,41.54992],[24.47357,41.55071],[24.47516,41.55119],[24.47655,41.5529],[24.48202,41.55439],[24.48295,41.554],[24.48375,41.55746],[24.48899,41.55727],[24.49245,41.55586],[24.49399,41.55351],[24.49507,41.55373],[24.49725,41.55519],[24.49904,41.55866],[24.50948,41.55853],[24.51167,41.56016],[24.51245,41.56146],[24.5163,41.56414],[24.5173,41.56544],[24.51839,41.56556],[24.52146,41.56751],[24.52413,41.56784],[24.5245,41.56872],[24.52544,41.56874],[24.52697,41.56735],[24.52758,41.56759],[24.52891,41.56673],[24.52989,41.56683],[24.53094,41.56606],[24.53516,41.56501],[24.53454,41.5642],[24.53495,41.56249],[24.53442,41.56013],[24.53465,41.55898],[24.53292,41.55765],[24.53507,41.5551],[24.53641,41.55698],[24.5387,41.5581],[24.54082,41.55788],[24.54229,41.55834],[24.54423,41.55776],[24.5449,41.55646],[24.55173,41.55256],[24.55339,41.55065],[24.55373,41.54897],[24.55234,41.54875],[24.55182,41.54835],[24.55203,41.54735],[24.55035,41.54696],[24.54909,41.5458],[24.54843,41.5429],[24.54687,41.54175],[24.54619,41.53931],[24.54777,41.53846],[24.551,41.53371],[24.55216,41.53271],[24.55242,41.53167],[24.55395,41.53082],[24.55519,41.53118],[24.5562,41.53078],[24.55812,41.52698],[24.55656,41.52494],[24.55569,41.52455],[24.55658,41.52355],[24.55775,41.52316],[24.55852,41.5218],[24.56021,41.521],[24.56265,41.51727],[24.56317,41.51455],[24.56365,41.51414],[24.56339,41.5123],[24.56185,41.50901],[24.5624,41.50705],[24.56087,41.5057],[24.56047,41.50453],[24.56074,41.50399],[24.55946,41.50292],[24.55896,41.50176],[24.56179,41.50087],[24.56275,41.49987],[24.56381,41.49829],[24.56406,41.49704],[24.56364,41.49587],[24.56882,41.49135],[24.56814,41.4874],[24.56989,41.48498],[24.57003,41.48241],[24.57273,41.47966],[24.5735,41.47797],[24.57245,41.47509],[24.5762,41.47422],[24.57798,41.4747],[24.57975,41.47438],[24.58099,41.47284],[24.58279,41.47295],[24.58329,41.47098],[24.58473,41.46886],[24.58655,41.46793],[24.58898,41.4677],[24.59024,41.46683],[24.59489,41.46719],[24.59515,41.46607],[24.59654,41.46461],[24.59576,41.46315],[24.59743,41.46194],[24.59825,41.4582],[24.59959,41.45631],[24.5984,41.45392],[24.59615,41.45264],[24.59691,41.45089],[24.59582,41.44772],[24.59687,41.44687],[24.59662,41.44515],[24.59768,41.44089],[24.59941,41.43908],[24.60125,41.43612],[24.60082,41.43501],[24.60525,41.43373],[24.6063,41.4341],[24.606,41.4315],[24.60996,41.43015],[24.61113,41.43114],[24.61479,41.43122],[24.61838,41.43922],[24.61621,41.44371],[24.61601,41.44901],[24.61953,41.45343],[24.63503,41.45417],[24.64272,41.45599],[24.64809,41.46111],[24.64709,41.47319],[24.63943,41.48555],[24.64156,41.48809],[24.64198,41.49186],[24.64697,41.49196],[24.65188,41.49415],[24.66506,41.49817],[24.66882,41.50158],[24.66976,41.50619],[24.66969,41.50828],[24.673,41.50876],[24.68083,41.50725],[24.69637,41.50715],[24.70033,41.50514],[24.70099,41.50223],[24.70493,41.50064],[24.71657,41.50087],[24.72548,41.48436],[24.72062,41.48051],[24.71243,41.47659],[24.70251,41.47473],[24.69436,41.46997],[24.68905,41.46319],[24.68653,41.45605],[24.68671,41.45105],[24.68291,41.44888],[24.67904,41.44839],[24.67561,41.4358],[24.6697,41.43068],[24.66157,41.4255],[24.66166,41.423],[24.6754,41.4262],[24.68082,41.42965],[24.68286,41.4347],[24.68653,41.44061],[24.68972,41.44443],[24.69456,41.4487],[24.69694,41.45972],[24.70015,41.46312],[24.70826,41.46913],[24.71651,41.47096],[24.72425,41.47195],[24.72804,41.47452],[24.73015,41.47749],[24.73338,41.48047],[24.73428,41.48633],[24.73141,41.48919],[24.72897,41.4954],[24.72848,41.49921],[24.73674,41.49919],[24.7383,41.49851],[24.73837,41.49922],[24.74436,41.49975],[24.74708,41.50148],[24.75205,41.50199],[24.75639,41.505],[24.77136,41.50529],[24.7731,41.50323],[24.77374,41.50074],[24.7783,41.49708],[24.78332,41.49634],[24.79009,41.49313],[24.79619,41.49325],[24.79665,41.49618],[24.79772,41.49745],[24.8021,41.4992],[24.80591,41.50136],[24.79912,41.50499],[24.79127,41.50734],[24.78793,41.50769],[24.77972,41.51123],[24.78,41.51255],[24.77556,41.51434],[24.77707,41.51708],[24.77955,41.51732],[24.78172,41.51839],[24.78361,41.51996],[24.78486,41.52188],[24.78486,41.52338],[24.78393,41.52463],[24.78133,41.52533],[24.77913,41.52501],[24.77625,41.52618],[24.77034,41.52551],[24.76641,41.52021],[24.76425,41.5185],[24.75759,41.51837],[24.75207,41.51743],[24.74923,41.51946],[24.74851,41.52403],[24.74409,41.52353],[24.7431,41.52017],[24.74439,41.51477],[24.74676,41.51065],[24.74902,41.51017],[24.74926,41.50925],[24.74988,41.50907],[24.75571,41.50915],[24.75575,41.50833],[24.75111,41.50812],[24.74638,41.50563],[24.74281,41.50497],[24.74143,41.50364],[24.73981,41.503],[24.73751,41.50295],[24.73664,41.50231],[24.73145,41.5038],[24.72624,41.50369],[24.72511,41.50264],[24.72335,41.50364],[24.71925,41.50356],[24.71468,41.50722],[24.7108,41.50714],[24.70963,41.50879],[24.70286,41.51199],[24.69832,41.51482],[24.68444,41.51496],[24.68211,41.51783],[24.676,41.51813],[24.67327,41.51682],[24.66883,41.51673],[24.66816,41.52005],[24.66577,41.52459],[24.66286,41.52829],[24.66364,41.53748],[24.66349,41.54165],[24.66445,41.54585],[24.66435,41.54876],[24.66121,41.55166],[24.66779,41.55333],[24.67372,41.55846],[24.67819,41.55771],[24.6805,41.55526],[24.6821,41.55696],[24.6849,41.5566],[24.69201,41.55966],[24.69069,41.56547],[24.68553,41.56996],[24.68531,41.57621],[24.67911,41.57859],[24.67129,41.57968],[24.66638,41.57708],[24.65738,41.58024],[24.65103,41.58678],[24.65313,41.59016],[24.65754,41.59109],[24.66024,41.59323],[24.66412,41.59372],[24.66568,41.59668],[24.66497,41.60083],[24.65997,41.60841],[24.67254,41.61451],[24.68135,41.61677],[24.69547,41.62623],[24.70142,41.63094],[24.69618,41.63751],[24.68179,41.63555],[24.67413,41.63206],[24.66661,41.62482],[24.65721,41.62337],[24.64839,41.62111],[24.64291,41.61891],[24.63746,41.61588],[24.62268,41.60973],[24.60666,41.60689],[24.59167,41.60658],[24.5935,41.60203],[24.59429,41.59579],[24.5894,41.59277],[24.58044,41.59466],[24.57354,41.60078],[24.57337,41.60536],[24.57486,41.60998],[24.56628,41.61648],[24.55904,41.61674],[24.54912,41.61444],[24.539,41.61756],[24.54348,41.63113],[24.54831,41.63583],[24.56046,41.65277],[24.56352,41.66035],[24.56325,41.66744],[24.56452,41.67789],[24.5613,41.68951],[24.57674,41.70819],[24.58144,41.71108],[24.58697,41.70833],[24.59324,41.7079],[24.59653,41.70741],[24.5978,41.70677],[24.59955,41.71058],[24.60244,41.71255],[24.60361,41.71295],[24.6102,41.71267],[24.61286,41.71322],[24.6154,41.71272],[24.61818,41.7143],[24.6183,41.71534],[24.61926,41.71637],[24.62678,41.71394],[24.62752,41.71306],[24.62811,41.7082],[24.63237,41.70913],[24.63322,41.7096],[24.63507,41.71373],[24.63753,41.71531],[24.6428,41.72205],[24.64699,41.72632],[24.6482,41.73003],[24.65127,41.72953],[24.65448,41.73111],[24.65451,41.73445],[24.65786,41.73937],[24.65765,41.74],[24.65564,41.74065],[24.64796,41.74706],[24.64648,41.74715],[24.64264,41.74622],[24.6418,41.74742],[24.64053,41.74814],[24.63661,41.74888],[24.63558,41.75207],[24.63602,41.75398],[24.6356,41.75478],[24.63455,41.75582],[24.63011,41.75823],[24.62771,41.76302],[24.62696,41.76326],[24.62811,41.76717],[24.63181,41.76961],[24.63656,41.77749],[24.63679,41.77986],[24.63822,41.7839],[24.64323,41.78495],[24.64329,41.7833],[24.6472,41.77984],[24.65292,41.77854],[24.66137,41.78036],[24.6613,41.78225],[24.65899,41.78503],[24.65828,41.78714],[24.65545,41.78709],[24.64807,41.78198],[24.64791,41.78622],[24.65251,41.78986],[24.65016,41.79382],[24.65006,41.79642],[24.65121,41.79951],[24.64768,41.80109],[24.63918,41.80068],[24.63491,41.80531],[24.63611,41.80699],[24.63116,41.81302],[24.6252,41.81327],[24.6251,41.81432],[24.6235,41.81558],[24.63411,41.81839],[24.63813,41.8206],[24.6428,41.82235],[24.64804,41.82576],[24.65939,41.82599],[24.67276,41.83169],[24.6749,41.83339],[24.67676,41.8431],[24.67657,41.84853],[24.67987,41.85308],[24.6801,41.85544],[24.67527,41.8555],[24.67733,41.86012],[24.67708,41.86695],[24.67119,41.8687],[24.66494,41.86919],[24.65966,41.86567],[24.65358,41.86261],[24.6507,41.86523],[24.64543,41.87126],[24.63781,41.87228],[24.6331,41.87148],[24.62942,41.86857],[24.61783,41.86597],[24.61122,41.8656],[24.60847,41.86294],[24.60589,41.86454],[24.60405,41.86309],[24.59931,41.86322],[24.59733,41.86469],[24.60079,41.86597],[24.60539,41.86849],[24.60392,41.87049],[24.5983,41.87283],[24.59852,41.87331],[24.6,41.87306],[24.6013,41.87465],[24.60321,41.87432],[24.60343,41.87503],[24.60439,41.87535],[24.60366,41.87718],[24.60229,41.87822],[24.60115,41.88157],[24.60265,41.8826],[24.60733,41.8817],[24.6097,41.88471],[24.60865,41.88623],[24.60887,41.88679],[24.61047,41.88741],[24.61221,41.89043],[24.61488,41.89169],[24.61669,41.8912],[24.62031,41.89142],[24.62179,41.89014],[24.62481,41.89331],[24.62801,41.8944],[24.63356,41.89493],[24.63496,41.89604],[24.63623,41.89563],[24.63802,41.89363],[24.6397,41.8906],[24.64192,41.88907],[24.64449,41.89033],[24.64693,41.88976],[24.64809,41.88864],[24.64917,41.88935],[24.65482,41.89004],[24.65566,41.88916],[24.66121,41.88976],[24.66196,41.89031],[24.66251,41.8919],[24.66242,41.89389],[24.66149,41.89668],[24.66158,41.89846],[24.66501,41.89999],[24.6795,41.90312],[24.68721,41.90567],[24.68915,41.90735],[24.69715,41.90751],[24.69939,41.90651],[24.70335,41.90211],[24.70462,41.90004],[24.70855,41.89638],[24.70941,41.89475],[24.71282,41.89467],[24.71518,41.89577],[24.71606,41.89907],[24.71334,41.90245],[24.71008,41.90403],[24.7073,41.90891],[24.69734,41.9132],[24.67408,41.91467],[24.6655,41.91405],[24.65678,41.91163],[24.65359,41.91126],[24.6445,41.90824],[24.64237,41.90696],[24.64103,41.90701],[24.63923,41.90814],[24.63766,41.91101],[24.63363,41.91311],[24.62962,41.91711],[24.62654,41.91856],[24.62165,41.91898],[24.61704,41.91694],[24.61564,41.91496],[24.61603,41.91145],[24.61397,41.90756],[24.61171,41.90558],[24.6085,41.90393],[24.60134,41.90213],[24.59669,41.90182],[24.59445,41.90096],[24.59251,41.8993],[24.59272,41.89826],[24.59172,41.89634],[24.58692,41.89551],[24.57767,41.90112],[24.57333,41.89954],[24.56834,41.89928],[24.5637,41.90023],[24.56062,41.90226],[24.55621,41.90769],[24.55668,41.91129],[24.55578,41.91396],[24.55562,41.91799],[24.563,41.92398],[24.56466,41.92775],[24.56393,41.93103],[24.56706,41.93289],[24.57249,41.93763],[24.57241,41.93958],[24.56951,41.94235],[24.56384,41.94403],[24.55884,41.94392],[24.55612,41.94162],[24.55367,41.93753],[24.54823,41.93323],[24.53226,41.93229],[24.52762,41.93309],[24.52097,41.92906],[24.51782,41.92779],[24.50863,41.9273],[24.50802,41.92631],[24.50618,41.9276],[24.49461,41.92542],[24.483,41.9242],[24.47851,41.92313],[24.46829,41.91952],[24.46454,41.91605],[24.46749,41.90693],[24.48383,41.90294],[24.49771,41.8953],[24.49895,41.89331],[24.50543,41.89135],[24.51216,41.88791],[24.51366,41.88525],[24.51613,41.88351],[24.51661,41.88158],[24.51139,41.87694],[24.51085,41.87543],[24.52068,41.87445],[24.52387,41.87482],[24.52758,41.87191],[24.5304,41.87152],[24.53316,41.87233],[24.53722,41.87077],[24.54006,41.87035],[24.53992,41.86947],[24.54256,41.86667],[24.5417,41.8654],[24.5386,41.86382],[24.53626,41.8651],[24.53456,41.86503],[24.53423,41.8644],[24.53517,41.86177],[24.53876,41.85817],[24.53971,41.85729],[24.54343,41.85576],[24.54255,41.85266],[24.54031,41.85187],[24.5374,41.84758],[24.53494,41.84656],[24.53568,41.84568],[24.53791,41.84511],[24.54035,41.84352],[24.53791,41.84346],[24.52719,41.84522],[24.52954,41.84196],[24.52961,41.83997],[24.52879,41.83829],[24.52665,41.83625],[24.53251,41.83372],[24.53816,41.83206],[24.53747,41.83154],[24.53641,41.83179],[24.53799,41.82947],[24.53937,41.82931],[24.53925,41.82732],[24.53967,41.8266],[24.53307,41.82726],[24.53232,41.82568],[24.53251,41.82376],[24.53155,41.82273],[24.53269,41.81883],[24.53364,41.81827],[24.53353,41.81747],[24.53246,41.81716],[24.53181,41.81636],[24.52983,41.81585],[24.52822,41.81836],[24.52065,41.8192],[24.51971,41.8205],[24.51778,41.81316],[24.52098,41.81244],[24.52124,41.81156],[24.52272,41.81107],[24.52313,41.8086],[24.52398,41.80828],[24.52536,41.80827],[24.52876,41.80706],[24.53245,41.8076],[24.53369,41.8051],[24.53236,41.80482],[24.53203,41.80371],[24.53361,41.8025],[24.53148,41.80196],[24.53021,41.80236],[24.52893,41.80165],[24.52691,41.80198],[24.52679,41.80086],[24.52626,41.80039],[24.52423,41.8],[24.52454,41.79904],[24.52635,41.79848],[24.52645,41.79792],[24.52356,41.79642],[24.52407,41.79604],[24.51889,41.79593],[24.5167,41.79522],[24.52656,41.79244],[24.53211,41.79453],[24.53291,41.79407],[24.53482,41.79446],[24.53493,41.79414],[24.53397,41.79382],[24.53396,41.79327],[24.53491,41.79255],[24.53194,41.79256],[24.53065,41.79201],[24.53383,41.78992],[24.53562,41.78793],[24.53476,41.78729],[24.53275,41.78794],[24.53189,41.78731],[24.53338,41.78706],[24.53327,41.78674],[24.52911,41.78493],[24.52878,41.78437],[24.52878,41.78342],[24.5311,41.78243],[24.53019,41.78182],[24.52994,41.77776],[24.52909,41.77713],[24.52886,41.77541],[24.52214,41.77361],[24.52034,41.7741],[24.5181,41.77371],[24.51556,41.77499],[24.51376,41.77532],[24.51281,41.77644],[24.51026,41.77653],[24.50813,41.77718],[24.50751,41.77837],[24.50559,41.77854],[24.5039,41.7799],[24.50114,41.78087],[24.49818,41.78327],[24.49668,41.78081],[24.49634,41.77906],[24.49408,41.77572],[24.49428,41.77365],[24.4931,41.77191],[24.49415,41.77063],[24.50051,41.76789],[24.50911,41.76658],[24.51134,41.76546],[24.51302,41.76298],[24.51609,41.76178],[24.51683,41.76098],[24.52129,41.75984],[24.52351,41.75808],[24.52425,41.75799],[24.51534,41.75569],[24.50812,41.75512],[24.50432,41.75253],[24.49769,41.75113],[24.49557,41.74817],[24.48853,41.74301],[24.47755,41.73901],[24.46915,41.74008],[24.45285,41.74389],[24.44,41.74486],[24.43109,41.74466],[24.42338,41.7424],[24.41357,41.73717],[24.40362,41.73528],[24.40234,41.73591],[24.40073,41.73593],[24.40019,41.73684],[24.39793,41.73807],[24.3923,41.73961],[24.3902,41.74137],[24.38712,41.74183],[24.38687,41.74273],[24.37994,41.74225],[24.37833,41.74356],[24.37636,41.74354],[24.3755,41.74472],[24.3772,41.74673],[24.38165,41.74683],[24.38564,41.74618],[24.38859,41.74662],[24.39093,41.75001],[24.39392,41.74971],[24.39528,41.75271],[24.39858,41.75686],[24.39203,41.75968],[24.38955,41.75963],[24.38987,41.76409],[24.38445,41.77546],[24.37876,41.78127],[24.36215,41.78757],[24.35997,41.79234],[24.35428,41.79815],[24.34872,41.80061],[24.34219,41.80269],[24.3416,41.8049],[24.34451,41.80645],[24.34235,41.81086],[24.34425,41.81275],[24.34814,41.8147],[24.35001,41.81734],[24.35082,41.82181],[24.35247,41.84188],[24.35315,41.84307],[24.36121,41.83843],[24.37017,41.82914],[24.37722,41.8276],[24.38165,41.82424],[24.39046,41.82073],[24.39465,41.82114],[24.39687,41.82219],[24.40184,41.82205],[24.40526,41.82068],[24.40872,41.82045],[24.41106,41.8188],[24.41364,41.81955],[24.41456,41.82171],[24.41235,41.82443],[24.40968,41.82374],[24.39632,41.82539],[24.39074,41.82413],[24.38415,41.82694],[24.37681,41.83136],[24.37259,41.83171],[24.36871,41.83609],[24.36321,41.84081],[24.36035,41.84282],[24.35686,41.84393],[24.35443,41.84533],[24.35525,41.84677],[24.35212,41.86294],[24.35492,41.86394],[24.36732,41.8572],[24.37224,41.85824],[24.38115,41.859],[24.3829,41.86016],[24.38845,41.86028],[24.39141,41.86234],[24.39827,41.8625],[24.40584,41.86352],[24.41094,41.85993],[24.41815,41.86067],[24.41378,41.86512],[24.41507,41.87085],[24.41842,41.87292],[24.41896,41.87834],[24.42072,41.88208],[24.42288,41.88526],[24.42352,41.88813],[24.42266,41.89067],[24.42446,41.89327],[24.42972,41.8951],[24.43418,41.89805],[24.43403,41.90175],[24.4394,41.90101],[24.4408,41.90418],[24.44336,41.9068],[24.43954,41.907],[24.43682,41.90836],[24.43741,41.91265],[24.43527,41.91829],[24.43203,41.92306],[24.42709,41.92267],[24.42893,41.92442],[24.42461,41.92745],[24.42974,41.93269],[24.42985,41.93953],[24.43366,41.93962],[24.4374,41.94141],[24.43777,41.94342],[24.44115,41.94292],[24.44413,41.94469],[24.4502,41.94568],[24.45276,41.9483],[24.45526,41.95263],[24.45747,41.95467],[24.45735,41.9578],[24.45299,41.96169],[24.45357,41.96626],[24.45228,41.96994],[24.45474,41.9754],[24.4544,41.98394],[24.45789,41.98834],[24.4609,41.98804],[24.46171,41.98923],[24.46165,41.99073],[24.46121,41.99123],[24.46696,41.99447],[24.46903,41.99211],[24.46752,41.99219],[24.46685,41.99058],[24.46412,41.98777],[24.46206,41.98786],[24.46025,41.98703],[24.45943,41.98468],[24.45941,41.9832],[24.45835,41.98318],[24.45831,41.98249],[24.45614,41.98191],[24.45757,41.97967],[24.46696,41.98209],[24.46782,41.97923],[24.47105,41.97361],[24.48137,41.97641],[24.48736,41.9788],[24.49452,41.98048],[24.49941,41.98386],[24.50042,41.98593],[24.50024,41.98965],[24.49839,41.99218],[24.49902,42.00134],[24.49993,42.00701],[24.49184,42.01096],[24.48777,42.01066],[24.48549,42.02791],[24.47379,42.03392],[24.46654,42.03376],[24.46455,42.02631],[24.46477,42.02062],[24.46048,42.01341],[24.45168,42.0041],[24.45155,41.99957],[24.44656,42.00134],[24.43424,41.99677],[24.434,41.99548],[24.44161,41.99213],[24.4374,41.98897],[24.42968,41.98168],[24.42839,41.97567],[24.4286,41.97055],[24.42797,41.96556],[24.41359,41.95987],[24.40854,41.95567],[24.40578,41.95004],[24.39089,41.9432],[24.37218,41.93238],[24.37272,41.93218],[24.37144,41.93218],[24.3715,41.93078],[24.36808,41.92959],[24.36889,41.92699],[24.36773,41.92578],[24.36708,41.92335],[24.36765,41.92304],[24.37037,41.916],[24.37266,41.90862],[24.37558,41.9047],[24.37282,41.8978],[24.37302,41.89296],[24.37067,41.88522],[24.35569,41.87861],[24.34648,41.87807],[24.34551,41.87823],[24.3419,41.88148],[24.33975,41.88551],[24.34311,41.88819],[24.34293,41.89264],[24.34377,41.89636],[24.34819,41.89758],[24.35763,41.89743],[24.36031,41.90454],[24.35878,41.90562],[24.36018,41.90787],[24.35243,41.91511],[24.35282,41.91772],[24.35259,41.92328],[24.34719,41.93354],[24.34802,41.93764],[24.34009,41.94896],[24.34455,41.96131],[24.34735,41.96582],[24.34699,41.97433],[24.34882,41.97491],[24.35108,41.97708],[24.35409,41.98115],[24.35134,41.98297],[24.3436,41.98476],[24.34543,41.98804],[24.3442,41.99357],[24.34389,42.00099],[24.33435,42.00336],[24.3336,42.00928],[24.33595,42.01267],[24.33623,42.01787],[24.33408,42.02153],[24.33104,42.02295],[24.32226,42.01866],[24.32195,42.0142],[24.31608,42.01184],[24.30669,42.01051],[24.29889,42.00661],[24.29442,42.00651],[24.28979,42.01011],[24.28171,42.01289],[24.27426,42.01271],[24.27106,42.01783],[24.26248,42.02059],[24.26176,42.02577],[24.25668,42.02824],[24.24911,42.03066],[24.24161,42.03159],[24.23692,42.0363]],[[24.08109,41.81567],[24.08001,41.81687],[24.07714,41.8176],[24.07704,41.81802],[24.08019,41.81775],[24.08208,41.81665],[24.0846,41.81683],[24.08648,41.81476],[24.08771,41.81468],[24.08941,41.81532],[24.0901,41.81414],[24.09578,41.81252],[24.09675,41.81289],[24.09604,41.81516],[24.09643,41.8155],[24.09849,41.8127],[24.10096,41.81229],[24.10212,41.81307],[24.1034,41.81243],[24.10398,41.81283],[24.1044,41.81499],[24.10382,41.81614],[24.10449,41.81619],[24.10559,41.81536],[24.1076,41.81533],[24.10773,41.81499],[24.10597,41.81372],[24.10597,41.81307],[24.10704,41.81214],[24.10969,41.81307],[24.10968,41.81174],[24.11037,41.81097],[24.11446,41.81055],[24.11525,41.811],[24.11482,41.81288],[24.11732,41.81334],[24.11751,41.81109],[24.11891,41.81034],[24.11953,41.8104],[24.12,41.81144],[24.12155,41.81129],[24.12245,41.81205],[24.12245,41.81251],[24.12037,41.81356],[24.12202,41.81484],[24.12929,41.81611],[24.13069,41.81511],[24.13045,41.81456],[24.13092,41.81373],[24.13534,41.81039],[24.13503,41.80989],[24.13076,41.81053],[24.13045,41.81003],[24.13103,41.80933],[24.12795,41.80921],[24.12748,41.80779],[24.12461,41.80745],[24.12229,41.805],[24.12282,41.80447],[24.12429,41.80519],[24.12521,41.805],[24.12527,41.80377],[24.12691,41.80327],[24.12828,41.80053],[24.13088,41.79947],[24.13051,41.79856],[24.1313,41.79769],[24.12935,41.79764],[24.12838,41.79865],[24.12642,41.79929],[24.12752,41.79641],[24.12508,41.79686],[24.12439,41.79798],[24.12356,41.79814],[24.11849,41.79599],[24.11819,41.79498],[24.11593,41.79329],[24.1163,41.79247],[24.11272,41.79129],[24.11239,41.79205],[24.11435,41.79324],[24.11496,41.79416],[24.11477,41.79503],[24.11669,41.79684],[24.11679,41.79777],[24.11862,41.79805],[24.12004,41.79929],[24.12167,41.7997],[24.12191,41.80075],[24.12039,41.80221],[24.11908,41.80137],[24.11581,41.80107],[24.11493,41.79995],[24.11508,41.79869],[24.11408,41.79834],[24.11149,41.7992],[24.1113,41.80029],[24.10953,41.80038],[24.10837,41.79813],[24.10788,41.79804],[24.10685,41.79928],[24.10441,41.79959],[24.10469,41.80003],[24.10697,41.80047],[24.10492,41.80093],[24.10367,41.80037],[24.10221,41.80074],[24.10233,41.80179],[24.10111,41.80395],[24.10149,41.80474],[24.1,41.80642],[24.1,41.80821],[24.09908,41.8089],[24.09402,41.80821],[24.09308,41.80722],[24.09102,41.80731],[24.08635,41.80315],[24.08659,41.80163],[24.08534,41.80106],[24.08465,41.79957],[24.08349,41.79933],[24.08374,41.79792],[24.08239,41.79833],[24.08197,41.79773],[24.07691,41.79672],[24.07769,41.79813],[24.08064,41.79938],[24.08324,41.80168],[24.08555,41.80471],[24.08585,41.80585],[24.08688,41.8065],[24.08694,41.80719],[24.08881,41.80806],[24.0892,41.80898],[24.09096,41.80899],[24.0912,41.81018],[24.09291,41.81027],[24.09303,41.81069],[24.08894,41.81174],[24.0868,41.81287],[24.08411,41.81293],[24.08411,41.81334],[24.08533,41.81408],[24.08349,41.81499],[24.08337,41.81591],[24.08109,41.81567]],[[24.15948,41.77208],[24.16076,41.77153],[24.1566,41.76847],[24.15703,41.76702],[24.15806,41.76638],[24.1608,41.76623],[24.1638,41.76701],[24.16544,41.76633],[24.16781,41.76698],[24.16831,41.7677],[24.16704,41.76876],[24.16746,41.76957],[24.16711,41.77068],[24.1675,41.77109],[24.16826,41.77098],[24.16808,41.77043],[24.16929,41.76961],[24.17058,41.76998],[24.17118,41.7697],[24.16923,41.76788],[24.16961,41.76558],[24.16878,41.76286],[24.16939,41.76118],[24.17116,41.76099],[24.17217,41.76218],[24.17292,41.76229],[24.17415,41.76177],[24.1744,41.76019],[24.1764,41.76003],[24.17549,41.76149],[24.17573,41.7619],[24.17855,41.762],[24.18036,41.76117],[24.18019,41.76053],[24.18073,41.76017],[24.18152,41.76071],[24.18326,41.76071],[24.18331,41.76129],[24.18244,41.76187],[24.18336,41.763],[24.18428,41.76322],[24.18488,41.76263],[24.18531,41.76332],[24.18653,41.76341],[24.18549,41.76149],[24.18603,41.76062],[24.1853,41.7588],[24.1888,41.75751],[24.18938,41.75775],[24.19038,41.75969],[24.19207,41.76067],[24.1909,41.75775],[24.19108,41.75675],[24.19211,41.75565],[24.19107,41.75465],[24.19107,41.7541],[24.19283,41.75314],[24.19275,41.75235],[24.19156,41.75126],[24.19076,41.75127],[24.18948,41.75218],[24.1876,41.75218],[24.18496,41.7515],[24.185,41.75063],[24.18335,41.75102],[24.181,41.75036],[24.17954,41.75105],[24.18045,41.75178],[24.18015,41.75232],[24.17595,41.7531],[24.17564,41.75238],[24.17509,41.75242],[24.17418,41.75406],[24.17528,41.75515],[24.17272,41.75602],[24.17064,41.75278],[24.17106,41.75146],[24.16826,41.7511],[24.16703,41.74936],[24.16642,41.74955],[24.16655,41.75062],[24.16514,41.75018],[24.16369,41.75133],[24.16265,41.7505],[24.16051,41.75087],[24.15944,41.75002],[24.15838,41.75119],[24.15997,41.75174],[24.16016,41.75279],[24.15821,41.75365],[24.15827,41.75452],[24.15983,41.75477],[24.15937,41.75538],[24.15974,41.75575],[24.16409,41.75496],[24.16498,41.75652],[24.16244,41.75735],[24.16307,41.75895],[24.16256,41.76117],[24.16158,41.76169],[24.15948,41.7611],[24.15894,41.76133],[24.1608,41.76373],[24.15954,41.76391],[24.16025,41.7646],[24.16007,41.76505],[24.15757,41.76565],[24.15678,41.76547],[24.15726,41.76382],[24.15593,41.76251],[24.1561,41.76113],[24.15536,41.76081],[24.15829,41.76054],[24.15865,41.75876],[24.15755,41.75803],[24.15549,41.75874],[24.15453,41.75705],[24.15377,41.75776],[24.15426,41.75931],[24.15308,41.75955],[24.15218,41.76141],[24.15073,41.76122],[24.14989,41.76261],[24.14902,41.763],[24.14756,41.76289],[24.1464,41.76104],[24.14768,41.75995],[24.14735,41.75946],[24.14853,41.75817],[24.14805,41.7578],[24.14718,41.75785],[24.14634,41.75972],[24.14451,41.76049],[24.1411,41.763],[24.14006,41.763],[24.1375,41.76027],[24.13673,41.76051],[24.13891,41.76277],[24.13915,41.76364],[24.14202,41.7636],[24.14521,41.76141],[24.14669,41.76282],[24.14605,41.76427],[24.1472,41.76419],[24.14732,41.76455],[24.14599,41.76556],[24.14599,41.76611],[24.14833,41.76735],[24.14936,41.76705],[24.14928,41.76619],[24.15245,41.76578],[24.15251,41.76487],[24.15336,41.76478],[24.15422,41.76606],[24.15306,41.7672],[24.1519,41.76647],[24.15111,41.76651],[24.14758,41.76866],[24.14831,41.76898],[24.14981,41.76864],[24.1499,41.76989],[24.15063,41.77012],[24.156,41.76952],[24.15802,41.77171],[24.15893,41.77158],[24.15948,41.77208]],[[24.01971,41.74608],[24.022,41.74416],[24.01883,41.7421],[24.01899,41.74147],[24.02181,41.74053],[24.02471,41.74108],[24.02557,41.74],[24.0264,41.73997],[24.02921,41.74209],[24.02999,41.74117],[24.02927,41.73887],[24.03239,41.73836],[24.03229,41.73601],[24.0343,41.73551],[24.03472,41.73505],[24.03463,41.73372],[24.02691,41.73441],[24.01886,41.73714],[24.02005,41.73497],[24.01574,41.73565],[24.01448,41.73797],[24.0144,41.73917],[24.01562,41.74146],[24.01485,41.74266],[24.01971,41.74608]],[[24.25058,41.64492],[24.25209,41.64428],[24.25397,41.64451],[24.25431,41.64418],[24.25476,41.643],[24.25167,41.64126],[24.25422,41.63916],[24.25555,41.63723],[24.25319,41.63632],[24.253,41.6354],[24.25149,41.63467],[24.24847,41.63757],[24.24725,41.63805],[24.24764,41.63894],[24.24342,41.6392],[24.24236,41.64044],[24.24251,41.64324],[24.24342,41.64383],[24.24573,41.64452],[24.24834,41.64387],[24.25058,41.64492]],[[24.28959,41.68896],[24.29107,41.68694],[24.29313,41.68698],[24.29931,41.68534],[24.30031,41.68447],[24.30112,41.68324],[24.30048,41.67851],[24.29987,41.67803],[24.29474,41.68321],[24.29322,41.6823],[24.29146,41.68349],[24.28951,41.68276],[24.28916,41.68381],[24.28971,41.68458],[24.28839,41.6859],[24.28196,41.68705],[24.28355,41.68905],[24.28763,41.68945],[24.28835,41.6889],[24.28959,41.68896]],[[24.64019,41.46892],[24.64001,41.46926],[24.64154,41.46964],[24.64229,41.4682],[24.64176,41.46756],[24.64306,41.46563],[24.64084,41.46491],[24.64037,41.46188],[24.63754,41.45954],[24.63735,41.45876],[24.63437,41.45795],[24.63368,41.45987],[24.63251,41.46044],[24.63172,41.45875],[24.63069,41.45799],[24.62822,41.4577],[24.62789,41.45708],[24.62665,41.45756],[24.62635,41.45819],[24.62688,41.45866],[24.62986,41.45956],[24.63117,41.46133],[24.63468,41.4616],[24.63284,41.46281],[24.63417,41.464],[24.63643,41.46461],[24.63957,41.46656],[24.64028,41.46771],[24.64019,41.46892]],[[24.47538,41.71986],[24.47611,41.71954],[24.47562,41.71844],[24.47706,41.71575],[24.47668,41.71447],[24.47234,41.71193],[24.46985,41.71234],[24.47114,41.71438],[24.46939,41.71535],[24.46983,41.71727],[24.46886,41.71754],[24.46814,41.71955],[24.47124,41.71918],[24.47216,41.71977],[24.47538,41.71986]],[[24.21689,41.57881],[24.21651,41.5793],[24.21706,41.5813],[24.21768,41.58191],[24.22598,41.58211],[24.22806,41.58135],[24.228,41.57842],[24.22441,41.57879],[24.22328,41.57679],[24.22205,41.57681],[24.21978,41.57781],[24.21895,41.57747],[24.21858,41.57759],[24.21847,41.57874],[24.21689,41.57881]],[[23.90348,41.81333],[23.90226,41.8138],[23.90172,41.81458],[23.90302,41.81567],[23.90467,41.81594],[23.90461,41.81824],[23.90508,41.81933],[23.90861,41.81775],[23.91148,41.81751],[23.91179,41.81714],[23.91177,41.81572],[23.90936,41.81376],[23.9111,41.81073],[23.91108,41.80927],[23.90996,41.80972],[23.90891,41.81203],[23.90763,41.81231],[23.90666,41.81314],[23.90348,41.81333]],[[24.4139,41.73537],[24.41189,41.73589],[24.41334,41.73688],[24.41724,41.73656],[24.42017,41.73927],[24.42333,41.73889],[24.42132,41.73698],[24.42198,41.73529],[24.42343,41.73387],[24.42265,41.7314],[24.42419,41.72866],[24.42315,41.72633],[24.4201,41.72598],[24.41963,41.72763],[24.4217,41.72849],[24.42043,41.7316],[24.42185,41.7342],[24.41912,41.73567],[24.4139,41.73537]],[[24.49017,41.61637],[24.49133,41.6176],[24.48714,41.62339],[24.48965,41.62359],[24.49385,41.61837],[24.4948,41.6158],[24.49657,41.61467],[24.49694,41.61367],[24.49902,41.61211],[24.49902,41.61119],[24.49847,41.61059],[24.49801,41.6107],[24.49228,41.61527],[24.48961,41.61432],[24.48829,41.61592],[24.49017,41.61637]],[[24.51467,41.72585],[24.51541,41.7264],[24.51825,41.7244],[24.51636,41.72285],[24.51733,41.72176],[24.5169,41.72017],[24.51537,41.71862],[24.51197,41.71793],[24.51167,41.71916],[24.51009,41.71975],[24.51039,41.72085],[24.51151,41.72376],[24.51467,41.72585]],[[24.37799,41.60395],[24.37888,41.60338],[24.38127,41.59746],[24.38024,41.59441],[24.37861,41.59391],[24.37871,41.59706],[24.37748,41.59733],[24.37328,41.59579],[24.37309,41.59715],[24.37455,41.5981],[24.37757,41.60394],[24.37799,41.60395]],[[24.51662,41.61116],[24.51729,41.6118],[24.51826,41.61016],[24.52016,41.61102],[24.52126,41.61097],[24.51952,41.60772],[24.51861,41.60427],[24.518,41.60381],[24.51471,41.60435],[24.51406,41.60564],[24.51138,41.60624],[24.5108,41.60731],[24.51332,41.60755],[24.51693,41.60907],[24.51736,41.60938],[24.51662,41.61116]],[[24.37698,41.70075],[24.37562,41.70212],[24.37618,41.70258],[24.37831,41.7023],[24.3806,41.70069],[24.38231,41.70087],[24.38276,41.69979],[24.37609,41.69649],[24.37568,41.69338],[24.37349,41.69137],[24.37064,41.68987],[24.36998,41.69092],[24.37129,41.69307],[24.37184,41.69311],[24.37292,41.69206],[24.37371,41.69301],[24.37469,41.69636],[24.37633,41.69831],[24.37698,41.70075]],[[24.59096,41.78272],[24.58955,41.7817],[24.58716,41.78099],[24.58506,41.77859],[24.58401,41.77877],[24.5841,41.78106],[24.58697,41.78187],[24.58857,41.78291],[24.5912,41.78609],[24.59112,41.78661],[24.59009,41.78703],[24.59147,41.78802],[24.5941,41.78791],[24.59522,41.78905],[24.59649,41.78872],[24.59623,41.78764],[24.59476,41.78569],[24.59321,41.78505],[24.593,41.78407],[24.59096,41.78272]],[[24.36994,41.66217],[24.37061,41.663],[24.37549,41.66434],[24.37903,41.66393],[24.37901,41.66224],[24.37839,41.66137],[24.37591,41.65969],[24.37006,41.66095],[24.36994,41.66217]],[[24.17113,41.8172],[24.17266,41.81711],[24.17009,41.81483],[24.16893,41.81214],[24.16703,41.81036],[24.16727,41.80902],[24.16678,41.80835],[24.16583,41.80833],[24.16471,41.80918],[24.16272,41.80796],[24.16041,41.80738],[24.15835,41.80567],[24.15756,41.80562],[24.15579,41.80727],[24.15628,41.80759],[24.15793,41.80676],[24.15915,41.808],[24.16201,41.80889],[24.16336,41.81008],[24.16514,41.81082],[24.16887,41.81492],[24.16942,41.81648],[24.17113,41.8172]],[[24.4245,41.71463],[24.42447,41.71354],[24.42201,41.71041],[24.41655,41.71027],[24.41605,41.7109],[24.41548,41.71336],[24.41583,41.71426],[24.41742,41.71388],[24.4245,41.71463]],[[24.50558,41.67873],[24.50656,41.67922],[24.50907,41.67873],[24.50976,41.67598],[24.50822,41.67517],[24.50739,41.67676],[24.50629,41.67663],[24.50662,41.67431],[24.50502,41.67354],[24.50543,41.67227],[24.50433,41.67177],[24.50324,41.6725],[24.50177,41.67237],[24.501,41.67401],[24.50464,41.67556],[24.50465,41.67614],[24.50348,41.67668],[24.50558,41.67873]],[[24.02835,41.54968],[24.02686,41.54985],[24.02594,41.55244],[24.02608,41.55381],[24.03301,41.55352],[24.0337,41.55311],[24.03369,41.55153],[24.03274,41.55024],[24.02984,41.54917],[24.02835,41.54968]]],[[[24.1596,41.6574],[24.15789,41.65824],[24.15747,41.65803],[24.15619,41.65661],[24.15905,41.65722],[24.15801,41.65629],[24.15874,41.65565],[24.15844,41.65416],[24.15722,41.65387],[24.15622,41.65289],[24.15364,41.65236],[24.15545,41.65217],[24.15549,41.65138],[24.15619,41.6514],[24.15806,41.65263],[24.16069,41.65256],[24.1596,41.65346],[24.15937,41.65476],[24.16089,41.65612],[24.1596,41.6574]]],[[[24.15423,41.64722],[24.15459,41.64781],[24.15385,41.64873],[24.15352,41.64775],[24.15423,41.64722]]]]},"properties":{"SiteCode":"BG0001030","SiteNameBG":"Родопи - Западни","SiteType":"SCI","SiteArea":272730.75537299999,"naturaClass":"habitats"}},{"type":"Feature","geometry":{"type":"Polygon","coordinates":[[[24.91629,41.44773],[24.90842,41.45338],[24.90283,41.45327],[24.90348,41.45034],[24.90268,41.44686],[24.89244,41.44717],[24.88978,41.44859],[24.88345,41.44897],[24.8811,41.44761],[24.88033,41.44449],[24.87711,41.44312],[24.8819,41.44321],[24.88434,41.44178],[24.88504,41.44032],[24.88832,41.43988],[24.8893,41.43663],[24.89462,41.43361],[24.89791,41.43285],[24.89938,41.43435],[24.90177,41.43456],[24.90289,41.43376],[24.90098,41.43225],[24.90124,41.43078],[24.90452,41.43035],[24.9065,41.42957],[24.90657,41.4276],[24.90789,41.42714],[24.90982,41.42799],[24.91179,41.4277],[24.91306,41.42871],[24.91034,41.4321],[24.91165,41.43212],[24.91727,41.42972],[24.91629,41.42895],[24.91641,41.4253],[24.9177,41.42177],[24.9174,41.42143],[24.91342,41.42225],[24.90389,41.41844],[24.90378,41.41936],[24.90197,41.42162],[24.89911,41.42272],[24.89472,41.42378],[24.89059,41.42371],[24.88815,41.42497],[24.88354,41.4262],[24.8818,41.42617],[24.88189,41.42355],[24.88624,41.42363],[24.89114,41.42011],[24.89422,41.41902],[24.89275,41.41736],[24.89165,41.41783],[24.88993,41.41698],[24.88806,41.41448],[24.87529,41.41425],[24.873,41.41653],[24.85822,41.40994],[24.8529,41.40958],[24.8508,41.41053],[24.84981,41.40994],[24.85132,41.40955],[24.84601,41.41069],[24.84518,41.41214],[24.84536,41.41443],[24.8471,41.41541],[24.84704,41.41712],[24.8455,41.41786],[24.83261,41.41761],[24.83181,41.41874],[24.82676,41.41865],[24.82424,41.41822],[24.8244,41.41514],[24.82282,41.41293],[24.81381,41.41188],[24.8118,41.41208],[24.81195,41.41134],[24.80228,41.4069],[24.7982,41.40664],[24.7973,41.40704],[24.79681,41.40655],[24.78926,41.40556],[24.78603,41.40435],[24.78248,41.40428],[24.78192,41.40338],[24.7753,41.40192],[24.77559,41.40244],[24.77026,41.40309],[24.76144,41.40197],[24.75951,41.40233],[24.75961,41.40384],[24.75924,41.4043],[24.76079,41.40634],[24.76068,41.40957],[24.76263,41.4117],[24.76341,41.41096],[24.7651,41.41347],[24.76711,41.4137],[24.76942,41.41279],[24.77219,41.41322],[24.77237,41.41513],[24.76797,41.41809],[24.76784,41.4219],[24.7673,41.42284],[24.76489,41.41936],[24.75656,41.41901],[24.75575,41.42052],[24.75669,41.42263],[24.7564,41.42358],[24.75084,41.42347],[24.74718,41.42253],[24.74226,41.42292],[24.7397,41.42382],[24.73768,41.42378],[24.73886,41.42628],[24.73809,41.42645],[24.73413,41.42409],[24.73481,41.41898],[24.73251,41.41968],[24.73087,41.42308],[24.72855,41.42436],[24.72672,41.42604],[24.72441,41.42695],[24.71532,41.42658],[24.71175,41.42746],[24.70942,41.42893],[24.70689,41.42888],[24.70593,41.42753],[24.70657,41.42355],[24.70581,41.42073],[24.70892,41.42119],[24.7101,41.42053],[24.71572,41.41948],[24.71758,41.41984],[24.72174,41.41638],[24.72335,41.41628],[24.72584,41.41752],[24.73053,41.41621],[24.73249,41.41509],[24.73478,41.413],[24.73513,41.41139],[24.73382,41.40746],[24.73419,41.40604],[24.73615,41.40355],[24.73679,41.40154],[24.73867,41.39898],[24.73841,41.398],[24.73629,41.39726],[24.73865,41.39506],[24.74023,41.39246],[24.74353,41.39127],[24.74175,41.388],[24.74465,41.38708],[24.74685,41.3854],[24.74535,41.38321],[24.74656,41.38072],[24.74887,41.38029],[24.75288,41.37852],[24.75549,41.37818],[24.75733,41.37645],[24.75877,41.37687],[24.76183,41.37587],[24.76186,41.3739],[24.76047,41.37265],[24.76051,41.37189],[24.76251,41.36985],[24.76652,41.36743],[24.76987,41.3646],[24.77677,41.36375],[24.77808,41.36124],[24.78859,41.35953],[24.79016,41.3582],[24.7908,41.35611],[24.79435,41.35359],[24.7952,41.35217],[24.80098,41.34766],[24.80414,41.34586],[24.80505,41.34765],[24.80643,41.34801],[24.80808,41.34739],[24.81008,41.34917],[24.81141,41.34847],[24.81243,41.34882],[24.81622,41.35452],[24.81633,41.35564],[24.81531,41.35691],[24.81599,41.35888],[24.81631,41.36237],[24.81765,41.36399],[24.81562,41.36518],[24.8154,41.36882],[24.81451,41.37051],[24.81749,41.37247],[24.81702,41.37503],[24.81786,41.37998],[24.81982,41.38268],[24.82213,41.38432],[24.82255,41.38523],[24.82154,41.38732],[24.82127,41.39063],[24.81896,41.3965],[24.81972,41.3982],[24.81897,41.39959],[24.81935,41.40121],[24.82278,41.40073],[24.82753,41.40101],[24.83248,41.39956],[24.833,41.39851],[24.83404,41.39831],[24.83837,41.39814],[24.84015,41.39869],[24.84223,41.39867],[24.84441,41.39946],[24.84834,41.39967],[24.85239,41.39881],[24.85447,41.3993],[24.85499,41.39913],[24.85596,41.39595],[24.85698,41.39508],[24.86038,41.39411],[24.86181,41.39325],[24.86204,41.39262],[24.86507,41.39148],[24.86795,41.3908],[24.87111,41.39096],[24.87252,41.39215],[24.87373,41.39247],[24.87466,41.3938],[24.87561,41.39396],[24.87711,41.39395],[24.88134,41.39247],[24.88233,41.39264],[24.88329,41.39439],[24.8833,41.39542],[24.88432,41.39641],[24.88544,41.3991],[24.88877,41.4],[24.89551,41.40615],[24.89814,41.40699],[24.89912,41.40788],[24.90122,41.40804],[24.90251,41.4076],[24.90377,41.40801],[24.90782,41.40717],[24.91167,41.40836],[24.91671,41.40843],[24.91765,41.40573],[24.91743,41.4051],[24.91805,41.40435],[24.92059,41.40218],[24.92234,41.40265],[24.92372,41.4021],[24.92579,41.39881],[24.92697,41.39796],[24.92718,41.3971],[24.93097,41.39578],[24.935,41.39189],[24.93734,41.39129],[24.9389,41.39021],[24.93964,41.38838],[24.94126,41.38641],[24.9444,41.38715],[24.94647,41.38668],[24.94745,41.38592],[24.94906,41.38727],[24.95264,41.38792],[24.95481,41.38657],[24.95625,41.38695],[24.95732,41.38668],[24.95829,41.38472],[24.96181,41.38276],[24.96365,41.38288],[24.96456,41.38342],[24.9659,41.3829],[24.96769,41.38106],[24.9716,41.37948],[24.97286,41.37835],[24.97614,41.37722],[24.97791,41.37593],[24.98106,41.37628],[24.98228,41.37765],[24.98604,41.37655],[24.9893,41.37703],[24.99695,41.37401],[24.99988,41.37368],[25.00172,41.3744],[25.00311,41.37356],[25.00843,41.37277],[25.00325,41.37495],[25.00873,41.37337],[25.00821,41.37544],[25.01095,41.37815],[25.02808,41.38286],[25.03435,41.38349],[25.03581,41.38315],[25.03703,41.38722],[25.04256,41.38942],[25.04237,41.39574],[25.04513,41.39684],[25.04628,41.40528],[25.03994,41.40675],[25.03503,41.40719],[25.03488,41.41245],[25.02931,41.41183],[25.02967,41.41225],[25.0117,41.41194],[25.0053,41.41044],[25.00211,41.409],[25.0022,41.40622],[25.00045,41.40307],[25.00143,41.40135],[25.0001,41.39959],[25.00242,41.39894],[25.00251,41.39617],[25.00299,41.39505],[24.99707,41.39127],[24.99761,41.39053],[24.99257,41.38975],[24.99081,41.38972],[24.98558,41.39205],[24.9851,41.39274],[24.98872,41.39489],[24.98773,41.39695],[24.98862,41.39801],[24.98762,41.40077],[24.98574,41.40177],[24.97831,41.40373],[24.97462,41.40366],[24.97329,41.4019],[24.9709,41.40283],[24.96875,41.40642],[24.96647,41.40768],[24.96592,41.40742],[24.96557,41.40611],[24.9661,41.40364],[24.96497,41.40206],[24.96519,41.40038],[24.9623,41.40163],[24.96222,41.40268],[24.95966,41.40222],[24.95714,41.40243],[24.95505,41.4039],[24.9529,41.40323],[24.95148,41.40388],[24.94972,41.40309],[24.94777,41.40293],[24.94598,41.40166],[24.94487,41.4023],[24.94622,41.40358],[24.94176,41.40516],[24.9408,41.4078],[24.94751,41.41165],[24.95348,41.4101],[24.9563,41.41015],[24.96019,41.41104],[24.96079,41.41285],[24.96437,41.41668],[24.96692,41.41853],[24.96704,41.42181],[24.96498,41.42488],[24.96281,41.42485],[24.95267,41.42893],[24.94745,41.42883],[24.94654,41.42996],[24.9427,41.43142],[24.94321,41.43716],[24.93902,41.43709],[24.93547,41.4386],[24.93251,41.44381],[24.91629,41.44773]]]},"properties":{"SiteCode":"BG0000372","SiteNameBG":"Циганско градище","SiteType":"SCI","SiteArea":9555.7407355199994,"naturaClass":"habitats"}},{"type":"Feature","geometry":{"type":"Polygon","coordinates":[[[23.23315,41.39425],[23.23057,41.39432],[23.22987,41.39579],[23.22889,41.39582],[23.21934,41.39224],[23.21237,41.39236],[23.20735,41.38977],[23.2056,41.38609],[23.20577,41.38413],[23.20362,41.38414],[23.20354,41.3879],[23.20248,41.3889],[23.19985,41.38841],[23.2,41.39],[23.19926,41.39017],[23.19728,41.38854],[23.19239,41.38775],[23.18899,41.38524],[23.18724,41.38621],[23.18534,41.38643],[23.17824,41.38411],[23.17602,41.3823],[23.17482,41.38192],[23.16965,41.38268],[23.1668,41.38224],[23.16025,41.37967],[23.15732,41.3778],[23.15508,41.37516],[23.15067,41.37377],[23.14939,41.37109],[23.14749,41.3689],[23.14764,41.36699],[23.1462,41.36673],[23.14487,41.36765],[23.14099,41.36676],[23.13794,41.36733],[23.13173,41.36443],[23.12961,41.3639],[23.12968,41.36147],[23.12802,41.36101],[23.12624,41.36086],[23.12497,41.3616],[23.1227,41.36146],[23.12,41.36228],[23.11606,41.36052],[23.11391,41.36183],[23.10865,41.36204],[23.10508,41.36099],[23.10219,41.36155],[23.0996,41.3608],[23.09954,41.36284],[23.09587,41.36594],[23.09234,41.36789],[23.0921,41.36851],[23.09259,41.36957],[23.08454,41.36964],[23.08455,41.37213],[23.0838,41.37287],[23.08235,41.37329],[23.07852,41.37072],[23.07487,41.37009],[23.07261,41.36886],[23.07186,41.36801],[23.07215,41.36722],[23.07118,41.36601],[23.07233,41.36329],[23.07246,41.36163],[23.07152,41.36112],[23.06844,41.3608],[23.06759,41.36147],[23.06786,41.36384],[23.06754,41.36436],[23.06275,41.36466],[23.06131,41.366],[23.05983,41.36655],[23.05849,41.36641],[23.05636,41.3649],[23.05412,41.36453],[23.05188,41.36327],[23.05309,41.36114],[23.05213,41.36053],[23.0446,41.36145],[23.04334,41.3611],[23.04222,41.36312],[23.0325,41.36609],[23.02621,41.36354],[23.02462,41.35998],[23.02153,41.35973],[23.02016,41.35873],[23.01745,41.35863],[23.01692,41.36017],[23.01467,41.36],[23.01109,41.36053],[23.00556,41.36325],[23.00258,41.36351],[23.0007,41.36349],[22.99931,41.36241],[22.99675,41.36149],[22.99451,41.3596],[22.98774,41.36064],[22.985,41.35986],[22.98234,41.36158],[22.98405,41.36282],[22.98322,41.36391],[22.98063,41.36348],[22.97691,41.36481],[22.97459,41.36483],[22.97192,41.3641],[22.96918,41.36202],[22.96924,41.36141],[22.96841,41.36073],[22.96662,41.36067],[22.96695,41.35926],[22.96556,41.3597],[22.96505,41.35815],[22.96558,41.35346],[22.95282,41.35249],[22.94893,41.35169],[22.94419,41.34659],[22.94005,41.34376],[22.93763,41.34129],[22.93631,41.34076],[22.93588,41.3411],[22.93503,41.33962],[22.94897,41.33586],[22.95142,41.33601],[22.95328,41.33516],[22.95579,41.33528],[22.95971,41.334],[22.96881,41.33362],[22.97395,41.33249],[22.97529,41.33252],[22.9769,41.33353],[22.97818,41.33358],[22.98324,41.33554],[22.99637,41.33197],[23.01586,41.32862],[23.02111,41.3296],[23.02289,41.33175],[23.02383,41.33387],[23.02654,41.33476],[23.02917,41.33341],[23.03642,41.33188],[23.03845,41.33222],[23.04482,41.32949],[23.05027,41.32632],[23.05427,41.32672],[23.0575,41.32446],[23.05999,41.32412],[23.06099,41.32461],[23.06467,41.3239],[23.07629,41.32005],[23.08739,41.31936],[23.09357,41.31842],[23.09515,41.31728],[23.10223,41.31747],[23.10613,41.31666],[23.11191,41.31798],[23.11659,41.32047],[23.12055,41.32027],[23.12339,41.32081],[23.12609,41.32011],[23.13192,41.32079],[23.13633,41.3202],[23.14299,41.32064],[23.14604,41.31997],[23.14893,41.32069],[23.15912,41.32153],[23.16246,41.32243],[23.1672,41.32156],[23.16908,41.32065],[23.17477,41.3213],[23.18012,41.31883],[23.1809,41.31889],[23.1842,41.321],[23.18879,41.32277],[23.19216,41.32227],[23.19967,41.32282],[23.201,41.32428],[23.20535,41.3256],[23.20741,41.32759],[23.21591,41.33037],[23.2166,41.33119],[23.22035,41.33278],[23.2211,41.33417],[23.22539,41.33763],[23.2253,41.34095],[23.23077,41.34796],[23.23152,41.35057],[23.23108,41.35176],[23.2291,41.35412],[23.22974,41.35663],[23.22853,41.35792],[23.22861,41.35965],[23.22597,41.36557],[23.22611,41.36775],[23.23158,41.37097],[23.23173,41.37496],[23.2324,41.37594],[23.23628,41.3768],[23.24046,41.37698],[23.23959,41.3781],[23.24113,41.37704],[23.24162,41.38108],[23.24078,41.38669],[23.23826,41.39011],[23.23609,41.39089],[23.23315,41.39425]]]},"properties":{"SiteCode":"BG0000167","SiteNameBG":"Беласица","SiteType":"SCI","SiteArea":11587.767685500001,"naturaClass":"habitats"}},{"type":"Feature","geometry":{"type":"Polygon","coordinates":[[[23.20686,41.60209],[23.20468,41.60532],[23.2012,41.6064],[23.20115,41.60724],[23.19866,41.60738],[23.1927,41.60548],[23.18636,41.60218],[23.17789,41.60027],[23.17594,41.60048],[23.17539,41.59721],[23.17491,41.59675],[23.17322,41.59632],[23.17068,41.59669],[23.16687,41.59512],[23.16701,41.5945],[23.1682,41.5942],[23.16619,41.59276],[23.16689,41.59201],[23.16899,41.59177],[23.1722,41.5946],[23.17403,41.59328],[23.17405,41.59255],[23.17316,41.59112],[23.16949,41.5891],[23.16496,41.58865],[23.15854,41.58575],[23.15757,41.58379],[23.15753,41.5811],[23.15921,41.57983],[23.16041,41.58],[23.16124,41.58127],[23.16228,41.5819],[23.16633,41.5829],[23.17098,41.58482],[23.17565,41.58913],[23.17781,41.58998],[23.17838,41.58912],[23.17414,41.58327],[23.17568,41.58061],[23.17541,41.57861],[23.17329,41.57859],[23.17241,41.57805],[23.17322,41.57733],[23.17496,41.57695],[23.17484,41.57624],[23.17271,41.57444],[23.17444,41.57399],[23.17567,41.5717],[23.17161,41.56777],[23.17306,41.56631],[23.17313,41.56559],[23.17188,41.56292],[23.16903,41.56126],[23.165,41.56057],[23.16424,41.55974],[23.16498,41.55796],[23.16499,41.55634],[23.16606,41.55519],[23.16533,41.55414],[23.16394,41.55386],[23.16204,41.5523],[23.16211,41.55175],[23.16521,41.55138],[23.16506,41.55095],[23.16448,41.55049],[23.16256,41.55045],[23.16198,41.54965],[23.15961,41.54921],[23.15773,41.54814],[23.15722,41.54807],[23.15623,41.54898],[23.15412,41.54723],[23.15043,41.54642],[23.14783,41.54474],[23.14612,41.54439],[23.14566,41.54323],[23.14186,41.54235],[23.13992,41.54353],[23.13859,41.54357],[23.13874,41.54224],[23.13803,41.54146],[23.13822,41.54059],[23.13691,41.53948],[23.13657,41.53819],[23.13494,41.53841],[23.1339,41.53698],[23.13175,41.53677],[23.1301,41.53562],[23.12893,41.53658],[23.12713,41.53606],[23.12675,41.53716],[23.12563,41.53766],[23.12292,41.53498],[23.12046,41.53436],[23.12603,41.54302],[23.1255,41.54364],[23.12393,41.54349],[23.12289,41.54418],[23.12262,41.54629],[23.12321,41.54676],[23.12326,41.54749],[23.1228,41.54822],[23.12445,41.54833],[23.12548,41.54934],[23.12222,41.54983],[23.12215,41.55029],[23.12471,41.55136],[23.12476,41.55199],[23.12235,41.55269],[23.12188,41.55345],[23.1237,41.55407],[23.12454,41.55652],[23.12561,41.55661],[23.12626,41.55735],[23.12668,41.55735],[23.12694,41.55611],[23.12774,41.55547],[23.12821,41.55588],[23.12832,41.55703],[23.12971,41.55685],[23.12963,41.5575],[23.12723,41.55877],[23.12634,41.56012],[23.12743,41.56086],[23.12849,41.56021],[23.12909,41.56035],[23.12878,41.56144],[23.12979,41.56191],[23.12942,41.56283],[23.13014,41.5632],[23.13024,41.56449],[23.13171,41.56558],[23.13111,41.56659],[23.12653,41.56683],[23.12494,41.56499],[23.12591,41.56306],[23.12389,41.56246],[23.12207,41.56374],[23.11944,41.56356],[23.11868,41.56626],[23.11894,41.56925],[23.11706,41.56952],[23.11462,41.56836],[23.11328,41.56828],[23.10808,41.56915],[23.10562,41.57034],[23.10526,41.57132],[23.10214,41.57169],[23.10114,41.57037],[23.09954,41.56967],[23.0948,41.56929],[23.09374,41.57041],[23.09287,41.57065],[23.09088,41.56975],[23.08966,41.57064],[23.08686,41.57123],[23.08661,41.57197],[23.08796,41.57271],[23.09108,41.57314],[23.09362,41.57515],[23.09342,41.57539],[23.09238,41.5757],[23.08864,41.5746],[23.08679,41.57455],[23.08526,41.57559],[23.08563,41.57752],[23.08519,41.57796],[23.08219,41.57627],[23.0828,41.57438],[23.08169,41.57344],[23.07994,41.57356],[23.08021,41.57519],[23.07901,41.57826],[23.07609,41.57743],[23.07526,41.57657],[23.0763,41.57622],[23.07548,41.5751],[23.07788,41.57571],[23.0786,41.57529],[23.07842,41.57487],[23.07669,41.57403],[23.07384,41.57385],[23.07333,41.5733],[23.07573,41.57219],[23.07542,41.57168],[23.07407,41.57108],[23.07049,41.57151],[23.06863,41.57029],[23.06508,41.56923],[23.06481,41.56865],[23.06517,41.56807],[23.06761,41.56734],[23.06905,41.56622],[23.06781,41.56548],[23.06414,41.56493],[23.06349,41.56519],[23.06289,41.56631],[23.06011,41.56658],[23.05962,41.56793],[23.05863,41.56887],[23.0589,41.56987],[23.05785,41.57028],[23.05809,41.57181],[23.05948,41.57293],[23.06155,41.57597],[23.0583,41.57526],[23.0577,41.57319],[23.05567,41.57109],[23.05471,41.57115],[23.05395,41.5726],[23.05237,41.57322],[23.05236,41.57409],[23.05376,41.57557],[23.05422,41.57912],[23.05137,41.57961],[23.05101,41.58033],[23.05269,41.58087],[23.05203,41.58164],[23.05219,41.58225],[23.05388,41.58395],[23.05228,41.58394],[23.0502,41.58279],[23.04597,41.58212],[23.04467,41.58504],[23.04489,41.58796],[23.04245,41.58815],[23.0405,41.58995],[23.03782,41.59146],[23.03697,41.59264],[23.03605,41.59214],[23.03327,41.59397],[23.03182,41.59437],[23.03163,41.59296],[23.03317,41.59254],[23.03256,41.5914],[23.03335,41.59067],[23.03341,41.58985],[23.03218,41.58838],[23.02971,41.58784],[23.02969,41.58691],[23.02908,41.58682],[23.0278,41.5875],[23.02698,41.58736],[23.02666,41.58773],[23.02707,41.58878],[23.02581,41.58953],[23.02532,41.59051],[23.02306,41.58981],[23.02296,41.58939],[23.02404,41.58857],[23.02336,41.58753],[23.02239,41.58748],[23.02151,41.58808],[23.0209,41.58906],[23.01924,41.59004],[23.01901,41.59085],[23.02131,41.59106],[23.02146,41.59209],[23.02102,41.59231],[23.01709,41.59254],[23.01381,41.59335],[23.00927,41.59237],[23.00896,41.5921],[23.00927,41.59164],[23.01126,41.59112],[23.01509,41.59198],[23.01931,41.58779],[23.0206,41.58538],[23.01893,41.58472],[23.0183,41.58211],[23.01578,41.57972],[23.0142,41.57674],[23.01322,41.57679],[23.01084,41.57944],[23.00959,41.58288],[23.00814,41.58279],[23.00666,41.58205],[23.00584,41.58129],[23.0056,41.57994],[23.00462,41.57931],[23.00299,41.57897],[23.00006,41.57957],[22.99732,41.57804],[22.99786,41.57719],[23.00073,41.57811],[23.00189,41.57773],[23.00201,41.57619],[23.00333,41.57482],[23.00204,41.57377],[23.00176,41.57292],[23.0031,41.5716],[23.00267,41.57041],[23.00127,41.56954],[23.0006,41.56845],[23.00109,41.56772],[23.00304,41.5674],[23.00335,41.56685],[23.00205,41.56637],[22.99896,41.56699],[22.99462,41.56617],[22.99402,41.56558],[22.99358,41.56359],[22.99535,41.55994],[22.99001,41.55851],[22.98912,41.55683],[22.98518,41.55377],[22.98421,41.55208],[22.98391,41.54998],[22.98462,41.54786],[22.98318,41.54766],[22.98205,41.54684],[22.97364,41.53572],[22.97117,41.5316],[22.97015,41.52796],[22.96681,41.52478],[22.96771,41.52408],[22.96572,41.52219],[22.96649,41.52217],[22.96576,41.52203],[22.96595,41.52159],[22.9687,41.52011],[22.96913,41.51877],[22.96975,41.5185],[22.97063,41.51698],[22.96985,41.51369],[22.96989,41.51093],[22.96897,41.50741],[22.96926,41.50592],[22.96894,41.50408],[22.96513,41.50139],[22.96216,41.50039],[22.96072,41.4993],[22.95714,41.49465],[22.95824,41.49328],[22.96059,41.49297],[22.96064,41.49202],[22.95982,41.49088],[22.9599,41.48981],[22.96086,41.48836],[22.96228,41.48374],[22.96167,41.48172],[22.96202,41.47927],[22.96088,41.47724],[22.96366,41.47547],[22.96783,41.47436],[22.9685,41.47463],[22.96978,41.47414],[22.97256,41.47544],[22.97712,41.47425],[22.97824,41.47266],[22.97375,41.47064],[22.97364,41.46906],[22.97689,41.46692],[22.97779,41.46325],[22.97652,41.46361],[22.97376,41.4619],[22.97408,41.45962],[22.97569,41.45954],[22.97647,41.45863],[22.9758,41.4578],[22.97777,41.45773],[22.97859,41.45615],[22.98055,41.45621],[22.97925,41.45439],[22.97939,41.45326],[22.98039,41.45307],[22.9813,41.45191],[22.9831,41.45254],[22.98544,41.45231],[22.98636,41.45311],[22.98833,41.45251],[22.98816,41.45097],[22.98658,41.45047],[22.9862,41.44945],[22.98521,41.44939],[22.98346,41.45028],[22.98249,41.44981],[22.98293,41.449],[22.98227,41.44835],[22.98276,41.44767],[22.98265,41.44675],[22.9835,41.44668],[22.98484,41.44795],[22.98536,41.44779],[22.98644,41.44699],[22.98653,41.44524],[22.98726,41.44441],[22.99198,41.44279],[22.99223,41.44356],[22.98909,41.44499],[22.98883,41.44572],[22.99072,41.44602],[22.98912,41.44692],[22.98891,41.44754],[22.99088,41.44767],[22.99321,41.44705],[22.99411,41.44856],[22.99453,41.44855],[22.99517,41.44809],[22.99511,41.44628],[22.99548,41.44592],[22.99803,41.4473],[22.99918,41.44594],[23.00221,41.44549],[23.00362,41.44428],[23.00185,41.43829],[23.00093,41.43736],[22.99881,41.43652],[22.99973,41.43531],[22.99968,41.43465],[22.99679,41.43368],[22.99621,41.43231],[22.99324,41.42939],[22.99338,41.42784],[22.99169,41.42687],[22.98951,41.42373],[22.98993,41.42176],[22.99172,41.4215],[22.99259,41.41952],[22.98925,41.41694],[22.98331,41.4148],[22.97644,41.40894],[22.97606,41.40111],[22.98279,41.40224],[22.99758,41.40052],[23.0051,41.3991],[23.0219,41.39941],[23.02602,41.40053],[23.0288,41.40076],[23.03432,41.39857],[23.03769,41.39813],[23.03989,41.39838],[23.04038,41.39912],[23.04183,41.39978],[23.04408,41.39832],[23.0456,41.39816],[23.04774,41.39714],[23.05005,41.39691],[23.0509,41.39616],[23.05513,41.39742],[23.06588,41.39865],[23.07014,41.40005],[23.06965,41.39998],[23.06638,41.40285],[23.0637,41.40212],[23.06055,41.40336],[23.0568,41.40298],[23.05636,41.4033],[23.05418,41.40641],[23.05423,41.40858],[23.05347,41.4096],[23.05151,41.4101],[23.05025,41.41114],[23.0501,41.41208],[23.05072,41.41337],[23.05003,41.41413],[23.05024,41.4152],[23.04857,41.41779],[23.04758,41.41811],[23.04729,41.41771],[23.04754,41.41588],[23.04667,41.41435],[23.04544,41.41479],[23.04493,41.41587],[23.04287,41.41736],[23.04179,41.41722],[23.04133,41.41645],[23.03992,41.41624],[23.03962,41.41732],[23.03889,41.41778],[23.03777,41.4167],[23.03695,41.4166],[23.03649,41.4173],[23.03801,41.4197],[23.03798,41.42033],[23.0371,41.42047],[23.03621,41.4193],[23.03561,41.4197],[23.03566,41.42085],[23.0336,41.42164],[23.03359,41.422],[23.03808,41.42329],[23.03823,41.42423],[23.03603,41.4243],[23.03612,41.42494],[23.0404,41.4267],[23.04338,41.43049],[23.04399,41.4306],[23.0447,41.42958],[23.04521,41.42958],[23.04539,41.43128],[23.04667,41.43178],[23.04747,41.4331],[23.04998,41.43296],[23.05132,41.43373],[23.05307,41.43359],[23.05481,41.43452],[23.05836,41.43513],[23.06057,41.43609],[23.06023,41.43822],[23.05944,41.43904],[23.05998,41.4404],[23.05827,41.44114],[23.0593,41.44258],[23.05814,41.44372],[23.05838,41.44493],[23.05771,41.44534],[23.05762,41.44632],[23.05616,41.44634],[23.05593,41.44804],[23.05446,41.44868],[23.05107,41.44852],[23.04877,41.44744],[23.04743,41.44812],[23.04613,41.44809],[23.04573,41.44887],[23.0463,41.44974],[23.04517,41.45032],[23.04326,41.44948],[23.0421,41.44827],[23.03967,41.44915],[23.04042,41.45254],[23.04248,41.45483],[23.04221,41.45634],[23.04148,41.45692],[23.04023,41.45515],[23.03934,41.45471],[23.03806,41.45622],[23.03622,41.45671],[23.0368,41.4574],[23.03884,41.45806],[23.03934,41.45945],[23.04084,41.46029],[23.04085,41.4618],[23.0418,41.46274],[23.0411,41.46364],[23.04031,41.46359],[23.03757,41.46123],[23.03574,41.46098],[23.03404,41.4595],[23.02831,41.46078],[23.02882,41.46153],[23.02804,41.46338],[23.02734,41.46382],[23.02527,41.46217],[23.02348,41.46259],[23.0221,41.461],[23.0199,41.46104],[23.01953,41.46186],[23.0223,41.46403],[23.02187,41.46495],[23.02087,41.46506],[23.02076,41.46577],[23.019,41.46621],[23.01377,41.46447],[23.01147,41.46584],[23.01433,41.46994],[23.0182,41.47431],[23.02405,41.47551],[23.02401,41.47852],[23.02254,41.4808],[23.03079,41.48398],[23.02648,41.48662],[23.02643,41.48819],[23.02543,41.48871],[23.0264,41.48908],[23.02634,41.49067],[23.02354,41.49013],[23.02296,41.49137],[23.02112,41.49234],[23.02174,41.49323],[23.02276,41.49362],[23.02274,41.49481],[23.02395,41.49575],[23.03328,41.49357],[23.03542,41.4926],[23.03668,41.4913],[23.04151,41.49098],[23.04843,41.49126],[23.04946,41.49056],[23.04989,41.48927],[23.05166,41.48739],[23.05347,41.48652],[23.05414,41.48461],[23.05591,41.48397],[23.05607,41.48307],[23.0589,41.48191],[23.05958,41.48104],[23.0596,41.47975],[23.06142,41.47924],[23.06191,41.47661],[23.06453,41.47908],[23.06803,41.4791],[23.06935,41.47999],[23.06925,41.4808],[23.06974,41.4815],[23.06882,41.48298],[23.0693,41.48394],[23.07064,41.48444],[23.0744,41.48448],[23.07475,41.48524],[23.07379,41.48697],[23.07422,41.48729],[23.07786,41.48749],[23.08016,41.48631],[23.08374,41.48731],[23.08604,41.48733],[23.08725,41.48872],[23.08762,41.4901],[23.09054,41.49012],[23.09246,41.49088],[23.09366,41.49397],[23.09719,41.49624],[23.09882,41.49981],[23.10034,41.50165],[23.10317,41.50413],[23.10593,41.50566],[23.1081,41.5049],[23.10991,41.50266],[23.11082,41.50244],[23.11049,41.50395],[23.11096,41.50432],[23.11003,41.50647],[23.11103,41.50708],[23.11262,41.50696],[23.11311,41.50933],[23.11357,41.50975],[23.11468,41.50996],[23.11528,41.50904],[23.11812,41.51022],[23.11977,41.50968],[23.12002,41.50908],[23.12287,41.5088],[23.12434,41.5093],[23.12398,41.51123],[23.12585,41.51119],[23.12714,41.51012],[23.12973,41.51105],[23.13287,41.50796],[23.13365,41.50797],[23.13605,41.51012],[23.13416,41.51343],[23.13211,41.51416],[23.12901,41.51389],[23.12426,41.51606],[23.12407,41.5167],[23.12478,41.51721],[23.12638,41.51682],[23.1272,41.5176],[23.12852,41.51775],[23.12887,41.51853],[23.12817,41.51896],[23.12952,41.51942],[23.13201,41.5192],[23.13168,41.52045],[23.13487,41.52381],[23.13571,41.5235],[23.13781,41.52438],[23.14202,41.5234],[23.14238,41.52282],[23.14375,41.52306],[23.15205,41.5218],[23.15167,41.52154],[23.15392,41.52085],[23.15595,41.51933],[23.15719,41.51937],[23.15669,41.51885],[23.15807,41.51922],[23.15808,41.51876],[23.15557,41.51705],[23.15559,41.51604],[23.15787,41.51688],[23.15867,41.51583],[23.16009,41.51649],[23.16122,41.51567],[23.16481,41.51776],[23.16542,41.51731],[23.16765,41.51774],[23.17295,41.51706],[23.1719,41.51402],[23.1703,41.51217],[23.16773,41.51041],[23.16934,41.51026],[23.17236,41.51173],[23.17349,41.51289],[23.17439,41.5153],[23.17578,41.516],[23.1764,41.51566],[23.17559,41.51311],[23.17607,41.50997],[23.17868,41.50877],[23.17944,41.51061],[23.17983,41.51056],[23.18113,41.50893],[23.18115,41.50707],[23.1816,41.50636],[23.18383,41.50693],[23.1842,41.50648],[23.18398,41.50542],[23.18458,41.50538],[23.1865,41.50641],[23.18528,41.50351],[23.18299,41.50266],[23.18129,41.50338],[23.18008,41.50333],[23.17968,41.50257],[23.17747,41.50196],[23.17572,41.50063],[23.17519,41.49895],[23.1738,41.49861],[23.17157,41.4969],[23.16921,41.49593],[23.16363,41.49193],[23.15589,41.48975],[23.15275,41.48943],[23.15018,41.48804],[23.14955,41.48674],[23.15017,41.48566],[23.14937,41.48369],[23.14942,41.48138],[23.14837,41.48077],[23.14265,41.4818],[23.14338,41.48062],[23.14263,41.48007],[23.13878,41.48174],[23.13332,41.48234],[23.12732,41.48515],[23.12433,41.48603],[23.12198,41.48842],[23.11957,41.48849],[23.11563,41.48736],[23.1147,41.48575],[23.11292,41.4847],[23.11304,41.48272],[23.11229,41.4821],[23.11161,41.4803],[23.11197,41.47873],[23.11155,41.47693],[23.10906,41.47448],[23.10749,41.47371],[23.10826,41.46981],[23.10571,41.46901],[23.10185,41.46924],[23.10154,41.47017],[23.0996,41.46969],[23.09968,41.46829],[23.09901,41.4677],[23.10045,41.46448],[23.10027,41.46257],[23.09924,41.46161],[23.09854,41.46002],[23.09432,41.45981],[23.0923,41.45889],[23.09151,41.45684],[23.09129,41.45394],[23.09008,41.45149],[23.08745,41.44838],[23.08742,41.4455],[23.08634,41.44454],[23.08763,41.44044],[23.08998,41.43829],[23.09357,41.43293],[23.09789,41.42782],[23.10278,41.42564],[23.1039,41.4268],[23.1061,41.42732],[23.10885,41.42596],[23.11033,41.42612],[23.11085,41.4267],[23.11695,41.42713],[23.12214,41.4312],[23.12444,41.43107],[23.13087,41.43296],[23.13094,41.4342],[23.1286,41.44074],[23.1345,41.44279],[23.13481,41.44348],[23.14015,41.44545],[23.14392,41.44569],[23.1462,41.44387],[23.14747,41.4437],[23.14791,41.44457],[23.14796,41.44714],[23.15025,41.44864],[23.14862,41.45137],[23.14885,41.45228],[23.15087,41.45356],[23.15615,41.45542],[23.15664,41.45665],[23.15799,41.45759],[23.15997,41.45713],[23.16468,41.4575],[23.16662,41.45697],[23.16785,41.45741],[23.16787,41.45799],[23.17328,41.45829],[23.17483,41.4603],[23.17764,41.46127],[23.17803,41.46176],[23.17645,41.46631],[23.17689,41.46763],[23.17638,41.46922],[23.18039,41.47053],[23.18097,41.47053],[23.18202,41.46952],[23.18595,41.46978],[23.18736,41.47065],[23.18786,41.47307],[23.18889,41.47355],[23.19068,41.47347],[23.19344,41.47466],[23.19355,41.47512],[23.18259,41.47606],[23.1821,41.47679],[23.18268,41.47882],[23.18229,41.47918],[23.17922,41.47887],[23.17728,41.48024],[23.1752,41.48379],[23.17346,41.48405],[23.17328,41.48731],[23.17729,41.48786],[23.17839,41.48933],[23.17979,41.48991],[23.18313,41.49002],[23.18758,41.49143],[23.18989,41.49163],[23.1897,41.49068],[23.19232,41.48992],[23.19414,41.4875],[23.19598,41.48633],[23.19689,41.48507],[23.19345,41.48407],[23.19332,41.4832],[23.19486,41.4827],[23.19715,41.48354],[23.19839,41.48282],[23.20065,41.48251],[23.2022,41.48004],[23.20476,41.48028],[23.20669,41.47943],[23.20763,41.48003],[23.20688,41.48107],[23.20348,41.48251],[23.20311,41.48422],[23.20202,41.48522],[23.20308,41.48532],[23.20719,41.48295],[23.20915,41.48307],[23.20996,41.47987],[23.21169,41.47849],[23.21262,41.47653],[23.21363,41.47559],[23.21381,41.47326],[23.21557,41.4725],[23.21671,41.47249],[23.21573,41.47591],[23.21588,41.47944],[23.21654,41.47994],[23.2161,41.48204],[23.2166,41.48345],[23.21795,41.48447],[23.22192,41.48446],[23.2273,41.4834],[23.2307,41.48483],[23.23252,41.4845],[23.23491,41.48526],[23.23762,41.48491],[23.2387,41.48596],[23.24095,41.48569],[23.24219,41.48652],[23.24398,41.48635],[23.24476,41.4871],[23.24569,41.48723],[23.24661,41.48645],[23.24825,41.48629],[23.24872,41.48499],[23.24931,41.48461],[23.25078,41.48549],[23.25393,41.48452],[23.25639,41.48435],[23.25656,41.48491],[23.25543,41.48595],[23.25295,41.48608],[23.24825,41.48774],[23.24616,41.48946],[23.24666,41.48995],[23.24941,41.49049],[23.24927,41.49109],[23.24799,41.49195],[23.24795,41.4926],[23.25044,41.49351],[23.25071,41.49466],[23.2525,41.49451],[23.25031,41.50894],[23.25023,41.51199],[23.24888,41.51451],[23.24569,41.51685],[23.24485,41.51658],[23.24198,41.51843],[23.24048,41.51805],[23.23896,41.51896],[23.22789,41.51388],[23.22423,41.51396],[23.22368,41.5144],[23.22471,41.5155],[23.22819,41.51758],[23.23182,41.51898],[23.23625,41.51951],[23.23869,41.5215],[23.2366,41.52308],[23.2326,41.52075],[23.22966,41.52045],[23.22912,41.521],[23.23439,41.52326],[23.23468,41.52386],[23.23407,41.52403],[23.23511,41.5247],[23.23421,41.52596],[23.23704,41.52694],[23.23632,41.52739],[23.23606,41.52823],[23.23094,41.53054],[23.23085,41.53169],[23.23186,41.53484],[23.23029,41.53542],[23.23099,41.53559],[23.22984,41.53713],[23.22798,41.53828],[23.22831,41.53867],[23.22773,41.53898],[23.22723,41.54043],[23.22757,41.54086],[23.2253,41.54138],[23.22523,41.5418],[23.22953,41.54263],[23.2302,41.54382],[23.2349,41.54407],[23.23503,41.54522],[23.23433,41.54691],[23.23428,41.54851],[23.23294,41.55032],[23.23182,41.55867],[23.22657,41.5699],[23.22433,41.57366],[23.21306,41.57244],[23.21025,41.57491],[23.20988,41.58124],[23.21115,41.58216],[23.20953,41.58319],[23.21105,41.58305],[23.2106,41.58371],[23.21124,41.58516],[23.20471,41.58583],[23.20128,41.58666],[23.19847,41.58624],[23.19568,41.58767],[23.19564,41.58849],[23.19625,41.58889],[23.19977,41.58944],[23.20217,41.58872],[23.20361,41.5872],[23.20603,41.58642],[23.21265,41.58636],[23.21351,41.58571],[23.2156,41.5863],[23.21513,41.58316],[23.21448,41.58316],[23.21392,41.58149],[23.21566,41.58038],[23.2181,41.58003],[23.21838,41.5805],[23.22164,41.58067],[23.22075,41.58469],[23.22051,41.58702],[23.22095,41.58979],[23.22054,41.59073],[23.21781,41.59269],[23.2144,41.59368],[23.21323,41.59529],[23.21275,41.5977],[23.20983,41.60021],[23.20864,41.60266],[23.20806,41.60297],[23.20741,41.6021],[23.20686,41.60209]],[[22.99635,41.47192],[22.99751,41.47164],[22.99865,41.47065],[22.99895,41.47008],[22.99776,41.46876],[22.99829,41.46759],[23.00049,41.46666],[23.00183,41.46397],[23.00379,41.46378],[23.00548,41.46457],[23.00867,41.46367],[23.00907,41.46122],[23.00823,41.45972],[23.00871,41.45787],[23.00656,41.45781],[23.00484,41.45844],[23.00182,41.45748],[23.00148,41.45829],[22.99835,41.45896],[22.99756,41.45994],[22.99763,41.46205],[22.99607,41.46451],[22.99638,41.46728],[22.99245,41.4692],[22.9899,41.46951],[22.99103,41.47188],[22.99566,41.4713],[22.99635,41.47192]],[[23.00017,41.45359],[23.00487,41.45467],[23.00659,41.45319],[23.00628,41.4521],[23.00684,41.45109],[23.00662,41.44916],[23.00253,41.44858],[23.0,41.45132],[22.99979,41.45344],[23.00017,41.45359]],[[23.00446,41.4759],[23.00563,41.47595],[23.00869,41.4748],[23.01037,41.4758],[23.01154,41.47387],[23.00999,41.47327],[23.00974,41.47273],[23.00783,41.47277],[23.00752,41.47209],[23.00604,41.47218],[23.00537,41.47067],[23.00446,41.47003],[23.00257,41.47158],[23.00345,41.47309],[23.0026,41.47368],[23.00236,41.47494],[23.00396,41.47522],[23.00446,41.4759]],[[23.03342,41.44888],[23.03505,41.44945],[23.03541,41.44823],[23.03455,41.44748],[23.03479,41.44644],[23.03338,41.44534],[23.03398,41.44437],[23.03628,41.44406],[23.03654,41.44336],[23.03609,41.44207],[23.03286,41.44226],[23.03254,41.44398],[23.03155,41.44431],[23.02824,41.44414],[23.02788,41.4445],[23.02768,41.44515],[23.02863,41.44598],[23.03208,41.44757],[23.03342,41.44888]]]},"properties":{"SiteCode":"BG0000224","SiteNameBG":"Огражден - Малешево","SiteType":"SCI","SiteArea":27373.503118500001,"naturaClass":"habitats"}},{"type":"Feature","geometry":{"type":"Polygon","coordinates":[[[27.63851,43.05993],[27.63677,43.06162],[27.63257,43.06325],[27.63332,43.06016],[27.63287,43.05974],[27.63101,43.06012],[27.62779,43.06291],[27.62714,43.06047],[27.62596,43.05996],[27.62702,43.05795],[27.62563,43.05757],[27.62576,43.05601],[27.62425,43.05528],[27.62863,43.0526],[27.62637,43.05305],[27.6236,43.05258],[27.62301,43.05182],[27.62196,43.0523],[27.62204,43.05189],[27.62031,43.05215],[27.62023,43.0515],[27.62278,43.05126],[27.62202,43.04761],[27.61987,43.0482],[27.61932,43.04719],[27.6161,43.0474],[27.61578,43.04701],[27.61407,43.04805],[27.61493,43.04974],[27.61368,43.04892],[27.6104,43.0484],[27.61176,43.04687],[27.60911,43.0452],[27.60554,43.04683],[27.60294,43.04879],[27.60289,43.04931],[27.60072,43.04918],[27.59748,43.0502],[27.5934,43.05072],[27.58506,43.04995],[27.58607,43.05481],[27.57649,43.05642],[27.57321,43.05808],[27.57184,43.06014],[27.57018,43.06066],[27.56921,43.06064],[27.56798,43.05864],[27.56717,43.05815],[27.55093,43.05382],[27.55191,43.05365],[27.53824,43.05239],[27.53659,43.05369],[27.52998,43.05235],[27.52967,43.04806],[27.53085,43.0435],[27.53409,43.04084],[27.53703,43.03716],[27.54819,43.04151],[27.54857,43.04028],[27.54791,43.03789],[27.54586,43.03458],[27.54725,43.03315],[27.55004,43.03458],[27.55171,43.03485],[27.55711,43.03452],[27.56611,43.04323],[27.57325,43.04382],[27.57883,43.04316],[27.57896,43.04276],[27.58786,43.04223],[27.58868,43.04228],[27.58903,43.04278],[27.59048,43.04243],[27.59651,43.02476],[27.5997,43.02466],[27.60162,43.02375],[27.60198,43.02441],[27.61514,43.02318],[27.62126,43.02193],[27.62177,43.02218],[27.6246,43.02001],[27.62685,43.01921],[27.64397,43.02046],[27.64939,43.01877],[27.65459,43.01919],[27.66099,43.01777],[27.66717,43.01732],[27.67038,43.01605],[27.67295,43.01324],[27.67674,43.01117],[27.68349,43.01029],[27.68874,43.00851],[27.69249,43.00796],[27.69911,43.00386],[27.70901,43.00209],[27.71101,43.0012],[27.71161,43.00161],[27.71742,43.00222],[27.71908,43.00318],[27.72223,43.00369],[27.72324,43.00249],[27.72818,43.00096],[27.72865,43.0018],[27.73668,42.99928],[27.73527,42.99824],[27.73917,42.99735],[27.7479,42.99804],[27.76547,42.99812],[27.76563,42.99487],[27.76755,42.99444],[27.76886,42.99095],[27.7713,42.99085],[27.77929,42.99073],[27.77905,42.99253],[27.7809,42.99474],[27.78131,42.99656],[27.78446,42.99945],[27.78791,42.99813],[27.79638,42.99744],[27.79613,42.99596],[27.80234,42.99263],[27.80689,42.98802],[27.81729,42.99007],[27.82439,42.98801],[27.82839,42.98792],[27.82855,42.98828],[27.83139,42.98825],[27.83407,42.98908],[27.8391,42.98953],[27.84159,42.98807],[27.84442,42.98844],[27.84507,42.98796],[27.84513,42.98711],[27.85177,42.9869],[27.86107,42.98577],[27.86407,42.98657],[27.8632,42.98551],[27.86358,42.98368],[27.86286,42.98297],[27.86139,42.98368],[27.8541,42.98288],[27.85415,42.98186],[27.85357,42.98152],[27.85535,42.98117],[27.85355,42.98072],[27.85519,42.98054],[27.8552,42.98012],[27.85354,42.98022],[27.85383,42.97966],[27.8532,42.97955],[27.85315,42.97893],[27.85621,42.97827],[27.86151,42.97828],[27.86497,42.98134],[27.87046,42.98337],[27.88025,42.98],[27.87936,42.97667],[27.88443,42.97615],[27.89078,42.97702],[27.89144,42.97667],[27.89053,42.98035],[27.89343,42.97997],[27.90836,42.98012],[27.90784,42.98214],[27.90788,42.98574],[27.90901,43.00499],[27.91011,43.01508],[27.91231,43.02431],[27.89007,43.02415],[27.88801,43.02395],[27.88751,43.023],[27.88668,43.02318],[27.88538,43.02226],[27.88188,43.02243],[27.88173,43.0218],[27.87971,43.02184],[27.87935,43.02326],[27.87818,43.02361],[27.87714,43.02308],[27.87439,43.02329],[27.86549,43.02687],[27.85965,43.02746],[27.85642,43.02954],[27.85371,43.03249],[27.85218,43.03262],[27.8492,43.03495],[27.84876,43.03576],[27.8491,43.03796],[27.84859,43.03854],[27.84296,43.03549],[27.84148,43.03326],[27.835,43.0362],[27.83169,43.0387],[27.82761,43.04356],[27.82219,43.04884],[27.81429,43.05054],[27.81391,43.05005],[27.81454,43.04992],[27.81433,43.04927],[27.81313,43.04862],[27.81325,43.04819],[27.81268,43.04914],[27.81184,43.04936],[27.81239,43.04973],[27.81215,43.0503],[27.81306,43.05036],[27.81247,43.05109],[27.81114,43.05121],[27.80672,43.04997],[27.80606,43.04937],[27.80544,43.05011],[27.80475,43.04939],[27.80432,43.04961],[27.80515,43.05128],[27.80285,43.05277],[27.79965,43.05376],[27.79827,43.05583],[27.79743,43.05382],[27.7955,43.05212],[27.79428,43.05029],[27.79249,43.05295],[27.78951,43.05495],[27.78814,43.05735],[27.78521,43.05837],[27.78411,43.05934],[27.7838,43.06041],[27.78204,43.06146],[27.78213,43.0622],[27.78118,43.06153],[27.78201,43.06033],[27.78425,43.05906],[27.78598,43.05716],[27.78505,43.05336],[27.78436,43.05434],[27.78304,43.05479],[27.78415,43.05422],[27.78464,43.05318],[27.78384,43.05328],[27.78498,43.05298],[27.78378,43.04772],[27.78209,43.04869],[27.78165,43.04827],[27.78118,43.04849],[27.78161,43.04792],[27.77981,43.04754],[27.78002,43.04695],[27.77826,43.04681],[27.77854,43.04837],[27.77773,43.04983],[27.7779,43.04815],[27.77626,43.04985],[27.77703,43.04836],[27.77588,43.04852],[27.77771,43.04783],[27.77759,43.04639],[27.77869,43.04522],[27.77847,43.0437],[27.77721,43.04377],[27.77868,43.0431],[27.77875,43.04236],[27.77708,43.04251],[27.77867,43.04199],[27.7787,43.04164],[27.77791,43.0417],[27.77883,43.04133],[27.77663,43.04122],[27.77701,43.03957],[27.77655,43.03703],[27.7756,43.03512],[27.7743,43.03491],[27.7739,43.03339],[27.76852,43.03631],[27.76568,43.03968],[27.76455,43.04213],[27.76456,43.04348],[27.76309,43.04426],[27.76008,43.04364],[27.7582,43.04131],[27.75867,43.04013],[27.75639,43.03995],[27.75604,43.03817],[27.75305,43.04054],[27.75212,43.03998],[27.75189,43.03926],[27.75031,43.04005],[27.74923,43.03994],[27.74874,43.04289],[27.74952,43.04299],[27.74908,43.04404],[27.74978,43.0455],[27.74923,43.04602],[27.74821,43.04563],[27.74751,43.04607],[27.74816,43.04688],[27.74765,43.04815],[27.74285,43.05089],[27.74166,43.05044],[27.7424,43.04894],[27.7416,43.04876],[27.74181,43.04786],[27.73993,43.04678],[27.73444,43.03792],[27.72999,43.03949],[27.72436,43.03912],[27.72505,43.0406],[27.72438,43.04231],[27.72527,43.04654],[27.72186,43.04644],[27.72059,43.04733],[27.71776,43.04608],[27.71751,43.04743],[27.71636,43.04592],[27.71475,43.04573],[27.71411,43.04521],[27.71299,43.04601],[27.7119,43.04573],[27.71141,43.04509],[27.70757,43.04787],[27.70619,43.04675],[27.7051,43.04746],[27.70358,43.04684],[27.70387,43.04655],[27.70168,43.04688],[27.6987,43.04564],[27.69743,43.04579],[27.69585,43.04813],[27.69459,43.0485],[27.68423,43.04517],[27.68069,43.04469],[27.6786,43.04519],[27.67286,43.0418],[27.67747,43.03698],[27.67422,43.03666],[27.67024,43.03709],[27.66573,43.03867],[27.66628,43.03955],[27.66756,43.039],[27.66882,43.03909],[27.66959,43.03854],[27.67061,43.03906],[27.67048,43.03971],[27.66831,43.0402],[27.66466,43.04015],[27.66042,43.04141],[27.65878,43.04093],[27.65244,43.04173],[27.65017,43.04232],[27.64981,43.0432],[27.64696,43.0448],[27.64652,43.04761],[27.64919,43.04856],[27.649,43.04967],[27.65153,43.04966],[27.65048,43.05056],[27.6513,43.05036],[27.6506,43.05148],[27.65142,43.05132],[27.65202,43.05173],[27.65172,43.05208],[27.65217,43.05274],[27.65162,43.05268],[27.6521,43.05337],[27.65111,43.05289],[27.65176,43.05334],[27.65174,43.05384],[27.65255,43.05285],[27.65424,43.05322],[27.65254,43.05407],[27.65323,43.05507],[27.65127,43.05664],[27.65125,43.0573],[27.6498,43.0586],[27.64735,43.06295],[27.6461,43.05957],[27.64334,43.05768],[27.63905,43.05918],[27.63851,43.05993]]]},"properties":{"SiteCode":"BG0000116","SiteNameBG":"Камчия","SiteType":"SCI","SiteArea":12919.937556999999,"naturaClass":"habitats"}},{"type":"Feature","geometry":{"type":"Polygon","coordinates":[[[27.62751,43.17894],[27.62979,43.1781],[27.6301,43.17733],[27.63774,43.17541],[27.63849,43.1746],[27.6411,43.17537],[27.64275,43.17712],[27.64949,43.18108],[27.64646,43.18766],[27.6426,43.18752],[27.64232,43.18809],[27.64422,43.18898],[27.64336,43.19016],[27.63947,43.18884],[27.63189,43.18469],[27.63089,43.18383],[27.63088,43.18309],[27.62776,43.18088],[27.62751,43.17894]]]},"properties":{"SiteCode":"BG0000622","SiteNameBG":"Варненско-Белославски комплекс","SiteType":"SCI","SiteArea":178.19663284000001,"naturaClass":"habitats"}},{"type":"Feature","geometry":{"type":"Polygon","coordinates":[[[23.25662,41.51735],[23.25526,41.51119],[23.25445,41.50935],[23.25256,41.50726],[23.25231,41.50526],[23.25311,41.50247],[23.25411,41.50142],[23.25433,41.5001],[23.25887,41.4906],[23.26027,41.48866],[23.2589,41.48764],[23.25381,41.47295],[23.24988,41.47178],[23.25074,41.47045],[23.25192,41.47025],[23.24563,41.46615],[23.23647,41.45887],[23.23985,41.45429],[23.24241,41.45202],[23.2456,41.45115],[23.24998,41.45183],[23.25569,41.4517],[23.2594,41.44924],[23.26512,41.449],[23.26741,41.4453],[23.26187,41.43967],[23.25923,41.43639],[23.25948,41.43608],[23.25438,41.43459],[23.25061,41.43549],[23.24078,41.43557],[23.2216,41.44018],[23.2168,41.43871],[23.20827,41.43477],[23.20507,41.43136],[23.19869,41.42965],[23.19511,41.42672],[23.19258,41.42565],[23.18927,41.42528],[23.18678,41.42567],[23.18431,41.42465],[23.17418,41.42255],[23.17183,41.42352],[23.17091,41.42461],[23.16917,41.4249],[23.16865,41.42571],[23.16689,41.42494],[23.16681,41.42394],[23.1633,41.42328],[23.16299,41.42366],[23.16392,41.42517],[23.16342,41.4259],[23.15994,41.42665],[23.15728,41.42657],[23.15688,41.426],[23.15753,41.42479],[23.15405,41.42245],[23.15406,41.42208],[23.15855,41.42041],[23.15447,41.41736],[23.15251,41.41458],[23.15168,41.41012],[23.14648,41.4025],[23.13852,41.39904],[23.1353,41.40045],[23.13244,41.40107],[23.12901,41.40072],[23.12656,41.4024],[23.12294,41.40394],[23.11871,41.40373],[23.11274,41.40259],[23.11037,41.40286],[23.10153,41.40244],[23.09952,41.40072],[23.09315,41.39958],[23.09087,41.39974],[23.08659,41.40135],[23.08147,41.40083],[23.07588,41.40117],[23.07014,41.40005],[23.06588,41.39865],[23.05961,41.39786],[23.05237,41.39415],[23.04426,41.39222],[23.04118,41.39501],[23.03843,41.39509],[23.0373,41.39434],[23.03538,41.39498],[23.0291,41.3989],[23.02678,41.39835],[23.02351,41.3967],[23.02239,41.39583],[23.02313,41.39568],[23.02173,41.39478],[23.02071,41.39319],[23.02005,41.39303],[23.01778,41.39296],[23.01318,41.39374],[23.00934,41.39503],[23.00119,41.39604],[22.99532,41.39596],[22.98232,41.39718],[22.98034,41.3959],[22.97973,41.39233],[22.9779,41.39191],[22.97488,41.39233],[22.97086,41.3914],[22.96923,41.39203],[22.96594,41.3922],[22.96391,41.38808],[22.96256,41.38169],[22.96339,41.38325],[22.9651,41.38234],[22.96577,41.3855],[22.96658,41.38492],[22.96664,41.38278],[22.96722,41.38273],[22.96795,41.38653],[22.96886,41.38673],[22.96965,41.3878],[22.9705,41.3878],[22.97129,41.38698],[22.96996,41.38531],[22.96917,41.38295],[22.96973,41.38271],[22.97093,41.3837],[22.97076,41.37948],[22.97197,41.38055],[22.97247,41.38558],[22.97324,41.38658],[22.97397,41.3858],[22.97368,41.38116],[22.97295,41.37923],[22.97332,41.3785],[22.97411,41.37906],[22.97499,41.38285],[22.97543,41.38333],[22.97635,41.3832],[22.97652,41.38494],[22.97732,41.38504],[22.97684,41.38134],[22.97871,41.3752],[22.98093,41.37232],[22.98241,41.36611],[22.98317,41.36395],[22.98409,41.36318],[22.98251,41.36196],[22.98259,41.36108],[22.985,41.35986],[22.98772,41.36064],[22.99062,41.36023],[22.99122,41.36035],[22.98893,41.36393],[22.99067,41.36569],[22.99065,41.36853],[22.98877,41.371],[22.98764,41.37415],[22.9885,41.37672],[22.98511,41.3809],[22.98444,41.38326],[22.98569,41.38798],[22.98648,41.38785],[22.9866,41.38637],[22.98758,41.38447],[22.98773,41.38057],[22.98831,41.38021],[22.98925,41.38049],[22.98893,41.38273],[22.99014,41.38472],[22.98993,41.38662],[22.99104,41.38766],[22.99158,41.38913],[22.99194,41.38913],[22.99225,41.38712],[22.99387,41.38671],[22.99524,41.38445],[22.99532,41.38106],[22.99599,41.38074],[22.99692,41.38362],[22.9959,41.38683],[22.9962,41.38716],[22.99724,41.38625],[22.99751,41.38755],[22.99863,41.38745],[22.99881,41.38896],[22.99949,41.38974],[23.00027,41.38802],[23.00059,41.38555],[22.99998,41.38324],[23.00177,41.3807],[23.00199,41.38414],[23.0026,41.38456],[23.00419,41.38387],[23.00497,41.38407],[23.0046,41.38531],[23.00501,41.38824],[23.00662,41.38746],[23.0084,41.38464],[23.00899,41.38488],[23.00867,41.38671],[23.00933,41.38746],[23.01006,41.38723],[23.01051,41.38558],[23.01246,41.38364],[23.01379,41.38434],[23.01452,41.38348],[23.01556,41.38413],[23.01604,41.38391],[23.01648,41.38277],[23.01594,41.3802],[23.01806,41.38132],[23.01878,41.38293],[23.01957,41.38339],[23.02039,41.38065],[23.02272,41.38071],[23.02233,41.38425],[23.02363,41.38616],[23.02437,41.38645],[23.02486,41.38614],[23.02547,41.38486],[23.02633,41.38528],[23.02761,41.38488],[23.02834,41.38648],[23.02946,41.38692],[23.02813,41.38248],[23.02619,41.37963],[23.02393,41.37756],[23.02054,41.37246],[23.0158,41.36792],[23.0154,41.36571],[23.01887,41.36523],[23.02006,41.36747],[23.02306,41.37016],[23.02546,41.37423],[23.02876,41.37653],[23.03172,41.38002],[23.03234,41.38196],[23.03632,41.38321],[23.03741,41.38582],[23.04093,41.38791],[23.04093,41.38883],[23.04048,41.38918],[23.03831,41.38877],[23.03679,41.38721],[23.03637,41.38551],[23.03521,41.38385],[23.0345,41.38326],[23.03369,41.38351],[23.03521,41.38724],[23.03722,41.38946],[23.03699,41.38987],[23.03613,41.38972],[23.03403,41.38797],[23.03571,41.39332],[23.04168,41.39207],[23.04745,41.38996],[23.04861,41.39018],[23.04997,41.39117],[23.05338,41.39176],[23.05731,41.39432],[23.0578,41.39516],[23.06436,41.39622],[23.06264,41.39389],[23.0618,41.39183],[23.06036,41.39241],[23.05963,41.39209],[23.05914,41.39082],[23.05923,41.38652],[23.06119,41.38281],[23.06087,41.37844],[23.05544,41.37274],[23.05324,41.37092],[23.05116,41.37013],[23.05206,41.36813],[23.05401,41.36776],[23.06185,41.37499],[23.06436,41.37813],[23.06541,41.37991],[23.06431,41.38219],[23.06329,41.38687],[23.06441,41.38802],[23.06647,41.38824],[23.06714,41.39143],[23.06636,41.38328],[23.06776,41.37287],[23.06742,41.36894],[23.06795,41.36649],[23.07071,41.36543],[23.07215,41.36722],[23.07085,41.37283],[23.07039,41.38186],[23.07097,41.38231],[23.0706,41.38336],[23.07091,41.38447],[23.07037,41.38488],[23.07037,41.38686],[23.07215,41.38675],[23.07274,41.38729],[23.07248,41.38839],[23.07308,41.39205],[23.07211,41.3938],[23.07349,41.39464],[23.07496,41.3937],[23.07437,41.38924],[23.0751,41.38824],[23.07772,41.3922],[23.07967,41.39429],[23.08071,41.39456],[23.08163,41.39336],[23.08057,41.39065],[23.08057,41.3895],[23.08215,41.38832],[23.08364,41.38856],[23.08556,41.38794],[23.08681,41.38505],[23.08904,41.38578],[23.08942,41.38772],[23.09101,41.38739],[23.09143,41.38844],[23.09265,41.38899],[23.0935,41.38788],[23.09356,41.38445],[23.09436,41.38421],[23.09624,41.38788],[23.09691,41.38753],[23.09746,41.38554],[23.09829,41.38527],[23.10024,41.38859],[23.10136,41.38889],[23.10275,41.39063],[23.10481,41.39105],[23.10879,41.39034],[23.10905,41.38807],[23.10863,41.38544],[23.1053,41.37662],[23.10508,41.37386],[23.10391,41.37091],[23.10232,41.36854],[23.10258,41.36738],[23.10474,41.36673],[23.10753,41.36828],[23.11053,41.37941],[23.11243,41.3831],[23.1135,41.39751],[23.11539,41.40068],[23.12381,41.40249],[23.12821,41.39968],[23.13527,41.39892],[23.13651,41.39766],[23.13651,41.39706],[23.13841,41.39615],[23.15271,41.39804],[23.15307,41.39902],[23.15262,41.40021],[23.15284,41.40154],[23.15711,41.40586],[23.15818,41.40855],[23.16305,41.41588],[23.17305,41.41764],[23.17797,41.4195],[23.17854,41.41832],[23.1792,41.41834],[23.19095,41.42127],[23.19346,41.42288],[23.19822,41.42466],[23.21463,41.43622],[23.22105,41.4385],[23.22466,41.43802],[23.23682,41.43479],[23.25028,41.43368],[23.24848,41.43195],[23.24512,41.43106],[23.24407,41.43015],[23.24676,41.42683],[23.25171,41.42424],[23.2515,41.42279],[23.25012,41.42129],[23.25088,41.42034],[23.25347,41.41989],[23.26205,41.422],[23.26204,41.42319],[23.25961,41.42458],[23.25997,41.42772],[23.26051,41.42818],[23.26537,41.42825],[23.26672,41.42941],[23.2669,41.43082],[23.26791,41.43134],[23.26901,41.43084],[23.26908,41.42966],[23.27086,41.42843],[23.2714,41.42899],[23.27131,41.43049],[23.27464,41.42974],[23.27309,41.4269],[23.27384,41.42617],[23.27682,41.42637],[23.28203,41.42498],[23.27967,41.4231],[23.27517,41.42212],[23.27301,41.423],[23.27156,41.42282],[23.27303,41.4193],[23.2756,41.41877],[23.2792,41.41646],[23.27972,41.41551],[23.27906,41.41487],[23.27624,41.41434],[23.27506,41.41344],[23.27229,41.41321],[23.27041,41.41067],[23.26661,41.40957],[23.26582,41.41209],[23.2652,41.41258],[23.26361,41.41234],[23.26287,41.4097],[23.26069,41.40891],[23.25902,41.40753],[23.25681,41.40715],[23.25594,41.40655],[23.25552,41.40435],[23.25646,41.40067],[23.25496,41.40043],[23.2537,41.40092],[23.25102,41.4001],[23.24839,41.40011],[23.2476,41.39961],[23.24849,41.39842],[23.2474,41.39765],[23.24743,41.39643],[23.2481,41.39543],[23.25114,41.39371],[23.2545,41.39395],[23.25493,41.3939],[23.25497,41.39331],[23.25738,41.39339],[23.2608,41.39259],[23.26305,41.39117],[23.26439,41.38958],[23.27006,41.39135],[23.27063,41.39244],[23.27272,41.39349],[23.27401,41.3956],[23.2761,41.39507],[23.27751,41.39627],[23.27814,41.39788],[23.2802,41.39745],[23.28169,41.3997],[23.28299,41.40026],[23.28481,41.39999],[23.28564,41.39926],[23.28909,41.4005],[23.29409,41.40064],[23.29698,41.39994],[23.29744,41.40134],[23.29896,41.40074],[23.30242,41.40064],[23.30415,41.40069],[23.30646,41.40149],[23.31267,41.39852],[23.316,41.39882],[23.31886,41.39973],[23.32225,41.39954],[23.32622,41.3927],[23.34065,41.3632],[23.35643,41.3723],[23.35819,41.37492],[23.3635,41.37946],[23.35612,41.39749],[23.35282,41.40131],[23.34108,41.41201],[23.3366,41.41673],[23.33745,41.41742],[23.33585,41.41908],[23.34146,41.4191],[23.34256,41.42019],[23.34344,41.4204],[23.34531,41.41911],[23.34794,41.41855],[23.34844,41.41801],[23.34845,41.41664],[23.35418,41.42023],[23.3554,41.42016],[23.35775,41.41458],[23.35716,41.41375],[23.35743,41.41257],[23.35676,41.41229],[23.35648,41.41137],[23.35571,41.41136],[23.35488,41.41003],[23.3566,41.40837],[23.35917,41.4037],[23.35918,41.40329],[23.35749,41.40311],[23.35749,41.40137],[23.35998,41.39924],[23.36122,41.39415],[23.36292,41.39444],[23.36345,41.39558],[23.36499,41.39636],[23.3666,41.39619],[23.3667,41.39535],[23.366,41.39424],[23.3661,41.39275],[23.36534,41.39137],[23.36613,41.39088],[23.36819,41.39126],[23.36813,41.39035],[23.36692,41.38988],[23.36766,41.38864],[23.37106,41.38925],[23.37112,41.38769],[23.37256,41.38843],[23.37534,41.38883],[23.38532,41.39258],[23.38734,41.39273],[23.38866,41.39328],[23.38778,41.39458],[23.38866,41.39546],[23.39418,41.39638],[23.39524,41.39711],[23.3948,41.3989],[23.3919,41.40068],[23.3913,41.40373],[23.3861,41.40646],[23.3847,41.40986],[23.38319,41.41165],[23.38002,41.41355],[23.37763,41.4142],[23.37678,41.41503],[23.37736,41.4156],[23.37971,41.41542],[23.38372,41.41393],[23.38814,41.41136],[23.38934,41.41192],[23.38803,41.41337],[23.38231,41.41729],[23.38232,41.41789],[23.38345,41.41802],[23.38271,41.41881],[23.382,41.41855],[23.38074,41.4192],[23.37785,41.41955],[23.37671,41.42094],[23.37559,41.41907],[23.37384,41.41258],[23.37216,41.41177],[23.37105,41.41309],[23.3696,41.41194],[23.36772,41.41192],[23.3666,41.41084],[23.36006,41.41479],[23.36082,41.41964],[23.3605,41.42058],[23.35927,41.42134],[23.3598,41.42419],[23.35882,41.42572],[23.35822,41.42826],[23.3576,41.42871],[23.35676,41.42861],[23.35538,41.42722],[23.35118,41.4273],[23.35185,41.4263],[23.35504,41.42617],[23.35664,41.42523],[23.35549,41.42442],[23.35289,41.4238],[23.35007,41.42407],[23.34846,41.42294],[23.34436,41.42301],[23.34104,41.42378],[23.33798,41.42164],[23.33483,41.42038],[23.33286,41.42317],[23.33098,41.42704],[23.33037,41.42712],[23.33182,41.4281],[23.33204,41.42967],[23.33344,41.43269],[23.33338,41.43363],[23.33136,41.43483],[23.33077,41.43934],[23.32897,41.44351],[23.32843,41.44374],[23.3248,41.45034],[23.3341,41.45047],[23.34626,41.45178],[23.34948,41.45256],[23.35498,41.45482],[23.36304,41.45958],[23.36966,41.46646],[23.37086,41.47042],[23.37323,41.47399],[23.37289,41.47611],[23.37031,41.47603],[23.36978,41.47159],[23.36698,41.46661],[23.36508,41.46417],[23.36127,41.46108],[23.35493,41.45706],[23.34867,41.45464],[23.34101,41.45258],[23.32421,41.45152],[23.31217,41.46885],[23.30834,41.47725],[23.30477,41.48107],[23.30403,41.48294],[23.2966,41.48822],[23.29869,41.48846],[23.29806,41.489],[23.2993,41.48983],[23.30229,41.48975],[23.30585,41.49102],[23.30689,41.49019],[23.3184,41.49208],[23.3187,41.49175],[23.31879,41.49212],[23.32133,41.49046],[23.32275,41.4912],[23.32741,41.48743],[23.32887,41.48836],[23.33112,41.48536],[23.33221,41.48538],[23.33235,41.48739],[23.33719,41.48236],[23.33953,41.48395],[23.33938,41.48564],[23.33819,41.48682],[23.33943,41.48778],[23.33949,41.48857],[23.33605,41.48979],[23.33577,41.49169],[23.33774,41.49285],[23.33659,41.49486],[23.33539,41.49457],[23.33397,41.49291],[23.33245,41.49346],[23.33168,41.4944],[23.33202,41.49941],[23.33162,41.50055],[23.33007,41.50159],[23.33036,41.50384],[23.32845,41.50407],[23.32766,41.5007],[23.32617,41.49963],[23.32268,41.49826],[23.31989,41.49805],[23.31907,41.4967],[23.31548,41.49619],[23.30547,41.49336],[23.30476,41.49238],[23.30155,41.49145],[23.29537,41.49053],[23.29205,41.4912],[23.28956,41.49345],[23.29162,41.49367],[23.29214,41.49493],[23.29397,41.49611],[23.2962,41.49893],[23.30112,41.49887],[23.30811,41.50021],[23.3136,41.50069],[23.31422,41.5013],[23.31326,41.50264],[23.31372,41.50324],[23.31803,41.50197],[23.32202,41.50198],[23.32248,41.50272],[23.32006,41.50379],[23.31962,41.5042],[23.32007,41.50477],[23.32215,41.50525],[23.32649,41.50497],[23.3267,41.50636],[23.3215,41.50657],[23.32101,41.5073],[23.32076,41.50913],[23.32291,41.51156],[23.32211,41.51551],[23.32086,41.5174],[23.31885,41.51765],[23.31481,41.51345],[23.29411,41.50344],[23.29458,41.5027],[23.29151,41.50132],[23.2737,41.50085],[23.27339,41.49845],[23.27083,41.49615],[23.26923,41.49356],[23.26797,41.49262],[23.26773,41.49162],[23.2643,41.49046],[23.26445,41.49019],[23.26307,41.49082],[23.25981,41.49428],[23.25944,41.49533],[23.25998,41.49779],[23.2598,41.49991],[23.25603,41.50212],[23.25459,41.50395],[23.25484,41.50645],[23.25803,41.50955],[23.25821,41.51167],[23.25948,41.51524],[23.25884,41.51677],[23.2572,41.51677],[23.25662,41.51735]],[[23.2778,41.45752],[23.28184,41.45769],[23.28475,41.45602],[23.28664,41.45637],[23.29602,41.45556],[23.30199,41.45591],[23.30388,41.45075],[23.30293,41.4495],[23.3039,41.44574],[23.2979,41.44358],[23.29449,41.44598],[23.29351,41.4461],[23.29307,41.44363],[23.2909,41.44233],[23.28985,41.44097],[23.28848,41.44199],[23.28614,41.44491],[23.28186,41.44694],[23.27857,41.44926],[23.2774,41.45219],[23.27466,41.45636],[23.27544,41.45718],[23.27745,41.45656],[23.2778,41.45752]],[[23.29735,41.423],[23.29908,41.42383],[23.30039,41.42363],[23.30035,41.42245],[23.29899,41.42057],[23.29853,41.41893],[23.29958,41.41814],[23.30201,41.41775],[23.30325,41.41706],[23.30389,41.41512],[23.30479,41.41447],[23.30483,41.41294],[23.30323,41.41092],[23.29844,41.41177],[23.29771,41.41162],[23.29465,41.40896],[23.29286,41.40857],[23.29086,41.40927],[23.29132,41.41023],[23.29288,41.41118],[23.29317,41.41252],[23.29565,41.41373],[23.29582,41.41432],[23.29247,41.41435],[23.29176,41.41558],[23.29076,41.4158],[23.28427,41.41606],[23.28465,41.41706],[23.28679,41.41828],[23.28854,41.41804],[23.28934,41.41963],[23.28948,41.42172],[23.29518,41.42061],[23.29646,41.42149],[23.29735,41.423]],[[23.25174,41.42877],[23.25065,41.42928],[23.24913,41.43124],[23.2555,41.4335],[23.2591,41.43101],[23.25757,41.42833],[23.25524,41.42957],[23.25334,41.42824],[23.25174,41.42877]]]},"properties":{"SiteCode":"BG0001023","SiteNameBG":"Рупите - Струмешница","SiteType":"SCI","SiteArea":10458.7437821,"naturaClass":"habitats"}},{"type":"Feature","geometry":{"type":"Polygon","coordinates":[[[23.56577,41.8879],[23.56486,41.88849],[23.56285,41.89133],[23.56155,41.89218],[23.55791,41.89265],[23.55479,41.8939],[23.55153,41.89442],[23.54447,41.89463],[23.54177,41.89595],[23.53993,41.8959],[23.53868,41.89488],[23.53875,41.89351],[23.54195,41.89149],[23.54391,41.89104],[23.55076,41.89087],[23.55312,41.8905],[23.5563,41.88923],[23.55915,41.88886],[23.56074,41.88661],[23.56253,41.88505],[23.56687,41.88418],[23.56757,41.88353],[23.5644,41.88334],[23.56407,41.88248],[23.56526,41.8814],[23.56475,41.8804],[23.56612,41.87932],[23.57006,41.87972],[23.57061,41.87589],[23.56694,41.87444],[23.56507,41.87439],[23.5648,41.87242],[23.56652,41.87177],[23.5697,41.87186],[23.57344,41.87336],[23.57456,41.87215],[23.57912,41.87102],[23.58088,41.86967],[23.58195,41.86995],[23.58465,41.86807],[23.58668,41.86741],[23.58573,41.86673],[23.58161,41.86661],[23.57838,41.86736],[23.57843,41.86652],[23.58129,41.86562],[23.58749,41.86539],[23.58821,41.865],[23.58933,41.86172],[23.58783,41.86009],[23.58756,41.8578],[23.58458,41.85732],[23.58039,41.85431],[23.57986,41.85337],[23.57992,41.85143],[23.58095,41.85019],[23.58347,41.84937],[23.58351,41.84848],[23.58505,41.84768],[23.58657,41.84745],[23.59186,41.84881],[23.59503,41.84728],[23.59924,41.84054],[23.60234,41.83792],[23.6023,41.8371],[23.60025,41.83676],[23.60026,41.83311],[23.60213,41.83317],[23.60276,41.83543],[23.60349,41.83573],[23.60428,41.83749],[23.60669,41.83771],[23.60718,41.83564],[23.60828,41.83446],[23.61063,41.83368],[23.61289,41.83379],[23.61373,41.83106],[23.61279,41.82997],[23.6151,41.82877],[23.62095,41.82903],[23.61897,41.82728],[23.61316,41.82479],[23.60912,41.82215],[23.6088,41.82054],[23.60643,41.81995],[23.60642,41.81774],[23.60508,41.818],[23.60406,41.81905],[23.60113,41.81964],[23.5938,41.81669],[23.59335,41.81594],[23.59356,41.81434],[23.59222,41.81333],[23.59351,41.81155],[23.59104,41.80985],[23.59065,41.80749],[23.58817,41.80693],[23.58731,41.80628],[23.58482,41.80614],[23.58472,41.80414],[23.58529,41.803],[23.5849,41.80107],[23.58672,41.80021],[23.58844,41.80121],[23.58834,41.80185],[23.58691,41.80193],[23.58711,41.80285],[23.58768,41.80307],[23.58768,41.80484],[23.592,41.80676],[23.59264,41.80686],[23.59211,41.8043],[23.59289,41.80355],[23.5965,41.80592],[23.59949,41.80505],[23.59959,41.80644],[23.59828,41.80709],[23.59758,41.80814],[23.59905,41.80937],[23.59909,41.81092],[23.59974,41.81209],[23.60344,41.81176],[23.60516,41.81235],[23.60779,41.81247],[23.60916,41.81353],[23.61333,41.81392],[23.6181,41.8173],[23.61983,41.81714],[23.62142,41.81637],[23.6213,41.81479],[23.62176,41.81415],[23.62838,41.81053],[23.62971,41.80997],[23.63517,41.80925],[23.63721,41.80701],[23.6406,41.80615],[23.6416,41.80489],[23.64727,41.8025],[23.64975,41.80191],[23.653,41.80193],[23.65791,41.79675],[23.65993,41.79557],[23.66584,41.79354],[23.66621,41.79266],[23.66599,41.79054],[23.66681,41.788],[23.67094,41.78371],[23.67131,41.77927],[23.67313,41.77754],[23.67004,41.77558],[23.66971,41.77355],[23.66997,41.76939],[23.66782,41.7664],[23.66808,41.76434],[23.66911,41.76319],[23.67107,41.76222],[23.6703,41.7607],[23.66517,41.76327],[23.6648,41.76286],[23.66591,41.76144],[23.66576,41.76039],[23.66652,41.75989],[23.66485,41.75966],[23.65278,41.7641],[23.65018,41.76364],[23.64954,41.76235],[23.65031,41.76109],[23.66444,41.756],[23.65597,41.74864],[23.65156,41.74625],[23.64503,41.74568],[23.64305,41.74506],[23.64312,41.74374],[23.64214,41.74314],[23.63889,41.74267],[23.64045,41.74177],[23.64056,41.73951],[23.64131,41.73873],[23.64068,41.73799],[23.63851,41.737],[23.63774,41.73609],[23.63755,41.73408],[23.63698,41.73365],[23.63489,41.73407],[23.6327,41.73313],[23.62979,41.73297],[23.62835,41.73448],[23.62642,41.73519],[23.62449,41.73544],[23.62332,41.73481],[23.62129,41.73498],[23.61892,41.7364],[23.61882,41.73356],[23.61769,41.73256],[23.61667,41.73293],[23.61578,41.7352],[23.61373,41.73412],[23.61222,41.73423],[23.61163,41.73756],[23.61079,41.7382],[23.60982,41.73802],[23.60946,41.73619],[23.60747,41.73568],[23.60426,41.74048],[23.60256,41.74059],[23.60219,41.73962],[23.60067,41.73957],[23.59979,41.73867],[23.59667,41.73876],[23.59536,41.73823],[23.59482,41.73884],[23.59293,41.73886],[23.59148,41.73996],[23.58588,41.7398],[23.58569,41.74343],[23.58316,41.74239],[23.58309,41.7436],[23.584,41.74484],[23.58392,41.74628],[23.58308,41.74663],[23.58928,41.75115],[23.5904,41.7531],[23.59287,41.75453],[23.59538,41.75515],[23.59606,41.75599],[23.59636,41.75965],[23.59284,41.76001],[23.59048,41.76163],[23.58569,41.76168],[23.58415,41.7622],[23.58275,41.7648],[23.58237,41.76725],[23.58043,41.7704],[23.57759,41.77164],[23.57558,41.77158],[23.56839,41.7691],[23.56581,41.76562],[23.56411,41.76425],[23.56344,41.76272],[23.56049,41.76131],[23.55978,41.76034],[23.55988,41.75846],[23.5607,41.75735],[23.56081,41.75527],[23.56039,41.75375],[23.55868,41.75259],[23.5592,41.752],[23.5597,41.74887],[23.56104,41.74779],[23.56246,41.74737],[23.56538,41.74845],[23.57003,41.74882],[23.571,41.74845],[23.56872,41.74682],[23.56308,41.74473],[23.56304,41.74423],[23.56414,41.74361],[23.56897,41.74418],[23.56807,41.74308],[23.56466,41.74149],[23.56134,41.74147],[23.56065,41.74097],[23.56255,41.74132],[23.56237,41.741],[23.56278,41.74093],[23.56166,41.74058],[23.56145,41.74023],[23.56201,41.7404],[23.56171,41.74005],[23.55985,41.73988],[23.56149,41.73964],[23.56079,41.73911],[23.5615,41.73926],[23.56184,41.73849],[23.56229,41.74001],[23.56307,41.74005],[23.56237,41.73851],[23.56261,41.73787],[23.55764,41.73548],[23.563,41.73412],[23.56119,41.7337],[23.55705,41.73137],[23.55152,41.72976],[23.54934,41.72752],[23.54582,41.72572],[23.54394,41.72567],[23.54713,41.7227],[23.55003,41.72303],[23.54839,41.72246],[23.54706,41.72127],[23.54585,41.72125],[23.54571,41.71616],[23.55184,41.71633],[23.55487,41.71552],[23.55563,41.71463],[23.55604,41.71509],[23.55582,41.71586],[23.55706,41.71511],[23.5586,41.71623],[23.55879,41.71561],[23.55938,41.71616],[23.55896,41.71493],[23.56123,41.71419],[23.56024,41.71274],[23.56215,41.71116],[23.56826,41.70979],[23.56665,41.70861],[23.56668,41.70761],[23.56799,41.70594],[23.56733,41.70327],[23.56891,41.70297],[23.57382,41.70026],[23.57506,41.69906],[23.5782,41.69952],[23.57954,41.70161],[23.58121,41.70003],[23.57738,41.69777],[23.57584,41.69603],[23.56464,41.69368],[23.56512,41.6929],[23.56676,41.69244],[23.56492,41.69125],[23.56092,41.69091],[23.55898,41.69024],[23.55831,41.6898],[23.55865,41.68863],[23.55796,41.68645],[23.55614,41.68607],[23.5586,41.68515],[23.56184,41.68289],[23.56284,41.68268],[23.56587,41.68328],[23.56863,41.68207],[23.56686,41.68099],[23.56129,41.68169],[23.55882,41.68139],[23.55646,41.6804],[23.56073,41.67753],[23.55995,41.67439],[23.56323,41.67243],[23.56434,41.67092],[23.56224,41.67213],[23.56123,41.6719],[23.55791,41.668],[23.55544,41.66644],[23.55413,41.66495],[23.55226,41.66401],[23.55414,41.66285],[23.55468,41.66321],[23.55513,41.66259],[23.55428,41.66196],[23.55479,41.66084],[23.55462,41.65991],[23.55622,41.6573],[23.55629,41.65668],[23.55567,41.65637],[23.55639,41.65627],[23.55713,41.65533],[23.55803,41.65543],[23.55782,41.65465],[23.55905,41.65481],[23.5573,41.65376],[23.55767,41.65325],[23.5569,41.65313],[23.55661,41.65354],[23.55568,41.65312],[23.55621,41.65336],[23.55598,41.65361],[23.55413,41.65311],[23.55414,41.65227],[23.55479,41.65223],[23.55466,41.65107],[23.55884,41.65052],[23.56326,41.65141],[23.56675,41.64922],[23.56721,41.64809],[23.56883,41.64696],[23.57404,41.64735],[23.58341,41.64686],[23.58331,41.64629],[23.58475,41.64652],[23.58808,41.64539],[23.59071,41.64689],[23.59315,41.64697],[23.59892,41.64591],[23.60399,41.64876],[23.60783,41.65009],[23.6102,41.65163],[23.6141,41.65199],[23.61561,41.65436],[23.61574,41.65772],[23.61074,41.66073],[23.60709,41.66136],[23.6047,41.66471],[23.6025,41.66638],[23.60414,41.66747],[23.60355,41.66924],[23.60601,41.66968],[23.60607,41.67029],[23.60481,41.67089],[23.60479,41.67149],[23.6079,41.67198],[23.608,41.67444],[23.60732,41.67529],[23.60546,41.67571],[23.60428,41.67663],[23.60364,41.6776],[23.60364,41.67903],[23.60307,41.67954],[23.60155,41.67878],[23.60273,41.67634],[23.60256,41.67568],[23.6014,41.67571],[23.60024,41.67656],[23.5985,41.68142],[23.59947,41.68763],[23.60076,41.68848],[23.60239,41.68841],[23.60443,41.68928],[23.60531,41.68898],[23.6045,41.68776],[23.60521,41.6865],[23.60662,41.6855],[23.60754,41.68653],[23.60817,41.68661],[23.60937,41.68577],[23.61231,41.68557],[23.61424,41.68704],[23.61784,41.68758],[23.6189,41.69062],[23.62128,41.69043],[23.62619,41.69119],[23.62956,41.69233],[23.63147,41.69169],[23.63344,41.69217],[23.63825,41.69062],[23.63918,41.69006],[23.63987,41.68854],[23.64262,41.68669],[23.64557,41.68697],[23.6497,41.68589],[23.65021,41.68399],[23.65092,41.68336],[23.6543,41.68342],[23.65684,41.68412],[23.6614,41.68387],[23.66402,41.68431],[23.67123,41.68429],[23.6724,41.68541],[23.67937,41.68403],[23.68217,41.68411],[23.68344,41.68347],[23.68536,41.68381],[23.68619,41.68309],[23.68524,41.68156],[23.67661,41.68189],[23.67533,41.68144],[23.67272,41.68147],[23.67254,41.68009],[23.67336,41.67945],[23.67527,41.67957],[23.67736,41.68047],[23.67871,41.68013],[23.67734,41.67882],[23.67478,41.67779],[23.67272,41.67789],[23.67035,41.67735],[23.66838,41.67551],[23.66936,41.67391],[23.67517,41.67079],[23.67904,41.66684],[23.68136,41.66722],[23.6825,41.66836],[23.68367,41.66789],[23.68438,41.66717],[23.68493,41.66376],[23.68804,41.66363],[23.68939,41.66201],[23.6915,41.66124],[23.69066,41.65814],[23.68904,41.65636],[23.68936,41.65604],[23.68835,41.6525],[23.68917,41.6508],[23.69061,41.64964],[23.69009,41.64808],[23.69057,41.64659],[23.69013,41.64523],[23.69066,41.64359],[23.68971,41.64168],[23.69139,41.64062],[23.69034,41.63819],[23.69193,41.6374],[23.68953,41.63636],[23.69072,41.6343],[23.69015,41.63253],[23.69192,41.63209],[23.69197,41.63049],[23.69326,41.62989],[23.69191,41.62661],[23.68932,41.62536],[23.68865,41.62142],[23.68921,41.62155],[23.68845,41.62062],[23.68776,41.61691],[23.69114,41.61649],[23.69212,41.61728],[23.69516,41.61787],[23.6963,41.61879],[23.69883,41.61933],[23.69952,41.62025],[23.70149,41.62104],[23.70389,41.62349],[23.70361,41.62434],[23.70399,41.62501],[23.70882,41.62674],[23.70979,41.62765],[23.70967,41.62879],[23.70828,41.63031],[23.70871,41.63077],[23.71183,41.63076],[23.71223,41.62907],[23.71392,41.62886],[23.71494,41.62784],[23.71264,41.62645],[23.71126,41.6229],[23.71327,41.62147],[23.71406,41.62162],[23.71437,41.62543],[23.71551,41.62628],[23.71594,41.62591],[23.71595,41.6229],[23.71638,41.62143],[23.71699,41.62111],[23.71784,41.62125],[23.71907,41.6229],[23.72208,41.62204],[23.72495,41.62271],[23.72615,41.62152],[23.72928,41.62228],[23.73013,41.62338],[23.72829,41.62385],[23.72798,41.62564],[23.72853,41.62609],[23.73005,41.62583],[23.7295,41.62778],[23.72971,41.63101],[23.73077,41.63186],[23.73323,41.63267],[23.73509,41.63185],[23.73783,41.63166],[23.73926,41.63104],[23.73953,41.62973],[23.73899,41.62945],[23.73948,41.62913],[23.74226,41.62877],[23.74367,41.62768],[23.7455,41.6282],[23.74604,41.62735],[23.75181,41.62398],[23.75323,41.62452],[23.75441,41.62588],[23.75434,41.62726],[23.75123,41.62971],[23.75016,41.63147],[23.74858,41.63289],[23.74505,41.63417],[23.74485,41.63543],[23.74539,41.63741],[23.74302,41.64446],[23.73797,41.65319],[23.74286,41.65009],[23.74424,41.64859],[23.74533,41.64643],[23.74635,41.64667],[23.75179,41.65],[23.75153,41.65078],[23.75403,41.65604],[23.75786,41.6589],[23.76134,41.659],[23.77198,41.6617],[23.77294,41.66271],[23.77481,41.66331],[23.77646,41.66521],[23.77653,41.66947],[23.77528,41.67413],[23.7758,41.67545],[23.77521,41.6786],[23.77561,41.67926],[23.77562,41.68199],[23.77757,41.68663],[23.77563,41.68767],[23.77174,41.68668],[23.77041,41.68722],[23.7664,41.6858],[23.76552,41.68589],[23.76371,41.68715],[23.76255,41.68711],[23.75751,41.68893],[23.75572,41.68987],[23.75293,41.69317],[23.75206,41.69315],[23.74918,41.69505],[23.74685,41.69884],[23.74485,41.70017],[23.74479,41.70077],[23.74895,41.70489],[23.75629,41.70957],[23.7626,41.70942],[23.77023,41.70538],[23.77268,41.70588],[23.77138,41.71031],[23.77285,41.7112],[23.77545,41.71458],[23.78389,41.71477],[23.78383,41.71624],[23.78515,41.71979],[23.78051,41.71811],[23.77846,41.71838],[23.77737,41.71918],[23.77868,41.72189],[23.77704,41.72171],[23.77591,41.72215],[23.77445,41.72432],[23.77278,41.72543],[23.7721,41.72685],[23.77249,41.72937],[23.77183,41.73115],[23.77062,41.73205],[23.76995,41.73166],[23.76837,41.73237],[23.76492,41.73604],[23.76395,41.73916],[23.76287,41.73953],[23.76139,41.73776],[23.75882,41.73713],[23.75593,41.73555],[23.75337,41.73514],[23.75192,41.73261],[23.75595,41.72762],[23.75506,41.72577],[23.75518,41.72474],[23.75232,41.72355],[23.74922,41.72369],[23.7493,41.72314],[23.75107,41.72246],[23.75335,41.72242],[23.75478,41.7219],[23.75563,41.72052],[23.75636,41.7202],[23.75653,41.71888],[23.75865,41.71666],[23.75803,41.71562],[23.75454,41.71612],[23.75343,41.71526],[23.7531,41.71311],[23.75165,41.71164],[23.75086,41.71137],[23.74989,41.7118],[23.74866,41.71139],[23.7477,41.70908],[23.74352,41.70795],[23.73915,41.70909],[23.73777,41.70828],[23.73506,41.70877],[23.73256,41.71],[23.73156,41.70946],[23.73218,41.70879],[23.73195,41.7084],[23.72667,41.70851],[23.7265,41.70618],[23.72517,41.7061],[23.7221,41.703],[23.72053,41.70216],[23.71992,41.70235],[23.71969,41.70312],[23.72025,41.70412],[23.71799,41.70517],[23.71789,41.7069],[23.71735,41.70781],[23.71318,41.70792],[23.7127,41.70842],[23.71247,41.7096],[23.71315,41.71037],[23.71462,41.71086],[23.71469,41.71132],[23.71299,41.71315],[23.71416,41.71396],[23.71455,41.71501],[23.71766,41.71445],[23.72259,41.71688],[23.73056,41.72221],[23.73088,41.72366],[23.73447,41.72569],[23.73603,41.72759],[23.73748,41.73239],[23.73577,41.73276],[23.73634,41.7343],[23.73431,41.73486],[23.73469,41.73576],[23.7342,41.73633],[23.73201,41.73596],[23.73105,41.73456],[23.72966,41.73489],[23.73086,41.73754],[23.72944,41.74021],[23.72897,41.74322],[23.72793,41.7435],[23.72885,41.74459],[23.73692,41.74731],[23.74043,41.7509],[23.74381,41.75144],[23.74411,41.75266],[23.74355,41.75381],[23.73987,41.75392],[23.73895,41.75498],[23.73721,41.75533],[23.73729,41.756],[23.73583,41.75654],[23.73498,41.75755],[23.73752,41.76016],[23.73948,41.76079],[23.74109,41.76201],[23.74019,41.76277],[23.73725,41.76118],[23.73529,41.76119],[23.73512,41.76245],[23.73432,41.76326],[23.73335,41.76321],[23.73323,41.76051],[23.7309,41.75815],[23.72987,41.75785],[23.72364,41.75962],[23.72178,41.76169],[23.72116,41.76176],[23.7208,41.76076],[23.72195,41.75923],[23.7223,41.75776],[23.72443,41.75743],[23.72549,41.75596],[23.72615,41.75412],[23.72501,41.75306],[23.72321,41.75261],[23.72027,41.75412],[23.7193,41.75589],[23.71949,41.75776],[23.71844,41.75822],[23.71771,41.75713],[23.71795,41.75558],[23.71752,41.7548],[23.7158,41.75427],[23.71278,41.75187],[23.70765,41.75092],[23.70738,41.75004],[23.70793,41.74962],[23.70614,41.74799],[23.70577,41.74694],[23.70392,41.74547],[23.69821,41.74492],[23.6992,41.74712],[23.70295,41.74888],[23.70265,41.74924],[23.6997,41.74899],[23.69712,41.74782],[23.69614,41.74787],[23.69731,41.74955],[23.69633,41.75299],[23.6995,41.75344],[23.70475,41.75512],[23.70689,41.75617],[23.70792,41.75743],[23.70757,41.75799],[23.70657,41.75821],[23.70022,41.75795],[23.69829,41.75945],[23.69825,41.7601],[23.69532,41.76166],[23.69332,41.76226],[23.68694,41.76273],[23.68855,41.76344],[23.68894,41.76423],[23.69225,41.76521],[23.69645,41.76489],[23.7,41.76524],[23.70435,41.76471],[23.70625,41.76688],[23.70846,41.76815],[23.71593,41.76892],[23.72104,41.76827],[23.72251,41.76907],[23.72244,41.77039],[23.71986,41.77145],[23.71982,41.77239],[23.72153,41.77526],[23.72342,41.77585],[23.72335,41.77721],[23.72139,41.77912],[23.71834,41.77817],[23.71688,41.77929],[23.71742,41.77978],[23.71671,41.78109],[23.71597,41.78054],[23.71432,41.78041],[23.71407,41.78132],[23.71285,41.78168],[23.71089,41.78138],[23.70887,41.7802],[23.70594,41.77698],[23.70258,41.7764],[23.70387,41.7748],[23.70373,41.77338],[23.70552,41.77114],[23.70478,41.7705],[23.7035,41.77051],[23.70185,41.77148],[23.6986,41.77086],[23.69396,41.7728],[23.68808,41.76959],[23.68059,41.76969],[23.67942,41.77155],[23.67943,41.77261],[23.68357,41.7746],[23.68482,41.77689],[23.68459,41.77817],[23.68297,41.77862],[23.68095,41.78064],[23.68223,41.78227],[23.68532,41.78412],[23.68814,41.78479],[23.69792,41.78433],[23.7014,41.78486],[23.70494,41.78804],[23.70646,41.79018],[23.7067,41.79095],[23.70621,41.79294],[23.70785,41.79456],[23.70754,41.7963],[23.70808,41.79809],[23.71123,41.79937],[23.71079,41.80033],[23.70899,41.80023],[23.70732,41.80109],[23.70699,41.80019],[23.70508,41.79878],[23.70235,41.79412],[23.70185,41.79129],[23.69973,41.79117],[23.69906,41.79012],[23.69387,41.78932],[23.69143,41.78788],[23.68837,41.78698],[23.68842,41.78869],[23.69032,41.79218],[23.69154,41.79587],[23.6903,41.7961],[23.68864,41.7914],[23.68487,41.78777],[23.68164,41.78709],[23.67945,41.78714],[23.67832,41.78769],[23.67874,41.78864],[23.68133,41.78988],[23.68106,41.79006],[23.68511,41.7906],[23.68707,41.79319],[23.68691,41.79444],[23.68531,41.7956],[23.67958,41.79305],[23.67721,41.79094],[23.67528,41.79072],[23.67835,41.79416],[23.67899,41.79564],[23.67922,41.79778],[23.68043,41.80112],[23.67956,41.80497],[23.67867,41.80379],[23.67821,41.79918],[23.67748,41.79836],[23.6764,41.79435],[23.67519,41.79276],[23.67263,41.79086],[23.67221,41.79108],[23.67236,41.79289],[23.67191,41.79469],[23.67095,41.79616],[23.66806,41.79792],[23.66222,41.80002],[23.6585,41.80438],[23.65512,41.80638],[23.65524,41.80783],[23.65315,41.80807],[23.65094,41.80648],[23.65019,41.80654],[23.64784,41.80748],[23.64396,41.81032],[23.64103,41.81074],[23.63818,41.81349],[23.63333,41.81396],[23.62975,41.8152],[23.62868,41.81681],[23.62704,41.8173],[23.62632,41.82341],[23.62399,41.82498],[23.62506,41.82615],[23.62858,41.82648],[23.63071,41.82839],[23.63088,41.83054],[23.6292,41.83361],[23.62653,41.83577],[23.62366,41.83622],[23.62081,41.83544],[23.61878,41.83294],[23.61779,41.83598],[23.61629,41.83741],[23.61229,41.83801],[23.61173,41.84043],[23.60924,41.84186],[23.60523,41.84181],[23.60441,41.84232],[23.5995,41.84985],[23.59766,41.85132],[23.59206,41.85365],[23.59187,41.85392],[23.5937,41.85584],[23.59333,41.8584],[23.5946,41.85986],[23.59495,41.86148],[23.59386,41.86524],[23.59446,41.86723],[23.5942,41.86833],[23.59225,41.87035],[23.58778,41.8716],[23.58404,41.87413],[23.57899,41.87564],[23.57587,41.87745],[23.57545,41.88202],[23.57424,41.88402],[23.57166,41.8864],[23.57275,41.88872],[23.57574,41.89127],[23.57561,41.89345],[23.57429,41.89503],[23.57094,41.89625],[23.56968,41.89621],[23.56908,41.89526],[23.56927,41.89402],[23.57082,41.89239],[23.56886,41.8909],[23.56704,41.88779],[23.56577,41.8879]]]},"properties":{"SiteCode":"BG0001021","SiteNameBG":"Река Места","SiteType":"SCI","SiteArea":19401.689910199999,"naturaClass":"habitats"}},{"type":"Feature","geometry":{"type":"Polygon","coordinates":[[[23.40245,41.67147],[23.40272,41.67422],[23.40079,41.67514],[23.39812,41.67819],[23.39561,41.67662],[23.39399,41.67282],[23.39291,41.67142],[23.39331,41.67018],[23.39055,41.66897],[23.38709,41.66824],[23.38605,41.66608],[23.38409,41.66527],[23.3821,41.66521],[23.38082,41.66429],[23.37927,41.66212],[23.37924,41.65975],[23.37652,41.65779],[23.37468,41.65509],[23.37105,41.65447],[23.36968,41.65505],[23.36789,41.65437],[23.36685,41.65222],[23.36523,41.65129],[23.36357,41.65124],[23.35663,41.64783],[23.34096,41.6365],[23.33529,41.63032],[23.31194,41.61352],[23.30146,41.60438],[23.29495,41.59653],[23.29042,41.58859],[23.2932,41.58712],[23.29587,41.59142],[23.30709,41.60565],[23.31433,41.61165],[23.33047,41.62191],[23.35089,41.639],[23.35513,41.64124],[23.35923,41.6441],[23.36281,41.64488],[23.36561,41.64205],[23.36527,41.64133],[23.36259,41.64271],[23.36042,41.64281],[23.36138,41.64105],[23.361,41.64022],[23.36278,41.6393],[23.36175,41.63846],[23.35877,41.63739],[23.36182,41.63716],[23.36258,41.63523],[23.36362,41.63591],[23.36358,41.63673],[23.36418,41.63756],[23.36943,41.63807],[23.3705,41.6364],[23.36762,41.63425],[23.36225,41.63327],[23.35592,41.6303],[23.36099,41.62883],[23.3653,41.6293],[23.37199,41.6341],[23.37272,41.63298],[23.37412,41.63429],[23.37549,41.6371],[23.37807,41.63751],[23.38061,41.63857],[23.37781,41.64206],[23.37469,41.64359],[23.37463,41.64456],[23.37369,41.64583],[23.37492,41.64717],[23.37893,41.64909],[23.37952,41.65025],[23.38207,41.65114],[23.38425,41.65105],[23.3845,41.6504],[23.38661,41.65145],[23.38698,41.6526],[23.38854,41.65183],[23.38925,41.64697],[23.3885,41.64483],[23.38862,41.64272],[23.39025,41.64066],[23.39705,41.63941],[23.40137,41.63971],[23.40285,41.6404],[23.4066,41.63922],[23.40821,41.63748],[23.40766,41.63584],[23.40441,41.63573],[23.40308,41.63228],[23.40315,41.63098],[23.4072,41.62834],[23.40802,41.62543],[23.40546,41.62454],[23.39938,41.62484],[23.38588,41.62216],[23.37623,41.61477],[23.37475,41.6123],[23.3727,41.61121],[23.36962,41.61064],[23.36118,41.60608],[23.35196,41.60206],[23.34874,41.59972],[23.34438,41.59762],[23.33818,41.59304],[23.33323,41.58822],[23.32043,41.57951],[23.31768,41.5755],[23.31496,41.5701],[23.31691,41.56948],[23.3191,41.57461],[23.32154,41.57749],[23.33659,41.58814],[23.34548,41.59579],[23.34803,41.5968],[23.35294,41.60004],[23.36132,41.60357],[23.37219,41.60914],[23.37441,41.60949],[23.37659,41.61049],[23.37781,41.61314],[23.38029,41.61536],[23.38374,41.61818],[23.3876,41.62022],[23.38981,41.61746],[23.39693,41.61817],[23.40001,41.61729],[23.40398,41.62002],[23.40393,41.62099],[23.41323,41.62128],[23.41459,41.62035],[23.41214,41.61751],[23.41271,41.61509],[23.41385,41.61415],[23.41485,41.61174],[23.4145,41.6107],[23.41518,41.61067],[23.41597,41.6096],[23.41552,41.60794],[23.41637,41.60578],[23.41646,41.60401],[23.41533,41.60137],[23.41356,41.60049],[23.41288,41.60065],[23.41417,41.59963],[23.41894,41.60007],[23.42169,41.599],[23.42334,41.59675],[23.42381,41.59532],[23.42287,41.59501],[23.42185,41.59598],[23.42093,41.59538],[23.42062,41.59407],[23.42164,41.59295],[23.4249,41.59291],[23.42296,41.58983],[23.42089,41.58919],[23.41949,41.59015],[23.41855,41.58983],[23.41994,41.58901],[23.41937,41.5854],[23.41635,41.58458],[23.41592,41.58198],[23.41728,41.58159],[23.41704,41.57899],[23.4159,41.57721],[23.41747,41.57498],[23.4182,41.57528],[23.42089,41.57868],[23.42228,41.58131],[23.42144,41.58258],[23.42691,41.58434],[23.43042,41.58675],[23.43105,41.58922],[23.43364,41.59088],[23.43357,41.59217],[23.43277,41.59272],[23.43187,41.59514],[23.43314,41.59648],[23.43501,41.5974],[23.43663,41.59932],[23.43813,41.59994],[23.43908,41.59997],[23.44068,41.59887],[23.43996,41.59799],[23.4403,41.59526],[23.43978,41.59438],[23.44057,41.59383],[23.44172,41.59387],[23.44203,41.59531],[23.4436,41.59464],[23.44485,41.59281],[23.44334,41.59233],[23.44299,41.59175],[23.44644,41.58825],[23.44742,41.58785],[23.44747,41.58699],[23.44808,41.58643],[23.44925,41.58604],[23.44332,41.58571],[23.44277,41.58526],[23.44285,41.58382],[23.44389,41.58227],[23.44318,41.58139],[23.44164,41.58134],[23.44041,41.58288],[23.44034,41.58418],[23.43914,41.585],[23.43715,41.58278],[23.43854,41.58196],[23.43801,41.58108],[23.43501,41.57998],[23.43509,41.57854],[23.43167,41.57801],[23.43017,41.57724],[23.43104,41.5754],[23.43114,41.57367],[23.42953,41.57146],[23.42516,41.57075],[23.41787,41.57153],[23.41507,41.56957],[23.41319,41.56894],[23.41146,41.56903],[23.41056,41.5713],[23.41055,41.57504],[23.41018,41.57474],[23.40921,41.58191],[23.40877,41.58213],[23.40422,41.57934],[23.39897,41.57085],[23.39456,41.56669],[23.39155,41.56284],[23.38858,41.55845],[23.39212,41.55909],[23.39083,41.55664],[23.38741,41.55385],[23.3853,41.55324],[23.38329,41.55076],[23.38554,41.54895],[23.38671,41.54711],[23.38667,41.5461],[23.38568,41.54455],[23.37939,41.54504],[23.3772,41.54976],[23.37457,41.54657],[23.37006,41.54357],[23.36277,41.54334],[23.35605,41.54162],[23.35447,41.54177],[23.35458,41.5404],[23.35405,41.5397],[23.34965,41.53768],[23.34949,41.53709],[23.35002,41.53637],[23.34545,41.53594],[23.34486,41.53525],[23.3458,41.53456],[23.34633,41.53305],[23.35034,41.53152],[23.34963,41.53068],[23.34668,41.53027],[23.3462,41.52927],[23.3466,41.52813],[23.34458,41.52713],[23.34443,41.52548],[23.34723,41.52215],[23.3486,41.52253],[23.3502,41.52422],[23.35253,41.52348],[23.35183,41.52241],[23.35198,41.52146],[23.34756,41.51655],[23.34735,41.51356],[23.3447,41.51082],[23.34457,41.50696],[23.34206,41.50401],[23.33995,41.50274],[23.33849,41.49939],[23.34127,41.49954],[23.34456,41.50145],[23.34561,41.50504],[23.34816,41.50727],[23.34944,41.50966],[23.35068,41.51006],[23.35014,41.51644],[23.35095,41.51769],[23.36003,41.51518],[23.36164,41.51418],[23.35928,41.51214],[23.35392,41.50985],[23.3537,41.50925],[23.35419,41.50904],[23.35698,41.50951],[23.3619,41.51189],[23.36542,41.51243],[23.36593,41.51326],[23.36773,41.51369],[23.36885,41.51557],[23.37297,41.51423],[23.37241,41.51239],[23.37335,41.51105],[23.37559,41.51007],[23.37448,41.50857],[23.37305,41.50323],[23.37336,41.50045],[23.37261,41.49919],[23.37276,41.4985],[23.37027,41.49729],[23.36747,41.49383],[23.36737,41.48962],[23.36889,41.48227],[23.36835,41.47614],[23.37319,41.47622],[23.37369,41.48244],[23.37215,41.48981],[23.37225,41.4932],[23.37369,41.49472],[23.37724,41.4965],[23.37785,41.49748],[23.37824,41.49994],[23.38116,41.49964],[23.38373,41.49996],[23.38653,41.49862],[23.38906,41.49883],[23.39084,41.4983],[23.39153,41.49873],[23.3913,41.49945],[23.38865,41.50057],[23.38827,41.5012],[23.39012,41.5015],[23.39345,41.50116],[23.39447,41.50176],[23.39794,41.50188],[23.39904,41.50153],[23.39894,41.50093],[23.396,41.49912],[23.39601,41.49866],[23.39816,41.49795],[23.39811,41.49726],[23.39367,41.4943],[23.39248,41.49301],[23.3923,41.48718],[23.3911,41.48511],[23.39045,41.48224],[23.39117,41.47822],[23.39094,41.4752],[23.3927,41.47306],[23.39249,41.47079],[23.39284,41.46988],[23.39221,41.4696],[23.39229,41.46922],[23.39502,41.46759],[23.3942,41.46721],[23.39115,41.4675],[23.38966,41.46602],[23.3891,41.46123],[23.38985,41.46067],[23.39251,41.46026],[23.39153,41.45937],[23.38781,41.45784],[23.38711,41.45647],[23.38841,41.4521],[23.38959,41.45088],[23.3908,41.4508],[23.39089,41.44916],[23.39203,41.44689],[23.38993,41.44375],[23.39035,41.44027],[23.3888,41.43794],[23.38876,41.43668],[23.38625,41.43479],[23.38586,41.43277],[23.38372,41.43024],[23.38263,41.42708],[23.38308,41.42545],[23.38481,41.42391],[23.38909,41.42264],[23.39097,41.42257],[23.39135,41.42198],[23.38343,41.42025],[23.38357,41.41929],[23.3825,41.41873],[23.39246,41.41497],[23.39792,41.41434],[23.40566,41.41186],[23.40637,41.41217],[23.40669,41.41154],[23.40413,41.40916],[23.40101,41.40366],[23.40108,41.40229],[23.40163,41.40172],[23.40698,41.40094],[23.4101,41.40125],[23.41352,41.40092],[23.41897,41.39829],[23.4242,41.39996],[23.42639,41.40155],[23.42995,41.40262],[23.43473,41.40488],[23.43601,41.40596],[23.43846,41.40658],[23.44124,41.40528],[23.44487,41.40528],[23.44817,41.40467],[23.44962,41.40605],[23.45328,41.40566],[23.45314,41.4052],[23.454,41.40494],[23.45884,41.40538],[23.45926,41.4061],[23.45865,41.40687],[23.45417,41.40875],[23.45349,41.40929],[23.45336,41.41034],[23.45419,41.41121],[23.45447,41.41276],[23.4568,41.4149],[23.45766,41.41512],[23.45851,41.41487],[23.45933,41.41263],[23.46026,41.41177],[23.46599,41.40991],[23.46751,41.40993],[23.4669,41.41096],[23.46267,41.41289],[23.46146,41.41406],[23.46147,41.41557],[23.46345,41.41611],[23.48733,41.41254],[23.49068,41.41134],[23.4954,41.40821],[23.49638,41.40798],[23.4977,41.40632],[23.49957,41.40517],[23.50159,41.40478],[23.50422,41.40441],[23.50843,41.40486],[23.51441,41.40331],[23.5168,41.4046],[23.52588,41.40505],[23.53033,41.40317],[23.53402,41.40225],[23.5351,41.40065],[23.53421,41.39805],[23.53702,41.39415],[23.53989,41.39389],[23.54329,41.39228],[23.54514,41.38996],[23.55038,41.38655],[23.55203,41.38641],[23.56203,41.38859],[23.57131,41.38926],[23.5779,41.39062],[23.58226,41.38943],[23.58836,41.38635],[23.58993,41.3849],[23.59437,41.38226],[23.59694,41.37796],[23.59783,41.37757],[23.60174,41.37897],[23.6064,41.37994],[23.61017,41.37712],[23.61562,41.37536],[23.62066,41.37702],[23.62445,41.37568],[23.6268,41.37686],[23.63052,41.37751],[23.63615,41.37551],[23.63852,41.37582],[23.64064,41.37675],[23.64366,41.37906],[23.64586,41.38],[23.6475,41.38175],[23.64842,41.38476],[23.64779,41.38748],[23.64857,41.3895],[23.64793,41.39146],[23.64788,41.39377],[23.64941,41.39551],[23.65165,41.39719],[23.6536,41.39795],[23.6619,41.39996],[23.66396,41.4017],[23.66519,41.4041],[23.66665,41.40562],[23.66993,41.40826],[23.6713,41.40854],[23.67434,41.41065],[23.67862,41.40838],[23.68334,41.40756],[23.6907,41.40459],[23.69384,41.40427],[23.69708,41.40511],[23.70324,41.40458],[23.70924,41.40503],[23.71309,41.40664],[23.71902,41.40645],[23.72753,41.40691],[23.73031,41.4078],[23.73185,41.40671],[23.73295,41.40666],[23.73611,41.40526],[23.74305,41.40566],[23.74612,41.40317],[23.74714,41.40294],[23.75167,41.40301],[23.75371,41.40372],[23.7567,41.40328],[23.76121,41.40123],[23.76184,41.39789],[23.76758,41.39606],[23.76812,41.39725],[23.77032,41.39882],[23.77113,41.40125],[23.77304,41.4018],[23.77509,41.4034],[23.77643,41.40648],[23.78054,41.41143],[23.78078,41.41336],[23.78528,41.41603],[23.7878,41.41641],[23.7894,41.41825],[23.78972,41.42035],[23.78937,41.422],[23.79004,41.4232],[23.78978,41.42473],[23.7923,41.42706],[23.7925,41.42857],[23.79428,41.4297],[23.79551,41.43192],[23.79763,41.43398],[23.79864,41.43605],[23.80086,41.43754],[23.8035,41.43732],[23.80594,41.43826],[23.809,41.43856],[23.80965,41.43953],[23.81201,41.44108],[23.81233,41.44179],[23.81184,41.44213],[23.80856,41.44046],[23.80735,41.4413],[23.8088,41.44257],[23.80876,41.44335],[23.81086,41.44568],[23.81243,41.44686],[23.81239,41.45237],[23.81069,41.45154],[23.8101,41.45169],[23.80944,41.45334],[23.80659,41.45212],[23.80427,41.45206],[23.80139,41.45399],[23.8019,41.45531],[23.8047,41.45628],[23.80621,41.45776],[23.80735,41.4582],[23.80764,41.45984],[23.80714,41.4611],[23.80617,41.46202],[23.8048,41.46219],[23.80312,41.4603],[23.80251,41.46025],[23.8001,41.46107],[23.79966,41.46209],[23.79554,41.46301],[23.79451,41.46435],[23.79559,41.46468],[23.79618,41.46558],[23.79521,41.46594],[23.79588,41.46869],[23.79479,41.46959],[23.79308,41.47011],[23.79905,41.47369],[23.7989,41.4767],[23.80258,41.48337],[23.80099,41.48607],[23.80086,41.4888],[23.80212,41.49267],[23.79991,41.49316],[23.79877,41.49422],[23.8023,41.49651],[23.80145,41.49895],[23.80014,41.4959],[23.79896,41.49778],[23.80475,41.50589],[23.8035,41.50914],[23.79921,41.50737],[23.79897,41.5049],[23.79536,41.50426],[23.79451,41.5067],[23.79241,41.50499],[23.78915,41.50463],[23.78752,41.50814],[23.77852,41.49858],[23.77804,41.49862],[23.77791,41.49775],[23.76956,41.49472],[23.75805,41.4936],[23.74862,41.49118],[23.747,41.49113],[23.74457,41.49193],[23.74332,41.48636],[23.7412,41.483],[23.74039,41.4801],[23.73818,41.47652],[23.73851,41.47373],[23.73992,41.47046],[23.74001,41.4686],[23.73844,41.46755],[23.73692,41.46737],[23.73767,41.46623],[23.7369,41.46611],[23.7317,41.46654],[23.72725,41.46759],[23.72638,41.46688],[23.72696,41.4651],[23.7275,41.46501],[23.72689,41.464],[23.72826,41.46188],[23.72417,41.46029],[23.72305,41.45931],[23.72274,41.45744],[23.72161,41.4562],[23.72141,41.45503],[23.72004,41.45392],[23.71974,41.45225],[23.72042,41.45159],[23.71967,41.45089],[23.72152,41.45026],[23.7209,41.44975],[23.71975,41.44943],[23.71868,41.45018],[23.71358,41.4511],[23.70924,41.45254],[23.70649,41.45567],[23.7035,41.45654],[23.70353,41.45734],[23.70634,41.45761],[23.70718,41.45896],[23.70954,41.45992],[23.7096,41.46047],[23.70661,41.46131],[23.70742,41.46244],[23.70565,41.46276],[23.70506,41.4642],[23.70384,41.46373],[23.70324,41.46455],[23.70157,41.46423],[23.69862,41.46584],[23.69523,41.46634],[23.6925,41.46543],[23.69094,41.46563],[23.68957,41.46489],[23.68754,41.46521],[23.68673,41.46703],[23.68836,41.46797],[23.68937,41.46969],[23.68767,41.46983],[23.68574,41.47111],[23.68362,41.47157],[23.68314,41.47287],[23.68351,41.47405],[23.68298,41.47454],[23.6803,41.47447],[23.67666,41.47233],[23.67677,41.47133],[23.67286,41.47189],[23.6715,41.4716],[23.67178,41.47045],[23.67427,41.47019],[23.67433,41.46972],[23.67319,41.46921],[23.67336,41.46857],[23.67551,41.46865],[23.67391,41.46477],[23.67544,41.46486],[23.67655,41.46719],[23.67753,41.46699],[23.67826,41.46574],[23.67966,41.46558],[23.68074,41.46459],[23.6829,41.46434],[23.68607,41.46512],[23.68559,41.46393],[23.68788,41.46283],[23.68804,41.46175],[23.68909,41.46078],[23.68872,41.45985],[23.68926,41.45921],[23.68799,41.45894],[23.68756,41.45836],[23.68641,41.45844],[23.68691,41.46169],[23.68643,41.46205],[23.68504,41.46186],[23.6837,41.46032],[23.68222,41.46116],[23.68147,41.46108],[23.68183,41.46036],[23.68044,41.45934],[23.68072,41.4583],[23.68031,41.45774],[23.68112,41.45631],[23.68051,41.45567],[23.68093,41.4545],[23.67943,41.45342],[23.67797,41.4531],[23.67492,41.45336],[23.67458,41.4528],[23.67521,41.45136],[23.66996,41.44969],[23.66908,41.44897],[23.66825,41.44729],[23.66744,41.44692],[23.66449,41.44704],[23.66299,41.44582],[23.66299,41.44388],[23.66519,41.44222],[23.66548,41.44085],[23.66315,41.43995],[23.66262,41.43665],[23.66304,41.43621],[23.66289,41.43531],[23.6622,41.43514],[23.66205,41.43424],[23.66246,41.43402],[23.66189,41.43341],[23.65867,41.43429],[23.6584,41.43555],[23.65751,41.43553],[23.6565,41.43385],[23.65682,41.43162],[23.65375,41.43138],[23.6525,41.43052],[23.65189,41.43073],[23.65187,41.43125],[23.65253,41.43187],[23.64815,41.43398],[23.64552,41.43675],[23.64219,41.43785],[23.6409,41.43781],[23.64015,41.43868],[23.6388,41.4379],[23.63904,41.43903],[23.63852,41.43961],[23.63501,41.44018],[23.63214,41.43987],[23.62887,41.44172],[23.62882,41.44269],[23.62792,41.44274],[23.62658,41.44376],[23.62767,41.44574],[23.62745,41.4461],[23.62706,41.44587],[23.62703,41.44647],[23.62845,41.45354],[23.64429,41.45108],[23.64593,41.45008],[23.64794,41.44969],[23.64947,41.4469],[23.64989,41.44646],[23.65088,41.44649],[23.65109,41.44829],[23.65235,41.4508],[23.65165,41.45279],[23.65229,41.45401],[23.65208,41.45581],[23.65365,41.45722],[23.65636,41.45766],[23.65785,41.4562],[23.65847,41.45407],[23.66033,41.453],[23.66407,41.4531],[23.66481,41.45373],[23.66432,41.4541],[23.66083,41.45398],[23.65912,41.45437],[23.65906,41.45492],[23.661,41.45506],[23.66154,41.45611],[23.66427,41.45785],[23.6632,41.45826],[23.661,41.45808],[23.65998,41.45895],[23.6607,41.45941],[23.66347,41.45936],[23.66808,41.45813],[23.6676,41.45918],[23.66971,41.45991],[23.66853,41.46078],[23.66609,41.46009],[23.66136,41.46008],[23.65768,41.46088],[23.65841,41.46193],[23.65932,41.4623],[23.6627,41.46104],[23.66567,41.46101],[23.66585,41.46142],[23.663,41.4617],[23.66101,41.46261],[23.66337,41.46385],[23.66127,41.46445],[23.6612,41.46497],[23.6637,41.46467],[23.66417,41.46499],[23.66235,41.46587],[23.66175,41.46673],[23.66429,41.46655],[23.6629,41.46939],[23.665,41.46952],[23.66789,41.46836],[23.66878,41.46885],[23.66835,41.46975],[23.66648,41.47028],[23.66569,41.47108],[23.66357,41.47031],[23.66146,41.47081],[23.66146,41.47118],[23.66411,41.47181],[23.66384,41.47245],[23.66233,41.47291],[23.66249,41.47342],[23.66594,41.47324],[23.66479,41.47429],[23.66274,41.47447],[23.66279,41.47549],[23.66426,41.47777],[23.66354,41.47905],[23.66057,41.47818],[23.66028,41.47743],[23.66068,41.47539],[23.65953,41.47539],[23.65833,41.47672],[23.65827,41.47732],[23.65948,41.47858],[23.65931,41.48016],[23.66142,41.48125],[23.66428,41.48139],[23.66551,41.4824],[23.66501,41.48285],[23.66338,41.48259],[23.66271,41.4835],[23.66423,41.48414],[23.66078,41.48506],[23.66145,41.4857],[23.66084,41.48597],[23.6609,41.48652],[23.66487,41.48614],[23.66667,41.48693],[23.66854,41.48679],[23.66913,41.48757],[23.675,41.4877],[23.68216,41.48481],[23.68136,41.48348],[23.68148,41.48289],[23.68355,41.48339],[23.68615,41.4822],[23.6862,41.48149],[23.6872,41.48133],[23.68736,41.48197],[23.68778,41.48197],[23.68832,41.48146],[23.68797,41.48061],[23.68862,41.47995],[23.69042,41.48125],[23.69066,41.48262],[23.69358,41.48087],[23.69785,41.47962],[23.70433,41.4799],[23.70299,41.48166],[23.6981,41.48143],[23.68741,41.48609],[23.6892,41.48797],[23.6892,41.48833],[23.68835,41.48856],[23.68866,41.49062],[23.68786,41.49041],[23.68672,41.48879],[23.68574,41.48852],[23.68633,41.48648],[23.68316,41.48631],[23.67639,41.48937],[23.67602,41.49441],[23.67069,41.49865],[23.6722,41.49975],[23.67148,41.50024],[23.66968,41.50029],[23.67077,41.50185],[23.6684,41.50172],[23.67022,41.5036],[23.67023,41.50493],[23.66842,41.50655],[23.66909,41.50804],[23.67115,41.50832],[23.6709,41.50685],[23.67324,41.50595],[23.67338,41.50415],[23.67398,41.50516],[23.67493,41.50528],[23.67598,41.50442],[23.6779,41.50474],[23.67868,41.50344],[23.68094,41.50394],[23.68404,41.50269],[23.68464,41.50308],[23.68432,41.50409],[23.68537,41.50474],[23.68538,41.50551],[23.68429,41.50616],[23.68205,41.50597],[23.68212,41.50815],[23.68014,41.50979],[23.68084,41.5101],[23.68273,41.5095],[23.68492,41.50999],[23.68573,41.50869],[23.68574,41.50712],[23.68623,41.50689],[23.68811,41.50858],[23.68982,41.50767],[23.69011,41.50803],[23.68896,41.50899],[23.68896,41.50968],[23.68721,41.51074],[23.68763,41.51119],[23.69049,41.51124],[23.68891,41.51234],[23.68891,41.5128],[23.69025,41.51316],[23.6894,41.51394],[23.68959,41.51428],[23.69074,41.5142],[23.70371,41.50337],[23.70434,41.50227],[23.70406,41.50047],[23.70088,41.50123],[23.69791,41.50294],[23.69627,41.50294],[23.697,41.50161],[23.70038,41.50082],[23.70305,41.49872],[23.70261,41.49823],[23.70135,41.49822],[23.70135,41.4978],[23.70318,41.49641],[23.70272,41.49465],[23.70352,41.49331],[23.7034,41.4923],[23.70261,41.4918],[23.69861,41.49423],[23.69882,41.49349],[23.69819,41.49268],[23.69824,41.49171],[23.6992,41.49071],[23.6986,41.48974],[23.70096,41.48947],[23.70133,41.4891],[23.70117,41.48802],[23.70189,41.48751],[23.70315,41.48887],[23.70387,41.48703],[23.70519,41.48806],[23.70594,41.48807],[23.70566,41.48681],[23.70696,41.48648],[23.70812,41.48808],[23.7095,41.4886],[23.7097,41.48945],[23.70796,41.49002],[23.70886,41.49181],[23.70837,41.49198],[23.70734,41.49102],[23.70643,41.49171],[23.70807,41.49386],[23.70571,41.49308],[23.70547,41.49388],[23.70699,41.49505],[23.70565,41.49464],[23.70511,41.49496],[23.70539,41.49612],[23.70851,41.49766],[23.70869,41.49825],[23.70803,41.49881],[23.7064,41.49877],[23.70754,41.49981],[23.70669,41.50082],[23.70693,41.50278],[23.70606,41.50429],[23.69929,41.50975],[23.6989,41.51068],[23.7014,41.51298],[23.70363,41.51622],[23.70341,41.51649],[23.70638,41.51604],[23.70687,41.51645],[23.70245,41.51833],[23.70275,41.51879],[23.70469,41.5181],[23.70481,41.51879],[23.70562,41.51933],[23.70246,41.52096],[23.70122,41.5223],[23.70142,41.52298],[23.70253,41.52303],[23.70421,41.52158],[23.70738,41.5213],[23.70883,41.52027],[23.70999,41.52138],[23.71143,41.52153],[23.71156,41.52245],[23.71362,41.5235],[23.71453,41.52226],[23.71333,41.52133],[23.71313,41.52016],[23.71195,41.51963],[23.7116,41.51851],[23.71009,41.51755],[23.70972,41.51672],[23.71044,41.51632],[23.71255,41.51698],[23.71318,41.51663],[23.71323,41.51585],[23.71627,41.51663],[23.71438,41.5147],[23.71632,41.51484],[23.71687,41.51406],[23.71838,41.51355],[23.71813,41.51157],[23.71856,41.51117],[23.71927,41.51159],[23.72008,41.51319],[23.7213,41.51274],[23.72257,41.51314],[23.72287,41.51457],[23.72349,41.51465],[23.72408,41.51569],[23.72549,41.51525],[23.72573,41.51663],[23.72641,41.51717],[23.72679,41.51839],[23.72762,41.51829],[23.72799,41.51744],[23.72883,41.51709],[23.72898,41.51615],[23.73035,41.51435],[23.7328,41.51349],[23.73491,41.51405],[23.73567,41.51543],[23.73556,41.51761],[23.73757,41.52067],[23.74105,41.51967],[23.7448,41.51717],[23.74863,41.51617],[23.7487,41.51815],[23.7465,41.52254],[23.74625,41.52427],[23.74552,41.52561],[23.74399,41.52668],[23.74658,41.52749],[23.75804,41.52893],[23.75823,41.52947],[23.75903,41.5296],[23.75935,41.52993],[23.75862,41.53048],[23.75875,41.53185],[23.75826,41.53245],[23.75729,41.53268],[23.75662,41.53181],[23.75455,41.53387],[23.7554,41.53414],[23.75565,41.53482],[23.7568,41.53455],[23.75636,41.53625],[23.75698,41.53866],[23.76136,41.54089],[23.76191,41.54066],[23.76092,41.53847],[23.76118,41.53792],[23.76234,41.53792],[23.76513,41.53928],[23.76566,41.5401],[23.76805,41.53928],[23.76816,41.53995],[23.76723,41.54155],[23.76616,41.54224],[23.76463,41.54227],[23.76361,41.5437],[23.76488,41.54616],[23.75914,41.54721],[23.75743,41.54819],[23.7568,41.54895],[23.75674,41.55018],[23.75489,41.55168],[23.75096,41.55012],[23.74477,41.54939],[23.74341,41.5498],[23.74108,41.54906],[23.73967,41.55047],[23.73948,41.55125],[23.74148,41.55275],[23.74115,41.55352],[23.73823,41.55433],[23.73667,41.55353],[23.73423,41.55344],[23.73423,41.55421],[23.73326,41.55481],[23.73459,41.55677],[23.7312,41.55546],[23.73139,41.55628],[23.73084,41.55761],[23.73192,41.55942],[23.7313,41.55988],[23.73017,41.55943],[23.72918,41.55752],[23.72854,41.55758],[23.72684,41.55428],[23.72593,41.55378],[23.72593,41.55479],[23.72496,41.55465],[23.72369,41.55346],[23.723,41.55169],[23.72375,41.55118],[23.72527,41.55204],[23.72575,41.55117],[23.72715,41.55305],[23.72814,41.55289],[23.72811,41.55112],[23.72979,41.54933],[23.72964,41.5464],[23.72877,41.54618],[23.7246,41.54934],[23.72248,41.54993],[23.72088,41.55227],[23.71833,41.5515],[23.71708,41.55031],[23.71501,41.55053],[23.71463,41.54923],[23.71203,41.5491],[23.71033,41.54792],[23.70924,41.54897],[23.70778,41.5492],[23.70875,41.55016],[23.69827,41.55044],[23.69867,41.55128],[23.69841,41.5521],[23.69561,41.5507],[23.69405,41.55115],[23.69532,41.55218],[23.69155,41.5524],[23.69522,41.554],[23.69379,41.56042],[23.6909,41.561],[23.69192,41.56253],[23.69144,41.56334],[23.68923,41.56328],[23.68818,41.56225],[23.68661,41.5627],[23.6834,41.56079],[23.68204,41.56158],[23.67965,41.56085],[23.67605,41.56223],[23.67208,41.56212],[23.66739,41.56314],[23.66654,41.56262],[23.66181,41.56431],[23.66004,41.5704],[23.66578,41.57875],[23.66852,41.57992],[23.6716,41.58001],[23.6717,41.57802],[23.67281,41.57789],[23.6724,41.57738],[23.6731,41.57657],[23.67552,41.5768],[23.67632,41.57832],[23.67645,41.58015],[23.68291,41.58324],[23.68726,41.58363],[23.69637,41.58349],[23.69632,41.58441],[23.69449,41.58607],[23.68784,41.58614],[23.68698,41.58572],[23.68431,41.58669],[23.68133,41.58674],[23.67996,41.58617],[23.67948,41.58537],[23.67383,41.58284],[23.67194,41.58288],[23.67101,41.58342],[23.67037,41.58563],[23.6721,41.5859],[23.66965,41.58718],[23.668,41.58939],[23.67016,41.58993],[23.67075,41.59096],[23.67322,41.59051],[23.67272,41.59195],[23.67374,41.59195],[23.67559,41.59105],[23.67586,41.59149],[23.67475,41.59278],[23.67662,41.59285],[23.67743,41.59403],[23.67818,41.59426],[23.67809,41.59479],[23.67757,41.59479],[23.67764,41.59615],[23.675,41.59759],[23.67514,41.59838],[23.67843,41.599],[23.67872,41.59994],[23.67801,41.60043],[23.67628,41.59999],[23.67347,41.60017],[23.67282,41.60265],[23.67407,41.60462],[23.67611,41.60617],[23.67438,41.60802],[23.67372,41.60788],[23.67374,41.60679],[23.67281,41.60619],[23.66737,41.60656],[23.66732,41.60739],[23.66879,41.6094],[23.66874,41.61045],[23.66993,41.61114],[23.66986,41.61245],[23.66548,41.60917],[23.66415,41.61124],[23.66529,41.61285],[23.66785,41.61423],[23.66374,41.61569],[23.66203,41.6184],[23.65888,41.61831],[23.65751,41.61774],[23.65386,41.61737],[23.65087,41.61755],[23.65481,41.61924],[23.65597,41.62059],[23.65752,41.62089],[23.6571,41.62233],[23.65258,41.62167],[23.65002,41.62041],[23.6488,41.62038],[23.64952,41.62329],[23.64929,41.62433],[23.64718,41.62466],[23.64713,41.62558],[23.64861,41.62746],[23.64873,41.62839],[23.64742,41.63006],[23.64738,41.63084],[23.6482,41.63192],[23.65045,41.63251],[23.65059,41.63317],[23.64729,41.63255],[23.64564,41.63408],[23.64186,41.63265],[23.64232,41.63398],[23.63832,41.63347],[23.63759,41.63397],[23.63751,41.63555],[23.63676,41.63644],[23.63673,41.63697],[23.6379,41.63818],[23.63747,41.63962],[23.63507,41.63863],[23.62656,41.63733],[23.62519,41.63676],[23.62608,41.6364],[23.61832,41.63682],[23.61535,41.64053],[23.61201,41.64202],[23.61163,41.64299],[23.61242,41.64362],[23.6119,41.64422],[23.61044,41.64405],[23.61037,41.64221],[23.60989,41.64208],[23.60676,41.6426],[23.60563,41.64244],[23.60533,41.64194],[23.60337,41.64189],[23.60406,41.64129],[23.60214,41.6405],[23.60169,41.63976],[23.60189,41.63903],[23.59572,41.63848],[23.59436,41.63954],[23.59295,41.64158],[23.5918,41.64179],[23.59107,41.64311],[23.58974,41.64368],[23.58812,41.64339],[23.58808,41.64539],[23.58475,41.64652],[23.58331,41.64629],[23.58341,41.64686],[23.57671,41.64727],[23.56966,41.64718],[23.56883,41.64696],[23.57093,41.64509],[23.57212,41.64312],[23.57433,41.64337],[23.57603,41.64246],[23.57644,41.64161],[23.5751,41.64143],[23.5744,41.64226],[23.57338,41.64247],[23.57147,41.64212],[23.56718,41.64254],[23.56305,41.64176],[23.56111,41.64083],[23.55965,41.63942],[23.55845,41.64019],[23.55717,41.63767],[23.55472,41.63691],[23.55399,41.63505],[23.55401,41.63308],[23.55299,41.63215],[23.55309,41.63165],[23.55131,41.6342],[23.55098,41.63539],[23.54984,41.63588],[23.54637,41.63533],[23.54412,41.63753],[23.54284,41.63551],[23.53874,41.63597],[23.53687,41.63563],[23.53433,41.63438],[23.53399,41.63195],[23.53081,41.629],[23.52981,41.62561],[23.52882,41.62727],[23.52851,41.62957],[23.52553,41.63322],[23.52484,41.63504],[23.52373,41.63433],[23.5212,41.63458],[23.51717,41.63778],[23.51586,41.63797],[23.51519,41.6386],[23.5147,41.63621],[23.51519,41.63373],[23.51342,41.63522],[23.5088,41.63503],[23.50746,41.63409],[23.50539,41.63404],[23.50494,41.63363],[23.5042,41.63092],[23.50277,41.62813],[23.5036,41.62622],[23.50462,41.62543],[23.50522,41.62266],[23.50382,41.62377],[23.49967,41.62464],[23.49675,41.6267],[23.49532,41.62681],[23.49427,41.62608],[23.49422,41.62261],[23.48896,41.62419],[23.48397,41.62636],[23.47622,41.62613],[23.4747,41.62906],[23.47236,41.63057],[23.46808,41.63068],[23.46391,41.62946],[23.46187,41.62997],[23.46004,41.62669],[23.45934,41.6268],[23.45801,41.62571],[23.45954,41.62523],[23.45932,41.62489],[23.45993,41.62466],[23.45989,41.624],[23.45797,41.62034],[23.45835,41.6197],[23.45803,41.61823],[23.45644,41.61814],[23.45679,41.61769],[23.45567,41.61701],[23.45657,41.61694],[23.45725,41.61757],[23.45775,41.61717],[23.4568,41.61437],[23.45583,41.61268],[23.45432,41.61152],[23.44962,41.61398],[23.44915,41.61476],[23.44952,41.61597],[23.44301,41.62133],[23.44302,41.6223],[23.44343,41.62223],[23.44414,41.6233],[23.44364,41.62353],[23.44364,41.62477],[23.44312,41.62517],[23.44479,41.62629],[23.44315,41.6279],[23.44242,41.62692],[23.44267,41.62594],[23.4414,41.62468],[23.44183,41.62382],[23.44158,41.62195],[23.43768,41.62245],[23.43717,41.62142],[23.4352,41.62049],[23.43447,41.61771],[23.43289,41.61879],[23.43123,41.62093],[23.4312,41.62997],[23.42988,41.63253],[23.42963,41.63562],[23.42506,41.63821],[23.42367,41.63851],[23.41866,41.63915],[23.41694,41.63842],[23.41449,41.63832],[23.4127,41.64145],[23.41231,41.64422],[23.40862,41.64689],[23.40627,41.65061],[23.40939,41.65066],[23.41145,41.65012],[23.41556,41.6503],[23.41624,41.65072],[23.4155,41.65131],[23.41437,41.6512],[23.41402,41.65188],[23.41252,41.65234],[23.41013,41.65449],[23.40933,41.65429],[23.40895,41.65586],[23.40806,41.65602],[23.40594,41.65772],[23.40778,41.65955],[23.4118,41.65999],[23.41286,41.66365],[23.41275,41.66465],[23.41195,41.66667],[23.41091,41.6677],[23.40746,41.6678],[23.40475,41.66867],[23.40265,41.67018],[23.40297,41.67081],[23.40245,41.67147]],[[23.56159,41.57102],[23.56179,41.57131],[23.56183,41.57101],[23.56159,41.57102]],[[23.57077,41.55786],[23.57107,41.55758],[23.57061,41.55758],[23.57077,41.55786]],[[23.54331,41.5653],[23.5433,41.56558],[23.54373,41.56565],[23.54331,41.5653]],[[23.54472,41.56778],[23.54477,41.56825],[23.54511,41.56814],[23.54472,41.56778]],[[23.54949,41.56321],[23.54961,41.56341],[23.54995,41.56274],[23.54949,41.56321]],[[23.55902,41.55512],[23.55909,41.55453],[23.55873,41.55502],[23.55902,41.55512]],[[23.56244,41.55605],[23.56293,41.55614],[23.56297,41.55587],[23.56244,41.55605]],[[23.54741,41.56616],[23.54799,41.56655],[23.54816,41.56631],[23.54741,41.56616]],[[23.56025,41.53826],[23.55975,41.53771],[23.5597,41.53819],[23.56025,41.53826]],[[23.58398,41.57386],[23.58441,41.57367],[23.58353,41.57346],[23.58398,41.57386]],[[23.56713,41.54159],[23.56683,41.54122],[23.5663,41.54162],[23.56713,41.54159]],[[23.55343,41.55459],[23.55411,41.55455],[23.55452,41.55405],[23.55343,41.55459]],[[23.57362,41.54089],[23.57419,41.54033],[23.57406,41.53985],[23.57362,41.54089]],[[23.55334,41.55556],[23.55398,41.55468],[23.5531,41.55574],[23.55334,41.55556]],[[23.56217,41.53495],[23.56244,41.53547],[23.56292,41.53518],[23.56217,41.53495]],[[23.57226,41.55133],[23.57236,41.55067],[23.5715,41.55051],[23.57226,41.55133]],[[23.56649,41.55176],[23.56708,41.55183],[23.56696,41.5513],[23.56658,41.55115],[23.56649,41.55176]],[[23.56252,41.55364],[23.56264,41.5542],[23.56344,41.55391],[23.56252,41.55364]],[[23.55377,41.5724],[23.55455,41.57241],[23.5546,41.57297],[23.55509,41.57236],[23.55377,41.5724]],[[23.57158,41.55757],[23.57252,41.55757],[23.57281,41.55703],[23.57158,41.55757]],[[23.58048,41.54032],[23.581,41.54063],[23.58187,41.54039],[23.58048,41.54032]],[[23.57346,41.55737],[23.57401,41.55761],[23.57447,41.55699],[23.57346,41.55737]],[[23.56091,41.53738],[23.56187,41.53681],[23.56089,41.53692],[23.56091,41.53738]],[[23.56075,41.56619],[23.56199,41.56613],[23.5624,41.56562],[23.56075,41.56619]],[[23.57991,41.54298],[23.58059,41.54247],[23.58036,41.54194],[23.57991,41.54216],[23.57991,41.54298]],[[23.57479,41.55693],[23.57665,41.55686],[23.57618,41.55622],[23.57601,41.55669],[23.57479,41.55693]],[[23.55881,41.56789],[23.55937,41.56705],[23.55826,41.5675],[23.55881,41.56789]],[[23.54305,41.56486],[23.54378,41.56518],[23.54418,41.56461],[23.54305,41.56486]],[[23.5747,41.53902],[23.57539,41.5387],[23.57535,41.53772],[23.57453,41.53862],[23.57497,41.5388],[23.5747,41.53902]],[[23.56398,41.55615],[23.56461,41.5557],[23.56464,41.55503],[23.56382,41.55557],[23.56398,41.55615]],[[23.55054,41.56392],[23.55063,41.5648],[23.55185,41.5645],[23.55098,41.56429],[23.55061,41.56342],[23.55054,41.56392]],[[23.5594,41.55471],[23.56147,41.55438],[23.55949,41.55402],[23.5594,41.55471]],[[23.56609,41.55623],[23.56773,41.55655],[23.56676,41.55598],[23.56609,41.55623]],[[23.55242,41.5622],[23.55261,41.56274],[23.55379,41.56245],[23.55338,41.56183],[23.55242,41.5622]],[[23.57851,41.54272],[23.57889,41.54343],[23.57948,41.54327],[23.57946,41.5425],[23.57851,41.54272]],[[23.56987,41.54015],[23.57106,41.53947],[23.56903,41.54007],[23.56987,41.54015]],[[23.57576,41.56273],[23.57658,41.56299],[23.57696,41.56239],[23.57575,41.56229],[23.57576,41.56273]],[[23.57307,41.55056],[23.57364,41.551],[23.57407,41.55056],[23.57335,41.5503],[23.57369,41.54992],[23.57338,41.54956],[23.57291,41.54987],[23.57307,41.55056]],[[23.55778,41.56606],[23.55817,41.56692],[23.5592,41.56645],[23.55866,41.56593],[23.55778,41.56606]],[[23.56592,41.55636],[23.56576,41.55542],[23.56528,41.55522],[23.56492,41.55613],[23.56638,41.55673],[23.56592,41.55636]],[[23.56182,41.5391],[23.5609,41.53882],[23.56055,41.53951],[23.56152,41.53984],[23.56182,41.5391]],[[23.55988,41.53614],[23.56063,41.53575],[23.56009,41.53514],[23.55841,41.53549],[23.55939,41.53611],[23.55953,41.5355],[23.55988,41.53614]],[[23.57256,41.54912],[23.57316,41.54924],[23.57411,41.54845],[23.57288,41.54826],[23.57256,41.54912]],[[23.57,41.5514],[23.57139,41.551],[23.56982,41.55017],[23.57026,41.55099],[23.57,41.5514]],[[23.5567,41.57077],[23.55676,41.57131],[23.55623,41.57098],[23.55607,41.57164],[23.55685,41.57273],[23.55707,41.57049],[23.5567,41.57077]],[[23.55996,41.56017],[23.5606,41.55964],[23.55988,41.55962],[23.55893,41.56045],[23.56103,41.56097],[23.56113,41.56045],[23.55996,41.56017]],[[23.57269,41.55264],[23.57331,41.55205],[23.57507,41.55229],[23.57455,41.55191],[23.57585,41.55178],[23.57632,41.55111],[23.57253,41.55183],[23.57228,41.55232],[23.57269,41.55264]],[[23.55271,41.56909],[23.5532,41.56937],[23.55314,41.56993],[23.55259,41.56997],[23.55269,41.56943],[23.55226,41.56926],[23.55182,41.56952],[23.55236,41.5698],[23.55186,41.57007],[23.5531,41.57018],[23.55384,41.56941],[23.55379,41.57041],[23.5543,41.5702],[23.55446,41.56942],[23.55271,41.56909]],[[23.56945,41.55761],[23.57021,41.55782],[23.57028,41.55726],[23.56959,41.55711],[23.5691,41.55634],[23.56693,41.55709],[23.56945,41.55761]],[[23.55057,41.5606],[23.54884,41.56117],[23.54931,41.56164],[23.54959,41.56104],[23.54987,41.56176],[23.55172,41.56189],[23.55224,41.56143],[23.55197,41.56069],[23.55084,41.56158],[23.55027,41.56135],[23.55057,41.5606]],[[23.5652,41.53975],[23.56643,41.53897],[23.56508,41.53875],[23.56492,41.53825],[23.56384,41.53834],[23.56469,41.53813],[23.56433,41.53756],[23.56332,41.53856],[23.56283,41.5385],[23.56335,41.53914],[23.56253,41.53952],[23.56301,41.53979],[23.56399,41.53846],[23.56463,41.53845],[23.5648,41.5388],[23.5643,41.53895],[23.56511,41.5391],[23.56442,41.5398],[23.5652,41.53975]],[[23.5609,41.56417],[23.56143,41.5634],[23.56028,41.56415],[23.55987,41.56308],[23.55972,41.56371],[23.55874,41.5641],[23.55927,41.56458],[23.55966,41.56389],[23.55979,41.56481],[23.56094,41.56462],[23.56216,41.56426],[23.56307,41.56327],[23.56191,41.56307],[23.56179,41.56367],[23.5609,41.56417]],[[23.56776,41.5547],[23.56817,41.55497],[23.5675,41.55408],[23.56762,41.55339],[23.56832,41.55408],[23.56901,41.5538],[23.56828,41.55439],[23.56871,41.55459],[23.56955,41.55453],[23.57003,41.55365],[23.56734,41.55246],[23.56607,41.55284],[23.56657,41.55317],[23.56625,41.55387],[23.56681,41.5538],[23.56776,41.5547]],[[23.57371,41.56255],[23.57426,41.56314],[23.57503,41.56291],[23.57486,41.56232],[23.57361,41.56177],[23.57333,41.56089],[23.57202,41.56099],[23.57196,41.56183],[23.57106,41.56116],[23.56986,41.56174],[23.56943,41.5615],[23.56983,41.56113],[23.56892,41.56043],[23.56811,41.5606],[23.56709,41.55948],[23.56604,41.55972],[23.56688,41.56025],[23.56663,41.56051],[23.56769,41.56059],[23.57079,41.56245],[23.57267,41.56172],[23.57371,41.56255]],[[23.5716,41.54316],[23.57185,41.54218],[23.57031,41.54281],[23.5695,41.54213],[23.56816,41.54196],[23.568,41.54261],[23.56657,41.54325],[23.56484,41.5429],[23.56439,41.54342],[23.5654,41.5442],[23.56679,41.54362],[23.567,41.54439],[23.569,41.54406],[23.56818,41.54507],[23.56994,41.54477],[23.57011,41.5452],[23.57046,41.54453],[23.56956,41.54444],[23.56946,41.54395],[23.57254,41.54276],[23.5716,41.54316]],[[23.57624,41.57445],[23.57943,41.57633],[23.58339,41.57755],[23.58476,41.57613],[23.58286,41.57559],[23.58092,41.57417],[23.58051,41.56961],[23.57962,41.56804],[23.57789,41.5681],[23.57612,41.56604],[23.57529,41.56605],[23.57481,41.56488],[23.57317,41.5656],[23.57242,41.56465],[23.57115,41.56481],[23.56645,41.56159],[23.56451,41.56137],[23.5646,41.56207],[23.56498,41.56206],[23.56492,41.56159],[23.56615,41.56234],[23.56824,41.56442],[23.56792,41.56543],[23.5687,41.56484],[23.56882,41.56569],[23.56933,41.56581],[23.56894,41.56641],[23.57024,41.56695],[23.57083,41.56885],[23.57289,41.57039],[23.57398,41.57219],[23.57624,41.57445]],[[23.48518,41.58688],[23.48783,41.59039],[23.48816,41.59337],[23.48994,41.59481],[23.49106,41.59457],[23.4911,41.59383],[23.48982,41.59231],[23.49012,41.58907],[23.48708,41.58601],[23.48667,41.58442],[23.48768,41.58399],[23.48665,41.58247],[23.48713,41.57819],[23.48779,41.57737],[23.48597,41.57685],[23.48497,41.57478],[23.48444,41.57328],[23.48483,41.57283],[23.48291,41.56953],[23.48275,41.56795],[23.48174,41.56616],[23.48138,41.56355],[23.48055,41.56297],[23.47981,41.56072],[23.47965,41.55905],[23.47894,41.55865],[23.47595,41.55458],[23.47508,41.55232],[23.47446,41.55249],[23.47194,41.54889],[23.46932,41.54482],[23.4697,41.54485],[23.46911,41.54315],[23.46634,41.54043],[23.4667,41.53912],[23.46818,41.53873],[23.468,41.53675],[23.46355,41.53793],[23.46199,41.53986],[23.46254,41.54522],[23.46436,41.54533],[23.46358,41.55059],[23.46753,41.55043],[23.46832,41.54962],[23.46803,41.55045],[23.46837,41.55101],[23.46884,41.5514],[23.47008,41.55125],[23.47291,41.55377],[23.47386,41.55667],[23.4762,41.55906],[23.47813,41.56209],[23.47942,41.56566],[23.48024,41.56643],[23.481,41.5683],[23.48101,41.57044],[23.48332,41.5757],[23.48464,41.58093],[23.48518,41.58688]],[[23.55182,41.58684],[23.55264,41.58751],[23.55352,41.58721],[23.55426,41.5844],[23.55429,41.58483],[23.55909,41.57494],[23.55498,41.57353],[23.55234,41.57378],[23.55101,41.57282],[23.55132,41.57134],[23.55056,41.57103],[23.54794,41.57144],[23.54386,41.56857],[23.54319,41.57012],[23.5416,41.57066],[23.54015,41.57257],[23.53914,41.5723],[23.53714,41.57306],[23.53392,41.57328],[23.53146,41.5753],[23.52844,41.57569],[23.52662,41.57772],[23.52882,41.58052],[23.52938,41.58215],[23.53205,41.58416],[23.53415,41.58502],[23.54054,41.5857],[23.54136,41.58637],[23.54248,41.58544],[23.54762,41.58527],[23.55182,41.58684]],[[23.42037,41.53703],[23.42336,41.54108],[23.4207,41.54165],[23.41371,41.54143],[23.4125,41.54205],[23.41648,41.54415],[23.41674,41.54474],[23.42357,41.54518],[23.42418,41.54752],[23.42753,41.5517],[23.42932,41.55287],[23.43197,41.55174],[23.43389,41.55264],[23.43724,41.55237],[23.43855,41.55334],[23.43849,41.55436],[23.44179,41.55724],[23.44343,41.55646],[23.44639,41.55655],[23.44656,41.55581],[23.44476,41.55483],[23.44536,41.5529],[23.44505,41.55169],[23.444,41.55073],[23.44312,41.55098],[23.44292,41.55014],[23.44359,41.54905],[23.44302,41.54829],[23.44378,41.54794],[23.44383,41.54701],[23.44226,41.54552],[23.4416,41.54406],[23.44007,41.53479],[23.43585,41.53181],[23.42037,41.53703]],[[23.5187,41.50866],[23.52107,41.50916],[23.52059,41.50766],[23.51885,41.50592],[23.5199,41.50468],[23.51954,41.5035],[23.51551,41.50264],[23.50817,41.49911],[23.50537,41.49881],[23.50428,41.49804],[23.50479,41.49646],[23.50229,41.49575],[23.49963,41.49567],[23.4965,41.49629],[23.49489,41.49476],[23.49184,41.49392],[23.4896,41.49132],[23.48923,41.49152],[23.48178,41.4872],[23.47933,41.48466],[23.48107,41.48411],[23.48264,41.48503],[23.48349,41.48504],[23.4838,41.48477],[23.48322,41.48344],[23.48352,41.48322],[23.48714,41.48511],[23.4891,41.48481],[23.48277,41.48109],[23.47872,41.48263],[23.47646,41.4806],[23.46771,41.4756],[23.4581,41.47164],[23.45123,41.47006],[23.45095,41.47044],[23.44854,41.47073],[23.44722,41.47049],[23.44825,41.47128],[23.44847,41.47233],[23.4501,41.47289],[23.45013,41.47467],[23.452,41.47573],[23.45276,41.47711],[23.45331,41.47729],[23.45351,41.47616],[23.45413,41.47557],[23.45607,41.47586],[23.45653,41.47746],[23.45634,41.48093],[23.45683,41.48164],[23.45807,41.48165],[23.45912,41.47899],[23.46071,41.47864],[23.46224,41.48042],[23.46414,41.48081],[23.46537,41.48292],[23.46865,41.48359],[23.47422,41.4874],[23.47847,41.48869],[23.4802,41.49075],[23.48373,41.49245],[23.48506,41.49386],[23.48591,41.49628],[23.48767,41.49682],[23.49021,41.50187],[23.4926,41.50205],[23.49369,41.49997],[23.49443,41.49936],[23.49555,41.4995],[23.49494,41.50286],[23.49529,41.50435],[23.49761,41.50559],[23.50098,41.5058],[23.50191,41.50637],[23.50245,41.50551],[23.50604,41.50828],[23.50929,41.50676],[23.51073,41.50504],[23.51243,41.50498],[23.5175,41.50746],[23.5187,41.50866]],[[23.56421,41.5532],[23.56402,41.55431],[23.56446,41.55455],[23.56471,41.55287],[23.56506,41.55321],[23.56486,41.55281],[23.5657,41.55238],[23.56487,41.55242],[23.56573,41.55157],[23.56522,41.54938],[23.56438,41.54885],[23.56245,41.54919],[23.56196,41.54801],[23.56253,41.54512],[23.56136,41.54321],[23.56029,41.54302],[23.56012,41.54265],[23.56123,41.5421],[23.56072,41.54165],[23.55962,41.54169],[23.55926,41.54026],[23.55999,41.53988],[23.55911,41.53983],[23.56027,41.53903],[23.55882,41.53874],[23.55876,41.53817],[23.55782,41.53824],[23.55696,41.53757],[23.5594,41.53762],[23.559,41.53731],[23.55949,41.53718],[23.55869,41.53686],[23.55847,41.53731],[23.55746,41.53699],[23.55727,41.53738],[23.55632,41.53619],[23.55564,41.53622],[23.56077,41.53488],[23.56126,41.535],[23.56036,41.53513],[23.56094,41.53568],[23.56202,41.53487],[23.56182,41.53458],[23.56375,41.53344],[23.56667,41.53271],[23.57047,41.53406],[23.57425,41.53633],[23.5768,41.53575],[23.58244,41.53583],[23.58514,41.53489],[23.58755,41.5352],[23.59266,41.5336],[23.59343,41.52923],[23.59195,41.52616],[23.57941,41.52721],[23.58023,41.52664],[23.57452,41.52743],[23.56079,41.52798],[23.55782,41.52885],[23.55219,41.52921],[23.54382,41.53271],[23.52466,41.53791],[23.50449,41.54144],[23.50533,41.54364],[23.50755,41.54628],[23.50725,41.54772],[23.51193,41.55236],[23.51332,41.55433],[23.51519,41.55535],[23.5156,41.55167],[23.5148,41.55068],[23.51555,41.54861],[23.51517,41.5478],[23.51772,41.54803],[23.5217,41.54976],[23.5253,41.55035],[23.53261,41.55379],[23.54141,41.55198],[23.54276,41.55065],[23.54299,41.54983],[23.545,41.54989],[23.54862,41.5516],[23.55154,41.55226],[23.55573,41.55145],[23.55814,41.55179],[23.55988,41.55136],[23.56209,41.55205],[23.56214,41.55242],[23.56304,41.55208],[23.56286,41.55136],[23.56398,41.55012],[23.56444,41.55181],[23.56329,41.55335],[23.564,41.55348],[23.56435,41.55274],[23.56465,41.55288],[23.56421,41.5532]],[[23.39899,41.46129],[23.3991,41.46192],[23.40117,41.46144],[23.40375,41.46019],[23.40591,41.45843],[23.40681,41.45722],[23.40615,41.45504],[23.40722,41.4537],[23.40717,41.45295],[23.40939,41.45321],[23.40968,41.45368],[23.41158,41.45313],[23.4128,41.45337],[23.41333,41.45489],[23.41388,41.45486],[23.41412,41.45558],[23.41381,41.4586],[23.41451,41.45915],[23.42098,41.45247],[23.42177,41.4522],[23.4224,41.45277],[23.42472,41.45107],[23.42889,41.45067],[23.4315,41.44855],[23.43272,41.44861],[23.43429,41.45259],[23.43525,41.45337],[23.43595,41.45858],[23.43881,41.4603],[23.4406,41.45785],[23.44301,41.45757],[23.4438,41.45617],[23.44531,41.45504],[23.44511,41.45301],[23.44304,41.44967],[23.44075,41.44727],[23.43793,41.44601],[23.43816,41.44378],[23.43734,41.44244],[23.44232,41.442],[23.446,41.44026],[23.44755,41.43891],[23.45203,41.43867],[23.45378,41.43921],[23.45913,41.4379],[23.46193,41.43657],[23.46268,41.43513],[23.46399,41.4343],[23.46759,41.43448],[23.47165,41.43339],[23.47462,41.43382],[23.47593,41.43516],[23.47899,41.43511],[23.4815,41.43604],[23.47944,41.43701],[23.46908,41.43842],[23.4699,41.44045],[23.46882,41.44071],[23.46449,41.4402],[23.4642,41.44097],[23.46501,41.44162],[23.46816,41.44253],[23.47652,41.44143],[23.47951,41.4417],[23.48438,41.44304],[23.48681,41.44222],[23.49236,41.44254],[23.49222,41.4441],[23.4918,41.4444],[23.48682,41.44373],[23.48602,41.44439],[23.48648,41.44489],[23.49106,41.4461],[23.49318,41.44743],[23.49385,41.44838],[23.48866,41.44884],[23.48415,41.44794],[23.48255,41.44906],[23.47885,41.44766],[23.47708,41.44815],[23.46899,41.44749],[23.46775,41.44785],[23.46761,41.44957],[23.46628,41.45077],[23.46541,41.45087],[23.46593,41.4513],[23.4691,41.45138],[23.47908,41.45076],[23.47954,41.45169],[23.48058,41.45214],[23.48279,41.45111],[23.48459,41.45095],[23.48542,41.45223],[23.48377,41.45249],[23.48334,41.45308],[23.4856,41.4538],[23.48857,41.45381],[23.48923,41.45445],[23.49392,41.45272],[23.49762,41.45233],[23.49805,41.45303],[23.49504,41.45373],[23.49502,41.45417],[23.5004,41.45427],[23.50118,41.45482],[23.50051,41.45522],[23.49446,41.45531],[23.49372,41.45576],[23.49659,41.45672],[23.49358,41.45713],[23.49351,41.45749],[23.496,41.45833],[23.49647,41.45975],[23.49911,41.45929],[23.50037,41.4601],[23.50162,41.46009],[23.50664,41.45744],[23.50976,41.457],[23.5138,41.45452],[23.51341,41.45228],[23.51181,41.45044],[23.5105,41.44644],[23.51037,41.44261],[23.51059,41.44159],[23.51165,41.44086],[23.51117,41.44033],[23.51113,41.4379],[23.51495,41.43636],[23.51618,41.4353],[23.51141,41.42816],[23.50726,41.42937],[23.49907,41.43059],[23.49842,41.43226],[23.49443,41.43361],[23.48313,41.432],[23.48245,41.43369],[23.48073,41.43417],[23.47907,41.43359],[23.47468,41.43047],[23.4713,41.43211],[23.47017,41.43195],[23.45643,41.427],[23.45453,41.42923],[23.45498,41.43004],[23.44976,41.43154],[23.44651,41.43128],[23.44403,41.42942],[23.44244,41.42894],[23.4392,41.42969],[23.43863,41.42747],[23.44303,41.42434],[23.44437,41.42456],[23.44877,41.42707],[23.45226,41.42823],[23.4547,41.42598],[23.45403,41.42529],[23.45457,41.4223],[23.45151,41.42117],[23.44532,41.41476],[23.43269,41.41061],[23.4272,41.40804],[23.42593,41.40964],[23.42409,41.41374],[23.41899,41.41606],[23.41835,41.41696],[23.41928,41.41816],[23.42627,41.4175],[23.42584,41.41809],[23.4206,41.41977],[23.42076,41.42022],[23.42295,41.42034],[23.42222,41.42158],[23.42273,41.42207],[23.42413,41.42199],[23.42326,41.4233],[23.4235,41.42363],[23.43187,41.42314],[23.43346,41.42354],[23.42887,41.42545],[23.42776,41.42645],[23.4278,41.42816],[23.42862,41.42969],[23.43032,41.43071],[23.42927,41.43301],[23.42847,41.43323],[23.42952,41.43457],[23.42528,41.43625],[23.41957,41.42931],[23.41237,41.41773],[23.41017,41.41512],[23.40907,41.41539],[23.40757,41.41745],[23.4064,41.41621],[23.40481,41.41555],[23.40287,41.41562],[23.39896,41.41684],[23.39762,41.41829],[23.39706,41.42111],[23.39626,41.42203],[23.39289,41.424],[23.38803,41.42418],[23.38481,41.42641],[23.38454,41.4287],[23.38689,41.42977],[23.39056,41.42944],[23.39619,41.42599],[23.39796,41.42738],[23.39784,41.42799],[23.39129,41.43237],[23.39083,41.43342],[23.3916,41.43461],[23.39794,41.43313],[23.40059,41.43108],[23.40603,41.42856],[23.40703,41.42847],[23.40872,41.43042],[23.40841,41.43191],[23.40579,41.43243],[23.40498,41.43347],[23.40495,41.43493],[23.40595,41.43708],[23.40526,41.43799],[23.40149,41.43818],[23.40026,41.43726],[23.39983,41.43616],[23.39857,41.43573],[23.39677,41.43699],[23.39665,41.43798],[23.39783,41.43892],[23.40098,41.4395],[23.4009,41.44041],[23.39919,41.44089],[23.39594,41.43994],[23.39337,41.43999],[23.39269,41.44074],[23.39328,41.44165],[23.39834,41.44217],[23.39921,41.44338],[23.39845,41.44476],[23.40182,41.44525],[23.40073,41.44629],[23.40119,41.44748],[23.40014,41.44843],[23.40026,41.4488],[23.4021,41.451],[23.4052,41.45103],[23.40633,41.45217],[23.40344,41.4543],[23.40312,41.45516],[23.40406,41.45695],[23.40209,41.45816],[23.39909,41.45895],[23.39899,41.46129]]]},"properties":{"SiteCode":"BG0001028","SiteNameBG":"Среден Пирин - Алиботуш","SiteType":"SCI","SiteArea":68861.643047899997,"naturaClass":"habitats"}},{"type":"Feature","geometry":{"type":"MultiPolygon","coordinates":[[[[27.94619,43.445],[27.92877,43.44391],[27.92055,43.44405],[27.88987,43.44139],[27.88951,43.43572],[27.88623,43.43378],[27.88241,43.43439],[27.88081,43.43417],[27.88231,43.43047],[27.88623,43.43065],[27.8879,43.4279],[27.88878,43.42454],[27.8814,43.42285],[27.87935,43.42333],[27.87543,43.42326],[27.87577,43.42024],[27.87349,43.41988],[27.87215,43.42091],[27.86876,43.42081],[27.86816,43.42126],[27.86862,43.42245],[27.86791,43.42336],[27.86628,43.42398],[27.86628,43.42273],[27.86327,43.42198],[27.86325,43.4213],[27.86055,43.4203],[27.86065,43.41938],[27.85895,43.41801],[27.85993,43.41614],[27.86165,43.41564],[27.86097,43.413],[27.85947,43.41298],[27.85892,43.41184],[27.86004,43.41051],[27.86026,43.40904],[27.85692,43.40774],[27.85502,43.40799],[27.84022,43.4069],[27.84155,43.39574],[27.85213,43.39349],[27.85308,43.39691],[27.8592,43.40278],[27.86013,43.40214],[27.86059,43.40266],[27.86188,43.40215],[27.86355,43.40369],[27.86241,43.40428],[27.86601,43.40815],[27.86799,43.40748],[27.8675,43.40639],[27.86803,43.4058],[27.87084,43.40441],[27.87165,43.40479],[27.87361,43.40367],[27.87207,43.40201],[27.87228,43.40008],[27.86977,43.39675],[27.87016,43.39542],[27.87443,43.39361],[27.8762,43.39576],[27.87911,43.39554],[27.88045,43.39499],[27.88152,43.39564],[27.88333,43.39464],[27.88182,43.39321],[27.88117,43.39143],[27.87719,43.39256],[27.8765,43.39031],[27.87439,43.3889],[27.87448,43.3884],[27.87327,43.38908],[27.8726,43.38872],[27.87335,43.38861],[27.87209,43.3878],[27.87177,43.38826],[27.86768,43.38588],[27.86407,43.38477],[27.86106,43.38299],[27.85973,43.38297],[27.86024,43.38335],[27.85902,43.38375],[27.85846,43.38369],[27.85955,43.38304],[27.85661,43.38253],[27.85643,43.38319],[27.85635,43.38268],[27.85192,43.38133],[27.85186,43.38069],[27.84601,43.37905],[27.84517,43.37843],[27.84521,43.37759],[27.84478,43.37838],[27.84464,43.3779],[27.8426,43.37808],[27.84433,43.37868],[27.84144,43.378],[27.84221,43.3772],[27.84201,43.37681],[27.84348,43.37704],[27.84329,43.37739],[27.84382,43.37774],[27.84467,43.37769],[27.84465,43.37678],[27.84371,43.37682],[27.84475,43.37648],[27.84489,43.37545],[27.84604,43.37373],[27.8476,43.37245],[27.84701,43.37328],[27.84929,43.37668],[27.85162,43.3753],[27.85375,43.37653],[27.85523,43.37871],[27.86094,43.37711],[27.86021,43.37552],[27.8624,43.37423],[27.86187,43.3728],[27.86054,43.37143],[27.8583,43.37201],[27.8538,43.36368],[27.852,43.36439],[27.83716,43.35977],[27.83879,43.35785],[27.8378,43.35579],[27.83575,43.35366],[27.83483,43.35416],[27.83398,43.354],[27.83333,43.35321],[27.83219,43.35284],[27.83197,43.35135],[27.83308,43.3496],[27.83301,43.34741],[27.81717,43.3404],[27.81638,43.34091],[27.81549,43.34003],[27.816,43.3391],[27.81359,43.33979],[27.81231,43.33846],[27.81268,43.3381],[27.81124,43.33731],[27.80657,43.33963],[27.80537,43.33964],[27.80044,43.33298],[27.79362,43.32506],[27.78525,43.32964],[27.77944,43.3219],[27.78138,43.31899],[27.78003,43.31686],[27.78027,43.31417],[27.77787,43.31229],[27.77703,43.31107],[27.77389,43.31466],[27.77375,43.31973],[27.77144,43.31929],[27.77258,43.31742],[27.77253,43.31597],[27.77148,43.31562],[27.77012,43.31813],[27.77003,43.3169],[27.77245,43.3128],[27.76975,43.30838],[27.76698,43.30828],[27.7658,43.30741],[27.76575,43.30654],[27.76753,43.30644],[27.76742,43.30534],[27.7697,43.30521],[27.76976,43.30577],[27.77035,43.30596],[27.76981,43.30624],[27.76994,43.30743],[27.77366,43.30748],[27.77448,43.30682],[27.77382,43.30063],[27.76922,43.30066],[27.77038,43.2983],[27.76637,43.29821],[27.76486,43.29772],[27.76454,43.29896],[27.76565,43.29891],[27.76209,43.29906],[27.75891,43.3005],[27.75994,43.30014],[27.75956,43.29976],[27.75873,43.30009],[27.76054,43.29896],[27.76034,43.29873],[27.76351,43.29737],[27.7625,43.29552],[27.75868,43.29696],[27.75946,43.29549],[27.76221,43.29277],[27.76291,43.29306],[27.76272,43.29331],[27.76439,43.29367],[27.76338,43.2952],[27.76512,43.29631],[27.76792,43.29648],[27.76953,43.29516],[27.7695,43.29608],[27.77119,43.29642],[27.77211,43.29567],[27.77231,43.29666],[27.77501,43.29674],[27.77605,43.29722],[27.77611,43.29622],[27.78196,43.29641],[27.78146,43.29488],[27.78215,43.29402],[27.7835,43.29393],[27.78388,43.29347],[27.7835,43.29237],[27.78367,43.28979],[27.78452,43.28893],[27.78428,43.28812],[27.78511,43.28824],[27.78511,43.2892],[27.78578,43.28927],[27.78545,43.29084],[27.78595,43.2909],[27.78568,43.29217],[27.78605,43.29221],[27.78577,43.29525],[27.78913,43.29562],[27.79028,43.29268],[27.79397,43.29305],[27.79423,43.29178],[27.79468,43.29183],[27.79481,43.28918],[27.79739,43.28892],[27.79705,43.29054],[27.7981,43.29066],[27.79852,43.28864],[27.79934,43.28841],[27.79943,43.28614],[27.79991,43.28619],[27.80067,43.28523],[27.79987,43.28492],[27.8002,43.28405],[27.80074,43.28296],[27.80145,43.28323],[27.80211,43.28232],[27.803,43.28267],[27.80143,43.2858],[27.80214,43.2858],[27.80367,43.28335],[27.80447,43.28354],[27.80336,43.28817],[27.80125,43.28815],[27.80043,43.28946],[27.79988,43.28927],[27.79883,43.29041],[27.79372,43.29912],[27.79458,43.29993],[27.7953,43.29961],[27.79519,43.30149],[27.79833,43.30206],[27.80188,43.29832],[27.80345,43.29508],[27.80392,43.29199],[27.80599,43.29017],[27.80734,43.29025],[27.80822,43.28852],[27.81004,43.28881],[27.80929,43.29026],[27.81146,43.29097],[27.8124,43.28906],[27.81498,43.28939],[27.81243,43.29342],[27.81199,43.29329],[27.80761,43.30095],[27.80974,43.30155],[27.81115,43.29992],[27.81221,43.29751],[27.81771,43.29193],[27.81706,43.29045],[27.82186,43.2915],[27.82057,43.28992],[27.81862,43.28876],[27.81849,43.28587],[27.8186,43.28551],[27.82241,43.28512],[27.82255,43.28571],[27.82395,43.28573],[27.82398,43.29],[27.82341,43.28999],[27.82336,43.2936],[27.81954,43.29202],[27.82109,43.29713],[27.82242,43.29749],[27.82177,43.29878],[27.8225,43.29897],[27.82173,43.30051],[27.82472,43.30128],[27.83087,43.29725],[27.83199,43.29831],[27.83625,43.29929],[27.84037,43.29808],[27.84222,43.29674],[27.84244,43.29574],[27.84577,43.29603],[27.84362,43.29626],[27.84171,43.29735],[27.84184,43.29838],[27.83575,43.30074],[27.83831,43.3085],[27.83946,43.30964],[27.8421,43.30917],[27.84058,43.31218],[27.84328,43.31289],[27.8452,43.31084],[27.84704,43.31227],[27.84702,43.31453],[27.84819,43.31531],[27.84743,43.31701],[27.84928,43.31796],[27.85133,43.31821],[27.85128,43.31969],[27.85193,43.32122],[27.85128,43.32498],[27.85218,43.32516],[27.85752,43.32423],[27.85705,43.32239],[27.8595,43.3185],[27.8603,43.31665],[27.86025,43.31564],[27.86157,43.31557],[27.8625,43.31428],[27.86344,43.31078],[27.86283,43.30971],[27.86558,43.3084],[27.86482,43.30681],[27.86681,43.30496],[27.86605,43.30373],[27.86626,43.30328],[27.86787,43.30355],[27.87104,43.30529],[27.87403,43.30601],[27.8749,43.30599],[27.87498,43.30557],[27.87548,43.30622],[27.87763,43.30672],[27.87935,43.30615],[27.87959,43.30711],[27.88144,43.30677],[27.88184,43.30698],[27.88164,43.30754],[27.88296,43.30655],[27.88282,43.30735],[27.88425,43.30898],[27.88551,43.31169],[27.88242,43.31879],[27.88249,43.32164],[27.88582,43.32143],[27.8862,43.31953],[27.88895,43.31448],[27.89124,43.30406],[27.89544,43.2967],[27.89581,43.29425],[27.9091,43.29518],[27.90761,43.29396],[27.90832,43.28998],[27.90807,43.28914],[27.90871,43.2878],[27.90782,43.28721],[27.90755,43.28591],[27.90613,43.28433],[27.90671,43.28343],[27.90645,43.28133],[27.90691,43.2802],[27.90649,43.27928],[27.90685,43.27927],[27.90722,43.28022],[27.90671,43.28124],[27.90715,43.28243],[27.90666,43.28445],[27.90949,43.28691],[27.90955,43.29259],[27.91049,43.29259],[27.91176,43.29084],[27.913,43.29043],[27.91533,43.2884],[27.91503,43.28898],[27.91907,43.2902],[27.91843,43.29153],[27.9147,43.29552],[27.9173,43.29958],[27.92002,43.30051],[27.91647,43.29985],[27.9141,43.29761],[27.91272,43.29759],[27.90627,43.30185],[27.90596,43.30406],[27.90715,43.30493],[27.90834,43.30497],[27.90844,43.30528],[27.90749,43.30538],[27.9076,43.30587],[27.90882,43.30665],[27.91102,43.30538],[27.91358,43.30791],[27.91496,43.30707],[27.91605,43.308],[27.91524,43.30846],[27.91628,43.30957],[27.91397,43.31091],[27.91516,43.31218],[27.91203,43.3143],[27.9116,43.31383],[27.90938,43.31491],[27.90998,43.31557],[27.90846,43.31631],[27.90927,43.31717],[27.9087,43.31746],[27.90904,43.31783],[27.90976,43.31748],[27.91073,43.31854],[27.90929,43.31924],[27.9111,43.32123],[27.91255,43.32053],[27.91392,43.32203],[27.9154,43.32131],[27.91578,43.32172],[27.92151,43.31887],[27.92112,43.31845],[27.92271,43.31768],[27.92312,43.31812],[27.926,43.31627],[27.92598,43.31798],[27.92633,43.318],[27.92613,43.31718],[27.92687,43.31729],[27.92698,43.31636],[27.92733,43.31697],[27.92661,43.31764],[27.92695,43.31849],[27.9263,43.31912],[27.92717,43.31941],[27.92671,43.32006],[27.93037,43.32128],[27.93114,43.32005],[27.93208,43.32037],[27.93285,43.31913],[27.93372,43.31942],[27.93686,43.31506],[27.93777,43.31537],[27.93862,43.31378],[27.93939,43.31406],[27.93846,43.31478],[27.9398,43.31504],[27.93986,43.31561],[27.9399,43.31833],[27.93768,43.32155],[27.93732,43.32327],[27.9357,43.32314],[27.92829,43.32895],[27.92991,43.33081],[27.92822,43.33173],[27.92954,43.33263],[27.93367,43.33307],[27.93183,43.33366],[27.93086,43.33455],[27.93149,43.33525],[27.93105,43.33615],[27.9303,43.3351],[27.92929,43.33469],[27.92901,43.33666],[27.92872,43.33512],[27.92762,43.33495],[27.92716,43.33543],[27.92339,43.33386],[27.92133,43.33616],[27.92084,43.336],[27.92077,43.33686],[27.91903,43.33705],[27.91675,43.33813],[27.91655,43.33884],[27.91735,43.33916],[27.9162,43.34183],[27.91135,43.34721],[27.91175,43.34755],[27.9106,43.34897],[27.91135,43.34963],[27.91079,43.35133],[27.91179,43.35215],[27.91262,43.35145],[27.91467,43.35274],[27.91557,43.35198],[27.91625,43.3524],[27.92123,43.34771],[27.92222,43.34775],[27.92337,43.34632],[27.9205,43.3506],[27.92091,43.35084],[27.91992,43.35241],[27.92052,43.35296],[27.9224,43.35218],[27.92262,43.35263],[27.92582,43.35067],[27.92907,43.35034],[27.92111,43.35591],[27.92274,43.3577],[27.92375,43.35791],[27.92813,43.35597],[27.92941,43.35581],[27.93286,43.35348],[27.93252,43.35433],[27.92922,43.35611],[27.92531,43.35983],[27.92264,43.36083],[27.922,43.36011],[27.9198,43.36013],[27.91997,43.36085],[27.91602,43.36233],[27.91786,43.36454],[27.91969,43.36498],[27.92078,43.36704],[27.92383,43.3702],[27.92485,43.3701],[27.92319,43.36864],[27.92377,43.36839],[27.92456,43.36912],[27.92824,43.37009],[27.92999,43.37018],[27.93129,43.36971],[27.93256,43.36863],[27.93283,43.36773],[27.93367,43.36772],[27.9342,43.36409],[27.93726,43.36101],[27.93866,43.36107],[27.93653,43.36415],[27.9361,43.36518],[27.93657,43.36552],[27.93604,43.36574],[27.93602,43.3663],[27.93699,43.36658],[27.94011,43.36577],[27.93546,43.36702],[27.9362,43.36755],[27.93734,43.36769],[27.94013,43.36686],[27.93923,43.36758],[27.93971,43.36815],[27.94338,43.36616],[27.94606,43.36555],[27.94305,43.36689],[27.94006,43.36954],[27.93603,43.371],[27.93668,43.37135],[27.93519,43.37281],[27.93641,43.37347],[27.93435,43.37418],[27.93586,43.37523],[27.93576,43.37461],[27.93723,43.37435],[27.93762,43.37558],[27.93663,43.37565],[27.93623,43.37476],[27.93636,43.37582],[27.93741,43.37604],[27.93729,43.37673],[27.93662,43.37802],[27.93501,43.37944],[27.93548,43.37969],[27.93356,43.38209],[27.93505,43.38323],[27.93648,43.38237],[27.93715,43.38291],[27.93673,43.38322],[27.93755,43.38358],[27.93751,43.38315],[27.93863,43.38322],[27.93821,43.38374],[27.93863,43.38404],[27.94063,43.38257],[27.94093,43.38296],[27.94038,43.38419],[27.94141,43.38403],[27.9431,43.38286],[27.94444,43.38006],[27.9439,43.38165],[27.94466,43.381],[27.94473,43.38006],[27.94552,43.38176],[27.94456,43.38184],[27.94518,43.38149],[27.9445,43.38123],[27.94397,43.3824],[27.94599,43.38199],[27.9445,43.38268],[27.94483,43.38306],[27.94613,43.38246],[27.94636,43.38051],[27.94754,43.3802],[27.94724,43.38182],[27.94771,43.38192],[27.94824,43.38067],[27.9481,43.38146],[27.94886,43.38189],[27.94949,43.38155],[27.95055,43.3791],[27.95046,43.38047],[27.95162,43.38151],[27.95264,43.38179],[27.95288,43.38134],[27.95456,43.382],[27.9554,43.38116],[27.95953,43.38337],[27.96183,43.38131],[27.96238,43.37919],[27.9633,43.38029],[27.96495,43.37894],[27.96513,43.3782],[27.96432,43.37699],[27.96563,43.37843],[27.96896,43.37604],[27.96453,43.38027],[27.96542,43.38067],[27.96332,43.38067],[27.96315,43.38151],[27.96376,43.38104],[27.96347,43.38168],[27.96232,43.38254],[27.96276,43.38391],[27.9618,43.38474],[27.96287,43.38591],[27.95921,43.387],[27.95973,43.38733],[27.9571,43.38947],[27.95774,43.38987],[27.95651,43.39089],[27.95762,43.3916],[27.95885,43.39058],[27.96108,43.39201],[27.95965,43.39411],[27.96029,43.39435],[27.96591,43.39318],[27.97014,43.39175],[27.96966,43.39163],[27.96994,43.39137],[27.97218,43.39179],[27.97359,43.39156],[27.97726,43.38991],[27.97815,43.39025],[27.98106,43.38912],[27.98285,43.38917],[27.98622,43.3883],[27.98983,43.38868],[27.99046,43.38562],[27.99304,43.38615],[27.99735,43.38535],[27.99895,43.38296],[27.99892,43.38223],[27.99831,43.38224],[27.99886,43.38174],[27.99918,43.37845],[28.00063,43.378],[28.00294,43.37808],[28.00502,43.37679],[28.01383,43.37453],[28.01523,43.37439],[28.01566,43.3752],[28.01826,43.37537],[28.02031,43.37611],[28.02067,43.37663],[28.02027,43.37953],[28.02172,43.3805],[28.02282,43.38221],[28.02205,43.38482],[28.02351,43.3853],[28.02529,43.38474],[28.028,43.3809],[28.0302,43.38147],[28.03526,43.37786],[28.03661,43.38001],[28.04008,43.38147],[28.0409,43.37682],[28.04256,43.37704],[28.04297,43.37541],[28.04233,43.37532],[28.04288,43.37313],[28.04363,43.37323],[28.04385,43.37235],[28.04345,43.3723],[28.04457,43.36784],[28.04379,43.36772],[28.04559,43.36321],[28.04495,43.36311],[28.04535,43.36176],[28.04447,43.36163],[28.04809,43.35834],[28.04856,43.35861],[28.04972,43.35756],[28.04904,43.35684],[28.05322,43.35419],[28.05639,43.35766],[28.05723,43.35704],[28.05902,43.35241],[28.06561,43.34761],[28.06738,43.34711],[28.06736,43.34647],[28.06965,43.34602],[28.06884,43.34384],[28.07077,43.34354],[28.07175,43.34571],[28.07245,43.34548],[28.0784,43.35755],[28.08203,43.36321],[28.07393,43.36461],[28.0677,43.36482],[28.0639,43.36622],[28.06378,43.36683],[28.06254,43.36753],[28.06221,43.36884],[28.06351,43.36948],[28.06301,43.37024],[28.06334,43.3703],[28.06487,43.3685],[28.06649,43.36791],[28.07196,43.36994],[28.06991,43.37213],[28.06862,43.37246],[28.06974,43.3727],[28.07042,43.37469],[28.07251,43.37521],[28.07357,43.37674],[28.07549,43.37714],[28.07476,43.37766],[28.07517,43.37892],[28.07416,43.37889],[28.07476,43.37995],[28.0756,43.38088],[28.07849,43.38195],[28.08042,43.38368],[28.08167,43.38629],[28.07942,43.38626],[28.07795,43.38788],[28.07808,43.38889],[28.07711,43.39024],[28.07737,43.39077],[28.07571,43.393],[28.07533,43.39565],[28.07626,43.39578],[28.0756,43.39683],[28.07186,43.40054],[28.0713,43.40228],[28.06985,43.40153],[28.06539,43.40711],[28.06536,43.40774],[28.06602,43.40806],[28.06836,43.40847],[28.07073,43.41088],[28.07139,43.41098],[28.07111,43.41001],[28.07377,43.41174],[28.0734,43.41238],[28.07403,43.41267],[28.07299,43.41442],[28.0739,43.4163],[28.07235,43.41674],[28.07332,43.41882],[28.07176,43.41927],[28.07287,43.42165],[28.06943,43.42264],[28.07001,43.42348],[28.06802,43.42405],[28.06867,43.42498],[28.06758,43.42529],[28.0683,43.42631],[28.06546,43.42742],[28.06639,43.42875],[28.06424,43.42899],[28.06214,43.43314],[28.06005,43.43262],[28.0363,43.43061],[28.03602,43.43199],[28.03499,43.43181],[28.03182,43.43341],[28.01713,43.4439],[28.01634,43.44107],[28.01569,43.44035],[28.01249,43.44136],[28.0127,43.44279],[28.01213,43.44284],[28.01228,43.44168],[28.00909,43.44186],[28.01205,43.43924],[28.01236,43.43716],[28.01175,43.43663],[27.99984,43.43522],[27.98946,43.43597],[27.98989,43.4343],[27.98888,43.43379],[27.97743,43.43353],[27.97744,43.43511],[27.9767,43.43559],[27.97328,43.43584],[27.968,43.43491],[27.9654,43.43504],[27.96426,43.4361],[27.96354,43.43763],[27.95821,43.43759],[27.95696,43.43799],[27.95407,43.44162],[27.94619,43.445]],[[28.04849,43.40761],[28.05038,43.40748],[28.05198,43.40628],[28.0533,43.40657],[28.05675,43.40011],[28.05474,43.39955],[28.05337,43.39832],[28.05371,43.39597],[28.05524,43.39629],[28.05552,43.39307],[28.05291,43.39299],[28.05283,43.38975],[28.0521,43.38975],[28.05109,43.39358],[28.04645,43.39874],[28.04337,43.40357],[28.04084,43.40602],[28.04586,43.40754],[28.04849,43.40761]],[[27.88933,43.34372],[27.89384,43.3444],[27.89378,43.34248],[27.89423,43.34148],[27.89541,43.34176],[27.89501,43.34331],[27.89543,43.3439],[27.89707,43.34402],[27.89752,43.34046],[27.89931,43.33916],[27.89951,43.338],[27.8995,43.3376],[27.89876,43.33757],[27.89881,43.33721],[27.89755,43.33652],[27.89793,43.33486],[27.89569,43.33408],[27.89071,43.33474],[27.89033,43.33608],[27.8909,43.3364],[27.8898,43.33766],[27.88537,43.33637],[27.8848,43.33721],[27.88304,43.33659],[27.88202,43.33776],[27.88191,43.33907],[27.88526,43.34007],[27.88492,43.34025],[27.88684,43.34112],[27.88733,43.34088],[27.88814,43.34158],[27.88749,43.34236],[27.88933,43.34372]],[[28.01286,43.41667],[28.01372,43.41725],[28.01472,43.41723],[28.01637,43.41658],[28.01644,43.41598],[28.01748,43.41601],[28.01781,43.41514],[28.01701,43.41471],[28.0177,43.4145],[28.01741,43.414],[28.01779,43.41382],[28.01818,43.41428],[28.01955,43.41298],[28.0186,43.41262],[28.01939,43.41096],[28.0133,43.40973],[28.01173,43.41213],[28.01258,43.41319],[28.01226,43.4151],[28.01367,43.41601],[28.01286,43.41667]],[[27.95961,43.40963],[27.95809,43.409],[27.95622,43.41013],[27.9575,43.4109],[27.95818,43.41039],[27.95712,43.41305],[27.95799,43.41314],[27.95786,43.41404],[27.9591,43.41439],[27.95853,43.41672],[27.95942,43.41702],[27.96121,43.41592],[27.962,43.41592],[27.96339,43.41336],[27.96296,43.41264],[27.96403,43.41153],[27.96314,43.41104],[27.96286,43.41026],[27.96067,43.41104],[27.95989,43.41057],[27.96033,43.41031],[27.95961,43.40963]],[[28.05516,43.38931],[28.05579,43.38926],[28.05692,43.38767],[28.05745,43.38627],[28.05739,43.38371],[28.0571,43.3831],[28.05535,43.38305],[28.05515,43.38417],[28.05509,43.38306],[28.05407,43.38239],[28.05331,43.38305],[28.05282,43.38568],[28.05484,43.38588],[28.0548,43.38634],[28.05538,43.38633],[28.05532,43.38819],[28.05448,43.38828],[28.05449,43.38883],[28.05334,43.38876],[28.05339,43.38932],[28.05516,43.38931]],[[28.04148,43.42941],[28.04237,43.42954],[28.04248,43.42897],[28.04333,43.42921],[28.04367,43.42754],[28.0453,43.42679],[28.04454,43.42549],[28.04238,43.42463],[28.039,43.42753],[28.0397,43.42884],[28.04148,43.42941]],[[27.91047,43.39982],[27.90765,43.39807],[27.90609,43.39919],[27.90985,43.40122],[27.91093,43.40242],[27.91486,43.40334],[27.9148,43.40162],[27.91047,43.39982]],[[28.03889,43.41084],[28.03999,43.40966],[28.0384,43.40838],[28.03883,43.40674],[28.03543,43.40795],[28.03587,43.41052],[28.03665,43.4103],[28.03889,43.41084]],[[28.03526,43.40948],[28.03571,43.40901],[28.0353,43.40812],[28.03222,43.40859],[28.03226,43.40925],[28.0334,43.40944],[28.03342,43.40988],[28.03523,43.41031],[28.03526,43.40948]]],[[[28.0559,43.38526],[28.0553,43.38543],[28.05526,43.38433],[28.05695,43.38434],[28.05704,43.38514],[28.05591,43.38493],[28.0559,43.38526]]],[[[28.05407,43.38547],[28.05393,43.38548],[28.05391,43.38533],[28.05407,43.38547]]]]},"properties":{"SiteCode":"BG0000102","SiteNameBG":"Долината на река Батова","SiteType":"SCI","SiteArea":18459.238728799999,"naturaClass":"habitats"}},{"type":"Feature","geometry":{"type":"Polygon","coordinates":[[[27.20012,42.8886],[27.20144,42.89043],[27.20173,42.8922],[27.19431,42.89522],[27.1922,42.897],[27.19026,42.89953],[27.18968,42.90357],[27.18847,42.90556],[27.17988,42.9067],[27.17966,42.90757],[27.18039,42.90911],[27.18256,42.91075],[27.18525,42.91385],[27.18298,42.91791],[27.18251,42.91986],[27.18284,42.92096],[27.18364,42.92145],[27.18747,42.92108],[27.19023,42.91984],[27.19201,42.91959],[27.19494,42.92028],[27.19947,42.92255],[27.2091,42.92604],[27.21184,42.92894],[27.22303,42.93549],[27.22506,42.93742],[27.22678,42.9383],[27.23054,42.93804],[27.23069,42.93836],[27.23572,42.93676],[27.23569,42.93639],[27.23848,42.93729],[27.24441,42.93782],[27.24678,42.93933],[27.24555,42.94037],[27.24611,42.94059],[27.24577,42.94129],[27.24706,42.94121],[27.24637,42.94123],[27.24641,42.94165],[27.24284,42.94147],[27.24357,42.94234],[27.2433,42.943],[27.24376,42.94375],[27.24296,42.9447],[27.24381,42.94523],[27.24294,42.94576],[27.2433,42.94698],[27.24273,42.94862],[27.24324,42.94871],[27.24226,42.94974],[27.24283,42.95017],[27.242,42.95028],[27.2424,42.95102],[27.24278,42.95024],[27.24354,42.95046],[27.24349,42.9512],[27.24227,42.95286],[27.24576,42.95287],[27.24572,42.95327],[27.2466,42.95318],[27.24661,42.95415],[27.2448,42.95393],[27.24444,42.95457],[27.24324,42.95409],[27.24319,42.95465],[27.24203,42.95399],[27.24216,42.953],[27.23989,42.95463],[27.23938,42.95445],[27.2387,42.95543],[27.23605,42.95495],[27.2361,42.95421],[27.23474,42.95511],[27.23478,42.95414],[27.23411,42.95426],[27.23462,42.95368],[27.2334,42.95356],[27.23322,42.95261],[27.23449,42.95288],[27.23456,42.95201],[27.2368,42.95068],[27.23718,42.94979],[27.23561,42.94859],[27.23452,42.94864],[27.23439,42.94951],[27.23187,42.94911],[27.23262,42.94795],[27.23413,42.94808],[27.23467,42.94767],[27.23534,42.94609],[27.23247,42.94632],[27.23244,42.94558],[27.23078,42.94537],[27.23026,42.94539],[27.2299,42.94606],[27.2303,42.94494],[27.22938,42.94512],[27.22885,42.9446],[27.22738,42.94511],[27.22773,42.94572],[27.22583,42.94537],[27.2264,42.94572],[27.22534,42.94603],[27.22349,42.94472],[27.22332,42.94332],[27.22222,42.94319],[27.22218,42.9423],[27.22155,42.94383],[27.22324,42.94583],[27.22106,42.94595],[27.22124,42.94636],[27.21952,42.94628],[27.21651,42.94715],[27.21631,42.94674],[27.21561,42.94709],[27.21401,42.94667],[27.21393,42.94738],[27.21517,42.94747],[27.21298,42.94793],[27.21279,42.94876],[27.21038,42.94998],[27.21113,42.94868],[27.21057,42.9482],[27.21079,42.94792],[27.21184,42.94834],[27.2123,42.94764],[27.2121,42.94844],[27.21251,42.94831],[27.21282,42.94712],[27.21328,42.94747],[27.21297,42.94693],[27.21328,42.94718],[27.21641,42.94517],[27.21634,42.94432],[27.21893,42.94198],[27.2176,42.94235],[27.21725,42.94185],[27.21609,42.9421],[27.21721,42.94168],[27.21701,42.94126],[27.2201,42.94043],[27.22052,42.93983],[27.21989,42.93771],[27.22053,42.93678],[27.21162,42.92948],[27.21036,42.92864],[27.20222,42.92697],[27.19737,42.92371],[27.19261,42.92137],[27.19245,42.9222],[27.19139,42.92215],[27.19197,42.92251],[27.19133,42.92252],[27.18872,42.92445],[27.18819,42.92425],[27.18813,42.92499],[27.18712,42.92544],[27.18297,42.92604],[27.18081,42.92549],[27.17928,42.92413],[27.17817,42.92147],[27.17688,42.92154],[27.17707,42.92076],[27.17607,42.91928],[27.17657,42.91928],[27.17571,42.9184],[27.17655,42.91756],[27.17664,42.91621],[27.1752,42.91502],[27.17565,42.91403],[27.17433,42.91271],[27.17328,42.91233],[27.17327,42.91183],[27.17137,42.9115],[27.1658,42.91195],[27.16616,42.91075],[27.16411,42.91017],[27.16202,42.91068],[27.16133,42.91023],[27.15961,42.91081],[27.15947,42.91051],[27.16103,42.91022],[27.16443,42.91009],[27.16625,42.91069],[27.16596,42.91182],[27.1687,42.91184],[27.17038,42.91112],[27.17391,42.91132],[27.17852,42.9101],[27.17886,42.91063],[27.17909,42.90846],[27.17849,42.90894],[27.177,42.90771],[27.1788,42.9052],[27.18123,42.90404],[27.1824,42.90399],[27.18236,42.90341],[27.18287,42.90327],[27.18268,42.90415],[27.18391,42.90405],[27.18446,42.90478],[27.18398,42.90497],[27.1849,42.90546],[27.18655,42.90449],[27.18815,42.90231],[27.1882,42.90139],[27.1871,42.89998],[27.18595,42.89944],[27.18578,42.89869],[27.18526,42.89893],[27.18567,42.89896],[27.18529,42.89959],[27.18615,42.8996],[27.18649,42.90024],[27.186,42.90133],[27.1856,42.90165],[27.18537,42.9011],[27.18484,42.90107],[27.18391,42.90158],[27.18333,42.90108],[27.18464,42.90045],[27.18436,42.89979],[27.18316,42.89952],[27.18233,42.89871],[27.18284,42.89818],[27.18217,42.89705],[27.18257,42.89604],[27.18398,42.896],[27.18383,42.89535],[27.1849,42.89434],[27.18668,42.89499],[27.18692,42.89595],[27.18947,42.89671],[27.18924,42.89585],[27.18764,42.89475],[27.18892,42.89462],[27.19066,42.89568],[27.19133,42.8949],[27.19074,42.89407],[27.18906,42.89369],[27.18936,42.89328],[27.19193,42.89404],[27.19353,42.89384],[27.19775,42.89232],[27.19906,42.89121],[27.19617,42.89017],[27.19261,42.89007],[27.19181,42.89039],[27.19177,42.89166],[27.19091,42.89204],[27.18763,42.89189],[27.18574,42.89127],[27.18197,42.89267],[27.17832,42.89216],[27.1771,42.89079],[27.1779,42.8892],[27.17974,42.88751],[27.18076,42.88567],[27.18223,42.88455],[27.1808,42.88396],[27.18045,42.88264],[27.18135,42.88165],[27.18194,42.87895],[27.18267,42.87856],[27.18314,42.87707],[27.18263,42.87699],[27.18177,42.87564],[27.18044,42.87507],[27.17752,42.87457],[27.17506,42.8747],[27.17513,42.87527],[27.174,42.87556],[27.17272,42.87494],[27.17285,42.87453],[27.17205,42.87456],[27.17203,42.87496],[27.17144,42.87446],[27.17093,42.87507],[27.17123,42.87585],[27.17031,42.87608],[27.17065,42.87503],[27.16628,42.87463],[27.16646,42.87621],[27.16763,42.87831],[27.16636,42.878],[27.1667,42.87728],[27.16553,42.87444],[27.16192,42.87491],[27.16179,42.87575],[27.16262,42.87704],[27.16151,42.88035],[27.1621,42.88042],[27.16204,42.88077],[27.16086,42.88089],[27.16244,42.8771],[27.16143,42.87569],[27.16164,42.87495],[27.16031,42.87527],[27.16035,42.87898],[27.1601,42.87802],[27.15935,42.87855],[27.16021,42.87681],[27.16013,42.87533],[27.15774,42.87563],[27.15709,42.87593],[27.15705,42.87683],[27.15553,42.87768],[27.15485,42.88185],[27.15413,42.88331],[27.15313,42.88382],[27.15277,42.88359],[27.15395,42.88302],[27.15492,42.87894],[27.15422,42.87895],[27.15377,42.87973],[27.1516,42.88094],[27.15126,42.88069],[27.15279,42.87964],[27.15407,42.8777],[27.15198,42.87913],[27.1519,42.87807],[27.1514,42.87771],[27.14972,42.87846],[27.14904,42.87766],[27.14935,42.87659],[27.14587,42.87669],[27.14349,42.87697],[27.13957,42.879],[27.1409,42.87774],[27.13989,42.87681],[27.14131,42.8775],[27.14054,42.87639],[27.14199,42.87754],[27.14342,42.87661],[27.14408,42.87672],[27.14413,42.87548],[27.14267,42.87603],[27.14193,42.87486],[27.1428,42.87466],[27.14369,42.87361],[27.14232,42.87138],[27.14071,42.8718],[27.14057,42.87131],[27.13765,42.87111],[27.1377,42.8715],[27.1361,42.87161],[27.13459,42.87084],[27.13497,42.86941],[27.13431,42.86875],[27.13397,42.86928],[27.13361,42.86912],[27.13451,42.86795],[27.13427,42.86708],[27.13553,42.86477],[27.13502,42.86343],[27.13532,42.86358],[27.13407,42.86184],[27.13326,42.86207],[27.13269,42.86143],[27.13143,42.86281],[27.13078,42.86477],[27.12899,42.86673],[27.12687,42.8675],[27.12588,42.86714],[27.12601,42.86656],[27.12511,42.86608],[27.12568,42.86542],[27.12521,42.86497],[27.12554,42.86398],[27.1245,42.86336],[27.12137,42.86462],[27.1201,42.86574],[27.11925,42.86551],[27.12209,42.86388],[27.12442,42.86122],[27.11832,42.86111],[27.1177,42.86213],[27.11767,42.86122],[27.11682,42.86206],[27.11681,42.86285],[27.11543,42.86266],[27.1148,42.86309],[27.11461,42.86221],[27.11015,42.86279],[27.10891,42.86278],[27.10758,42.8621],[27.10533,42.8623],[27.1077,42.86171],[27.10634,42.8596],[27.10623,42.85735],[27.10753,42.85619],[27.10707,42.85467],[27.10235,42.85559],[27.10228,42.85498],[27.10074,42.85518],[27.10082,42.85447],[27.09973,42.85453],[27.09969,42.85356],[27.09931,42.85373],[27.10015,42.85283],[27.09981,42.85147],[27.10266,42.84548],[27.10019,42.84335],[27.09985,42.84134],[27.102,42.83945],[27.10248,42.83845],[27.09966,42.83416],[27.09638,42.8331],[27.09392,42.83364],[27.091,42.83502],[27.09178,42.83502],[27.09114,42.83542],[27.08998,42.83774],[27.09065,42.83791],[27.08986,42.83918],[27.08501,42.84238],[27.08486,42.84535],[27.08543,42.84677],[27.08349,42.84677],[27.08314,42.84746],[27.08362,42.84644],[27.08337,42.84601],[27.08276,42.84758],[27.08306,42.84578],[27.07965,42.8453],[27.07963,42.84641],[27.07858,42.84701],[27.07869,42.84758],[27.07989,42.84757],[27.07875,42.84776],[27.07849,42.84961],[27.07849,42.84867],[27.07773,42.8486],[27.07849,42.84801],[27.07849,42.84684],[27.07921,42.84535],[27.08049,42.84447],[27.07921,42.84381],[27.08043,42.84306],[27.07757,42.84216],[27.07488,42.83962],[27.07268,42.83876],[27.0726,42.83838],[27.07354,42.8383],[27.07341,42.83711],[27.07202,42.83715],[27.06908,42.83601],[27.06685,42.83625],[27.06273,42.83784],[27.06143,42.83976],[27.05941,42.84044],[27.06006,42.8413],[27.05936,42.84044],[27.05442,42.8409],[27.04579,42.84575],[27.04914,42.84563],[27.05364,42.84678],[27.05284,42.84805],[27.05159,42.84721],[27.04583,42.8463],[27.044,42.84656],[27.04471,42.84682],[27.04444,42.84735],[27.04347,42.84732],[27.04317,42.84544],[27.04127,42.84506],[27.03393,42.84436],[27.03015,42.84459],[27.02652,42.84293],[27.02413,42.84352],[27.01968,42.84302],[27.01886,42.84583],[27.01982,42.84915],[27.01863,42.85188],[27.01509,42.85212],[27.01334,42.85125],[27.01407,42.85156],[27.01327,42.85159],[27.01231,42.85236],[27.01252,42.85276],[27.01131,42.85383],[27.01176,42.85432],[27.01127,42.85495],[27.01148,42.85551],[27.01073,42.85582],[27.01063,42.85767],[27.01111,42.85913],[27.01071,42.86073],[27.0114,42.86196],[27.01491,42.86466],[27.01425,42.86505],[27.01176,42.86279],[27.01009,42.86031],[27.01053,42.8558],[27.01161,42.85439],[27.01071,42.85396],[27.01169,42.85232],[27.01189,42.8513],[27.01147,42.85032],[27.01002,42.84942],[27.00616,42.8496],[27.00358,42.85116],[27.00286,42.85052],[27.00042,42.85387],[26.99596,42.85613],[26.99399,42.85646],[26.99342,42.85734],[26.99376,42.85898],[26.99497,42.86079],[26.99457,42.86341],[26.99408,42.86448],[26.99178,42.86661],[26.99151,42.86774],[26.99208,42.86805],[26.99224,42.86989],[26.99281,42.8705],[26.99256,42.87086],[26.99338,42.87101],[26.99302,42.8717],[26.99421,42.8735],[26.99421,42.87428],[26.99525,42.87461],[26.99649,42.87597],[26.99285,42.87404],[26.99235,42.87438],[26.99258,42.87356],[26.99225,42.87343],[26.99159,42.87338],[26.99086,42.87457],[26.99148,42.87498],[26.99165,42.87605],[26.99286,42.87542],[26.99231,42.87621],[26.99272,42.87642],[26.99244,42.8777],[26.99334,42.87753],[26.99264,42.87808],[26.99157,42.87806],[26.99163,42.87838],[26.99378,42.87865],[26.99466,42.87973],[26.99355,42.87902],[26.99087,42.87863],[26.98991,42.87748],[26.98966,42.87832],[26.99028,42.87993],[26.98884,42.87796],[26.98838,42.87864],[26.98652,42.87899],[26.98654,42.87956],[26.98556,42.88002],[26.985,42.87889],[26.9831,42.87942],[26.98187,42.87917],[26.98246,42.87989],[26.98144,42.8801],[26.98063,42.87995],[26.98024,42.87821],[26.97869,42.87671],[26.9769,42.87658],[26.97677,42.87714],[26.97366,42.87683],[26.97252,42.87734],[26.97278,42.87649],[26.97613,42.8755],[26.97327,42.87648],[26.97179,42.87626],[26.9706,42.87712],[26.96842,42.87583],[26.96594,42.87915],[26.96542,42.87832],[26.96486,42.87826],[26.96308,42.87931],[26.9633,42.88028],[26.96057,42.88251],[26.961,42.88153],[26.9603,42.88226],[26.95951,42.88374],[26.95961,42.88726],[26.9581,42.88844],[26.95469,42.88863],[26.95457,42.88807],[26.95589,42.888],[26.9516,42.88501],[26.94947,42.88435],[26.94383,42.88465],[26.94421,42.88507],[26.94115,42.8856],[26.9412,42.88602],[26.9405,42.88615],[26.94062,42.8867],[26.93958,42.88654],[26.93911,42.88739],[26.93836,42.88729],[26.93634,42.88824],[26.93639,42.889],[26.93558,42.88885],[26.93564,42.88939],[26.93331,42.88906],[26.93162,42.8895],[26.93179,42.88878],[26.93048,42.89009],[26.93059,42.8907],[26.92815,42.89168],[26.92157,42.8922],[26.92116,42.89128],[26.92042,42.89099],[26.92092,42.8916],[26.92047,42.89153],[26.91906,42.89007],[26.91927,42.88882],[26.91853,42.88842],[26.91847,42.88683],[26.919,42.88568],[26.91755,42.88527],[26.91683,42.88603],[26.91608,42.88542],[26.91475,42.88709],[26.91518,42.88554],[26.91484,42.885],[26.91217,42.88492],[26.9126,42.8825],[26.91007,42.88199],[26.91342,42.8813],[26.91552,42.88406],[26.91968,42.88591],[26.91913,42.88516],[26.91742,42.8846],[26.91898,42.8848],[26.91681,42.88414],[26.91844,42.88351],[26.91917,42.88484],[26.92136,42.8851],[26.92126,42.88584],[26.92275,42.88626],[26.92424,42.88503],[26.92433,42.88584],[26.92628,42.88648],[26.9276,42.88788],[26.9306,42.88789],[26.93383,42.8863],[26.936,42.88618],[26.9439,42.88412],[26.94451,42.88442],[26.94401,42.884],[26.94452,42.88383],[26.94455,42.88422],[26.94564,42.88419],[26.94938,42.88359],[26.95254,42.88491],[26.95666,42.88766],[26.95559,42.88699],[26.95781,42.88505],[26.95811,42.88379],[26.95756,42.88351],[26.95826,42.8835],[26.9605,42.88062],[26.96387,42.87845],[26.96197,42.87877],[26.96042,42.87971],[26.95927,42.87886],[26.95829,42.87888],[26.95823,42.87817],[26.95874,42.87806],[26.9584,42.87717],[26.95975,42.87709],[26.9594,42.87662],[26.96123,42.87586],[26.96176,42.87517],[26.9605,42.87444],[26.95958,42.87484],[26.9586,42.87386],[26.96044,42.87355],[26.95856,42.87367],[26.95815,42.8727],[26.9584,42.872],[26.96169,42.87144],[26.9665,42.87189],[26.96707,42.86882],[26.96803,42.86896],[26.96846,42.8684],[26.96932,42.86856],[26.96975,42.86812],[26.97252,42.86855],[26.97191,42.86878],[26.97527,42.86868],[26.97616,42.8679],[26.97614,42.86713],[26.97658,42.86711],[26.97634,42.86804],[26.9768,42.86837],[26.97769,42.86797],[26.978,42.86727],[26.97841,42.86851],[26.98148,42.86703],[26.98223,42.86737],[26.98154,42.86782],[26.98172,42.86814],[26.98373,42.86811],[26.98429,42.86875],[26.98561,42.869],[26.98597,42.86809],[26.98551,42.86722],[26.98666,42.8667],[26.98584,42.86634],[26.98667,42.86632],[26.98559,42.86623],[26.98548,42.8654],[26.98761,42.86619],[26.98777,42.86582],[26.99076,42.86601],[26.99363,42.86316],[26.99399,42.86143],[26.99245,42.85798],[26.99126,42.85801],[26.99099,42.8591],[26.99034,42.85813],[26.99262,42.85737],[26.991,42.85772],[26.99192,42.85659],[26.99116,42.85608],[26.99212,42.85603],[26.99419,42.8548],[26.99347,42.85438],[26.99483,42.85439],[26.99484,42.85304],[26.99378,42.85258],[26.99291,42.85304],[26.99111,42.85278],[26.99003,42.85147],[26.99102,42.85034],[26.99343,42.85098],[26.99511,42.85036],[26.99584,42.85125],[26.99642,42.85122],[26.99759,42.85058],[26.99647,42.84898],[26.99856,42.84793],[26.99972,42.84804],[27.00009,42.84734],[26.99976,42.84716],[27.00074,42.84764],[26.99961,42.84923],[26.99785,42.85014],[26.99904,42.85113],[26.99834,42.85173],[26.99816,42.85271],[27.00274,42.84913],[27.0078,42.84727],[27.01167,42.84809],[27.01233,42.84925],[27.01346,42.8499],[27.01342,42.84953],[27.01422,42.8496],[27.01555,42.85079],[27.01747,42.85067],[27.0182,42.84919],[27.01855,42.84926],[27.01821,42.8474],[27.01754,42.84694],[27.01798,42.84688],[27.01762,42.84337],[27.01673,42.84341],[27.01648,42.84404],[27.01389,42.84419],[27.01112,42.84336],[27.01077,42.84351],[27.01134,42.8448],[27.01049,42.84404],[27.00905,42.84371],[26.99484,42.84709],[26.99124,42.84516],[26.99028,42.84402],[26.99224,42.84281],[26.99311,42.84284],[26.99241,42.84323],[26.99304,42.84331],[26.99237,42.84347],[26.99307,42.84383],[26.99268,42.84409],[26.99701,42.84522],[26.9997,42.84403],[27.00117,42.84279],[27.00873,42.84128],[27.02441,42.8415],[27.02871,42.84194],[27.02871,42.84279],[27.03106,42.84328],[27.03402,42.84309],[27.03439,42.8434],[27.03415,42.84423],[27.03997,42.84438],[27.04471,42.84528],[27.05335,42.84053],[27.05558,42.83994],[27.05693,42.83991],[27.05742,42.84041],[27.0607,42.83988],[27.0613,42.83776],[27.06789,42.83538],[27.07053,42.83509],[27.07708,42.83599],[27.07845,42.83989],[27.07993,42.842],[27.08084,42.84219],[27.08462,42.84109],[27.08855,42.83824],[27.08956,42.83696],[27.08933,42.83656],[27.08992,42.83662],[27.09121,42.83454],[27.09351,42.83354],[27.09389,42.83296],[27.09597,42.83246],[27.1004,42.83372],[27.1029,42.83787],[27.10435,42.83817],[27.1033,42.83848],[27.10259,42.83979],[27.10134,42.84073],[27.10239,42.84124],[27.10106,42.84114],[27.10076,42.84178],[27.10161,42.84372],[27.10369,42.84295],[27.10243,42.84468],[27.10328,42.84454],[27.10322,42.8468],[27.10358,42.84702],[27.10292,42.84808],[27.10212,42.84794],[27.10199,42.84834],[27.10442,42.85239],[27.10711,42.85114],[27.10832,42.84961],[27.10928,42.84947],[27.11066,42.84681],[27.10907,42.84822],[27.10905,42.84769],[27.11232,42.84509],[27.11382,42.84301],[27.11683,42.84157],[27.11758,42.8407],[27.11745,42.83979],[27.118,42.83981],[27.11843,42.84087],[27.12129,42.84106],[27.12194,42.84176],[27.12427,42.84199],[27.12422,42.8424],[27.12549,42.84117],[27.12361,42.84064],[27.12694,42.84083],[27.13025,42.84164],[27.13175,42.84149],[27.13301,42.84271],[27.13659,42.84325],[27.13619,42.84401],[27.13641,42.84555],[27.13467,42.84746],[27.13481,42.84848],[27.13249,42.85015],[27.13214,42.85097],[27.13229,42.85177],[27.1334,42.85293],[27.13563,42.85328],[27.13751,42.85257],[27.13826,42.85289],[27.1396,42.85236],[27.14517,42.8523],[27.15387,42.85086],[27.1535,42.85136],[27.15739,42.85029],[27.15837,42.85123],[27.16054,42.85182],[27.1638,42.85186],[27.16179,42.85306],[27.16247,42.8544],[27.1645,42.85557],[27.16448,42.85637],[27.16406,42.85733],[27.16155,42.85949],[27.16183,42.86211],[27.15895,42.8643],[27.15895,42.86495],[27.16145,42.86752],[27.16132,42.86816],[27.16265,42.86926],[27.16177,42.86884],[27.16094,42.8701],[27.16116,42.8705],[27.15759,42.87157],[27.15607,42.87145],[27.15464,42.87265],[27.15204,42.87361],[27.15216,42.87317],[27.15101,42.87372],[27.1495,42.87365],[27.14865,42.87303],[27.14841,42.87168],[27.14716,42.87109],[27.14675,42.872],[27.14787,42.87396],[27.14997,42.87528],[27.15252,42.87546],[27.16505,42.87297],[27.17305,42.87356],[27.17721,42.87314],[27.1822,42.87387],[27.18415,42.8754],[27.18461,42.87718],[27.18327,42.8771],[27.18363,42.87736],[27.18143,42.8826],[27.18182,42.88369],[27.18814,42.88711],[27.19062,42.88753],[27.18929,42.88542],[27.19003,42.88569],[27.19042,42.88679],[27.1908,42.88672],[27.19062,42.88621],[27.19303,42.8872],[27.19767,42.88761],[27.19972,42.88904],[27.19874,42.88696],[27.19911,42.88659],[27.19989,42.8874],[27.20012,42.8886]]]},"properties":{"SiteCode":"BG0000137","SiteNameBG":"Река Долна Луда Камчия","SiteType":"SCI","SiteArea":2460.6974622399998,"naturaClass":"habitats"}},{"type":"Feature","geometry":{"type":"MultiPolygon","coordinates":[[[[24.38678,43.0191],[24.38574,43.02141],[24.38205,43.02387],[24.37619,43.02613],[24.3723,43.02705],[24.37091,43.02835],[24.36576,43.02775],[24.36753,43.02542],[24.36962,43.02399],[24.37829,43.02124],[24.37537,43.01791],[24.3718,43.01192],[24.37081,43.00423],[24.37007,43.00256],[24.36735,42.99809],[24.36054,42.99163],[24.35618,42.98454],[24.35518,42.98177],[24.35104,42.97737],[24.35045,42.97413],[24.34492,42.97481],[24.33846,42.97143],[24.33476,42.97215],[24.33598,42.97783],[24.33808,42.98031],[24.33829,42.98381],[24.33526,42.98616],[24.3333,42.98908],[24.33318,42.99177],[24.33238,42.99337],[24.32944,42.99357],[24.32655,42.99242],[24.32517,42.99051],[24.32494,42.98727],[24.32208,42.98559],[24.32195,42.98855],[24.3228,42.99422],[24.3223,42.99744],[24.31973,42.99738],[24.31685,42.99623],[24.31677,42.99785],[24.3138,42.99885],[24.30945,42.99768],[24.30807,42.99576],[24.30816,42.99361],[24.30617,42.98871],[24.30369,42.98677],[24.30043,42.98588],[24.2998,42.98345],[24.29874,42.98261],[24.29773,42.98044],[24.29856,42.9783],[24.29721,42.97558],[24.28889,42.97296],[24.28793,42.96997],[24.28902,42.97],[24.28907,42.96892],[24.28158,42.96417],[24.28141,42.95958],[24.27851,42.95897],[24.27155,42.95881],[24.26772,42.96249],[24.26721,42.96571],[24.2624,42.96667],[24.25719,42.96843],[24.2541,42.97186],[24.25075,42.97312],[24.24788,42.97171],[24.2469,42.96899],[24.23957,42.96881],[24.23837,42.97094],[24.23499,42.97274],[24.23443,42.97704],[24.22596,42.97791],[24.22266,42.97783],[24.22015,42.97669],[24.21394,42.97627],[24.21295,42.97382],[24.21379,42.97142],[24.21389,42.96927],[24.21727,42.96747],[24.22098,42.96648],[24.21815,42.96426],[24.22089,42.96028],[24.2154,42.96015],[24.21113,42.95735],[24.2156,42.95558],[24.21715,42.95373],[24.21838,42.9508],[24.22958,42.94636],[24.2308,42.9437],[24.23373,42.94377],[24.23656,42.93791],[24.23985,42.93799],[24.24068,42.93586],[24.24398,42.93567],[24.25383,42.93671],[24.25244,42.93506],[24.25219,42.93263],[24.25516,42.93163],[24.25878,42.93252],[24.26285,42.93181],[24.26522,42.92783],[24.2696,42.9282],[24.27246,42.92989],[24.28088,42.93009],[24.28398,42.93447],[24.29167,42.93465],[24.29872,42.93267],[24.30071,42.92921],[24.30522,42.92662],[24.31113,42.92542],[24.3127,42.92303],[24.31329,42.91793],[24.31074,42.9176],[24.31087,42.91464],[24.31306,42.91469],[24.31641,42.91369],[24.31538,42.91205],[24.31218,42.90982],[24.31803,42.90996],[24.3243,42.90903],[24.32556,42.90529],[24.32615,42.90018],[24.32365,42.89878],[24.31942,42.89744],[24.31486,42.90057],[24.31221,42.90419],[24.3063,42.90779],[24.30583,42.91033],[24.30262,42.91282],[24.29914,42.91225],[24.29621,42.91319],[24.29287,42.91227],[24.28765,42.91246],[24.28268,42.91501],[24.27458,42.91503],[24.26889,42.91809],[24.26698,42.91864],[24.2654,42.91846],[24.26432,42.91761],[24.26417,42.91646],[24.265,42.91548],[24.26767,42.91429],[24.26819,42.91039],[24.26673,42.91036],[24.26349,42.90921],[24.26584,42.90735],[24.26304,42.90541],[24.2614,42.90543],[24.25788,42.90359],[24.25755,42.90243],[24.25982,42.90157],[24.25656,42.89989],[24.25509,42.89549],[24.25525,42.89369],[24.25608,42.89278],[24.26149,42.8919],[24.26147,42.89073],[24.26271,42.88932],[24.26898,42.88483],[24.26864,42.8839],[24.26704,42.88298],[24.2645,42.88277],[24.26195,42.88186],[24.26145,42.88047],[24.2592,42.87886],[24.25994,42.87594],[24.25961,42.87524],[24.25865,42.87455],[24.255,42.87435],[24.25344,42.87611],[24.25363,42.87798],[24.25115,42.88115],[24.25121,42.88476],[24.24965,42.88641],[24.24588,42.88854],[24.24511,42.8896],[24.24465,42.89054],[24.24593,42.89111],[24.24611,42.89274],[24.24331,42.89545],[24.24253,42.89674],[24.24255,42.89767],[24.2448,42.89905],[24.25035,42.89947],[24.25196,42.90085],[24.25519,42.9042],[24.25508,42.907],[24.25864,42.91117],[24.25835,42.91257],[24.2556,42.91511],[24.25162,42.91765],[24.24709,42.92224],[24.24379,42.92401],[24.23496,42.92678],[24.23197,42.92832],[24.22454,42.93014],[24.2206,42.93181],[24.21872,42.93334],[24.21461,42.93431],[24.21318,42.93362],[24.21363,42.93222],[24.21706,42.92846],[24.21968,42.924],[24.21916,42.92121],[24.21946,42.92016],[24.22087,42.91898],[24.2234,42.91872],[24.22528,42.91742],[24.22493,42.91544],[24.2238,42.91429],[24.22692,42.91088],[24.22719,42.90843],[24.2281,42.90597],[24.22998,42.90409],[24.23105,42.90198],[24.23086,42.89999],[24.22783,42.89909],[24.22418,42.89924],[24.22258,42.89832],[24.21513,42.89839],[24.2116,42.89609],[24.2079,42.89274],[24.20122,42.89175],[24.19834,42.89037],[24.19762,42.89481],[24.19415,42.89554],[24.18226,42.89611],[24.18124,42.89157],[24.18009,42.88925],[24.17706,42.88811],[24.1696,42.88782],[24.16707,42.88819],[24.15943,42.88616],[24.15529,42.88652],[24.14933,42.87878],[24.14533,42.87683],[24.14308,42.87487],[24.1399,42.87408],[24.13485,42.87364],[24.13204,42.8682],[24.13232,42.86575],[24.13182,42.86389],[24.12923,42.86076],[24.12558,42.86067],[24.12295,42.86512],[24.12094,42.86588],[24.11758,42.86575],[24.11411,42.86706],[24.11362,42.8659],[24.10807,42.86594],[24.10566,42.86387],[24.10391,42.86318],[24.09457,42.86384],[24.09361,42.86349],[24.09295,42.8614],[24.08929,42.86096],[24.08785,42.85981],[24.08862,42.85841],[24.0913,42.85699],[24.1041,42.85455],[24.11076,42.85497],[24.1128,42.85343],[24.11612,42.85271],[24.11752,42.85141],[24.1199,42.85186],[24.12055,42.85267],[24.12082,42.84952],[24.12411,42.84658],[24.12725,42.84515],[24.12915,42.84479],[24.1374,42.84589],[24.14086,42.84411],[24.14293,42.84491],[24.14611,42.84535],[24.1515,42.84542],[24.15792,42.84023],[24.16733,42.83444],[24.16857,42.83244],[24.17295,42.82902],[24.1734,42.82762],[24.1802,42.8271],[24.18704,42.82867],[24.19112,42.83046],[24.19037,42.82825],[24.19065,42.82684],[24.18932,42.82554],[24.18969,42.82438],[24.18943,42.82226],[24.18773,42.82011],[24.18531,42.8182],[24.181,42.81809],[24.17918,42.81884],[24.17799,42.82119],[24.17456,42.82488],[24.17389,42.82486],[24.17364,42.82564],[24.1691,42.82725],[24.16715,42.82635],[24.16814,42.82491],[24.1682,42.82359],[24.16718,42.82224],[24.16734,42.81881],[24.1638,42.81767],[24.16139,42.81549],[24.1588,42.81728],[24.15448,42.81743],[24.15118,42.8192],[24.15017,42.81759],[24.14842,42.81676],[24.13875,42.81625],[24.13799,42.81729],[24.13653,42.81778],[24.13599,42.82173],[24.13876,42.82388],[24.13791,42.8245],[24.13844,42.82563],[24.13766,42.82688],[24.13532,42.8273],[24.13231,42.82644],[24.12857,42.82377],[24.12441,42.81842],[24.12434,42.81519],[24.12561,42.80917],[24.12803,42.8047],[24.12624,42.80206],[24.12238,42.79821],[24.11833,42.79747],[24.1155,42.79819],[24.11338,42.79751],[24.10952,42.79741],[24.10463,42.79618],[24.09886,42.7954],[24.09455,42.7956],[24.09351,42.79479],[24.0905,42.79471],[24.08801,42.79734],[24.08646,42.79825],[24.08431,42.79883],[24.08305,42.79869],[24.08288,42.79999],[24.08188,42.79987],[24.07946,42.79563],[24.07778,42.7943],[24.07173,42.79286],[24.06709,42.78953],[24.06716,42.78792],[24.06419,42.78624],[24.06383,42.78462],[24.06214,42.7831],[24.06392,42.78288],[24.06437,42.78232],[24.06447,42.77988],[24.06513,42.77896],[24.06743,42.77942],[24.0691,42.77859],[24.06916,42.77783],[24.07027,42.77697],[24.06978,42.77499],[24.0687,42.77414],[24.07068,42.77282],[24.07208,42.77258],[24.07126,42.7717],[24.0713,42.77065],[24.06506,42.77246],[24.06398,42.77026],[24.06527,42.76907],[24.06589,42.76733],[24.0652,42.7661],[24.06549,42.76545],[24.0642,42.76472],[24.06084,42.76446],[24.05651,42.76499],[24.05277,42.76832],[24.05086,42.77065],[24.05042,42.77249],[24.04776,42.77559],[24.04515,42.77763],[24.04195,42.77728],[24.0413,42.77595],[24.04283,42.77388],[24.04503,42.77288],[24.04598,42.77042],[24.05035,42.76641],[24.05155,42.7638],[24.05398,42.76247],[24.05527,42.75748],[24.05675,42.75425],[24.055,42.75345],[24.05377,42.75146],[24.05183,42.75043],[24.05192,42.74848],[24.05133,42.747],[24.04618,42.74344],[24.04634,42.74001],[24.0425,42.73965],[24.03938,42.74035],[24.0388,42.74065],[24.038,42.7425],[24.03483,42.74096],[24.03254,42.74143],[24.03215,42.74361],[24.03155,42.74432],[24.02965,42.74281],[24.02941,42.74187],[24.02947,42.74051],[24.03038,42.73939],[24.03047,42.73741],[24.03108,42.73649],[24.03384,42.735],[24.03882,42.73429],[24.04132,42.73237],[24.04318,42.7319],[24.04627,42.7324],[24.0482,42.73349],[24.04916,42.73696],[24.05058,42.73753],[24.05753,42.7376],[24.05954,42.73813],[24.06248,42.7376],[24.06266,42.73862],[24.06608,42.73973],[24.07381,42.74084],[24.07633,42.73932],[24.07642,42.73879],[24.07684,42.73911],[24.07677,42.73855],[24.07714,42.73878],[24.08336,42.73658],[24.08349,42.73513],[24.083,42.73468],[24.08332,42.73417],[24.08527,42.73431],[24.08524,42.73518],[24.08703,42.73412],[24.09037,42.73444],[24.09072,42.73362],[24.0925,42.73392],[24.09278,42.73358],[24.09488,42.73459],[24.09355,42.73555],[24.09482,42.73624],[24.095,42.73733],[24.09586,42.73754],[24.09757,42.73913],[24.09917,42.73729],[24.10074,42.73754],[24.10147,42.73617],[24.10481,42.73596],[24.1091,42.73651],[24.10926,42.73738],[24.11059,42.73828],[24.10976,42.74039],[24.11319,42.73942],[24.11336,42.73909],[24.11259,42.73831],[24.11274,42.73738],[24.11562,42.73598],[24.1192,42.73774],[24.11931,42.73955],[24.12136,42.74073],[24.12114,42.74352],[24.12242,42.7436],[24.12292,42.74186],[24.12426,42.74047],[24.12408,42.7394],[24.12535,42.73839],[24.12564,42.73668],[24.12472,42.73559],[24.12879,42.73673],[24.129,42.73742],[24.13289,42.74044],[24.13385,42.7404],[24.13429,42.73887],[24.13647,42.73791],[24.13704,42.74015],[24.13761,42.73791],[24.14097,42.73369],[24.14185,42.73278],[24.14363,42.73227],[24.14604,42.73246],[24.1481,42.73319],[24.14873,42.734],[24.14867,42.73523],[24.15129,42.73813],[24.15269,42.74045],[24.15462,42.74222],[24.15716,42.74248],[24.15773,42.74218],[24.15769,42.74131],[24.15831,42.74048],[24.15944,42.73953],[24.16435,42.73789],[24.16532,42.7382],[24.16832,42.74117],[24.16846,42.74233],[24.17037,42.74353],[24.1711,42.74485],[24.17174,42.74371],[24.17351,42.74361],[24.17455,42.74233],[24.17665,42.73935],[24.17672,42.73776],[24.17876,42.73754],[24.17844,42.73896],[24.1796,42.73967],[24.18191,42.73887],[24.18438,42.74012],[24.18477,42.73767],[24.18557,42.7373],[24.18846,42.73834],[24.19117,42.73825],[24.19167,42.73875],[24.19134,42.73971],[24.1917,42.7403],[24.19265,42.74031],[24.19251,42.74102],[24.19325,42.74077],[24.19381,42.7415],[24.19361,42.74189],[24.19469,42.74278],[24.19782,42.74181],[24.19783,42.74008],[24.20013,42.7405],[24.20181,42.74242],[24.20267,42.74519],[24.20378,42.74667],[24.20515,42.7467],[24.20736,42.74545],[24.21042,42.74656],[24.21159,42.74482],[24.21435,42.74262],[24.21564,42.74233],[24.21759,42.741],[24.2176,42.74373],[24.21833,42.74436],[24.21171,42.74738],[24.20971,42.75002],[24.20866,42.75068],[24.21143,42.75172],[24.21272,42.75299],[24.21378,42.75205],[24.21632,42.75205],[24.21733,42.7535],[24.21661,42.75456],[24.21747,42.75381],[24.2192,42.75409],[24.21785,42.75358],[24.21775,42.75274],[24.21968,42.75185],[24.22154,42.75354],[24.22665,42.75384],[24.22699,42.75539],[24.22543,42.75921],[24.22931,42.76692],[24.22658,42.76657],[24.22537,42.76587],[24.22168,42.76575],[24.21874,42.76426],[24.21235,42.76382],[24.20935,42.76308],[24.20321,42.76351],[24.19075,42.76262],[24.18622,42.76334],[24.18161,42.76573],[24.18377,42.76802],[24.18342,42.76855],[24.18466,42.77005],[24.18472,42.77234],[24.18556,42.77385],[24.18565,42.77607],[24.18423,42.77948],[24.18396,42.78332],[24.1888,42.7819],[24.1963,42.78156],[24.19814,42.78054],[24.20172,42.78289],[24.20374,42.78265],[24.2045,42.78304],[24.20752,42.78239],[24.20867,42.78129],[24.20904,42.78239],[24.20846,42.78306],[24.20766,42.7888],[24.21354,42.78547],[24.21824,42.78647],[24.22229,42.78864],[24.2251,42.78907],[24.22693,42.79078],[24.2276,42.79255],[24.22724,42.79643],[24.22865,42.79873],[24.22933,42.80138],[24.23099,42.80301],[24.22964,42.80627],[24.22555,42.81026],[24.22415,42.81107],[24.22565,42.81147],[24.22776,42.81009],[24.22904,42.80984],[24.2335,42.81123],[24.23665,42.81055],[24.24059,42.81107],[24.24043,42.8122],[24.23833,42.81343],[24.24064,42.81623],[24.24065,42.81835],[24.24272,42.82071],[24.24755,42.81854],[24.24876,42.81708],[24.25171,42.81653],[24.25277,42.81714],[24.25443,42.81686],[24.25704,42.81782],[24.26025,42.8178],[24.25937,42.81921],[24.25995,42.8206],[24.2656,42.82118],[24.26715,42.82185],[24.26699,42.8225],[24.26363,42.82375],[24.26196,42.82538],[24.25957,42.82575],[24.25644,42.82718],[24.25581,42.82824],[24.25609,42.82877],[24.25473,42.82877],[24.2542,42.82946],[24.25456,42.83047],[24.25398,42.83058],[24.25346,42.82981],[24.25324,42.83027],[24.25279,42.82985],[24.25215,42.83003],[24.25446,42.83123],[24.25416,42.83133],[24.25596,42.83147],[24.25727,42.83275],[24.25964,42.83376],[24.26071,42.83267],[24.26265,42.83291],[24.26267,42.83445],[24.26329,42.83454],[24.26338,42.83536],[24.26181,42.83586],[24.26227,42.83602],[24.26341,42.83838],[24.27077,42.83986],[24.27305,42.83795],[24.27472,42.83518],[24.2757,42.83193],[24.27423,42.82831],[24.27541,42.82729],[24.28491,42.82579],[24.28859,42.82576],[24.29099,42.825],[24.29277,42.82371],[24.29511,42.82325],[24.30016,42.82267],[24.30566,42.82327],[24.30571,42.82182],[24.30673,42.81972],[24.30603,42.81918],[24.30352,42.81801],[24.30143,42.81921],[24.29934,42.81814],[24.29741,42.81842],[24.29704,42.81889],[24.29557,42.81833],[24.29552,42.81744],[24.29883,42.81581],[24.29736,42.81511],[24.29521,42.81216],[24.29596,42.81073],[24.29741,42.81191],[24.29858,42.81124],[24.30059,42.81107],[24.29674,42.81051],[24.29783,42.80978],[24.29634,42.8093],[24.29497,42.80745],[24.29742,42.8066],[24.29512,42.80549],[24.30087,42.80581],[24.29831,42.80339],[24.29724,42.80109],[24.29412,42.79825],[24.29341,42.79293],[24.29496,42.79188],[24.29679,42.79406],[24.29811,42.7938],[24.299,42.79452],[24.30063,42.79446],[24.30144,42.79523],[24.30462,42.79601],[24.30596,42.79564],[24.31027,42.7965],[24.30893,42.79507],[24.30795,42.79243],[24.30876,42.79052],[24.30692,42.78968],[24.30512,42.78961],[24.30507,42.78902],[24.30769,42.78873],[24.30789,42.78785],[24.31186,42.79054],[24.31207,42.78922],[24.31469,42.78793],[24.31585,42.78654],[24.31709,42.78619],[24.32003,42.78745],[24.32349,42.78987],[24.32424,42.79237],[24.32593,42.79514],[24.32643,42.7973],[24.32411,42.80103],[24.32521,42.80224],[24.3234,42.80323],[24.32269,42.80464],[24.32393,42.80638],[24.3264,42.80757],[24.32774,42.8097],[24.32835,42.81267],[24.33031,42.81147],[24.33477,42.81157],[24.33908,42.81094],[24.34131,42.81002],[24.34776,42.81237],[24.3545,42.8116],[24.35988,42.81176],[24.3601,42.8104],[24.36262,42.8073],[24.36497,42.8082],[24.36854,42.81156],[24.37165,42.81277],[24.37321,42.81089],[24.37607,42.81053],[24.37934,42.80945],[24.38346,42.80636],[24.38643,42.80661],[24.38815,42.80582],[24.39303,42.8068],[24.39545,42.8065],[24.39624,42.80434],[24.39629,42.80031],[24.39861,42.8012],[24.40309,42.80137],[24.40426,42.80296],[24.40729,42.80314],[24.4089,42.80302],[24.41118,42.80202],[24.41571,42.80181],[24.4175,42.80088],[24.41984,42.80124],[24.41918,42.79956],[24.4203,42.79824],[24.41999,42.79651],[24.42163,42.79512],[24.42134,42.79375],[24.42238,42.79315],[24.42236,42.79132],[24.42396,42.79048],[24.42391,42.78913],[24.42495,42.78842],[24.42715,42.78838],[24.42873,42.78652],[24.43162,42.78602],[24.434,42.78612],[24.43657,42.78726],[24.43653,42.78835],[24.43716,42.78949],[24.43863,42.78998],[24.44095,42.79213],[24.44178,42.79218],[24.44487,42.79427],[24.44687,42.79491],[24.44651,42.79679],[24.44884,42.79895],[24.44971,42.80178],[24.45234,42.80189],[24.4534,42.80427],[24.45712,42.80327],[24.45873,42.80352],[24.46143,42.80575],[24.46599,42.80703],[24.4665,42.80818],[24.46552,42.81012],[24.46585,42.8112],[24.46695,42.81236],[24.46677,42.81437],[24.46722,42.81504],[24.46914,42.8148],[24.47253,42.81581],[24.4764,42.8155],[24.48033,42.81741],[24.48131,42.81679],[24.48415,42.81659],[24.49206,42.8145],[24.49273,42.81671],[24.49219,42.81747],[24.49269,42.81817],[24.49506,42.81802],[24.4974,42.81858],[24.50347,42.81654],[24.50417,42.81588],[24.50324,42.81562],[24.50295,42.81481],[24.50334,42.8141],[24.50216,42.81431],[24.50188,42.81389],[24.50408,42.81368],[24.50416,42.81426],[24.50534,42.81389],[24.50622,42.81324],[24.50576,42.8129],[24.50586,42.81223],[24.50867,42.81408],[24.51085,42.81409],[24.51049,42.81321],[24.50707,42.81096],[24.51084,42.81183],[24.51227,42.81156],[24.51273,42.81061],[24.51459,42.81123],[24.51747,42.81076],[24.51758,42.8088],[24.51848,42.8086],[24.51745,42.80684],[24.51857,42.8064],[24.5212,42.80633],[24.52146,42.80652],[24.52081,42.80703],[24.52235,42.80703],[24.52195,42.80733],[24.52235,42.80798],[24.52017,42.80757],[24.52035,42.80704],[24.51948,42.80709],[24.51913,42.80798],[24.51974,42.80831],[24.52623,42.80724],[24.52631,42.80794],[24.52729,42.80844],[24.52685,42.80937],[24.52838,42.81048],[24.52902,42.81287],[24.53079,42.81185],[24.53146,42.81002],[24.53348,42.80943],[24.53887,42.80624],[24.54076,42.80577],[24.54096,42.80678],[24.54212,42.80792],[24.54468,42.80903],[24.54646,42.80834],[24.54687,42.8088],[24.54836,42.80862],[24.55076,42.80917],[24.55068,42.80764],[24.5521,42.80605],[24.55246,42.80393],[24.55859,42.80488],[24.55904,42.80465],[24.55874,42.80317],[24.55935,42.80296],[24.5629,42.80655],[24.56378,42.80656],[24.56362,42.80696],[24.56735,42.80658],[24.56947,42.80738],[24.57165,42.80651],[24.57357,42.80781],[24.57642,42.80822],[24.57821,42.8059],[24.57988,42.80522],[24.58117,42.80526],[24.58236,42.80358],[24.58141,42.80275],[24.58146,42.80196],[24.58239,42.80332],[24.58291,42.8031],[24.58346,42.80555],[24.58421,42.80556],[24.5849,42.80654],[24.58531,42.80616],[24.58599,42.80641],[24.58556,42.80567],[24.58659,42.80538],[24.58595,42.80443],[24.58618,42.80398],[24.589,42.80351],[24.58957,42.8044],[24.58926,42.80172],[24.58996,42.80017],[24.59029,42.80125],[24.59203,42.80137],[24.5938,42.80366],[24.595,42.80635],[24.59559,42.80499],[24.59484,42.80322],[24.59324,42.80281],[24.59239,42.79999],[24.58788,42.79639],[24.5887,42.79436],[24.58742,42.79347],[24.58698,42.79385],[24.58612,42.79368],[24.58577,42.79235],[24.58749,42.79259],[24.58757,42.79178],[24.58801,42.79212],[24.5897,42.7919],[24.59015,42.79138],[24.59178,42.79107],[24.59176,42.79052],[24.5931,42.78921],[24.59465,42.78938],[24.59496,42.78892],[24.59732,42.78837],[24.59799,42.78751],[24.59783,42.78676],[24.59967,42.78649],[24.5998,42.78563],[24.60024,42.78652],[24.59968,42.78687],[24.60014,42.78706],[24.60129,42.78585],[24.60509,42.78531],[24.60461,42.78365],[24.60681,42.78235],[24.60545,42.78101],[24.60597,42.78042],[24.60663,42.78059],[24.61338,42.77866],[24.61593,42.78083],[24.61762,42.78094],[24.6202,42.78199],[24.62142,42.78191],[24.62252,42.78265],[24.62423,42.78255],[24.62416,42.78335],[24.62296,42.78381],[24.62354,42.78641],[24.62451,42.78573],[24.62872,42.78886],[24.63566,42.79064],[24.63875,42.7922],[24.64031,42.79451],[24.64674,42.78892],[24.65202,42.78821],[24.65168,42.78613],[24.65271,42.78483],[24.65424,42.78523],[24.65392,42.78425],[24.65576,42.78428],[24.65253,42.78409],[24.65352,42.78352],[24.65247,42.78247],[24.65227,42.78159],[24.65276,42.78108],[24.65087,42.78084],[24.65137,42.78016],[24.6506,42.77871],[24.65136,42.77782],[24.65552,42.78034],[24.65395,42.7792],[24.65556,42.77887],[24.65605,42.77814],[24.65701,42.77894],[24.65632,42.77775],[24.65696,42.77707],[24.65721,42.7755],[24.65844,42.77472],[24.65822,42.77406],[24.65998,42.77414],[24.66049,42.77351],[24.66153,42.77392],[24.66486,42.77371],[24.66559,42.77409],[24.66632,42.7773],[24.67008,42.77821],[24.67035,42.77947],[24.67189,42.78039],[24.67352,42.78056],[24.67448,42.77944],[24.67719,42.77906],[24.67785,42.78075],[24.67875,42.78037],[24.67959,42.78166],[24.68277,42.78263],[24.68288,42.78353],[24.68481,42.78349],[24.68831,42.78455],[24.69155,42.78651],[24.69427,42.78721],[24.69575,42.78712],[24.69369,42.78559],[24.69183,42.78334],[24.69008,42.77944],[24.6921,42.77901],[24.69252,42.77831],[24.69401,42.77848],[24.69632,42.77743],[24.69807,42.77803],[24.69889,42.77953],[24.70299,42.77958],[24.70269,42.77873],[24.70335,42.77821],[24.70305,42.77708],[24.70341,42.7768],[24.7058,42.7779],[24.70876,42.77694],[24.70964,42.77736],[24.71212,42.77691],[24.71366,42.77751],[24.71166,42.77896],[24.71074,42.78179],[24.7106,42.78407],[24.71175,42.78849],[24.7116,42.7898],[24.71491,42.79017],[24.71619,42.79144],[24.71773,42.79127],[24.71602,42.78879],[24.71639,42.78232],[24.71848,42.781],[24.71824,42.78026],[24.72029,42.77962],[24.72097,42.78002],[24.72056,42.78068],[24.7213,42.78047],[24.72245,42.78103],[24.72399,42.78209],[24.7239,42.7825],[24.72499,42.7823],[24.72421,42.78095],[24.72166,42.77928],[24.72179,42.77872],[24.72466,42.77934],[24.72503,42.77973],[24.72443,42.77982],[24.72522,42.78027],[24.7248,42.78083],[24.72592,42.7804],[24.72604,42.7799],[24.7277,42.78012],[24.73024,42.77798],[24.73171,42.77764],[24.73042,42.77606],[24.72869,42.77701],[24.72727,42.77672],[24.72596,42.77467],[24.72665,42.77353],[24.72986,42.77298],[24.7305,42.77185],[24.72973,42.77172],[24.7296,42.77073],[24.73364,42.77054],[24.73591,42.77127],[24.73701,42.77068],[24.73802,42.77121],[24.73851,42.77106],[24.73851,42.77012],[24.73632,42.76876],[24.73914,42.76884],[24.74016,42.76955],[24.74121,42.76909],[24.74195,42.76956],[24.74167,42.77003],[24.74365,42.77016],[24.74382,42.77107],[24.74512,42.77163],[24.74273,42.77143],[24.74299,42.77199],[24.74521,42.77236],[24.74292,42.77286],[24.74496,42.77303],[24.7468,42.77249],[24.74721,42.77344],[24.74674,42.7744],[24.74716,42.77452],[24.74786,42.77382],[24.74775,42.77253],[24.74435,42.76999],[24.74461,42.76887],[24.74612,42.76796],[24.74625,42.76723],[24.74773,42.7667],[24.75569,42.76856],[24.75626,42.7674],[24.75813,42.76633],[24.75882,42.76533],[24.76012,42.76818],[24.76292,42.77082],[24.76551,42.77222],[24.76628,42.77008],[24.76766,42.76884],[24.76798,42.76712],[24.76882,42.76588],[24.77269,42.76742],[24.77869,42.76737],[24.77835,42.76167],[24.78354,42.76283],[24.78735,42.76227],[24.79248,42.76256],[24.79481,42.75555],[24.79829,42.75566],[24.80254,42.75504],[24.80281,42.75545],[24.80875,42.7545],[24.81037,42.75408],[24.81511,42.7513],[24.81806,42.75058],[24.82064,42.75248],[24.8216,42.75436],[24.82367,42.75574],[24.82451,42.75757],[24.82547,42.7577],[24.82962,42.75573],[24.83039,42.75436],[24.83555,42.75748],[24.83745,42.75621],[24.84084,42.75113],[24.84283,42.74963],[24.84564,42.75016],[24.84937,42.75001],[24.84985,42.7517],[24.85214,42.75036],[24.86102,42.75011],[24.86197,42.75133],[24.8622,42.75294],[24.86386,42.75469],[24.86485,42.75656],[24.86491,42.75974],[24.86639,42.76165],[24.86635,42.76467],[24.86692,42.76542],[24.86687,42.76479],[24.8693,42.76498],[24.87777,42.7634],[24.88735,42.76446],[24.88776,42.76393],[24.88664,42.76377],[24.88652,42.76255],[24.88801,42.75969],[24.88885,42.76021],[24.89044,42.75826],[24.89393,42.75658],[24.89503,42.75659],[24.8955,42.75529],[24.89641,42.75463],[24.89712,42.75442],[24.90205,42.75536],[24.90313,42.75585],[24.9052,42.75853],[24.90712,42.75976],[24.90861,42.76027],[24.91086,42.75948],[24.912,42.76003],[24.91239,42.76084],[24.91183,42.76223],[24.91361,42.7654],[24.91639,42.76366],[24.91675,42.7663],[24.92014,42.76654],[24.91896,42.76915],[24.92092,42.77007],[24.9202,42.7717],[24.92296,42.77253],[24.92433,42.77199],[24.92649,42.76932],[24.92874,42.76984],[24.92933,42.76936],[24.92952,42.76869],[24.92872,42.76683],[24.92922,42.76548],[24.93204,42.76651],[24.9333,42.76529],[24.93373,42.76386],[24.93701,42.76262],[24.93786,42.76538],[24.93919,42.7649],[24.94071,42.76348],[24.94057,42.76185],[24.94088,42.76254],[24.94655,42.7605],[24.94508,42.76246],[24.94694,42.76234],[24.94617,42.7629],[24.94626,42.76368],[24.94731,42.76416],[24.94859,42.76337],[24.94999,42.76448],[24.95488,42.76418],[24.957,42.7653],[24.95852,42.76764],[24.96038,42.76752],[24.95937,42.76857],[24.95992,42.7689],[24.95905,42.76901],[24.95817,42.77039],[24.95979,42.76993],[24.96003,42.77027],[24.95636,42.77133],[24.96297,42.77359],[24.96378,42.77217],[24.96541,42.7725],[24.96723,42.77085],[24.97295,42.7737],[24.97698,42.77179],[24.97966,42.77177],[24.98029,42.77198],[24.9802,42.77238],[24.98084,42.77166],[24.98219,42.77139],[24.98123,42.7712],[24.98368,42.76837],[24.98393,42.7675],[24.98491,42.76748],[24.98422,42.76589],[24.9818,42.7631],[24.98168,42.76184],[24.98479,42.76101],[24.9844,42.76],[24.98523,42.75947],[24.98676,42.76109],[24.98999,42.76175],[24.99028,42.76023],[24.99224,42.76025],[24.9955,42.76201],[24.99704,42.76205],[24.99849,42.76297],[24.99818,42.76335],[24.99878,42.76365],[25.00076,42.76384],[25.00272,42.765],[25.00608,42.76531],[25.00879,42.76661],[25.00893,42.76927],[25.01117,42.77018],[25.00675,42.77209],[25.0044,42.77419],[25.00304,42.77623],[25.00903,42.77598],[25.01578,42.77332],[25.01897,42.77504],[25.02281,42.7762],[25.02427,42.77894],[25.02532,42.77975],[25.02589,42.77837],[25.0268,42.77865],[25.02788,42.77831],[25.02801,42.77692],[25.0298,42.77694],[25.02892,42.77632],[25.03007,42.77654],[25.03214,42.77602],[25.03559,42.77683],[25.03581,42.77963],[25.03628,42.78045],[25.03949,42.78126],[25.04073,42.77876],[25.04309,42.77799],[25.0481,42.77761],[25.0522,42.7779],[25.05258,42.78152],[25.05538,42.78211],[25.05995,42.78532],[25.06032,42.78482],[25.06008,42.7833],[25.06429,42.7828],[25.068,42.78309],[25.07049,42.7824],[25.07339,42.78239],[25.073,42.78334],[25.07569,42.7855],[25.0776,42.78579],[25.07988,42.78767],[25.08468,42.78926],[25.08652,42.79057],[25.09026,42.79162],[25.09493,42.79172],[25.09741,42.78976],[25.10049,42.78836],[25.10046,42.78715],[25.10466,42.78782],[25.10779,42.78862],[25.10926,42.7895],[25.11228,42.79185],[25.11318,42.79328],[25.11605,42.79511],[25.11763,42.79575],[25.12002,42.79585],[25.11989,42.79356],[25.11849,42.79066],[25.1189,42.78906],[25.11836,42.78508],[25.11977,42.78126],[25.12644,42.77286],[25.13378,42.76739],[25.13445,42.76565],[25.1373,42.76247],[25.13481,42.75995],[25.1354,42.75927],[25.13573,42.75748],[25.13339,42.75859],[25.13069,42.75887],[25.12981,42.75754],[25.13014,42.75668],[25.12872,42.75531],[25.1267,42.7568],[25.12485,42.75717],[25.12134,42.7556],[25.11534,42.75589],[25.11463,42.75564],[25.11381,42.75433],[25.11451,42.75196],[25.11375,42.75393],[25.11224,42.75312],[25.10951,42.75281],[25.10898,42.75223],[25.10733,42.75523],[25.10552,42.75607],[25.10529,42.75574],[25.10582,42.75533],[25.10354,42.75451],[25.10041,42.75178],[25.09968,42.7508],[25.10015,42.74997],[25.10506,42.74849],[25.10901,42.74867],[25.11389,42.74647],[25.11659,42.74658],[25.11642,42.74685],[25.11728,42.74737],[25.12028,42.74717],[25.12175,42.74664],[25.12357,42.74679],[25.12348,42.74604],[25.12275,42.74541],[25.12306,42.74527],[25.12405,42.74579],[25.12496,42.74512],[25.12665,42.74545],[25.12638,42.74437],[25.12715,42.7401],[25.12654,42.73609],[25.13085,42.73574],[25.13169,42.73626],[25.12959,42.7298],[25.12997,42.72923],[25.1338,42.72788],[25.13557,42.72811],[25.1381,42.72932],[25.14044,42.72804],[25.14364,42.72713],[25.1441,42.72658],[25.14932,42.72636],[25.15345,42.72563],[25.16133,42.72767],[25.16761,42.73146],[25.16905,42.73162],[25.1711,42.73078],[25.17178,42.72801],[25.17292,42.7273],[25.1734,42.72621],[25.17407,42.72614],[25.17502,42.72397],[25.17468,42.72234],[25.17359,42.72108],[25.17366,42.7182],[25.177,42.71653],[25.1781,42.71542],[25.17897,42.71254],[25.1784,42.71051],[25.17929,42.70954],[25.17996,42.70721],[25.18434,42.70523],[25.18472,42.70422],[25.18538,42.70393],[25.18081,42.70275],[25.17695,42.69806],[25.17552,42.69695],[25.1734,42.69761],[25.17198,42.69668],[25.17134,42.69734],[25.17032,42.6975],[25.17112,42.69473],[25.17563,42.68491],[25.17443,42.6808],[25.17472,42.675],[25.17419,42.6738],[25.17299,42.67377],[25.17141,42.67224],[25.17079,42.67213],[25.17016,42.67272],[25.16979,42.67223],[25.17005,42.67178],[25.16858,42.67146],[25.16755,42.67044],[25.16776,42.66992],[25.16839,42.6701],[25.16821,42.66981],[25.16614,42.67027],[25.16407,42.66988],[25.16407,42.66946],[25.16376,42.66985],[25.16269,42.66971],[25.16245,42.66879],[25.16025,42.66762],[25.15891,42.66805],[25.15815,42.66745],[25.15462,42.66697],[25.15147,42.66812],[25.15076,42.66758],[25.14799,42.66805],[25.14752,42.66731],[25.14407,42.66773],[25.1434,42.66664],[25.14386,42.66679],[25.14328,42.66657],[25.14038,42.66727],[25.13925,42.66659],[25.13627,42.66846],[25.13162,42.66801],[25.13161,42.67104],[25.12965,42.67377],[25.12988,42.67469],[25.12944,42.67587],[25.12914,42.67558],[25.1285,42.676],[25.12684,42.67824],[25.1263,42.67827],[25.1261,42.67739],[25.12511,42.6772],[25.12367,42.67765],[25.12235,42.67858],[25.12147,42.68034],[25.12005,42.68101],[25.11839,42.68284],[25.11747,42.68221],[25.11713,42.6809],[25.11629,42.68076],[25.1152,42.6795],[25.11499,42.67775],[25.10679,42.67694],[25.10669,42.67649],[25.10466,42.67566],[25.10483,42.67502],[25.10427,42.67428],[25.10239,42.67397],[25.10139,42.67456],[25.10121,42.67563],[25.09977,42.67699],[25.09971,42.67622],[25.09936,42.67699],[25.0972,42.6763],[25.09831,42.67693],[25.09939,42.67969],[25.09776,42.68038],[25.09704,42.68121],[25.09712,42.68199],[25.09535,42.68193],[25.09467,42.68335],[25.09326,42.68409],[25.09264,42.68283],[25.09252,42.68014],[25.09301,42.67863],[25.09049,42.67599],[25.08698,42.67594],[25.0865,42.67464],[25.08463,42.67637],[25.08398,42.67396],[25.08419,42.67023],[25.08297,42.66736],[25.08184,42.66642],[25.08027,42.66696],[25.07811,42.66695],[25.08065,42.66828],[25.0812,42.66797],[25.08122,42.66864],[25.08181,42.66855],[25.08138,42.67003],[25.08038,42.66994],[25.08008,42.67041],[25.08001,42.67152],[25.07891,42.67374],[25.07749,42.67914],[25.07792,42.67994],[25.07647,42.68147],[25.07614,42.68324],[25.07543,42.68321],[25.07547,42.68276],[25.07503,42.68304],[25.07462,42.68422],[25.07514,42.68453],[25.07494,42.68478],[25.07259,42.68607],[25.06744,42.68761],[25.06719,42.68814],[25.06769,42.68959],[25.06637,42.69101],[25.06634,42.69224],[25.06121,42.69],[25.05907,42.68744],[25.0586,42.68751],[25.05883,42.68848],[25.05801,42.68741],[25.05832,42.68855],[25.05939,42.6888],[25.05859,42.68978],[25.05671,42.6895],[25.05537,42.69032],[25.05475,42.68968],[25.05428,42.68851],[25.05467,42.68747],[25.05383,42.6861],[25.05529,42.68443],[25.05486,42.68316],[25.05553,42.68242],[25.05486,42.68153],[25.05493,42.68051],[25.05695,42.67892],[25.05627,42.67746],[25.05491,42.67725],[25.05405,42.67641],[25.05376,42.67545],[25.05421,42.67492],[25.05329,42.67415],[25.05371,42.67354],[25.05293,42.67302],[25.05399,42.67184],[25.05452,42.67026],[25.05339,42.66893],[25.0541,42.66806],[25.05414,42.66717],[25.05309,42.66611],[25.05257,42.66599],[25.05205,42.66667],[25.04862,42.6667],[25.04941,42.66743],[25.04797,42.66769],[25.04733,42.66769],[25.04737,42.66684],[25.04667,42.66734],[25.04686,42.66667],[25.04368,42.66697],[25.04245,42.66754],[25.04196,42.6688],[25.04082,42.6668],[25.03904,42.6677],[25.03701,42.66709],[25.03618,42.66748],[25.03504,42.66721],[25.03129,42.66939],[25.03036,42.66881],[25.0304,42.66825],[25.029,42.66821],[25.02882,42.66773],[25.02984,42.66689],[25.02876,42.66627],[25.02982,42.66573],[25.02864,42.66545],[25.02819,42.66489],[25.029,42.6646],[25.0283,42.664],[25.02751,42.66513],[25.02681,42.66826],[25.02281,42.67046],[25.02229,42.66986],[25.02283,42.66978],[25.02248,42.66871],[25.01588,42.669],[25.0166,42.66566],[25.01768,42.66436],[25.0196,42.66342],[25.01233,42.66028],[25.01137,42.66078],[25.01142,42.66126],[25.01251,42.66155],[25.01164,42.66234],[25.01101,42.66254],[25.01097,42.66209],[25.00914,42.66289],[25.00758,42.66273],[25.00732,42.66325],[25.00624,42.66276],[25.00628,42.66315],[25.00573,42.66324],[25.00497,42.66251],[25.00318,42.66211],[25.002,42.66252],[25.00043,42.66177],[24.99995,42.66296],[24.99858,42.66392],[24.99522,42.66467],[24.99515,42.66435],[24.99368,42.66578],[24.9936,42.6654],[24.99273,42.66541],[24.99288,42.66588],[24.99209,42.66623],[24.99113,42.66559],[24.99053,42.66642],[24.99062,42.6658],[24.99028,42.666],[24.98993,42.66679],[24.99033,42.66705],[24.98965,42.66738],[24.98937,42.66662],[24.98999,42.66552],[24.98973,42.66513],[24.98912,42.66636],[24.98872,42.66638],[24.98867,42.66479],[24.98775,42.66604],[24.98796,42.66684],[24.98716,42.66725],[24.98321,42.67368],[24.97884,42.67672],[24.97838,42.67764],[24.97833,42.67607],[24.97769,42.67551],[24.97844,42.67539],[24.9787,42.6746],[24.978,42.67485],[24.97814,42.67353],[24.97711,42.67253],[24.97912,42.67247],[24.98062,42.67127],[24.98141,42.66987],[24.97969,42.66663],[24.97987,42.66512],[24.97908,42.6634],[24.97954,42.66297],[24.97877,42.66266],[24.97956,42.66236],[24.97914,42.6618],[24.97843,42.66159],[24.9784,42.661],[24.97594,42.66001],[24.97549,42.66026],[24.97642,42.66122],[24.97607,42.66161],[24.97621,42.6635],[24.9755,42.66289],[24.97527,42.66326],[24.97445,42.66302],[24.97455,42.66147],[24.97413,42.66163],[24.97404,42.66119],[24.97246,42.66279],[24.97132,42.66308],[24.9655,42.66191],[24.96243,42.65957],[24.96451,42.65924],[24.96342,42.6587],[24.9638,42.65735],[24.96198,42.65687],[24.96186,42.65753],[24.95807,42.6601],[24.95757,42.65856],[24.95828,42.65582],[24.95678,42.65331],[24.95643,42.65148],[24.95555,42.65056],[24.95506,42.65037],[24.95394,42.65209],[24.95186,42.65335],[24.94667,42.65404],[24.94152,42.65629],[24.94046,42.65594],[24.94046,42.6553],[24.93788,42.65379],[24.93519,42.65392],[24.93568,42.65233],[24.93321,42.65378],[24.92954,42.65309],[24.92948,42.6545],[24.92864,42.65461],[24.92785,42.65371],[24.92525,42.65309],[24.92385,42.65116],[24.92128,42.65062],[24.92004,42.65096],[24.91899,42.65007],[24.91694,42.64953],[24.91664,42.64859],[24.91463,42.64946],[24.91194,42.64845],[24.91139,42.64939],[24.91246,42.64915],[24.91273,42.65008],[24.91136,42.64996],[24.91,42.64861],[24.91044,42.65104],[24.90864,42.65082],[24.90584,42.65203],[24.90539,42.65158],[24.90489,42.65183],[24.90478,42.65269],[24.90295,42.65151],[24.9017,42.64901],[24.90148,42.65036],[24.89822,42.64877],[24.89627,42.64722],[24.89769,42.6452],[24.89639,42.64498],[24.89707,42.64421],[24.89341,42.64388],[24.8925,42.64481],[24.89188,42.64333],[24.8915,42.64437],[24.8909,42.64436],[24.89118,42.64354],[24.88961,42.64441],[24.88736,42.6414],[24.88662,42.63803],[24.88517,42.63784],[24.88243,42.63856],[24.88284,42.63934],[24.88188,42.63881],[24.88153,42.63958],[24.88244,42.64014],[24.88255,42.64364],[24.88317,42.64428],[24.88333,42.64561],[24.88465,42.6472],[24.88489,42.64891],[24.88594,42.65026],[24.88226,42.65061],[24.88233,42.64981],[24.87874,42.65028],[24.87864,42.64934],[24.87829,42.64939],[24.87865,42.64837],[24.87829,42.64734],[24.87472,42.6475],[24.87373,42.64589],[24.86854,42.64562],[24.86832,42.64814],[24.8673,42.65028],[24.86653,42.65054],[24.86493,42.65021],[24.86335,42.648],[24.863,42.64899],[24.86241,42.64914],[24.86099,42.64881],[24.85866,42.64906],[24.85772,42.65063],[24.85559,42.64943],[24.85141,42.64981],[24.85062,42.65037],[24.85123,42.65102],[24.85099,42.6514],[24.85145,42.65142],[24.85126,42.65199],[24.85175,42.6522],[24.84835,42.6549],[24.8489,42.65517],[24.84798,42.65548],[24.84898,42.65642],[24.84358,42.65541],[24.84365,42.65578],[24.84267,42.65592],[24.83974,42.6533],[24.83839,42.65326],[24.83736,42.65481],[24.83516,42.65663],[24.83028,42.65557],[24.82892,42.65628],[24.82888,42.65729],[24.82472,42.65731],[24.82268,42.65687],[24.82283,42.65877],[24.81956,42.65975],[24.81707,42.66136],[24.81352,42.66148],[24.81113,42.66246],[24.80982,42.66065],[24.80968,42.6564],[24.81035,42.65616],[24.8099,42.65385],[24.80845,42.65582],[24.807,42.65687],[24.80533,42.65724],[24.80416,42.6585],[24.80223,42.6621],[24.80186,42.66428],[24.797,42.67064],[24.79674,42.67394],[24.79578,42.67667],[24.79441,42.67831],[24.79485,42.68185],[24.79288,42.6834],[24.79263,42.68692],[24.78839,42.68508],[24.78666,42.68361],[24.7848,42.68319],[24.78402,42.68367],[24.78164,42.68305],[24.78196,42.68266],[24.78036,42.68173],[24.77787,42.68158],[24.778,42.68115],[24.77937,42.68088],[24.77985,42.67993],[24.77928,42.67749],[24.77688,42.67524],[24.77091,42.67561],[24.76934,42.67648],[24.76917,42.6755],[24.76766,42.67599],[24.76456,42.68074],[24.76254,42.67753],[24.75563,42.67635],[24.75525,42.67647],[24.75544,42.67941],[24.75059,42.68229],[24.75036,42.68533],[24.75089,42.6856],[24.75101,42.68647],[24.75246,42.68672],[24.75123,42.6883],[24.7512,42.69046],[24.75253,42.69171],[24.74889,42.69227],[24.74651,42.69551],[24.74629,42.69483],[24.74568,42.69476],[24.74536,42.6932],[24.74586,42.69256],[24.74504,42.69214],[24.74544,42.69095],[24.744,42.6902],[24.74316,42.69114],[24.74221,42.69082],[24.74265,42.68974],[24.74358,42.68992],[24.74438,42.68897],[24.74,42.68521],[24.73932,42.68385],[24.73795,42.68303],[24.73644,42.67938],[24.73295,42.67822],[24.73025,42.67657],[24.72771,42.67793],[24.72844,42.67838],[24.72753,42.67827],[24.72715,42.67908],[24.72639,42.67874],[24.72093,42.6813],[24.72007,42.68078],[24.71989,42.68365],[24.7117,42.6857],[24.71066,42.68409],[24.71043,42.68431],[24.70977,42.68658],[24.71085,42.68979],[24.71276,42.69223],[24.712,42.69363],[24.71418,42.6944],[24.71388,42.69643],[24.71279,42.69793],[24.7092,42.69762],[24.70836,42.69817],[24.70935,42.69836],[24.70934,42.69902],[24.70985,42.69925],[24.7079,42.69916],[24.70224,42.69624],[24.70097,42.69972],[24.69939,42.70027],[24.7017,42.70188],[24.69633,42.70269],[24.69416,42.70168],[24.69358,42.70442],[24.69112,42.70373],[24.68982,42.70248],[24.69121,42.70539],[24.68967,42.70794],[24.69019,42.709],[24.68926,42.70862],[24.68715,42.71022],[24.68642,42.71254],[24.68512,42.71319],[24.68481,42.71257],[24.68541,42.71237],[24.68537,42.71165],[24.68362,42.71175],[24.6819,42.71066],[24.68005,42.71185],[24.6798,42.71318],[24.67862,42.71158],[24.67745,42.7117],[24.67576,42.71389],[24.67523,42.71342],[24.67477,42.71419],[24.67381,42.71383],[24.67031,42.71467],[24.66868,42.7168],[24.66945,42.71879],[24.67117,42.72033],[24.6716,42.72136],[24.67086,42.72121],[24.66725,42.71627],[24.66704,42.71869],[24.66506,42.71845],[24.66541,42.7178],[24.66393,42.71681],[24.66446,42.71562],[24.6635,42.71444],[24.66054,42.71466],[24.65959,42.71219],[24.65695,42.71199],[24.65684,42.711],[24.65573,42.70969],[24.65497,42.71224],[24.65389,42.71393],[24.65435,42.71536],[24.65563,42.71702],[24.65474,42.71889],[24.65522,42.71997],[24.65456,42.72058],[24.65421,42.72197],[24.65016,42.72095],[24.64879,42.72397],[24.64778,42.72429],[24.64691,42.72369],[24.64328,42.72329],[24.6453,42.72461],[24.64489,42.72521],[24.64576,42.72666],[24.64546,42.72668],[24.64013,42.72618],[24.63748,42.72704],[24.63574,42.72651],[24.63507,42.72433],[24.63343,42.72308],[24.63377,42.72197],[24.63252,42.72024],[24.63345,42.71929],[24.63749,42.71721],[24.63872,42.71562],[24.63945,42.71585],[24.64153,42.71513],[24.64366,42.71323],[24.64813,42.71137],[24.64951,42.70999],[24.65291,42.70903],[24.64281,42.70004],[24.64063,42.6968],[24.63801,42.69185],[24.63793,42.68236],[24.63924,42.68218],[24.64041,42.68617],[24.64083,42.69064],[24.64154,42.69215],[24.64951,42.70292],[24.65406,42.70461],[24.65673,42.70668],[24.66144,42.70538],[24.66498,42.70616],[24.66839,42.70558],[24.67211,42.70622],[24.67349,42.70566],[24.67876,42.70041],[24.68127,42.70072],[24.68227,42.70017],[24.68046,42.6986],[24.67695,42.69842],[24.67654,42.69744],[24.67075,42.69158],[24.67072,42.69081],[24.66635,42.69072],[24.66423,42.68776],[24.66391,42.68638],[24.66483,42.68503],[24.66501,42.68358],[24.66705,42.68197],[24.66963,42.68239],[24.67058,42.68342],[24.67278,42.6841],[24.68232,42.68384],[24.68538,42.68171],[24.68579,42.68053],[24.68718,42.67965],[24.68729,42.67998],[24.68721,42.67931],[24.68888,42.67889],[24.68954,42.67607],[24.68745,42.67441],[24.68636,42.6747],[24.68441,42.67331],[24.68287,42.66894],[24.68105,42.66562],[24.68069,42.66242],[24.68081,42.66141],[24.68137,42.66119],[24.684,42.66604],[24.68425,42.66812],[24.68549,42.66927],[24.68677,42.66941],[24.68784,42.66878],[24.68821,42.66737],[24.68788,42.66546],[24.68386,42.66147],[24.68342,42.66022],[24.68831,42.66245],[24.69033,42.66646],[24.69081,42.67287],[24.69573,42.67658],[24.69629,42.67897],[24.70093,42.67608],[24.70012,42.67451],[24.69869,42.67311],[24.69899,42.66846],[24.7,42.66766],[24.69868,42.6672],[24.69612,42.66438],[24.69384,42.66267],[24.69354,42.66181],[24.69399,42.66096],[24.69765,42.66103],[24.69921,42.66168],[24.70184,42.66505],[24.70322,42.66594],[24.70683,42.66698],[24.70541,42.66549],[24.70548,42.66348],[24.70647,42.6635],[24.70842,42.6608],[24.71108,42.6593],[24.71771,42.65681],[24.71938,42.65791],[24.72419,42.65797],[24.72511,42.65991],[24.72755,42.66069],[24.72969,42.6632],[24.72392,42.66865],[24.72129,42.66942],[24.72296,42.67128],[24.72553,42.67197],[24.73262,42.67087],[24.73065,42.66106],[24.73105,42.65827],[24.73144,42.65853],[24.73176,42.65767],[24.73249,42.65765],[24.73349,42.65836],[24.73329,42.66036],[24.73474,42.66732],[24.7365,42.67004],[24.73672,42.67201],[24.74328,42.67112],[24.74618,42.66909],[24.7477,42.66634],[24.75149,42.66641],[24.75168,42.66499],[24.75313,42.66395],[24.75749,42.66445],[24.76156,42.66385],[24.76254,42.66213],[24.76267,42.66006],[24.76476,42.65794],[24.765,42.65902],[24.76573,42.65911],[24.77277,42.65694],[24.77344,42.65635],[24.77359,42.65473],[24.77346,42.6531],[24.77224,42.65132],[24.77228,42.64513],[24.7762,42.64287],[24.77771,42.64362],[24.78701,42.64361],[24.78903,42.64313],[24.78871,42.64406],[24.78716,42.64423],[24.78711,42.64531],[24.78591,42.64556],[24.78355,42.64511],[24.77956,42.64638],[24.77632,42.64483],[24.77659,42.64734],[24.77373,42.65047],[24.77469,42.65191],[24.77612,42.65295],[24.77831,42.65333],[24.77992,42.65424],[24.78061,42.65568],[24.78851,42.65515],[24.79839,42.65281],[24.79867,42.65222],[24.80258,42.65204],[24.80487,42.65107],[24.81322,42.65089],[24.81491,42.64964],[24.81608,42.65013],[24.81958,42.64979],[24.82146,42.64848],[24.82274,42.64857],[24.82554,42.64707],[24.82998,42.64587],[24.83819,42.64489],[24.83657,42.64335],[24.83662,42.642],[24.83849,42.64089],[24.83884,42.64168],[24.83861,42.64085],[24.83943,42.64028],[24.84137,42.64167],[24.8428,42.64169],[24.8456,42.63892],[24.84633,42.63864],[24.84719,42.63919],[24.84866,42.63569],[24.84777,42.63379],[24.84787,42.63097],[24.85339,42.62923],[24.86414,42.62993],[24.86751,42.63117],[24.86806,42.63191],[24.8709,42.63114],[24.87395,42.63104],[24.87723,42.63284],[24.88244,42.63366],[24.88484,42.63356],[24.89079,42.63254],[24.89197,42.6306],[24.8946,42.62824],[24.89627,42.62821],[24.89813,42.62731],[24.90085,42.62683],[24.90626,42.62687],[24.9074,42.62775],[24.90987,42.6282],[24.91222,42.62953],[24.91392,42.63144],[24.92007,42.62921],[24.92561,42.62607],[24.93144,42.62438],[24.93681,42.62496],[24.93846,42.62465],[24.94135,42.62327],[24.94258,42.61917],[24.94409,42.61641],[24.94469,42.61259],[24.94665,42.61019],[24.94944,42.61024],[24.9496,42.60928],[24.95138,42.60917],[24.95312,42.60983],[24.95334,42.61114],[24.95295,42.61317],[24.95191,42.61495],[24.95175,42.61962],[24.95328,42.62074],[24.95692,42.6222],[24.96271,42.62339],[24.96276,42.6243],[24.96182,42.62543],[24.95821,42.62792],[24.95556,42.6286],[24.95283,42.63175],[24.95315,42.63225],[24.96007,42.63511],[24.95917,42.63722],[24.95994,42.63906],[24.96281,42.63942],[24.96603,42.64191],[24.97055,42.6423],[24.97145,42.64018],[24.96738,42.63859],[24.9653,42.63916],[24.96503,42.63489],[24.96307,42.63181],[24.96316,42.62878],[24.96431,42.62838],[24.96475,42.62308],[24.96535,42.62267],[24.9661,42.62418],[24.96688,42.62368],[24.96688,42.62242],[24.97164,42.62319],[24.97597,42.62462],[24.98024,42.6252],[24.98131,42.62361],[24.98347,42.62474],[24.98615,42.62443],[24.98649,42.6232],[24.98767,42.62257],[24.98915,42.62261],[24.9903,42.62397],[24.99325,42.62352],[24.99401,42.62453],[24.99758,42.62311],[24.99819,42.62495],[25.00287,42.62721],[25.00299,42.62447],[25.00439,42.62131],[25.00411,42.61762],[25.00288,42.61627],[25.00294,42.6149],[25.00819,42.61422],[25.01103,42.61329],[25.01409,42.61359],[25.01606,42.61438],[25.01937,42.61734],[25.0211,42.61992],[25.02317,42.62139],[25.02391,42.62473],[25.02596,42.62552],[25.02864,42.62535],[25.03598,42.62292],[25.03793,42.62317],[25.03916,42.62404],[25.04042,42.62634],[25.04064,42.62771],[25.04198,42.6294],[25.04348,42.63027],[25.04616,42.63023],[25.04742,42.6324],[25.04699,42.6335],[25.04724,42.63609],[25.04606,42.63686],[25.04151,42.63638],[25.04144,42.63734],[25.04248,42.63821],[25.04289,42.63957],[25.04506,42.64112],[25.0547,42.64135],[25.05573,42.63656],[25.0564,42.63586],[25.05874,42.6353],[25.06379,42.63598],[25.07451,42.6402],[25.07766,42.63948],[25.07649,42.64082],[25.07586,42.64307],[25.07511,42.64394],[25.073,42.64462],[25.07134,42.64619],[25.07094,42.64892],[25.0701,42.65015],[25.06579,42.65162],[25.06357,42.6533],[25.06196,42.65345],[25.06039,42.65456],[25.06006,42.6574],[25.05939,42.6584],[25.05947,42.66083],[25.05549,42.66467],[25.06013,42.66333],[25.06142,42.66641],[25.06392,42.66605],[25.06917,42.66634],[25.07623,42.66196],[25.07712,42.66014],[25.07711,42.65838],[25.07839,42.65783],[25.0799,42.65862],[25.091,42.65795],[25.09783,42.66171],[25.10026,42.66379],[25.10443,42.66325],[25.1042,42.66182],[25.1113,42.66144],[25.11632,42.66365],[25.13402,42.66435],[25.14172,42.66611],[25.14217,42.66573],[25.13933,42.6628],[25.13545,42.66273],[25.13227,42.65819],[25.13133,42.65266],[25.13224,42.64981],[25.13181,42.64592],[25.13423,42.6444],[25.1373,42.64703],[25.1377,42.64512],[25.14476,42.64948],[25.14485,42.6539],[25.14535,42.65554],[25.14812,42.65559],[25.15036,42.6546],[25.15057,42.65706],[25.15299,42.65955],[25.15294,42.66118],[25.15098,42.66196],[25.15066,42.66278],[25.15254,42.66526],[25.16218,42.66705],[25.17211,42.66823],[25.1787,42.67018],[25.18119,42.67022],[25.18818,42.66787],[25.1888,42.66563],[25.18797,42.66562],[25.18628,42.66661],[25.18436,42.66618],[25.18555,42.66334],[25.18724,42.66234],[25.19269,42.66529],[25.19483,42.6638],[25.19583,42.66187],[25.19916,42.66151],[25.20097,42.6619],[25.20419,42.66376],[25.20465,42.66315],[25.21067,42.66504],[25.21099,42.66435],[25.21939,42.66101],[25.2198,42.65652],[25.21797,42.654],[25.22103,42.65187],[25.22914,42.65871],[25.22518,42.66171],[25.23065,42.66384],[25.22836,42.66687],[25.23273,42.66898],[25.2391,42.66867],[25.23899,42.67255],[25.23289,42.67286],[25.22384,42.67946],[25.22009,42.68472],[25.22587,42.68604],[25.2286,42.68751],[25.22922,42.68817],[25.22777,42.68743],[25.22714,42.68805],[25.23075,42.69001],[25.22991,42.69042],[25.22871,42.69027],[25.23049,42.69031],[25.23096,42.69083],[25.23426,42.69068],[25.23589,42.69138],[25.23904,42.69053],[25.25509,42.69098],[25.25745,42.69174],[25.25953,42.69105],[25.2588,42.6879],[25.25557,42.6872],[25.25445,42.68443],[25.25586,42.68363],[25.25372,42.68074],[25.25603,42.67731],[25.25856,42.67612],[25.26379,42.67701],[25.26807,42.68218],[25.26391,42.68253],[25.26161,42.68577],[25.26094,42.68964],[25.26392,42.69234],[25.26441,42.69439],[25.26548,42.69605],[25.26816,42.69693],[25.27306,42.69996],[25.27539,42.70335],[25.27861,42.70334],[25.28026,42.70424],[25.28133,42.70374],[25.28349,42.70582],[25.28785,42.70854],[25.28817,42.70691],[25.2896,42.70529],[25.28939,42.70304],[25.28553,42.70237],[25.2848,42.69868],[25.28549,42.69358],[25.28722,42.69136],[25.29252,42.68981],[25.29645,42.68803],[25.29736,42.68518],[25.29629,42.68353],[25.29559,42.67903],[25.29863,42.67907],[25.30199,42.68206],[25.30192,42.68671],[25.30006,42.69748],[25.29693,42.7005],[25.29605,42.70232],[25.29435,42.70373],[25.29426,42.7072],[25.29455,42.7166],[25.29575,42.72404],[25.29704,42.72442],[25.29674,42.72641],[25.29792,42.72856],[25.29715,42.73111],[25.2979,42.73155],[25.29972,42.73116],[25.29842,42.73226],[25.2997,42.73387],[25.30011,42.73522],[25.30518,42.73612],[25.30797,42.73553],[25.30781,42.7377],[25.30884,42.73913],[25.31168,42.73987],[25.31487,42.73965],[25.31886,42.73827],[25.31843,42.73615],[25.31902,42.73541],[25.32201,42.73457],[25.32307,42.73561],[25.32262,42.73679],[25.32301,42.73733],[25.32733,42.73806],[25.32891,42.73767],[25.32999,42.73684],[25.33133,42.73672],[25.33249,42.73833],[25.33644,42.73898],[25.33811,42.74112],[25.3384,42.74319],[25.34044,42.74258],[25.34112,42.7414],[25.34074,42.73866],[25.34515,42.74006],[25.34745,42.73907],[25.3516,42.74031],[25.35492,42.74071],[25.35189,42.74174],[25.34353,42.74318],[25.34278,42.74408],[25.34136,42.74937],[25.33553,42.74798],[25.33304,42.74844],[25.33194,42.74944],[25.32963,42.74919],[25.32854,42.74957],[25.32743,42.75041],[25.32738,42.75124],[25.32635,42.75181],[25.32545,42.75183],[25.32458,42.75065],[25.32141,42.75261],[25.31984,42.75283],[25.31799,42.75508],[25.31759,42.75734],[25.31454,42.75649],[25.31288,42.75536],[25.31086,42.75561],[25.30648,42.75433],[25.30485,42.75459],[25.29987,42.75385],[25.2964,42.75499],[25.29115,42.75452],[25.28865,42.75238],[25.28557,42.75075],[25.28246,42.75016],[25.2814,42.7509],[25.28094,42.75254],[25.28162,42.75521],[25.28086,42.75806],[25.27613,42.7612],[25.27597,42.76282],[25.27514,42.76394],[25.27426,42.76428],[25.27035,42.76405],[25.26755,42.76485],[25.26564,42.76382],[25.26314,42.75833],[25.26072,42.7566],[25.25906,42.75305],[25.25897,42.7515],[25.25709,42.75003],[25.25457,42.74958],[25.25226,42.74808],[25.25179,42.74552],[25.24983,42.74269],[25.24407,42.74399],[25.24228,42.74565],[25.24047,42.74967],[25.23914,42.74969],[25.2394,42.74985],[25.23891,42.75033],[25.24206,42.7508],[25.24334,42.75147],[25.2439,42.75126],[25.24547,42.75236],[25.24663,42.75247],[25.24973,42.7514],[25.25192,42.74954],[25.25153,42.75057],[25.25229,42.75255],[25.24981,42.75558],[25.25103,42.75719],[25.24988,42.75777],[25.24887,42.75924],[25.24779,42.759],[25.2469,42.75985],[25.24657,42.75942],[25.24559,42.75944],[25.2458,42.75857],[25.24439,42.75825],[25.24236,42.75853],[25.24087,42.75981],[25.24103,42.76187],[25.23852,42.76197],[25.23868,42.76256],[25.23809,42.76273],[25.23811,42.76351],[25.24027,42.7633],[25.24012,42.76252],[25.24103,42.76308],[25.2412,42.7643],[25.24198,42.76485],[25.24145,42.76571],[25.24177,42.76641],[25.24017,42.76601],[25.23847,42.76667],[25.23879,42.76622],[25.23796,42.76624],[25.23746,42.76572],[25.23814,42.76517],[25.23801,42.7642],[25.23557,42.76325],[25.23539,42.76376],[25.23478,42.76374],[25.23519,42.76291],[25.23244,42.7596],[25.23364,42.75489],[25.23364,42.7537],[25.23296,42.75367],[25.23255,42.75285],[25.23388,42.75057],[25.23321,42.74885],[25.23278,42.74936],[25.23218,42.74875],[25.22591,42.74924],[25.2273,42.75274],[25.22675,42.7545],[25.22579,42.75547],[25.22621,42.75687],[25.22563,42.75948],[25.22471,42.75995],[25.22448,42.76248],[25.2222,42.76566],[25.22139,42.76837],[25.21569,42.77156],[25.2134,42.77357],[25.2132,42.77311],[25.21165,42.77474],[25.21234,42.77546],[25.21108,42.77676],[25.21037,42.78087],[25.20607,42.78065],[25.20306,42.78138],[25.19819,42.7838],[25.19575,42.7834],[25.19374,42.78379],[25.19037,42.78547],[25.18458,42.78676],[25.17893,42.78935],[25.17873,42.78983],[25.17841,42.78952],[25.17753,42.79374],[25.17811,42.79662],[25.17519,42.79931],[25.17536,42.80089],[25.17463,42.80241],[25.17101,42.80493],[25.17067,42.80676],[25.16768,42.81019],[25.16883,42.81482],[25.16894,42.81744],[25.17037,42.82161],[25.17016,42.82284],[25.17196,42.82417],[25.17238,42.82596],[25.17385,42.82768],[25.17061,42.83315],[25.17168,42.83612],[25.16996,42.84091],[25.17058,42.84113],[25.16871,42.84239],[25.16578,42.84582],[25.16081,42.84903],[25.16129,42.85314],[25.16488,42.85757],[25.16646,42.85844],[25.15985,42.86059],[25.14591,42.86768],[25.13834,42.86756],[25.12352,42.87254],[25.1187,42.87524],[25.10395,42.87778],[25.10069,42.87599],[25.10192,42.86696],[25.11303,42.85948],[25.11645,42.85606],[25.1193,42.85154],[25.11642,42.85152],[25.11565,42.85065],[25.11339,42.8509],[25.11305,42.85184],[25.10841,42.85319],[25.10715,42.85433],[25.10712,42.85611],[25.10661,42.85696],[25.10457,42.85813],[25.10202,42.85776],[25.10016,42.85958],[25.09715,42.8639],[25.09546,42.8651],[25.09119,42.86511],[25.08744,42.86355],[25.0858,42.8656],[25.08223,42.8667],[25.07964,42.86631],[25.07639,42.86481],[25.07398,42.86547],[25.07216,42.86483],[25.0716,42.86387],[25.07187,42.86284],[25.07487,42.86128],[25.07819,42.8614],[25.08196,42.86303],[25.08436,42.86023],[25.08655,42.85909],[25.08824,42.85932],[25.09164,42.86144],[25.09339,42.86165],[25.09614,42.85783],[25.08894,42.85804],[25.08806,42.85593],[25.08249,42.85236],[25.08015,42.85162],[25.06312,42.85134],[25.057,42.85054],[25.05894,42.84883],[25.05956,42.84432],[25.0677,42.84097],[25.07304,42.83688],[25.07502,42.83378],[25.06708,42.83051],[25.06193,42.82903],[25.06201,42.82625],[25.06033,42.81961],[25.05901,42.81645],[25.06383,42.8134],[25.07094,42.81317],[25.06215,42.80676],[25.05525,42.80072],[25.05347,42.79721],[25.04984,42.79227],[25.0448,42.79219],[25.03835,42.79405],[25.02857,42.79134],[25.02476,42.79289],[25.02274,42.79703],[25.02306,42.80156],[25.02536,42.80369],[25.02478,42.80716],[25.02378,42.80888],[25.01811,42.80879],[25.01099,42.80971],[25.00966,42.81046],[25.00598,42.81501],[25.00878,42.82125],[25.00918,42.82336],[25.00847,42.82547],[25.01022,42.82596],[25.01289,42.82773],[25.01511,42.82796],[25.01617,42.82896],[25.01562,42.83281],[25.01632,42.83546],[25.01733,42.83827],[25.0214,42.84387],[25.02066,42.84537],[25.0186,42.84584],[25.017,42.84513],[25.01274,42.83954],[25.01073,42.83316],[25.01101,42.83121],[25.0034,42.8269],[25.00336,42.82506],[25.00427,42.82334],[25.004,42.82199],[25.00103,42.81536],[24.99672,42.81225],[24.9974,42.80599],[24.99526,42.79899],[24.99302,42.79512],[24.98788,42.80012],[24.97564,42.80543],[24.97392,42.80544],[24.97262,42.80461],[24.97235,42.80347],[24.97308,42.80245],[24.98097,42.79895],[24.97395,42.80001],[24.97406,42.79653],[24.97558,42.79342],[24.97376,42.7913],[24.97288,42.7892],[24.9744,42.78609],[24.97499,42.78262],[24.96888,42.78146],[24.96415,42.78138],[24.9641,42.78312],[24.96361,42.78346],[24.96496,42.78557],[24.9633,42.79285],[24.94724,42.79257],[24.94014,42.79152],[24.93823,42.79345],[24.93669,42.79725],[24.9349,42.79683],[24.93524,42.79792],[24.92727,42.79639],[24.92737,42.79326],[24.92615,42.78732],[24.9281,42.78549],[24.9283,42.77959],[24.92417,42.78271],[24.92239,42.78312],[24.92054,42.78229],[24.92032,42.7807],[24.91966,42.78084],[24.91876,42.77882],[24.90659,42.7786],[24.89926,42.77763],[24.90309,42.78487],[24.90726,42.79705],[24.91094,42.80157],[24.91395,42.80656],[24.91403,42.81367],[24.91309,42.81473],[24.91127,42.81505],[24.91011,42.81468],[24.90932,42.81381],[24.90914,42.80738],[24.90663,42.80327],[24.90269,42.79838],[24.89843,42.78596],[24.89279,42.77538],[24.89019,42.77447],[24.88348,42.77713],[24.88343,42.77853],[24.8899,42.78282],[24.88699,42.78486],[24.8868,42.79042],[24.8815,42.79346],[24.87913,42.79376],[24.86996,42.79916],[24.86343,42.7966],[24.86165,42.79344],[24.86064,42.79516],[24.84742,42.80849],[24.84639,42.81091],[24.84622,42.81578],[24.84696,42.82171],[24.84314,42.82269],[24.84636,42.82518],[24.84999,42.82978],[24.8503,42.83431],[24.84828,42.8381],[24.84845,42.84681],[24.85262,42.84932],[24.85345,42.85282],[24.84825,42.85272],[24.84674,42.85513],[24.84252,42.85435],[24.83747,42.84973],[24.83595,42.85249],[24.83561,42.86223],[24.83669,42.872],[24.83642,42.87965],[24.83499,42.87997],[24.82983,42.87883],[24.8233,42.87592],[24.81628,42.8737],[24.81267,42.86876],[24.81185,42.86526],[24.81003,42.86314],[24.80348,42.86092],[24.78562,42.85744],[24.78571,42.85501],[24.79614,42.85452],[24.79766,42.85176],[24.7963,42.84999],[24.79302,42.84888],[24.79025,42.84709],[24.78474,42.84246],[24.78448,42.83654],[24.78975,42.83455],[24.79029,42.83282],[24.7943,42.82628],[24.79298,42.82347],[24.78971,42.82236],[24.78696,42.81987],[24.78807,42.81537],[24.78817,42.81258],[24.78783,42.80875],[24.78648,42.80698],[24.78657,42.80455],[24.79226,42.80396],[24.79282,42.80153],[24.7915,42.79872],[24.7826,42.79675],[24.78221,42.79742],[24.77986,42.7985],[24.77679,42.79835],[24.77326,42.80638],[24.76797,42.80871],[24.76835,42.81115],[24.76315,42.8114],[24.74999,42.80905],[24.74897,42.81112],[24.74609,42.81246],[24.74518,42.8114],[24.74671,42.80829],[24.74059,42.80748],[24.73642,42.8053],[24.7354,42.80703],[24.73666,42.81158],[24.73282,42.81324],[24.72951,42.81317],[24.72487,42.81064],[24.7239,42.81132],[24.72057,42.81195],[24.7217,42.8071],[24.71842,42.80599],[24.71778,42.8105],[24.71441,42.81218],[24.72087,42.81649],[24.72598,42.81903],[24.73299,42.8209],[24.72876,42.82082],[24.72446,42.82178],[24.72431,42.82586],[24.72782,42.82847],[24.72999,42.82607],[24.73337,42.82405],[24.73905,42.82381],[24.74086,42.82594],[24.74026,42.8294],[24.74172,42.83274],[24.7474,42.8285],[24.74802,42.82434],[24.7598,42.82561],[24.76209,42.8274],[24.75875,42.82837],[24.75825,42.82906],[24.75912,42.83117],[24.76197,42.83088],[24.76284,42.83298],[24.75612,42.83563],[24.75748,42.8374],[24.75984,42.83745],[24.76309,42.8389],[24.76026,42.83885],[24.75924,42.84092],[24.76208,42.84098],[24.76438,42.84276],[24.76337,42.84448],[24.76052,42.84477],[24.75855,42.84682],[24.75943,42.84893],[24.76653,42.84872],[24.77024,42.85088],[24.77099,42.85612],[24.7671,42.85917],[24.7643,42.85807],[24.76053,42.85765],[24.75863,42.85796],[24.7581,42.85935],[24.75665,42.86036],[24.75481,42.85893],[24.75294,42.8582],[24.75256,42.85576],[24.75063,42.85676],[24.74589,42.85702],[24.73929,42.85407],[24.73887,42.85479],[24.73503,42.85611],[24.72742,42.85735],[24.72458,42.85729],[24.72421,42.8545],[24.72572,42.85209],[24.72578,42.85035],[24.72397,42.84823],[24.73062,42.8476],[24.73277,42.8404],[24.7324,42.8376],[24.72626,42.83748],[24.725,42.83631],[24.71828,42.83558],[24.71693,42.83381],[24.70701,42.83327],[24.70363,42.83193],[24.70068,42.8344],[24.6964,42.83481],[24.69205,42.83686],[24.69253,42.83763],[24.69389,42.83791],[24.69452,42.8393],[24.69144,42.83962],[24.68841,42.8383],[24.68587,42.83787],[24.67665,42.83768],[24.67362,42.83674],[24.6728,42.83585],[24.67695,42.8343],[24.68381,42.83343],[24.68516,42.83396],[24.68554,42.83309],[24.69214,42.82996],[24.69372,42.82873],[24.69733,42.82365],[24.68437,42.82314],[24.68442,42.82188],[24.68155,42.82082],[24.67973,42.8238],[24.67537,42.82195],[24.67321,42.8204],[24.66773,42.82079],[24.66851,42.82256],[24.66546,42.82652],[24.6647,42.82864],[24.66089,42.83007],[24.65426,42.83371],[24.64968,42.83738],[24.64526,42.83692],[24.64194,42.83459],[24.64201,42.8327],[24.64417,42.82973],[24.6449,42.82409],[24.64176,42.82126],[24.64127,42.8117],[24.6394,42.81154],[24.63543,42.81258],[24.63436,42.8137],[24.63573,42.81812],[24.63429,42.82023],[24.63289,42.82108],[24.63582,42.82466],[24.63625,42.8268],[24.6294,42.82741],[24.62758,42.83039],[24.62395,42.82451],[24.62501,42.83418],[24.63073,42.84167],[24.63381,42.84483],[24.63532,42.84763],[24.63448,42.84988],[24.63289,42.85079],[24.63132,42.85068],[24.63025,42.85],[24.62988,42.84899],[24.63028,42.848],[24.6295,42.84656],[24.62659,42.84359],[24.62042,42.83551],[24.61907,42.82739],[24.61793,42.82831],[24.61349,42.82822],[24.61088,42.82954],[24.60979,42.83115],[24.60092,42.83473],[24.60155,42.83683],[24.60127,42.83958],[24.59978,42.83963],[24.60345,42.84188],[24.60843,42.84373],[24.60888,42.8446],[24.60868,42.84552],[24.60654,42.84658],[24.60087,42.84496],[24.59415,42.84086],[24.58442,42.83697],[24.58177,42.83665],[24.57591,42.83297],[24.57321,42.83234],[24.56941,42.82971],[24.56731,42.82897],[24.55175,42.82902],[24.5443,42.82682],[24.54346,42.82906],[24.54232,42.8362],[24.54258,42.83834],[24.54419,42.84076],[24.54415,42.84177],[24.54174,42.84234],[24.53321,42.84203],[24.52881,42.84106],[24.52269,42.84055],[24.52142,42.84228],[24.52083,42.84415],[24.51952,42.84287],[24.51858,42.84084],[24.52157,42.83437],[24.51884,42.83431],[24.51548,42.83298],[24.5124,42.83304],[24.50976,42.8321],[24.50922,42.83308],[24.50951,42.8353],[24.50913,42.83543],[24.51075,42.83577],[24.51116,42.83829],[24.51089,42.84092],[24.50874,42.84326],[24.50148,42.83965],[24.49969,42.84043],[24.49824,42.83929],[24.49441,42.83781],[24.49251,42.83776],[24.49394,42.84305],[24.49441,42.84839],[24.49328,42.84974],[24.49106,42.84989],[24.49288,42.85334],[24.5137,42.85406],[24.52127,42.85692],[24.52192,42.85908],[24.52184,42.86097],[24.52035,42.86174],[24.52007,42.86874],[24.52242,42.87391],[24.52016,42.87547],[24.51064,42.87553],[24.50949,42.87686],[24.50787,42.88059],[24.50774,42.88382],[24.50879,42.88519],[24.52532,42.89309],[24.53445,42.89356],[24.53468,42.89706],[24.53277,42.89917],[24.53017,42.89992],[24.52709,42.90363],[24.52448,42.90492],[24.52434,42.90842],[24.52341,42.91324],[24.52964,42.91338],[24.54222,42.91015],[24.5503,42.90978],[24.5562,42.90856],[24.56498,42.90902],[24.57232,42.90864],[24.57564,42.90817],[24.5794,42.90556],[24.58407,42.90781],[24.5869,42.91056],[24.59088,42.91172],[24.59681,42.90996],[24.60118,42.91059],[24.60107,42.91355],[24.59946,42.91729],[24.59934,42.92025],[24.59812,42.92345],[24.59442,42.92445],[24.59116,42.9233],[24.5812,42.92498],[24.5778,42.9276],[24.56928,42.93011],[24.5699,42.93282],[24.57243,42.93368],[24.5742,42.93534],[24.57821,42.93596],[24.5823,42.93443],[24.5863,42.93505],[24.58587,42.93693],[24.58904,42.94023],[24.60377,42.93838],[24.61329,42.93858],[24.61947,42.93979],[24.60142,42.95179],[24.59702,42.9517],[24.58468,42.94848],[24.5799,42.94892],[24.57576,42.95152],[24.56729,42.95269],[24.56714,42.95646],[24.56265,42.95878],[24.56163,42.95688],[24.55906,42.95682],[24.55554,42.9624],[24.54931,42.96227],[24.55286,42.96531],[24.55417,42.9691],[24.55172,42.96636],[24.54704,42.96411],[24.5424,42.96104],[24.535,42.9625],[24.52816,42.95939],[24.52053,42.95761],[24.51393,42.95774],[24.51448,42.95317],[24.51199,42.95123],[24.51051,42.95147],[24.5082,42.95438],[24.50264,42.95587],[24.49788,42.95577],[24.49619,42.95223],[24.49614,42.95331],[24.49205,42.95484],[24.49161,42.9559],[24.49212,42.95795],[24.49519,42.96253],[24.49595,42.96498],[24.49544,42.96842],[24.49359,42.97219],[24.49272,42.97801],[24.49529,42.97585],[24.50993,42.96979],[24.51393,42.96987],[24.51957,42.97333],[24.52207,42.97387],[24.53182,42.97319],[24.5412,42.97398],[24.55243,42.97752],[24.56263,42.97801],[24.56591,42.97875],[24.56841,42.98075],[24.57213,42.98478],[24.57791,42.98811],[24.57828,42.989],[24.578,42.98991],[24.57593,42.99087],[24.57455,42.9906],[24.56871,42.98738],[24.56324,42.98186],[24.55141,42.98106],[24.54357,42.97847],[24.53767,42.97719],[24.53179,42.97679],[24.52189,42.97749],[24.51892,42.97706],[24.5167,42.97627],[24.51162,42.97303],[24.50365,42.97681],[24.49815,42.97881],[24.49493,42.9817],[24.49122,42.98399],[24.48864,42.984],[24.48758,42.98299],[24.4872,42.98083],[24.48877,42.97155],[24.49068,42.96749],[24.49105,42.96521],[24.4906,42.96382],[24.48738,42.95889],[24.48658,42.95346],[24.48051,42.95027],[24.46261,42.94853],[24.46217,42.95929],[24.4609,42.96331],[24.45479,42.96936],[24.44559,42.97023],[24.44082,42.97013],[24.43528,42.97108],[24.42862,42.97255],[24.42744,42.9744],[24.42524,42.97462],[24.42329,42.96866],[24.42339,42.96624],[24.42463,42.96276],[24.42477,42.95954],[24.41377,42.95956],[24.41543,42.95502],[24.4133,42.95558],[24.41315,42.9569],[24.41316,42.95644],[24.40878,42.95608],[24.40664,42.95468],[24.4049,42.95249],[24.40642,42.95118],[24.40904,42.94989],[24.40908,42.94828],[24.40065,42.94889],[24.39835,42.95126],[24.39432,42.95117],[24.39368,42.949],[24.39428,42.94363],[24.38556,42.94181],[24.38377,42.9407],[24.37824,42.94138],[24.37631,42.94376],[24.37161,42.9423],[24.36901,42.94305],[24.36819,42.94492],[24.36986,42.94873],[24.36652,42.94973],[24.36215,42.94909],[24.35884,42.94928],[24.35761,42.95248],[24.35711,42.95544],[24.36065,42.95848],[24.36818,42.96242],[24.36907,42.96729],[24.37555,42.97013],[24.37544,42.97282],[24.37397,42.97279],[24.36947,42.97511],[24.36853,42.97993],[24.36396,42.98387],[24.36381,42.98736],[24.36306,42.98716],[24.3654,42.99056],[24.37158,42.99624],[24.3746,43.00117],[24.37562,43.00349],[24.37654,43.01096],[24.37776,43.01228],[24.37971,43.01623],[24.38172,43.01867],[24.38257,43.01539],[24.38456,43.01434],[24.38605,43.01458],[24.39071,43.01693],[24.39252,43.01572],[24.39687,43.0151],[24.40003,43.01586],[24.40286,43.01767],[24.40599,43.01697],[24.41582,43.01247],[24.42493,43.00631],[24.42709,43.00626],[24.4285,43.0076],[24.42788,43.00912],[24.41889,43.01528],[24.40783,43.02032],[24.40244,43.02132],[24.39974,43.02065],[24.39651,43.01872],[24.39482,43.01894],[24.3925,43.02088],[24.39071,43.02128],[24.38846,43.02048],[24.38678,43.0191]],[[24.7404,42.77462],[24.74637,42.77433],[24.74456,42.77363],[24.74218,42.77344],[24.73777,42.77385],[24.73546,42.77293],[24.73542,42.77186],[24.73367,42.77142],[24.73309,42.77157],[24.73329,42.77228],[24.73283,42.77242],[24.73258,42.7714],[24.73123,42.77133],[24.73126,42.7719],[24.73213,42.77225],[24.73068,42.77261],[24.73457,42.77309],[24.73442,42.77391],[24.73637,42.77448],[24.73861,42.77456],[24.73963,42.77415],[24.7404,42.77462]],[[24.74109,42.773],[24.74152,42.77254],[24.74053,42.77162],[24.73755,42.77152],[24.738,42.77217],[24.74109,42.773]]],[[[25.76093,42.78515],[25.75535,42.78658],[25.7376,42.78229],[25.72994,42.77973],[25.71479,42.77993],[25.70147,42.78139],[25.68116,42.77881],[25.66444,42.77403],[25.65396,42.76857],[25.64745,42.76589],[25.64641,42.76471],[25.64638,42.76377],[25.64526,42.76207],[25.64355,42.7602],[25.64104,42.75896],[25.63729,42.75326],[25.61851,42.74072],[25.60341,42.73156],[25.58128,42.72523],[25.57551,42.72235],[25.57003,42.7232],[25.56374,42.72485],[25.55443,42.72492],[25.55435,42.72575],[25.55516,42.72664],[25.55361,42.727],[25.55681,42.73452],[25.55686,42.73584],[25.55577,42.73669],[25.55593,42.738],[25.55437,42.73795],[25.55377,42.73978],[25.55163,42.74238],[25.5491,42.74342],[25.54867,42.74401],[25.55301,42.7464],[25.55548,42.74643],[25.5546,42.74991],[25.5531,42.75167],[25.55316,42.75324],[25.55396,42.75367],[25.55127,42.75624],[25.55185,42.7592],[25.55411,42.76156],[25.55644,42.76151],[25.56319,42.75977],[25.56397,42.75992],[25.56686,42.76243],[25.56564,42.76314],[25.56559,42.76403],[25.56305,42.76124],[25.56135,42.76181],[25.55851,42.76177],[25.55449,42.76249],[25.54995,42.75956],[25.54911,42.7583],[25.54885,42.75652],[25.54919,42.75543],[25.54575,42.75455],[25.54439,42.75314],[25.5448,42.75164],[25.54095,42.75071],[25.54022,42.74995],[25.54025,42.74709],[25.53884,42.74541],[25.54031,42.74372],[25.54014,42.74139],[25.53878,42.74105],[25.52982,42.74365],[25.53007,42.74529],[25.52846,42.74653],[25.52782,42.7444],[25.52498,42.74333],[25.52275,42.745],[25.51781,42.74619],[25.51501,42.74563],[25.51331,42.74687],[25.51164,42.74566],[25.50918,42.74583],[25.50851,42.74528],[25.50839,42.74446],[25.50748,42.74423],[25.50459,42.74446],[25.50244,42.74407],[25.49392,42.74544],[25.49078,42.7449],[25.48831,42.74309],[25.48681,42.74517],[25.48504,42.74553],[25.48393,42.74658],[25.48292,42.74845],[25.47524,42.75331],[25.47484,42.75552],[25.47193,42.75862],[25.47113,42.76119],[25.469,42.76303],[25.46846,42.76457],[25.46116,42.76407],[25.45213,42.76155],[25.44915,42.76153],[25.44299,42.76382],[25.44142,42.76321],[25.44008,42.76198],[25.4346,42.76119],[25.43389,42.7594],[25.43414,42.75798],[25.43347,42.75524],[25.43471,42.74937],[25.43199,42.7462],[25.42793,42.74405],[25.42607,42.74098],[25.42415,42.74016],[25.42443,42.73845],[25.42407,42.736],[25.42299,42.7343],[25.41784,42.73367],[25.41677,42.73409],[25.41281,42.73639],[25.41039,42.73925],[25.40336,42.74344],[25.39912,42.74266],[25.39515,42.74041],[25.39009,42.73878],[25.38458,42.74102],[25.38197,42.74049],[25.37192,42.74149],[25.37211,42.73956],[25.37146,42.73913],[25.37289,42.73928],[25.37394,42.74046],[25.37603,42.74061],[25.37882,42.73992],[25.38076,42.73869],[25.38379,42.73864],[25.38599,42.73701],[25.38692,42.73498],[25.387,42.73103],[25.3889,42.73236],[25.39174,42.73173],[25.39223,42.73119],[25.38786,42.7291],[25.38621,42.72708],[25.38551,42.72356],[25.38655,42.72063],[25.38674,42.71794],[25.38464,42.71317],[25.38527,42.71073],[25.38468,42.71027],[25.3829,42.71035],[25.38281,42.70993],[25.38391,42.70859],[25.38617,42.70776],[25.38615,42.70718],[25.38389,42.70622],[25.38321,42.70312],[25.38161,42.70225],[25.38146,42.7003],[25.38035,42.69921],[25.37999,42.697],[25.37904,42.6954],[25.37357,42.69395],[25.37139,42.69269],[25.37673,42.6895],[25.37816,42.68788],[25.3788,42.68442],[25.37748,42.68195],[25.37476,42.68007],[25.37402,42.67679],[25.37609,42.67172],[25.38466,42.67184],[25.38515,42.67429],[25.38203,42.67711],[25.38216,42.68283],[25.38291,42.68591],[25.38731,42.6872],[25.39056,42.6899],[25.39082,42.69221],[25.39239,42.69275],[25.39171,42.68847],[25.39488,42.68918],[25.39622,42.68754],[25.39866,42.68701],[25.40203,42.68704],[25.40299,42.68608],[25.40283,42.68414],[25.40138,42.68109],[25.40253,42.67917],[25.40402,42.67946],[25.40567,42.68141],[25.4079,42.68239],[25.40863,42.68336],[25.40861,42.68489],[25.41368,42.68424],[25.41427,42.68272],[25.41395,42.67941],[25.41528,42.6779],[25.41492,42.67679],[25.41735,42.6764],[25.41827,42.67779],[25.42253,42.681],[25.42481,42.67881],[25.42836,42.67884],[25.43041,42.67941],[25.43247,42.67929],[25.43454,42.67834],[25.43809,42.67865],[25.44422,42.68118],[25.447,42.68342],[25.45281,42.68291],[25.45745,42.68488],[25.45985,42.68643],[25.46104,42.68855],[25.46336,42.68759],[25.46477,42.68625],[25.46685,42.6853],[25.46976,42.68557],[25.4707,42.6867],[25.47146,42.689],[25.47246,42.68873],[25.47318,42.6869],[25.47428,42.68663],[25.47612,42.68833],[25.47796,42.69275],[25.48122,42.69326],[25.48283,42.6943],[25.48354,42.69543],[25.48211,42.69901],[25.48622,42.7002],[25.48885,42.70205],[25.49221,42.70242],[25.4964,42.70145],[25.49928,42.70386],[25.50467,42.70434],[25.50615,42.70521],[25.5083,42.70566],[25.51396,42.70447],[25.51881,42.70256],[25.52336,42.70181],[25.52527,42.69927],[25.52866,42.69634],[25.53246,42.69105],[25.53334,42.68905],[25.5351,42.68814],[25.5341,42.69065],[25.53573,42.69057],[25.53685,42.68792],[25.5382,42.68859],[25.53852,42.6899],[25.53812,42.69165],[25.53715,42.69268],[25.53731,42.69592],[25.53691,42.69784],[25.53544,42.70001],[25.52948,42.70597],[25.52921,42.70737],[25.52801,42.70849],[25.52551,42.70889],[25.52417,42.70785],[25.52333,42.71014],[25.52685,42.7113],[25.52839,42.71053],[25.52945,42.7091],[25.53215,42.70963],[25.5327,42.70937],[25.53238,42.70681],[25.53401,42.70571],[25.53482,42.70635],[25.53438,42.70941],[25.53822,42.71049],[25.5391,42.71006],[25.53952,42.70923],[25.54053,42.70945],[25.54203,42.71066],[25.54507,42.71126],[25.54335,42.71302],[25.5454,42.71414],[25.54766,42.71459],[25.55134,42.71443],[25.55418,42.71299],[25.55658,42.71084],[25.55865,42.70821],[25.56036,42.70228],[25.58165,42.69734],[25.58392,42.69378],[25.59097,42.69386],[25.59521,42.69243],[25.60161,42.69139],[25.60928,42.69396],[25.61523,42.69862],[25.62401,42.69816],[25.62364,42.70316],[25.62093,42.70776],[25.62272,42.70993],[25.62188,42.71308],[25.61915,42.71882],[25.6142,42.72113],[25.61321,42.72394],[25.61759,42.72728],[25.62113,42.72676],[25.6268,42.72671],[25.63098,42.72506],[25.63411,42.72216],[25.63767,42.71339],[25.63616,42.69867],[25.6445,42.6991],[25.64713,42.70173],[25.64574,42.71151],[25.65477,42.70604],[25.66013,42.70697],[25.66203,42.70438],[25.66094,42.70053],[25.66294,42.69361],[25.6737,42.69324],[25.68078,42.69221],[25.6824,42.69495],[25.68058,42.70956],[25.6878,42.71001],[25.69827,42.69947],[25.71009,42.69688],[25.72011,42.70295],[25.72442,42.7061],[25.72508,42.71129],[25.72458,42.71657],[25.71971,42.72092],[25.71921,42.72562],[25.72148,42.73152],[25.7313,42.73869],[25.73513,42.74637],[25.73774,42.75521],[25.73844,42.75992],[25.74359,42.76203],[25.75077,42.76153],[25.7535,42.76479],[25.7554,42.76922],[25.76063,42.77511],[25.76093,42.78515]]],[[[24.56077,42.76269],[24.55823,42.76432],[24.55512,42.76439],[24.55453,42.76391],[24.55377,42.76072],[24.55266,42.75903],[24.55275,42.7557],[24.55217,42.75365],[24.54829,42.75085],[24.54547,42.7501],[24.54378,42.75012],[24.54085,42.75157],[24.5401,42.75223],[24.54059,42.75301],[24.5379,42.75452],[24.53789,42.75299],[24.53614,42.75106],[24.53526,42.74915],[24.53456,42.74881],[24.53325,42.74894],[24.531,42.7502],[24.52681,42.75045],[24.52778,42.75147],[24.52529,42.75173],[24.52427,42.7522],[24.52342,42.75342],[24.52235,42.75374],[24.5228,42.75318],[24.52093,42.75259],[24.52265,42.74993],[24.52115,42.75064],[24.5192,42.75289],[24.51746,42.75305],[24.51602,42.75241],[24.51462,42.75276],[24.51444,42.75347],[24.51509,42.75411],[24.5147,42.75495],[24.51061,42.75036],[24.50809,42.74937],[24.50685,42.74732],[24.5037,42.75058],[24.50064,42.75235],[24.49967,42.75221],[24.49942,42.75177],[24.49976,42.75151],[24.49895,42.75004],[24.49923,42.74929],[24.4956,42.74912],[24.49522,42.74755],[24.49553,42.7461],[24.4938,42.74219],[24.49404,42.74091],[24.49227,42.73841],[24.49275,42.73767],[24.49462,42.7367],[24.49415,42.73607],[24.49489,42.7358],[24.49524,42.73484],[24.49369,42.73262],[24.49324,42.73315],[24.49252,42.73313],[24.49183,42.73477],[24.49042,42.73448],[24.48631,42.73659],[24.48499,42.73644],[24.48398,42.7369],[24.48433,42.73616],[24.48349,42.73577],[24.4833,42.73636],[24.48224,42.73616],[24.48206,42.73662],[24.48149,42.73621],[24.48134,42.73678],[24.48031,42.73638],[24.47843,42.73682],[24.47714,42.73745],[24.47762,42.73805],[24.4767,42.73769],[24.47287,42.73782],[24.47155,42.73877],[24.46931,42.73815],[24.46821,42.73849],[24.46724,42.73972],[24.4649,42.73942],[24.46207,42.74001],[24.46313,42.73953],[24.45989,42.73862],[24.45922,42.73683],[24.45718,42.73464],[24.45516,42.73343],[24.4536,42.73392],[24.45407,42.73258],[24.45341,42.73236],[24.45494,42.73113],[24.4557,42.7297],[24.45734,42.72886],[24.45763,42.72824],[24.45822,42.7282],[24.45776,42.72863],[24.45855,42.7286],[24.45853,42.72901],[24.45946,42.72874],[24.45986,42.72939],[24.46182,42.72816],[24.462,42.72545],[24.46156,42.72494],[24.46017,42.72479],[24.46001,42.72411],[24.4605,42.72354],[24.46159,42.72444],[24.46216,42.72434],[24.46164,42.7231],[24.45758,42.72242],[24.45446,42.72297],[24.45376,42.72231],[24.45083,42.72319],[24.45028,42.72212],[24.44838,42.72169],[24.44638,42.72179],[24.44216,42.72324],[24.44041,42.72173],[24.43934,42.72166],[24.43516,42.72287],[24.43366,42.72458],[24.43106,42.72633],[24.43065,42.72556],[24.42787,42.72603],[24.42543,42.72575],[24.42621,42.72497],[24.42573,42.72479],[24.42608,42.72414],[24.42712,42.72336],[24.42424,42.72281],[24.42591,42.72238],[24.42765,42.72289],[24.42794,42.72241],[24.42707,42.72212],[24.4277,42.72172],[24.42741,42.72154],[24.42436,42.7219],[24.42443,42.72151],[24.42607,42.72121],[24.42501,42.72108],[24.42453,42.72025],[24.42558,42.72089],[24.42749,42.72071],[24.42741,42.72005],[24.42818,42.7194],[24.4287,42.71766],[24.42647,42.71527],[24.42424,42.71453],[24.42507,42.71425],[24.42463,42.71338],[24.42344,42.71288],[24.42229,42.71307],[24.42052,42.71212],[24.42097,42.70477],[24.4268,42.70404],[24.42829,42.70431],[24.43318,42.70331],[24.43466,42.70336],[24.43532,42.70411],[24.43938,42.70305],[24.44032,42.70345],[24.44272,42.70288],[24.45003,42.70268],[24.45357,42.7034],[24.45504,42.70304],[24.4569,42.7033],[24.45821,42.70431],[24.46127,42.70408],[24.46342,42.70522],[24.46748,42.7045],[24.46999,42.70496],[24.4723,42.70439],[24.47431,42.70253],[24.47663,42.70271],[24.47923,42.70405],[24.48105,42.7019],[24.48212,42.69975],[24.48308,42.69609],[24.4869,42.69478],[24.49571,42.69508],[24.50848,42.70073],[24.51362,42.7009],[24.51631,42.70165],[24.52401,42.70028],[24.53007,42.70017],[24.53193,42.70088],[24.53267,42.70164],[24.53234,42.70374],[24.53157,42.70463],[24.52582,42.70734],[24.5247,42.70876],[24.52278,42.70987],[24.51835,42.71412],[24.51608,42.71546],[24.51559,42.71747],[24.51593,42.7183],[24.52037,42.71867],[24.5201,42.72241],[24.52131,42.72498],[24.52246,42.72582],[24.52676,42.71912],[24.52927,42.7191],[24.53515,42.72171],[24.5394,42.72105],[24.54136,42.72158],[24.54436,42.72333],[24.54622,42.72365],[24.55214,42.72298],[24.55795,42.72661],[24.56223,42.72739],[24.56407,42.72197],[24.56672,42.71983],[24.56642,42.71853],[24.57169,42.71793],[24.57377,42.71797],[24.57755,42.71964],[24.57952,42.71991],[24.5837,42.7256],[24.58564,42.72545],[24.58881,42.7225],[24.58951,42.72064],[24.58819,42.71506],[24.58806,42.71052],[24.58564,42.69733],[24.58567,42.69268],[24.58726,42.69072],[24.58724,42.68908],[24.58838,42.6884],[24.58908,42.68871],[24.58947,42.68984],[24.58936,42.69427],[24.59024,42.69928],[24.5921,42.70135],[24.59298,42.71111],[24.59462,42.71401],[24.59403,42.72085],[24.59434,42.72251],[24.59545,42.72374],[24.59742,42.72415],[24.59459,42.72618],[24.59519,42.7273],[24.59514,42.72867],[24.59991,42.72983],[24.60271,42.72865],[24.60371,42.72868],[24.60433,42.72785],[24.60946,42.72805],[24.6121,42.7275],[24.61298,42.72837],[24.61473,42.72596],[24.62288,42.7244],[24.63081,42.72421],[24.63031,42.72444],[24.63157,42.72685],[24.63176,42.73169],[24.63165,42.73206],[24.6303,42.73209],[24.62868,42.73333],[24.62976,42.73349],[24.62902,42.73418],[24.63016,42.73458],[24.63042,42.73583],[24.62631,42.7351],[24.62541,42.73808],[24.62468,42.73661],[24.62544,42.73546],[24.62464,42.7346],[24.62408,42.73435],[24.6234,42.73533],[24.62178,42.73497],[24.62169,42.73681],[24.62313,42.73828],[24.62256,42.73965],[24.62341,42.74075],[24.62273,42.74141],[24.62351,42.7423],[24.62305,42.74287],[24.62386,42.74312],[24.61993,42.74283],[24.6237,42.7462],[24.62361,42.7466],[24.62215,42.74681],[24.61976,42.74629],[24.61828,42.74678],[24.61669,42.74546],[24.61501,42.74514],[24.61503,42.74403],[24.61402,42.74271],[24.61152,42.74288],[24.61107,42.74363],[24.61109,42.74612],[24.61365,42.74739],[24.61346,42.74849],[24.61238,42.74883],[24.61148,42.75005],[24.61115,42.75115],[24.61146,42.75159],[24.61065,42.75124],[24.60689,42.75471],[24.60504,42.75557],[24.60494,42.75706],[24.60256,42.75539],[24.60183,42.75374],[24.60223,42.75267],[24.60143,42.75182],[24.60176,42.75062],[24.60136,42.74942],[24.60019,42.75147],[24.60055,42.75349],[24.60017,42.75389],[24.60081,42.75557],[24.60046,42.75572],[24.60004,42.75542],[24.59903,42.75603],[24.59917,42.75461],[24.59862,42.75346],[24.59911,42.75283],[24.59679,42.75219],[24.59656,42.75281],[24.59538,42.75314],[24.59688,42.75435],[24.5955,42.75424],[24.59537,42.75497],[24.59187,42.75341],[24.58991,42.75404],[24.59019,42.7548],[24.59315,42.75706],[24.59709,42.75837],[24.59402,42.76116],[24.59234,42.76192],[24.59115,42.76215],[24.59041,42.76141],[24.58999,42.76205],[24.588,42.76167],[24.58602,42.76029],[24.58469,42.76041],[24.58362,42.7594],[24.57953,42.75983],[24.57946,42.75933],[24.57797,42.75927],[24.57474,42.76129],[24.57289,42.76157],[24.57178,42.76087],[24.57096,42.76093],[24.57048,42.7623],[24.56513,42.76147],[24.56524,42.7619],[24.56365,42.76195],[24.56418,42.76224],[24.56337,42.76269],[24.56077,42.76269]]],[[[24.03642,42.73058],[24.0359,42.73136],[24.03442,42.73189],[24.03314,42.73018],[24.03205,42.72999],[24.03179,42.72891],[24.03015,42.729],[24.03012,42.72793],[24.03071,42.72701],[24.03035,42.72676],[24.02874,42.72732],[24.029,42.72773],[24.02825,42.72878],[24.02848,42.72909],[24.02678,42.73045],[24.02639,42.73012],[24.02634,42.72859],[24.02499,42.72883],[24.02527,42.72772],[24.02578,42.72799],[24.02648,42.72721],[24.02599,42.72761],[24.02436,42.72747],[24.02479,42.72775],[24.02313,42.729],[24.02283,42.72843],[24.02322,42.72798],[24.02281,42.72756],[24.02348,42.72676],[24.02426,42.7271],[24.02365,42.72568],[24.02458,42.72438],[24.02556,42.72461],[24.02699,42.72283],[24.0241,42.72409],[24.02292,42.72246],[24.02373,42.72287],[24.02367,42.7219],[24.02408,42.72178],[24.0251,42.72279],[24.02563,42.72179],[24.02514,42.72157],[24.02574,42.72119],[24.02539,42.72096],[24.02562,42.7202],[24.02647,42.72049],[24.0271,42.72012],[24.02749,42.72056],[24.02783,42.71953],[24.02884,42.71948],[24.02931,42.71896],[24.02941,42.71823],[24.0277,42.71744],[24.02914,42.71762],[24.02961,42.71667],[24.02947,42.71611],[24.02881,42.71626],[24.02803,42.71572],[24.0286,42.71379],[24.0296,42.71434],[24.03172,42.71417],[24.03317,42.71287],[24.03367,42.71309],[24.03392,42.71247],[24.03399,42.713],[24.03467,42.71287],[24.03444,42.71337],[24.03507,42.71293],[24.03633,42.71354],[24.03638,42.71298],[24.03755,42.71294],[24.03781,42.71254],[24.03837,42.71318],[24.03867,42.71253],[24.04111,42.71134],[24.04189,42.71175],[24.04248,42.71086],[24.04336,42.71167],[24.04415,42.71144],[24.04429,42.71074],[24.04631,42.71122],[24.04665,42.71058],[24.04812,42.71012],[24.05032,42.71271],[24.04717,42.71237],[24.04784,42.71389],[24.0468,42.71505],[24.04617,42.71429],[24.04673,42.71524],[24.04654,42.71577],[24.04332,42.71632],[24.04262,42.71693],[24.04248,42.71639],[24.04135,42.71634],[24.04098,42.71557],[24.04016,42.71536],[24.04088,42.71768],[24.03954,42.71751],[24.03978,42.71702],[24.03922,42.71701],[24.03321,42.71907],[24.03233,42.72097],[24.03393,42.7246],[24.03344,42.72598],[24.03537,42.727],[24.0386,42.72525],[24.03466,42.7221],[24.03488,42.72075],[24.03604,42.72026],[24.0355,42.72019],[24.0352,42.71916],[24.03619,42.71975],[24.03734,42.71964],[24.03903,42.71897],[24.03978,42.71762],[24.04149,42.7184],[24.04284,42.71716],[24.04244,42.71825],[24.04293,42.71959],[24.04402,42.72034],[24.04361,42.72142],[24.04404,42.72335],[24.04602,42.72615],[24.04558,42.72843],[24.04503,42.72864],[24.04437,42.72796],[24.04242,42.72738],[24.04221,42.72683],[24.04066,42.72692],[24.04031,42.72599],[24.0393,42.72559],[24.03857,42.72623],[24.03894,42.72692],[24.03827,42.72913],[24.03649,42.72905],[24.0368,42.73055],[24.03642,42.73058]],[[24.03388,42.71637],[24.03433,42.71685],[24.03486,42.71551],[24.03423,42.71558],[24.03367,42.71494],[24.03444,42.71544],[24.03468,42.71502],[24.03508,42.71553],[24.03555,42.71529],[24.03523,42.71466],[24.03378,42.71442],[24.03313,42.71497],[24.03296,42.71431],[24.03183,42.71461],[24.03154,42.71426],[24.03147,42.71485],[24.03007,42.71456],[24.0287,42.71544],[24.02934,42.71591],[24.02978,42.71584],[24.02959,42.71525],[24.03146,42.71546],[24.03186,42.71625],[24.03388,42.71637]],[[24.02757,42.72475],[24.02863,42.72449],[24.02976,42.72349],[24.02913,42.72218],[24.02849,42.72228],[24.02842,42.72292],[24.02749,42.72363],[24.02757,42.72475]],[[24.04218,42.71508],[24.04191,42.71399],[24.04127,42.71493],[24.04218,42.71508]],[[24.04335,42.71531],[24.04255,42.71563],[24.04273,42.71599],[24.04417,42.71556],[24.04335,42.71531]],[[24.04525,42.71534],[24.04554,42.71548],[24.04561,42.71472],[24.04475,42.71448],[24.04525,42.71534]],[[24.03997,42.72251],[24.04073,42.72274],[24.04092,42.7222],[24.03997,42.72251]],[[24.04221,42.71371],[24.04296,42.71373],[24.04229,42.71308],[24.04221,42.71371]],[[24.03728,42.72194],[24.03708,42.72152],[24.03655,42.72168],[24.03728,42.72194]],[[24.03979,42.7216],[24.04016,42.72153],[24.04016,42.72124],[24.03979,42.7216]],[[24.03868,42.71566],[24.0388,42.71556],[24.03823,42.71489],[24.03868,42.71566]],[[24.04678,42.71199],[24.04695,42.71184],[24.04641,42.71146],[24.04678,42.71199]],[[24.02682,42.72174],[24.0268,42.72196],[24.02746,42.72192],[24.02682,42.72174]],[[24.04051,42.72348],[24.04078,42.72357],[24.04084,42.72337],[24.04051,42.72348]],[[24.0361,42.71576],[24.03596,42.716],[24.03624,42.71608],[24.0361,42.71576]]],[[[24.07225,42.73734],[24.07178,42.73741],[24.07191,42.73685],[24.07139,42.73637],[24.07014,42.73697],[24.06842,42.73464],[24.06848,42.73332],[24.06954,42.73231],[24.06701,42.73228],[24.06578,42.73159],[24.06609,42.73136],[24.06562,42.73094],[24.06645,42.73078],[24.06667,42.73023],[24.06656,42.72871],[24.06717,42.72709],[24.07197,42.72419],[24.07247,42.72513],[24.0729,42.72427],[24.07635,42.72125],[24.0765,42.7222],[24.07551,42.72471],[24.0759,42.72534],[24.07485,42.72672],[24.07552,42.72637],[24.07649,42.724],[24.07731,42.72368],[24.07687,42.72431],[24.07717,42.72581],[24.07758,42.72597],[24.07722,42.72667],[24.07859,42.72785],[24.07874,42.72938],[24.08015,42.7307],[24.08068,42.73274],[24.07877,42.73475],[24.07784,42.73414],[24.07759,42.73338],[24.07623,42.73344],[24.07561,42.73394],[24.07523,42.73363],[24.07518,42.73567],[24.07461,42.73616],[24.07526,42.73624],[24.07225,42.73734]],[[24.07328,42.72522],[24.07292,42.72534],[24.07408,42.72546],[24.07459,42.72488],[24.07306,42.72473],[24.07295,42.72513],[24.07387,42.72506],[24.07328,42.72522]],[[24.06936,42.73489],[24.06992,42.73482],[24.06856,42.73463],[24.06936,42.73489]],[[24.07839,42.73302],[24.07831,42.73334],[24.07871,42.73306],[24.07833,42.73238],[24.078,42.73279],[24.07839,42.73302]],[[24.07468,42.72943],[24.0743,42.72983],[24.07472,42.73008],[24.07468,42.72943]],[[24.07181,42.73211],[24.07212,42.73182],[24.07179,42.73142],[24.07181,42.73211]],[[24.07581,42.72787],[24.0756,42.72809],[24.07607,42.72826],[24.07581,42.72787]],[[24.07743,42.7303],[24.0777,42.73065],[24.07782,42.73044],[24.07743,42.7303]],[[24.07686,42.73079],[24.07717,42.73113],[24.07733,42.73095],[24.07686,42.73079]]],[[[24.0578,42.7318],[24.05606,42.73157],[24.05416,42.72967],[24.05476,42.72935],[24.05413,42.72842],[24.05559,42.72703],[24.05668,42.72485],[24.05636,42.72462],[24.05668,42.7237],[24.05774,42.72322],[24.0573,42.72248],[24.05597,42.72252],[24.05563,42.72207],[24.05636,42.72144],[24.05835,42.721],[24.05845,42.72028],[24.05765,42.71933],[24.05829,42.71868],[24.05901,42.71867],[24.05885,42.7183],[24.05996,42.71816],[24.06025,42.7167],[24.05969,42.71634],[24.05948,42.71726],[24.05876,42.71729],[24.05797,42.71644],[24.05825,42.71625],[24.05758,42.71623],[24.0575,42.7156],[24.05685,42.71586],[24.05646,42.71674],[24.05499,42.71677],[24.05614,42.71826],[24.05496,42.71772],[24.05495,42.71813],[24.05399,42.71804],[24.05561,42.71936],[24.05516,42.71964],[24.05394,42.71881],[24.05369,42.71968],[24.05403,42.72],[24.05296,42.71918],[24.05287,42.71829],[24.05378,42.71665],[24.05518,42.7161],[24.05613,42.71498],[24.0566,42.71531],[24.05563,42.71609],[24.0573,42.71547],[24.05769,42.71377],[24.05825,42.71493],[24.06072,42.71625],[24.06065,42.71834],[24.06209,42.71831],[24.06149,42.71744],[24.06224,42.71778],[24.06301,42.71749],[24.06298,42.71816],[24.06383,42.71872],[24.06395,42.71943],[24.06275,42.72011],[24.06237,42.72123],[24.06164,42.72125],[24.06174,42.722],[24.06279,42.72215],[24.06231,42.72263],[24.06134,42.72253],[24.06188,42.72395],[24.06085,42.72428],[24.06022,42.72351],[24.0599,42.72374],[24.0602,42.72408],[24.05958,42.72427],[24.05931,42.72521],[24.05983,42.72679],[24.05883,42.72644],[24.05898,42.72491],[24.05857,42.72468],[24.05876,42.72505],[24.05789,42.72583],[24.05861,42.72605],[24.0592,42.72768],[24.05974,42.72725],[24.05972,42.72813],[24.0612,42.72754],[24.06128,42.72812],[24.06198,42.72821],[24.06163,42.72853],[24.0621,42.72881],[24.06123,42.72895],[24.06111,42.72939],[24.06179,42.73052],[24.05926,42.73024],[24.05889,42.72941],[24.05849,42.73103],[24.0578,42.7318]],[[24.05671,42.72948],[24.05826,42.72916],[24.05781,42.72871],[24.05721,42.72895],[24.05739,42.72838],[24.05642,42.72805],[24.05621,42.72895],[24.05672,42.72893],[24.05671,42.72948]],[[24.05906,42.72164],[24.05887,42.72193],[24.05929,42.7221],[24.05906,42.72164]]],[[[24.03197,42.71254],[24.03094,42.71313],[24.02989,42.71296],[24.03009,42.71247],[24.02951,42.71225],[24.03147,42.7109],[24.03117,42.71077],[24.03186,42.70994],[24.02988,42.71088],[24.0291,42.71062],[24.02966,42.70991],[24.02814,42.71035],[24.02786,42.70956],[24.02855,42.70865],[24.0277,42.70807],[24.02774,42.7072],[24.02851,42.70729],[24.02886,42.70664],[24.02975,42.70655],[24.02961,42.7073],[24.03137,42.70782],[24.03152,42.70856],[24.03293,42.70614],[24.03378,42.70639],[24.0342,42.70589],[24.033,42.70805],[24.03551,42.70664],[24.03896,42.70625],[24.03723,42.70603],[24.03896,42.70543],[24.03731,42.70462],[24.0378,42.70424],[24.03649,42.70327],[24.03643,42.70274],[24.03875,42.70453],[24.0374,42.7],[24.03752,42.69923],[24.0384,42.69893],[24.03891,42.70284],[24.04046,42.70424],[24.03959,42.7043],[24.04069,42.70547],[24.03984,42.70625],[24.04118,42.70684],[24.04142,42.70751],[24.04086,42.70766],[24.04119,42.70822],[24.0406,42.70888],[24.04115,42.70966],[24.04023,42.70977],[24.04214,42.71034],[24.04117,42.7112],[24.03952,42.71043],[24.04,42.71098],[24.03917,42.71157],[24.03848,42.71059],[24.03861,42.70991],[24.03816,42.71038],[24.03834,42.71086],[24.0376,42.71048],[24.03751,42.7109],[24.03666,42.71077],[24.03722,42.71223],[24.0363,42.71234],[24.03581,42.71169],[24.03616,42.7112],[24.0357,42.71096],[24.03519,42.71203],[24.03452,42.71215],[24.03446,42.71136],[24.03333,42.71257],[24.03284,42.71244],[24.03357,42.71136],[24.03279,42.71127],[24.03197,42.71254]],[[24.03355,42.70909],[24.03521,42.70895],[24.03671,42.70812],[24.03355,42.70909]],[[24.03172,42.7095],[24.0321,42.70932],[24.03148,42.70896],[24.03129,42.70935],[24.03172,42.7095]],[[24.02865,42.70904],[24.02824,42.70938],[24.02861,42.70969],[24.02895,42.70948],[24.02853,42.70943],[24.02865,42.70904]],[[24.03096,42.71188],[24.03162,42.71185],[24.03154,42.71145],[24.03096,42.71188]],[[24.0407,42.71043],[24.04042,42.71053],[24.04117,42.71069],[24.0407,42.71043]],[[24.03549,42.70709],[24.03525,42.70768],[24.03558,42.70747],[24.03549,42.70709]]],[[[24.04704,42.70941],[24.04621,42.70905],[24.0462,42.70738],[24.04623,42.70807],[24.04533,42.70854],[24.04483,42.70799],[24.04369,42.70816],[24.04448,42.70746],[24.04323,42.70769],[24.04318,42.70722],[24.04468,42.70657],[24.04474,42.70697],[24.04548,42.70696],[24.04569,42.70673],[24.04501,42.70621],[24.04539,42.70573],[24.04911,42.70432],[24.0469,42.70049],[24.05175,42.70059],[24.05178,42.70121],[24.05299,42.70138],[24.05348,42.70227],[24.0519,42.70347],[24.05225,42.70459],[24.0517,42.70451],[24.05189,42.7039],[24.05131,42.70341],[24.05101,42.70409],[24.05142,42.70472],[24.05035,42.70525],[24.05296,42.70588],[24.05015,42.70567],[24.04987,42.70738],[24.0495,42.70692],[24.04965,42.70538],[24.04884,42.70486],[24.04796,42.70609],[24.04841,42.70607],[24.04833,42.70686],[24.04732,42.70662],[24.04781,42.70846],[24.04757,42.70897],[24.04685,42.70898],[24.04704,42.70941]]],[[[24.08979,42.72086],[24.08843,42.72201],[24.08735,42.72389],[24.08693,42.72599],[24.08541,42.72724],[24.08537,42.72676],[24.08676,42.72564],[24.08637,42.7238],[24.08791,42.72196],[24.08776,42.72129],[24.08677,42.72073],[24.08762,42.72005],[24.08773,42.7204],[24.08815,42.7199],[24.08882,42.72],[24.08926,42.71931],[24.09005,42.72027],[24.09178,42.71906],[24.09334,42.71972],[24.09415,42.72072],[24.09483,42.72083],[24.09462,42.72044],[24.09506,42.7201],[24.09574,42.72049],[24.09369,42.7228],[24.09126,42.72416],[24.09335,42.72274],[24.09276,42.72234],[24.09395,42.72195],[24.09405,42.72149],[24.0921,42.71959],[24.09061,42.72026],[24.09039,42.72122],[24.08979,42.72086]]],[[[24.05511,42.73262],[24.05395,42.73332],[24.05377,42.73255],[24.05292,42.73255],[24.05239,42.73137],[24.05068,42.73062],[24.05148,42.7302],[24.04985,42.72928],[24.04976,42.72865],[24.05311,42.72887],[24.05429,42.73033],[24.05511,42.73262]]],[[[24.06732,42.72179],[24.06573,42.72135],[24.06612,42.72038],[24.06672,42.72037],[24.06667,42.71882],[24.06722,42.71771],[24.06741,42.7197],[24.06802,42.71991],[24.06785,42.71843],[24.06922,42.71951],[24.06835,42.72034],[24.06882,42.72176],[24.06792,42.72114],[24.06782,42.72178],[24.06732,42.72179]]],[[[24.0612,42.72646],[24.06088,42.72625],[24.06225,42.72535],[24.06149,42.7245],[24.06192,42.72406],[24.06331,42.72467],[24.06303,42.72533],[24.06386,42.72587],[24.06409,42.72518],[24.06523,42.72548],[24.06416,42.72642],[24.06336,42.72589],[24.0612,42.72646]]],[[[24.05142,42.72096],[24.05082,42.72106],[24.05007,42.72045],[24.05271,42.71936],[24.05313,42.71989],[24.05262,42.7198],[24.05241,42.72053],[24.05186,42.72053],[24.05222,42.72102],[24.05142,42.72096]]],[[[24.06698,42.73316],[24.06574,42.73296],[24.0652,42.73192],[24.06572,42.73162],[24.06749,42.73263],[24.06698,42.73316]]],[[[24.05571,42.73139],[24.05549,42.73272],[24.05484,42.73228],[24.05404,42.72977],[24.05571,42.73139]]],[[[24.07028,42.73808],[24.06894,42.73808],[24.0685,42.73757],[24.06966,42.73701],[24.07055,42.7374],[24.07004,42.73773],[24.07028,42.73808]]],[[[24.06822,42.73421],[24.06852,42.73489],[24.06797,42.73516],[24.06712,42.73414],[24.06839,42.73342],[24.06822,42.73421]]],[[[24.06588,42.72432],[24.06307,42.72365],[24.06488,42.72357],[24.06588,42.72432]]],[[[24.02664,42.71969],[24.02555,42.71972],[24.02584,42.71886],[24.02629,42.71938],[24.02744,42.71953],[24.02664,42.71969]]],[[[24.04958,42.72391],[24.05059,42.72545],[24.0498,42.72542],[24.04958,42.72391]]]]},"properties":{"SiteCode":"BG0001493","SiteNameBG":"Централен Балкан - буфер","SiteType":"SCI","SiteArea":138370.039127,"naturaClass":"habitats"}},{"type":"Feature","geometry":{"type":"Polygon","coordinates":[[[22.7687,42.7535],[22.76977,42.75474],[22.76964,42.7558],[22.76883,42.75745],[22.7673,42.75872],[22.7668,42.76031],[22.767,42.76164],[22.7652,42.76253],[22.76591,42.76314],[22.76291,42.76545],[22.76046,42.76845],[22.75377,42.77385],[22.74901,42.77429],[22.74705,42.77602],[22.73911,42.77994],[22.7359,42.78379],[22.73434,42.78479],[22.73618,42.78769],[22.73639,42.78905],[22.73898,42.79267],[22.74462,42.79402],[22.74943,42.7935],[22.7488,42.7948],[22.7501,42.79547],[22.75161,42.79446],[22.75302,42.79492],[22.75237,42.79567],[22.75325,42.79676],[22.75148,42.79857],[22.75065,42.80052],[22.7479,42.802],[22.74622,42.80186],[22.74537,42.8026],[22.7444,42.80363],[22.74448,42.80469],[22.74306,42.80655],[22.74283,42.80771],[22.7407,42.80892],[22.74035,42.80975],[22.73732,42.81026],[22.73671,42.80903],[22.73602,42.80893],[22.7322,42.81073],[22.73072,42.81207],[22.72628,42.81355],[22.72286,42.8139],[22.72093,42.81589],[22.72167,42.81606],[22.72072,42.81676],[22.71859,42.81587],[22.71775,42.81511],[22.71703,42.81325],[22.71699,42.81236],[22.71782,42.81188],[22.71795,42.81078],[22.71601,42.80785],[22.71588,42.80462],[22.71452,42.80192],[22.71437,42.80056],[22.71607,42.79971],[22.71695,42.79845],[22.716,42.79783],[22.71395,42.79794],[22.71293,42.79756],[22.71263,42.7969],[22.71331,42.79428],[22.71282,42.79129],[22.71387,42.78975],[22.7144,42.78996],[22.71532,42.78889],[22.7164,42.78269],[22.71746,42.78387],[22.71803,42.78363],[22.7178,42.7826],[22.72127,42.77998],[22.72351,42.77709],[22.72815,42.77487],[22.72843,42.77445],[22.72696,42.77399],[22.72878,42.77295],[22.72825,42.77198],[22.73309,42.7711],[22.73545,42.77005],[22.73675,42.77068],[22.73955,42.7698],[22.73938,42.77082],[22.74001,42.77117],[22.74214,42.76909],[22.74609,42.76747],[22.74811,42.76843],[22.74863,42.76812],[22.74878,42.76673],[22.74793,42.76383],[22.74855,42.76206],[22.74824,42.76073],[22.74985,42.75983],[22.75048,42.75784],[22.75326,42.75728],[22.754,42.75665],[22.75351,42.75509],[22.75605,42.75287],[22.75526,42.7491],[22.75795,42.74909],[22.75857,42.75025],[22.7687,42.7535]]]},"properties":{"SiteCode":"BG0000624","SiteNameBG":"Любаш","SiteType":"SCI","SiteArea":1264.371924,"naturaClass":"habitats"}},{"type":"Feature","geometry":{"type":"Polygon","coordinates":[[[24.07124,43.57715],[24.05529,43.58387],[24.06198,43.57528],[24.06619,43.57599],[24.07289,43.57267],[24.07526,43.57227],[24.0765,43.57123],[24.07905,43.57046],[24.07913,43.5688],[24.0803,43.56771],[24.08154,43.56779],[24.08169,43.56934],[24.08586,43.56806],[24.09521,43.56702],[24.09476,43.56135],[24.10258,43.56114],[24.10231,43.56304],[24.10423,43.56419],[24.10683,43.56383],[24.10765,43.564],[24.10792,43.56473],[24.11029,43.56462],[24.13015,43.56041],[24.1363,43.55871],[24.14013,43.55819],[24.14073,43.5587],[24.15002,43.55643],[24.16122,43.55204],[24.16099,43.54941],[24.16054,43.54884],[24.1514,43.54552],[24.14163,43.5453],[24.14054,43.54377],[24.13157,43.54541],[24.13086,43.54415],[24.13229,43.54339],[24.13026,43.54069],[24.12466,43.5429],[24.11855,43.54462],[24.11708,43.54555],[24.11535,43.54527],[24.11535,43.54467],[24.11791,43.54222],[24.11678,43.53947],[24.10523,43.54138],[24.10316,43.5435],[24.09873,43.54421],[24.10245,43.53664],[24.10474,43.53893],[24.10647,43.5395],[24.11262,43.53832],[24.12239,43.53797],[24.14134,43.54101],[24.14724,43.54269],[24.15288,43.54326],[24.15977,43.546],[24.16473,43.54914],[24.17966,43.55185],[24.18233,43.55371],[24.19578,43.55827],[24.19518,43.559],[24.19185,43.56075],[24.19001,43.56012],[24.18036,43.56508],[24.17218,43.55693],[24.16838,43.55473],[24.16511,43.55432],[24.14159,43.56226],[24.13873,43.56294],[24.13779,43.56275],[24.13644,43.56371],[24.13674,43.56534],[24.13336,43.56673],[24.13231,43.56545],[24.13501,43.56311],[24.13561,43.56139],[24.13531,43.56033],[24.12227,43.56424],[24.09739,43.57073],[24.08468,43.57353],[24.08295,43.57304],[24.07124,43.57715]]]},"properties":{"SiteCode":"BG0000627","SiteNameBG":"Конунски дол","SiteType":"SCI","SiteArea":778.64959451000004,"naturaClass":"habitats"}}]}
