{"type":"FeatureCollection","features":[{"type":"Feature","geometry":{"type":"Polygon","coordinates":[[[22.76279,42.74027],[22.76227,42.73915],[22.76329,42.73884],[22.76185,42.73857],[22.76141,42.73638],[22.75824,42.73824],[22.75091,42.73996],[22.7503,42.7391],[22.7489,42.7392],[22.74943,42.73776],[22.74788,42.7381],[22.74844,42.73702],[22.74755,42.73689],[22.74925,42.73607],[22.74787,42.73584],[22.74859,42.73279],[22.75716,42.72318],[22.7564,42.71756],[22.75957,42.71575],[22.7602,42.71422],[22.75939,42.71237],[22.75583,42.71362],[22.75492,42.71121],[22.75051,42.70773],[22.74894,42.70791],[22.74543,42.70187],[22.74806,42.69952],[22.74797,42.69773],[22.74486,42.69549],[22.74587,42.69467],[22.74489,42.69484],[22.74449,42.69408],[22.74639,42.68932],[22.74395,42.68818],[22.74345,42.68626],[22.74184,42.68631],[22.74473,42.68478],[22.7529,42.67592],[22.75488,42.67754],[22.75878,42.6723],[22.76367,42.67053],[22.75977,42.67673],[22.75178,42.68557],[22.75482,42.6863],[22.75792,42.68547],[22.75915,42.68673],[22.76225,42.6846],[22.76343,42.68116],[22.76642,42.67845],[22.77209,42.67632],[22.77454,42.67696],[22.77384,42.68132],[22.77721,42.68107],[22.77936,42.67785],[22.77782,42.67468],[22.78266,42.67364],[22.7845,42.6714],[22.78562,42.6716],[22.78758,42.67011],[22.78957,42.66934],[22.79094,42.66654],[22.7904,42.66587],[22.78814,42.66682],[22.78855,42.6658],[22.79672,42.66391],[22.80302,42.66001],[22.80364,42.66102],[22.80537,42.66115],[22.808,42.66697],[22.81533,42.66588],[22.81808,42.66673],[22.82089,42.66647],[22.8219,42.66556],[22.82197,42.664],[22.82036,42.66264],[22.82143,42.6612],[22.8191,42.66121],[22.81888,42.66012],[22.81959,42.65931],[22.82243,42.65901],[22.82251,42.6574],[22.81771,42.65783],[22.8172,42.6568],[22.81566,42.65912],[22.81601,42.66032],[22.81441,42.65926],[22.81538,42.65834],[22.81509,42.65546],[22.81359,42.6551],[22.81227,42.6561],[22.8121,42.65826],[22.81067,42.65987],[22.80821,42.65733],[22.80731,42.65806],[22.80476,42.65661],[22.80518,42.65439],[22.80735,42.65244],[22.80907,42.65189],[22.81077,42.65002],[22.81065,42.6479],[22.81004,42.64823],[22.80873,42.64681],[22.80756,42.64731],[22.80762,42.64661],[22.8094,42.64635],[22.81315,42.64407],[22.81111,42.64234],[22.81278,42.64109],[22.81401,42.64125],[22.81432,42.64067],[22.81317,42.6405],[22.81436,42.63964],[22.81541,42.63995],[22.81488,42.63902],[22.81735,42.63895],[22.81606,42.63878],[22.81666,42.63786],[22.81978,42.63753],[22.82004,42.63661],[22.81813,42.63622],[22.81967,42.63554],[22.82216,42.63583],[22.82245,42.63506],[22.8192,42.6333],[22.81755,42.63386],[22.81643,42.63605],[22.81445,42.63483],[22.81852,42.63154],[22.81805,42.62802],[22.81955,42.62578],[22.81937,42.62298],[22.82011,42.62221],[22.82177,42.62338],[22.82274,42.62179],[22.82357,42.62346],[22.82572,42.62327],[22.82385,42.62047],[22.82441,42.62022],[22.82503,42.62143],[22.82639,42.62065],[22.82615,42.61831],[22.82668,42.61898],[22.8353,42.61881],[22.83803,42.61805],[22.83727,42.61735],[22.83817,42.61689],[22.8366,42.61675],[22.8364,42.61595],[22.83365,42.61486],[22.83282,42.61561],[22.83067,42.61207],[22.8325,42.6142],[22.83522,42.61468],[22.83754,42.61337],[22.83716,42.61187],[22.83837,42.61192],[22.8373,42.61418],[22.83801,42.61496],[22.8403,42.61325],[22.84149,42.61113],[22.8426,42.61082],[22.84263,42.61196],[22.84419,42.6114],[22.84747,42.61369],[22.85037,42.61436],[22.85003,42.61629],[22.85079,42.61475],[22.85202,42.61533],[22.85027,42.6171],[22.85061,42.6181],[22.85194,42.61779],[22.85208,42.62287],[22.85347,42.6234],[22.85346,42.62265],[22.85546,42.62157],[22.85453,42.62271],[22.85533,42.62363],[22.8535,42.62422],[22.85401,42.62491],[22.85145,42.62653],[22.85415,42.62629],[22.85371,42.62723],[22.85525,42.62724],[22.85645,42.62818],[22.85562,42.62879],[22.85697,42.63038],[22.8565,42.63163],[22.85551,42.63148],[22.85287,42.63424],[22.85362,42.63511],[22.85166,42.63534],[22.85005,42.63684],[22.85001,42.63825],[22.85113,42.63839],[22.851,42.63907],[22.84821,42.64086],[22.84852,42.64269],[22.84939,42.64173],[22.85312,42.64193],[22.85597,42.641],[22.85586,42.64193],[22.85991,42.64091],[22.86074,42.64183],[22.86018,42.64238],[22.86082,42.64227],[22.86022,42.64363],[22.86502,42.64663],[22.86662,42.6492],[22.8681,42.65325],[22.86838,42.66005],[22.86958,42.66262],[22.87236,42.66024],[22.87159,42.66067],[22.87087,42.65998],[22.87348,42.65915],[22.87423,42.65812],[22.87287,42.65056],[22.87087,42.65005],[22.87165,42.64963],[22.87131,42.64825],[22.87377,42.64738],[22.87314,42.6463],[22.87174,42.6462],[22.87301,42.64493],[22.87179,42.64387],[22.87302,42.64339],[22.87122,42.64254],[22.87368,42.64146],[22.8733,42.64059],[22.87203,42.64102],[22.87218,42.64048],[22.86938,42.64153],[22.87082,42.63985],[22.8727,42.63913],[22.87138,42.63863],[22.86911,42.64002],[22.87117,42.63691],[22.87069,42.63509],[22.8677,42.63254],[22.8682,42.63077],[22.86617,42.62856],[22.8678,42.62545],[22.86418,42.62753],[22.8615,42.62631],[22.85741,42.62843],[22.85782,42.62749],[22.85695,42.62759],[22.85793,42.62645],[22.85764,42.6252],[22.85885,42.62577],[22.85765,42.62367],[22.86034,42.62486],[22.85968,42.62244],[22.8608,42.62293],[22.86221,42.6224],[22.8613,42.62102],[22.86355,42.62187],[22.86392,42.62132],[22.86183,42.61973],[22.86058,42.61954],[22.86331,42.61871],[22.85942,42.61841],[22.86306,42.61698],[22.86169,42.61677],[22.86074,42.61748],[22.86105,42.61659],[22.85915,42.61781],[22.86026,42.61632],[22.85788,42.61605],[22.85629,42.61433],[22.85696,42.61391],[22.86053,42.61553],[22.85801,42.6137],[22.85931,42.61348],[22.85986,42.61413],[22.86154,42.614],[22.86008,42.61347],[22.86079,42.61225],[22.85989,42.61155],[22.86149,42.6117],[22.86282,42.60958],[22.86947,42.60934],[22.87415,42.60818],[22.8742,42.60876],[22.87666,42.60733],[22.87692,42.60608],[22.87746,42.60711],[22.87714,42.60903],[22.88027,42.60837],[22.88184,42.60588],[22.88252,42.60692],[22.88401,42.60428],[22.88741,42.60539],[22.88866,42.60332],[22.88977,42.60331],[22.88952,42.60488],[22.8917,42.60503],[22.89338,42.60234],[22.89347,42.60327],[22.8958,42.60394],[22.89608,42.60531],[22.89803,42.60304],[22.89781,42.60121],[22.89997,42.60033],[22.90218,42.60098],[22.90352,42.59893],[22.90459,42.59909],[22.90568,42.59814],[22.90544,42.60103],[22.90179,42.60275],[22.90238,42.60545],[22.90569,42.60825],[22.9066,42.61163],[22.90765,42.61173],[22.9057,42.61213],[22.90403,42.60907],[22.90337,42.60969],[22.90425,42.61273],[22.91049,42.61618],[22.91584,42.62078],[22.91876,42.62166],[22.9224,42.62159],[22.92044,42.62332],[22.92116,42.62432],[22.92048,42.62586],[22.91796,42.62618],[22.91699,42.62722],[22.91763,42.62973],[22.91495,42.62918],[22.91579,42.62852],[22.9158,42.62623],[22.91366,42.62618],[22.91154,42.62795],[22.9085,42.62761],[22.9084,42.62905],[22.90944,42.6293],[22.9102,42.63149],[22.9095,42.634],[22.91361,42.63586],[22.91523,42.63821],[22.91365,42.6425],[22.90719,42.64653],[22.90619,42.64828],[22.90383,42.64762],[22.90328,42.64882],[22.90155,42.64863],[22.90001,42.65056],[22.89301,42.64727],[22.88901,42.64707],[22.88666,42.64561],[22.8794,42.64327],[22.8798,42.64405],[22.87412,42.64501],[22.87415,42.6477],[22.88631,42.65187],[22.8922,42.65538],[22.89491,42.65402],[22.89693,42.65378],[22.89872,42.65449],[22.89973,42.65371],[22.90172,42.65497],[22.90658,42.65586],[22.9025,42.6573],[22.90379,42.65875],[22.90177,42.65918],[22.90006,42.6613],[22.90387,42.66449],[22.88874,42.67356],[22.88778,42.67201],[22.88229,42.67354],[22.87967,42.67329],[22.88041,42.67452],[22.87885,42.67462],[22.87582,42.67381],[22.87552,42.67163],[22.87393,42.6715],[22.87314,42.67006],[22.87179,42.6713],[22.87076,42.67056],[22.87268,42.67405],[22.86947,42.67443],[22.8703,42.67486],[22.86997,42.67569],[22.86687,42.67651],[22.86555,42.67737],[22.86617,42.67806],[22.85978,42.67832],[22.85435,42.67341],[22.85327,42.67337],[22.85366,42.67233],[22.85089,42.67193],[22.85049,42.67278],[22.8487,42.6722],[22.84717,42.67022],[22.84488,42.67049],[22.84348,42.66954],[22.84226,42.67015],[22.83905,42.66991],[22.83719,42.67106],[22.83507,42.6702],[22.83614,42.66991],[22.83611,42.66869],[22.83754,42.66755],[22.84218,42.66781],[22.84382,42.66885],[22.84462,42.66826],[22.84435,42.6669],[22.84174,42.6654],[22.84171,42.66666],[22.83785,42.66414],[22.83633,42.66429],[22.83214,42.66752],[22.831,42.66741],[22.82912,42.66859],[22.82963,42.67015],[22.82512,42.67293],[22.82173,42.67485],[22.82108,42.67311],[22.81814,42.67473],[22.82039,42.67581],[22.81707,42.67813],[22.81533,42.67742],[22.80601,42.68522],[22.80579,42.68647],[22.80843,42.68665],[22.81067,42.68863],[22.81806,42.68396],[22.81853,42.68528],[22.8202,42.68557],[22.82304,42.68327],[22.82434,42.68406],[22.82526,42.68312],[22.82695,42.68397],[22.82675,42.68793],[22.8257,42.68943],[22.82296,42.68969],[22.8231,42.69243],[22.82689,42.69205],[22.82797,42.69395],[22.83287,42.69721],[22.83318,42.69837],[22.83408,42.69839],[22.83453,42.69934],[22.83158,42.70335],[22.82626,42.70605],[22.82502,42.7057],[22.82309,42.7081],[22.81672,42.70927],[22.8148,42.71048],[22.81006,42.70969],[22.80806,42.71037],[22.80763,42.70748],[22.80869,42.70548],[22.8076,42.70506],[22.80407,42.70627],[22.80219,42.70481],[22.80081,42.70761],[22.80138,42.70852],[22.79772,42.71034],[22.79775,42.71203],[22.79667,42.71334],[22.79704,42.71501],[22.80068,42.7154],[22.80248,42.71451],[22.8063,42.71415],[22.80755,42.71526],[22.80517,42.72013],[22.8078,42.72431],[22.80625,42.72544],[22.80754,42.72607],[22.80727,42.72737],[22.80445,42.72962],[22.79907,42.73062],[22.79997,42.73166],[22.80239,42.73092],[22.80311,42.73146],[22.80035,42.73225],[22.7973,42.73546],[22.79213,42.73691],[22.78758,42.74208],[22.78046,42.73867],[22.77962,42.74132],[22.77663,42.74522],[22.77504,42.74663],[22.77088,42.74792],[22.77046,42.75069],[22.76822,42.7489],[22.76751,42.74651],[22.76824,42.74224],[22.77076,42.73886],[22.77053,42.73615],[22.76532,42.74043],[22.76339,42.74058],[22.76345,42.73995],[22.76279,42.74027]]]},"properties":{"SiteCode":"BG0002089","SiteNameBG":"Ноевци","SiteType":"SPA","SiteArea":8474.8945000000003,"naturaClass":"spa"}},{"type":"Feature","geometry":{"type":"Polygon","coordinates":[[[23.18373,43.2617],[23.18525,43.26224],[23.18701,43.2646],[23.18761,43.26282],[23.1869,43.26215],[23.18779,43.26096],[23.18722,43.25975],[23.19002,43.2613],[23.19066,43.26031],[23.1899,43.25955],[23.19084,43.25851],[23.1879,43.25361],[23.18691,43.25494],[23.18658,43.25432],[23.18401,43.25529],[23.18091,43.25299],[23.17915,43.25382],[23.17661,43.25007],[23.18106,43.25148],[23.19043,43.2515],[23.19395,43.25269],[23.19472,43.25119],[23.19658,43.25424],[23.19752,43.25418],[23.1989,43.25487],[23.19948,43.25388],[23.20009,43.25453],[23.20133,43.25391],[23.2034,43.25559],[23.20433,43.25433],[23.20561,43.25487],[23.2083,43.25242],[23.21002,43.25314],[23.20999,43.25232],[23.21146,43.25198],[23.20427,43.25125],[23.20493,43.2506],[23.20399,43.24825],[23.20195,43.24722],[23.20023,43.24504],[23.1975,43.24689],[23.19705,43.24637],[23.19469,43.24712],[23.19357,43.24808],[23.19403,43.24871],[23.1919,43.24937],[23.1924,43.24825],[23.19032,43.24705],[23.19015,43.24512],[23.1913,43.24371],[23.19319,43.24392],[23.19336,43.2424],[23.19177,43.24137],[23.18859,43.24182],[23.1871,43.24036],[23.1848,43.24081],[23.18465,43.23993],[23.17933,43.2438],[23.17779,43.24451],[23.17607,43.24396],[23.17633,43.2457],[23.1725,43.24571],[23.16932,43.24341],[23.16872,43.24602],[23.17016,43.24771],[23.16975,43.24841],[23.17322,43.24977],[23.16582,43.25092],[23.16458,43.25023],[23.16562,43.25017],[23.16605,43.24883],[23.16334,43.24731],[23.16443,43.24578],[23.1626,43.24473],[23.15856,43.24755],[23.14529,43.24395],[23.14689,43.24026],[23.14878,43.24062],[23.14909,43.23838],[23.1544,43.23961],[23.15818,43.2414],[23.16131,43.2409],[23.16091,43.23893],[23.15886,43.23709],[23.15089,43.23314],[23.15107,43.23176],[23.15316,43.22949],[23.15729,43.23148],[23.15746,43.2297],[23.15375,43.22868],[23.15347,43.22602],[23.15626,43.22],[23.15218,43.21981],[23.1471,43.21573],[23.14524,43.21275],[23.14697,43.2115],[23.14874,43.21287],[23.15153,43.21272],[23.15379,43.21359],[23.15358,43.21655],[23.15599,43.21878],[23.15698,43.21836],[23.15762,43.21228],[23.15959,43.21197],[23.16007,43.20922],[23.16098,43.20929],[23.16139,43.20828],[23.1683,43.20925],[23.17053,43.208],[23.17579,43.21042],[23.17678,43.20982],[23.17665,43.20702],[23.17751,43.20739],[23.17802,43.20584],[23.17784,43.20413],[23.17669,43.20323],[23.17776,43.20297],[23.17824,43.20423],[23.18157,43.20473],[23.18281,43.20294],[23.18408,43.20297],[23.18674,43.20123],[23.18691,43.19924],[23.18818,43.19988],[23.19115,43.19844],[23.19198,43.19664],[23.1939,43.19682],[23.19558,43.1958],[23.19635,43.19629],[23.19231,43.19852],[23.18911,43.20259],[23.18361,43.20636],[23.17953,43.21111],[23.17981,43.2135],[23.18219,43.21564],[23.18063,43.21626],[23.18322,43.21844],[23.18516,43.22397],[23.18883,43.22582],[23.18933,43.22502],[23.1918,43.22519],[23.1925,43.22395],[23.19246,43.22309],[23.19121,43.22273],[23.19389,43.22066],[23.19112,43.21806],[23.1922,43.21772],[23.18936,43.21437],[23.19025,43.21397],[23.19805,43.21348],[23.19786,43.21277],[23.2006,43.21425],[23.20371,43.2142],[23.20471,43.21322],[23.20628,43.21328],[23.20966,43.21663],[23.21183,43.21762],[23.2115,43.22139],[23.21594,43.22186],[23.21787,43.22098],[23.21731,43.22275],[23.21916,43.22412],[23.22305,43.22409],[23.22552,43.22331],[23.22806,43.22487],[23.23051,43.22264],[23.23219,43.22452],[23.23384,43.22426],[23.23468,43.22585],[23.24007,43.22811],[23.24042,43.22933],[23.23803,43.22965],[23.23137,43.22875],[23.22904,43.23106],[23.22894,43.23229],[23.23004,43.2327],[23.23217,43.23172],[23.23425,43.23267],[23.239,43.23191],[23.23318,43.23554],[23.23045,43.24002],[23.23025,43.23839],[23.22906,43.23862],[23.2278,43.23784],[23.22767,43.23878],[23.22589,43.23931],[23.22504,43.23837],[23.2239,43.24028],[23.22451,43.24178],[23.22568,43.24147],[23.22448,43.24318],[23.22307,43.24233],[23.22138,43.24328],[23.21939,43.242],[23.21758,43.24339],[23.21589,43.24217],[23.21506,43.24306],[23.21592,43.24363],[23.21422,43.24682],[23.21467,43.24947],[23.21382,43.24953],[23.21425,43.25072],[23.21549,43.25111],[23.2147,43.2519],[23.21787,43.25219],[23.22126,43.25523],[23.21798,43.25828],[23.21748,43.25987],[23.21032,43.2591],[23.21309,43.26364],[23.21278,43.26949],[23.21197,43.27004],[23.21058,43.26869],[23.20841,43.26914],[23.20586,43.26992],[23.20181,43.27292],[23.19956,43.27175],[23.19724,43.27162],[23.19638,43.2728],[23.19676,43.27418],[23.19412,43.27378],[23.19039,43.27551],[23.18661,43.27624],[23.18184,43.27538],[23.17722,43.27852],[23.17544,43.27712],[23.17394,43.273],[23.17232,43.27164],[23.1766,43.26481],[23.1785,43.26379],[23.17884,43.26455],[23.18134,43.26464],[23.18203,43.26217],[23.18373,43.2617]]]},"properties":{"SiteCode":"BG0002090","SiteNameBG":"Берковица","SiteType":"SPA","SiteArea":2799.9431,"naturaClass":"spa"}},{"type":"Feature","geometry":{"type":"Polygon","coordinates":[[[24.95022,43.71003],[24.95306,43.70684],[24.97546,43.71254],[24.98195,43.71258],[25.00105,43.70694],[25.02463,43.69732],[25.03205,43.70449],[25.00426,43.72434],[24.97402,43.73102],[24.95191,43.72921],[24.95602,43.71719],[24.93945,43.71744],[24.93967,43.71283],[24.94087,43.71146],[24.95022,43.71003]]]},"properties":{"SiteCode":"BG0002091","SiteNameBG":"Остров Лакът","SiteType":"SPA","SiteArea":1260.9375,"naturaClass":"spa"}},{"type":"Feature","geometry":{"type":"Polygon","coordinates":[[[25.84977,41.94593],[25.84487,41.94438],[25.84425,41.94249],[25.84421,41.94311],[25.84242,41.9423],[25.83995,41.94339],[25.83673,41.94274],[25.83553,41.94138],[25.83286,41.94167],[25.83208,41.94014],[25.82551,41.94046],[25.81784,41.9389],[25.80183,41.9403],[25.80184,41.9426],[25.79876,41.94075],[25.79778,41.93943],[25.79775,41.93701],[25.79603,41.93599],[25.79627,41.93518],[25.79905,41.93397],[25.80078,41.9343],[25.8055,41.93315],[25.81117,41.93284],[25.81159,41.93054],[25.81095,41.93148],[25.81108,41.93025],[25.80978,41.93001],[25.80922,41.92803],[25.80794,41.92847],[25.80927,41.92692],[25.80427,41.92417],[25.79667,41.9222],[25.79549,41.91923],[25.79432,41.91795],[25.79153,41.91711],[25.79143,41.91606],[25.79078,41.91696],[25.78842,41.91532],[25.78809,41.91622],[25.78618,41.91361],[25.78721,41.91387],[25.7888,41.91156],[25.78727,41.90939],[25.78802,41.90729],[25.78682,41.909],[25.78583,41.90916],[25.78532,41.91174],[25.78167,41.90958],[25.77628,41.90987],[25.77537,41.91068],[25.77651,41.91241],[25.77457,41.91213],[25.77486,41.91483],[25.77771,41.91535],[25.77554,41.91838],[25.772,41.91723],[25.77172,41.9163],[25.76932,41.91592],[25.76848,41.91501],[25.76921,41.9139],[25.76634,41.91283],[25.76542,41.91432],[25.76272,41.91451],[25.76253,41.91404],[25.76037,41.91493],[25.75842,41.91381],[25.75491,41.91385],[25.75469,41.91169],[25.75641,41.90946],[25.75538,41.90496],[25.7567,41.9032],[25.75844,41.90318],[25.75983,41.90195],[25.76249,41.90265],[25.76942,41.90103],[25.7701,41.90011],[25.7685,41.89859],[25.76986,41.89662],[25.76957,41.89428],[25.77139,41.89348],[25.77233,41.89439],[25.77647,41.89249],[25.77843,41.89047],[25.78133,41.88945],[25.78457,41.88929],[25.78542,41.88595],[25.78815,41.88456],[25.79404,41.88323],[25.79666,41.88343],[25.80419,41.88061],[25.80862,41.87993],[25.80965,41.88157],[25.80852,41.88577],[25.81328,41.88598],[25.81442,41.88849],[25.8194,41.88856],[25.81904,41.88895],[25.82064,41.88938],[25.82387,41.89219],[25.82354,41.89305],[25.82221,41.89338],[25.82363,41.89483],[25.82241,41.89514],[25.8239,41.89625],[25.82507,41.89663],[25.82623,41.89517],[25.83104,41.89497],[25.8382,41.8972],[25.83921,41.89553],[25.83893,41.89725],[25.84178,41.89849],[25.84627,41.89892],[25.84695,41.89965],[25.84836,41.89871],[25.84986,41.89912],[25.85173,41.89688],[25.85575,41.89562],[25.85928,41.89231],[25.85968,41.89124],[25.85869,41.89049],[25.86001,41.89032],[25.86038,41.88893],[25.86365,41.88868],[25.86361,41.88791],[25.87007,41.88684],[25.87087,41.88605],[25.87426,41.88692],[25.87801,41.88986],[25.87658,41.89222],[25.8808,41.89303],[25.88346,41.8924],[25.88095,41.8937],[25.87964,41.8957],[25.88176,41.89604],[25.88088,41.89698],[25.88138,41.89965],[25.88971,41.9011],[25.89227,41.9033],[25.89473,41.90285],[25.89512,41.90333],[25.89441,41.90316],[25.89215,41.90497],[25.89119,41.90662],[25.89271,41.90755],[25.89166,41.90831],[25.89568,41.90848],[25.89537,41.91065],[25.89625,41.91119],[25.89129,41.91953],[25.88715,41.92093],[25.88781,41.9232],[25.88733,41.92847],[25.8866,41.93043],[25.88425,41.93005],[25.88422,41.93183],[25.88595,41.93219],[25.88344,41.93512],[25.88236,41.93522],[25.88284,41.93651],[25.88093,41.93758],[25.88114,41.93871],[25.88055,41.93769],[25.87641,41.93844],[25.87368,41.93779],[25.87157,41.93914],[25.86691,41.9394],[25.85801,41.94572],[25.84977,41.94593]]]},"properties":{"SiteCode":"BG0002092","SiteNameBG":"Харманлийска река","SiteType":"SPA","SiteArea":4889.0002999999997,"naturaClass":"spa"}},{"type":"Feature","geometry":{"type":"Polygon","coordinates":[[[26.68909,43.20629],[26.69097,43.20636],[26.68915,43.2085],[26.68472,43.20942],[26.68066,43.20533],[26.6784,43.20533],[26.67707,43.20379],[26.67883,43.20266],[26.67815,43.19898],[26.67647,43.19694],[26.67129,43.19362],[26.6661,43.19313],[26.66583,43.19345],[26.66141,43.1925],[26.66033,43.193],[26.65718,43.19176],[26.65634,43.19245],[26.65421,43.19054],[26.65446,43.18697],[26.65624,43.18599],[26.65732,43.18687],[26.66003,43.1852],[26.65796,43.18212],[26.657,43.1823],[26.65774,43.18084],[26.65719,43.17927],[26.65281,43.17894],[26.65201,43.18087],[26.6505,43.18017],[26.65118,43.18098],[26.64748,43.18249],[26.64748,43.18324],[26.63298,43.18467],[26.63078,43.18712],[26.63282,43.18705],[26.63241,43.18892],[26.63578,43.18949],[26.63744,43.18842],[26.63768,43.18616],[26.63833,43.18671],[26.63852,43.18828],[26.6377,43.18867],[26.63842,43.18856],[26.63861,43.18989],[26.64037,43.18964],[26.64251,43.19098],[26.64374,43.18953],[26.64839,43.19513],[26.64644,43.19452],[26.6468,43.19681],[26.64176,43.19559],[26.64422,43.19823],[26.64217,43.1975],[26.64009,43.19817],[26.63598,43.19446],[26.63264,43.19215],[26.63029,43.19251],[26.6253,43.1893],[26.6237,43.1893],[26.62085,43.18687],[26.60817,43.18775],[26.60907,43.18935],[26.61494,43.19396],[26.61359,43.19581],[26.61426,43.19857],[26.61643,43.20008],[26.61845,43.19993],[26.61855,43.20064],[26.6147,43.19962],[26.61449,43.20034],[26.61629,43.20172],[26.61507,43.2026],[26.61447,43.20138],[26.61402,43.20217],[26.60617,43.2],[26.60659,43.1993],[26.60961,43.20048],[26.61058,43.19898],[26.60887,43.19729],[26.604,43.1958],[26.60191,43.19947],[26.60072,43.19921],[26.59377,43.2016],[26.59004,43.20134],[26.5893,43.20327],[26.5851,43.20154],[26.58123,43.20311],[26.57341,43.20032],[26.57407,43.19874],[26.57538,43.19964],[26.57784,43.1997],[26.57853,43.1978],[26.58206,43.19458],[26.57959,43.19555],[26.57919,43.1949],[26.58066,43.19411],[26.57415,43.19518],[26.57291,43.19431],[26.57181,43.19459],[26.57193,43.19389],[26.57032,43.19403],[26.5706,43.19363],[26.57677,43.19298],[26.57676,43.19147],[26.58197,43.19078],[26.58588,43.18937],[26.58542,43.1887],[26.587,43.18754],[26.58656,43.1865],[26.58896,43.18504],[26.58899,43.18389],[26.59229,43.18817],[26.59443,43.18773],[26.598,43.18839],[26.60332,43.18754],[26.60376,43.18528],[26.60194,43.1837],[26.60299,43.18301],[26.60817,43.18228],[26.60692,43.18338],[26.60947,43.18279],[26.60851,43.18373],[26.609,43.18466],[26.61372,43.18524],[26.6154,43.185],[26.61516,43.18339],[26.61678,43.18294],[26.62456,43.18348],[26.62515,43.18242],[26.62435,43.18112],[26.61913,43.17874],[26.62008,43.17751],[26.6195,43.17642],[26.62422,43.17592],[26.62636,43.17701],[26.6305,43.17624],[26.63068,43.17673],[26.63447,43.17296],[26.6367,43.174],[26.63855,43.17377],[26.63779,43.17481],[26.64018,43.17565],[26.64802,43.1758],[26.65001,43.17479],[26.65165,43.17584],[26.65729,43.1767],[26.66405,43.17521],[26.66621,43.17592],[26.6663,43.17533],[26.6693,43.17488],[26.67699,43.17496],[26.68344,43.17363],[26.68457,43.17277],[26.68808,43.17482],[26.69145,43.17456],[26.69325,43.17708],[26.69683,43.1768],[26.69655,43.17455],[26.69811,43.17708],[26.6974,43.18124],[26.69867,43.17936],[26.69942,43.17911],[26.70067,43.18032],[26.70258,43.17995],[26.70769,43.17814],[26.70939,43.17713],[26.70892,43.17669],[26.71054,43.17611],[26.71148,43.17716],[26.71505,43.17724],[26.71058,43.18025],[26.7093,43.18339],[26.70727,43.18325],[26.70647,43.18415],[26.7071,43.18498],[26.70394,43.18332],[26.70022,43.18417],[26.6974,43.18307],[26.69735,43.18411],[26.69581,43.18378],[26.69091,43.18542],[26.68483,43.18606],[26.68453,43.18689],[26.68127,43.18654],[26.68313,43.18736],[26.66526,43.1805],[26.6635,43.18295],[26.67316,43.18616],[26.67328,43.18707],[26.67649,43.18874],[26.6765,43.19032],[26.67864,43.19191],[26.67695,43.1925],[26.67897,43.19298],[26.67799,43.1941],[26.68117,43.19913],[26.68319,43.19925],[26.68446,43.2026],[26.68802,43.20471],[26.68909,43.20629]]]},"properties":{"SiteCode":"BG0002093","SiteNameBG":"Овчарово","SiteType":"SPA","SiteArea":1478.0369000000001,"naturaClass":"spa"}},{"type":"Feature","geometry":{"type":"Polygon","coordinates":[[[26.28342,42.59559],[26.28457,42.59558],[26.28518,42.58909],[26.31631,42.57802],[26.31719,42.5788],[26.31825,42.57599],[26.31998,42.55493],[26.33468,42.55243],[26.3484,42.54524],[26.34954,42.54582],[26.35349,42.54515],[26.35607,42.5456],[26.35607,42.54746],[26.36079,42.54733],[26.36188,42.54641],[26.36135,42.54581],[26.36851,42.54177],[26.37742,42.54981],[26.40333,42.56167],[26.40471,42.56381],[26.4079,42.56245],[26.41097,42.56318],[26.41483,42.55912],[26.41685,42.5598],[26.4244,42.55296],[26.431,42.55563],[26.43458,42.55818],[26.4314,42.56141],[26.43477,42.56238],[26.4369,42.56425],[26.43603,42.56527],[26.43629,42.5669],[26.45587,42.56156],[26.46243,42.56409],[26.45909,42.56504],[26.4617,42.56878],[26.46524,42.56787],[26.46549,42.56914],[26.46706,42.5701],[26.46923,42.56882],[26.48027,42.56732],[26.4942,42.5635],[26.49563,42.55856],[26.49685,42.55737],[26.4978,42.55147],[26.50116,42.55306],[26.50245,42.55156],[26.50831,42.55273],[26.51075,42.55181],[26.51469,42.55256],[26.51641,42.55377],[26.5188,42.5532],[26.5221,42.55518],[26.52546,42.5555],[26.52687,42.55828],[26.52519,42.55951],[26.5219,42.56],[26.51917,42.55922],[26.5171,42.55989],[26.51624,42.56231],[26.517,42.56782],[26.51894,42.5688],[26.52227,42.56894],[26.52409,42.57314],[26.53722,42.57116],[26.53966,42.5886],[26.52745,42.59207],[26.51273,42.59763],[26.51214,42.59602],[26.501,42.59537],[26.50108,42.59103],[26.50004,42.59107],[26.50019,42.58999],[26.49886,42.58953],[26.49578,42.58927],[26.49638,42.58683],[26.49321,42.58919],[26.48312,42.58775],[26.48124,42.58647],[26.48122,42.58417],[26.47722,42.58404],[26.47422,42.58583],[26.44176,42.58772],[26.44265,42.58077],[26.43698,42.58179],[26.43506,42.5811],[26.4325,42.58138],[26.42833,42.58581],[26.41059,42.58169],[26.40185,42.57836],[26.40347,42.57642],[26.39938,42.57444],[26.40378,42.56974],[26.39989,42.56875],[26.40017,42.56699],[26.39669,42.56597],[26.39364,42.56597],[26.39089,42.56474],[26.39119,42.56386],[26.38505,42.55938],[26.38093,42.55849],[26.37878,42.55942],[26.37632,42.55924],[26.37544,42.55844],[26.37573,42.55628],[26.36858,42.55484],[26.36803,42.55628],[26.37043,42.55698],[26.37109,42.55861],[26.36765,42.56175],[26.36497,42.56196],[26.36252,42.56353],[26.36355,42.56601],[26.35998,42.57384],[26.35913,42.58049],[26.35175,42.58085],[26.35031,42.58665],[26.34731,42.58758],[26.34689,42.58583],[26.34181,42.58562],[26.34141,42.59051],[26.3284,42.59134],[26.32509,42.58284],[26.31994,42.58528],[26.31936,42.58432],[26.31715,42.58487],[26.31763,42.58663],[26.31521,42.58842],[26.31152,42.58841],[26.31171,42.58716],[26.31085,42.5868],[26.29843,42.58789],[26.29808,42.59448],[26.29684,42.59974],[26.2954,42.60116],[26.29817,42.60279],[26.29872,42.60442],[26.29395,42.60663],[26.29642,42.60892],[26.2939,42.61011],[26.2933,42.60953],[26.28931,42.61088],[26.28969,42.61171],[26.28321,42.61319],[26.27712,42.61847],[26.27675,42.61977],[26.27313,42.61868],[26.27627,42.6156],[26.26801,42.61101],[26.26409,42.614],[26.2579,42.61309],[26.25909,42.60499],[26.27233,42.59715],[26.27322,42.59739],[26.27299,42.59841],[26.27875,42.59913],[26.27894,42.59816],[26.28178,42.5982],[26.28198,42.59691],[26.284,42.59604],[26.28342,42.59559]]]},"properties":{"SiteCode":"BG0002094","SiteNameBG":"Адата - Тунджа","SiteType":"SPA","SiteArea":5636.6093000000001,"naturaClass":"spa"}},{"type":"Feature","geometry":{"type":"Polygon","coordinates":[[[24.32612,43.37523],[24.32714,43.37655],[24.311,43.38015],[24.31038,43.37893],[24.30063,43.3776],[24.29089,43.37392],[24.28117,43.37278],[24.27629,43.37033],[24.27413,43.36783],[24.26383,43.34275],[24.26665,43.33934],[24.26665,43.3369],[24.27096,43.34001],[24.27157,43.33969],[24.27092,43.33901],[24.27235,43.33885],[24.2715,43.33661],[24.27238,43.33612],[24.26967,43.33391],[24.27054,43.33343],[24.27003,43.33206],[24.26855,43.33091],[24.26957,43.32866],[24.26857,43.32884],[24.2649,43.3268],[24.26889,43.3275],[24.2687,43.32608],[24.26544,43.32413],[24.26656,43.32325],[24.26546,43.32263],[24.26452,43.32367],[24.26343,43.32296],[24.26322,43.32424],[24.26218,43.321],[24.26109,43.32106],[24.26021,43.31941],[24.25528,43.32118],[24.25373,43.32263],[24.24988,43.32019],[24.24605,43.32106],[24.24483,43.32248],[24.24312,43.32186],[24.24202,43.32306],[24.24007,43.32279],[24.22605,43.31731],[24.22253,43.31507],[24.21783,43.30829],[24.21726,43.30462],[24.21956,43.2951],[24.22207,43.29484],[24.22269,43.29142],[24.22362,43.29141],[24.22374,43.29024],[24.2219,43.2877],[24.22291,43.2863],[24.22521,43.28815],[24.23014,43.2892],[24.22757,43.29344],[24.23497,43.29674],[24.2599,43.31506],[24.27431,43.32843],[24.29009,43.33763],[24.29518,43.33932],[24.29912,43.33972],[24.33156,43.3362],[24.33653,43.33724],[24.34014,43.33919],[24.34334,43.34403],[24.34366,43.36243],[24.34626,43.36628],[24.35292,43.37004],[24.35273,43.37234],[24.34228,43.37372],[24.34135,43.37511],[24.33433,43.37272],[24.33333,43.37354],[24.32612,43.37523]]]},"properties":{"SiteCode":"BG0002095","SiteNameBG":"Горни Дъбник - Телиш","SiteType":"SPA","SiteArea":3398.5102999999999,"naturaClass":"spa"}},{"type":"Feature","geometry":{"type":"Polygon","coordinates":[[[24.96998,43.49381],[24.96358,43.49522],[24.95878,43.49428],[24.95459,43.49226],[24.95248,43.49019],[24.95032,43.48386],[24.9465,43.48056],[24.94246,43.48225],[24.9416,43.48159],[24.94386,43.47372],[24.94592,43.47238],[24.94459,43.47187],[24.94565,43.47166],[24.94491,43.46944],[24.94409,43.46941],[24.94436,43.46708],[24.94845,43.46543],[24.94614,43.457],[24.92406,43.44715],[24.92362,43.44148],[24.92668,43.44119],[24.92651,43.43927],[24.92347,43.43941],[24.92309,43.43746],[24.91973,43.43778],[24.91823,43.43202],[24.92471,43.43283],[24.95761,43.43381],[24.97258,43.4365],[24.9721,43.4404],[24.97487,43.44024],[24.98078,43.44227],[24.98499,43.44152],[24.99619,43.44351],[24.99848,43.44476],[24.99721,43.44699],[24.991,43.44769],[24.9913,43.45008],[24.99368,43.45008],[24.99354,43.44923],[24.9944,43.44915],[24.99639,43.45038],[24.9986,43.44982],[25.00395,43.45191],[25.00846,43.45165],[25.01047,43.44755],[25.01407,43.44687],[25.01448,43.44508],[25.0131,43.44383],[25.01993,43.4457],[25.03698,43.44501],[25.06156,43.44215],[25.06214,43.44461],[25.06855,43.44311],[25.07073,43.4447],[25.0751,43.44499],[25.07519,43.44819],[25.07375,43.45046],[25.0773,43.45106],[25.07783,43.44826],[25.08,43.44774],[25.0813,43.4465],[25.0809,43.44558],[25.08164,43.44627],[25.08548,43.44525],[25.09286,43.44235],[25.10569,43.44308],[25.11085,43.44226],[25.10691,43.42933],[25.10988,43.42839],[25.10969,43.42709],[25.10727,43.42505],[25.1084,43.42293],[25.1109,43.42364],[25.11164,43.42214],[25.10913,43.42155],[25.10951,43.42058],[25.11444,43.42062],[25.11729,43.41927],[25.11971,43.41943],[25.12173,43.41828],[25.13062,43.41996],[25.13098,43.42082],[25.13377,43.4197],[25.13343,43.42755],[25.13639,43.42961],[25.13504,43.43055],[25.1355,43.43564],[25.13644,43.4363],[25.13543,43.43629],[25.1349,43.43754],[25.13848,43.43868],[25.13735,43.43946],[25.13745,43.44089],[25.14036,43.44314],[25.14626,43.4446],[25.15057,43.44751],[25.14925,43.44672],[25.1427,43.44614],[25.14714,43.44895],[25.14685,43.44998],[25.14778,43.45009],[25.14833,43.45191],[25.14704,43.45348],[25.13982,43.45521],[25.14446,43.45888],[25.14087,43.4616],[25.13735,43.46236],[25.13584,43.46156],[25.136,43.46274],[25.1344,43.46279],[25.1345,43.46403],[25.12887,43.46337],[25.12801,43.46372],[25.128,43.46514],[25.124,43.46628],[25.1241,43.4668],[25.11954,43.46699],[25.11784,43.468],[25.11574,43.468],[25.11601,43.46886],[25.1134,43.4704],[25.09758,43.47184],[25.09689,43.47398],[25.09435,43.47238],[25.09273,43.47305],[25.08788,43.46636],[25.08672,43.46299],[25.08289,43.4625],[25.08141,43.46312],[25.06655,43.45792],[25.05994,43.45642],[25.04244,43.45617],[25.02883,43.45341],[25.01694,43.45674],[25.00599,43.46561],[24.99941,43.46892],[24.99323,43.46946],[24.97855,43.4674],[24.97902,43.47153],[24.98034,43.47458],[24.98762,43.47734],[24.98895,43.47821],[24.98944,43.48047],[24.98793,43.48093],[24.98847,43.48245],[24.98502,43.48245],[24.98091,43.48348],[24.98183,43.48596],[24.9812,43.48746],[24.98226,43.48765],[24.98216,43.48874],[24.9797,43.48897],[24.96998,43.49381]]]},"properties":{"SiteCode":"BG0002096","SiteNameBG":"Обнова","SiteType":"SPA","SiteArea":5422.2111999999997,"naturaClass":"spa"}},{"type":"Feature","geometry":{"type":"Polygon","coordinates":[[[28.18295,43.43132],[28.1777,43.44109],[28.16772,43.4321],[28.16856,43.4304],[28.1671,43.42619],[28.17194,43.4214],[28.17121,43.42093],[28.17277,43.41953],[28.16926,43.41686],[28.16937,43.41443],[28.17235,43.40801],[28.17434,43.40657],[28.17443,43.40591],[28.1731,43.40607],[28.17591,43.40258],[28.17489,43.40238],[28.17187,43.4038],[28.17263,43.4028],[28.17142,43.40307],[28.16218,43.39714],[28.16761,43.39246],[28.17504,43.38963],[28.17975,43.38869],[28.19482,43.38814],[28.21746,43.39049],[28.22463,43.39038],[28.2286,43.39117],[28.2336,43.39342],[28.23922,43.39428],[28.25052,43.39415],[28.25587,43.39585],[28.26121,43.39992],[28.26909,43.40064],[28.27725,43.40398],[28.28181,43.40307],[28.28801,43.40345],[28.29181,43.40442],[28.29517,43.40638],[28.30899,43.40843],[28.32541,43.4081],[28.33006,43.40725],[28.34673,43.40238],[28.35286,43.39822],[28.35858,43.40615],[28.35041,43.4135],[28.34968,43.41606],[28.34612,43.41666],[28.34564,43.41964],[28.34356,43.42008],[28.33836,43.42406],[28.33523,43.42469],[28.33531,43.42584],[28.33165,43.42605],[28.32997,43.42751],[28.32624,43.42704],[28.32103,43.43067],[28.31761,43.4312],[28.31604,43.433],[28.31233,43.43432],[28.30926,43.43281],[28.30526,43.43429],[28.30282,43.43255],[28.28674,43.42671],[28.26802,43.42341],[28.26923,43.42199],[28.27154,43.42101],[28.27224,43.41942],[28.27023,43.41948],[28.26832,43.4213],[28.26664,43.42117],[28.26725,43.41754],[28.26522,43.41636],[28.26475,43.41483],[28.2613,43.41437],[28.2601,43.41513],[28.25798,43.42165],[28.25084,43.42039],[28.24357,43.42054],[28.24488,43.41484],[28.24123,43.41393],[28.23926,43.41264],[28.23519,43.412],[28.23366,43.4103],[28.23262,43.41417],[28.21629,43.41455],[28.21637,43.41648],[28.21043,43.41659],[28.21033,43.41603],[28.21019,43.4167],[28.19784,43.41698],[28.19608,43.41596],[28.19118,43.41571],[28.18295,43.43132]]]},"properties":{"SiteCode":"BG0002097","SiteNameBG":"Белите скали","SiteType":"SPA","SiteArea":4163.0604999999996,"naturaClass":"spa"}},{"type":"Feature","geometry":{"type":"Polygon","coordinates":[[[23.16471,41.55183],[23.16727,41.55118],[23.17062,41.54712],[23.17142,41.54183],[23.17247,41.54098],[23.1715,41.53934],[23.17218,41.53733],[23.17515,41.5364],[23.17674,41.53777],[23.17964,41.53693],[23.18011,41.53563],[23.1839,41.53467],[23.18224,41.53351],[23.17879,41.53287],[23.17805,41.53071],[23.1765,41.52965],[23.1809,41.52983],[23.18258,41.52849],[23.18503,41.5285],[23.18706,41.52728],[23.18846,41.52814],[23.19052,41.52774],[23.18927,41.52956],[23.19286,41.5304],[23.19388,41.53138],[23.19985,41.53079],[23.20124,41.52868],[23.20567,41.52863],[23.20646,41.52707],[23.21271,41.52682],[23.21529,41.52613],[23.21637,41.52495],[23.21955,41.52577],[23.22049,41.52484],[23.22282,41.52484],[23.22568,41.523],[23.22959,41.52349],[23.23088,41.52493],[23.23286,41.52367],[23.23632,41.52352],[23.23774,41.5238],[23.23815,41.52523],[23.23985,41.525],[23.23981,41.52318],[23.24355,41.52224],[23.24505,41.51838],[23.24395,41.51714],[23.23875,41.51954],[23.2354,41.51742],[23.23398,41.51751],[23.22927,41.51386],[23.22697,41.51391],[23.22593,41.51488],[23.2266,41.5121],[23.22408,41.51128],[23.22657,41.51129],[23.22719,41.50942],[23.22636,41.50778],[23.22395,41.50822],[23.22479,41.50793],[23.22404,41.50693],[23.22575,41.50618],[23.22716,41.50655],[23.22671,41.50604],[23.22748,41.50625],[23.22749,41.50502],[23.22869,41.50496],[23.22861,41.50353],[23.2299,41.50205],[23.23365,41.50019],[23.23179,41.4985],[23.23242,41.49736],[23.23707,41.49323],[23.24021,41.49359],[23.24151,41.49461],[23.24232,41.49368],[23.24367,41.49428],[23.24411,41.49358],[23.24588,41.4944],[23.24613,41.49327],[23.25119,41.4919],[23.25189,41.49227],[23.25593,41.48698],[23.25819,41.48551],[23.25476,41.47764],[23.2537,41.47726],[23.25225,41.47783],[23.24895,41.47702],[23.24868,41.47518],[23.25084,41.47545],[23.25056,41.47399],[23.25332,41.47365],[23.24891,41.47083],[23.24967,41.46903],[23.24525,41.46895],[23.24387,41.46746],[23.24649,41.46562],[23.22961,41.45373],[23.2305,41.45319],[23.23669,41.45555],[23.2379,41.45532],[23.24005,41.45669],[23.24035,41.45612],[23.24244,41.45736],[23.2446,41.45643],[23.23993,41.45467],[23.23845,41.45091],[23.23898,41.45022],[23.24114,41.45029],[23.24085,41.44897],[23.23975,41.44792],[23.23808,41.44778],[23.24068,41.44658],[23.24637,41.44735],[23.24671,41.44914],[23.25492,41.45037],[23.2622,41.44907],[23.26621,41.4493],[23.2544,41.4341],[23.25595,41.43325],[23.2581,41.43369],[23.25796,41.43267],[23.26084,41.43299],[23.26112,41.43223],[23.26421,41.43223],[23.26623,41.43118],[23.26973,41.42727],[23.27894,41.42592],[23.27854,41.42496],[23.27976,41.42401],[23.28114,41.42402],[23.28445,41.42042],[23.28739,41.41891],[23.28804,41.41924],[23.28914,41.4181],[23.29112,41.4195],[23.29395,41.41967],[23.2967,41.41789],[23.29597,41.41571],[23.28472,41.41591],[23.28241,41.4134],[23.28156,41.41522],[23.28098,41.41496],[23.28004,41.41347],[23.27842,41.41278],[23.27928,41.4122],[23.28089,41.41294],[23.28087,41.41366],[23.28131,41.41272],[23.27981,41.41236],[23.27985,41.41176],[23.28071,41.41136],[23.28132,41.41224],[23.28203,41.41112],[23.28289,41.41211],[23.28272,41.4089],[23.28348,41.40947],[23.28344,41.40875],[23.28437,41.4087],[23.28571,41.40977],[23.28904,41.40794],[23.28885,41.40632],[23.28991,41.40594],[23.29144,41.40656],[23.29234,41.40617],[23.29156,41.40598],[23.29479,41.40533],[23.29646,41.40224],[23.29894,41.40075],[23.30413,41.4007],[23.30644,41.4015],[23.31265,41.39854],[23.31884,41.39974],[23.32223,41.39955],[23.34063,41.36321],[23.34257,41.36501],[23.34441,41.36443],[23.35307,41.36832],[23.35327,41.36995],[23.35643,41.372],[23.35697,41.37447],[23.35863,41.3761],[23.36139,41.37765],[23.36202,41.37886],[23.36405,41.37941],[23.36233,41.38393],[23.3569,41.38542],[23.36093,41.38731],[23.35035,41.40372],[23.36054,41.40753],[23.36195,41.40868],[23.36331,41.40471],[23.36944,41.40756],[23.37258,41.40617],[23.37425,41.4043],[23.37571,41.40527],[23.38068,41.4028],[23.38161,41.40282],[23.38646,41.40773],[23.39021,41.40451],[23.39192,41.40625],[23.3969,41.40678],[23.39608,41.40736],[23.3959,41.40974],[23.38293,41.41598],[23.37852,41.4171],[23.37608,41.41908],[23.37717,41.42155],[23.37575,41.42189],[23.37599,41.42254],[23.37714,41.42355],[23.37821,41.42294],[23.38129,41.42669],[23.38147,41.43126],[23.37274,41.43604],[23.36585,41.43579],[23.36563,41.43756],[23.36168,41.43987],[23.35452,41.43842],[23.3544,41.43616],[23.34791,41.43528],[23.34599,41.43242],[23.34687,41.43196],[23.34624,41.43051],[23.34526,41.43034],[23.34651,41.42966],[23.34599,41.42873],[23.34673,41.4283],[23.34411,41.42692],[23.34701,41.42342],[23.34736,41.42227],[23.34641,41.4222],[23.34768,41.42114],[23.34816,41.41774],[23.3507,41.41656],[23.3509,41.41439],[23.35273,41.41416],[23.35175,41.41274],[23.35285,41.41187],[23.35002,41.40954],[23.34808,41.41106],[23.34501,41.40819],[23.33385,41.41861],[23.33427,41.41925],[23.33156,41.42184],[23.33088,41.42511],[23.3334,41.43143],[23.32876,41.43157],[23.32973,41.43262],[23.33202,41.43321],[23.33251,41.43431],[23.32018,41.43834],[23.31678,41.43714],[23.31456,41.43455],[23.313,41.43591],[23.3094,41.43456],[23.30916,41.43843],[23.30847,41.44006],[23.30757,41.44002],[23.30782,41.43467],[23.3098,41.43055],[23.30306,41.43042],[23.30301,41.43142],[23.29798,41.43123],[23.28998,41.44118],[23.29458,41.44593],[23.28824,41.45104],[23.28717,41.45276],[23.2749,41.45788],[23.27823,41.4579],[23.279,41.45941],[23.28248,41.45716],[23.28299,41.46003],[23.28396,41.4605],[23.28639,41.45874],[23.28677,41.45662],[23.28915,41.45711],[23.29032,41.45976],[23.29257,41.4612],[23.29319,41.46485],[23.29898,41.4685],[23.29776,41.47095],[23.29934,41.47241],[23.30164,41.47248],[23.30436,41.47575],[23.30401,41.47831],[23.30169,41.47967],[23.29879,41.48478],[23.2985,41.48715],[23.29654,41.48831],[23.29279,41.48903],[23.28958,41.48889],[23.2896,41.48811],[23.28554,41.48823],[23.28607,41.49028],[23.28827,41.49052],[23.28824,41.49207],[23.2907,41.49201],[23.28265,41.49679],[23.28068,41.49914],[23.2745,41.49769],[23.27054,41.49515],[23.27044,41.49885],[23.26803,41.49922],[23.26351,41.49864],[23.26199,41.5006],[23.26312,41.50211],[23.26229,41.50872],[23.26534,41.51517],[23.26628,41.51521],[23.26681,41.51995],[23.2592,41.51816],[23.25705,41.52446],[23.25959,41.5252],[23.25651,41.52964],[23.25388,41.52987],[23.24952,41.53226],[23.24807,41.53148],[23.24664,41.53191],[23.2394,41.5273],[23.23806,41.53071],[23.23635,41.53278],[23.23515,41.53277],[23.23503,41.53365],[23.23601,41.53367],[23.23625,41.53449],[23.23636,41.53744],[23.23481,41.53768],[23.23441,41.53851],[23.2366,41.53933],[23.23725,41.54077],[23.23929,41.53847],[23.23966,41.5354],[23.2461,41.53311],[23.24668,41.53454],[23.24641,41.53646],[23.24424,41.53841],[23.24198,41.54464],[23.24017,41.55034],[23.23945,41.55985],[23.2374,41.563],[23.23097,41.56243],[23.23188,41.55902],[23.23137,41.55521],[23.22971,41.55862],[23.22938,41.55686],[23.22315,41.55367],[23.22334,41.55269],[23.21798,41.55264],[23.21784,41.55087],[23.21394,41.5524],[23.21309,41.55109],[23.21005,41.55053],[23.20682,41.55123],[23.20643,41.55011],[23.20469,41.55044],[23.20513,41.54738],[23.20355,41.54687],[23.20514,41.54571],[23.2023,41.54429],[23.19952,41.54492],[23.19925,41.54577],[23.20062,41.54578],[23.20182,41.54683],[23.20156,41.54856],[23.19746,41.55144],[23.19962,41.55311],[23.19407,41.5536],[23.19149,41.55292],[23.19256,41.55332],[23.19231,41.5544],[23.1931,41.55489],[23.19215,41.55565],[23.19371,41.55751],[23.18963,41.55927],[23.18846,41.55932],[23.18735,41.558],[23.18679,41.55903],[23.18559,41.55863],[23.18421,41.56076],[23.18162,41.56065],[23.18126,41.56134],[23.17899,41.56068],[23.179,41.55915],[23.17724,41.55843],[23.1765,41.5569],[23.17452,41.55674],[23.17434,41.55594],[23.17266,41.55527],[23.17209,41.55581],[23.17058,41.5553],[23.1711,41.55413],[23.16392,41.55396],[23.1624,41.55204],[23.16471,41.55183]]]},"properties":{"SiteCode":"BG0002098","SiteNameBG":"Рупите","SiteType":"SPA","SiteArea":8835.3981999999996,"naturaClass":"spa"}},{"type":"Feature","geometry":{"type":"Polygon","coordinates":[[[23.09679,42.1071],[23.08961,42.10334],[23.09107,42.10268],[23.08894,42.10166],[23.08678,42.10256],[23.08604,42.10095],[23.08341,42.10108],[23.08367,42.10024],[23.08203,42.09994],[23.08236,42.09949],[23.08176,42.09984],[23.08195,42.09926],[23.07645,42.0974],[23.07241,42.09693],[23.07208,42.09609],[23.06589,42.09316],[23.06367,42.09132],[23.05969,42.08987],[23.06012,42.09113],[23.05863,42.09043],[23.04995,42.08463],[23.05,42.08255],[23.05059,42.08209],[23.04301,42.07452],[23.03847,42.07296],[23.03907,42.07047],[23.03767,42.06727],[23.04003,42.06101],[23.04423,42.05854],[23.04739,42.05542],[23.05428,42.05817],[23.05378,42.05926],[23.05566,42.06041],[23.05748,42.05896],[23.06085,42.05941],[23.0618,42.05867],[23.0648,42.06091],[23.06617,42.0605],[23.06931,42.0622],[23.07084,42.06123],[23.07151,42.05919],[23.07425,42.0593],[23.07484,42.05816],[23.07454,42.06055],[23.07607,42.06128],[23.07694,42.06315],[23.08199,42.06401],[23.08317,42.0651],[23.08898,42.06199],[23.09041,42.05995],[23.09499,42.0608],[23.10018,42.05973],[23.10376,42.0598],[23.10798,42.05905],[23.10832,42.05644],[23.11057,42.05741],[23.11629,42.0566],[23.12139,42.05887],[23.11911,42.05956],[23.12601,42.0616],[23.12441,42.0637],[23.129,42.06606],[23.12781,42.06685],[23.1287,42.06728],[23.1284,42.06877],[23.12425,42.06772],[23.12174,42.06824],[23.12071,42.06968],[23.12229,42.07069],[23.12194,42.07188],[23.11734,42.07185],[23.11714,42.07094],[23.11646,42.07177],[23.11455,42.07181],[23.11565,42.07089],[23.11524,42.07053],[23.1142,42.0715],[23.11416,42.06951],[23.11295,42.07074],[23.11086,42.07129],[23.11237,42.06853],[23.11053,42.07064],[23.11073,42.06907],[23.10887,42.07026],[23.10782,42.0694],[23.10689,42.07094],[23.10808,42.07157],[23.1075,42.07295],[23.11135,42.07652],[23.11165,42.07869],[23.10906,42.07882],[23.10551,42.07747],[23.10758,42.07712],[23.1035,42.07422],[23.09996,42.07402],[23.09906,42.07494],[23.10303,42.07553],[23.10391,42.07656],[23.10005,42.07516],[23.09839,42.07528],[23.0982,42.07594],[23.09101,42.07495],[23.09147,42.07532],[23.0897,42.07592],[23.09004,42.07744],[23.08865,42.07902],[23.08999,42.07873],[23.09134,42.08016],[23.09163,42.07957],[23.09244,42.08086],[23.09174,42.08135],[23.09626,42.08373],[23.09661,42.08534],[23.09805,42.08442],[23.10293,42.08763],[23.10253,42.08962],[23.10441,42.09238],[23.10381,42.09316],[23.10258,42.09253],[23.09954,42.09379],[23.09792,42.09303],[23.09574,42.09618],[23.09361,42.09708],[23.0972,42.09993],[23.09946,42.10006],[23.1007,42.10132],[23.1045,42.10037],[23.10664,42.10193],[23.10814,42.10203],[23.1091,42.10133],[23.10893,42.09918],[23.11304,42.09737],[23.11533,42.10025],[23.11445,42.10171],[23.11929,42.1061],[23.12293,42.10839],[23.1221,42.10814],[23.12145,42.1091],[23.12349,42.10946],[23.12852,42.11611],[23.1312,42.11756],[23.13202,42.12104],[23.12899,42.12121],[23.12786,42.11883],[23.12452,42.11705],[23.12304,42.11872],[23.12242,42.11831],[23.12145,42.11919],[23.11745,42.11946],[23.11465,42.11847],[23.10726,42.11476],[23.10744,42.11381],[23.10263,42.11207],[23.10271,42.11098],[23.09679,42.1071]]]},"properties":{"SiteCode":"BG0002099","SiteNameBG":"Кочериново","SiteType":"SPA","SiteArea":2434.8440000000001,"naturaClass":"spa"}},{"type":"Feature","geometry":{"type":"Polygon","coordinates":[[[22.95952,42.30946],[22.95832,42.31097],[22.95779,42.31037],[22.95677,42.31093],[22.95591,42.31344],[22.95277,42.31312],[22.94982,42.30788],[22.94871,42.30741],[22.94877,42.30562],[22.94627,42.30492],[22.9449,42.31044],[22.94106,42.31124],[22.94306,42.31665],[22.94364,42.3174],[22.94522,42.31678],[22.94451,42.31857],[22.94209,42.31862],[22.9371,42.32025],[22.93496,42.31623],[22.93402,42.31621],[22.92925,42.32639],[22.9281,42.325],[22.92953,42.31551],[22.93277,42.31549],[22.93303,42.31434],[22.93263,42.30348],[22.93073,42.30415],[22.93055,42.30294],[22.92941,42.3033],[22.93119,42.29953],[22.93201,42.29977],[22.9324,42.29692],[22.92775,42.29582],[22.92856,42.29367],[22.92781,42.29353],[22.93027,42.28887],[22.92813,42.29106],[22.92694,42.29096],[22.92635,42.28976],[22.92436,42.29125],[22.92308,42.29405],[22.92358,42.29479],[22.92199,42.29627],[22.91999,42.29604],[22.91821,42.29719],[22.91652,42.2972],[22.91449,42.29673],[22.91333,42.29598],[22.91388,42.29521],[22.91224,42.29462],[22.91114,42.29531],[22.91032,42.29417],[22.90882,42.29458],[22.90722,42.29793],[22.90364,42.29837],[22.9,42.30145],[22.89964,42.29899],[22.89821,42.29885],[22.89792,42.29642],[22.89573,42.29707],[22.89255,42.29531],[22.89202,42.29432],[22.89305,42.29136],[22.88974,42.29487],[22.88831,42.28964],[22.88622,42.28675],[22.88519,42.28194],[22.87904,42.27548],[22.87854,42.27265],[22.87732,42.27129],[22.88004,42.27059],[22.88077,42.26833],[22.8823,42.27016],[22.88289,42.26909],[22.88413,42.27183],[22.88538,42.27163],[22.88535,42.27055],[22.88706,42.27122],[22.88814,42.26993],[22.88542,42.26711],[22.88439,42.26805],[22.88218,42.26732],[22.8802,42.26497],[22.87713,42.25739],[22.87902,42.25819],[22.87877,42.25744],[22.87984,42.25753],[22.8828,42.25875],[22.88689,42.25784],[22.88611,42.25367],[22.88776,42.25101],[22.88691,42.25099],[22.88678,42.24977],[22.88629,42.25015],[22.8891,42.24745],[22.88514,42.24498],[22.88586,42.24341],[22.88958,42.24479],[22.88964,42.24265],[22.89417,42.24237],[22.89671,42.23722],[22.89614,42.23534],[22.89256,42.23388],[22.88385,42.22534],[22.88367,42.22406],[22.88613,42.21953],[22.88823,42.21877],[22.89168,42.22017],[22.89088,42.22083],[22.89304,42.22254],[22.89167,42.22319],[22.89188,42.22489],[22.8956,42.22722],[22.90228,42.22732],[22.90543,42.23013],[22.90398,42.23048],[22.90544,42.23273],[22.90717,42.23341],[22.90642,42.23504],[22.90539,42.23522],[22.90597,42.23726],[22.90707,42.23691],[22.90977,42.23789],[22.91525,42.24174],[22.91759,42.24169],[22.91825,42.24106],[22.91478,42.23734],[22.91449,42.23519],[22.91538,42.23496],[22.91633,42.238],[22.91732,42.23896],[22.91913,42.23893],[22.91823,42.23957],[22.9201,42.24113],[22.92172,42.24082],[22.92242,42.24265],[22.92379,42.24262],[22.92387,42.2444],[22.92492,42.24494],[22.92944,42.24359],[22.92839,42.24039],[22.92969,42.24032],[22.9294,42.23867],[22.93167,42.23726],[22.9354,42.23636],[22.9379,42.24056],[22.93595,42.24196],[22.93626,42.24321],[22.93875,42.2451],[22.94035,42.243],[22.95331,42.24596],[22.95469,42.25572],[22.95028,42.26433],[22.95025,42.26757],[22.95336,42.27236],[22.95314,42.27512],[22.95129,42.28344],[22.94866,42.28815],[22.95025,42.29476],[22.95248,42.29792],[22.95628,42.30003],[22.96006,42.30816],[22.95952,42.30946]]]},"properties":{"SiteCode":"BG0002100","SiteNameBG":"Долна Козница","SiteType":"SPA","SiteArea":3994.5167000000001,"naturaClass":"spa"}},{"type":"Feature","geometry":{"type":"Polygon","coordinates":[[[22.96015,42.76725],[22.95922,42.76546],[22.96032,42.76487],[22.95994,42.76429],[22.95909,42.76459],[22.95745,42.76115],[22.95454,42.76105],[22.95473,42.75923],[22.95311,42.75997],[22.95088,42.75665],[22.94754,42.75518],[22.94738,42.75643],[22.9428,42.76067],[22.94286,42.76186],[22.94136,42.76217],[22.9419,42.75517],[22.94436,42.75449],[22.94495,42.75321],[22.94432,42.75242],[22.94851,42.74906],[22.9491,42.74759],[22.9501,42.74804],[22.95244,42.74733],[22.94839,42.7445],[22.94696,42.74453],[22.9483,42.74391],[22.94784,42.74309],[22.94886,42.7429],[22.95181,42.74545],[22.95366,42.74469],[22.95496,42.74582],[22.95894,42.74353],[22.95334,42.74005],[22.95323,42.73857],[22.95507,42.7397],[22.95829,42.73652],[22.95908,42.73677],[22.95694,42.73388],[22.95728,42.7319],[22.95233,42.73176],[22.95377,42.72801],[22.95519,42.72836],[22.95329,42.72439],[22.95465,42.72134],[22.95763,42.72185],[22.95958,42.71975],[22.9611,42.71989],[22.96099,42.72271],[22.96346,42.72421],[22.96686,42.72203],[22.96532,42.72109],[22.9662,42.72128],[22.96823,42.71957],[22.96815,42.71784],[22.96589,42.7155],[22.96852,42.71552],[22.9688,42.71311],[22.97185,42.71086],[22.97193,42.7093],[22.96972,42.70642],[22.96477,42.70368],[22.96258,42.69747],[22.9633,42.69724],[22.96296,42.69582],[22.95888,42.69494],[22.96145,42.68034],[22.96065,42.68012],[22.95964,42.6809],[22.95877,42.68048],[22.95636,42.68269],[22.94992,42.68498],[22.95135,42.68404],[22.95077,42.68372],[22.95411,42.68295],[22.95633,42.68053],[22.95579,42.68025],[22.95714,42.67787],[22.95916,42.67866],[22.96092,42.67692],[22.96187,42.67692],[22.96266,42.67501],[22.96203,42.6714],[22.96004,42.67066],[22.95319,42.67456],[22.95477,42.67336],[22.95545,42.67055],[22.96422,42.66914],[22.96516,42.66713],[22.97086,42.66206],[22.97141,42.65987],[22.97405,42.65641],[22.97465,42.65303],[22.98275,42.65773],[22.98692,42.66574],[22.98544,42.6664],[22.98573,42.66708],[22.98184,42.67065],[22.98421,42.67321],[22.98146,42.67313],[22.98098,42.67775],[22.98227,42.6801],[22.98818,42.68378],[22.98881,42.68526],[22.9801,42.68534],[22.98053,42.68675],[22.98294,42.68856],[22.9838,42.69197],[22.97868,42.68573],[22.97814,42.68735],[22.98171,42.69654],[22.98408,42.69985],[22.98471,42.69951],[22.98516,42.70137],[22.98418,42.70209],[22.98888,42.70362],[22.98918,42.70463],[22.9877,42.70348],[22.98678,42.70425],[22.98742,42.70643],[22.98888,42.70655],[22.98861,42.70867],[22.99085,42.70847],[22.99189,42.70976],[22.99253,42.70841],[22.99511,42.70756],[22.99831,42.70794],[22.99699,42.71286],[22.99694,42.71447],[22.99788,42.71488],[22.99644,42.71677],[22.99503,42.71675],[22.9934,42.71952],[22.99516,42.72113],[22.99638,42.72142],[22.99771,42.72051],[23.00129,42.72005],[23.0056,42.72184],[23.0063,42.72263],[23.00567,42.72301],[23.00858,42.72309],[23.00893,42.72473],[23.01175,42.72517],[23.01646,42.72773],[23.01532,42.73022],[23.01646,42.73054],[23.0171,42.73327],[23.01831,42.73433],[23.01945,42.73303],[23.02153,42.73242],[23.02213,42.73698],[23.02421,42.73674],[23.027,42.74175],[23.02708,42.74423],[23.03134,42.74563],[23.03199,42.7478],[23.03436,42.74997],[23.04189,42.75464],[23.04106,42.75589],[23.04709,42.75709],[23.0492,42.75913],[23.0402,42.75732],[23.04,42.75571],[23.03739,42.75573],[23.03669,42.75661],[23.03244,42.75708],[23.03266,42.75808],[23.02715,42.76034],[23.02499,42.75771],[23.01749,42.75704],[23.01714,42.75519],[23.01524,42.75493],[23.01756,42.75272],[23.01759,42.7516],[23.01289,42.75315],[23.01447,42.74898],[23.01342,42.74874],[23.0124,42.74613],[23.01015,42.74609],[23.00815,42.74485],[23.00444,42.74476],[23.002,42.74602],[22.99794,42.7463],[22.99184,42.74862],[22.991,42.74971],[22.99097,42.75051],[22.98772,42.75013],[22.98495,42.75134],[22.98476,42.75074],[22.98092,42.75353],[22.97988,42.75262],[22.97405,42.75243],[22.97385,42.75338],[22.97159,42.75341],[22.97351,42.75468],[22.96598,42.75526],[22.96278,42.7605],[22.96467,42.76195],[22.96439,42.76339],[22.96748,42.76297],[22.96794,42.76147],[22.97016,42.76103],[22.97266,42.7611],[22.97375,42.76253],[22.96957,42.76383],[22.96973,42.76499],[22.96777,42.76407],[22.96571,42.76599],[22.96442,42.76623],[22.96288,42.76515],[22.96015,42.76725]]]},"properties":{"SiteCode":"BG0002101","SiteNameBG":"Мещица","SiteType":"SPA","SiteArea":3416.3153000000002,"naturaClass":"spa"}},{"type":"Feature","geometry":{"type":"Polygon","coordinates":[[[24.92875,43.25619],[24.92553,43.25661],[24.92529,43.25472],[24.92414,43.25382],[24.92312,43.25582],[24.91952,43.25463],[24.91767,43.24416],[24.91128,43.24479],[24.89963,43.2402],[24.89558,43.24041],[24.89179,43.23803],[24.88558,43.23631],[24.88615,43.23574],[24.88262,43.23336],[24.87471,43.23175],[24.85969,43.22477],[24.85965,43.22589],[24.86187,43.22725],[24.8611,43.22982],[24.85674,43.23094],[24.85373,43.23012],[24.85609,43.22373],[24.85354,43.22383],[24.85312,43.22106],[24.85069,43.21969],[24.84934,43.22071],[24.84994,43.22189],[24.84701,43.22378],[24.8412,43.21909],[24.84245,43.21863],[24.83653,43.2138],[24.8387,43.2107],[24.83741,43.20953],[24.83741,43.20506],[24.83954,43.20656],[24.84231,43.2063],[24.84278,43.20287],[24.83948,43.20131],[24.83985,43.1959],[24.84207,43.19018],[24.84362,43.18888],[24.84756,43.18789],[24.85119,43.18435],[24.85595,43.1828],[24.86032,43.17836],[24.86467,43.17593],[24.86849,43.17601],[24.87223,43.17731],[24.87256,43.17602],[24.87664,43.17442],[24.87637,43.17358],[24.87899,43.17328],[24.87925,43.17523],[24.88842,43.17412],[24.88836,43.1772],[24.88003,43.17738],[24.8805,43.17966],[24.87945,43.18109],[24.88057,43.18232],[24.87952,43.18379],[24.88319,43.18442],[24.88286,43.18522],[24.88581,43.1868],[24.88593,43.18872],[24.88252,43.18961],[24.88415,43.18939],[24.88224,43.19052],[24.88312,43.19184],[24.88211,43.19321],[24.88357,43.19377],[24.88004,43.1945],[24.8737,43.19366],[24.87394,43.19479],[24.86759,43.19351],[24.86448,43.19421],[24.87224,43.19675],[24.86777,43.19833],[24.87392,43.20004],[24.8768,43.19936],[24.87703,43.1984],[24.88145,43.19833],[24.88187,43.19678],[24.88318,43.19734],[24.88501,43.20206],[24.88713,43.2019],[24.8852,43.20519],[24.88636,43.20539],[24.88677,43.20712],[24.87688,43.20558],[24.87664,43.20709],[24.87741,43.20756],[24.8748,43.20767],[24.87399,43.21079],[24.86711,43.21048],[24.86751,43.21243],[24.8659,43.21254],[24.86591,43.21392],[24.87805,43.21369],[24.87836,43.2147],[24.87111,43.21553],[24.87073,43.21632],[24.871,43.217],[24.87416,43.2176],[24.8738,43.21875],[24.87683,43.21831],[24.87413,43.22055],[24.87997,43.22027],[24.88453,43.21846],[24.88439,43.2159],[24.88642,43.21381],[24.88782,43.21371],[24.88848,43.21568],[24.88983,43.21661],[24.89208,43.2159],[24.89294,43.21657],[24.89153,43.21859],[24.89359,43.21908],[24.89048,43.2198],[24.89444,43.22397],[24.89151,43.22397],[24.88842,43.22772],[24.89168,43.22918],[24.89423,43.22911],[24.89686,43.22529],[24.90288,43.22441],[24.90424,43.22489],[24.90225,43.2257],[24.90208,43.22733],[24.90935,43.23165],[24.91058,43.2299],[24.91145,43.22532],[24.91071,43.22356],[24.91171,43.22221],[24.91763,43.22475],[24.91879,43.22434],[24.92279,43.22509],[24.92463,43.22456],[24.92044,43.22369],[24.9209,43.22256],[24.92276,43.22322],[24.92886,43.22303],[24.92506,43.22081],[24.91569,43.21762],[24.91775,43.21559],[24.92049,43.21519],[24.92066,43.21237],[24.92221,43.21035],[24.9352,43.20963],[24.93437,43.20868],[24.93638,43.20833],[24.93575,43.20762],[24.93662,43.20696],[24.9322,43.20395],[24.93886,43.20395],[24.94172,43.20305],[24.94213,43.20109],[24.94362,43.20031],[24.94429,43.1988],[24.94376,43.19782],[24.94257,43.19766],[24.94211,43.19832],[24.93767,43.19677],[24.93828,43.19624],[24.93404,43.19586],[24.93552,43.1952],[24.93496,43.19175],[24.94121,43.19156],[24.93946,43.18705],[24.93658,43.18691],[24.93643,43.18501],[24.9339,43.18379],[24.93367,43.18248],[24.93186,43.18258],[24.9343,43.17968],[24.93813,43.1804],[24.94211,43.17975],[24.94208,43.17894],[24.94411,43.17862],[24.94421,43.17731],[24.94653,43.17838],[24.94719,43.17769],[24.95343,43.17741],[24.9604,43.17837],[24.96364,43.17408],[24.9661,43.1744],[24.96719,43.17324],[24.96948,43.17394],[24.96889,43.17228],[24.97514,43.17216],[24.97592,43.17315],[24.98573,43.17251],[24.98657,43.17438],[24.98561,43.17646],[24.98838,43.17745],[24.98413,43.17831],[24.98371,43.17999],[24.98518,43.18],[24.98521,43.18115],[24.98645,43.18156],[24.99135,43.18123],[24.99243,43.18009],[24.99895,43.17839],[25.00112,43.17623],[25.00236,43.17792],[25.00681,43.17805],[25.00646,43.18027],[25.00283,43.18033],[25.00377,43.18309],[25.00306,43.18362],[25.00519,43.18368],[25.00511,43.18493],[25.00955,43.18389],[25.00978,43.18567],[25.01189,43.18649],[25.00978,43.18791],[25.01174,43.18998],[25.00952,43.18974],[25.00969,43.19029],[24.99787,43.19276],[25.00021,43.1928],[25.00076,43.19528],[25.00011,43.19577],[25.00076,43.19571],[25.00184,43.19856],[25.0029,43.20391],[25.00232,43.209],[24.99976,43.20984],[24.99839,43.21498],[24.99646,43.21739],[24.98891,43.21444],[24.98652,43.21501],[24.98691,43.21672],[24.98941,43.21731],[24.98858,43.21855],[24.99403,43.21893],[24.99365,43.21993],[24.99476,43.22025],[24.9991,43.21983],[24.99895,43.22128],[25.00171,43.2233],[25.00078,43.22394],[24.99904,43.22319],[24.99691,43.22374],[24.99578,43.22461],[24.99888,43.22751],[24.9925,43.22751],[24.99065,43.23136],[24.99767,43.23267],[24.99335,43.23269],[24.98577,43.23138],[24.98069,43.23242],[24.97948,43.23459],[24.97949,43.23303],[24.97886,43.23307],[24.97124,43.2365],[24.9999,43.23534],[24.99988,43.23477],[25.00527,43.23359],[25.0059,43.23469],[25.00941,43.234],[25.00987,43.23471],[25.01116,43.23465],[25.01252,43.23425],[25.01298,43.23296],[25.0118,43.23287],[25.01199,43.23121],[25.01316,43.23122],[25.01393,43.22941],[25.01543,43.23095],[25.01977,43.23197],[25.02,43.23491],[25.02246,43.23368],[25.02521,43.23339],[25.02477,43.23291],[25.0273,43.23114],[25.03073,43.22989],[25.02906,43.22933],[25.02899,43.22703],[25.03002,43.22594],[25.02824,43.22492],[25.02847,43.224],[25.03031,43.22321],[25.02943,43.22133],[25.03554,43.21835],[25.03607,43.22095],[25.0375,43.2209],[25.0385,43.2223],[25.03957,43.22682],[25.0432,43.22641],[25.05256,43.2213],[25.05313,43.22191],[25.05173,43.22328],[25.05231,43.2241],[25.05133,43.22554],[25.05304,43.22587],[25.05523,43.22496],[25.05529,43.22569],[25.05775,43.22584],[25.05606,43.22765],[25.05626,43.22941],[25.05693,43.23046],[25.05927,43.23032],[25.05958,43.2324],[25.06072,43.23266],[25.05873,43.23283],[25.05934,43.23597],[25.05745,43.23385],[25.05632,43.23552],[25.05788,43.23627],[25.05789,43.23755],[25.06068,43.23736],[25.06133,43.23883],[25.06248,43.23854],[25.06166,43.24069],[25.05721,43.24244],[25.05722,43.24316],[25.0605,43.24262],[25.06238,43.24332],[25.06271,43.2448],[25.05811,43.24615],[25.05414,43.24607],[25.04079,43.25003],[25.038,43.25007],[25.0362,43.24063],[25.03391,43.24057],[25.03124,43.24551],[25.03329,43.24931],[25.03276,43.24972],[25.02975,43.24934],[25.02682,43.24788],[25.02006,43.24731],[25.01695,43.24865],[25.00677,43.24804],[25.00387,43.24905],[25.0037,43.2484],[24.99921,43.24826],[24.99741,43.25012],[24.99656,43.24873],[24.99505,43.24914],[24.99288,43.24811],[24.99079,43.24893],[24.99142,43.24571],[24.99089,43.24459],[24.98977,43.24454],[24.98996,43.24376],[24.97255,43.24264],[24.97192,43.24425],[24.97109,43.24421],[24.9713,43.24529],[24.97844,43.25104],[24.97726,43.25203],[24.96765,43.25129],[24.96689,43.24892],[24.96404,43.24944],[24.95637,43.24762],[24.95483,43.24797],[24.953,43.24722],[24.94725,43.24782],[24.94544,43.24716],[24.94112,43.2513],[24.93897,43.25125],[24.93458,43.25346],[24.93368,43.25315],[24.9304,43.2559],[24.92875,43.25619]]]},"properties":{"SiteCode":"BG0002102","SiteNameBG":"Деветашко плато","SiteType":"SPA","SiteArea":7894.7749999999996,"naturaClass":"spa"}},{"type":"Feature","geometry":{"type":"Polygon","coordinates":[[[25.70483,42.03318],[25.71152,42.02832],[25.70674,42.02674],[25.70292,42.02858],[25.69828,42.03334],[25.6953,42.03472],[25.69257,42.03461],[25.69745,42.03132],[25.7016,42.02688],[25.70101,42.02578],[25.70765,42.02452],[25.71879,42.02413],[25.71905,42.02326],[25.72389,42.02117],[25.72321,42.02005],[25.73013,42.01865],[25.73366,42.01675],[25.73489,42.01832],[25.73418,42.01904],[25.73789,42.01934],[25.73584,42.0199],[25.7368,42.02084],[25.73776,42.02065],[25.73697,42.02432],[25.73863,42.02456],[25.73835,42.02556],[25.73496,42.02851],[25.73299,42.02826],[25.73169,42.03033],[25.73283,42.03181],[25.73112,42.03443],[25.72812,42.0327],[25.72547,42.03634],[25.72232,42.03841],[25.7159,42.03877],[25.71676,42.03812],[25.71431,42.03757],[25.71309,42.03527],[25.7037,42.03746],[25.70295,42.0367],[25.70419,42.03572],[25.70283,42.03469],[25.70483,42.03318]]]},"properties":{"SiteCode":"BG0002103","SiteNameBG":"Злато поле","SiteType":"SPA","SiteArea":408.97469999999998,"naturaClass":"spa"}},{"type":"Feature","geometry":{"type":"Polygon","coordinates":[[[23.46651,43.80707],[23.46976,43.80978],[23.4728,43.80868],[23.47595,43.81004],[23.49145,43.8073],[23.49827,43.81743],[23.49236,43.82054],[23.49491,43.82351],[23.49245,43.82435],[23.49484,43.82804],[23.4837,43.8325],[23.47486,43.83399],[23.46726,43.83411],[23.46064,43.83565],[23.45418,43.83857],[23.45162,43.83593],[23.45163,43.83169],[23.45047,43.82981],[23.451,43.82667],[23.44961,43.82674],[23.44963,43.82276],[23.45288,43.82065],[23.45398,43.82067],[23.45899,43.81176],[23.46188,43.80858],[23.46437,43.80685],[23.46651,43.80707]]]},"properties":{"SiteCode":"BG0002104","SiteNameBG":"Цибърско блато","SiteType":"SPA","SiteArea":909.76469999999995,"naturaClass":"spa"}},{"type":"Feature","geometry":{"type":"Polygon","coordinates":[[[24.57876,41.89383],[24.57755,41.89075],[24.57482,41.88987],[24.57146,41.88732],[24.56659,41.88928],[24.56137,41.88841],[24.55693,41.88646],[24.55003,41.88605],[24.55228,41.88334],[24.54947,41.88287],[24.54733,41.88019],[24.5481,41.87998],[24.54707,41.87712],[24.54853,41.87424],[24.54575,41.87541],[24.54426,41.87457],[24.54275,41.87575],[24.53975,41.87072],[24.53765,41.87103],[24.53669,41.87197],[24.53553,41.86858],[24.52943,41.86482],[24.53137,41.86265],[24.53496,41.86202],[24.53856,41.85833],[24.5446,41.85539],[24.54312,41.85476],[24.54313,41.85356],[24.53688,41.85283],[24.53688,41.85124],[24.53983,41.8504],[24.53689,41.84688],[24.54074,41.84444],[24.5416,41.84195],[24.54082,41.84159],[24.54129,41.84032],[24.53917,41.83978],[24.53781,41.83726],[24.53822,41.8358],[24.54046,41.83377],[24.53772,41.83155],[24.53632,41.83178],[24.53798,41.82952],[24.5393,41.82924],[24.53977,41.82648],[24.53316,41.82727],[24.53155,41.82225],[24.5336,41.81726],[24.52557,41.81304],[24.52366,41.81426],[24.52264,41.81255],[24.52077,41.81155],[24.52285,41.8108],[24.52313,41.80858],[24.53034,41.80669],[24.53412,41.80769],[24.53332,41.80631],[24.53584,41.80591],[24.53211,41.80417],[24.53197,41.80338],[24.53356,41.80214],[24.53001,41.8022],[24.52964,41.80156],[24.5272,41.80195],[24.52691,41.80078],[24.52427,41.79984],[24.52451,41.79882],[24.52662,41.79793],[24.5237,41.79654],[24.52384,41.79588],[24.52752,41.79425],[24.53159,41.79503],[24.5327,41.7944],[24.53513,41.7945],[24.53381,41.79355],[24.5351,41.7923],[24.53074,41.792],[24.5355,41.78779],[24.53496,41.78691],[24.53361,41.7877],[24.53233,41.78735],[24.53343,41.78712],[24.53286,41.78615],[24.52925,41.78469],[24.52887,41.78041],[24.52991,41.77824],[24.52892,41.77527],[24.52207,41.77374],[24.52032,41.77419],[24.51742,41.77371],[24.49835,41.78267],[24.49731,41.78078],[24.4961,41.78049],[24.49662,41.77786],[24.49386,41.77666],[24.49455,41.77655],[24.49239,41.77248],[24.4977,41.76882],[24.50995,41.76614],[24.51132,41.76542],[24.51243,41.76317],[24.51598,41.76072],[24.52399,41.75812],[24.52957,41.75757],[24.52905,41.75467],[24.52998,41.75367],[24.53197,41.75424],[24.53279,41.75324],[24.53245,41.75026],[24.53408,41.74924],[24.53332,41.7482],[24.53535,41.74477],[24.54395,41.74612],[24.54345,41.74422],[24.54158,41.74445],[24.54455,41.74317],[24.54523,41.74082],[24.54396,41.73888],[24.54413,41.73739],[24.54029,41.73406],[24.53983,41.73119],[24.53829,41.72996],[24.53871,41.72913],[24.53738,41.72658],[24.5389,41.72628],[24.53894,41.72383],[24.541,41.72139],[24.54289,41.72092],[24.54207,41.7192],[24.54456,41.71915],[24.54533,41.71712],[24.54754,41.71626],[24.5492,41.71306],[24.55038,41.71314],[24.55131,41.71114],[24.55277,41.71361],[24.55645,41.71359],[24.56087,41.70802],[24.56137,41.70865],[24.56571,41.7075],[24.56642,41.7067],[24.56763,41.70739],[24.57126,41.70724],[24.57271,41.70805],[24.5723,41.70961],[24.57493,41.71039],[24.57567,41.71204],[24.57702,41.71091],[24.5787,41.71228],[24.58355,41.70979],[24.58602,41.70944],[24.58674,41.70849],[24.59804,41.70689],[24.60011,41.71081],[24.60089,41.71076],[24.60281,41.71289],[24.60532,41.71329],[24.60966,41.71238],[24.61003,41.71292],[24.61251,41.71292],[24.61674,41.71146],[24.61535,41.71286],[24.61924,41.7165],[24.62299,41.71568],[24.62711,41.71357],[24.62808,41.70901],[24.63036,41.70848],[24.63146,41.7067],[24.6329,41.70749],[24.6336,41.71196],[24.63858,41.71553],[24.63822,41.7168],[24.64473,41.72476],[24.6473,41.72629],[24.64839,41.73013],[24.65041,41.72949],[24.65267,41.73011],[24.65482,41.73144],[24.65839,41.73597],[24.65799,41.73985],[24.65486,41.7408],[24.6482,41.74697],[24.64255,41.74615],[24.63963,41.74871],[24.64054,41.74953],[24.63967,41.74965],[24.63746,41.75352],[24.6318,41.75775],[24.62929,41.75883],[24.62941,41.76025],[24.62668,41.76402],[24.62281,41.76323],[24.61843,41.76502],[24.62213,41.76667],[24.62248,41.76622],[24.62655,41.77477],[24.62931,41.77535],[24.63067,41.7774],[24.63363,41.77941],[24.63497,41.78305],[24.6487,41.79364],[24.64746,41.79707],[24.64841,41.79797],[24.64758,41.802],[24.64623,41.80229],[24.64374,41.8014],[24.64354,41.80246],[24.64114,41.80189],[24.64061,41.80293],[24.63882,41.80355],[24.63791,41.80256],[24.63398,41.80161],[24.62958,41.7994],[24.62687,41.79926],[24.62643,41.80655],[24.62811,41.80786],[24.6274,41.80839],[24.62838,41.80905],[24.62711,41.81043],[24.62786,41.81162],[24.62677,41.81345],[24.62382,41.81325],[24.62289,41.81392],[24.62426,41.81483],[24.62226,41.8159],[24.62478,41.81592],[24.62534,41.81743],[24.62424,41.8186],[24.62487,41.81824],[24.62532,41.81884],[24.62716,41.81856],[24.62755,41.8202],[24.62493,41.8221],[24.62538,41.82271],[24.62394,41.82264],[24.62415,41.82362],[24.63048,41.82779],[24.62477,41.8271],[24.62462,41.82872],[24.62357,41.82861],[24.62272,41.82959],[24.62401,41.83045],[24.62226,41.83003],[24.62249,41.83076],[24.62065,41.83054],[24.61832,41.83147],[24.614,41.8294],[24.61421,41.82968],[24.61346,41.82996],[24.61272,41.82907],[24.61272,41.83064],[24.61569,41.83405],[24.6155,41.83571],[24.61084,41.8374],[24.61105,41.83617],[24.60921,41.83622],[24.60748,41.83893],[24.60786,41.84419],[24.60911,41.84642],[24.60563,41.84671],[24.60379,41.84585],[24.60441,41.84719],[24.60032,41.84647],[24.59815,41.84491],[24.59547,41.8447],[24.59505,41.84384],[24.59308,41.84558],[24.59164,41.84491],[24.59058,41.8454],[24.59124,41.84391],[24.59375,41.84417],[24.59431,41.84344],[24.59291,41.8409],[24.59139,41.84049],[24.59095,41.8412],[24.58911,41.84107],[24.58977,41.84409],[24.5884,41.84473],[24.58606,41.84387],[24.5851,41.84459],[24.58147,41.8442],[24.58014,41.84288],[24.57873,41.84591],[24.57962,41.84623],[24.57893,41.84678],[24.57963,41.84758],[24.57899,41.8474],[24.58319,41.85078],[24.58411,41.85812],[24.58835,41.86343],[24.59142,41.86492],[24.59311,41.86705],[24.59905,41.86695],[24.60345,41.86822],[24.60698,41.86794],[24.60662,41.87063],[24.60546,41.87045],[24.60455,41.87237],[24.60214,41.87299],[24.60217,41.87366],[24.60452,41.87355],[24.60375,41.87514],[24.60489,41.87494],[24.60355,41.87667],[24.60415,41.87724],[24.60247,41.87871],[24.60664,41.8789],[24.60692,41.87952],[24.61067,41.87918],[24.60833,41.882],[24.60896,41.884],[24.61046,41.88435],[24.60926,41.88667],[24.61512,41.88615],[24.61475,41.88807],[24.6166,41.8903],[24.61905,41.89113],[24.62126,41.89071],[24.62209,41.89157],[24.6234,41.8912],[24.62423,41.89303],[24.62657,41.89434],[24.63097,41.89505],[24.63344,41.89452],[24.63511,41.89616],[24.63804,41.8942],[24.63852,41.892],[24.64013,41.89016],[24.64183,41.88945],[24.64491,41.89079],[24.64907,41.88891],[24.65015,41.8894],[24.64912,41.8905],[24.64957,41.8915],[24.65409,41.89314],[24.65506,41.89478],[24.65859,41.89345],[24.66005,41.89373],[24.66157,41.89595],[24.66088,41.9029],[24.66243,41.90721],[24.65848,41.90656],[24.65502,41.90737],[24.65281,41.90601],[24.64954,41.90539],[24.64673,41.90704],[24.64173,41.90756],[24.6368,41.91265],[24.63477,41.91231],[24.62914,41.91719],[24.62334,41.91787],[24.62153,41.91877],[24.61635,41.91628],[24.61655,41.91146],[24.61432,41.90657],[24.60849,41.90349],[24.60537,41.90327],[24.60102,41.90172],[24.59954,41.90205],[24.59822,41.90103],[24.59538,41.90126],[24.59521,41.90015],[24.59207,41.90068],[24.59156,41.9002],[24.59331,41.89769],[24.59217,41.8976],[24.59164,41.89633],[24.58886,41.89551],[24.58751,41.89595],[24.5853,41.895],[24.58196,41.89565],[24.57907,41.8948],[24.57876,41.89383]]]},"properties":{"SiteCode":"BG0002105","SiteNameBG":"Персенк","SiteType":"SPA","SiteArea":16119.674000000001,"naturaClass":"spa"}},{"type":"Feature","geometry":{"type":"Polygon","coordinates":[[[26.02683,41.66686],[26.02281,41.66597],[26.02032,41.66436],[26.01861,41.66135],[26.01548,41.66152],[26.01472,41.66302],[26.01527,41.66155],[26.01364,41.66105],[26.012,41.65887],[26.00834,41.65879],[26.00722,41.65774],[26.00807,41.65737],[26.00749,41.65682],[26.00354,41.65735],[26.00345,41.65875],[25.99957,41.66211],[25.99651,41.66153],[25.99624,41.66449],[25.99138,41.66838],[25.98911,41.66881],[25.98675,41.66815],[25.98101,41.66394],[25.97679,41.66515],[25.97213,41.66548],[25.96809,41.66181],[25.96493,41.66078],[25.96395,41.66291],[25.96092,41.66296],[25.96005,41.66404],[25.95957,41.66332],[25.95635,41.66381],[25.95577,41.66432],[25.95643,41.66534],[25.95489,41.6655],[25.95655,41.66679],[25.95566,41.6672],[25.95605,41.66918],[25.95832,41.66879],[25.95972,41.66944],[25.95682,41.66932],[25.95585,41.67059],[25.95546,41.6721],[25.95677,41.67419],[25.95495,41.67259],[25.95376,41.66797],[25.95196,41.66996],[25.95197,41.6688],[25.94876,41.67053],[25.94758,41.67377],[25.94534,41.67099],[25.94161,41.6704],[25.94026,41.66539],[25.93893,41.66552],[25.93832,41.66685],[25.93733,41.66697],[25.93384,41.66507],[25.93255,41.66642],[25.9258,41.66939],[25.92362,41.66953],[25.92053,41.67183],[25.91929,41.67125],[25.91576,41.67186],[25.91752,41.66922],[25.92074,41.66769],[25.92226,41.66593],[25.92763,41.66477],[25.93022,41.66237],[25.93099,41.65897],[25.93256,41.6584],[25.93137,41.65709],[25.93234,41.65626],[25.93109,41.65301],[25.9271,41.6497],[25.92822,41.64832],[25.92772,41.6458],[25.93046,41.64519],[25.93083,41.64575],[25.92996,41.64598],[25.93091,41.64647],[25.93568,41.64646],[25.93501,41.64472],[25.93621,41.64398],[25.93542,41.64323],[25.93857,41.64311],[25.93974,41.64081],[25.94271,41.6415],[25.9424,41.64045],[25.94356,41.64031],[25.94432,41.63868],[25.9454,41.64009],[25.94739,41.63834],[25.95039,41.63682],[25.94654,41.63268],[25.94586,41.63047],[25.94183,41.62911],[25.94386,41.62682],[25.93616,41.62621],[25.93509,41.62476],[25.93599,41.62392],[25.93575,41.62267],[25.93701,41.62367],[25.93847,41.6233],[25.93944,41.62006],[25.94206,41.62013],[25.94644,41.61752],[25.94676,41.61613],[25.9488,41.61605],[25.95022,41.61863],[25.95156,41.61809],[25.95329,41.61871],[25.95479,41.61728],[25.95426,41.61485],[25.95465,41.61432],[25.95545,41.61478],[25.95591,41.61323],[25.95873,41.61126],[25.95678,41.6109],[25.9561,41.60968],[25.95393,41.60931],[25.95267,41.60994],[25.95236,41.6089],[25.94897,41.60813],[25.94749,41.60883],[25.94574,41.60717],[25.9476,41.60702],[25.94825,41.60778],[25.94838,41.60681],[25.95205,41.60649],[25.95393,41.60429],[25.95557,41.60494],[25.95876,41.6041],[25.95393,41.60073],[25.95235,41.59727],[25.95546,41.59793],[25.95608,41.5969],[25.9573,41.59739],[25.9591,41.59676],[25.96026,41.59567],[25.95967,41.59509],[25.96286,41.59463],[25.96755,41.59255],[25.96671,41.58964],[25.96523,41.5893],[25.96619,41.58579],[25.9636,41.58455],[25.96509,41.58198],[25.964,41.58123],[25.96462,41.57884],[25.9622,41.57795],[25.96336,41.57721],[25.96368,41.57236],[25.96733,41.57191],[25.96668,41.57143],[25.96334,41.57177],[25.96439,41.56585],[25.96532,41.56492],[25.96469,41.56384],[25.9656,41.56286],[25.96484,41.56096],[25.96569,41.5592],[25.96477,41.557],[25.96993,41.55672],[25.97242,41.55428],[25.97539,41.55307],[25.97623,41.55164],[25.97503,41.54979],[25.97557,41.54616],[25.97434,41.54547],[25.97749,41.5411],[25.98097,41.54058],[25.98465,41.54566],[25.98674,41.54532],[25.98966,41.54605],[25.99327,41.54505],[25.99792,41.54682],[26.00414,41.54533],[26.00865,41.54618],[26.00875,41.54372],[26.01208,41.54236],[26.01245,41.54102],[26.01168,41.54031],[26.01395,41.53931],[26.01468,41.53987],[26.01603,41.53927],[26.01965,41.53946],[26.02156,41.54047],[26.02505,41.5407],[26.0282,41.53817],[26.02971,41.5423],[26.02855,41.54266],[26.0294,41.54477],[26.0287,41.54593],[26.03117,41.54989],[26.03463,41.5506],[26.03543,41.54914],[26.03635,41.54972],[26.03606,41.55103],[26.03762,41.55183],[26.03743,41.5513],[26.0412,41.5487],[26.04207,41.54896],[26.04169,41.55208],[26.04374,41.55136],[26.04436,41.5498],[26.04733,41.55111],[26.04811,41.55268],[26.05059,41.55045],[26.053,41.55168],[26.05455,41.55091],[26.05383,41.55188],[26.05569,41.55178],[26.05572,41.55262],[26.05695,41.55233],[26.05712,41.55289],[26.05856,41.55262],[26.05825,41.55438],[26.0601,41.55627],[26.06896,41.56251],[26.07011,41.56082],[26.06951,41.56214],[26.07077,41.56241],[26.073,41.56071],[26.0772,41.56036],[26.07803,41.55936],[26.08217,41.55827],[26.08299,41.55844],[26.08099,41.56106],[26.08168,41.56187],[26.08632,41.55971],[26.08847,41.55972],[26.08963,41.56164],[26.09051,41.56109],[26.09321,41.56212],[26.09374,41.56348],[26.09654,41.56293],[26.09687,41.56408],[26.09549,41.56451],[26.09835,41.56487],[26.09615,41.56729],[26.09705,41.5689],[26.09602,41.57072],[26.09713,41.5728],[26.09857,41.57315],[26.1008,41.57309],[26.1044,41.57136],[26.10486,41.57052],[26.10254,41.57008],[26.10291,41.56643],[26.10484,41.56536],[26.10712,41.56589],[26.10877,41.56434],[26.10836,41.56025],[26.10601,41.5603],[26.10415,41.55902],[26.10165,41.55966],[26.0984,41.55594],[26.09916,41.55554],[26.10211,41.55632],[26.10297,41.5557],[26.10335,41.55283],[26.10183,41.54854],[26.10491,41.54398],[26.10421,41.53599],[26.1028,41.53411],[26.10435,41.53261],[26.1066,41.53262],[26.11162,41.53533],[26.1139,41.53372],[26.11651,41.53314],[26.11996,41.53345],[26.12445,41.53499],[26.12533,41.53425],[26.13004,41.53405],[26.13205,41.53525],[26.12798,41.53863],[26.12625,41.53871],[26.12582,41.53973],[26.12614,41.54128],[26.13299,41.54098],[26.13334,41.54477],[26.13658,41.54667],[26.14133,41.54391],[26.14705,41.54391],[26.15009,41.54258],[26.1503,41.54385],[26.15201,41.54406],[26.15138,41.54592],[26.16131,41.54605],[26.16041,41.54285],[26.16145,41.54142],[26.16674,41.54108],[26.16933,41.54249],[26.17222,41.54605],[26.17639,41.54791],[26.17872,41.55226],[26.17682,41.55448],[26.1598,41.55305],[26.14898,41.55424],[26.14834,41.57532],[26.15006,41.59663],[26.15119,41.60132],[26.15364,41.60271],[26.15392,41.6056],[26.15184,41.60743],[26.14821,41.60673],[26.14625,41.60772],[26.13859,41.61552],[26.13701,41.62471],[26.13813,41.62864],[26.13759,41.62966],[26.13879,41.63161],[26.13732,41.63346],[26.13129,41.63205],[26.1288,41.63022],[26.12276,41.63108],[26.12125,41.62473],[26.12,41.62384],[26.11468,41.62538],[26.10956,41.62514],[26.10725,41.62737],[26.09538,41.62669],[26.09189,41.63088],[26.09332,41.63584],[26.09046,41.64283],[26.08574,41.64328],[26.08176,41.64206],[26.07437,41.64667],[26.0695,41.65171],[26.07112,41.65373],[26.07067,41.65516],[26.06425,41.66232],[26.06469,41.66718],[26.06876,41.67231],[26.06755,41.67599],[26.06555,41.67692],[26.06591,41.68355],[26.06042,41.6883],[26.06311,41.69379],[26.05847,41.69568],[26.05931,41.69725],[26.0583,41.69759],[26.05859,41.69878],[26.05723,41.69885],[26.05596,41.70012],[26.05325,41.69877],[26.05222,41.69605],[26.05384,41.69275],[26.05275,41.69102],[26.0504,41.68942],[26.04811,41.68893],[26.04477,41.68577],[26.04402,41.68281],[26.04298,41.68253],[26.04183,41.68002],[26.04177,41.67782],[26.03936,41.67652],[26.03846,41.67476],[26.03924,41.67397],[26.03797,41.67243],[26.03845,41.6715],[26.03712,41.67087],[26.03577,41.67244],[26.03402,41.67138],[26.03168,41.67226],[26.0322,41.67013],[26.03002,41.66822],[26.02844,41.66792],[26.02834,41.66699],[26.02683,41.66686]]]},"properties":{"SiteCode":"BG0002106","SiteNameBG":"Язовир Ивайловград","SiteType":"SPA","SiteArea":19661.882799999999,"naturaClass":"spa"}},{"type":"Feature","geometry":{"type":"Polygon","coordinates":[[[23.00132,42.18422],[22.99862,42.19042],[22.99751,42.19069],[22.99678,42.19157],[22.99689,42.1899],[22.99294,42.18609],[22.99235,42.18441],[22.98917,42.18372],[22.9893,42.1862],[22.98658,42.184],[22.98474,42.18525],[22.98425,42.18309],[22.98188,42.18174],[22.98247,42.17995],[22.98428,42.17953],[22.98348,42.17847],[22.99065,42.17777],[22.99293,42.17602],[22.99285,42.17418],[22.99583,42.17022],[22.99573,42.16609],[22.99419,42.16704],[22.99014,42.16778],[22.98969,42.16672],[22.98868,42.1667],[22.98932,42.16542],[22.98791,42.16525],[22.98549,42.16671],[22.98339,42.1656],[22.98229,42.16609],[22.97926,42.16456],[22.98018,42.16381],[22.97731,42.16073],[22.97822,42.16053],[22.9765,42.15993],[22.97858,42.15937],[22.98051,42.15612],[22.97965,42.15105],[22.97014,42.15087],[22.96584,42.15401],[22.96468,42.15371],[22.96334,42.15573],[22.95867,42.1572],[22.9566,42.1567],[22.95652,42.1552],[22.95819,42.15445],[22.95828,42.15276],[22.95682,42.15399],[22.95605,42.15306],[22.9542,42.15426],[22.95325,42.15317],[22.95173,42.15295],[22.95094,42.15416],[22.94829,42.15369],[22.94627,42.15262],[22.9458,42.14909],[22.94433,42.149],[22.94411,42.1479],[22.94293,42.15102],[22.94287,42.14992],[22.94222,42.151],[22.93938,42.14908],[22.94084,42.14811],[22.94078,42.14554],[22.94189,42.14496],[22.94109,42.14214],[22.94294,42.13961],[22.94438,42.13989],[22.94564,42.13915],[22.94523,42.14011],[22.94628,42.14176],[22.94819,42.14069],[22.94957,42.14092],[22.94884,42.13854],[22.94956,42.13645],[22.9519,42.13504],[22.95488,42.13448],[22.95644,42.13527],[22.9621,42.1349],[22.96381,42.13612],[22.96389,42.13763],[22.96315,42.13795],[22.9639,42.13933],[22.96541,42.13934],[22.96498,42.14078],[22.96624,42.13957],[22.96635,42.14232],[22.97055,42.14298],[22.97047,42.14049],[22.96832,42.13836],[22.96983,42.13902],[22.96934,42.13818],[22.97086,42.13769],[22.97392,42.14094],[22.97416,42.14277],[22.97516,42.14315],[22.97495,42.14181],[22.97601,42.14182],[22.97611,42.14105],[22.97539,42.14052],[22.97739,42.13697],[22.97924,42.13759],[22.98178,42.13668],[22.98386,42.13497],[22.98412,42.13272],[22.98602,42.13309],[22.98826,42.13192],[22.98945,42.12604],[22.98076,42.1275],[22.97838,42.12917],[22.97083,42.13011],[22.96929,42.13113],[22.96751,42.13085],[22.96834,42.12353],[22.96627,42.12282],[22.96731,42.12082],[22.96621,42.12067],[22.96638,42.11973],[22.96538,42.12019],[22.9609,42.11903],[22.95793,42.1201],[22.95105,42.11999],[22.95062,42.11479],[22.95214,42.11475],[22.95235,42.11324],[22.95368,42.11257],[22.9562,42.11261],[22.95666,42.11169],[22.95479,42.11084],[22.96051,42.1124],[22.96318,42.11205],[22.96092,42.11056],[22.95991,42.10791],[22.95794,42.10764],[22.95746,42.10512],[22.9603,42.10611],[22.96701,42.10593],[22.96977,42.10748],[22.97616,42.10845],[22.9759,42.10757],[22.98077,42.11067],[22.98097,42.11016],[22.98094,42.11166],[22.985,42.11295],[22.98467,42.11086],[22.98586,42.11088],[22.98456,42.10859],[22.98022,42.10549],[22.9784,42.10091],[22.98025,42.09885],[22.98035,42.09747],[22.98197,42.09816],[22.98289,42.09652],[22.98737,42.0959],[22.99282,42.09647],[22.98807,42.09408],[22.98165,42.08754],[22.97921,42.08725],[22.97664,42.08897],[22.97415,42.08749],[22.97052,42.08849],[22.9694,42.08748],[22.96853,42.08805],[22.9687,42.0893],[22.96749,42.08951],[22.96515,42.08826],[22.9652,42.08742],[22.96746,42.08696],[22.96474,42.0857],[22.96484,42.0847],[22.96716,42.08515],[22.96899,42.08445],[22.97093,42.07987],[22.97692,42.08067],[22.98827,42.07942],[22.98507,42.07776],[22.98448,42.07667],[22.9833,42.07656],[22.98199,42.07418],[22.98215,42.07334],[22.98367,42.07336],[22.98518,42.07232],[22.98823,42.07268],[22.98958,42.07188],[22.99145,42.06897],[22.99013,42.06936],[22.98999,42.06886],[22.98377,42.06787],[22.98366,42.06662],[22.98487,42.06585],[22.98214,42.06626],[22.98227,42.06562],[22.9787,42.0656],[22.97622,42.06747],[22.97319,42.06799],[22.97555,42.06573],[22.97619,42.06336],[22.97852,42.06245],[22.9749,42.06004],[22.97309,42.06034],[22.97257,42.05938],[22.97153,42.06012],[22.97018,42.05985],[22.97356,42.05758],[22.97225,42.05709],[22.97669,42.05714],[22.98147,42.05271],[22.9867,42.05079],[22.99166,42.05023],[22.99306,42.05083],[22.99249,42.05201],[22.99362,42.0518],[22.99263,42.05303],[22.99302,42.05387],[22.99787,42.05397],[22.99867,42.05166],[22.99917,42.05243],[23.00041,42.05196],[23.0018,42.05247],[23.0014,42.05074],[23.00294,42.05054],[23.00315,42.05126],[23.00417,42.05062],[23.00523,42.05142],[23.01012,42.04758],[23.01724,42.04811],[23.0214,42.04994],[23.0221,42.04763],[23.0244,42.04813],[23.02568,42.04648],[23.0278,42.04733],[23.0274,42.04564],[23.02905,42.04568],[23.02896,42.04439],[23.03164,42.04305],[23.03185,42.04576],[23.03594,42.04793],[23.03665,42.05023],[23.03378,42.05385],[23.02878,42.05701],[23.02886,42.06119],[23.02795,42.06128],[23.02582,42.06463],[23.02768,42.06691],[23.02359,42.06785],[23.02216,42.07219],[23.02137,42.07211],[23.0213,42.07456],[23.01924,42.07397],[23.01806,42.07534],[23.01963,42.07582],[23.01778,42.07596],[23.01749,42.07712],[23.01895,42.07787],[23.01735,42.07744],[23.01641,42.07847],[23.01832,42.07857],[23.01868,42.0795],[23.01612,42.08314],[23.0173,42.08435],[23.01593,42.08453],[23.01602,42.08783],[23.01551,42.08839],[23.01214,42.08798],[23.01139,42.08932],[23.01148,42.08687],[23.00914,42.08717],[23.00802,42.08657],[23.00763,42.08804],[23.00497,42.08908],[23.00423,42.08887],[23.00578,42.08733],[23.00261,42.08733],[23.00359,42.08947],[23.00295,42.08903],[23.00148,42.08986],[23.00361,42.09435],[23.00581,42.09548],[23.00509,42.09798],[23.00591,42.09902],[23.00836,42.09864],[23.00875,42.09924],[23.00719,42.09892],[23.00467,42.1001],[23.00435,42.10083],[23.00824,42.10174],[23.01405,42.10147],[23.01361,42.10391],[23.01004,42.10344],[23.01261,42.10449],[23.01253,42.10538],[23.00865,42.10486],[23.00657,42.10778],[23.01147,42.10873],[23.01057,42.11032],[23.0114,42.11058],[23.00966,42.11294],[23.00822,42.1131],[23.00846,42.1109],[23.00571,42.1102],[23.00464,42.10916],[23.00301,42.10932],[23.00029,42.11233],[23.00227,42.114],[23.00355,42.11622],[23.00242,42.11735],[23.00304,42.11792],[23.00673,42.11741],[23.01099,42.11502],[23.01313,42.11561],[23.01427,42.11509],[23.01395,42.11598],[23.01593,42.11633],[23.01454,42.11994],[23.01266,42.12091],[23.01383,42.12384],[23.01523,42.12398],[23.01361,42.12638],[23.01465,42.12732],[23.01111,42.13059],[23.01064,42.13502],[23.0123,42.13847],[23.00914,42.13982],[23.00983,42.14228],[23.00028,42.13878],[22.99883,42.14266],[22.99719,42.1426],[22.99654,42.14449],[22.99714,42.14678],[22.99418,42.14766],[22.99534,42.15124],[22.99377,42.15146],[22.99621,42.15196],[22.99532,42.15259],[22.9963,42.1534],[22.99477,42.15318],[22.99286,42.15427],[22.99403,42.1549],[22.99575,42.15452],[22.99517,42.15562],[22.99692,42.15659],[23.00305,42.15432],[23.00589,42.1551],[23.01138,42.15411],[23.01392,42.15509],[23.01302,42.15571],[23.01062,42.15514],[23.01245,42.157],[23.01279,42.15871],[23.01347,42.15815],[23.01692,42.15904],[23.01648,42.15999],[23.01803,42.16054],[23.01826,42.16138],[23.01755,42.16418],[23.01993,42.16442],[23.01939,42.16623],[23.02014,42.16793],[23.01639,42.17275],[23.02018,42.17454],[23.02009,42.17536],[23.01816,42.1749],[23.01604,42.17611],[23.01775,42.17665],[23.01777,42.17594],[23.01881,42.17574],[23.01863,42.17687],[23.01647,42.17663],[23.01548,42.17788],[23.01411,42.17728],[23.01377,42.17889],[23.013,42.17849],[23.01406,42.17994],[23.01273,42.18036],[23.01255,42.18282],[23.01158,42.18107],[23.00769,42.18105],[23.00132,42.18422]]]},"properties":{"SiteCode":"BG0002107","SiteNameBG":"Бобошево","SiteType":"SPA","SiteArea":4835.2015000000001,"naturaClass":"spa"}},{"type":"Feature","geometry":{"type":"Polygon","coordinates":[[[22.9633,42.231],[22.96113,42.23109],[22.96114,42.2299],[22.95663,42.23012],[22.95279,42.22869],[22.95237,42.22948],[22.95011,42.22886],[22.95018,42.23054],[22.9426,42.23202],[22.93733,42.23069],[22.93376,42.23066],[22.93361,42.22974],[22.93211,42.22973],[22.9345,42.22738],[22.93293,42.22668],[22.9322,42.22709],[22.93331,42.22505],[22.93192,42.22567],[22.92732,42.22431],[22.92448,42.22687],[22.92065,42.2262],[22.91678,42.22711],[22.91281,42.22471],[22.91182,42.22483],[22.91137,42.22303],[22.91467,42.22339],[22.91552,42.22505],[22.91638,42.22502],[22.91665,42.22408],[22.91391,42.21976],[22.91169,42.22009],[22.90925,42.21909],[22.90846,42.2194],[22.90676,42.21601],[22.90511,42.21584],[22.90391,42.21434],[22.90566,42.21273],[22.90834,42.21207],[22.90698,42.20961],[22.90353,42.20587],[22.90108,42.2056],[22.89888,42.2066],[22.89998,42.20588],[22.89863,42.20551],[22.90308,42.205],[22.90325,42.20557],[22.90749,42.20568],[22.90733,42.20459],[22.908,42.20228],[22.91139,42.20155],[22.91601,42.19758],[22.92172,42.20087],[22.9223,42.2023],[22.92437,42.20355],[22.92704,42.20393],[22.92727,42.20223],[22.93091,42.1978],[22.92924,42.19604],[22.9291,42.19464],[22.93291,42.19245],[22.93687,42.1925],[22.94391,42.19439],[22.94845,42.19235],[22.94844,42.19108],[22.95071,42.19135],[22.95431,42.19513],[22.95189,42.19988],[22.95537,42.20418],[22.95595,42.20628],[22.95832,42.20474],[22.96145,42.20413],[22.96217,42.20455],[22.96439,42.20144],[22.96847,42.20038],[22.97136,42.19782],[22.97172,42.20039],[22.97031,42.20509],[22.97124,42.20795],[22.97385,42.20918],[22.97715,42.21356],[22.98002,42.2158],[22.9807,42.2137],[22.98409,42.21807],[22.98716,42.21848],[22.98762,42.21615],[22.98988,42.21907],[22.99138,42.2182],[22.99143,42.2188],[22.99321,42.21903],[22.99317,42.21744],[22.99451,42.21778],[22.99478,42.21861],[22.99719,42.21793],[22.99796,42.21722],[22.99646,42.21661],[22.99981,42.2167],[22.99959,42.21582],[22.99806,42.21528],[23.00023,42.21517],[23.00301,42.21353],[23.00266,42.21203],[23.00586,42.21103],[23.00673,42.21007],[23.00618,42.2085],[23.00946,42.21085],[23.01259,42.21004],[23.01251,42.21119],[23.01068,42.21459],[23.01115,42.21496],[23.01426,42.21348],[23.01585,42.2148],[23.01288,42.21731],[23.01362,42.22032],[23.01626,42.21985],[23.01725,42.22024],[23.01591,42.22085],[23.02,42.2205],[23.02199,42.2173],[23.02618,42.21693],[23.02526,42.21898],[23.02562,42.22122],[23.02411,42.22144],[23.02255,42.22285],[23.02187,42.22188],[23.02157,42.22322],[23.01964,42.22297],[23.01861,42.2252],[23.01714,42.22405],[23.01729,42.22695],[23.0153,42.22681],[23.01255,42.22811],[23.01007,42.22826],[23.0107,42.22915],[23.00797,42.23032],[23.00788,42.23109],[23.00741,42.23013],[23.00562,42.22956],[23.00615,42.2287],[23.00538,42.22899],[23.00428,42.23124],[23.00025,42.23366],[22.99579,42.2401],[22.99194,42.2428],[22.99066,42.24155],[22.99316,42.23934],[22.99282,42.23622],[22.99134,42.23402],[22.9871,42.23196],[22.98419,42.23165],[22.98311,42.23245],[22.98419,42.23075],[22.98391,42.2295],[22.98297,42.23124],[22.98311,42.22831],[22.98188,42.22759],[22.98096,42.22959],[22.97805,42.22926],[22.97662,42.23021],[22.97356,42.22981],[22.97312,42.2308],[22.97185,42.22932],[22.97,42.23015],[22.96911,42.22937],[22.96749,42.23076],[22.97125,42.23218],[22.9708,42.23301],[22.9633,42.231]]]},"properties":{"SiteCode":"BG0002108","SiteNameBG":"Скрино","SiteType":"SPA","SiteArea":2494.7080000000001,"naturaClass":"spa"}},{"type":"Feature","geometry":{"type":"Polygon","coordinates":[[[24.21502,43.04433],[24.19916,43.03879],[24.19169,43.03751],[24.17863,43.02623],[24.18001,43.02491],[24.18111,43.02555],[24.18238,43.02225],[24.17855,43.01963],[24.1769,43.01504],[24.18253,43.01293],[24.18161,43.00774],[24.18236,43.00181],[24.18619,42.9966],[24.18838,42.98751],[24.18943,42.98693],[24.18877,42.98568],[24.19221,42.98177],[24.1907,42.98036],[24.19409,42.97875],[24.19813,42.97418],[24.19782,42.9663],[24.19968,42.96379],[24.19968,42.96049],[24.19831,42.95914],[24.19679,42.95905],[24.19641,42.96013],[24.19458,42.962],[24.1949,42.96963],[24.19361,42.97396],[24.18948,42.97325],[24.18817,42.97564],[24.18582,42.97615],[24.18917,42.97783],[24.18505,42.98167],[24.18314,42.98837],[24.17894,42.99347],[24.17792,42.99667],[24.18032,42.99769],[24.17764,43.00107],[24.17636,43.00604],[24.17268,43.00584],[24.17141,43.00733],[24.17176,43.00842],[24.16911,43.00741],[24.16659,43.00819],[24.16677,43.00943],[24.1656,43.00997],[24.16867,43.0114],[24.16988,43.01272],[24.17014,43.01135],[24.16849,43.01039],[24.17074,43.00942],[24.17481,43.0117],[24.17271,43.01792],[24.16667,43.01929],[24.15678,43.01842],[24.15048,43.01668],[24.1497,43.01577],[24.14779,43.01544],[24.14601,43.01351],[24.14591,43.01175],[24.14336,43.01047],[24.14459,43.00936],[24.14316,43.00696],[24.14247,43.00737],[24.14042,43.0066],[24.14005,43.00896],[24.13454,43.00505],[24.13093,43.00371],[24.12842,43.00383],[24.12706,43.00323],[24.12741,43.00235],[24.12613,43.0027],[24.1218,42.99798],[24.12013,42.99375],[24.12123,42.99074],[24.12355,42.98825],[24.12422,42.9888],[24.12534,42.9879],[24.12714,42.98844],[24.12667,42.98755],[24.12525,42.98729],[24.12576,42.98693],[24.13299,42.98674],[24.13435,42.98527],[24.1318,42.98422],[24.1296,42.98208],[24.12802,42.98269],[24.1263,42.98018],[24.12191,42.98056],[24.12217,42.9818],[24.11867,42.97993],[24.11544,42.98037],[24.11256,42.9783],[24.11194,42.97693],[24.11279,42.97418],[24.10948,42.97277],[24.10932,42.97196],[24.11158,42.96833],[24.11267,42.96912],[24.1192,42.96708],[24.1213,42.96786],[24.1212,42.9666],[24.1221,42.96721],[24.12359,42.96705],[24.12118,42.96593],[24.12307,42.9659],[24.12314,42.96535],[24.12414,42.96538],[24.12581,42.96704],[24.12697,42.9669],[24.12878,42.96255],[24.13069,42.96106],[24.13119,42.96227],[24.13218,42.96124],[24.13301,42.96149],[24.13538,42.96444],[24.13468,42.96482],[24.13621,42.96561],[24.1383,42.96436],[24.13921,42.96477],[24.14156,42.96179],[24.14381,42.96139],[24.14572,42.95836],[24.14291,42.95603],[24.14316,42.95508],[24.14524,42.95555],[24.14365,42.95478],[24.14328,42.95319],[24.14636,42.9526],[24.1472,42.95337],[24.152,42.95291],[24.15498,42.954],[24.15507,42.95504],[24.15852,42.95463],[24.15729,42.95035],[24.16149,42.94498],[24.16145,42.94336],[24.1605,42.94437],[24.16103,42.9425],[24.16209,42.94217],[24.16174,42.94338],[24.16397,42.94414],[24.16322,42.94185],[24.16605,42.94223],[24.16709,42.94116],[24.1767,42.93914],[24.18027,42.93986],[24.19026,42.93989],[24.19377,42.94123],[24.19564,42.9427],[24.1928,42.94549],[24.19292,42.94759],[24.19394,42.94797],[24.19317,42.95047],[24.19826,42.95382],[24.19933,42.95315],[24.20064,42.95339],[24.20048,42.95106],[24.20238,42.95004],[24.19904,42.94895],[24.1999,42.94491],[24.19797,42.94216],[24.19842,42.9416],[24.20181,42.94102],[24.20842,42.93791],[24.2137,42.93731],[24.21574,42.93594],[24.22072,42.9362],[24.22375,42.93485],[24.22368,42.93424],[24.22619,42.93429],[24.23532,42.93058],[24.23915,42.92976],[24.24012,42.92854],[24.24138,42.92928],[24.24159,42.92766],[24.24247,42.928],[24.24792,42.92527],[24.24791,42.92464],[24.24811,42.92517],[24.24933,42.92456],[24.25116,42.92595],[24.25249,42.92864],[24.25503,42.92949],[24.25731,42.93382],[24.25983,42.93405],[24.26026,42.93326],[24.26168,42.93475],[24.26468,42.93358],[24.26563,42.929],[24.26735,42.92853],[24.26846,42.92658],[24.26838,42.92177],[24.26972,42.92307],[24.26843,42.92169],[24.27102,42.92213],[24.27228,42.92077],[24.27172,42.91953],[24.27448,42.92069],[24.27447,42.9189],[24.27661,42.91899],[24.27682,42.91845],[24.27592,42.91595],[24.27444,42.91583],[24.27694,42.91528],[24.27761,42.9141],[24.28199,42.91431],[24.28859,42.91256],[24.29019,42.91466],[24.29024,42.91354],[24.29291,42.91152],[24.29278,42.91229],[24.295,42.91324],[24.30404,42.91289],[24.30633,42.91036],[24.30459,42.90957],[24.30713,42.91022],[24.30814,42.90699],[24.31,42.90922],[24.30986,42.90871],[24.31368,42.9073],[24.31492,42.90547],[24.31397,42.90497],[24.31537,42.90492],[24.32323,42.90862],[24.32643,42.90839],[24.31549,42.90344],[24.31568,42.90157],[24.31391,42.90125],[24.31384,42.89981],[24.31737,42.89698],[24.32011,42.89623],[24.32314,42.89296],[24.32348,42.88878],[24.32758,42.88612],[24.33114,42.88792],[24.33474,42.88788],[24.33529,42.88712],[24.33879,42.88618],[24.33968,42.88671],[24.34096,42.88586],[24.34599,42.88567],[24.34734,42.88681],[24.34971,42.88489],[24.3512,42.88501],[24.35318,42.88304],[24.35375,42.88441],[24.35553,42.88478],[24.3583,42.88307],[24.36217,42.8846],[24.36326,42.88426],[24.36631,42.88681],[24.36868,42.88648],[24.36973,42.88798],[24.36916,42.88829],[24.37099,42.88829],[24.37058,42.88917],[24.37518,42.88938],[24.37632,42.88834],[24.37528,42.88763],[24.37473,42.88437],[24.37712,42.88373],[24.37703,42.88257],[24.3775,42.88339],[24.37862,42.88254],[24.38115,42.88402],[24.38105,42.88191],[24.38172,42.88226],[24.38237,42.88418],[24.38319,42.88173],[24.38458,42.88189],[24.38456,42.88076],[24.38615,42.88184],[24.38703,42.87962],[24.38821,42.87965],[24.39138,42.8822],[24.39197,42.88098],[24.39226,42.88192],[24.39439,42.88068],[24.39512,42.88162],[24.39481,42.88051],[24.39659,42.88051],[24.39684,42.88191],[24.39909,42.8808],[24.40029,42.88321],[24.39929,42.88013],[24.39986,42.87952],[24.40157,42.88079],[24.4034,42.88083],[24.40339,42.88145],[24.40531,42.88077],[24.40484,42.87994],[24.40584,42.88119],[24.40687,42.88048],[24.40638,42.88198],[24.40941,42.88362],[24.4097,42.88166],[24.41085,42.88072],[24.41304,42.88058],[24.41168,42.8831],[24.41207,42.884],[24.41564,42.88439],[24.417,42.88555],[24.42012,42.88542],[24.41766,42.88505],[24.41978,42.88363],[24.42189,42.8846],[24.42976,42.88338],[24.43342,42.88362],[24.43361,42.88435],[24.4406,42.88277],[24.4413,42.88353],[24.4403,42.88359],[24.43996,42.88483],[24.44115,42.88554],[24.44138,42.88736],[24.44483,42.89068],[24.4479,42.89196],[24.44773,42.89291],[24.44863,42.89112],[24.4489,42.89264],[24.45036,42.8922],[24.44962,42.89083],[24.45089,42.89064],[24.44883,42.89032],[24.44707,42.88763],[24.44898,42.88812],[24.44925,42.88943],[24.44973,42.88837],[24.45,42.88996],[24.45067,42.88944],[24.45147,42.89012],[24.4509,42.88835],[24.45205,42.88924],[24.45335,42.88871],[24.45278,42.88952],[24.45342,42.89005],[24.45613,42.88933],[24.45574,42.88883],[24.45833,42.88945],[24.45843,42.88876],[24.46197,42.88807],[24.4642,42.88397],[24.47118,42.87992],[24.47533,42.87967],[24.47676,42.88081],[24.4778,42.87719],[24.48342,42.87394],[24.48089,42.87574],[24.48086,42.87644],[24.48302,42.87608],[24.48102,42.87753],[24.48938,42.87468],[24.49337,42.87503],[24.49577,42.87695],[24.50335,42.87666],[24.50457,42.87549],[24.50659,42.87501],[24.51211,42.87669],[24.51556,42.87657],[24.51689,42.87843],[24.52054,42.87998],[24.51941,42.88125],[24.52045,42.88175],[24.51964,42.88366],[24.52018,42.88837],[24.52298,42.88923],[24.52503,42.88791],[24.52377,42.8864],[24.52519,42.88555],[24.52581,42.88655],[24.52782,42.88557],[24.52946,42.88233],[24.53302,42.88282],[24.5338,42.88409],[24.53554,42.88431],[24.53594,42.88309],[24.53792,42.88267],[24.53878,42.87971],[24.5437,42.87941],[24.54687,42.87796],[24.54893,42.87791],[24.55492,42.87932],[24.55504,42.88003],[24.55371,42.88047],[24.55878,42.88203],[24.55788,42.88308],[24.55878,42.88325],[24.55915,42.88234],[24.56041,42.88383],[24.56395,42.88413],[24.57651,42.88186],[24.57716,42.88268],[24.58353,42.88187],[24.58343,42.88304],[24.58615,42.88313],[24.58433,42.88231],[24.58892,42.88196],[24.59599,42.88018],[24.60096,42.88048],[24.60948,42.88339],[24.61179,42.88511],[24.61195,42.88684],[24.60891,42.88879],[24.60133,42.89026],[24.59614,42.8927],[24.58811,42.89469],[24.58854,42.896],[24.5857,42.89565],[24.58409,42.89714],[24.58284,42.89621],[24.581,42.89814],[24.57973,42.89732],[24.57762,42.89907],[24.57518,42.89701],[24.5698,42.89511],[24.56843,42.89307],[24.56502,42.89234],[24.56261,42.89326],[24.5598,42.89281],[24.55928,42.89399],[24.55814,42.89471],[24.55824,42.89718],[24.55681,42.89985],[24.55813,42.90395],[24.56284,42.90584],[24.56354,42.90983],[24.56588,42.91286],[24.56704,42.91307],[24.57046,42.91686],[24.57052,42.91998],[24.57444,42.92435],[24.57792,42.92441],[24.58125,42.92707],[24.584,42.92754],[24.58507,42.92847],[24.58672,42.92875],[24.5868,42.92822],[24.5916,42.93072],[24.59381,42.92977],[24.59795,42.9307],[24.59843,42.93149],[24.59943,42.93127],[24.6003,42.93271],[24.60444,42.93397],[24.6054,42.93496],[24.60443,42.93514],[24.60545,42.93598],[24.60479,42.93703],[24.60014,42.93871],[24.60009,42.93946],[24.59912,42.93922],[24.59434,42.94371],[24.59353,42.947],[24.59011,42.94953],[24.591,42.94957],[24.58968,42.95083],[24.59047,42.95097],[24.59005,42.95176],[24.58484,42.95599],[24.58408,42.95928],[24.58522,42.9617],[24.58382,42.96284],[24.58177,42.96219],[24.57937,42.96569],[24.57861,42.9651],[24.57376,42.96683],[24.57114,42.97097],[24.56712,42.96964],[24.56167,42.97082],[24.56067,42.96959],[24.55975,42.96979],[24.56156,42.97185],[24.56008,42.97254],[24.56049,42.9729],[24.5572,42.97108],[24.54968,42.97056],[24.54675,42.96898],[24.53732,42.96932],[24.53321,42.97133],[24.53094,42.9713],[24.52595,42.97305],[24.52287,42.97515],[24.52235,42.97713],[24.51988,42.97621],[24.51786,42.97661],[24.51751,42.97485],[24.51441,42.97326],[24.51166,42.97274],[24.50911,42.97352],[24.50889,42.9744],[24.51024,42.97509],[24.50945,42.97922],[24.50614,42.98052],[24.5008,42.97761],[24.49902,42.9774],[24.49826,42.97772],[24.49905,42.97816],[24.49817,42.97791],[24.49664,42.97901],[24.49646,42.9806],[24.49473,42.98013],[24.49505,42.9775],[24.49837,42.97731],[24.4976,42.97603],[24.50104,42.97373],[24.4993,42.97292],[24.49595,42.97315],[24.49698,42.97091],[24.49951,42.96867],[24.49813,42.96772],[24.49941,42.96669],[24.49582,42.96745],[24.49347,42.96566],[24.49322,42.96352],[24.4893,42.9609],[24.48945,42.96221],[24.48799,42.9638],[24.49045,42.96399],[24.49065,42.96472],[24.48937,42.96535],[24.49106,42.96527],[24.49075,42.96602],[24.4927,42.96626],[24.49062,42.97184],[24.48904,42.97415],[24.48664,42.97331],[24.48787,42.97506],[24.48713,42.97665],[24.48532,42.97586],[24.48493,42.97432],[24.48309,42.97484],[24.48378,42.97555],[24.48313,42.9766],[24.48072,42.97725],[24.48004,42.97625],[24.47879,42.97615],[24.47902,42.9752],[24.482,42.97148],[24.48323,42.9713],[24.48307,42.96984],[24.4811,42.96866],[24.48033,42.96963],[24.47881,42.96976],[24.47682,42.97286],[24.47844,42.97319],[24.47743,42.9737],[24.4743,42.97165],[24.47131,42.97332],[24.46975,42.97249],[24.46912,42.97283],[24.46814,42.97167],[24.46632,42.9719],[24.46619,42.97082],[24.46507,42.97057],[24.46523,42.96845],[24.46387,42.96756],[24.45998,42.97023],[24.45715,42.96944],[24.45598,42.97001],[24.45477,42.96694],[24.45272,42.96754],[24.45187,42.96918],[24.45016,42.96835],[24.44865,42.96865],[24.44937,42.96932],[24.44843,42.97077],[24.4495,42.97233],[24.44873,42.9731],[24.44918,42.97457],[24.45225,42.97525],[24.44999,42.97909],[24.44756,42.97835],[24.44551,42.97645],[24.44571,42.97775],[24.44365,42.97789],[24.44424,42.97886],[24.44203,42.97839],[24.4406,42.98005],[24.43827,42.9795],[24.43792,42.98068],[24.43656,42.98005],[24.43889,42.9831],[24.43765,42.9836],[24.43778,42.98527],[24.43626,42.98564],[24.43691,42.98739],[24.43576,42.98911],[24.43263,42.98811],[24.43326,42.99273],[24.43526,42.99332],[24.43642,42.9918],[24.44001,42.991],[24.44104,42.99221],[24.44272,42.99287],[24.44388,42.99159],[24.44416,42.99426],[24.44843,42.99409],[24.44886,42.99237],[24.45173,42.99279],[24.45294,42.99104],[24.45396,42.99239],[24.45604,42.99184],[24.45555,42.98962],[24.45841,42.99229],[24.46303,42.99339],[24.46386,42.99263],[24.46309,42.98957],[24.46382,42.98813],[24.46537,42.98783],[24.46634,42.98847],[24.46769,42.98545],[24.46799,42.98588],[24.47009,42.98521],[24.47212,42.98759],[24.47459,42.98865],[24.47731,42.98759],[24.47966,42.98781],[24.48041,42.98596],[24.48322,42.98568],[24.48281,42.98478],[24.48568,42.98397],[24.4905,42.98545],[24.48887,42.98699],[24.48957,42.9894],[24.48576,42.99074],[24.48666,42.99171],[24.48608,42.9922],[24.48462,42.99182],[24.48261,42.99243],[24.47666,42.99591],[24.47659,42.99713],[24.47354,42.99741],[24.47331,42.99856],[24.4728,42.99802],[24.46829,42.99904],[24.46802,43.0],[24.46551,42.99956],[24.46284,43.00121],[24.4562,43.00336],[24.45415,43.00289],[24.44632,43.00365],[24.44557,43.00499],[24.44291,43.00569],[24.44358,43.0085],[24.44183,43.00803],[24.43967,43.00918],[24.43994,43.01041],[24.4367,43.01152],[24.43515,43.01303],[24.43351,43.01278],[24.42165,43.01494],[24.42027,43.0139],[24.41982,43.01489],[24.4054,43.02069],[24.39789,43.02163],[24.38255,43.02712],[24.38217,43.02564],[24.37976,43.02479],[24.37083,43.02809],[24.36774,43.02714],[24.36727,43.03052],[24.36464,43.03078],[24.36227,43.02958],[24.35432,43.03137],[24.35061,43.0335],[24.35038,43.03427],[24.35201,43.03498],[24.3416,43.03499],[24.34093,43.03592],[24.34047,43.0352],[24.33345,43.03541],[24.32368,43.03327],[24.3238,43.03457],[24.32274,43.03533],[24.31961,43.03502],[24.31711,43.03379],[24.31585,43.03404],[24.3154,43.03535],[24.30801,43.03562],[24.30396,43.03472],[24.30498,43.03419],[24.30253,43.03404],[24.30076,43.0324],[24.29922,43.03321],[24.29935,43.03253],[24.29494,43.033],[24.29226,43.03253],[24.28991,43.0341],[24.28729,43.03368],[24.28604,43.03127],[24.28411,43.03201],[24.28316,43.03117],[24.28138,43.03128],[24.28242,43.03489],[24.27837,43.03556],[24.27804,43.03651],[24.27364,43.03626],[24.27341,43.03741],[24.2718,43.03821],[24.27368,43.04101],[24.28165,43.04067],[24.28103,43.04138],[24.28166,43.04229],[24.28353,43.04299],[24.28339,43.04692],[24.28427,43.04744],[24.28119,43.0504],[24.27647,43.05118],[24.2759,43.05334],[24.2769,43.05289],[24.27706,43.0535],[24.27643,43.05495],[24.27864,43.05477],[24.27657,43.0554],[24.27692,43.05672],[24.27169,43.05734],[24.26761,43.05874],[24.26601,43.06065],[24.26268,43.0618],[24.25817,43.06547],[24.25735,43.06491],[24.25756,43.06201],[24.25531,43.05991],[24.25217,43.05897],[24.24646,43.06044],[24.24441,43.05904],[24.24516,43.05901],[24.24479,43.05808],[24.24322,43.0566],[24.2398,43.05792],[24.23565,43.05743],[24.23067,43.05873],[24.22897,43.05853],[24.22835,43.05616],[24.21538,43.04799],[24.21538,43.04492],[24.21632,43.04531],[24.21685,43.04473],[24.21604,43.04326],[24.21463,43.04351],[24.21502,43.04433]]]},"properties":{"SiteCode":"BG0002109","SiteNameBG":"Васильовска планина","SiteType":"SPA","SiteArea":45472.788099999998,"naturaClass":"spa"}},{"type":"Feature","geometry":{"type":"MultiPolygon","coordinates":[[[[24.88544,42.85027],[24.88602,42.85007],[24.88651,42.85067],[24.89246,42.85024],[24.89633,42.85146],[24.89608,42.85262],[24.89789,42.85134],[24.90043,42.85213],[24.9007,42.85355],[24.90165,42.85344],[24.90166,42.85442],[24.90501,42.855],[24.91185,42.85875],[24.91188,42.85707],[24.91346,42.85645],[24.91451,42.85689],[24.91676,42.85558],[24.9179,42.85615],[24.92024,42.85555],[24.92334,42.85652],[24.92443,42.85587],[24.92758,42.85585],[24.93059,42.85673],[24.93018,42.85737],[24.93185,42.8583],[24.93301,42.85799],[24.93397,42.85961],[24.93469,42.85832],[24.93597,42.85898],[24.93811,42.85865],[24.93933,42.85963],[24.94095,42.85895],[24.94572,42.85944],[24.94736,42.85896],[24.94736,42.85951],[24.95072,42.85879],[24.95032,42.86114],[24.95132,42.86125],[24.9515,42.86041],[24.95512,42.86149],[24.95628,42.86118],[24.95612,42.8623],[24.95548,42.8619],[24.95447,42.86306],[24.95392,42.86509],[24.9535,42.86394],[24.95204,42.86432],[24.94888,42.86266],[24.94715,42.86334],[24.94622,42.86191],[24.94467,42.86492],[24.94286,42.86359],[24.94405,42.86282],[24.94326,42.8616],[24.94031,42.8608],[24.93915,42.8623],[24.93911,42.86048],[24.93809,42.86122],[24.93503,42.85934],[24.93357,42.86105],[24.93599,42.86492],[24.93574,42.86802],[24.93957,42.86628],[24.93973,42.86875],[24.94159,42.86834],[24.94201,42.86878],[24.94086,42.8694],[24.94257,42.86937],[24.94554,42.87078],[24.94186,42.87308],[24.94238,42.87507],[24.94103,42.87689],[24.93836,42.87712],[24.93713,42.87621],[24.93576,42.8767],[24.93565,42.87755],[24.93503,42.8769],[24.93361,42.87703],[24.93546,42.87887],[24.93418,42.87932],[24.93543,42.88009],[24.93487,42.88049],[24.93397,42.8794],[24.9328,42.88056],[24.93134,42.88043],[24.92681,42.87883],[24.92537,42.87725],[24.92103,42.87676],[24.91854,42.87783],[24.9168,42.87519],[24.91654,42.87582],[24.91516,42.87503],[24.91177,42.87539],[24.90928,42.8743],[24.91037,42.87555],[24.90812,42.87494],[24.90827,42.87664],[24.90635,42.87955],[24.90304,42.88039],[24.9014,42.88191],[24.89827,42.88158],[24.89784,42.87989],[24.89904,42.8793],[24.89726,42.87966],[24.89628,42.87879],[24.89361,42.87888],[24.8938,42.87826],[24.88693,42.87664],[24.88602,42.87747],[24.88388,42.87749],[24.88202,42.87597],[24.88366,42.87527],[24.87999,42.87421],[24.87764,42.87266],[24.87715,42.87322],[24.87631,42.87074],[24.87282,42.87175],[24.8717,42.87084],[24.87285,42.87015],[24.8723,42.86764],[24.87525,42.86603],[24.87422,42.86497],[24.87575,42.86354],[24.87447,42.86302],[24.87538,42.86166],[24.87674,42.86127],[24.8767,42.85928],[24.87813,42.85681],[24.87804,42.85586],[24.87624,42.85461],[24.87927,42.85238],[24.88544,42.85027]]],[[[24.88152,42.8508],[24.87863,42.84781],[24.87597,42.84793],[24.87431,42.84583],[24.87506,42.84487],[24.87371,42.84471],[24.87441,42.84292],[24.87285,42.84254],[24.87362,42.84095],[24.87279,42.84072],[24.87365,42.84042],[24.8721,42.83949],[24.8722,42.8384],[24.86652,42.83584],[24.86681,42.83099],[24.86569,42.82962],[24.86464,42.82965],[24.86604,42.82818],[24.86594,42.8261],[24.86453,42.82632],[24.86456,42.82521],[24.86328,42.82524],[24.86139,42.82332],[24.86198,42.82113],[24.86025,42.82072],[24.86201,42.82029],[24.85999,42.82028],[24.85999,42.8197],[24.86223,42.81822],[24.86175,42.81673],[24.86065,42.81773],[24.8615,42.81594],[24.85811,42.81469],[24.86019,42.81355],[24.8611,42.81088],[24.86038,42.81052],[24.8663,42.80953],[24.8704,42.8103],[24.87136,42.8095],[24.8743,42.80971],[24.87709,42.81206],[24.87838,42.81201],[24.87886,42.81332],[24.88211,42.81405],[24.88233,42.8165],[24.88831,42.82151],[24.88466,42.82292],[24.88401,42.82399],[24.88136,42.82363],[24.88147,42.82424],[24.87831,42.82574],[24.88023,42.82735],[24.88139,42.82734],[24.88093,42.82792],[24.88209,42.82931],[24.88007,42.83249],[24.88003,42.83456],[24.88172,42.83722],[24.88086,42.83819],[24.88416,42.84214],[24.88295,42.84262],[24.8839,42.84819],[24.88544,42.85027],[24.88152,42.8508]]]]},"properties":{"SiteCode":"BG0002110","SiteNameBG":"Априлци","SiteType":"SPA","SiteArea":1935.2735,"naturaClass":"spa"}},{"type":"Feature","geometry":{"type":"Polygon","coordinates":[[[24.81683,42.92991],[24.81565,42.92947],[24.81382,42.93004],[24.81238,42.92827],[24.80593,42.92885],[24.80474,42.928],[24.80281,42.92907],[24.80302,42.93036],[24.8042,42.93105],[24.79752,42.93263],[24.79701,42.93182],[24.7948,42.93269],[24.79557,42.92699],[24.79347,42.92819],[24.79032,42.92845],[24.786,42.92631],[24.7825,42.92659],[24.78383,42.92388],[24.77978,42.92359],[24.78006,42.92236],[24.78201,42.92169],[24.78227,42.92064],[24.7861,42.91879],[24.78616,42.91466],[24.79399,42.91046],[24.7944,42.90914],[24.79774,42.90875],[24.79813,42.90812],[24.79615,42.90702],[24.79737,42.90385],[24.80247,42.90504],[24.80237,42.90396],[24.80468,42.90378],[24.80477,42.90281],[24.8065,42.90451],[24.80843,42.90394],[24.80966,42.90177],[24.81285,42.90151],[24.8126,42.89857],[24.81473,42.8959],[24.81412,42.89453],[24.81804,42.89349],[24.81957,42.89207],[24.82034,42.89234],[24.82167,42.8902],[24.81828,42.88792],[24.81799,42.8861],[24.81556,42.88431],[24.81729,42.88134],[24.8197,42.8801],[24.81972,42.87939],[24.82133,42.87977],[24.82111,42.87745],[24.82213,42.87595],[24.82623,42.87567],[24.82846,42.87659],[24.83179,42.87914],[24.83445,42.87995],[24.83553,42.87879],[24.83441,42.87748],[24.83456,42.87652],[24.83519,42.87708],[24.83476,42.8764],[24.83689,42.87704],[24.83682,42.8753],[24.83779,42.87517],[24.83957,42.87227],[24.83974,42.87568],[24.84259,42.87739],[24.84189,42.87907],[24.84446,42.87921],[24.84832,42.88225],[24.85023,42.88203],[24.85097,42.8807],[24.85145,42.88172],[24.85296,42.88034],[24.85778,42.88154],[24.85971,42.88374],[24.85942,42.88459],[24.86212,42.88579],[24.86093,42.88771],[24.86154,42.88795],[24.86585,42.88776],[24.86618,42.88699],[24.87078,42.88696],[24.87297,42.88842],[24.87528,42.88846],[24.87596,42.88914],[24.87705,42.8886],[24.87815,42.88932],[24.8791,42.88892],[24.88108,42.8907],[24.89317,42.89178],[24.89594,42.89323],[24.89686,42.8953],[24.89677,42.89983],[24.90038,42.90282],[24.90249,42.90584],[24.90234,42.90654],[24.90073,42.90628],[24.90001,42.90728],[24.89933,42.90591],[24.89891,42.90679],[24.89724,42.90687],[24.89089,42.90367],[24.88751,42.90536],[24.88829,42.90628],[24.88768,42.90688],[24.88527,42.90636],[24.88613,42.9061],[24.88485,42.90527],[24.88391,42.9057],[24.88492,42.90414],[24.88221,42.90111],[24.88275,42.90026],[24.87734,42.89717],[24.87214,42.89689],[24.87227,42.89889],[24.87389,42.90032],[24.87329,42.90086],[24.87479,42.90046],[24.87541,42.90141],[24.87373,42.9016],[24.87354,42.90288],[24.87268,42.90169],[24.8707,42.90308],[24.87136,42.90161],[24.8707,42.90114],[24.863,42.9013],[24.86058,42.89929],[24.85769,42.89901],[24.85644,42.89824],[24.85735,42.89601],[24.85682,42.89357],[24.85603,42.89373],[24.85554,42.89263],[24.85454,42.89394],[24.85374,42.89286],[24.85094,42.89263],[24.84975,42.89319],[24.84954,42.89239],[24.84856,42.89244],[24.85165,42.89207],[24.85489,42.8924],[24.85504,42.89133],[24.85293,42.8915],[24.85214,42.88953],[24.8481,42.88904],[24.84996,42.88664],[24.84989,42.88527],[24.844,42.88694],[24.84004,42.88685],[24.8406,42.88548],[24.83722,42.88484],[24.83766,42.88425],[24.83663,42.88387],[24.83597,42.88434],[24.83432,42.88224],[24.83259,42.88173],[24.83195,42.88228],[24.83085,42.88147],[24.8284,42.88196],[24.82909,42.88314],[24.82834,42.88397],[24.82809,42.88528],[24.82959,42.8871],[24.82881,42.88715],[24.82707,42.89293],[24.82912,42.8947],[24.8283,42.89478],[24.82839,42.89609],[24.82977,42.89714],[24.82954,42.89874],[24.83115,42.90087],[24.83209,42.90094],[24.83035,42.90206],[24.83195,42.90259],[24.83108,42.90273],[24.83271,42.9082],[24.82991,42.91323],[24.83065,42.91776],[24.82746,42.92237],[24.82819,42.92381],[24.82945,42.92411],[24.83386,42.92154],[24.83596,42.92184],[24.83862,42.92611],[24.83761,42.9322],[24.83925,42.93469],[24.84126,42.93438],[24.84159,42.93338],[24.84239,42.93492],[24.84409,42.93533],[24.8432,42.93338],[24.84397,42.93157],[24.84765,42.93179],[24.84946,42.9327],[24.85058,42.92943],[24.85122,42.92922],[24.85126,42.93012],[24.85363,42.93009],[24.85366,42.93087],[24.85522,42.92947],[24.85795,42.92898],[24.86054,42.93206],[24.864,42.93025],[24.86617,42.93095],[24.86764,42.93035],[24.8687,42.93077],[24.86942,42.93288],[24.86667,42.93481],[24.86712,42.93575],[24.86577,42.93593],[24.86627,42.93711],[24.86502,42.93787],[24.86318,42.93627],[24.86262,42.93672],[24.86195,42.93602],[24.86154,42.93689],[24.86044,42.93631],[24.86017,42.93678],[24.85953,42.93548],[24.85617,42.9334],[24.8554,42.93489],[24.85597,42.93542],[24.85481,42.93567],[24.85397,42.9374],[24.85012,42.93878],[24.85144,42.93936],[24.85581,42.93823],[24.85548,42.94007],[24.85325,42.94015],[24.85209,42.94243],[24.84985,42.94076],[24.84453,42.94158],[24.83544,42.93942],[24.83641,42.93816],[24.83514,42.93757],[24.83597,42.93725],[24.83563,42.93556],[24.83311,42.93392],[24.8316,42.93399],[24.83213,42.93313],[24.83069,42.93264],[24.82938,42.93342],[24.82993,42.934],[24.82705,42.93347],[24.8265,42.93506],[24.81993,42.93395],[24.81825,42.93512],[24.81901,42.93949],[24.81671,42.93445],[24.8144,42.93181],[24.81445,42.93104],[24.81683,42.92991]]]},"properties":{"SiteCode":"BG0002111","SiteNameBG":"Велчево","SiteType":"SPA","SiteArea":2311.5029,"naturaClass":"spa"}},{"type":"Feature","geometry":{"type":"Polygon","coordinates":[[[22.57558,42.86284],[22.56373,42.87039],[22.56051,42.87173],[22.55585,42.87152],[22.55378,42.87236],[22.55043,42.87501],[22.54664,42.87682],[22.54274,42.87763],[22.53984,42.88044],[22.53556,42.88218],[22.53364,42.87961],[22.52798,42.87656],[22.52415,42.87612],[22.52215,42.87677],[22.5205,42.87572],[22.51548,42.86857],[22.5174,42.86604],[22.5175,42.86423],[22.51495,42.86326],[22.51755,42.8618],[22.51545,42.85645],[22.51051,42.85418],[22.50718,42.85059],[22.5024,42.85049],[22.49891,42.84899],[22.49271,42.84445],[22.49028,42.8437],[22.48864,42.84217],[22.48825,42.84042],[22.48313,42.8381],[22.48072,42.83507],[22.47657,42.83334],[22.47526,42.83189],[22.46964,42.83061],[22.46493,42.83369],[22.46119,42.83068],[22.45517,42.82955],[22.45009,42.82614],[22.44575,42.82475],[22.44132,42.82535],[22.43996,42.82368],[22.43945,42.82163],[22.44105,42.81666],[22.43976,42.81321],[22.44077,42.8058],[22.44868,42.80242],[22.44916,42.79958],[22.45391,42.80107],[22.45037,42.80353],[22.45254,42.80417],[22.45509,42.80321],[22.45674,42.80078],[22.45486,42.79846],[22.45718,42.79848],[22.46081,42.79696],[22.4607,42.7955],[22.46728,42.78961],[22.46759,42.78724],[22.46985,42.78553],[22.4699,42.78428],[22.47087,42.78455],[22.47128,42.78386],[22.47292,42.7854],[22.47488,42.78465],[22.47468,42.78316],[22.48207,42.7822],[22.48286,42.78379],[22.48437,42.78389],[22.48364,42.78554],[22.48535,42.78657],[22.48583,42.78571],[22.49095,42.78728],[22.49241,42.78697],[22.49168,42.78783],[22.49236,42.78857],[22.49428,42.78911],[22.49688,42.78822],[22.49815,42.7867],[22.49639,42.78778],[22.4984,42.7864],[22.50163,42.78593],[22.50291,42.78599],[22.50525,42.7877],[22.50736,42.78574],[22.50883,42.78547],[22.51,42.78625],[22.51249,42.78646],[22.51228,42.78571],[22.5141,42.78662],[22.51364,42.78573],[22.5152,42.78587],[22.51773,42.78437],[22.52143,42.78438],[22.52415,42.78523],[22.5311,42.78478],[22.53347,42.78392],[22.53582,42.78456],[22.53724,42.78665],[22.54368,42.79009],[22.54719,42.79321],[22.54774,42.79494],[22.54649,42.79656],[22.54698,42.79832],[22.5458,42.7981],[22.54576,42.79915],[22.54868,42.80138],[22.54975,42.80464],[22.54852,42.80693],[22.55127,42.81099],[22.55633,42.81169],[22.55689,42.81113],[22.55746,42.81172],[22.55894,42.81111],[22.56646,42.81444],[22.56776,42.81568],[22.57014,42.81486],[22.57035,42.81209],[22.57304,42.81118],[22.5744,42.81178],[22.57416,42.81244],[22.57782,42.81326],[22.59225,42.8102],[22.59224,42.809],[22.5998,42.80589],[22.6044,42.80196],[22.6071,42.79799],[22.60929,42.79785],[22.61021,42.7947],[22.60807,42.78975],[22.60744,42.78111],[22.60555,42.77921],[22.6064,42.77874],[22.60595,42.778],[22.60856,42.777],[22.60952,42.77828],[22.61125,42.77797],[22.61154,42.77891],[22.61156,42.77791],[22.61275,42.77804],[22.61316,42.78066],[22.61953,42.79082],[22.62178,42.79086],[22.62,42.79269],[22.62536,42.79959],[22.62393,42.79925],[22.62217,42.80156],[22.62283,42.80485],[22.62149,42.8065],[22.6232,42.80878],[22.62713,42.81089],[22.62993,42.80877],[22.63259,42.80921],[22.6361,42.81801],[22.6364,42.82141],[22.63522,42.82599],[22.63711,42.82988],[22.63585,42.83059],[22.6355,42.83306],[22.63985,42.83408],[22.64043,42.83362],[22.64246,42.83486],[22.64228,42.83681],[22.64431,42.83751],[22.64437,42.83854],[22.64668,42.83885],[22.64778,42.84087],[22.65639,42.84283],[22.65402,42.84025],[22.65414,42.83963],[22.6556,42.83941],[22.65456,42.83858],[22.65512,42.83753],[22.65788,42.83806],[22.65897,42.83578],[22.65847,42.83457],[22.66124,42.8327],[22.66309,42.83272],[22.66335,42.83125],[22.66144,42.83118],[22.66249,42.8296],[22.66209,42.82776],[22.66496,42.82741],[22.66617,42.82797],[22.66667,42.82652],[22.66353,42.82637],[22.66717,42.82134],[22.67112,42.81937],[22.67284,42.82136],[22.67467,42.82053],[22.67594,42.82174],[22.67831,42.82052],[22.68013,42.82059],[22.68184,42.82167],[22.68426,42.8219],[22.68448,42.8212],[22.68637,42.82091],[22.68643,42.81586],[22.69069,42.8127],[22.69269,42.81258],[22.69344,42.80888],[22.69183,42.80825],[22.69588,42.80545],[22.69599,42.80305],[22.6979,42.80059],[22.70086,42.79822],[22.70012,42.79663],[22.70083,42.7959],[22.70338,42.79668],[22.70642,42.80012],[22.7107,42.80223],[22.70932,42.7999],[22.70998,42.79888],[22.71091,42.79955],[22.71039,42.79472],[22.71075,42.79388],[22.712,42.79367],[22.7116,42.79141],[22.71263,42.79041],[22.71188,42.78984],[22.71339,42.78858],[22.71458,42.78981],[22.71674,42.78877],[22.71616,42.78626],[22.71454,42.78545],[22.71649,42.78501],[22.7152,42.78427],[22.71596,42.7841],[22.7163,42.7846],[22.71759,42.78319],[22.71825,42.78065],[22.71936,42.78108],[22.72069,42.7806],[22.72358,42.77752],[22.72637,42.77596],[22.74002,42.77143],[22.74329,42.76921],[22.74331,42.76987],[22.74521,42.76896],[22.74718,42.7703],[22.75224,42.77127],[22.7546,42.77092],[22.75327,42.7726],[22.75046,42.77383],[22.74814,42.77381],[22.7419,42.77736],[22.74312,42.77888],[22.74127,42.77956],[22.74071,42.78092],[22.74154,42.78204],[22.74447,42.78168],[22.7452,42.78245],[22.74502,42.78354],[22.74273,42.7838],[22.74501,42.78775],[22.74304,42.78801],[22.7435,42.79112],[22.73723,42.7921],[22.7414,42.79213],[22.74047,42.79334],[22.74212,42.79277],[22.74222,42.79335],[22.74354,42.79341],[22.75261,42.79213],[22.7503,42.79551],[22.75128,42.79636],[22.7506,42.79861],[22.75174,42.79779],[22.75232,42.79957],[22.74909,42.8029],[22.74721,42.8018],[22.74737,42.80324],[22.74625,42.80454],[22.74775,42.8042],[22.7414,42.80694],[22.7406,42.80811],[22.73926,42.80829],[22.73861,42.80967],[22.73679,42.81002],[22.73637,42.8112],[22.73359,42.81149],[22.73257,42.81249],[22.73013,42.81155],[22.72837,42.81269],[22.72709,42.81217],[22.7256,42.81314],[22.72254,42.81293],[22.72063,42.81388],[22.72054,42.81574],[22.71798,42.81748],[22.71798,42.81921],[22.72035,42.81939],[22.72036,42.82038],[22.71655,42.82322],[22.72037,42.82431],[22.71144,42.83158],[22.71483,42.83312],[22.71559,42.83599],[22.7163,42.83559],[22.71909,42.83729],[22.72071,42.83575],[22.72288,42.83816],[22.72283,42.83957],[22.72514,42.8421],[22.7234,42.84335],[22.72035,42.84258],[22.72069,42.84515],[22.71981,42.8457],[22.72199,42.84599],[22.72511,42.85023],[22.72365,42.85013],[22.72206,42.85147],[22.71986,42.85198],[22.7189,42.85349],[22.71193,42.85795],[22.70836,42.86152],[22.707,42.86212],[22.70594,42.86114],[22.70377,42.86202],[22.70454,42.86339],[22.70271,42.8636],[22.70379,42.86481],[22.70388,42.86727],[22.70597,42.86793],[22.70634,42.86719],[22.70728,42.86741],[22.70954,42.8724],[22.71018,42.87656],[22.70892,42.87896],[22.70745,42.87923],[22.70769,42.88043],[22.70464,42.87878],[22.70522,42.87941],[22.70169,42.88433],[22.69732,42.88432],[22.69561,42.88358],[22.69555,42.87876],[22.68141,42.87219],[22.68119,42.8697],[22.68226,42.86835],[22.67825,42.86545],[22.67522,42.86632],[22.67433,42.86844],[22.67487,42.87057],[22.67278,42.87351],[22.67403,42.87499],[22.6736,42.87572],[22.66715,42.87697],[22.66111,42.88183],[22.65641,42.88304],[22.65553,42.88233],[22.6529,42.8832],[22.64678,42.87963],[22.64029,42.87799],[22.63051,42.88509],[22.62443,42.89208],[22.62015,42.89441],[22.61942,42.89606],[22.61254,42.89534],[22.60928,42.89343],[22.60554,42.89329],[22.60366,42.8919],[22.60027,42.89389],[22.59638,42.89426],[22.59127,42.89042],[22.58688,42.89077],[22.58401,42.89217],[22.58138,42.88842],[22.57997,42.88338],[22.57442,42.87874],[22.57263,42.87549],[22.57376,42.87365],[22.57212,42.87173],[22.57558,42.86284]]]},"properties":{"SiteCode":"BG0002112","SiteNameBG":"Руй","SiteType":"SPA","SiteArea":17399.679899999999,"naturaClass":"spa"}},{"type":"Feature","geometry":{"type":"Polygon","coordinates":[[[24.4023,41.80241],[24.40286,41.80055],[24.39971,41.8019],[24.3991,41.80054],[24.39733,41.79988],[24.39448,41.79395],[24.39324,41.79367],[24.39309,41.79046],[24.39221,41.79111],[24.39232,41.79049],[24.39081,41.79043],[24.38961,41.79166],[24.38831,41.79134],[24.38733,41.79204],[24.3871,41.79142],[24.38811,41.79107],[24.38548,41.79084],[24.38488,41.79011],[24.38701,41.78917],[24.38599,41.78801],[24.38556,41.78878],[24.38245,41.78982],[24.38028,41.7886],[24.38056,41.78687],[24.38202,41.78596],[24.38776,41.78543],[24.39031,41.78661],[24.3909,41.78554],[24.39507,41.7856],[24.39708,41.78446],[24.39892,41.78469],[24.40459,41.78207],[24.40436,41.781],[24.39939,41.77646],[24.39461,41.77421],[24.39562,41.77353],[24.39483,41.77253],[24.39589,41.77271],[24.39674,41.771],[24.39618,41.76909],[24.39213,41.76367],[24.38985,41.76188],[24.38786,41.76179],[24.38791,41.76048],[24.38934,41.75819],[24.39277,41.75911],[24.39458,41.75808],[24.39773,41.75808],[24.39746,41.7561],[24.39789,41.75675],[24.39797,41.75519],[24.40036,41.75197],[24.40307,41.75343],[24.40349,41.75292],[24.40789,41.75388],[24.40612,41.7518],[24.40647,41.74965],[24.40489,41.74835],[24.40656,41.7495],[24.40731,41.74835],[24.40913,41.74866],[24.40959,41.74475],[24.41066,41.74551],[24.41266,41.74536],[24.41197,41.74296],[24.41335,41.74336],[24.41454,41.7425],[24.41521,41.73796],[24.41697,41.73844],[24.41722,41.73799],[24.41787,41.73988],[24.41813,41.73964],[24.41737,41.73697],[24.41477,41.73667],[24.41803,41.73588],[24.4167,41.73457],[24.41783,41.73443],[24.4177,41.7333],[24.41242,41.73006],[24.41028,41.72623],[24.40858,41.72604],[24.4082,41.7269],[24.4064,41.72715],[24.40822,41.72858],[24.40692,41.72864],[24.40674,41.72976],[24.40534,41.72983],[24.4004,41.72202],[24.39914,41.72142],[24.39692,41.71642],[24.39123,41.71514],[24.38847,41.71624],[24.38501,41.71588],[24.38477,41.71443],[24.38633,41.71301],[24.38519,41.71096],[24.3828,41.70997],[24.3822,41.70878],[24.3832,41.70917],[24.38248,41.70844],[24.38565,41.70618],[24.38618,41.70213],[24.38346,41.70247],[24.38215,41.69952],[24.3772,41.69718],[24.37587,41.69529],[24.3763,41.69263],[24.37387,41.69168],[24.37248,41.69193],[24.37216,41.69288],[24.3682,41.69564],[24.36408,41.70036],[24.35712,41.70166],[24.35882,41.70339],[24.36018,41.70352],[24.35903,41.70379],[24.36113,41.70387],[24.35907,41.70477],[24.35939,41.70664],[24.35107,41.71094],[24.35062,41.70991],[24.34774,41.7095],[24.34644,41.71011],[24.34689,41.71171],[24.3438,41.71245],[24.34237,41.71218],[24.3432,41.71091],[24.3443,41.71075],[24.3433,41.71054],[24.34337,41.70972],[24.33713,41.70678],[24.33623,41.7077],[24.33458,41.70653],[24.33274,41.70721],[24.33234,41.70608],[24.33167,41.70689],[24.32987,41.70618],[24.32972,41.70735],[24.32799,41.70871],[24.32622,41.70859],[24.32584,41.70413],[24.32416,41.70201],[24.3201,41.70449],[24.31666,41.70169],[24.31557,41.7027],[24.31122,41.70282],[24.31017,41.7035],[24.30838,41.70197],[24.30428,41.70278],[24.30744,41.7004],[24.30347,41.70166],[24.29739,41.6988],[24.29462,41.69618],[24.29239,41.69567],[24.29497,41.69306],[24.29815,41.69297],[24.29912,41.69364],[24.30025,41.69193],[24.3018,41.6918],[24.30155,41.69054],[24.30321,41.68954],[24.30218,41.6884],[24.30411,41.6881],[24.30395,41.68699],[24.30644,41.68618],[24.30772,41.68665],[24.30849,41.6848],[24.31399,41.68468],[24.31477,41.68577],[24.31772,41.68436],[24.31694,41.68373],[24.3179,41.68256],[24.31804,41.68333],[24.32072,41.68206],[24.32079,41.68125],[24.32377,41.68097],[24.32503,41.67951],[24.32799,41.6793],[24.32694,41.67782],[24.32864,41.67904],[24.3316,41.67959],[24.33495,41.67848],[24.33644,41.67479],[24.33673,41.67079],[24.33602,41.67024],[24.33441,41.67109],[24.33274,41.67061],[24.33184,41.66881],[24.32925,41.66899],[24.32916,41.67068],[24.32445,41.6701],[24.32103,41.67125],[24.31831,41.66851],[24.31803,41.6666],[24.3165,41.66579],[24.31506,41.6661],[24.31566,41.66444],[24.31392,41.66498],[24.3091,41.66171],[24.30806,41.66261],[24.30873,41.66393],[24.30636,41.66407],[24.30635,41.66536],[24.30121,41.66282],[24.30194,41.6626],[24.30109,41.66152],[24.3019,41.66023],[24.3007,41.66037],[24.30049,41.66314],[24.29998,41.65955],[24.29854,41.65846],[24.29582,41.66038],[24.29086,41.6607],[24.28954,41.66183],[24.28936,41.66544],[24.2872,41.66645],[24.2877,41.66994],[24.28885,41.6712],[24.28633,41.67322],[24.28581,41.67167],[24.28507,41.67203],[24.27885,41.67061],[24.27277,41.66697],[24.27012,41.66438],[24.26931,41.6649],[24.26858,41.66452],[24.26944,41.66402],[24.26787,41.66424],[24.27018,41.66144],[24.26848,41.66174],[24.26711,41.661],[24.26847,41.65821],[24.26614,41.65732],[24.26694,41.65388],[24.26599,41.65329],[24.2681,41.65278],[24.26832,41.65204],[24.2701,41.65131],[24.26774,41.65078],[24.26885,41.64906],[24.26807,41.64892],[24.26934,41.64889],[24.26874,41.64852],[24.26943,41.64816],[24.27151,41.64861],[24.27097,41.647],[24.27331,41.64796],[24.27465,41.64693],[24.27336,41.64651],[24.27412,41.64583],[24.27605,41.64717],[24.27563,41.64548],[24.27651,41.64579],[24.27681,41.64642],[24.27802,41.64607],[24.27651,41.64503],[24.28023,41.64424],[24.27549,41.64283],[24.27577,41.64198],[24.26999,41.63735],[24.27099,41.63564],[24.26738,41.63545],[24.26438,41.63241],[24.26508,41.63068],[24.26409,41.62928],[24.26431,41.62727],[24.25865,41.62732],[24.25653,41.62937],[24.25586,41.63113],[24.2546,41.63094],[24.25256,41.62932],[24.25286,41.62778],[24.25171,41.62754],[24.2498,41.62845],[24.24905,41.62653],[24.24739,41.62716],[24.24804,41.62912],[24.24538,41.62909],[24.24575,41.62834],[24.24455,41.62746],[24.24572,41.62577],[24.24709,41.62575],[24.24549,41.62498],[24.24411,41.62269],[24.24403,41.62089],[24.24235,41.61961],[24.24224,41.61691],[24.24258,41.61401],[24.24371,41.61358],[24.24383,41.61215],[24.24529,41.61061],[24.24519,41.60861],[24.25038,41.60892],[24.24978,41.60877],[24.2511,41.60786],[24.2539,41.60747],[24.25592,41.60453],[24.25803,41.60382],[24.26239,41.59836],[24.26582,41.59764],[24.2639,41.5911],[24.26465,41.58628],[24.26564,41.5858],[24.26954,41.59],[24.2741,41.58834],[24.27301,41.58754],[24.27541,41.58654],[24.27703,41.58681],[24.27691,41.58801],[24.27738,41.58683],[24.27984,41.58726],[24.28087,41.58677],[24.28106,41.58734],[24.28243,41.58709],[24.28244,41.5862],[24.28326,41.58721],[24.2844,41.58652],[24.28562,41.59067],[24.28731,41.59109],[24.28741,41.59193],[24.28962,41.59102],[24.29159,41.59275],[24.29293,41.59237],[24.29444,41.59329],[24.29462,41.59203],[24.29559,41.59163],[24.29608,41.59379],[24.2984,41.59491],[24.30104,41.59341],[24.30285,41.59347],[24.30322,41.59265],[24.30475,41.59343],[24.30893,41.59286],[24.31129,41.59387],[24.31372,41.59177],[24.30778,41.58657],[24.30872,41.58641],[24.30867,41.58262],[24.31188,41.57835],[24.31312,41.57874],[24.31651,41.57759],[24.32176,41.57768],[24.32307,41.57274],[24.3204,41.56925],[24.32217,41.56835],[24.31614,41.56204],[24.31701,41.55834],[24.31512,41.55583],[24.31278,41.55916],[24.30991,41.55676],[24.301,41.556],[24.29913,41.55533],[24.29734,41.55029],[24.29475,41.5509],[24.29228,41.54936],[24.29169,41.54842],[24.2969,41.54506],[24.29824,41.54042],[24.30318,41.53799],[24.29936,41.53194],[24.29858,41.52919],[24.29476,41.52642],[24.29611,41.52348],[24.29981,41.52356],[24.2988,41.51825],[24.30214,41.51229],[24.30486,41.51043],[24.30712,41.51273],[24.31512,41.51332],[24.31697,41.51817],[24.32068,41.51866],[24.3225,41.51992],[24.32584,41.52006],[24.32728,41.52089],[24.33118,41.52027],[24.33764,41.52675],[24.34243,41.52587],[24.34406,41.52437],[24.34854,41.52517],[24.35591,41.52165],[24.35725,41.52164],[24.3584,41.51879],[24.36085,41.51803],[24.36162,41.51637],[24.3698,41.51773],[24.3686,41.5223],[24.37015,41.52303],[24.37292,41.52277],[24.37439,41.52345],[24.37436,41.52455],[24.37835,41.53113],[24.38158,41.53246],[24.3832,41.53624],[24.38662,41.53684],[24.3921,41.53514],[24.3921,41.53802],[24.3943,41.53895],[24.40276,41.53799],[24.40554,41.5397],[24.41077,41.53782],[24.41219,41.53084],[24.41654,41.52859],[24.42029,41.52934],[24.42268,41.52847],[24.42482,41.52965],[24.42787,41.52909],[24.43416,41.52629],[24.43389,41.52752],[24.4408,41.52938],[24.4433,41.5261],[24.44673,41.52465],[24.44899,41.52216],[24.45384,41.5227],[24.45868,41.52726],[24.46312,41.52848],[24.46347,41.53542],[24.46097,41.53855],[24.4639,41.54477],[24.46589,41.54536],[24.4697,41.54503],[24.47043,41.54677],[24.47173,41.54718],[24.47274,41.54993],[24.47654,41.55291],[24.482,41.5544],[24.48293,41.55401],[24.48373,41.55746],[24.48897,41.55728],[24.49243,41.55586],[24.49451,41.5536],[24.49723,41.5552],[24.49902,41.55866],[24.50946,41.55853],[24.51728,41.56545],[24.52144,41.56751],[24.52411,41.56785],[24.52448,41.56872],[24.53012,41.56639],[24.53515,41.56502],[24.53464,41.55899],[24.5329,41.55765],[24.53505,41.55511],[24.53634,41.55694],[24.53868,41.5581],[24.54227,41.55835],[24.54421,41.55777],[24.54488,41.55647],[24.55171,41.55257],[24.55337,41.55065],[24.55371,41.54897],[24.55232,41.54875],[24.55201,41.54735],[24.54907,41.5458],[24.54841,41.5429],[24.54685,41.54175],[24.54617,41.53931],[24.54775,41.53847],[24.55241,41.53168],[24.55393,41.53082],[24.55618,41.53079],[24.5581,41.52698],[24.56034,41.52766],[24.56278,41.52703],[24.56855,41.52909],[24.56917,41.5283],[24.56978,41.52977],[24.57138,41.52925],[24.57216,41.52778],[24.57258,41.5282],[24.57552,41.52653],[24.57677,41.52498],[24.57662,41.52614],[24.57827,41.52544],[24.5788,41.52605],[24.57991,41.52569],[24.58316,41.52657],[24.58589,41.52615],[24.58596,41.52681],[24.58763,41.5266],[24.59016,41.52772],[24.59007,41.53137],[24.58773,41.53267],[24.58987,41.53234],[24.59282,41.53366],[24.59565,41.53358],[24.59626,41.53456],[24.59804,41.53382],[24.59906,41.53457],[24.60055,41.53376],[24.5998,41.53341],[24.60051,41.53243],[24.60118,41.53297],[24.60216,41.53175],[24.60189,41.53255],[24.60761,41.53553],[24.60763,41.5351],[24.60664,41.53448],[24.60975,41.53376],[24.61171,41.53521],[24.61208,41.53629],[24.61039,41.5383],[24.60805,41.53889],[24.61039,41.54017],[24.61032,41.54149],[24.61134,41.54225],[24.61265,41.53992],[24.61191,41.54227],[24.61378,41.5416],[24.61441,41.54195],[24.61384,41.54317],[24.61499,41.54365],[24.61625,41.54243],[24.61832,41.5435],[24.61687,41.54533],[24.61735,41.54692],[24.61312,41.54904],[24.61441,41.54943],[24.61477,41.5532],[24.61585,41.55397],[24.62429,41.5536],[24.62581,41.55235],[24.63412,41.55306],[24.63464,41.55379],[24.63795,41.55441],[24.64019,41.55357],[24.64057,41.55144],[24.64224,41.55072],[24.64411,41.55142],[24.64378,41.55214],[24.64691,41.5529],[24.65379,41.55162],[24.65378,41.55223],[24.6566,41.55324],[24.65588,41.55149],[24.65783,41.54997],[24.66128,41.55223],[24.66271,41.5515],[24.66788,41.55205],[24.67209,41.55367],[24.67515,41.55631],[24.67605,41.5586],[24.68,41.55655],[24.68157,41.55826],[24.68396,41.55853],[24.68769,41.55708],[24.69286,41.56077],[24.69117,41.56259],[24.69431,41.56403],[24.69227,41.56527],[24.69196,41.56436],[24.69146,41.565],[24.69154,41.56588],[24.69241,41.56602],[24.69163,41.56805],[24.68866,41.56779],[24.68806,41.57036],[24.68587,41.57103],[24.68717,41.57468],[24.68481,41.57814],[24.67959,41.57956],[24.67493,41.57921],[24.67399,41.57985],[24.66812,41.57799],[24.66622,41.57868],[24.65978,41.57794],[24.65903,41.57865],[24.65667,41.57697],[24.65439,41.57701],[24.65392,41.57769],[24.65504,41.57749],[24.65535,41.57867],[24.6575,41.57857],[24.65926,41.57946],[24.65919,41.58082],[24.65568,41.58343],[24.65151,41.58466],[24.65232,41.58906],[24.65909,41.58964],[24.65852,41.59262],[24.6615,41.59346],[24.66627,41.59248],[24.66824,41.59137],[24.66861,41.59213],[24.66634,41.59462],[24.66635,41.59757],[24.66395,41.59964],[24.66469,41.60185],[24.66144,41.60921],[24.66188,41.61057],[24.66099,41.61068],[24.66062,41.61193],[24.66338,41.61636],[24.66277,41.61998],[24.66159,41.62114],[24.6612,41.62247],[24.65845,41.62481],[24.65708,41.62387],[24.65098,41.62388],[24.64601,41.61968],[24.64208,41.62701],[24.64132,41.62718],[24.64124,41.62598],[24.64037,41.62623],[24.64072,41.62727],[24.63987,41.62696],[24.63879,41.62827],[24.63632,41.62852],[24.63736,41.62955],[24.63661,41.63105],[24.63578,41.63078],[24.63652,41.63328],[24.63421,41.64021],[24.63384,41.63914],[24.63259,41.63882],[24.63198,41.63949],[24.63161,41.63886],[24.6292,41.63965],[24.62727,41.63934],[24.62624,41.64093],[24.62554,41.63966],[24.62426,41.64009],[24.62237,41.64213],[24.62044,41.64275],[24.62302,41.6438],[24.62146,41.64487],[24.61948,41.64269],[24.61898,41.64359],[24.6166,41.64292],[24.61644,41.64628],[24.61623,41.64503],[24.61503,41.64542],[24.60676,41.63631],[24.60611,41.63447],[24.60717,41.63371],[24.60537,41.63148],[24.6004,41.63047],[24.59732,41.62813],[24.59627,41.6282],[24.59518,41.62947],[24.59378,41.6331],[24.59108,41.63124],[24.58966,41.6331],[24.58823,41.63307],[24.5864,41.63464],[24.5867,41.6361],[24.58572,41.63705],[24.58332,41.63688],[24.58317,41.63829],[24.58175,41.63792],[24.58095,41.63661],[24.57933,41.63665],[24.57953,41.63537],[24.57716,41.63324],[24.57657,41.63403],[24.57435,41.63362],[24.57317,41.63448],[24.57375,41.6354],[24.57537,41.63508],[24.57335,41.63642],[24.57181,41.63596],[24.56689,41.63694],[24.56562,41.63605],[24.563,41.63592],[24.56406,41.63664],[24.56311,41.6378],[24.56368,41.6384],[24.56271,41.6381],[24.56193,41.63902],[24.56334,41.64032],[24.56156,41.64088],[24.55917,41.63995],[24.55896,41.64116],[24.5603,41.64236],[24.55698,41.64489],[24.55908,41.64665],[24.55801,41.64743],[24.55922,41.65183],[24.56047,41.65318],[24.55957,41.65591],[24.5612,41.65779],[24.56056,41.65919],[24.56244,41.6615],[24.56063,41.66287],[24.56228,41.66481],[24.55787,41.66445],[24.55701,41.66674],[24.56316,41.66746],[24.56176,41.67054],[24.56461,41.67079],[24.56549,41.67191],[24.56476,41.67289],[24.56353,41.67285],[24.56335,41.67374],[24.56169,41.6729],[24.55445,41.67283],[24.55614,41.67217],[24.55412,41.67178],[24.55369,41.67397],[24.55223,41.67587],[24.55143,41.67577],[24.54839,41.67314],[24.54554,41.67719],[24.54274,41.67937],[24.53875,41.67953],[24.5365,41.67771],[24.5348,41.67783],[24.53456,41.67924],[24.53354,41.67922],[24.53422,41.68397],[24.53151,41.68497],[24.53218,41.68502],[24.53175,41.68604],[24.5308,41.68645],[24.53266,41.68707],[24.52996,41.68811],[24.53077,41.68887],[24.5294,41.68878],[24.5268,41.6864],[24.52509,41.6865],[24.52234,41.68872],[24.5222,41.68974],[24.52402,41.69146],[24.52214,41.69203],[24.52061,41.69346],[24.5201,41.69556],[24.5134,41.69923],[24.5082,41.7],[24.50268,41.70205],[24.49856,41.70216],[24.49655,41.70396],[24.49267,41.70327],[24.48813,41.70392],[24.48292,41.7066],[24.4796,41.70589],[24.47778,41.7075],[24.47372,41.70876],[24.46974,41.709],[24.46832,41.70797],[24.46674,41.70803],[24.46812,41.70867],[24.46881,41.71492],[24.4706,41.71753],[24.46826,41.7179],[24.46841,41.71921],[24.47322,41.71928],[24.47552,41.72031],[24.47661,41.72161],[24.47646,41.72396],[24.48146,41.7241],[24.4804,41.72649],[24.47695,41.72898],[24.47407,41.73374],[24.47332,41.73833],[24.47026,41.73975],[24.4695,41.7394],[24.46129,41.74234],[24.45191,41.74434],[24.45033,41.74513],[24.45062,41.7467],[24.45177,41.74734],[24.45058,41.747],[24.45001,41.74837],[24.44606,41.7479],[24.44509,41.7498],[24.44706,41.75059],[24.4462,41.75139],[24.44736,41.75161],[24.44749,41.75567],[24.44861,41.75597],[24.44498,41.75615],[24.44395,41.75692],[24.4478,41.75788],[24.45024,41.75955],[24.45134,41.75932],[24.45196,41.76206],[24.45088,41.76272],[24.44886,41.76171],[24.44775,41.7633],[24.44648,41.76261],[24.44534,41.76328],[24.43995,41.76076],[24.43631,41.76001],[24.43256,41.76085],[24.4355,41.76148],[24.43646,41.76425],[24.44003,41.76575],[24.43973,41.768],[24.43588,41.76943],[24.43672,41.77217],[24.43517,41.77444],[24.43557,41.77828],[24.43786,41.78041],[24.43817,41.78665],[24.43273,41.78891],[24.43417,41.78931],[24.43481,41.79178],[24.43289,41.79138],[24.43201,41.79359],[24.43047,41.79444],[24.42808,41.79993],[24.42601,41.80104],[24.42565,41.80317],[24.42331,41.80333],[24.42316,41.80449],[24.42253,41.80402],[24.42158,41.80495],[24.42061,41.80424],[24.41983,41.80484],[24.41893,41.80398],[24.41641,41.80547],[24.4142,41.80577],[24.41225,41.80457],[24.41034,41.8046],[24.40772,41.80284],[24.40225,41.80304],[24.4023,41.80241]]]},"properties":{"SiteCode":"BG0002113","SiteNameBG":"Триград - Мурсалица","SiteType":"SPA","SiteArea":55340.952700000002,"naturaClass":"spa"}},{"type":"Feature","geometry":{"type":"Polygon","coordinates":[[[23.44613,42.74473],[23.45305,42.73981],[23.45339,42.74033],[23.45914,42.739],[23.46507,42.73531],[23.46482,42.73776],[23.46221,42.74197],[23.45812,42.74409],[23.45765,42.74546],[23.45636,42.74492],[23.44613,42.74473]]]},"properties":{"SiteCode":"BG0002114","SiteNameBG":"Рибарници Челопечене","SiteType":"SPA","SiteArea":65.190100000000001,"naturaClass":"spa"}},{"type":"Feature","geometry":{"type":"Polygon","coordinates":[[[28.4359,43.67105],[28.43365,43.67261],[28.3877,43.67075],[28.38802,43.66649],[28.37558,43.66608],[28.37523,43.66755],[28.37192,43.66894],[28.37172,43.6725],[28.33894,43.6717],[28.33977,43.66568],[28.3288,43.66425],[28.32821,43.66781],[28.3144,43.66544],[28.31529,43.66191],[28.31421,43.66487],[28.30678,43.66465],[28.29679,43.65985],[28.3069,43.62928],[28.31955,43.60611],[28.32646,43.60647],[28.33293,43.60952],[28.34728,43.61119],[28.34661,43.61311],[28.35005,43.6132],[28.35062,43.61165],[28.35467,43.61155],[28.35485,43.61099],[28.3688,43.6139],[28.3699,43.61388],[28.37017,43.61245],[28.37367,43.61562],[28.37624,43.61401],[28.37689,43.60961],[28.38273,43.61001],[28.4212,43.60893],[28.42064,43.61013],[28.42173,43.61039],[28.42083,43.61235],[28.42951,43.61439],[28.4303,43.61264],[28.44298,43.61771],[28.45384,43.61469],[28.45368,43.61561],[28.45489,43.6158],[28.45471,43.6163],[28.46941,43.61967],[28.46478,43.63028],[28.49133,43.63649],[28.48645,43.64763],[28.49249,43.64903],[28.48206,43.65506],[28.47467,43.65407],[28.4729,43.65783],[28.47193,43.65774],[28.47178,43.65839],[28.46475,43.65653],[28.46171,43.66319],[28.45305,43.66582],[28.44429,43.66321],[28.43663,43.668],[28.4359,43.67105]]]},"properties":{"SiteCode":"BG0002115","SiteNameBG":"Било","SiteType":"SPA","SiteArea":8620.6115000000009,"naturaClass":"spa"}},{"type":"Feature","geometry":{"type":"MultiPolygon","coordinates":[[[[23.5642,41.7522],[23.56161,41.75743],[23.55656,41.75279],[23.55852,41.75103],[23.55566,41.75043],[23.55791,41.74891],[23.5569,41.74534],[23.55819,41.74355],[23.5599,41.7429],[23.56212,41.7437],[23.56185,41.74471],[23.56412,41.74362],[23.56897,41.74418],[23.56519,41.74168],[23.5617,41.74144],[23.5608,41.74087],[23.56255,41.74132],[23.56271,41.74078],[23.55983,41.73981],[23.56149,41.73964],[23.56079,41.73911],[23.56184,41.73849],[23.56229,41.74001],[23.56307,41.74005],[23.56261,41.73787],[23.55764,41.73548],[23.563,41.73412],[23.55152,41.72976],[23.54934,41.72752],[23.54582,41.72572],[23.54394,41.72567],[23.54713,41.7227],[23.55003,41.72303],[23.54585,41.72125],[23.54584,41.71605],[23.55184,41.71633],[23.55487,41.71552],[23.55563,41.71463],[23.55582,41.71586],[23.55706,41.71511],[23.55938,41.71616],[23.55896,41.71493],[23.56127,41.71415],[23.56024,41.71274],[23.56319,41.71077],[23.56824,41.70977],[23.56665,41.70861],[23.56799,41.70594],[23.56733,41.70327],[23.56891,41.70297],[23.57506,41.69906],[23.5782,41.69952],[23.57954,41.70161],[23.58121,41.70003],[23.57584,41.69603],[23.56464,41.69368],[23.56676,41.69244],[23.56568,41.6915],[23.56092,41.69091],[23.55831,41.6898],[23.55796,41.68645],[23.55614,41.68607],[23.56184,41.68289],[23.56587,41.68328],[23.56863,41.68207],[23.56686,41.68099],[23.56129,41.68169],[23.55646,41.6804],[23.56073,41.67753],[23.55995,41.67439],[23.56419,41.67147],[23.56434,41.67092],[23.56224,41.67213],[23.56122,41.67186],[23.55972,41.66975],[23.5522,41.66388],[23.55513,41.66259],[23.55428,41.66196],[23.55622,41.6573],[23.55569,41.65637],[23.55807,41.6554],[23.55782,41.65465],[23.55905,41.65481],[23.5573,41.65376],[23.55767,41.65325],[23.55418,41.65314],[23.55477,41.651],[23.55883,41.65052],[23.56326,41.65141],[23.56898,41.64681],[23.57214,41.64312],[23.57433,41.64337],[23.57641,41.64161],[23.5751,41.64143],[23.57338,41.64247],[23.56718,41.64254],[23.56305,41.64176],[23.55965,41.63942],[23.55845,41.64019],[23.55717,41.63767],[23.55472,41.63691],[23.55309,41.63165],[23.55098,41.63539],[23.54984,41.63588],[23.54637,41.63533],[23.54411,41.63751],[23.54284,41.63551],[23.53687,41.63563],[23.53433,41.63438],[23.53399,41.63195],[23.53081,41.629],[23.52981,41.62561],[23.52851,41.62957],[23.52483,41.635],[23.52373,41.63433],[23.5212,41.63458],[23.51717,41.63778],[23.51522,41.63836],[23.51519,41.63373],[23.51342,41.63522],[23.5088,41.63503],[23.50494,41.63363],[23.50277,41.62813],[23.50462,41.62543],[23.50522,41.62266],[23.50382,41.62377],[23.49967,41.62464],[23.49675,41.6267],[23.49427,41.62608],[23.49422,41.62261],[23.48397,41.62636],[23.47622,41.62613],[23.4747,41.62906],[23.47236,41.63057],[23.46808,41.63068],[23.46391,41.62946],[23.46187,41.62997],[23.46004,41.62669],[23.45803,41.62576],[23.45954,41.62523],[23.45989,41.624],[23.45797,41.62034],[23.45803,41.61823],[23.45644,41.61814],[23.45567,41.61701],[23.45775,41.61717],[23.4568,41.61437],[23.45432,41.61154],[23.44948,41.6141],[23.44948,41.616],[23.44358,41.62053],[23.44327,41.62217],[23.44414,41.62337],[23.44312,41.62517],[23.44479,41.62629],[23.44292,41.62792],[23.44267,41.62594],[23.4414,41.62468],[23.44158,41.62195],[23.43768,41.62245],[23.4352,41.62049],[23.43447,41.61771],[23.43123,41.62093],[23.4312,41.62997],[23.42963,41.63562],[23.42367,41.63851],[23.41866,41.63915],[23.41449,41.63832],[23.4127,41.64145],[23.41231,41.64422],[23.40862,41.64689],[23.40627,41.65061],[23.41145,41.65012],[23.41624,41.65072],[23.41437,41.6512],[23.41013,41.65449],[23.40933,41.65429],[23.40895,41.65586],[23.40594,41.65772],[23.40778,41.65955],[23.41174,41.65995],[23.41281,41.66446],[23.41087,41.66771],[23.40718,41.66785],[23.40267,41.6702],[23.40272,41.67444],[23.4097,41.67279],[23.40714,41.67384],[23.40526,41.67575],[23.4024,41.67528],[23.40085,41.6769],[23.40282,41.67885],[23.39624,41.67747],[23.39491,41.67657],[23.39205,41.67],[23.38551,41.66811],[23.3859,41.667],[23.38398,41.66557],[23.38062,41.66558],[23.38,41.6642],[23.37856,41.664],[23.37824,41.65894],[23.37409,41.65507],[23.36931,41.65509],[23.36675,41.65396],[23.36669,41.65215],[23.36261,41.65135],[23.3642,41.64818],[23.3633,41.6472],[23.3658,41.64325],[23.36542,41.64108],[23.36222,41.643],[23.3604,41.64275],[23.36139,41.64165],[23.36061,41.64044],[23.36265,41.63884],[23.3598,41.63735],[23.35856,41.63755],[23.35903,41.63688],[23.36199,41.6368],[23.36167,41.63582],[23.36282,41.63518],[23.36445,41.63679],[23.36207,41.63747],[23.36273,41.63734],[23.36339,41.63891],[23.3638,41.63786],[23.36626,41.63776],[23.36533,41.63738],[23.36687,41.63712],[23.3671,41.6361],[23.36063,41.63384],[23.35905,41.63233],[23.35592,41.63154],[23.35589,41.63085],[23.36514,41.63147],[23.36803,41.63067],[23.36825,41.63249],[23.37084,41.63263],[23.37108,41.63369],[23.37383,41.63265],[23.37236,41.63157],[23.3735,41.631],[23.37262,41.62961],[23.37356,41.62955],[23.37475,41.63132],[23.37393,41.63376],[23.37506,41.6369],[23.37663,41.63886],[23.37979,41.63991],[23.37364,41.64565],[23.37393,41.64647],[23.37889,41.64865],[23.37969,41.65102],[23.381,41.65198],[23.38408,41.6513],[23.38538,41.65009],[23.38753,41.65136],[23.38779,41.65303],[23.38981,41.64976],[23.38804,41.64337],[23.39052,41.64065],[23.3939,41.63984],[23.39766,41.63924],[23.40459,41.63982],[23.40366,41.63535],[23.40113,41.62949],[23.4042,41.6309],[23.40413,41.62997],[23.40604,41.62855],[23.40453,41.62799],[23.40612,41.62828],[23.40764,41.6275],[23.40699,41.62614],[23.40579,41.62628],[23.40513,41.62731],[23.40364,41.62734],[23.40119,41.62541],[23.39554,41.6241],[23.39496,41.62181],[23.38916,41.62063],[23.3885,41.62137],[23.38706,41.62041],[23.39067,41.6172],[23.39485,41.61832],[23.40033,41.6174],[23.40523,41.62087],[23.41403,41.62179],[23.41526,41.62047],[23.41259,41.61846],[23.41225,41.61703],[23.41478,41.61179],[23.41611,41.61247],[23.41553,41.61111],[23.41756,41.60903],[23.41566,41.60869],[23.41529,41.60772],[23.41704,41.60348],[23.41548,41.6008],[23.41339,41.60017],[23.41431,41.59934],[23.41891,41.59997],[23.42244,41.59878],[23.42519,41.59508],[23.42487,41.59452],[23.42294,41.59508],[23.42166,41.59639],[23.42092,41.59504],[23.42547,41.59284],[23.4269,41.59401],[23.42706,41.59553],[23.42753,41.59484],[23.43486,41.59817],[23.43627,41.60007],[23.43893,41.6016],[23.44174,41.607],[23.44591,41.61008],[23.44604,41.60582],[23.44348,41.59953],[23.4452,41.59868],[23.44454,41.59761],[23.44505,41.59706],[23.44564,41.59744],[23.44659,41.59509],[23.44863,41.59435],[23.44841,41.59292],[23.44953,41.59243],[23.45017,41.58987],[23.45103,41.58992],[23.45138,41.58911],[23.45123,41.59091],[23.45352,41.59171],[23.45488,41.58903],[23.45618,41.58956],[23.45604,41.59204],[23.45721,41.5943],[23.45627,41.59551],[23.4589,41.59514],[23.45874,41.59419],[23.45972,41.59512],[23.4617,41.59452],[23.46392,41.59532],[23.47199,41.59519],[23.4746,41.59733],[23.47505,41.59959],[23.47694,41.60087],[23.4779,41.59987],[23.4823,41.59844],[23.48473,41.59912],[23.4842,41.59853],[23.48742,41.59757],[23.4866,41.59641],[23.48744,41.59512],[23.48509,41.59576],[23.48615,41.59382],[23.48807,41.59343],[23.48938,41.59421],[23.48715,41.59194],[23.48877,41.59137],[23.49003,41.58864],[23.4864,41.58606],[23.4862,41.585],[23.48767,41.58368],[23.48648,41.58223],[23.48703,41.57827],[23.48809,41.57723],[23.4851,41.57599],[23.48437,41.57475],[23.48462,41.57278],[23.4827,41.57023],[23.48143,41.56412],[23.47922,41.56033],[23.47986,41.5589],[23.47707,41.55415],[23.47953,41.55205],[23.48221,41.55272],[23.48462,41.55475],[23.48542,41.55017],[23.4883,41.54923],[23.48828,41.5484],[23.49085,41.54838],[23.49266,41.5497],[23.49245,41.54795],[23.49314,41.54734],[23.49265,41.54609],[23.49478,41.54332],[23.49367,41.54242],[23.49254,41.53763],[23.49491,41.53857],[23.49633,41.54147],[23.49944,41.53749],[23.50469,41.54184],[23.50875,41.55012],[23.51439,41.5515],[23.51275,41.55065],[23.51386,41.55076],[23.51364,41.5478],[23.51506,41.54923],[23.51467,41.54789],[23.51774,41.54875],[23.51897,41.5484],[23.51904,41.54736],[23.52129,41.55051],[23.52259,41.54952],[23.52664,41.55114],[23.52795,41.55055],[23.53085,41.55085],[23.532,41.557],[23.53321,41.55766],[23.53487,41.55712],[23.5351,41.55857],[23.53613,41.55897],[23.53314,41.56148],[23.5326,41.56433],[23.53419,41.5635],[23.53579,41.56424],[23.53597,41.56304],[23.5398,41.56171],[23.5345,41.56691],[23.53462,41.56778],[23.53291,41.56858],[23.53366,41.56953],[23.53276,41.57355],[23.53013,41.57458],[23.52896,41.57639],[23.52668,41.57683],[23.52916,41.58207],[23.53133,41.58437],[23.53311,41.58382],[23.53731,41.58549],[23.53944,41.58804],[23.5472,41.58706],[23.55141,41.58885],[23.55333,41.58774],[23.5557,41.58753],[23.55892,41.58429],[23.55867,41.58105],[23.55744,41.58072],[23.56211,41.57826],[23.5609,41.57589],[23.56262,41.57241],[23.56446,41.57107],[23.56291,41.56826],[23.56423,41.56786],[23.56387,41.56718],[23.56592,41.56493],[23.56417,41.56189],[23.5633,41.55731],[23.56158,41.55587],[23.5656,41.55122],[23.56482,41.54952],[23.56232,41.54955],[23.56141,41.54788],[23.56256,41.54538],[23.56139,41.54342],[23.56027,41.54302],[23.56616,41.54132],[23.56881,41.53899],[23.57484,41.53877],[23.57691,41.53496],[23.58209,41.53591],[23.58581,41.535],[23.59102,41.53817],[23.59471,41.53228],[23.59446,41.52543],[23.59101,41.52685],[23.58919,41.52493],[23.58695,41.52456],[23.58346,41.52711],[23.58101,41.52567],[23.57938,41.52663],[23.57671,41.52445],[23.57785,41.52404],[23.57647,41.52264],[23.57861,41.52182],[23.57991,41.51961],[23.57976,41.51752],[23.58468,41.51403],[23.58525,41.51242],[23.5911,41.50722],[23.60005,41.50151],[23.60503,41.50065],[23.60735,41.49842],[23.60772,41.49684],[23.61358,41.49334],[23.62649,41.49327],[23.63204,41.49414],[23.6388,41.49381],[23.63889,41.49244],[23.63766,41.49182],[23.6386,41.49072],[23.63778,41.48983],[23.63842,41.48842],[23.63764,41.4864],[23.64087,41.48608],[23.63812,41.48201],[23.63948,41.48115],[23.64058,41.48241],[23.64619,41.48144],[23.64752,41.48185],[23.64721,41.48399],[23.64847,41.48454],[23.64764,41.48524],[23.64638,41.49178],[23.64673,41.50001],[23.6458,41.50116],[23.6479,41.50083],[23.64748,41.50139],[23.65392,41.5054],[23.65459,41.5073],[23.65809,41.51123],[23.65725,41.51361],[23.65777,41.51457],[23.66371,41.51876],[23.66331,41.52],[23.66169,41.52051],[23.65905,41.52678],[23.65914,41.52878],[23.65689,41.53003],[23.66067,41.54096],[23.66217,41.54211],[23.66336,41.54758],[23.6659,41.54831],[23.66703,41.54999],[23.66909,41.55033],[23.67056,41.55231],[23.66982,41.55341],[23.66813,41.5534],[23.66908,41.55514],[23.66922,41.55675],[23.66806,41.55726],[23.66876,41.55867],[23.66614,41.56071],[23.66737,41.5625],[23.65762,41.56411],[23.65945,41.56786],[23.66234,41.5708],[23.66179,41.572],[23.66309,41.57302],[23.66283,41.5745],[23.66755,41.57823],[23.66911,41.57854],[23.67042,41.58071],[23.66707,41.58121],[23.66785,41.58237],[23.67005,41.58283],[23.66988,41.58445],[23.6677,41.58867],[23.66497,41.59003],[23.66412,41.59181],[23.66762,41.59348],[23.669,41.59279],[23.67024,41.59506],[23.67092,41.59402],[23.67247,41.5953],[23.67248,41.59692],[23.67387,41.59866],[23.67209,41.60204],[23.67314,41.60438],[23.66445,41.60427],[23.66074,41.60285],[23.66152,41.60321],[23.66081,41.60365],[23.65808,41.60383],[23.65708,41.60493],[23.65756,41.6059],[23.66104,41.60675],[23.66041,41.6085],[23.65785,41.60979],[23.65598,41.60946],[23.65519,41.61003],[23.65321,41.60855],[23.64989,41.60865],[23.65137,41.61183],[23.64939,41.61309],[23.65022,41.61362],[23.6498,41.61455],[23.646,41.61729],[23.64707,41.61923],[23.64196,41.6167],[23.63784,41.61628],[23.63812,41.61728],[23.63609,41.62082],[23.63861,41.62335],[23.6377,41.62751],[23.63453,41.63031],[23.63224,41.63075],[23.62926,41.63004],[23.63068,41.63072],[23.62977,41.63173],[23.63105,41.63198],[23.63092,41.63341],[23.63651,41.63218],[23.63734,41.63409],[23.637,41.63726],[23.63834,41.6375],[23.63707,41.63773],[23.63899,41.6381],[23.63931,41.6391],[23.63868,41.63844],[23.63768,41.6395],[23.63687,41.63901],[23.63772,41.63831],[23.63128,41.63812],[23.63079,41.63739],[23.6249,41.63662],[23.6199,41.63675],[23.61698,41.63559],[23.61592,41.63932],[23.61378,41.64099],[23.61257,41.64097],[23.61102,41.64285],[23.60945,41.64147],[23.60904,41.64219],[23.6088,41.64171],[23.60499,41.64223],[23.60396,41.64147],[23.60421,41.64043],[23.60244,41.63993],[23.6019,41.63918],[23.60283,41.63861],[23.59525,41.63831],[23.59348,41.64111],[23.59117,41.64161],[23.59165,41.64293],[23.58901,41.64383],[23.58778,41.64275],[23.58886,41.6457],[23.59149,41.64749],[23.59761,41.64524],[23.60996,41.65137],[23.6134,41.65162],[23.61552,41.65329],[23.61681,41.65672],[23.61415,41.65844],[23.60632,41.66019],[23.60488,41.66284],[23.60305,41.66382],[23.60343,41.66544],[23.60122,41.66674],[23.6032,41.66667],[23.60419,41.66581],[23.60329,41.66889],[23.60409,41.66938],[23.60714,41.66859],[23.60655,41.66977],[23.60285,41.67145],[23.60739,41.67149],[23.60803,41.67428],[23.60318,41.67722],[23.60496,41.67774],[23.60471,41.67828],[23.60373,41.6779],[23.60352,41.67882],[23.6043,41.67885],[23.60247,41.68031],[23.60148,41.67964],[23.60091,41.68008],[23.60142,41.67746],[23.60021,41.67735],[23.59896,41.68155],[23.59897,41.68718],[23.5996,41.68862],[23.60199,41.68828],[23.60366,41.68913],[23.60577,41.68781],[23.60474,41.6873],[23.60573,41.68545],[23.60722,41.68719],[23.60892,41.68578],[23.61007,41.68626],[23.61222,41.68573],[23.61363,41.6863],[23.61142,41.68704],[23.61027,41.68885],[23.61179,41.69055],[23.60947,41.69016],[23.60745,41.6908],[23.60397,41.69008],[23.5989,41.69177],[23.59718,41.69135],[23.59118,41.69471],[23.58846,41.70012],[23.58881,41.70195],[23.58603,41.70429],[23.58761,41.70531],[23.5847,41.70791],[23.58318,41.7124],[23.58187,41.71264],[23.58406,41.71545],[23.58373,41.71622],[23.58534,41.71641],[23.58573,41.71776],[23.58435,41.71744],[23.58025,41.71927],[23.57972,41.72483],[23.5773,41.72646],[23.57746,41.72821],[23.57612,41.72963],[23.57954,41.73004],[23.585,41.73197],[23.58726,41.73503],[23.58971,41.73555],[23.59031,41.73661],[23.59258,41.73686],[23.59307,41.73817],[23.59129,41.74066],[23.58917,41.74068],[23.58968,41.73951],[23.58615,41.74092],[23.58735,41.74606],[23.58504,41.74478],[23.58219,41.74141],[23.57975,41.74165],[23.57392,41.73978],[23.57497,41.74099],[23.57414,41.74119],[23.57394,41.74244],[23.57199,41.74299],[23.57322,41.74363],[23.57538,41.74322],[23.57371,41.74389],[23.57276,41.74615],[23.57065,41.74606],[23.57019,41.74771],[23.57116,41.75038],[23.57165,41.74805],[23.57368,41.74838],[23.57137,41.7513],[23.57311,41.75156],[23.57295,41.75263],[23.57221,41.75299],[23.57133,41.75184],[23.5679,41.75291],[23.56828,41.75177],[23.56912,41.75243],[23.57012,41.75154],[23.56868,41.75127],[23.56871,41.75053],[23.56797,41.75122],[23.56725,41.75078],[23.56644,41.75162],[23.56535,41.75148],[23.5642,41.7522]]],[[[23.24267,41.90182],[23.23876,41.90049],[23.2363,41.89765],[23.23495,41.89175],[23.23794,41.8894],[23.23511,41.88678],[23.23312,41.88672],[23.23486,41.88572],[23.24034,41.88555],[23.2477,41.88376],[23.24894,41.88281],[23.24924,41.88123],[23.25098,41.88058],[23.25,41.88056],[23.25363,41.87525],[23.25849,41.87123],[23.26897,41.86942],[23.26809,41.86558],[23.26941,41.86564],[23.26986,41.86419],[23.26857,41.86343],[23.26964,41.86283],[23.26618,41.86258],[23.25257,41.86523],[23.24705,41.86418],[23.24771,41.85928],[23.24692,41.85708],[23.24461,41.85632],[23.24532,41.85573],[23.24491,41.85351],[23.24305,41.85204],[23.24574,41.85125],[23.24534,41.84972],[23.24791,41.84885],[23.24761,41.84808],[23.24864,41.84767],[23.2473,41.8468],[23.24862,41.84609],[23.2483,41.84461],[23.24971,41.84496],[23.24877,41.84367],[23.24553,41.84379],[23.24392,41.84312],[23.24346,41.84148],[23.24461,41.84155],[23.2448,41.84018],[23.24771,41.8406],[23.24831,41.84154],[23.24914,41.84031],[23.24833,41.83743],[23.25118,41.83643],[23.25244,41.83743],[23.25497,41.83551],[23.25462,41.83411],[23.25315,41.83315],[23.25369,41.8318],[23.25241,41.83037],[23.25284,41.82981],[23.25046,41.82814],[23.25112,41.8278],[23.25025,41.82666],[23.25289,41.82541],[23.25269,41.82487],[23.25564,41.82384],[23.25923,41.82362],[23.25758,41.8249],[23.26122,41.8245],[23.26365,41.82042],[23.26896,41.82581],[23.26941,41.82381],[23.26826,41.82397],[23.26891,41.82119],[23.26746,41.82047],[23.26764,41.81948],[23.26384,41.81598],[23.26414,41.81507],[23.26313,41.81505],[23.26325,41.81438],[23.25831,41.81541],[23.25122,41.81573],[23.2497,41.81443],[23.251,41.81059],[23.24646,41.81022],[23.24614,41.80853],[23.24711,41.80791],[23.24598,41.80749],[23.24253,41.80878],[23.24282,41.80659],[23.24159,41.80572],[23.24072,41.80624],[23.23891,41.80496],[23.23707,41.80149],[23.23623,41.80145],[23.2359,41.7993],[23.23446,41.79865],[23.238,41.79638],[23.23865,41.79518],[23.23761,41.79426],[23.23947,41.79401],[23.2429,41.79094],[23.24443,41.7922],[23.24698,41.79093],[23.2486,41.79112],[23.24918,41.79245],[23.25133,41.79277],[23.252,41.79383],[23.25404,41.79379],[23.25701,41.79181],[23.26064,41.79228],[23.26391,41.79129],[23.27336,41.79253],[23.27367,41.79141],[23.2715,41.79183],[23.27217,41.78882],[23.27615,41.78609],[23.27547,41.78416],[23.27698,41.78475],[23.28354,41.78431],[23.28064,41.78273],[23.27822,41.7785],[23.27551,41.77736],[23.27437,41.77571],[23.27685,41.77582],[23.27648,41.77448],[23.27905,41.77252],[23.28148,41.7724],[23.28018,41.77143],[23.28246,41.77175],[23.28463,41.77126],[23.28963,41.77179],[23.28838,41.77102],[23.29094,41.7702],[23.29522,41.77201],[23.29504,41.76988],[23.29752,41.77063],[23.2975,41.76972],[23.29771,41.77108],[23.29991,41.77115],[23.3,41.77057],[23.30171,41.77209],[23.3035,41.77173],[23.30341,41.7729],[23.30423,41.77312],[23.30809,41.77154],[23.30926,41.7734],[23.31061,41.77343],[23.31142,41.7714],[23.31301,41.77181],[23.31207,41.77131],[23.31276,41.77034],[23.31483,41.76965],[23.31046,41.76305],[23.31264,41.75698],[23.31108,41.75592],[23.3097,41.75662],[23.30995,41.75736],[23.30935,41.75662],[23.3062,41.7571],[23.30488,41.7548],[23.30575,41.75167],[23.30395,41.75159],[23.30314,41.75262],[23.30319,41.75105],[23.30161,41.74844],[23.29917,41.74831],[23.29491,41.74534],[23.29177,41.74577],[23.28931,41.74472],[23.28342,41.73816],[23.27766,41.73622],[23.27675,41.73464],[23.27511,41.73402],[23.27678,41.73108],[23.27939,41.73192],[23.2823,41.73096],[23.28442,41.72536],[23.28627,41.72451],[23.28685,41.72279],[23.289,41.72235],[23.28853,41.72315],[23.28976,41.72629],[23.29427,41.72652],[23.29632,41.72811],[23.29984,41.7289],[23.29998,41.73323],[23.30157,41.73455],[23.30103,41.73566],[23.30376,41.73588],[23.30693,41.73686],[23.30816,41.73546],[23.31091,41.73541],[23.30765,41.73917],[23.30926,41.74217],[23.30546,41.7442],[23.30864,41.74488],[23.30894,41.7487],[23.31066,41.75053],[23.31096,41.75263],[23.31189,41.75324],[23.31298,41.75286],[23.31546,41.753],[23.31506,41.75577],[23.31651,41.75733],[23.31785,41.7573],[23.31878,41.76073],[23.3219,41.76622],[23.32332,41.76707],[23.32623,41.77357],[23.32743,41.78242],[23.32543,41.78539],[23.32417,41.79241],[23.32604,41.79464],[23.31891,41.79644],[23.31226,41.79685],[23.31669,41.80113],[23.31625,41.80263],[23.31776,41.80656],[23.31107,41.80787],[23.3085,41.80933],[23.30678,41.81551],[23.30693,41.81623],[23.30578,41.81663],[23.30796,41.82261],[23.31024,41.82545],[23.30687,41.82808],[23.30632,41.83051],[23.30495,41.8315],[23.30564,41.83228],[23.30466,41.83261],[23.30499,41.83372],[23.3038,41.83402],[23.29964,41.83253],[23.30012,41.83583],[23.29803,41.83642],[23.29542,41.83543],[23.29392,41.83674],[23.29428,41.83735],[23.29277,41.83715],[23.2925,41.8385],[23.29118,41.8387],[23.28818,41.83617],[23.28705,41.83718],[23.2845,41.83796],[23.28412,41.8374],[23.28161,41.83787],[23.27997,41.83902],[23.27969,41.8403],[23.27736,41.84246],[23.27924,41.84546],[23.27751,41.84601],[23.27872,41.84734],[23.27583,41.84892],[23.28143,41.85144],[23.28117,41.85276],[23.28347,41.8538],[23.28339,41.85764],[23.28188,41.85935],[23.28249,41.86066],[23.28462,41.86022],[23.28482,41.86072],[23.28397,41.86098],[23.28531,41.86245],[23.28412,41.86249],[23.28403,41.86388],[23.28203,41.86555],[23.28548,41.86629],[23.29154,41.86396],[23.29911,41.87089],[23.30312,41.8735],[23.30438,41.8765],[23.30647,41.87863],[23.30764,41.87879],[23.30814,41.87656],[23.30913,41.87923],[23.30469,41.88491],[23.30089,41.88591],[23.29992,41.88541],[23.30031,41.88652],[23.29876,41.88773],[23.29189,41.88913],[23.29229,41.88965],[23.29067,41.89046],[23.28902,41.89289],[23.28292,41.89648],[23.27751,41.89833],[23.2747,41.89824],[23.26944,41.90019],[23.26819,41.89997],[23.26347,41.90216],[23.25431,41.90134],[23.24267,41.90182]]],[[[23.32348,41.71594],[23.3168,41.7123],[23.3089,41.71046],[23.30645,41.71053],[23.30006,41.70328],[23.30134,41.69956],[23.3001,41.69892],[23.30105,41.69859],[23.30043,41.69646],[23.29886,41.69747],[23.2997,41.69284],[23.2983,41.6913],[23.29964,41.69031],[23.29851,41.68585],[23.29905,41.67857],[23.3004,41.67761],[23.29822,41.67449],[23.29813,41.67194],[23.30017,41.67026],[23.29983,41.67201],[23.30213,41.67227],[23.30399,41.67337],[23.30527,41.67235],[23.31063,41.6729],[23.32218,41.67969],[23.32529,41.67915],[23.32711,41.67969],[23.33042,41.67884],[23.3338,41.67894],[23.33238,41.67781],[23.32955,41.67793],[23.32775,41.67653],[23.32489,41.67575],[23.32534,41.67386],[23.32732,41.67264],[23.32413,41.67126],[23.32483,41.66992],[23.32046,41.6689],[23.3218,41.66815],[23.31975,41.66773],[23.32056,41.66708],[23.32251,41.66822],[23.33254,41.6697],[23.32961,41.66895],[23.32707,41.66555],[23.32259,41.66464],[23.31958,41.66297],[23.32286,41.66111],[23.32335,41.65978],[23.33362,41.66209],[23.33368,41.66059],[23.33552,41.6607],[23.33638,41.66153],[23.33518,41.66247],[23.33636,41.66464],[23.33549,41.6659],[23.33661,41.66609],[23.33979,41.66495],[23.34761,41.65494],[23.34798,41.65802],[23.3472,41.66004],[23.35021,41.65947],[23.3529,41.65605],[23.3551,41.65623],[23.35791,41.65896],[23.3577,41.66375],[23.35507,41.66609],[23.35426,41.66869],[23.35142,41.67049],[23.35222,41.67386],[23.35461,41.67364],[23.35642,41.67261],[23.35855,41.67344],[23.3653,41.67406],[23.36415,41.67696],[23.36464,41.67941],[23.36358,41.68102],[23.36181,41.68191],[23.36272,41.68307],[23.35909,41.68297],[23.35777,41.68383],[23.36018,41.68713],[23.35984,41.69175],[23.36196,41.6937],[23.35912,41.69438],[23.35258,41.69442],[23.35073,41.69609],[23.34385,41.69034],[23.33926,41.69023],[23.33129,41.68325],[23.32799,41.68197],[23.33032,41.68465],[23.33108,41.68813],[23.32888,41.69485],[23.32732,41.69635],[23.32269,41.69717],[23.32206,41.699],[23.31856,41.70095],[23.32017,41.70263],[23.3207,41.70556],[23.32279,41.70518],[23.32389,41.70622],[23.32131,41.70809],[23.32287,41.7091],[23.32348,41.71594]]]]},"properties":{"SiteCode":"BG0002126","SiteNameBG":"Пирин буфер","SiteType":"SPA","SiteArea":31801.836599999999,"naturaClass":"spa"}},{"type":"Feature","geometry":{"type":"MultiPolygon","coordinates":[[[[24.21967,42.93303],[24.21417,42.93462],[24.20838,42.93442],[24.20933,42.93387],[24.20867,42.93286],[24.21061,42.93088],[24.21212,42.93129],[24.21319,42.93075],[24.21305,42.92857],[24.21254,42.92818],[24.2124,42.92904],[24.21129,42.929],[24.21084,42.92695],[24.21373,42.92693],[24.21798,42.92869],[24.21891,42.92766],[24.21832,42.92708],[24.21988,42.92633],[24.22034,42.92709],[24.22096,42.92683],[24.22103,42.92583],[24.21961,42.92481],[24.22044,42.92429],[24.21902,42.92419],[24.21978,42.92199],[24.21809,42.92036],[24.21859,42.91971],[24.21835,42.92045],[24.21906,42.92026],[24.21967,42.9212],[24.21998,42.91959],[24.22151,42.91978],[24.22217,42.91915],[24.2223,42.91994],[24.22285,42.91865],[24.2255,42.9194],[24.22567,42.91825],[24.22465,42.91768],[24.22709,42.9123],[24.22683,42.91072],[24.22544,42.91004],[24.22818,42.9099],[24.23032,42.90821],[24.23157,42.90285],[24.23122,42.89979],[24.22348,42.89886],[24.22389,42.89751],[24.22226,42.89633],[24.21872,42.89591],[24.21739,42.89638],[24.21608,42.89539],[24.21086,42.89501],[24.20984,42.89423],[24.21125,42.89234],[24.21035,42.89192],[24.20138,42.89159],[24.20088,42.89072],[24.1991,42.89054],[24.20012,42.88998],[24.19807,42.88758],[24.19901,42.88821],[24.19757,42.88574],[24.19771,42.88235],[24.19611,42.88124],[24.19684,42.87977],[24.19916,42.87807],[24.20435,42.87621],[24.20186,42.87641],[24.20017,42.87763],[24.19518,42.87752],[24.19094,42.87237],[24.19103,42.86881],[24.18741,42.86556],[24.18842,42.86334],[24.18711,42.85829],[24.1853,42.85551],[24.18606,42.85525],[24.18496,42.85399],[24.18555,42.85107],[24.1845,42.84846],[24.18363,42.85005],[24.18347,42.8554],[24.18478,42.85708],[24.18485,42.86094],[24.18707,42.86344],[24.18654,42.86475],[24.18777,42.86753],[24.18728,42.868],[24.18923,42.86896],[24.18911,42.87299],[24.19175,42.87678],[24.19421,42.88398],[24.19713,42.88741],[24.19577,42.88911],[24.19661,42.89086],[24.1959,42.89222],[24.19651,42.89484],[24.19379,42.89562],[24.18655,42.895],[24.18364,42.89639],[24.18187,42.89483],[24.1821,42.89229],[24.1834,42.89189],[24.1811,42.88978],[24.17771,42.88876],[24.174,42.88899],[24.17129,42.88834],[24.16988,42.8868],[24.16595,42.8881],[24.16314,42.88702],[24.1601,42.88749],[24.15572,42.88661],[24.15122,42.88019],[24.14613,42.87799],[24.1424,42.87472],[24.13632,42.87385],[24.13677,42.87288],[24.13578,42.8723],[24.13806,42.87109],[24.13807,42.8697],[24.1416,42.86844],[24.1389,42.86537],[24.13571,42.86419],[24.13121,42.86113],[24.1304,42.86206],[24.12908,42.8621],[24.12875,42.86117],[24.12493,42.86153],[24.12204,42.86537],[24.12033,42.86552],[24.12037,42.86505],[24.11801,42.86539],[24.11183,42.8644],[24.11162,42.86308],[24.1011,42.86315],[24.09993,42.86376],[24.0945,42.86376],[24.09371,42.86211],[24.09152,42.86145],[24.09175,42.86017],[24.08846,42.86058],[24.08929,42.85873],[24.10394,42.85575],[24.10896,42.85944],[24.10888,42.85669],[24.11234,42.85727],[24.11523,42.85581],[24.11605,42.85452],[24.12114,42.85345],[24.12092,42.84911],[24.12766,42.84494],[24.13505,42.84583],[24.13509,42.8451],[24.13764,42.84422],[24.1378,42.84285],[24.1401,42.84471],[24.14531,42.84492],[24.14636,42.84398],[24.14667,42.84498],[24.14893,42.84324],[24.14872,42.84542],[24.15744,42.84453],[24.1635,42.84526],[24.1596,42.844],[24.15403,42.84415],[24.15434,42.84356],[24.15553,42.84376],[24.15573,42.84205],[24.15851,42.84136],[24.16373,42.84161],[24.16452,42.84229],[24.16575,42.84171],[24.16876,42.84194],[24.16914,42.84111],[24.17308,42.83955],[24.18333,42.8378],[24.18667,42.83643],[24.18803,42.8365],[24.18803,42.83751],[24.19277,42.83734],[24.19374,42.83422],[24.19213,42.83341],[24.19312,42.83285],[24.19293,42.82728],[24.19146,42.8251],[24.19139,42.82151],[24.1809,42.81509],[24.17653,42.81414],[24.17337,42.81427],[24.17354,42.81055],[24.17558,42.80986],[24.17872,42.80432],[24.1817,42.80369],[24.17887,42.79997],[24.17969,42.79944],[24.17901,42.79853],[24.18109,42.79671],[24.17939,42.79525],[24.17899,42.796],[24.17857,42.79486],[24.17952,42.79491],[24.1803,42.7939],[24.17833,42.79358],[24.17712,42.79446],[24.17236,42.7867],[24.17371,42.78414],[24.17156,42.78166],[24.16692,42.78342],[24.1641,42.78691],[24.16383,42.7862],[24.15512,42.78254],[24.1527,42.78375],[24.14553,42.77838],[24.14322,42.77921],[24.14262,42.78085],[24.13534,42.78331],[24.12791,42.78277],[24.12754,42.78207],[24.12266,42.78559],[24.12159,42.78796],[24.11962,42.78805],[24.11728,42.78948],[24.11099,42.78977],[24.10806,42.7869],[24.10554,42.78649],[24.10355,42.78382],[24.09966,42.78402],[24.10257,42.77495],[24.09984,42.77182],[24.09544,42.76962],[24.09436,42.76813],[24.09308,42.76887],[24.09327,42.7681],[24.09243,42.76793],[24.09207,42.76888],[24.09356,42.77142],[24.09384,42.77027],[24.09504,42.77124],[24.0928,42.77301],[24.09129,42.77243],[24.09067,42.77299],[24.08996,42.77115],[24.08662,42.77038],[24.08113,42.7714],[24.07845,42.77052],[24.07583,42.77151],[24.07471,42.77036],[24.07614,42.77029],[24.07548,42.76967],[24.07797,42.76931],[24.08607,42.77022],[24.08812,42.76829],[24.09418,42.76538],[24.09987,42.76601],[24.1003,42.7626],[24.10108,42.76288],[24.10232,42.76187],[24.10451,42.76304],[24.10575,42.76187],[24.10597,42.75943],[24.10471,42.75855],[24.10697,42.75681],[24.10753,42.75859],[24.11119,42.75648],[24.11062,42.75574],[24.1103,42.75685],[24.10904,42.75727],[24.10944,42.75582],[24.10792,42.75482],[24.10823,42.75419],[24.10916,42.75463],[24.11204,42.75377],[24.11004,42.75239],[24.11183,42.74525],[24.11164,42.74106],[24.11274,42.74243],[24.11351,42.74062],[24.11448,42.74087],[24.11352,42.74087],[24.11374,42.74149],[24.11545,42.74152],[24.11265,42.74375],[24.11333,42.74557],[24.11553,42.74664],[24.11471,42.74701],[24.1163,42.74749],[24.11609,42.7466],[24.11715,42.74649],[24.1167,42.74549],[24.11896,42.74545],[24.11889,42.74452],[24.12422,42.74551],[24.12466,42.74472],[24.12584,42.74532],[24.12701,42.74487],[24.12812,42.74601],[24.1276,42.74647],[24.12875,42.74683],[24.1254,42.75005],[24.12666,42.75092],[24.12853,42.75062],[24.12932,42.74948],[24.12995,42.74992],[24.12931,42.75073],[24.13125,42.75106],[24.13448,42.75014],[24.13521,42.75111],[24.14714,42.75032],[24.14918,42.74755],[24.15187,42.74864],[24.15212,42.74756],[24.15313,42.74739],[24.15279,42.74654],[24.15029,42.74666],[24.14877,42.74554],[24.1531,42.74449],[24.14983,42.74339],[24.15218,42.74351],[24.15227,42.7428],[24.15592,42.74586],[24.1555,42.74485],[24.15635,42.7447],[24.15686,42.74253],[24.1578,42.74234],[24.15826,42.74374],[24.15914,42.74294],[24.16137,42.74545],[24.16316,42.74542],[24.16163,42.74816],[24.16144,42.75155],[24.16277,42.7524],[24.16279,42.75067],[24.16357,42.75233],[24.16265,42.75269],[24.16507,42.7559],[24.16423,42.75192],[24.16516,42.75082],[24.16706,42.75121],[24.16701,42.7527],[24.16851,42.75339],[24.1711,42.75336],[24.16965,42.75817],[24.16864,42.75761],[24.16898,42.75832],[24.16864,42.75904],[24.17017,42.75886],[24.17151,42.75759],[24.17321,42.75913],[24.17461,42.75699],[24.17272,42.75721],[24.17273,42.7563],[24.17514,42.7567],[24.17514,42.75473],[24.17699,42.75358],[24.17766,42.75535],[24.17706,42.75654],[24.17827,42.75623],[24.17844,42.75542],[24.17991,42.75605],[24.17993,42.7589],[24.18526,42.75847],[24.18826,42.75705],[24.19149,42.75356],[24.19367,42.75441],[24.1991,42.75261],[24.19902,42.75088],[24.20339,42.75187],[24.20462,42.75108],[24.20471,42.75177],[24.20539,42.75135],[24.20602,42.75188],[24.20724,42.75017],[24.2066,42.7496],[24.20781,42.74945],[24.20652,42.74775],[24.20954,42.7464],[24.20818,42.74633],[24.20708,42.74569],[24.2068,42.74351],[24.20802,42.74021],[24.21216,42.73475],[24.21323,42.7303],[24.21068,42.72519],[24.21095,42.72376],[24.21206,42.72388],[24.20963,42.71968],[24.21016,42.71694],[24.21081,42.71645],[24.2262,42.72317],[24.22497,42.72468],[24.22418,42.72847],[24.21993,42.73458],[24.21994,42.73654],[24.21731,42.74161],[24.21833,42.74436],[24.21171,42.74738],[24.20866,42.75068],[24.21272,42.75299],[24.21378,42.75205],[24.21632,42.75205],[24.21733,42.7535],[24.21661,42.75456],[24.21747,42.75381],[24.2192,42.75409],[24.21785,42.75358],[24.21775,42.75278],[24.21968,42.75185],[24.22154,42.75354],[24.22665,42.75384],[24.22699,42.75539],[24.22542,42.75916],[24.22931,42.76692],[24.22168,42.76575],[24.21874,42.76426],[24.20935,42.76308],[24.20321,42.76351],[24.19075,42.76262],[24.18622,42.76334],[24.18161,42.76573],[24.18377,42.76802],[24.18556,42.77385],[24.18398,42.78328],[24.1888,42.7819],[24.1963,42.78156],[24.19814,42.78054],[24.20172,42.78289],[24.20752,42.78239],[24.20859,42.78131],[24.20769,42.78879],[24.21327,42.78548],[24.21824,42.78647],[24.22229,42.78864],[24.2251,42.78907],[24.22693,42.79078],[24.22724,42.79643],[24.22933,42.80138],[24.23099,42.80268],[24.22964,42.80627],[24.22415,42.81106],[24.22565,42.81144],[24.22904,42.80984],[24.2335,42.81123],[24.23665,42.81055],[24.24059,42.81107],[24.24043,42.8122],[24.23833,42.81343],[24.24064,42.81623],[24.241,42.81892],[24.24276,42.82072],[24.25004,42.8166],[24.26015,42.81803],[24.25937,42.81921],[24.25995,42.8206],[24.2656,42.82118],[24.26735,42.82205],[24.26363,42.82375],[24.26196,42.82538],[24.25644,42.82718],[24.25609,42.82877],[24.25473,42.82877],[24.25421,42.82946],[24.25436,42.83057],[24.25346,42.82981],[24.25215,42.83003],[24.25423,42.83132],[24.25596,42.83147],[24.25964,42.83376],[24.26071,42.83267],[24.26279,42.833],[24.26338,42.83536],[24.26181,42.83586],[24.26368,42.83852],[24.27077,42.83986],[24.2738,42.83705],[24.2757,42.83193],[24.27423,42.82842],[24.27541,42.82729],[24.28855,42.82577],[24.29511,42.82325],[24.30016,42.82267],[24.30566,42.82327],[24.30673,42.81972],[24.30603,42.81918],[24.30352,42.81801],[24.30143,42.81921],[24.29934,42.81814],[24.29704,42.81889],[24.29557,42.81833],[24.29552,42.81744],[24.29883,42.81581],[24.29736,42.81511],[24.29521,42.81216],[24.29596,42.81073],[24.29741,42.81191],[24.30055,42.8111],[24.29678,42.81052],[24.29783,42.80978],[24.29649,42.80938],[24.29497,42.80745],[24.2974,42.80653],[24.29512,42.80554],[24.30082,42.80573],[24.29412,42.79825],[24.29341,42.79294],[24.29496,42.79188],[24.29689,42.79409],[24.29811,42.7938],[24.30462,42.79601],[24.30596,42.79564],[24.31022,42.79649],[24.30795,42.79243],[24.30876,42.79052],[24.30517,42.7896],[24.30507,42.78902],[24.30769,42.78873],[24.30789,42.78785],[24.31186,42.79054],[24.31214,42.78916],[24.31734,42.78616],[24.32349,42.78987],[24.32645,42.79715],[24.32413,42.80088],[24.32521,42.80224],[24.3234,42.80323],[24.32269,42.80464],[24.3239,42.80635],[24.3264,42.80757],[24.32838,42.81263],[24.33031,42.81147],[24.33477,42.81157],[24.34116,42.81003],[24.34776,42.81237],[24.35988,42.81176],[24.36269,42.80732],[24.36497,42.8082],[24.36854,42.81156],[24.37165,42.81277],[24.37321,42.81089],[24.37934,42.80945],[24.38346,42.80636],[24.38643,42.80661],[24.38811,42.80584],[24.39303,42.8068],[24.39545,42.8065],[24.39628,42.80034],[24.39861,42.8012],[24.40309,42.80137],[24.40426,42.80296],[24.40692,42.8031],[24.41134,42.802],[24.41545,42.80186],[24.41761,42.80087],[24.41984,42.80124],[24.41918,42.79956],[24.4203,42.79824],[24.41999,42.79651],[24.42163,42.79512],[24.42134,42.79376],[24.42238,42.79315],[24.42236,42.79132],[24.42396,42.79048],[24.42384,42.78922],[24.42495,42.78842],[24.42715,42.78838],[24.42865,42.78656],[24.43057,42.78609],[24.434,42.78612],[24.43653,42.78728],[24.43716,42.78949],[24.44683,42.7949],[24.44649,42.79673],[24.44884,42.79895],[24.4497,42.80177],[24.45234,42.80189],[24.4534,42.80427],[24.45716,42.80328],[24.45873,42.80352],[24.46143,42.80575],[24.46599,42.80703],[24.4665,42.80818],[24.46552,42.81012],[24.46695,42.81236],[24.46722,42.81504],[24.46914,42.8148],[24.47253,42.81581],[24.4764,42.8155],[24.48033,42.81741],[24.49204,42.8145],[24.49269,42.81817],[24.49727,42.81858],[24.50285,42.81697],[24.50417,42.81588],[24.50348,42.8157],[24.50334,42.8141],[24.50188,42.81389],[24.50534,42.81389],[24.50622,42.81324],[24.50586,42.81223],[24.50867,42.81408],[24.51085,42.81409],[24.50706,42.81099],[24.51084,42.81183],[24.51233,42.81152],[24.51273,42.81061],[24.51609,42.81114],[24.51745,42.81076],[24.51758,42.8088],[24.51848,42.80866],[24.51756,42.80671],[24.5212,42.80633],[24.52074,42.80697],[24.52195,42.80733],[24.52196,42.80783],[24.51948,42.80709],[24.51974,42.80831],[24.52621,42.80725],[24.52902,42.81287],[24.53079,42.81185],[24.5315,42.81004],[24.53887,42.80624],[24.54075,42.80579],[24.54212,42.80792],[24.54468,42.80903],[24.54646,42.80834],[24.55076,42.80917],[24.55246,42.80393],[24.55891,42.80482],[24.55935,42.80296],[24.56362,42.80696],[24.56735,42.80658],[24.56947,42.80738],[24.57165,42.80651],[24.57357,42.80781],[24.57642,42.80822],[24.57818,42.80592],[24.58116,42.80527],[24.58236,42.80358],[24.58153,42.80196],[24.58291,42.8031],[24.58347,42.80555],[24.5849,42.80654],[24.58605,42.80636],[24.58556,42.80585],[24.58659,42.80538],[24.58618,42.80398],[24.589,42.80351],[24.58957,42.8044],[24.58993,42.80018],[24.59029,42.80125],[24.59203,42.80137],[24.595,42.80635],[24.59023,42.81043],[24.58655,42.81124],[24.58609,42.81269],[24.58258,42.81199],[24.58057,42.80999],[24.57735,42.80883],[24.5785,42.8096],[24.57772,42.8098],[24.57533,42.80886],[24.57193,42.80943],[24.57051,42.80837],[24.5701,42.80924],[24.56847,42.80927],[24.56724,42.81124],[24.56403,42.8097],[24.56313,42.80814],[24.56149,42.80876],[24.55982,42.80799],[24.5593,42.80905],[24.55706,42.80873],[24.554,42.80961],[24.55097,42.81168],[24.54939,42.8114],[24.54714,42.81275],[24.54374,42.81259],[24.54166,42.81178],[24.54032,42.8131],[24.53562,42.8144],[24.53501,42.81602],[24.53135,42.81636],[24.53077,42.81567],[24.52895,42.81655],[24.52953,42.81746],[24.52594,42.81656],[24.52432,42.81691],[24.52329,42.81804],[24.52575,42.82059],[24.52518,42.82359],[24.52287,42.82522],[24.52013,42.82551],[24.515,42.82806],[24.51355,42.82792],[24.50859,42.83285],[24.50465,42.83009],[24.50826,42.83546],[24.50313,42.83797],[24.50056,42.84043],[24.49652,42.83822],[24.49361,42.83778],[24.49042,42.83516],[24.48732,42.83694],[24.48895,42.8396],[24.49121,42.84909],[24.49377,42.85103],[24.49247,42.85338],[24.49564,42.85722],[24.49596,42.86069],[24.49211,42.86659],[24.48909,42.86886],[24.48722,42.86906],[24.48342,42.87394],[24.48076,42.874],[24.47898,42.87523],[24.47518,42.87487],[24.47138,42.87229],[24.46384,42.87253],[24.45692,42.87391],[24.45106,42.87265],[24.44976,42.87104],[24.44655,42.87029],[24.44141,42.87063],[24.4303,42.87319],[24.42519,42.87589],[24.42149,42.87603],[24.41694,42.87353],[24.41421,42.87394],[24.41338,42.87564],[24.40879,42.87518],[24.4063,42.87561],[24.40407,42.87728],[24.40073,42.87736],[24.39897,42.8764],[24.3971,42.8768],[24.39754,42.87728],[24.39459,42.87826],[24.38761,42.87756],[24.38349,42.87839],[24.37771,42.87762],[24.37399,42.87584],[24.37203,42.87583],[24.37142,42.87646],[24.37018,42.87581],[24.36568,42.87859],[24.36098,42.87934],[24.36128,42.87845],[24.36017,42.87823],[24.35854,42.87916],[24.35795,42.87868],[24.3547,42.87898],[24.35142,42.88072],[24.34612,42.88012],[24.3446,42.88111],[24.3406,42.88126],[24.33621,42.87956],[24.33328,42.87951],[24.33387,42.87632],[24.33162,42.87605],[24.33147,42.87812],[24.32973,42.88081],[24.32604,42.88411],[24.32635,42.88649],[24.32289,42.88877],[24.32246,42.8934],[24.3194,42.89462],[24.31759,42.89654],[24.31207,42.89998],[24.31075,42.89874],[24.30946,42.90204],[24.30796,42.90283],[24.3085,42.9033],[24.30386,42.90508],[24.30221,42.90901],[24.29949,42.9113],[24.29449,42.91046],[24.29452,42.90838],[24.29242,42.90667],[24.29059,42.90683],[24.28972,42.90597],[24.28842,42.90841],[24.28689,42.90764],[24.28302,42.90748],[24.28325,42.9068],[24.28208,42.90763],[24.28125,42.90718],[24.28162,42.906],[24.27982,42.90684],[24.27881,42.90556],[24.27783,42.90722],[24.27626,42.90581],[24.27067,42.90662],[24.26837,42.90609],[24.26752,42.90387],[24.2602,42.90427],[24.25891,42.90258],[24.25565,42.9011],[24.2625,42.90016],[24.26542,42.89682],[24.26687,42.89306],[24.26507,42.89243],[24.26317,42.89314],[24.26315,42.89146],[24.26181,42.89097],[24.26228,42.89031],[24.2604,42.89005],[24.26166,42.88767],[24.26314,42.88804],[24.26688,42.88735],[24.26627,42.88648],[24.26777,42.88619],[24.26805,42.88533],[24.26898,42.88558],[24.27001,42.88358],[24.26867,42.88328],[24.26926,42.8825],[24.26139,42.88119],[24.25987,42.87922],[24.25854,42.87952],[24.25985,42.87813],[24.25958,42.87739],[24.2583,42.87739],[24.2627,42.87522],[24.26232,42.87422],[24.25905,42.87648],[24.25605,42.87578],[24.25484,42.87947],[24.25421,42.87852],[24.25389,42.88091],[24.25262,42.88216],[24.25383,42.88369],[24.25136,42.88624],[24.25092,42.88804],[24.24735,42.88883],[24.24704,42.89012],[24.24591,42.89017],[24.2454,42.89186],[24.24776,42.89198],[24.24364,42.89319],[24.24431,42.89417],[24.24341,42.89448],[24.24096,42.89435],[24.2426,42.89677],[24.24561,42.89885],[24.25064,42.89849],[24.25102,42.8997],[24.25437,42.90076],[24.25742,42.9033],[24.25436,42.90801],[24.25642,42.90784],[24.25723,42.90941],[24.25531,42.91118],[24.25609,42.91193],[24.25702,42.91167],[24.25691,42.91237],[24.25567,42.91262],[24.25864,42.91373],[24.25822,42.91485],[24.25229,42.91768],[24.24941,42.92047],[24.24178,42.9247],[24.22978,42.92825],[24.22166,42.93148],[24.21967,42.93303]]],[[[25.12622,42.79438],[25.12113,42.79661],[25.12023,42.79576],[25.11849,42.79066],[25.11836,42.78508],[25.11977,42.78126],[25.12644,42.77286],[25.13378,42.76739],[25.1373,42.76247],[25.13481,42.75995],[25.1357,42.75752],[25.13069,42.75887],[25.13013,42.75675],[25.12866,42.7553],[25.12485,42.75717],[25.12134,42.7556],[25.11534,42.75589],[25.11385,42.75447],[25.11438,42.75223],[25.11375,42.75393],[25.10897,42.75228],[25.10734,42.7552],[25.10544,42.75605],[25.10582,42.75533],[25.10355,42.7545],[25.10041,42.75178],[25.10015,42.74997],[25.10506,42.74849],[25.10901,42.74867],[25.11389,42.74647],[25.11659,42.74658],[25.11676,42.74721],[25.12357,42.74679],[25.12306,42.74527],[25.12405,42.74579],[25.12496,42.74512],[25.12665,42.74545],[25.12654,42.73609],[25.13085,42.73574],[25.13169,42.73623],[25.12961,42.73045],[25.13024,42.72913],[25.13393,42.72787],[25.1381,42.72932],[25.14421,42.72656],[25.15283,42.72562],[25.15999,42.72716],[25.16776,42.73149],[25.1711,42.73078],[25.17176,42.72804],[25.17407,42.72614],[25.17501,42.72399],[25.17359,42.72108],[25.17366,42.7182],[25.1781,42.71542],[25.17897,42.71254],[25.1784,42.71051],[25.17996,42.70721],[25.1843,42.70525],[25.18538,42.70393],[25.18081,42.70275],[25.17552,42.69695],[25.1734,42.69761],[25.17198,42.69668],[25.17032,42.6975],[25.17563,42.68491],[25.17447,42.68036],[25.17507,42.67955],[25.17727,42.68014],[25.18063,42.67986],[25.17938,42.6823],[25.18086,42.68323],[25.18062,42.68577],[25.1829,42.68543],[25.1857,42.68674],[25.1895,42.68727],[25.19184,42.68951],[25.20065,42.68597],[25.2,42.68377],[25.20113,42.68377],[25.20435,42.67896],[25.20136,42.67888],[25.20391,42.67528],[25.19844,42.67396],[25.2003,42.67259],[25.20376,42.67241],[25.20468,42.66724],[25.20119,42.66721],[25.20292,42.66384],[25.2047,42.66317],[25.21091,42.665],[25.21183,42.66365],[25.21412,42.66339],[25.21471,42.66243],[25.21874,42.66237],[25.22021,42.65686],[25.21707,42.65537],[25.21797,42.65399],[25.22104,42.65505],[25.22347,42.65352],[25.24037,42.6686],[25.24769,42.67384],[25.24551,42.67609],[25.24118,42.6781],[25.23863,42.68163],[25.2357,42.68341],[25.23481,42.68484],[25.23337,42.6849],[25.23101,42.6864],[25.23097,42.69013],[25.23523,42.68969],[25.23715,42.69045],[25.23751,42.68988],[25.24247,42.6897],[25.24474,42.68887],[25.24199,42.69076],[25.2464,42.69061],[25.24732,42.6913],[25.24868,42.6905],[25.25428,42.69147],[25.25639,42.69214],[25.25961,42.6948],[25.26049,42.69321],[25.26161,42.69358],[25.25861,42.69159],[25.25944,42.69177],[25.25968,42.69091],[25.25863,42.68914],[25.25884,42.68628],[25.25541,42.68627],[25.2558,42.68232],[25.25333,42.68155],[25.25894,42.67505],[25.25881,42.67595],[25.26396,42.67607],[25.26394,42.67869],[25.26581,42.67919],[25.26573,42.68117],[25.27521,42.67954],[25.27554,42.68283],[25.28578,42.68101],[25.28694,42.6835],[25.28709,42.68502],[25.28843,42.68625],[25.29537,42.68511],[25.29488,42.67846],[25.29585,42.67777],[25.29556,42.67469],[25.29749,42.67145],[25.29732,42.67],[25.29561,42.67072],[25.29753,42.66967],[25.29767,42.67259],[25.29598,42.67513],[25.29729,42.67821],[25.29949,42.6792],[25.30132,42.68404],[25.30076,42.69518],[25.30979,42.69474],[25.30809,42.69718],[25.3123,42.69871],[25.31045,42.70126],[25.31247,42.70207],[25.31005,42.70525],[25.30877,42.71048],[25.30684,42.71361],[25.30502,42.71437],[25.30586,42.71515],[25.30527,42.71599],[25.30598,42.71829],[25.30035,42.72984],[25.29828,42.73168],[25.29955,42.73152],[25.30142,42.73458],[25.30749,42.73779],[25.30931,42.74011],[25.31422,42.74024],[25.31818,42.73876],[25.31912,42.73539],[25.32241,42.73433],[25.32393,42.73538],[25.3238,42.73781],[25.32819,42.73616],[25.33032,42.73629],[25.33162,42.74016],[25.33203,42.73962],[25.34154,42.73916],[25.34558,42.73961],[25.34543,42.74056],[25.34875,42.74114],[25.35373,42.74094],[25.34353,42.74318],[25.34213,42.74723],[25.34084,42.7495],[25.3355,42.748],[25.33304,42.74844],[25.33194,42.74944],[25.32854,42.74957],[25.32635,42.75181],[25.32545,42.75183],[25.32458,42.75065],[25.32141,42.75261],[25.31991,42.75276],[25.31798,42.75511],[25.31744,42.75735],[25.31288,42.75536],[25.31092,42.75561],[25.30648,42.75433],[25.29987,42.75385],[25.2964,42.75499],[25.29134,42.75456],[25.28883,42.75255],[25.28514,42.75059],[25.28217,42.75029],[25.28094,42.75254],[25.28162,42.75521],[25.28095,42.75789],[25.2761,42.76124],[25.27514,42.76394],[25.26737,42.76484],[25.26515,42.76319],[25.26311,42.75828],[25.26072,42.7566],[25.25897,42.7515],[25.25709,42.75003],[25.25423,42.7494],[25.25226,42.74808],[25.25179,42.74552],[25.24936,42.74259],[25.24407,42.74399],[25.24228,42.74565],[25.24047,42.74967],[25.2394,42.74985],[25.23902,42.75038],[25.24663,42.75247],[25.24973,42.7514],[25.25192,42.74955],[25.2523,42.75247],[25.24981,42.75558],[25.25103,42.75719],[25.24884,42.75922],[25.24779,42.759],[25.2469,42.75985],[25.24559,42.75944],[25.2458,42.75857],[25.24236,42.75853],[25.24087,42.75981],[25.24116,42.76174],[25.23852,42.76197],[25.23811,42.76351],[25.24027,42.7633],[25.24017,42.76252],[25.24103,42.76308],[25.24201,42.76633],[25.23856,42.7665],[25.23746,42.76572],[25.23801,42.7642],[25.2355,42.76325],[25.23477,42.76371],[25.23519,42.76291],[25.23239,42.75948],[25.23364,42.75489],[25.23256,42.75288],[25.23389,42.75046],[25.23321,42.74885],[25.23278,42.74936],[25.23232,42.74884],[25.22592,42.74928],[25.2273,42.75274],[25.22579,42.75547],[25.22569,42.75935],[25.22471,42.75995],[25.22448,42.76248],[25.22148,42.76822],[25.21323,42.77319],[25.2116,42.77482],[25.21232,42.77549],[25.21108,42.77676],[25.21025,42.78095],[25.20607,42.78065],[25.19819,42.7838],[25.19374,42.78379],[25.17895,42.78938],[25.17474,42.7838],[25.17117,42.781],[25.16078,42.77866],[25.15162,42.78904],[25.14862,42.7889],[25.14343,42.791],[25.14003,42.79114],[25.13352,42.79326],[25.1376,42.79377],[25.13576,42.79521],[25.13462,42.79423],[25.13229,42.79381],[25.12622,42.79438]]],[[[25.46832,42.76422],[25.4615,42.76413],[25.45213,42.76155],[25.44915,42.76153],[25.44299,42.76382],[25.44008,42.76198],[25.4346,42.76119],[25.43347,42.75524],[25.43471,42.74937],[25.43199,42.7462],[25.42793,42.74405],[25.42607,42.74098],[25.42414,42.74013],[25.42407,42.736],[25.42299,42.7343],[25.41784,42.73367],[25.41674,42.7341],[25.41281,42.73639],[25.41039,42.73925],[25.40336,42.74344],[25.39909,42.74265],[25.39515,42.74041],[25.39009,42.73878],[25.38458,42.74102],[25.38197,42.74049],[25.37596,42.74117],[25.37852,42.74063],[25.3815,42.73878],[25.38466,42.73858],[25.38716,42.73463],[25.38685,42.73208],[25.3886,42.73262],[25.38935,42.73389],[25.38903,42.73276],[25.3859,42.73036],[25.38495,42.72742],[25.38598,42.72742],[25.38581,42.72566],[25.38651,42.72623],[25.38594,42.72292],[25.38668,42.71801],[25.38517,42.71341],[25.38549,42.71105],[25.38316,42.71032],[25.3863,42.70791],[25.38447,42.70752],[25.38167,42.70867],[25.38231,42.70745],[25.38008,42.70628],[25.38408,42.70523],[25.38239,42.70407],[25.38431,42.70384],[25.38128,42.70257],[25.37821,42.6914],[25.38082,42.69251],[25.37991,42.69138],[25.38739,42.69272],[25.38996,42.6923],[25.39114,42.69338],[25.39146,42.68901],[25.38897,42.68688],[25.3923,42.68712],[25.3959,42.68886],[25.39903,42.68723],[25.40047,42.68904],[25.40276,42.68766],[25.40333,42.68533],[25.40677,42.68368],[25.40984,42.68461],[25.41389,42.68473],[25.41603,42.67816],[25.4202,42.68063],[25.4217,42.6837],[25.42248,42.68119],[25.42406,42.67992],[25.42514,42.67999],[25.42821,42.68192],[25.43105,42.68145],[25.43862,42.68464],[25.44073,42.68469],[25.44128,42.68598],[25.44254,42.68475],[25.44491,42.68646],[25.44798,42.68539],[25.44805,42.68701],[25.4522,42.68721],[25.45225,42.68896],[25.45653,42.69022],[25.45888,42.68806],[25.46049,42.68919],[25.46165,42.68892],[25.46192,42.69012],[25.46292,42.68997],[25.46427,42.69104],[25.46759,42.69226],[25.47089,42.69527],[25.46888,42.69699],[25.46966,42.69751],[25.47208,42.69483],[25.47481,42.69435],[25.47692,42.6948],[25.47667,42.69737],[25.47818,42.69458],[25.48073,42.69434],[25.48401,42.69613],[25.48344,42.69881],[25.49243,42.70383],[25.49478,42.70459],[25.49545,42.70213],[25.49685,42.70194],[25.4992,42.70368],[25.50554,42.70475],[25.50795,42.70596],[25.51178,42.70634],[25.52066,42.70293],[25.5248,42.70226],[25.52562,42.70357],[25.52495,42.70933],[25.52755,42.71157],[25.52894,42.71181],[25.52989,42.71017],[25.53333,42.71056],[25.53395,42.71005],[25.53329,42.70796],[25.53621,42.71016],[25.53862,42.71013],[25.54095,42.71145],[25.54031,42.7097],[25.54162,42.7091],[25.54095,42.70983],[25.54168,42.71068],[25.54627,42.71242],[25.54394,42.71367],[25.54618,42.71645],[25.54664,42.71851],[25.54813,42.71828],[25.55172,42.71499],[25.55268,42.7166],[25.55538,42.71804],[25.55864,42.7234],[25.55996,42.72274],[25.55697,42.7244],[25.55745,42.725],[25.55537,42.72572],[25.55514,42.72688],[25.556,42.72711],[25.55457,42.72721],[25.55404,42.72823],[25.55646,42.72865],[25.55727,42.73015],[25.5556,42.73132],[25.55733,42.73504],[25.55649,42.73573],[25.55768,42.73646],[25.55286,42.73836],[25.5529,42.7419],[25.54974,42.74451],[25.54723,42.74836],[25.54542,42.74921],[25.5448,42.75164],[25.54022,42.74995],[25.54025,42.74709],[25.53884,42.74541],[25.54031,42.74372],[25.54014,42.74139],[25.53899,42.74107],[25.52982,42.74365],[25.53007,42.74529],[25.52846,42.74653],[25.52782,42.7444],[25.52498,42.74333],[25.52275,42.745],[25.51781,42.74619],[25.51501,42.74563],[25.51331,42.74687],[25.51164,42.74566],[25.50918,42.74583],[25.50748,42.74423],[25.50244,42.74407],[25.49392,42.74544],[25.49078,42.7449],[25.48831,42.74309],[25.48681,42.74517],[25.48393,42.74658],[25.48289,42.74846],[25.47524,42.75331],[25.47484,42.75552],[25.46832,42.76422]]],[[[24.61311,42.81045],[24.60653,42.80685],[24.60213,42.80683],[24.59645,42.80508],[24.59552,42.80584],[24.59484,42.80322],[24.59324,42.80281],[24.59239,42.79999],[24.58788,42.79639],[24.5887,42.79436],[24.58742,42.79347],[24.58612,42.79368],[24.58577,42.79235],[24.58743,42.7926],[24.58757,42.79178],[24.5897,42.7919],[24.59178,42.79107],[24.5931,42.78921],[24.59465,42.78938],[24.59732,42.78837],[24.59783,42.78676],[24.59967,42.78649],[24.5998,42.78563],[24.60014,42.78706],[24.60129,42.78585],[24.60509,42.78531],[24.60461,42.78365],[24.60681,42.78235],[24.60545,42.78101],[24.60597,42.78042],[24.6136,42.7787],[24.61593,42.78083],[24.62423,42.78255],[24.62296,42.78381],[24.62354,42.78641],[24.62451,42.78573],[24.62872,42.78886],[24.63555,42.79059],[24.63875,42.7922],[24.64032,42.79446],[24.64674,42.78892],[24.65202,42.78821],[24.65168,42.78613],[24.65271,42.78483],[24.65424,42.78523],[24.65392,42.78425],[24.65576,42.78428],[24.65257,42.78412],[24.65352,42.78352],[24.65247,42.78247],[24.65276,42.78109],[24.65094,42.78088],[24.65127,42.77781],[24.65552,42.78034],[24.65395,42.7792],[24.65605,42.77814],[24.65701,42.77894],[24.6563,42.77782],[24.65711,42.77565],[24.65844,42.77472],[24.65818,42.77408],[24.65998,42.77414],[24.66049,42.77351],[24.66552,42.77401],[24.66632,42.7773],[24.67008,42.77821],[24.67035,42.77947],[24.67197,42.78042],[24.67352,42.78056],[24.67502,42.77927],[24.67732,42.77926],[24.67785,42.78075],[24.67843,42.7803],[24.67959,42.78166],[24.68268,42.78258],[24.68288,42.78353],[24.68831,42.78455],[24.69262,42.78691],[24.69565,42.78713],[24.69183,42.78334],[24.69008,42.77944],[24.69632,42.77743],[24.69807,42.77803],[24.69889,42.77953],[24.70299,42.77958],[24.70341,42.7768],[24.7058,42.7779],[24.70876,42.77694],[24.71212,42.77691],[24.71366,42.77751],[24.71166,42.77896],[24.71074,42.78179],[24.7116,42.7898],[24.71491,42.79017],[24.71619,42.79144],[24.71773,42.79127],[24.71603,42.78883],[24.7161,42.7829],[24.71848,42.781],[24.71824,42.78026],[24.72029,42.77962],[24.72056,42.78068],[24.7213,42.78047],[24.72443,42.78247],[24.72478,42.7816],[24.72179,42.77872],[24.72466,42.77934],[24.7248,42.78083],[24.72619,42.77986],[24.7277,42.78012],[24.73165,42.77763],[24.73042,42.77606],[24.72869,42.77701],[24.72727,42.77672],[24.72596,42.77467],[24.72665,42.77353],[24.72986,42.77298],[24.7305,42.77185],[24.7296,42.77073],[24.73826,42.77116],[24.73851,42.77012],[24.73632,42.76892],[24.73787,42.7686],[24.74372,42.7702],[24.74516,42.77173],[24.74273,42.77143],[24.74288,42.7719],[24.74521,42.77246],[24.74298,42.77254],[24.74363,42.77306],[24.7468,42.77249],[24.74716,42.77452],[24.74775,42.77253],[24.74435,42.76999],[24.74629,42.7672],[24.74773,42.7667],[24.75569,42.76856],[24.75881,42.76534],[24.76012,42.76818],[24.76551,42.77222],[24.76882,42.76588],[24.77269,42.76742],[24.77869,42.76737],[24.77835,42.76167],[24.78354,42.76283],[24.79248,42.76256],[24.79481,42.75555],[24.80281,42.75545],[24.80875,42.7545],[24.81511,42.7513],[24.81806,42.75058],[24.82367,42.75574],[24.82451,42.75757],[24.8258,42.75763],[24.82927,42.75594],[24.83039,42.75436],[24.83557,42.75745],[24.84283,42.74963],[24.84935,42.75002],[24.84985,42.7517],[24.85214,42.75036],[24.86102,42.75011],[24.86485,42.75656],[24.86491,42.75974],[24.86639,42.76165],[24.86683,42.7648],[24.8694,42.76496],[24.87777,42.7634],[24.88735,42.76446],[24.88652,42.76255],[24.88801,42.75969],[24.88885,42.76021],[24.89008,42.75848],[24.89503,42.75659],[24.8957,42.75504],[24.89741,42.75452],[24.90294,42.75572],[24.90725,42.75982],[24.90861,42.76027],[24.91089,42.7595],[24.912,42.76003],[24.91183,42.76223],[24.91359,42.76539],[24.91639,42.76366],[24.91675,42.7663],[24.92024,42.76663],[24.91893,42.76903],[24.92093,42.77009],[24.92012,42.77148],[24.92072,42.77205],[24.92351,42.77245],[24.92712,42.76935],[24.92874,42.76984],[24.92945,42.76919],[24.92926,42.76548],[24.93204,42.76651],[24.93373,42.76386],[24.93699,42.76265],[24.93786,42.76538],[24.94071,42.76348],[24.94057,42.76185],[24.94088,42.76254],[24.94653,42.76051],[24.94513,42.76244],[24.94694,42.76234],[24.94626,42.76368],[24.94731,42.76416],[24.94856,42.7634],[24.94999,42.76448],[24.95482,42.76417],[24.95692,42.76522],[24.95852,42.76764],[24.96038,42.76755],[24.95822,42.77025],[24.96005,42.77024],[24.95351,42.77167],[24.95416,42.77058],[24.9486,42.77056],[24.94915,42.76864],[24.95119,42.7682],[24.95057,42.76739],[24.94866,42.76634],[24.94695,42.76667],[24.94568,42.7654],[24.94316,42.76595],[24.94023,42.76532],[24.94014,42.76428],[24.93702,42.76617],[24.93513,42.76921],[24.93525,42.77156],[24.93145,42.77281],[24.93091,42.77433],[24.92797,42.77463],[24.9286,42.77541],[24.92669,42.77772],[24.92208,42.77975],[24.92082,42.77967],[24.9205,42.77819],[24.91525,42.77414],[24.91525,42.77219],[24.91279,42.77122],[24.90892,42.76312],[24.90516,42.76475],[24.89891,42.76513],[24.89461,42.76621],[24.88996,42.76837],[24.88997,42.76776],[24.88564,42.76745],[24.88092,42.76975],[24.87014,42.7721],[24.87066,42.77244],[24.86827,42.77441],[24.86836,42.77638],[24.86375,42.77706],[24.86013,42.77635],[24.85704,42.77665],[24.85585,42.77581],[24.857,42.77677],[24.85496,42.78114],[24.85029,42.78527],[24.84473,42.78825],[24.84295,42.7879],[24.83959,42.78876],[24.83726,42.79095],[24.83302,42.79216],[24.83273,42.79336],[24.8202,42.79311],[24.81503,42.79441],[24.81129,42.79292],[24.80938,42.79715],[24.80936,42.80014],[24.80745,42.7995],[24.8065,42.79792],[24.80114,42.79576],[24.79309,42.79665],[24.78806,42.79609],[24.78566,42.79464],[24.78264,42.79503],[24.77874,42.79969],[24.77638,42.80116],[24.77151,42.7984],[24.7695,42.79868],[24.76708,42.7979],[24.76144,42.79914],[24.76022,42.80033],[24.75645,42.79927],[24.75288,42.80004],[24.74621,42.79721],[24.74407,42.79249],[24.73805,42.79249],[24.73308,42.79536],[24.73398,42.79832],[24.72802,42.7985],[24.72758,42.80047],[24.72441,42.80085],[24.72332,42.80173],[24.72425,42.80062],[24.7231,42.80064],[24.72258,42.80204],[24.72383,42.80283],[24.72223,42.80285],[24.72152,42.80395],[24.71962,42.80288],[24.71988,42.80151],[24.71549,42.79947],[24.70017,42.79636],[24.69858,42.79483],[24.70039,42.79341],[24.69692,42.79413],[24.69668,42.79342],[24.69418,42.79283],[24.69176,42.79346],[24.68628,42.78972],[24.6845,42.79008],[24.6803,42.78691],[24.67875,42.78692],[24.67509,42.78971],[24.67457,42.78858],[24.67285,42.78811],[24.6683,42.78821],[24.66699,42.78959],[24.66488,42.78982],[24.66121,42.79204],[24.65832,42.79018],[24.65626,42.79006],[24.65575,42.79146],[24.65483,42.79091],[24.65363,42.79225],[24.64983,42.79336],[24.65001,42.79426],[24.64841,42.79469],[24.64655,42.7968],[24.64522,42.79585],[24.64264,42.79701],[24.64259,42.79635],[24.64069,42.79645],[24.64075,42.79733],[24.64022,42.79501],[24.63791,42.79395],[24.63761,42.79271],[24.62711,42.78993],[24.62372,42.78728],[24.62087,42.78283],[24.61507,42.78271],[24.6129,42.78198],[24.61334,42.78668],[24.61211,42.79052],[24.61372,42.79389],[24.61307,42.79722],[24.61128,42.79952],[24.61221,42.80132],[24.61179,42.80405],[24.61311,42.81045]],[[24.73209,42.77234],[24.7306,42.77281],[24.73457,42.77309],[24.73442,42.77391],[24.73651,42.7745],[24.74615,42.77406],[24.74327,42.77352],[24.73777,42.77385],[24.73546,42.77293],[24.73524,42.77174],[24.73367,42.77142],[24.73283,42.77242],[24.73258,42.7714],[24.73133,42.77129],[24.73209,42.77234]],[[24.73755,42.77152],[24.73949,42.77274],[24.74146,42.77288],[24.73984,42.77135],[24.73755,42.77152]]],[[[24.55825,42.76431],[24.55512,42.76439],[24.55271,42.75925],[24.55217,42.75365],[24.54723,42.75042],[24.54365,42.75018],[24.54068,42.75168],[24.54059,42.75301],[24.5379,42.75452],[24.53789,42.753],[24.53456,42.74881],[24.531,42.7502],[24.52681,42.75045],[24.52778,42.75147],[24.52529,42.75173],[24.52235,42.75374],[24.5228,42.75318],[24.52093,42.75259],[24.52265,42.74993],[24.5192,42.75289],[24.51462,42.75276],[24.5147,42.75495],[24.51061,42.75036],[24.50822,42.74948],[24.50687,42.74733],[24.50039,42.75242],[24.49949,42.75197],[24.49923,42.74929],[24.49562,42.74911],[24.49404,42.74091],[24.49227,42.73841],[24.49462,42.7367],[24.49415,42.73607],[24.49524,42.73484],[24.49372,42.73264],[24.49252,42.73313],[24.49183,42.73477],[24.49042,42.73448],[24.48631,42.73659],[24.48398,42.7369],[24.48433,42.73616],[24.48349,42.73577],[24.48134,42.73678],[24.47843,42.73682],[24.47714,42.73745],[24.47762,42.73805],[24.47287,42.73782],[24.47155,42.73877],[24.46931,42.73815],[24.46724,42.73972],[24.46207,42.74001],[24.46313,42.73953],[24.45989,42.73862],[24.45718,42.73464],[24.45516,42.73343],[24.4536,42.73392],[24.45407,42.73258],[24.45341,42.73236],[24.45814,42.72823],[24.45777,42.72865],[24.45943,42.72874],[24.45986,42.72939],[24.46178,42.72818],[24.462,42.72545],[24.46001,42.72411],[24.4605,42.72354],[24.46216,42.72434],[24.46164,42.7231],[24.45758,42.72242],[24.45446,42.72297],[24.45376,42.72231],[24.45087,42.72311],[24.45028,42.72212],[24.44838,42.72169],[24.44216,42.72324],[24.43934,42.72166],[24.43516,42.72287],[24.43106,42.72633],[24.43065,42.72556],[24.42535,42.72567],[24.42713,42.72338],[24.42424,42.72281],[24.42591,42.72238],[24.4276,42.72289],[24.42764,42.7217],[24.42427,42.72181],[24.42606,42.72124],[24.42458,42.72024],[24.42641,42.72091],[24.42744,42.72073],[24.42825,42.71699],[24.42647,42.71527],[24.42426,42.71454],[24.42506,42.71417],[24.42387,42.71297],[24.4224,42.71299],[24.42087,42.71455],[24.42037,42.71156],[24.41775,42.71168],[24.41494,42.71459],[24.41151,42.71434],[24.41115,42.71371],[24.40845,42.71507],[24.4064,42.71478],[24.40368,42.71319],[24.39911,42.71452],[24.39747,42.71754],[24.39664,42.71738],[24.39567,42.71847],[24.39628,42.7198],[24.39297,42.72184],[24.38308,42.71686],[24.38248,42.71595],[24.37905,42.71537],[24.38227,42.71281],[24.38564,42.71141],[24.38884,42.71113],[24.38851,42.70937],[24.38974,42.70808],[24.39494,42.70889],[24.39638,42.70749],[24.41109,42.70388],[24.42804,42.70303],[24.43253,42.70203],[24.45929,42.70172],[24.46151,42.70245],[24.46243,42.70395],[24.46312,42.70298],[24.46506,42.70475],[24.46834,42.70443],[24.47112,42.70509],[24.4726,42.70456],[24.47353,42.70527],[24.47806,42.70564],[24.48378,42.70718],[24.48701,42.71014],[24.49364,42.71086],[24.48977,42.71256],[24.49067,42.71324],[24.49145,42.71272],[24.494,42.71333],[24.49778,42.71169],[24.50083,42.71168],[24.50083,42.71276],[24.50529,42.71495],[24.50369,42.71705],[24.50484,42.71657],[24.5058,42.71773],[24.50447,42.72091],[24.50602,42.72059],[24.50717,42.72174],[24.50652,42.72245],[24.51002,42.72184],[24.50794,42.72489],[24.50731,42.72787],[24.50457,42.73081],[24.50895,42.73145],[24.51289,42.72987],[24.51532,42.73287],[24.51626,42.73146],[24.51789,42.73188],[24.51967,42.73111],[24.51989,42.72993],[24.52298,42.73029],[24.52711,42.72551],[24.53265,42.72484],[24.53508,42.7269],[24.53594,42.72484],[24.54281,42.7225],[24.54654,42.72306],[24.54758,42.72522],[24.54915,42.72605],[24.5487,42.7236],[24.55006,42.7248],[24.55082,42.72503],[24.55128,42.72435],[24.5584,42.72761],[24.56485,42.72858],[24.56506,42.72579],[24.56738,42.72611],[24.56604,42.72084],[24.56754,42.72026],[24.56804,42.71911],[24.57089,42.71855],[24.57118,42.71768],[24.57356,42.71799],[24.57749,42.72011],[24.57934,42.72028],[24.58028,42.72135],[24.58017,42.72347],[24.58312,42.72295],[24.58422,42.72557],[24.58549,42.7257],[24.5867,42.72425],[24.58766,42.72564],[24.58995,42.72479],[24.59264,42.72631],[24.59445,42.73073],[24.59617,42.73118],[24.59612,42.73322],[24.59871,42.73374],[24.60764,42.72825],[24.6111,42.72824],[24.6115,42.72905],[24.61158,42.72823],[24.60903,42.72613],[24.61323,42.72423],[24.61174,42.72089],[24.60674,42.71543],[24.60908,42.71245],[24.60844,42.71177],[24.6054,42.71313],[24.60266,42.70879],[24.60419,42.70816],[24.60339,42.70708],[24.60843,42.70582],[24.61015,42.70824],[24.61415,42.70695],[24.61541,42.70816],[24.62236,42.70771],[24.62225,42.70875],[24.6236,42.70845],[24.62553,42.71199],[24.62323,42.71342],[24.62152,42.71212],[24.62182,42.71336],[24.62029,42.71497],[24.61768,42.71543],[24.61675,42.71403],[24.61576,42.71484],[24.61884,42.71767],[24.61824,42.72161],[24.61901,42.72127],[24.61893,42.72186],[24.62025,42.72198],[24.62171,42.72338],[24.62106,42.72453],[24.62242,42.72423],[24.62251,42.7251],[24.62846,42.72164],[24.63237,42.72028],[24.63204,42.72312],[24.63031,42.72444],[24.63157,42.72685],[24.63173,42.73181],[24.62868,42.73333],[24.62976,42.73349],[24.62902,42.73418],[24.63059,42.73562],[24.63002,42.73604],[24.62631,42.7351],[24.62541,42.73808],[24.62464,42.7346],[24.62408,42.73435],[24.6234,42.73533],[24.62178,42.73497],[24.62168,42.73678],[24.62313,42.73828],[24.62256,42.73965],[24.62345,42.74315],[24.61993,42.74281],[24.62361,42.7466],[24.61976,42.74629],[24.6187,42.74688],[24.61501,42.74514],[24.61402,42.74271],[24.61152,42.74288],[24.61109,42.74612],[24.61365,42.74739],[24.61346,42.74849],[24.61148,42.75005],[24.61146,42.75159],[24.61065,42.75124],[24.60504,42.75557],[24.60494,42.75706],[24.60258,42.75536],[24.60136,42.74942],[24.60019,42.75147],[24.60081,42.75557],[24.59903,42.75603],[24.59911,42.75283],[24.59679,42.75219],[24.59538,42.75314],[24.59688,42.75435],[24.5955,42.75424],[24.59537,42.75497],[24.59187,42.75341],[24.59007,42.75396],[24.59315,42.75706],[24.59709,42.75837],[24.59234,42.76192],[24.59115,42.76215],[24.59027,42.76141],[24.58987,42.76206],[24.58363,42.7594],[24.57953,42.75983],[24.57795,42.75928],[24.57474,42.76129],[24.57289,42.76157],[24.57096,42.76093],[24.57048,42.7623],[24.56513,42.76147],[24.56337,42.76269],[24.5609,42.76263],[24.55825,42.76431]]],[[[24.7512,42.69046],[24.75254,42.69168],[24.74889,42.69227],[24.74651,42.69551],[24.74568,42.69476],[24.74544,42.69095],[24.744,42.6902],[24.74316,42.69114],[24.74225,42.69091],[24.74265,42.68974],[24.74358,42.68992],[24.74438,42.68897],[24.73795,42.68303],[24.73644,42.67938],[24.73025,42.67657],[24.72771,42.67793],[24.7283,42.67848],[24.72639,42.67874],[24.72668,42.67636],[24.73108,42.67617],[24.7329,42.67491],[24.73556,42.67481],[24.73671,42.67353],[24.74573,42.67277],[24.74736,42.67383],[24.74748,42.67113],[24.75268,42.66949],[24.75276,42.66876],[24.7504,42.66749],[24.74974,42.66461],[24.75476,42.66375],[24.75546,42.66306],[24.75911,42.66478],[24.76017,42.66461],[24.76205,42.66137],[24.76412,42.66179],[24.76382,42.66085],[24.76565,42.66086],[24.76503,42.65973],[24.77253,42.65745],[24.77388,42.65765],[24.77709,42.65617],[24.77807,42.65685],[24.782,42.65619],[24.78193,42.65518],[24.78334,42.65626],[24.78716,42.6558],[24.79484,42.65352],[24.79501,42.65294],[24.79597,42.65347],[24.80391,42.65137],[24.80717,42.65247],[24.80911,42.65158],[24.81001,42.65214],[24.81105,42.65156],[24.81041,42.65093],[24.81129,42.65146],[24.81044,42.65244],[24.81531,42.65043],[24.81592,42.6496],[24.81971,42.64934],[24.82118,42.64781],[24.82384,42.64791],[24.82656,42.6468],[24.82694,42.6473],[24.8268,42.64669],[24.83251,42.646],[24.83416,42.64511],[24.83713,42.64582],[24.8387,42.64519],[24.83329,42.64188],[24.82888,42.64073],[24.82607,42.64095],[24.82483,42.63954],[24.82544,42.63804],[24.82484,42.63715],[24.83164,42.6359],[24.8338,42.64],[24.83534,42.64024],[24.83637,42.63935],[24.83863,42.64091],[24.83946,42.63971],[24.84183,42.64157],[24.845,42.64039],[24.84687,42.64172],[24.84656,42.64105],[24.85177,42.64127],[24.85163,42.64011],[24.85297,42.64054],[24.85364,42.63967],[24.85474,42.64027],[24.85637,42.63889],[24.85962,42.63394],[24.8584,42.63184],[24.85533,42.62997],[24.85562,42.62938],[24.85697,42.6295],[24.86301,42.62722],[24.86269,42.62642],[24.8638,42.62619],[24.86299,42.62286],[24.86093,42.62015],[24.86117,42.61887],[24.86569,42.61788],[24.86678,42.61926],[24.87506,42.61742],[24.87514,42.61935],[24.8764,42.61935],[24.87901,42.61749],[24.88309,42.61669],[24.88265,42.61536],[24.8864,42.61554],[24.8874,42.61468],[24.89045,42.61441],[24.89164,42.62023],[24.89465,42.62083],[24.89287,42.6242],[24.89288,42.62915],[24.89877,42.62681],[24.90142,42.62714],[24.9041,42.62601],[24.9064,42.62791],[24.90854,42.63354],[24.90652,42.64054],[24.90816,42.64006],[24.91057,42.64172],[24.91297,42.64207],[24.91368,42.6403],[24.91476,42.64206],[24.91827,42.64193],[24.91799,42.6428],[24.91948,42.64304],[24.92049,42.64464],[24.92065,42.64364],[24.92164,42.64357],[24.92222,42.64534],[24.924,42.64382],[24.92472,42.64611],[24.93024,42.64605],[24.92867,42.64662],[24.93165,42.64777],[24.93252,42.64785],[24.93449,42.64615],[24.93609,42.64725],[24.94517,42.6472],[24.94432,42.64909],[24.94581,42.65006],[24.94773,42.64824],[24.95111,42.64977],[24.95213,42.64868],[24.95279,42.64908],[24.95137,42.64793],[24.95271,42.64734],[24.95509,42.6504],[24.95223,42.6532],[24.94667,42.65404],[24.94152,42.65629],[24.93788,42.65379],[24.93519,42.65392],[24.93568,42.65233],[24.93321,42.65378],[24.92954,42.65309],[24.92948,42.6545],[24.92864,42.65461],[24.92785,42.65371],[24.92525,42.65309],[24.92385,42.65116],[24.92009,42.65096],[24.91694,42.64953],[24.91664,42.64859],[24.91463,42.64946],[24.91194,42.64845],[24.91139,42.64939],[24.91246,42.64915],[24.91273,42.65008],[24.91136,42.64996],[24.91,42.64861],[24.91044,42.65104],[24.90864,42.65082],[24.90584,42.65203],[24.90539,42.65158],[24.90478,42.65269],[24.90295,42.65151],[24.9017,42.64901],[24.90148,42.65036],[24.89627,42.64722],[24.89769,42.6452],[24.89639,42.64498],[24.89707,42.64421],[24.89341,42.64388],[24.8925,42.64481],[24.89194,42.64333],[24.89136,42.64443],[24.8911,42.64355],[24.88944,42.64428],[24.88736,42.6414],[24.88662,42.63803],[24.88517,42.63784],[24.8815,42.63938],[24.88244,42.64014],[24.88333,42.64561],[24.88594,42.65026],[24.88226,42.65061],[24.88173,42.64986],[24.87874,42.65028],[24.87829,42.64734],[24.87472,42.6475],[24.87373,42.64589],[24.86854,42.64562],[24.86832,42.64814],[24.86653,42.65054],[24.86493,42.65021],[24.86335,42.648],[24.86241,42.64914],[24.85866,42.64906],[24.85772,42.65063],[24.85559,42.64943],[24.85141,42.64981],[24.85062,42.65037],[24.85175,42.6522],[24.84805,42.65529],[24.84895,42.65642],[24.84358,42.65541],[24.84267,42.65592],[24.83974,42.6533],[24.83839,42.65326],[24.83516,42.65663],[24.83028,42.65557],[24.82892,42.65628],[24.82882,42.65729],[24.82268,42.65687],[24.82283,42.65877],[24.81707,42.66136],[24.81352,42.66148],[24.81113,42.66246],[24.80982,42.66065],[24.8099,42.65385],[24.80845,42.65582],[24.80418,42.65848],[24.80186,42.66428],[24.797,42.67064],[24.79674,42.67394],[24.79441,42.67831],[24.79485,42.68185],[24.79288,42.6834],[24.79263,42.68692],[24.78666,42.68361],[24.7848,42.68319],[24.78397,42.68366],[24.78164,42.68305],[24.78036,42.68173],[24.77787,42.68158],[24.77985,42.67993],[24.77928,42.67749],[24.77696,42.67527],[24.77091,42.67561],[24.76927,42.67638],[24.76917,42.6755],[24.76708,42.67643],[24.76456,42.68074],[24.76254,42.67753],[24.75525,42.67647],[24.75544,42.6794],[24.75059,42.68229],[24.75038,42.68536],[24.75099,42.68645],[24.75245,42.68669],[24.75123,42.6883],[24.7512,42.69046]]],[[[24.97838,42.67764],[24.97769,42.67551],[24.9787,42.6746],[24.978,42.67485],[24.97814,42.67353],[24.97711,42.67253],[24.97912,42.67247],[24.98141,42.66987],[24.97969,42.66663],[24.97914,42.6618],[24.97594,42.66001],[24.97621,42.6635],[24.97445,42.66302],[24.97404,42.66119],[24.97132,42.66308],[24.9655,42.66191],[24.96243,42.65957],[24.96451,42.65924],[24.96342,42.6587],[24.9638,42.65735],[24.96198,42.65687],[24.95807,42.6601],[24.95828,42.65582],[24.95555,42.65056],[24.95659,42.65061],[24.95882,42.65446],[24.96027,42.65209],[24.96169,42.65186],[24.96468,42.64845],[24.97189,42.64661],[24.9731,42.65554],[24.97499,42.65663],[24.98058,42.65511],[24.98112,42.65603],[24.98265,42.65332],[24.9811,42.65091],[24.98173,42.64905],[24.98033,42.64668],[24.98157,42.64525],[24.98026,42.64433],[24.98077,42.64169],[24.97911,42.64125],[24.97809,42.64002],[24.97888,42.6378],[24.97648,42.63718],[24.97615,42.636],[24.97226,42.63422],[24.96618,42.6283],[24.96647,42.62735],[24.97061,42.6293],[24.97348,42.62928],[24.97524,42.63003],[24.9755,42.62808],[24.97638,42.62839],[24.97806,42.62744],[24.97945,42.62841],[24.98146,42.62854],[24.9811,42.62668],[24.97991,42.62628],[24.98043,42.62485],[24.98327,42.62541],[24.9865,42.62481],[24.98724,42.62413],[24.98644,42.62442],[24.98666,42.62384],[24.9884,42.62309],[24.98804,42.62509],[24.98916,42.62396],[24.98916,42.62464],[24.99233,42.62497],[24.99324,42.62389],[24.99796,42.62368],[24.99825,42.62497],[25.00171,42.62713],[25.00706,42.62761],[25.00539,42.62603],[25.0056,42.62509],[25.00431,42.62501],[25.00489,42.62409],[25.00408,42.62369],[25.0054,42.62261],[25.00428,42.622],[25.00582,42.62131],[25.00485,42.62065],[25.00608,42.62048],[25.00455,42.61965],[25.00568,42.61994],[25.0063,42.61865],[25.00563,42.61739],[25.00657,42.61619],[25.00745,42.61633],[25.00947,42.61352],[25.01177,42.61463],[25.01266,42.6167],[25.01434,42.61716],[25.01365,42.619],[25.01609,42.61895],[25.01757,42.62168],[25.02074,42.62255],[25.01821,42.62487],[25.0198,42.6262],[25.02092,42.62434],[25.02652,42.62278],[25.02636,42.62354],[25.0294,42.62469],[25.03033,42.62584],[25.03216,42.62161],[25.03774,42.62575],[25.03731,42.62737],[25.04091,42.62764],[25.04023,42.62852],[25.04286,42.62899],[25.04239,42.62951],[25.05021,42.63314],[25.05037,42.63395],[25.04617,42.63631],[25.04431,42.63927],[25.04444,42.63998],[25.04607,42.63973],[25.04569,42.64111],[25.05151,42.64036],[25.04685,42.64254],[25.04818,42.64344],[25.04811,42.64527],[25.04402,42.64598],[25.04205,42.64495],[25.04472,42.64674],[25.04449,42.64937],[25.04253,42.64873],[25.03942,42.65182],[25.03972,42.6555],[25.0386,42.65581],[25.04072,42.65903],[25.041,42.66235],[25.04555,42.6631],[25.04815,42.66246],[25.04646,42.66413],[25.05211,42.66551],[25.05201,42.66667],[25.04862,42.6667],[25.04941,42.66743],[25.04765,42.66772],[25.04736,42.66689],[25.04326,42.6671],[25.04196,42.6688],[25.04082,42.6668],[25.03904,42.6677],[25.03504,42.66721],[25.03129,42.66939],[25.0304,42.66825],[25.029,42.66821],[25.02984,42.66689],[25.02876,42.66627],[25.02982,42.66573],[25.02864,42.66545],[25.0283,42.664],[25.02681,42.66826],[25.02268,42.67045],[25.02238,42.66869],[25.01588,42.669],[25.0166,42.66566],[25.01951,42.6635],[25.01233,42.66043],[25.01133,42.66092],[25.01249,42.66176],[25.01119,42.66252],[25.01097,42.66209],[25.00573,42.66324],[25.00497,42.66251],[25.002,42.66252],[25.00043,42.66177],[24.99858,42.66392],[24.99515,42.66435],[24.99209,42.66623],[24.99144,42.6656],[24.98953,42.66735],[24.99004,42.66564],[24.98963,42.66521],[24.98872,42.66638],[24.98867,42.66479],[24.98321,42.67368],[24.97838,42.67764]]],[[[24.66872,42.71676],[24.67155,42.72137],[24.66725,42.71627],[24.66704,42.71869],[24.66506,42.71845],[24.66352,42.71449],[24.66054,42.71466],[24.65962,42.71222],[24.65695,42.71199],[24.65574,42.7097],[24.65973,42.70687],[24.6619,42.70613],[24.66274,42.70674],[24.66482,42.70578],[24.6699,42.70743],[24.67147,42.70904],[24.67387,42.70408],[24.67246,42.70055],[24.68035,42.69717],[24.6801,42.69663],[24.68577,42.69343],[24.68632,42.69235],[24.68886,42.69212],[24.68956,42.69338],[24.69128,42.69251],[24.69048,42.69181],[24.6917,42.69183],[24.69143,42.69103],[24.69312,42.68964],[24.69711,42.6908],[24.69855,42.68949],[24.69802,42.6886],[24.69893,42.6869],[24.70162,42.68601],[24.70602,42.68625],[24.71043,42.68431],[24.70977,42.68658],[24.71276,42.69223],[24.712,42.69363],[24.71398,42.69422],[24.71421,42.69531],[24.71267,42.698],[24.70854,42.69789],[24.70966,42.69924],[24.7074,42.69903],[24.70226,42.69624],[24.70098,42.6997],[24.69939,42.70027],[24.7017,42.70188],[24.69633,42.70269],[24.69416,42.70168],[24.69358,42.70442],[24.69112,42.70373],[24.68982,42.70248],[24.69121,42.70539],[24.68967,42.70794],[24.69017,42.70899],[24.68927,42.70863],[24.68715,42.71022],[24.68642,42.71254],[24.68512,42.71319],[24.68537,42.71165],[24.68362,42.71175],[24.68217,42.71069],[24.68008,42.71183],[24.6798,42.71318],[24.67862,42.71158],[24.67744,42.71172],[24.67576,42.71389],[24.67523,42.71342],[24.67474,42.7142],[24.67381,42.71383],[24.67031,42.71467],[24.66872,42.71676]]],[[[24.25754,42.74979],[24.25709,42.75209],[24.25503,42.75123],[24.25592,42.74878],[24.25266,42.74382],[24.2517,42.74536],[24.2525,42.7472],[24.25058,42.74942],[24.24876,42.74836],[24.24701,42.74957],[24.24722,42.74645],[24.24626,42.74723],[24.24637,42.74652],[24.24499,42.74697],[24.24235,42.74553],[24.24344,42.74475],[24.24223,42.74483],[24.24072,42.7434],[24.23993,42.74162],[24.24482,42.7379],[24.2444,42.73944],[24.24588,42.7386],[24.24997,42.73847],[24.25282,42.74013],[24.25293,42.74156],[24.2559,42.74336],[24.25679,42.74524],[24.26141,42.74671],[24.26699,42.74454],[24.26753,42.74194],[24.27011,42.74166],[24.2736,42.74357],[24.28111,42.7429],[24.28549,42.74049],[24.28679,42.74066],[24.28977,42.7395],[24.29074,42.73994],[24.29227,42.73875],[24.29524,42.73877],[24.29747,42.73717],[24.30295,42.73541],[24.31266,42.73416],[24.31445,42.73237],[24.31702,42.73344],[24.31743,42.73233],[24.31887,42.73343],[24.32044,42.73193],[24.32217,42.73237],[24.32038,42.73639],[24.31374,42.74305],[24.31057,42.74736],[24.30894,42.75159],[24.29934,42.75194],[24.2967,42.74687],[24.29641,42.74363],[24.29462,42.74177],[24.29433,42.74377],[24.29236,42.74221],[24.29054,42.74435],[24.29128,42.74518],[24.28999,42.74425],[24.29193,42.75061],[24.28641,42.74947],[24.28402,42.74706],[24.27982,42.75122],[24.27626,42.74861],[24.27587,42.74947],[24.27321,42.74903],[24.27154,42.7501],[24.27183,42.74935],[24.26613,42.74865],[24.26483,42.74979],[24.26223,42.75024],[24.26145,42.75033],[24.26146,42.74966],[24.25754,42.74979]]],[[[25.09326,42.68409],[25.09297,42.67865],[25.09049,42.67599],[25.08698,42.67594],[25.08645,42.6747],[25.08463,42.67637],[25.08416,42.67007],[25.08209,42.66652],[25.09644,42.66602],[25.09997,42.66662],[25.10539,42.66505],[25.10872,42.66529],[25.11189,42.66439],[25.11968,42.66422],[25.12189,42.66355],[25.12614,42.66464],[25.13368,42.66468],[25.13585,42.66624],[25.13721,42.66539],[25.13925,42.66659],[25.13627,42.66846],[25.13168,42.66802],[25.13161,42.67104],[25.12965,42.67377],[25.12944,42.67587],[25.1285,42.676],[25.12684,42.67824],[25.12511,42.6772],[25.12367,42.67765],[25.11839,42.68284],[25.1152,42.6795],[25.11499,42.67775],[25.10679,42.67694],[25.10466,42.67566],[25.10427,42.67428],[25.10266,42.67391],[25.09977,42.67699],[25.09971,42.67622],[25.09936,42.67699],[25.0972,42.6763],[25.09831,42.67693],[25.09939,42.67969],[25.09776,42.68038],[25.09712,42.68199],[25.09535,42.68193],[25.09326,42.68409]]],[[[25.06744,42.68761],[25.06769,42.68959],[25.06634,42.69224],[25.06121,42.69],[25.05907,42.68744],[25.05883,42.68848],[25.05801,42.68741],[25.05832,42.68855],[25.05939,42.6888],[25.05859,42.68978],[25.05671,42.6895],[25.05537,42.69032],[25.05475,42.68968],[25.05383,42.6861],[25.05529,42.68443],[25.05493,42.68051],[25.05695,42.67894],[25.05627,42.67746],[25.05405,42.67641],[25.05421,42.67492],[25.05297,42.67304],[25.05452,42.67037],[25.05339,42.66893],[25.05417,42.66747],[25.0591,42.66973],[25.06069,42.66892],[25.06433,42.66913],[25.06571,42.66815],[25.0685,42.66891],[25.07811,42.66695],[25.08181,42.66855],[25.08138,42.67003],[25.08008,42.67041],[25.07891,42.67374],[25.07792,42.67994],[25.07614,42.68324],[25.07503,42.68304],[25.07494,42.68478],[25.06744,42.68761]]],[[[24.36794,42.73553],[24.36747,42.73769],[24.36453,42.73551],[24.36349,42.73353],[24.36426,42.73098],[24.36297,42.73059],[24.36243,42.73111],[24.35874,42.7312],[24.35952,42.73102],[24.35933,42.72959],[24.36006,42.72984],[24.35796,42.72817],[24.35875,42.72694],[24.35804,42.725],[24.35585,42.72426],[24.35329,42.72134],[24.36203,42.71742],[24.36682,42.71613],[24.36762,42.71668],[24.36787,42.7156],[24.37306,42.71424],[24.37258,42.71673],[24.37093,42.7169],[24.36984,42.71583],[24.36899,42.71689],[24.36779,42.71698],[24.3702,42.71938],[24.3665,42.72017],[24.36504,42.71927],[24.36553,42.72702],[24.37152,42.727],[24.37491,42.72622],[24.37521,42.7287],[24.37844,42.72794],[24.38462,42.72782],[24.38652,42.73136],[24.38561,42.73221],[24.3761,42.73409],[24.37527,42.73195],[24.37516,42.73396],[24.37402,42.73291],[24.37178,42.73294],[24.37106,42.73365],[24.36998,42.73117],[24.37087,42.73411],[24.36993,42.7357],[24.36846,42.73542],[24.36642,42.73303],[24.36794,42.73553]]],[[[24.63748,42.72704],[24.63574,42.72651],[24.63249,42.72016],[24.63367,42.71897],[24.63482,42.71904],[24.63895,42.72252],[24.64047,42.72161],[24.64227,42.72175],[24.64498,42.71929],[24.64322,42.71844],[24.64332,42.7175],[24.64831,42.71406],[24.64871,42.71234],[24.65173,42.71198],[24.65283,42.71073],[24.65571,42.70986],[24.65389,42.71393],[24.65563,42.71702],[24.65421,42.72197],[24.65016,42.72095],[24.64879,42.72397],[24.64778,42.72429],[24.64332,42.7233],[24.6453,42.72461],[24.64574,42.72664],[24.64013,42.72618],[24.63748,42.72704]]],[[[24.3484,42.73219],[24.34696,42.73831],[24.33936,42.73544],[24.33538,42.73194],[24.33586,42.73025],[24.33498,42.73064],[24.33407,42.72941],[24.33547,42.7283],[24.34,42.72694],[24.34035,42.7256],[24.35074,42.72259],[24.34785,42.72854],[24.3484,42.73219]]],[[[24.71989,42.68365],[24.7117,42.6857],[24.71067,42.6841],[24.71993,42.68119],[24.71989,42.68365]]],[[[25.26591,42.6706],[25.26456,42.67227],[25.26037,42.67378],[25.26388,42.67022],[25.26591,42.6706]]]]},"properties":{"SiteCode":"BG0002128","SiteNameBG":"Централен Балкан буфер","SiteType":"SPA","SiteArea":72021.402900000001,"naturaClass":"spa"}},{"type":"Feature","geometry":{"type":"MultiPolygon","coordinates":[[[[23.68075,42.27851],[23.67966,42.2771],[23.67715,42.27638],[23.67623,42.27501],[23.67383,42.27516],[23.67203,42.27432],[23.66783,42.27013],[23.66503,42.26927],[23.66286,42.2666],[23.66353,42.26545],[23.66178,42.26378],[23.6592,42.26224],[23.65566,42.26202],[23.6548,42.26106],[23.6553,42.25908],[23.65376,42.25754],[23.65326,42.25522],[23.64969,42.25785],[23.64818,42.25781],[23.64661,42.25877],[23.64485,42.25792],[23.64253,42.25803],[23.63867,42.25485],[23.6355,42.25533],[23.62898,42.25197],[23.62781,42.2537],[23.62528,42.25517],[23.62616,42.25706],[23.62346,42.25672],[23.6238,42.25744],[23.62306,42.25758],[23.61796,42.25632],[23.6183,42.25725],[23.61528,42.26167],[23.61108,42.26005],[23.61001,42.2612],[23.60832,42.26133],[23.60376,42.25976],[23.59983,42.25986],[23.59626,42.25667],[23.59413,42.25769],[23.59328,42.25997],[23.59115,42.25856],[23.59212,42.25809],[23.58894,42.25666],[23.58858,42.25773],[23.58516,42.25728],[23.57787,42.25887],[23.57651,42.25847],[23.57559,42.25918],[23.57252,42.25862],[23.56935,42.25922],[23.56744,42.25856],[23.5658,42.25679],[23.56005,42.25653],[23.55422,42.25437],[23.55429,42.25355],[23.55206,42.25343],[23.55096,42.2541],[23.5507,42.25266],[23.5459,42.25713],[23.54352,42.25659],[23.54271,42.25375],[23.54581,42.25066],[23.55163,42.24871],[23.5527,42.24504],[23.55625,42.24271],[23.56171,42.24447],[23.56423,42.24318],[23.56791,42.24302],[23.56809,42.24234],[23.57832,42.23968],[23.57646,42.22678],[23.57497,42.22492],[23.57569,42.22432],[23.57429,42.22321],[23.57597,42.21792],[23.57666,42.2047],[23.58106,42.20568],[23.58763,42.20884],[23.58776,42.21559],[23.59378,42.22777],[23.59496,42.2354],[23.60068,42.23936],[23.60527,42.2446],[23.60637,42.24702],[23.60502,42.24887],[23.6079,42.24959],[23.60984,42.24866],[23.61163,42.23925],[23.61267,42.23769],[23.61552,42.23971],[23.61769,42.23842],[23.61808,42.23987],[23.62042,42.23879],[23.62337,42.24044],[23.62433,42.2374],[23.63,42.23369],[23.62913,42.23088],[23.62951,42.22971],[23.63058,42.22951],[23.62895,42.22798],[23.6303,42.2275],[23.6314,42.22471],[23.63226,42.22777],[23.63435,42.22948],[23.63551,42.23341],[23.63497,42.23445],[23.6325,42.2341],[23.62931,42.23949],[23.62921,42.24156],[23.63374,42.24021],[23.6338,42.24102],[23.63842,42.24382],[23.64039,42.24633],[23.64431,42.24457],[23.64403,42.24053],[23.64479,42.24048],[23.64545,42.23609],[23.64606,42.23792],[23.65175,42.2427],[23.65679,42.23897],[23.65781,42.24358],[23.65697,42.24492],[23.66008,42.24596],[23.66235,42.24576],[23.66153,42.24772],[23.66375,42.24923],[23.6732,42.25176],[23.67462,42.25353],[23.67647,42.25228],[23.679,42.25226],[23.68247,42.25112],[23.68202,42.24957],[23.68449,42.24581],[23.6866,42.24588],[23.68973,42.24458],[23.69112,42.24228],[23.69663,42.23802],[23.69782,42.23582],[23.7044,42.23574],[23.70494,42.23678],[23.70241,42.24029],[23.70364,42.24607],[23.70219,42.24897],[23.70274,42.25099],[23.71299,42.25435],[23.71525,42.25637],[23.72303,42.26023],[23.72612,42.26078],[23.72914,42.25745],[23.73039,42.25467],[23.73267,42.25271],[23.73562,42.25224],[23.74447,42.24706],[23.74651,42.24683],[23.74878,42.24233],[23.7485,42.23906],[23.7502,42.23737],[23.74882,42.23591],[23.74879,42.23265],[23.74764,42.23165],[23.75788,42.23175],[23.76086,42.2308],[23.77311,42.23235],[23.78137,42.23247],[23.78277,42.2354],[23.78563,42.23577],[23.7844,42.23834],[23.79103,42.2394],[23.79257,42.24154],[23.79921,42.24181],[23.7994,42.23438],[23.80242,42.23544],[23.80455,42.23387],[23.80471,42.23159],[23.80353,42.22835],[23.79805,42.2239],[23.79576,42.21915],[23.79747,42.21835],[23.79833,42.21401],[23.80166,42.21397],[23.80787,42.20978],[23.80762,42.2151],[23.80878,42.21823],[23.81124,42.21981],[23.81261,42.22296],[23.81633,42.22577],[23.81781,42.22986],[23.82538,42.23196],[23.82834,42.22861],[23.82825,42.22528],[23.82759,42.22332],[23.82943,42.21906],[23.82557,42.21485],[23.82804,42.21502],[23.83237,42.21794],[23.84064,42.21803],[23.84124,42.21672],[23.8429,42.21648],[23.84199,42.21078],[23.84059,42.20977],[23.84974,42.20839],[23.8487,42.20578],[23.85027,42.20526],[23.84343,42.20179],[23.84011,42.19791],[23.83752,42.20251],[23.83389,42.20049],[23.8334,42.19524],[23.83429,42.19302],[23.83275,42.19037],[23.83677,42.19284],[23.8391,42.19614],[23.84617,42.19635],[23.85048,42.19362],[23.85366,42.18744],[23.85654,42.18543],[23.85797,42.18203],[23.8565,42.17808],[23.85447,42.17858],[23.84893,42.17699],[23.84682,42.1774],[23.84213,42.17411],[23.84016,42.17139],[23.84132,42.16938],[23.84378,42.17182],[23.85069,42.17368],[23.85788,42.17112],[23.86068,42.17136],[23.85467,42.16318],[23.84133,42.16134],[23.83769,42.16169],[23.83949,42.16044],[23.8389,42.1595],[23.83687,42.15954],[23.8313,42.1574],[23.83204,42.15677],[23.83257,42.15737],[23.83287,42.15635],[23.83605,42.15679],[23.84122,42.15446],[23.84413,42.15548],[23.84712,42.15327],[23.85819,42.14946],[23.86246,42.15256],[23.86565,42.15304],[23.86931,42.15802],[23.86849,42.15991],[23.86859,42.1654],[23.8715,42.16751],[23.87086,42.17001],[23.87202,42.16978],[23.87278,42.16734],[23.87518,42.17709],[23.8779,42.18098],[23.87779,42.18249],[23.88126,42.18539],[23.88676,42.19255],[23.8849,42.19197],[23.88457,42.19261],[23.87907,42.19351],[23.87912,42.19489],[23.87664,42.19728],[23.87404,42.19638],[23.87186,42.19422],[23.86825,42.19437],[23.87062,42.19618],[23.86864,42.19886],[23.87047,42.19808],[23.87057,42.19898],[23.87456,42.20067],[23.87572,42.20014],[23.87516,42.202],[23.87264,42.202],[23.87569,42.20371],[23.87518,42.20541],[23.87734,42.20793],[23.87676,42.20859],[23.87397,42.20878],[23.87831,42.21037],[23.87716,42.21448],[23.88072,42.21786],[23.883,42.21848],[23.88072,42.22054],[23.88012,42.22297],[23.87728,42.22402],[23.87632,42.22561],[23.87289,42.22198],[23.86949,42.22077],[23.8657,42.22042],[23.85446,42.22406],[23.85331,42.22513],[23.85413,42.227],[23.85088,42.22611],[23.85159,42.22778],[23.84978,42.23053],[23.85005,42.2322],[23.84573,42.23587],[23.84588,42.23831],[23.84704,42.23826],[23.84705,42.23976],[23.84368,42.24142],[23.84403,42.2429],[23.84268,42.24364],[23.8434,42.24525],[23.84696,42.24802],[23.84531,42.25029],[23.8469,42.2515],[23.85089,42.25214],[23.85266,42.25458],[23.85093,42.2546],[23.85051,42.25398],[23.84737,42.25488],[23.84594,42.25421],[23.84368,42.25493],[23.84259,42.25229],[23.84101,42.25158],[23.83887,42.25192],[23.83588,42.24752],[23.83179,42.24504],[23.82819,42.24113],[23.8258,42.23996],[23.82549,42.24106],[23.82447,42.23948],[23.82381,42.24014],[23.82167,42.23911],[23.82251,42.23889],[23.82136,42.23746],[23.82006,42.23757],[23.81928,42.23673],[23.81805,42.23373],[23.8145,42.23273],[23.81052,42.23359],[23.80914,42.23324],[23.80999,42.23547],[23.80929,42.23756],[23.81157,42.23859],[23.81386,42.2427],[23.81313,42.2457],[23.81238,42.2461],[23.81009,42.24423],[23.80477,42.24527],[23.80599,42.24641],[23.80585,42.24902],[23.80461,42.24868],[23.80391,42.25047],[23.80061,42.25162],[23.79245,42.2498],[23.79062,42.25077],[23.78968,42.25011],[23.78959,42.25187],[23.78839,42.25171],[23.78634,42.25054],[23.78278,42.24997],[23.78285,42.24827],[23.78086,42.2477],[23.77984,42.24895],[23.77754,42.24981],[23.7692,42.24813],[23.76525,42.24809],[23.76351,42.24892],[23.77395,42.25477],[23.77631,42.25704],[23.7769,42.26045],[23.76791,42.26843],[23.7663,42.26865],[23.76545,42.26802],[23.76404,42.26855],[23.76334,42.26681],[23.76197,42.26668],[23.76085,42.26908],[23.75801,42.26847],[23.75687,42.27188],[23.75771,42.27799],[23.75376,42.27553],[23.75203,42.27289],[23.74957,42.27288],[23.74901,42.27204],[23.74727,42.27173],[23.7458,42.26881],[23.74052,42.26989],[23.73936,42.2676],[23.73741,42.26883],[23.73776,42.26793],[23.73691,42.26794],[23.737,42.26695],[23.73597,42.26733],[23.73681,42.26615],[23.73462,42.26298],[23.73222,42.26389],[23.73112,42.26676],[23.72824,42.26452],[23.72774,42.26302],[23.72306,42.26427],[23.72231,42.26328],[23.71917,42.2637],[23.71353,42.26481],[23.71403,42.26554],[23.71181,42.26456],[23.71049,42.26294],[23.70946,42.26616],[23.70121,42.26424],[23.70042,42.26473],[23.70128,42.26506],[23.70103,42.2658],[23.70022,42.26603],[23.6987,42.26497],[23.70089,42.26232],[23.70057,42.26161],[23.69593,42.26529],[23.69368,42.26463],[23.69292,42.26267],[23.69173,42.26341],[23.689,42.26212],[23.68877,42.26452],[23.68785,42.26294],[23.68695,42.2627],[23.68774,42.26366],[23.68608,42.2631],[23.68747,42.26479],[23.68429,42.26947],[23.68718,42.27361],[23.68739,42.27639],[23.6869,42.27582],[23.68609,42.27707],[23.68423,42.27782],[23.68043,42.27767],[23.68135,42.27816],[23.68048,42.27809],[23.68075,42.27851]]],[[[23.81367,42.1856],[23.81425,42.18802],[23.81354,42.19097],[23.81089,42.19094],[23.81202,42.18783],[23.80998,42.18503],[23.81035,42.18279],[23.80898,42.18231],[23.80767,42.17997],[23.80695,42.17736],[23.80785,42.17588],[23.80534,42.17356],[23.80328,42.17338],[23.79855,42.17133],[23.79938,42.16989],[23.79684,42.16918],[23.7949,42.16945],[23.79332,42.1673],[23.79488,42.16504],[23.79113,42.16514],[23.79015,42.16371],[23.78531,42.16327],[23.78358,42.15832],[23.78091,42.15689],[23.77716,42.15609],[23.77849,42.15528],[23.778,42.15429],[23.77679,42.15465],[23.77738,42.15267],[23.77556,42.15187],[23.77817,42.14839],[23.76913,42.14994],[23.76389,42.14782],[23.76381,42.14634],[23.76196,42.14721],[23.76223,42.14648],[23.76076,42.14678],[23.75916,42.14551],[23.76064,42.14431],[23.76162,42.14027],[23.76275,42.13807],[23.76454,42.13694],[23.76558,42.13287],[23.76787,42.13021],[23.76801,42.12563],[23.76397,42.12464],[23.76136,42.12121],[23.75733,42.11782],[23.75478,42.11673],[23.7516,42.11343],[23.74967,42.11619],[23.7386,42.12178],[23.73633,42.11893],[23.73006,42.11797],[23.72747,42.11922],[23.72733,42.12102],[23.72325,42.12138],[23.71964,42.11993],[23.71421,42.1203],[23.71488,42.12326],[23.70923,42.12319],[23.70846,42.12256],[23.70817,42.12031],[23.70392,42.11949],[23.70065,42.11665],[23.6998,42.11973],[23.70045,42.12287],[23.69807,42.12703],[23.69495,42.12768],[23.69479,42.12913],[23.69156,42.12769],[23.6907,42.12842],[23.69198,42.12623],[23.68755,42.12582],[23.6841,42.12467],[23.68535,42.12098],[23.68348,42.1204],[23.68338,42.11619],[23.68254,42.11532],[23.68164,42.11601],[23.68313,42.1143],[23.67919,42.11468],[23.6762,42.11335],[23.66893,42.1166],[23.66682,42.11677],[23.66466,42.11338],[23.66472,42.11208],[23.66148,42.10918],[23.66192,42.11009],[23.66083,42.11102],[23.64704,42.11463],[23.64491,42.11215],[23.64639,42.10511],[23.63523,42.1019],[23.63012,42.10284],[23.62032,42.09978],[23.62345,42.0931],[23.61924,42.09241],[23.61609,42.09397],[23.6155,42.092],[23.61697,42.09158],[23.61588,42.0909],[23.61494,42.08893],[23.61564,42.08754],[23.61433,42.08645],[23.60858,42.08877],[23.60787,42.08828],[23.60857,42.08667],[23.60692,42.08641],[23.60877,42.08584],[23.61041,42.08416],[23.60898,42.08385],[23.61124,42.08153],[23.61511,42.07953],[23.6169,42.0791],[23.62057,42.08264],[23.62082,42.08423],[23.6199,42.08506],[23.62177,42.08548],[23.62215,42.08727],[23.62442,42.08647],[23.62519,42.08686],[23.62378,42.08878],[23.62688,42.08902],[23.62868,42.08843],[23.63167,42.08941],[23.6335,42.08859],[23.63662,42.08454],[23.64345,42.08614],[23.65147,42.08618],[23.65691,42.08377],[23.65938,42.0815],[23.66296,42.08136],[23.66547,42.07963],[23.67325,42.07883],[23.67924,42.08431],[23.68169,42.08425],[23.68333,42.08499],[23.685,42.08677],[23.68452,42.08877],[23.68577,42.08924],[23.68621,42.08875],[23.68659,42.08951],[23.68967,42.08909],[23.69149,42.09022],[23.69542,42.09049],[23.6951,42.09235],[23.69745,42.09402],[23.69925,42.09352],[23.70044,42.09445],[23.69869,42.09768],[23.69943,42.09746],[23.69959,42.09812],[23.70124,42.09644],[23.70278,42.09706],[23.70425,42.09656],[23.70425,42.09709],[23.70604,42.096],[23.70584,42.09794],[23.70694,42.09886],[23.70568,42.09904],[23.70417,42.10147],[23.70631,42.10031],[23.70633,42.10117],[23.70824,42.09872],[23.71591,42.09897],[23.71701,42.09769],[23.72237,42.09554],[23.72417,42.09656],[23.72471,42.09971],[23.7273,42.10431],[23.72912,42.10108],[23.72987,42.10216],[23.73334,42.10341],[23.73388,42.10485],[23.73616,42.10601],[23.73956,42.10577],[23.74175,42.10685],[23.74341,42.10605],[23.74426,42.10754],[23.74618,42.10806],[23.75735,42.10309],[23.75866,42.10207],[23.75783,42.1013],[23.76011,42.09974],[23.75915,42.09881],[23.7607,42.09896],[23.76139,42.09811],[23.76458,42.09909],[23.76481,42.09686],[23.77184,42.09619],[23.77662,42.09407],[23.77749,42.09485],[23.7791,42.09352],[23.7807,42.09434],[23.78582,42.09267],[23.78766,42.09358],[23.79029,42.09369],[23.79414,42.09206],[23.79178,42.0918],[23.79243,42.09054],[23.79643,42.08819],[23.79882,42.08773],[23.79986,42.08882],[23.79995,42.09091],[23.80212,42.0895],[23.80403,42.08942],[23.80302,42.09271],[23.79861,42.09921],[23.80343,42.09847],[23.80509,42.09748],[23.81139,42.09822],[23.80691,42.10004],[23.80483,42.10378],[23.80544,42.10783],[23.80753,42.10743],[23.80816,42.1062],[23.80965,42.10566],[23.81208,42.10885],[23.81195,42.11161],[23.81075,42.11321],[23.81209,42.11438],[23.81115,42.11456],[23.80968,42.11351],[23.80579,42.11421],[23.80661,42.1152],[23.80854,42.11494],[23.80976,42.11762],[23.81421,42.1165],[23.81666,42.11949],[23.81887,42.11682],[23.82276,42.12021],[23.82495,42.11814],[23.82815,42.11727],[23.82804,42.11623],[23.82963,42.11612],[23.83267,42.11823],[23.83189,42.11924],[23.83908,42.1211],[23.84032,42.12256],[23.84211,42.12136],[23.84094,42.12091],[23.845,42.12024],[23.84496,42.11948],[23.84735,42.11765],[23.8523,42.1174],[23.85235,42.11938],[23.85348,42.12067],[23.85623,42.11645],[23.85968,42.11668],[23.86031,42.11777],[23.86292,42.11764],[23.86515,42.11647],[23.86755,42.11979],[23.86639,42.12155],[23.86899,42.12351],[23.87421,42.12276],[23.88035,42.12311],[23.87636,42.12742],[23.87454,42.13113],[23.8736,42.13123],[23.87002,42.1283],[23.86512,42.12695],[23.85082,42.12842],[23.84293,42.12589],[23.84012,42.12583],[23.83823,42.12758],[23.83688,42.12773],[23.83715,42.1289],[23.83574,42.12969],[23.83468,42.12836],[23.83531,42.12752],[23.83249,42.12625],[23.83719,42.1251],[23.83021,42.12458],[23.82895,42.12521],[23.81907,42.12502],[23.81281,42.12556],[23.81049,42.12992],[23.81084,42.13212],[23.81196,42.1328],[23.80835,42.13314],[23.80576,42.13526],[23.79972,42.13774],[23.79614,42.13792],[23.79126,42.13946],[23.78931,42.143],[23.78252,42.14755],[23.78425,42.14797],[23.78426,42.14869],[23.78656,42.14895],[23.7856,42.15076],[23.78742,42.15129],[23.78742,42.15246],[23.78864,42.15291],[23.79071,42.15578],[23.79433,42.15514],[23.79821,42.15585],[23.80062,42.15323],[23.80316,42.15322],[23.80448,42.15204],[23.80547,42.15492],[23.80935,42.15689],[23.81019,42.15644],[23.80757,42.16257],[23.80842,42.16373],[23.81096,42.16364],[23.81433,42.15957],[23.81471,42.16317],[23.81532,42.16398],[23.81665,42.16389],[23.81594,42.16569],[23.82525,42.16695],[23.8257,42.16944],[23.82451,42.17012],[23.82422,42.17205],[23.82511,42.17847],[23.82039,42.17906],[23.81799,42.17825],[23.81555,42.17998],[23.8165,42.18265],[23.81773,42.18308],[23.81588,42.18479],[23.81505,42.18403],[23.81367,42.1856]]],[[[23.50558,42.02134],[23.50521,42.02307],[23.50366,42.02303],[23.50056,42.02068],[23.49911,42.02058],[23.49718,42.02181],[23.49851,42.02005],[23.49824,42.01899],[23.49597,42.01821],[23.49393,42.01925],[23.49511,42.01846],[23.49233,42.01772],[23.49633,42.0177],[23.49734,42.01831],[23.49653,42.01651],[23.4941,42.01606],[23.49645,42.01622],[23.49642,42.01553],[23.49349,42.01504],[23.48569,42.01136],[23.48435,42.01358],[23.48486,42.0125],[23.48426,42.01278],[23.48403,42.01104],[23.48219,42.01099],[23.48253,42.01192],[23.47995,42.01104],[23.47961,42.01187],[23.47686,42.00971],[23.47417,42.01063],[23.47355,42.013],[23.47255,42.01244],[23.47108,42.01288],[23.47216,42.01239],[23.46851,42.01025],[23.46241,42.00836],[23.46519,42.00611],[23.4642,42.00499],[23.46038,42.00344],[23.46045,42.00117],[23.45655,42.00104],[23.4563,42.00217],[23.45579,42.001],[23.45059,42.00111],[23.44814,42.00186],[23.44489,41.9967],[23.44512,41.99519],[23.43869,41.99321],[23.43551,41.99306],[23.43681,41.99141],[23.44062,41.98947],[23.44212,41.98208],[23.43868,41.98218],[23.43514,41.98568],[23.43079,41.98561],[23.42951,41.98413],[23.43203,41.98126],[23.42767,41.97844],[23.42817,41.97807],[23.43008,41.97937],[23.43121,41.9782],[23.4297,41.97792],[23.42825,41.97605],[23.42815,41.97474],[23.42974,41.97298],[23.42905,41.96999],[23.42771,41.97114],[23.4263,41.96861],[23.42198,41.96664],[23.42229,41.96524],[23.41632,41.96507],[23.41417,41.96397],[23.41201,41.9656],[23.40517,41.96308],[23.40339,41.96051],[23.40383,41.95679],[23.40302,41.95627],[23.40181,41.95704],[23.40119,41.95573],[23.39797,41.95825],[23.39518,41.95829],[23.39106,41.95965],[23.38689,41.95967],[23.38298,41.96246],[23.37987,41.96909],[23.36997,41.97507],[23.36651,41.97225],[23.36413,41.96773],[23.36221,41.95164],[23.35868,41.94954],[23.35787,41.94362],[23.35113,41.94049],[23.35062,41.93671],[23.34777,41.93724],[23.34401,41.93564],[23.34242,41.93631],[23.34161,41.93521],[23.34015,41.93496],[23.33524,41.93709],[23.33357,41.93986],[23.3295,41.94306],[23.32738,41.94617],[23.32498,41.94678],[23.31881,41.94697],[23.31736,41.94819],[23.31746,41.94902],[23.32045,41.95079],[23.32224,41.95359],[23.32666,41.95571],[23.33454,41.95511],[23.33515,41.95416],[23.33914,41.95517],[23.32966,41.96036],[23.3224,41.96128],[23.32071,41.963],[23.32422,41.96383],[23.32665,41.96544],[23.32591,41.96649],[23.3263,41.96693],[23.32368,41.96537],[23.31697,41.96518],[23.30797,41.96743],[23.3101,41.96401],[23.31522,41.96201],[23.30506,41.9604],[23.30711,41.95921],[23.30632,41.95873],[23.30648,41.95574],[23.30798,41.95456],[23.30614,41.95545],[23.3056,41.95378],[23.30257,41.95306],[23.29886,41.94989],[23.2972,41.95227],[23.29593,41.95214],[23.29601,41.95313],[23.29327,41.95102],[23.29046,41.9519],[23.29062,41.95082],[23.28884,41.95056],[23.28732,41.94902],[23.28651,41.94944],[23.284,41.94819],[23.28238,41.94823],[23.27847,41.94579],[23.27749,41.94415],[23.28352,41.94332],[23.28608,41.94199],[23.28954,41.94157],[23.29106,41.94071],[23.29197,41.93878],[23.2985,41.93616],[23.29905,41.93327],[23.29796,41.92893],[23.29534,41.92643],[23.29198,41.92576],[23.2904,41.92379],[23.29569,41.92084],[23.29944,41.92007],[23.29879,41.91836],[23.29769,41.91784],[23.2967,41.91849],[23.29604,41.91748],[23.30456,41.91616],[23.31579,41.91708],[23.31781,41.91872],[23.32274,41.91783],[23.32508,41.91835],[23.32546,41.91914],[23.32722,41.91902],[23.32868,41.91815],[23.32866,41.91607],[23.3313,41.91445],[23.33374,41.91709],[23.33234,41.91789],[23.33457,41.92009],[23.33572,41.91447],[23.33684,41.91306],[23.34152,41.91055],[23.34349,41.906],[23.34421,41.90675],[23.35279,41.90757],[23.35589,41.90838],[23.35706,41.91072],[23.36045,41.90984],[23.35769,41.91214],[23.36056,41.9156],[23.35852,41.91525],[23.36043,41.91712],[23.36597,41.91776],[23.36673,41.9189],[23.36822,41.91888],[23.37202,41.92127],[23.37241,41.92035],[23.37542,41.92365],[23.38079,41.92561],[23.38509,41.92665],[23.3886,41.92649],[23.39522,41.92962],[23.40028,41.93023],[23.40141,41.92941],[23.40307,41.93175],[23.40556,41.93093],[23.40731,41.93359],[23.41388,41.93707],[23.41732,41.93623],[23.42058,41.93672],[23.42078,41.93619],[23.42441,41.93724],[23.43068,41.93272],[23.43676,41.93337],[23.43335,41.93431],[23.43392,41.93499],[23.42937,41.93603],[23.42633,41.93847],[23.42324,41.9395],[23.42586,41.94002],[23.4254,41.94069],[23.42809,41.94088],[23.42725,41.94325],[23.43138,41.9419],[23.42561,41.95015],[23.42592,41.95438],[23.42813,41.95499],[23.42938,41.95426],[23.42947,41.95531],[23.43047,41.95503],[23.42992,41.95929],[23.42626,41.96203],[23.426,41.96302],[23.43191,41.96114],[23.43975,41.95988],[23.44189,41.95846],[23.44219,41.95725],[23.44102,41.95633],[23.4416,41.95381],[23.44375,41.95154],[23.44627,41.95246],[23.45013,41.95135],[23.45359,41.9515],[23.45486,41.95004],[23.45536,41.94621],[23.4559,41.94647],[23.4585,41.94384],[23.45896,41.94454],[23.4605,41.94346],[23.45612,41.95107],[23.45182,41.9542],[23.44981,41.95691],[23.45201,41.95886],[23.45102,41.95976],[23.45367,41.95913],[23.45222,41.96131],[23.45059,41.96159],[23.45132,41.96263],[23.44836,41.96473],[23.44634,41.96486],[23.44634,41.96436],[23.44191,41.96653],[23.43796,41.96925],[23.43623,41.97172],[23.43228,41.9726],[23.43202,41.97368],[23.43421,41.97491],[23.44037,41.97567],[23.44091,41.97683],[23.44471,41.97767],[23.44832,41.97566],[23.44855,41.97485],[23.44946,41.97564],[23.45101,41.97503],[23.45156,41.97809],[23.45301,41.97803],[23.45436,41.97908],[23.45568,41.9784],[23.45585,41.98005],[23.45873,41.98013],[23.45815,41.98058],[23.45899,41.98091],[23.46513,41.97934],[23.47299,41.97303],[23.46602,41.98475],[23.46006,41.98717],[23.45632,41.99121],[23.45449,41.99121],[23.45397,41.99838],[23.45904,41.9935],[23.47199,41.98443],[23.47558,41.98388],[23.47784,41.98542],[23.48511,41.98556],[23.48976,41.98932],[23.49132,41.98995],[23.49073,41.98883],[23.4919,41.98913],[23.4928,41.99642],[23.49573,41.99737],[23.49715,41.99855],[23.49679,41.99914],[23.5005,41.99789],[23.5026,41.99827],[23.50381,41.99525],[23.50619,41.99783],[23.50615,41.9988],[23.50854,41.9999],[23.51151,42.00404],[23.50951,42.00712],[23.51015,42.00812],[23.50895,42.01228],[23.51044,42.01835],[23.50558,42.02134]]],[[[23.42452,42.2414],[23.4233,42.24127],[23.42295,42.24231],[23.41844,42.24085],[23.4178,42.24185],[23.41531,42.24101],[23.41193,42.2468],[23.41181,42.25133],[23.4025,42.25375],[23.39918,42.25118],[23.39886,42.25251],[23.39723,42.25334],[23.3979,42.25445],[23.39503,42.25403],[23.39557,42.25476],[23.39449,42.25507],[23.39279,42.25412],[23.3894,42.2554],[23.3863,42.25766],[23.38573,42.26155],[23.38276,42.26307],[23.38283,42.26443],[23.38212,42.26341],[23.38,42.26404],[23.38007,42.26315],[23.3761,42.26212],[23.37487,42.26245],[23.37497,42.2619],[23.37052,42.26315],[23.36303,42.26038],[23.36169,42.26186],[23.36277,42.26404],[23.35963,42.26868],[23.35473,42.2693],[23.35316,42.26527],[23.34577,42.26426],[23.34101,42.26608],[23.33696,42.26543],[23.33673,42.26451],[23.33562,42.26485],[23.33574,42.26432],[23.33413,42.26503],[23.33108,42.26392],[23.32667,42.26089],[23.31876,42.26046],[23.31823,42.25916],[23.31801,42.26022],[23.31515,42.26119],[23.30857,42.26704],[23.30513,42.26707],[23.30357,42.2678],[23.3024,42.26949],[23.30255,42.27135],[23.29962,42.2728],[23.2987,42.27487],[23.29541,42.27595],[23.29486,42.27421],[23.29245,42.2746],[23.28879,42.2774],[23.27887,42.27691],[23.27835,42.27582],[23.27963,42.27511],[23.28072,42.27263],[23.28046,42.27044],[23.27901,42.27029],[23.27601,42.27116],[23.27136,42.27611],[23.27198,42.27725],[23.27008,42.27749],[23.269,42.27502],[23.26719,42.27408],[23.2654,42.27106],[23.26321,42.26965],[23.26045,42.27225],[23.2587,42.27244],[23.2605,42.26775],[23.25205,42.26865],[23.25152,42.26781],[23.24342,42.27039],[23.23984,42.2699],[23.24438,42.26821],[23.24645,42.26658],[23.24789,42.26642],[23.24911,42.26424],[23.25391,42.26182],[23.25606,42.26469],[23.26358,42.2628],[23.267,42.26078],[23.26758,42.26151],[23.26674,42.26211],[23.27388,42.26563],[23.27702,42.26988],[23.28811,42.26231],[23.29156,42.25768],[23.29064,42.25307],[23.28869,42.24983],[23.2896,42.24859],[23.29133,42.24961],[23.2925,42.24929],[23.29241,42.24774],[23.29345,42.2475],[23.29841,42.24804],[23.29989,42.24874],[23.30426,42.25376],[23.30447,42.2509],[23.30704,42.25015],[23.30851,42.251],[23.31089,42.25048],[23.31164,42.24723],[23.31491,42.24394],[23.31753,42.24446],[23.31352,42.23787],[23.31192,42.237],[23.31337,42.22928],[23.3164,42.23019],[23.31685,42.23096],[23.31536,42.23221],[23.31658,42.23284],[23.31875,42.22821],[23.32029,42.23053],[23.32028,42.22948],[23.32235,42.22977],[23.32301,42.22757],[23.32627,42.22586],[23.3354,42.2292],[23.34267,42.2338],[23.34714,42.23503],[23.34788,42.23633],[23.35281,42.23707],[23.35121,42.23917],[23.35353,42.24157],[23.35411,42.24405],[23.35474,42.24077],[23.35563,42.2415],[23.35525,42.24206],[23.35635,42.24285],[23.35771,42.24036],[23.35741,42.24136],[23.35885,42.24151],[23.35915,42.24076],[23.36027,42.2407],[23.35976,42.23929],[23.3616,42.23967],[23.36229,42.23571],[23.36341,42.23592],[23.36266,42.23719],[23.3636,42.23775],[23.36624,42.2369],[23.36694,42.23762],[23.36864,42.23748],[23.36705,42.23804],[23.36758,42.239],[23.36654,42.23923],[23.36669,42.23981],[23.36501,42.23978],[23.36662,42.24067],[23.36447,42.24133],[23.36496,42.24221],[23.3634,42.24264],[23.36502,42.24285],[23.36544,42.24425],[23.36692,42.244],[23.36815,42.24208],[23.37303,42.23914],[23.37923,42.23688],[23.38474,42.23746],[23.38178,42.23493],[23.38144,42.23053],[23.37945,42.22436],[23.38162,42.21886],[23.38333,42.21801],[23.38712,42.20807],[23.39372,42.20448],[23.39729,42.20789],[23.4002,42.21215],[23.40016,42.21045],[23.40169,42.21128],[23.40316,42.21053],[23.39925,42.20441],[23.40077,42.20474],[23.40062,42.20311],[23.4022,42.2047],[23.40192,42.20579],[23.40392,42.2068],[23.40698,42.20631],[23.40928,42.20813],[23.41085,42.20523],[23.41348,42.206],[23.41434,42.20324],[23.41631,42.20372],[23.41742,42.20629],[23.41605,42.21087],[23.41661,42.21138],[23.42281,42.21328],[23.4251,42.21275],[23.42751,42.21489],[23.43079,42.21517],[23.43214,42.21981],[23.42975,42.2211],[23.4272,42.22467],[23.42694,42.22805],[23.42845,42.22914],[23.42793,42.23074],[23.43045,42.23115],[23.43119,42.23202],[23.43722,42.23411],[23.43903,42.23555],[23.43614,42.23622],[23.43276,42.23534],[23.43248,42.2373],[23.43129,42.23768],[23.42916,42.23537],[23.42798,42.23833],[23.4313,42.23983],[23.43365,42.24148],[23.43428,42.24307],[23.4334,42.24373],[23.43434,42.24415],[23.43516,42.24534],[23.43442,42.24496],[23.43355,42.24535],[23.42991,42.24392],[23.42886,42.24264],[23.42832,42.24284],[23.42452,42.2414]],[[23.3652,42.23794],[23.36577,42.23883],[23.3661,42.23801],[23.3652,42.23794]]],[[[23.31695,42.06895],[23.30892,42.07979],[23.30333,42.07971],[23.29651,42.08251],[23.28876,42.08011],[23.28654,42.07482],[23.2802,42.0698],[23.27764,42.06386],[23.27298,42.06232],[23.27218,42.06015],[23.25919,42.05312],[23.25694,42.05322],[23.25402,42.0553],[23.25383,42.05756],[23.25167,42.06037],[23.24418,42.05803],[23.23635,42.05938],[23.23212,42.05694],[23.22655,42.05847],[23.2223,42.05852],[23.22007,42.0598],[23.21961,42.06118],[23.21678,42.06163],[23.21562,42.05952],[23.21388,42.0596],[23.21379,42.05677],[23.21436,42.05657],[23.21458,42.05752],[23.21769,42.05736],[23.2186,42.05794],[23.22062,42.05681],[23.23266,42.05416],[23.23719,42.05419],[23.23678,42.05561],[23.23807,42.05511],[23.23871,42.05565],[23.24434,42.05241],[23.24722,42.05322],[23.2478,42.05232],[23.25186,42.05146],[23.25779,42.05276],[23.25979,42.05177],[23.25909,42.0478],[23.25741,42.04871],[23.25617,42.04603],[23.25723,42.04536],[23.25719,42.04419],[23.2563,42.04485],[23.25585,42.04445],[23.25547,42.03909],[23.25385,42.03922],[23.24857,42.03146],[23.25148,42.03099],[23.25247,42.03188],[23.25612,42.03195],[23.25952,42.03079],[23.25971,42.02965],[23.26435,42.02994],[23.26618,42.02928],[23.26914,42.03079],[23.27599,42.02885],[23.27735,42.02679],[23.27607,42.02562],[23.28746,42.01733],[23.29228,42.01865],[23.29701,42.01713],[23.2974,42.01824],[23.29847,42.0182],[23.29943,42.01665],[23.30409,42.01841],[23.3057,42.01575],[23.30221,42.01228],[23.2961,42.0086],[23.30127,42.0091],[23.30667,42.01325],[23.31152,42.01447],[23.31878,42.01864],[23.32731,42.01978],[23.32944,42.02148],[23.33199,42.02029],[23.3346,42.02019],[23.35152,42.02121],[23.35737,42.01713],[23.36575,42.02387],[23.3652,42.02413],[23.36827,42.02813],[23.36764,42.02954],[23.36039,42.03317],[23.36109,42.03629],[23.35969,42.03651],[23.36046,42.04101],[23.36148,42.04102],[23.3612,42.04363],[23.35884,42.04375],[23.35634,42.04266],[23.35224,42.04403],[23.35221,42.04747],[23.35095,42.04648],[23.34974,42.04706],[23.34613,42.04674],[23.34398,42.04881],[23.34155,42.04753],[23.34056,42.04784],[23.34126,42.05043],[23.3395,42.0514],[23.3391,42.05289],[23.33821,42.05279],[23.33928,42.05156],[23.33886,42.05074],[23.33739,42.05202],[23.33767,42.05417],[23.33622,42.05377],[23.33634,42.05444],[23.33534,42.05458],[23.33409,42.05328],[23.33388,42.05464],[23.34027,42.06467],[23.32985,42.06742],[23.31996,42.06696],[23.31695,42.06895]]],[[[23.52365,42.00141],[23.52629,42.00598],[23.53013,42.01002],[23.53442,42.0098],[23.53896,42.0126],[23.54263,42.01192],[23.54339,42.00827],[23.54936,42.00328],[23.55039,42.00347],[23.55158,42.00472],[23.55328,42.00554],[23.55541,42.00794],[23.55528,42.00693],[23.55421,42.00541],[23.55563,42.00529],[23.55768,42.00895],[23.5592,42.01307],[23.56008,42.01762],[23.56225,42.0229],[23.56547,42.02218],[23.56783,42.02385],[23.56983,42.02248],[23.57092,42.02239],[23.57518,42.02835],[23.58159,42.0278],[23.58213,42.03048],[23.58119,42.03117],[23.58267,42.03118],[23.58474,42.03643],[23.58776,42.03506],[23.58952,42.03174],[23.59307,42.03019],[23.5952,42.03158],[23.60171,42.03149],[23.60293,42.03203],[23.60604,42.0316],[23.61009,42.02958],[23.61119,42.02958],[23.61103,42.03205],[23.61548,42.03892],[23.6172,42.03952],[23.61652,42.03963],[23.61721,42.04028],[23.61748,42.04162],[23.62016,42.0429],[23.62012,42.04375],[23.62146,42.04639],[23.61971,42.04718],[23.61426,42.04758],[23.61191,42.04985],[23.61064,42.05181],[23.60954,42.05219],[23.61013,42.05383],[23.60875,42.05685],[23.60415,42.06288],[23.60276,42.06375],[23.60229,42.06513],[23.60206,42.06337],[23.5994,42.06308],[23.59904,42.06125],[23.59373,42.05969],[23.59319,42.05852],[23.59262,42.06018],[23.59229,42.05863],[23.58871,42.05525],[23.58742,42.05796],[23.57805,42.05567],[23.57356,42.05778],[23.57004,42.05791],[23.56919,42.05602],[23.5673,42.05623],[23.5677,42.0569],[23.56608,42.0564],[23.56591,42.05723],[23.56523,42.05605],[23.56043,42.05447],[23.55995,42.05334],[23.55885,42.05399],[23.55838,42.05613],[23.55482,42.05711],[23.55475,42.05533],[23.55159,42.05792],[23.55099,42.05729],[23.5491,42.05778],[23.54826,42.05664],[23.54534,42.05587],[23.54567,42.05781],[23.54864,42.0594],[23.54637,42.05869],[23.5412,42.05862],[23.53774,42.05602],[23.53737,42.05366],[23.53582,42.05616],[23.5371,42.06313],[23.53555,42.0652],[23.53307,42.06477],[23.5346,42.06545],[23.53417,42.0661],[23.53327,42.06517],[23.53293,42.06576],[23.53236,42.06429],[23.53048,42.06585],[23.53095,42.06464],[23.53043,42.06377],[23.53055,42.06465],[23.52923,42.06495],[23.52786,42.06438],[23.52888,42.06609],[23.52685,42.06604],[23.52655,42.06348],[23.52488,42.06028],[23.52256,42.05858],[23.52253,42.05711],[23.51952,42.05874],[23.51943,42.05771],[23.51903,42.0583],[23.51428,42.05811],[23.51475,42.0563],[23.51255,42.05831],[23.51272,42.05936],[23.51207,42.05859],[23.51074,42.05868],[23.51142,42.05704],[23.50847,42.05744],[23.50798,42.0561],[23.50387,42.05251],[23.50384,42.04976],[23.50575,42.0484],[23.50985,42.04752],[23.51602,42.04069],[23.52371,42.03783],[23.52345,42.03498],[23.52623,42.03197],[23.52571,42.02862],[23.51978,42.02334],[23.51985,42.02173],[23.52147,42.02058],[23.5216,42.0181],[23.51906,42.0165],[23.51969,42.01267],[23.52079,42.01169],[23.52033,42.00852],[23.52184,42.00644],[23.52093,42.00248],[23.5221,42.00113],[23.52416,42.00056],[23.52365,42.00141]]],[[[23.15679,42.22409],[23.15402,42.22437],[23.14952,42.22857],[23.14732,42.2285],[23.14734,42.22765],[23.14228,42.22633],[23.13824,42.22122],[23.13828,42.22056],[23.13901,42.22068],[23.13779,42.21841],[23.13878,42.21618],[23.13538,42.217],[23.13869,42.2122],[23.13567,42.21076],[23.13835,42.20844],[23.13772,42.20619],[23.13905,42.20576],[23.13676,42.20483],[23.13813,42.2043],[23.13768,42.20188],[23.13607,42.20173],[23.13717,42.20106],[23.13331,42.20097],[23.13681,42.19878],[23.13458,42.1962],[23.13493,42.19499],[23.13713,42.1936],[23.13523,42.19326],[23.1355,42.19107],[23.13667,42.19106],[23.13685,42.19002],[23.14011,42.19133],[23.14107,42.18982],[23.14019,42.18956],[23.14165,42.1893],[23.14401,42.19094],[23.14373,42.18716],[23.14445,42.18614],[23.14474,42.18687],[23.14541,42.18665],[23.14535,42.18359],[23.14788,42.1816],[23.15157,42.18133],[23.15225,42.18061],[23.15399,42.18089],[23.15672,42.17927],[23.15435,42.17872],[23.15399,42.17743],[23.15293,42.17733],[23.15197,42.17601],[23.14851,42.17671],[23.14679,42.17575],[23.14547,42.17624],[23.14483,42.17397],[23.14641,42.17386],[23.1477,42.1719],[23.14723,42.17105],[23.14925,42.17094],[23.14127,42.16705],[23.14805,42.16864],[23.14906,42.16813],[23.14793,42.16708],[23.14861,42.1664],[23.15281,42.16776],[23.15443,42.16716],[23.1551,42.16517],[23.15311,42.16535],[23.15425,42.16449],[23.14974,42.1637],[23.14939,42.16308],[23.14868,42.16346],[23.14915,42.1626],[23.14695,42.16273],[23.14634,42.16179],[23.14781,42.16136],[23.14661,42.159],[23.14746,42.15929],[23.14811,42.15806],[23.14986,42.15803],[23.14888,42.15637],[23.15201,42.15621],[23.15047,42.15466],[23.15247,42.15246],[23.15454,42.15224],[23.15366,42.15159],[23.15379,42.15019],[23.15541,42.15115],[23.15697,42.15428],[23.15865,42.15558],[23.16032,42.1522],[23.1679,42.15615],[23.16911,42.15551],[23.16808,42.15473],[23.16919,42.15263],[23.17063,42.15267],[23.17189,42.15469],[23.17692,42.15526],[23.17442,42.15262],[23.17702,42.15153],[23.17556,42.14938],[23.17775,42.14854],[23.17809,42.15002],[23.18002,42.15055],[23.17914,42.14711],[23.18196,42.14722],[23.1843,42.15065],[23.1839,42.15328],[23.1873,42.15065],[23.1887,42.15128],[23.18834,42.15185],[23.19061,42.14982],[23.19277,42.15122],[23.19387,42.15048],[23.1953,42.15096],[23.19652,42.1497],[23.20063,42.14846],[23.19759,42.15188],[23.19838,42.15333],[23.19842,42.15929],[23.19715,42.16025],[23.19769,42.16116],[23.19526,42.16759],[23.19646,42.17167],[23.19675,42.18228],[23.19096,42.18338],[23.18877,42.18534],[23.18612,42.18615],[23.18293,42.18937],[23.17739,42.19105],[23.17279,42.19351],[23.16917,42.19719],[23.16678,42.1972],[23.1624,42.19909],[23.16092,42.20205],[23.16111,42.20416],[23.15718,42.20958],[23.16171,42.21289],[23.16152,42.21496],[23.16306,42.21744],[23.16354,42.22146],[23.16249,42.22337],[23.15737,42.22293],[23.15757,42.22437],[23.15682,42.22355],[23.15679,42.22409]]],[[[23.54214,42.25449],[23.54034,42.25484],[23.53979,42.26017],[23.53618,42.26403],[23.53458,42.26351],[23.53252,42.25944],[23.53245,42.25628],[23.53134,42.25408],[23.5279,42.2532],[23.52496,42.25412],[23.52415,42.25225],[23.52234,42.2522],[23.52171,42.25085],[23.51907,42.25015],[23.51785,42.24752],[23.51621,42.24806],[23.51444,42.24667],[23.51449,42.24825],[23.51347,42.24851],[23.51072,42.24565],[23.50978,42.24673],[23.50554,42.24572],[23.50281,42.24256],[23.50372,42.23791],[23.50307,42.23607],[23.5007,42.23582],[23.50067,42.23438],[23.4994,42.23331],[23.49868,42.2345],[23.49566,42.23526],[23.50278,42.22598],[23.49995,42.22407],[23.50018,42.22106],[23.50256,42.22178],[23.50527,42.2214],[23.51177,42.22203],[23.51524,42.22144],[23.51555,42.22363],[23.51819,42.22461],[23.53121,42.22601],[23.53174,42.22953],[23.53049,42.23265],[23.53077,42.2361],[23.52981,42.2392],[23.53433,42.24325],[23.54129,42.24428],[23.5413,42.25209],[23.54214,42.25449]]],[[[23.27224,42.13643],[23.26245,42.1365],[23.25739,42.13322],[23.25318,42.134],[23.25031,42.13176],[23.24699,42.13404],[23.24577,42.12442],[23.24065,42.1228],[23.23885,42.12366],[23.23899,42.12195],[23.24293,42.12274],[23.24353,42.12346],[23.24531,42.12334],[23.24654,42.12407],[23.2513,42.12348],[23.25213,42.12436],[23.25411,42.1243],[23.25599,42.12535],[23.25715,42.12255],[23.25878,42.12209],[23.25849,42.1198],[23.2606,42.1203],[23.26224,42.1196],[23.26333,42.12017],[23.26352,42.11964],[23.26491,42.12302],[23.27144,42.12033],[23.27214,42.11942],[23.27631,42.11929],[23.27569,42.11823],[23.27915,42.11516],[23.28071,42.11661],[23.28216,42.11703],[23.28219,42.11547],[23.28432,42.11684],[23.28523,42.11678],[23.28487,42.11468],[23.28849,42.11277],[23.28713,42.11515],[23.29006,42.11334],[23.29129,42.1161],[23.29379,42.11635],[23.30083,42.11505],[23.30263,42.11287],[23.3087,42.11257],[23.31801,42.11371],[23.30961,42.11491],[23.31031,42.11642],[23.31294,42.1174],[23.31323,42.1182],[23.31034,42.12038],[23.31075,42.1224],[23.30883,42.12231],[23.31117,42.12648],[23.30586,42.12817],[23.3043,42.12705],[23.30461,42.12844],[23.3023,42.12906],[23.2987,42.12916],[23.29674,42.12834],[23.29683,42.12959],[23.29477,42.1294],[23.29028,42.12797],[23.28502,42.12732],[23.27938,42.12478],[23.27636,42.12039],[23.27702,42.12461],[23.28219,42.13024],[23.28147,42.13104],[23.27988,42.12927],[23.27769,42.13098],[23.27525,42.13166],[23.27292,42.13116],[23.27224,42.13643]]],[[[23.48162,42.24213],[23.48072,42.24359],[23.47673,42.24094],[23.47522,42.24222],[23.47508,42.24119],[23.46779,42.23999],[23.46396,42.2405],[23.46254,42.23939],[23.46135,42.24036],[23.46094,42.23885],[23.45723,42.23679],[23.45829,42.23661],[23.45469,42.2358],[23.45291,42.23328],[23.4492,42.23463],[23.44816,42.23373],[23.4474,42.23393],[23.44944,42.23183],[23.4492,42.22979],[23.45077,42.22689],[23.45082,42.22922],[23.45401,42.23068],[23.45474,42.22615],[23.45304,42.22196],[23.45386,42.21796],[23.45264,42.21548],[23.45573,42.21564],[23.45811,42.21755],[23.45832,42.21882],[23.46077,42.21905],[23.46218,42.22099],[23.4621,42.22223],[23.46456,42.22062],[23.46744,42.22217],[23.46971,42.22527],[23.47444,42.22338],[23.47335,42.2273],[23.47959,42.22823],[23.47917,42.22943],[23.48133,42.22893],[23.48288,42.23095],[23.48606,42.23192],[23.48698,42.23476],[23.48949,42.23428],[23.48804,42.2365],[23.48826,42.23689],[23.48726,42.23899],[23.4862,42.23839],[23.48162,42.24213]]],[[[23.21423,42.24629],[23.21036,42.24388],[23.20905,42.24413],[23.21005,42.2427],[23.21541,42.24133],[23.21444,42.23956],[23.21517,42.23897],[23.22312,42.23549],[23.22477,42.23726],[23.2262,42.24039],[23.23127,42.24132],[23.23044,42.245],[23.22853,42.24716],[23.22975,42.24811],[23.22871,42.25029],[23.22913,42.25207],[23.23147,42.2537],[23.23452,42.25456],[23.23232,42.25602],[23.2388,42.25536],[23.2411,42.2563],[23.24567,42.25558],[23.24442,42.25635],[23.24537,42.25704],[23.24486,42.25749],[23.24653,42.25738],[23.24851,42.26106],[23.2453,42.26501],[23.24202,42.26546],[23.23865,42.26495],[23.2372,42.26556],[23.2351,42.26324],[23.23233,42.26301],[23.23001,42.26692],[23.22816,42.2677],[23.22883,42.26603],[23.22612,42.2643],[23.22557,42.26031],[23.22393,42.25978],[23.22314,42.25827],[23.22059,42.25815],[23.21663,42.25518],[23.21495,42.25523],[23.21846,42.25174],[23.21407,42.25218],[23.21266,42.25158],[23.21287,42.25028],[23.21583,42.24903],[23.21768,42.24716],[23.21621,42.24712],[23.21559,42.24599],[23.21423,42.24629]]],[[[23.21321,42.23464],[23.20738,42.23708],[23.20789,42.23522],[23.20505,42.23568],[23.20154,42.23392],[23.19686,42.23461],[23.19433,42.23416],[23.19274,42.23525],[23.19199,42.23399],[23.19045,42.23534],[23.18759,42.23529],[23.18027,42.23807],[23.17798,42.23806],[23.17807,42.23735],[23.17555,42.23733],[23.17327,42.23602],[23.17329,42.23404],[23.1719,42.23199],[23.17467,42.23007],[23.17634,42.22573],[23.17799,42.22531],[23.19024,42.22513],[23.19027,42.22711],[23.19291,42.22814],[23.19484,42.23006],[23.19626,42.22891],[23.19733,42.22554],[23.19881,42.22442],[23.20819,42.2229],[23.21114,42.22584],[23.2124,42.23303],[23.21553,42.2319],[23.21941,42.22903],[23.2225,42.22838],[23.22458,42.22887],[23.22739,42.23179],[23.22471,42.23349],[23.22192,42.23419],[23.22284,42.2326],[23.21689,42.23418],[23.21321,42.23464]]],[[[23.22467,42.14832],[23.22286,42.14877],[23.22099,42.14808],[23.21897,42.14558],[23.21611,42.13912],[23.2163,42.14086],[23.21518,42.14107],[23.21415,42.1446],[23.21071,42.14482],[23.21173,42.14425],[23.20875,42.14158],[23.21089,42.13882],[23.21257,42.139],[23.21202,42.13842],[23.21427,42.13841],[23.21756,42.13717],[23.22177,42.13929],[23.22285,42.13787],[23.22511,42.13711],[23.22508,42.13577],[23.227,42.13504],[23.22919,42.1365],[23.23094,42.1351],[23.23312,42.13555],[23.23742,42.13417],[23.238,42.13306],[23.23846,42.1343],[23.24184,42.13438],[23.24279,42.13279],[23.24466,42.13563],[23.24718,42.1355],[23.24922,42.13735],[23.24428,42.13716],[23.24272,42.13759],[23.24313,42.13828],[23.23519,42.14361],[23.23457,42.14729],[23.22655,42.14418],[23.22545,42.14297],[23.225,42.14402],[23.22654,42.1447],[23.2263,42.14665],[23.22759,42.147],[23.22676,42.14718],[23.22705,42.14872],[23.22588,42.14802],[23.22467,42.14832]]],[[[23.88761,42.14339],[23.88797,42.14523],[23.88629,42.14759],[23.8853,42.14781],[23.88477,42.14645],[23.8861,42.14591],[23.88438,42.14331],[23.88453,42.14078],[23.88305,42.1383],[23.88396,42.13448],[23.88916,42.13756],[23.88925,42.13975],[23.89089,42.14145],[23.8894,42.14321],[23.88761,42.14339]]],[[[23.23709,42.12151],[23.23762,42.12235],[23.23518,42.12071],[23.23437,42.11874],[23.2317,42.11915],[23.23408,42.11848],[23.23221,42.1172],[23.23226,42.11642],[23.23483,42.10865],[23.23918,42.11201],[23.23844,42.11631],[23.23702,42.1178],[23.23709,42.12151]]],[[[23.2958,42.00152],[23.29424,42.00531],[23.29584,42.00622],[23.29091,42.00478],[23.29061,42.00362],[23.29272,42.00027],[23.2958,42.00152]]],[[[23.49358,42.23968],[23.49135,42.24137],[23.48946,42.2401],[23.48868,42.23767],[23.49285,42.23645],[23.49358,42.23968]]],[[[23.51178,42.00098],[23.5121,42.00181],[23.51147,42.00085],[23.5103,42.00085],[23.51116,41.99979],[23.51178,42.00098]]],[[[23.20059,42.14826],[23.20024,42.14782],[23.20176,42.14767],[23.20059,42.14826]]],[[[23.20016,42.14792],[23.20014,42.14794],[23.20019,42.14783],[23.20016,42.14792]]]]},"properties":{"SiteCode":"BG0002129","SiteNameBG":"Рила буфер","SiteType":"SPA","SiteArea":0,"naturaClass":"spa"}}]}
