{"type":"FeatureCollection","features":[{"type":"Feature","geometry":{"type":"Polygon","coordinates":[[[24.43308,42.12749],[24.4326,42.12786],[24.43297,42.13002],[24.43092,42.13081],[24.43072,42.13313],[24.4296,42.13378],[24.42822,42.13393],[24.42728,42.13336],[24.42679,42.13265],[24.42709,42.13159],[24.4238,42.13055],[24.42243,42.12872],[24.4215,42.12842],[24.41954,42.12873],[24.41847,42.12975],[24.41847,42.13116],[24.41681,42.13107],[24.4158,42.13163],[24.41492,42.13384],[24.41522,42.13561],[24.41605,42.13591],[24.41872,42.13542],[24.41905,42.13602],[24.41852,42.13666],[24.40556,42.13922],[24.40369,42.13803],[24.40044,42.13829],[24.40068,42.13575],[24.39969,42.13565],[24.39782,42.1358],[24.39649,42.13682],[24.39153,42.13747],[24.39096,42.13802],[24.3847,42.13866],[24.37597,42.13852],[24.37246,42.13897],[24.37174,42.13764],[24.37234,42.13683],[24.37181,42.13482],[24.371,42.13358],[24.36987,42.13384],[24.36962,42.13202],[24.37473,42.13056],[24.37517,42.12993],[24.37501,42.12881],[24.37464,42.12793],[24.36942,42.12872],[24.36937,42.12667],[24.37026,42.12516],[24.37282,42.12394],[24.37668,42.12403],[24.37957,42.12244],[24.37881,42.12112],[24.37939,42.1195],[24.37731,42.11851],[24.37635,42.11657],[24.37695,42.11596],[24.37601,42.11571],[24.37554,42.11478],[24.37292,42.11489],[24.37053,42.11612],[24.36781,42.1161],[24.36709,42.11651],[24.35992,42.11617],[24.35291,42.11385],[24.35238,42.11468],[24.35464,42.11587],[24.35512,42.11783],[24.3567,42.11857],[24.35665,42.11894],[24.35358,42.12015],[24.3475,42.12116],[24.34651,42.12113],[24.34673,42.12017],[24.34622,42.11999],[24.34016,42.12053],[24.3359,42.12188],[24.33368,42.12419],[24.32962,42.12313],[24.32768,42.12639],[24.32385,42.12895],[24.32286,42.12883],[24.31237,42.13212],[24.31184,42.13075],[24.31432,42.12986],[24.31428,42.12849],[24.31119,42.12743],[24.31012,42.12635],[24.31215,42.125],[24.31411,42.12451],[24.31693,42.12612],[24.3186,42.12441],[24.31641,42.12321],[24.31717,42.1222],[24.32772,42.11736],[24.33137,42.11722],[24.33256,42.11602],[24.3325,42.11419],[24.33598,42.11111],[24.34048,42.10943],[24.34177,42.10854],[24.34254,42.10642],[24.3448,42.10614],[24.34779,42.10406],[24.34733,42.10354],[24.34741,42.10242],[24.34458,42.10247],[24.34254,42.10157],[24.33302,42.10144],[24.33339,42.10044],[24.3355,42.09992],[24.33794,42.09827],[24.33726,42.0977],[24.33687,42.09482],[24.33698,42.09406],[24.33827,42.09354],[24.33838,42.09308],[24.33628,42.09272],[24.33591,42.08935],[24.34272,42.08568],[24.34599,42.08561],[24.34599,42.08597],[24.34396,42.08675],[24.34469,42.08738],[24.34674,42.08756],[24.34852,42.0884],[24.35003,42.08706],[24.35002,42.08638],[24.34752,42.08502],[24.34793,42.0829],[24.34907,42.08159],[24.34813,42.08133],[24.34664,42.08235],[24.34567,42.08241],[24.34863,42.08069],[24.35143,42.06999],[24.35714,42.06907],[24.35454,42.06349],[24.3666,42.06456],[24.36686,42.06608],[24.36736,42.06631],[24.37543,42.06852],[24.3755,42.06942],[24.37459,42.07107],[24.37877,42.0723],[24.3814,42.07068],[24.38468,42.07083],[24.3854,42.0716],[24.38696,42.07215],[24.39349,42.07393],[24.39835,42.07581],[24.40647,42.0806],[24.40681,42.08023],[24.4121,42.08434],[24.42005,42.08555],[24.42036,42.08799],[24.42116,42.08731],[24.42783,42.08696],[24.42901,42.08766],[24.43552,42.08646],[24.4379,42.08687],[24.43892,42.08419],[24.43778,42.08414],[24.43776,42.0829],[24.43587,42.08251],[24.4369,42.08025],[24.4355,42.07912],[24.4435,42.07625],[24.44363,42.07192],[24.44262,42.06378],[24.44266,42.0622],[24.44366,42.06032],[24.44342,42.05753],[24.44988,42.0557],[24.45443,42.05242],[24.461,42.04661],[24.46536,42.04938],[24.46525,42.051],[24.46663,42.05233],[24.46582,42.05863],[24.46098,42.05813],[24.45803,42.05985],[24.45903,42.06036],[24.46109,42.05972],[24.46602,42.06127],[24.46633,42.06163],[24.46515,42.06239],[24.46513,42.06431],[24.46896,42.06421],[24.46905,42.06337],[24.4703,42.06213],[24.47155,42.06465],[24.47363,42.06683],[24.47548,42.06734],[24.47668,42.06872],[24.47877,42.06927],[24.47926,42.071],[24.47934,42.07472],[24.48114,42.07768],[24.47553,42.0778],[24.47403,42.0808],[24.47654,42.08209],[24.47656,42.08315],[24.47205,42.08274],[24.47206,42.08358],[24.47305,42.08413],[24.47763,42.08457],[24.47825,42.08564],[24.48037,42.08521],[24.48044,42.08652],[24.4767,42.08745],[24.47595,42.08881],[24.48005,42.0906],[24.47503,42.09081],[24.47437,42.09143],[24.47485,42.09402],[24.47887,42.09454],[24.47919,42.09575],[24.4767,42.09821],[24.47733,42.1003],[24.47691,42.10186],[24.4757,42.10225],[24.4726,42.10201],[24.46798,42.10094],[24.46505,42.09822],[24.46139,42.09825],[24.46077,42.09889],[24.46423,42.09974],[24.46651,42.10184],[24.46653,42.10328],[24.46359,42.10369],[24.46313,42.1042],[24.46389,42.10497],[24.47029,42.10568],[24.47163,42.10622],[24.4724,42.10765],[24.47534,42.10876],[24.47531,42.1094],[24.47471,42.10979],[24.47463,42.11098],[24.47252,42.11279],[24.47033,42.11165],[24.46894,42.1079],[24.46427,42.10591],[24.46332,42.10674],[24.46363,42.10751],[24.46679,42.1097],[24.46709,42.11097],[24.46645,42.11174],[24.45559,42.11162],[24.4536,42.11187],[24.45325,42.11256],[24.45319,42.11288],[24.45585,42.11302],[24.45618,42.11361],[24.45769,42.11401],[24.46335,42.11441],[24.46348,42.11655],[24.45805,42.11664],[24.45256,42.11572],[24.45027,42.11623],[24.44669,42.11566],[24.44599,42.11596],[24.44175,42.11492],[24.44169,42.11407],[24.4384,42.11432],[24.43756,42.11599],[24.43554,42.11629],[24.43302,42.11761],[24.43218,42.11822],[24.43169,42.1194],[24.43084,42.12451],[24.43313,42.1248],[24.43347,42.12631],[24.43265,42.12691],[24.43308,42.12749]]]},"properties":{"SiteCode":"BG0000254","SiteNameBG":"Бесапарски възвишения","SiteType":"SCI","SiteArea":6740.7554248599999,"naturaClass":"habitats"}},{"type":"Feature","geometry":{"type":"MultiPolygon","coordinates":[[[[23.72012,43.80231],[23.71922,43.80242],[23.71885,43.80297],[23.71392,43.80342],[23.70525,43.80249],[23.69581,43.79917],[23.69387,43.79536],[23.69996,43.7931],[23.71146,43.7913],[23.71474,43.79033],[23.71762,43.78862],[23.72238,43.7846],[23.72726,43.78256],[23.73427,43.7826],[23.74032,43.78493],[23.74516,43.78454],[23.74926,43.78299],[23.75567,43.77829],[23.76593,43.77431],[23.77401,43.77265],[23.77685,43.77138],[23.78128,43.77025],[23.79524,43.77026],[23.80239,43.76942],[23.81113,43.76603],[23.81821,43.76472],[23.83797,43.75742],[23.85272,43.75363],[23.85614,43.75314],[23.86301,43.74989],[23.86375,43.74995],[23.86613,43.75454],[23.85709,43.75635],[23.8427,43.76075],[23.83747,43.76283],[23.83785,43.76342],[23.83106,43.76582],[23.83167,43.76693],[23.82562,43.76914],[23.79492,43.77529],[23.77107,43.78108],[23.7634,43.78464],[23.75031,43.79685],[23.73897,43.80058],[23.7292,43.80207],[23.72012,43.80231]],[[23.73799,43.7972],[23.74169,43.79802],[23.74926,43.79676],[23.75266,43.7939],[23.75189,43.79347],[23.74853,43.79554],[23.74465,43.79613],[23.75046,43.79339],[23.7524,43.79177],[23.75183,43.79158],[23.74416,43.7937],[23.74416,43.79338],[23.75092,43.79106],[23.74537,43.79064],[23.75205,43.79056],[23.75362,43.78887],[23.7583,43.78565],[23.77282,43.77915],[23.78644,43.77559],[23.80238,43.77334],[23.80886,43.77013],[23.81024,43.76899],[23.81247,43.76847],[23.80932,43.77059],[23.80381,43.77299],[23.80586,43.77265],[23.82544,43.76487],[23.81736,43.76692],[23.81731,43.76747],[23.81462,43.7684],[23.81408,43.76837],[23.81378,43.76771],[23.81142,43.76807],[23.80689,43.77053],[23.80354,43.77147],[23.79247,43.77236],[23.78394,43.77225],[23.78075,43.77284],[23.77683,43.77436],[23.77705,43.77479],[23.76733,43.77695],[23.75651,43.78063],[23.75261,43.78358],[23.75669,43.7821],[23.75942,43.78181],[23.75972,43.78233],[23.75111,43.78495],[23.74647,43.78807],[23.7446,43.78838],[23.74447,43.78807],[23.74654,43.78766],[23.74896,43.78578],[23.74516,43.78699],[23.74035,43.78712],[23.73318,43.78484],[23.72895,43.78504],[23.72499,43.78619],[23.71813,43.79155],[23.71355,43.79323],[23.72541,43.79235],[23.73322,43.78983],[23.74531,43.79093],[23.73337,43.79039],[23.72787,43.79225],[23.72336,43.79319],[23.71119,43.79385],[23.70731,43.79526],[23.70766,43.79631],[23.72768,43.79534],[23.73328,43.7958],[23.73799,43.7972]],[[23.75654,43.78723],[23.7538,43.78908],[23.75327,43.7902],[23.75734,43.78768],[23.75654,43.78723]]],[[[23.73594,43.79283],[23.73349,43.79299],[23.73516,43.79236],[23.74022,43.79212],[23.74031,43.79252],[23.73594,43.79283]]],[[[23.77891,43.77605],[23.77771,43.77645],[23.77752,43.77603],[23.78394,43.77433],[23.78602,43.77425],[23.77891,43.77605]]],[[[23.74436,43.78812],[23.74447,43.78839],[23.73707,43.78929],[23.74436,43.78812]]],[[[23.79422,43.77341],[23.79308,43.77335],[23.79518,43.77278],[23.79783,43.77287],[23.79422,43.77341]]],[[[23.74403,43.7934],[23.74335,43.7939],[23.73929,43.79449],[23.74403,43.7934]]],[[[23.74455,43.79627],[23.74397,43.79678],[23.74227,43.79721],[23.74455,43.79627]]],[[[23.73626,43.79185],[23.73565,43.79158],[23.73624,43.79114],[23.73626,43.79185]]],[[[23.74476,43.79215],[23.74408,43.79187],[23.74476,43.79183],[23.74476,43.79215]]]]},"properties":{"SiteCode":"BG0000533","SiteNameBG":"Острови Козлодуй","SiteType":"SCI","SiteArea":908.26378635000003,"naturaClass":"habitats"}},{"type":"Feature","geometry":{"type":"Polygon","coordinates":[[[24.58647,43.75126],[24.57107,43.75448],[24.51995,43.76337],[24.5144,43.76386],[24.5048,43.76364],[24.48737,43.75678],[24.47789,43.75143],[24.46267,43.74653],[24.45363,43.74428],[24.43895,43.74298],[24.4392,43.74156],[24.43878,43.74125],[24.4267,43.73441],[24.43563,43.72681],[24.43707,43.72452],[24.44012,43.72613],[24.44377,43.72697],[24.44852,43.72576],[24.45033,43.72423],[24.45136,43.72215],[24.45166,43.72022],[24.45363,43.69975],[24.4521,43.69784],[24.45167,43.69591],[24.44821,43.69055],[24.44515,43.68822],[24.44085,43.68398],[24.43918,43.68442],[24.4373,43.68387],[24.43707,43.68216],[24.43791,43.68121],[24.43546,43.67855],[24.43496,43.6759],[24.43561,43.67445],[24.43556,43.67266],[24.4329,43.67356],[24.42828,43.67339],[24.42437,43.66973],[24.42447,43.66658],[24.4255,43.66603],[24.42658,43.66627],[24.42757,43.67027],[24.42929,43.6711],[24.43285,43.67144],[24.43414,43.67079],[24.43643,43.67065],[24.43791,43.66559],[24.43797,43.6595],[24.43901,43.65922],[24.44084,43.66286],[24.44266,43.66241],[24.44303,43.66187],[24.44351,43.66273],[24.44211,43.66896],[24.44264,43.67103],[24.44487,43.67279],[24.44408,43.6732],[24.4474,43.67995],[24.45189,43.68696],[24.45731,43.6971],[24.45804,43.70022],[24.45811,43.70329],[24.45727,43.70885],[24.46138,43.71092],[24.4647,43.70742],[24.46571,43.70763],[24.46816,43.7115],[24.46946,43.71196],[24.47769,43.70973],[24.47806,43.71054],[24.47794,43.71107],[24.47284,43.71304],[24.46861,43.71561],[24.45683,43.71293],[24.45754,43.71666],[24.45839,43.71665],[24.45905,43.72205],[24.45564,43.72511],[24.45202,43.73],[24.45155,43.73252],[24.45395,43.73553],[24.46067,43.73818],[24.46623,43.7396],[24.47469,43.74301],[24.47758,43.74278],[24.48183,43.74334],[24.48287,43.7425],[24.48512,43.73772],[24.48649,43.73644],[24.49572,43.73312],[24.49725,43.73191],[24.49821,43.73202],[24.49857,43.73252],[24.49785,43.73372],[24.49041,43.73684],[24.49026,43.74],[24.48791,43.74055],[24.48599,43.74323],[24.48245,43.74543],[24.48973,43.748],[24.49047,43.74711],[24.49095,43.74714],[24.49465,43.74835],[24.49929,43.74838],[24.5167,43.74648],[24.5231,43.74362],[24.52556,43.74167],[24.52695,43.73889],[24.51972,43.73128],[24.50755,43.72117],[24.49757,43.71524],[24.49439,43.71389],[24.49305,43.71406],[24.49122,43.71542],[24.49111,43.71868],[24.48991,43.71854],[24.48869,43.71933],[24.48693,43.71941],[24.48368,43.71612],[24.48261,43.71555],[24.4807,43.71548],[24.47945,43.71157],[24.48042,43.71134],[24.48655,43.71341],[24.48747,43.71318],[24.48708,43.71295],[24.48741,43.71106],[24.4933,43.7134],[24.49904,43.70894],[24.51152,43.70482],[24.52277,43.70212],[24.523,43.70314],[24.53508,43.69985],[24.53456,43.69585],[24.53954,43.69137],[24.54709,43.6889],[24.5501,43.68498],[24.56804,43.68234],[24.58126,43.67793],[24.61211,43.67104],[24.62571,43.66912],[24.6292,43.66533],[24.6326,43.66534],[24.63664,43.66641],[24.65416,43.66208],[24.6549,43.6606],[24.66196,43.6579],[24.66675,43.65814],[24.66917,43.65911],[24.67241,43.65889],[24.67441,43.65779],[24.67562,43.65585],[24.6767,43.65898],[24.67839,43.65909],[24.68057,43.65793],[24.68318,43.65778],[24.68732,43.65651],[24.68795,43.65554],[24.69047,43.65442],[24.69279,43.6543],[24.69275,43.65516],[24.69623,43.65449],[24.6965,43.65559],[24.69496,43.65643],[24.69975,43.65603],[24.70042,43.65825],[24.70162,43.65696],[24.70156,43.65477],[24.70304,43.65546],[24.71023,43.65617],[24.71095,43.65612],[24.71074,43.65446],[24.71574,43.6552],[24.71719,43.65362],[24.71827,43.65606],[24.72105,43.65543],[24.72148,43.65634],[24.7252,43.65545],[24.72723,43.65721],[24.72722,43.65805],[24.72769,43.65796],[24.72832,43.65974],[24.72892,43.65964],[24.73224,43.66528],[24.73798,43.67016],[24.73891,43.67196],[24.7388,43.6737],[24.73682,43.67632],[24.72789,43.67879],[24.72923,43.68161],[24.73543,43.68102],[24.74731,43.68196],[24.74723,43.68241],[24.75555,43.68404],[24.76535,43.68844],[24.76356,43.69146],[24.74738,43.68546],[24.73956,43.68478],[24.72454,43.68585],[24.71713,43.68815],[24.70136,43.69551],[24.68709,43.70362],[24.6415,43.73419],[24.62343,43.74275],[24.59834,43.74954],[24.59791,43.74871],[24.58647,43.75126]]]},"properties":{"SiteCode":"BG0000335","SiteNameBG":"Карабоаз","SiteType":"SCI","SiteArea":13658.325614199999,"naturaClass":"habitats"}},{"type":"Feature","geometry":{"type":"Polygon","coordinates":[[[26.32948,42.76613],[26.32863,42.76628],[26.32784,42.76572],[26.32728,42.76313],[26.32622,42.76285],[26.32519,42.76152],[26.32427,42.76242],[26.3234,42.7623],[26.32227,42.76359],[26.3219,42.76347],[26.32442,42.75931],[26.32435,42.7578],[26.32045,42.76084],[26.31657,42.76237],[26.31382,42.76319],[26.30569,42.76364],[26.30268,42.76217],[26.30152,42.76078],[26.29968,42.75986],[26.29455,42.75491],[26.29142,42.75418],[26.29044,42.75282],[26.29042,42.75144],[26.28842,42.74942],[26.28339,42.74932],[26.28156,42.74801],[26.27939,42.74876],[26.27782,42.74822],[26.27513,42.74839],[26.27517,42.74924],[26.27443,42.7498],[26.27467,42.75065],[26.27355,42.75226],[26.27331,42.75062],[26.27273,42.75032],[26.27143,42.75058],[26.26735,42.75002],[26.26654,42.75059],[26.26656,42.75124],[26.26601,42.75126],[26.26584,42.75054],[26.26316,42.74814],[26.25988,42.74834],[26.26015,42.74554],[26.25707,42.74469],[26.25608,42.74154],[26.25431,42.74025],[26.25279,42.7378],[26.25312,42.73711],[26.25296,42.73595],[26.25219,42.73525],[26.25179,42.73033],[26.252,42.72952],[26.25319,42.72887],[26.25399,42.72765],[26.25539,42.72704],[26.25432,42.73098],[26.25509,42.7344],[26.25679,42.7368],[26.25612,42.73783],[26.25691,42.73847],[26.25876,42.73778],[26.25755,42.73789],[26.2572,42.73752],[26.25752,42.73633],[26.25577,42.73383],[26.25542,42.72931],[26.25715,42.72781],[26.25843,42.72765],[26.25764,42.72569],[26.25759,42.72377],[26.25984,42.72467],[26.25865,42.72172],[26.25912,42.72033],[26.26049,42.72016],[26.25988,42.7188],[26.26033,42.71746],[26.25813,42.71659],[26.25635,42.71654],[26.2573,42.71747],[26.254,42.72038],[26.2536,42.72363],[26.25277,42.72504],[26.25215,42.72514],[26.25056,42.72287],[26.24913,42.71962],[26.24374,42.71652],[26.24795,42.71385],[26.24858,42.71296],[26.25114,42.71172],[26.2541,42.71113],[26.25731,42.70897],[26.25937,42.70905],[26.26079,42.70827],[26.26106,42.70959],[26.26041,42.7108],[26.26076,42.71107],[26.2621,42.71093],[26.2625,42.71008],[26.26489,42.70916],[26.26426,42.70791],[26.26456,42.70684],[26.2626,42.70384],[26.26375,42.702],[26.26596,42.7014],[26.2672,42.6999],[26.26797,42.69791],[26.26946,42.69724],[26.26996,42.69584],[26.27279,42.69543],[26.27297,42.69402],[26.27366,42.69394],[26.27444,42.69241],[26.27442,42.69126],[26.27542,42.69019],[26.2784,42.68976],[26.27892,42.68846],[26.28061,42.68767],[26.28179,42.68863],[26.28157,42.68805],[26.28336,42.68813],[26.28368,42.68873],[26.28509,42.68906],[26.28691,42.68836],[26.28809,42.68935],[26.29152,42.69006],[26.29384,42.68883],[26.29892,42.68457],[26.29976,42.68435],[26.30003,42.68366],[26.30076,42.68351],[26.30634,42.68535],[26.30837,42.68686],[26.31153,42.68805],[26.31172,42.68772],[26.31547,42.68826],[26.31705,42.68911],[26.31753,42.69191],[26.31819,42.69099],[26.3205,42.69015],[26.32625,42.69038],[26.32627,42.6908],[26.32808,42.69094],[26.3281,42.69063],[26.32997,42.69172],[26.33147,42.6948],[26.33226,42.69486],[26.33112,42.6995],[26.33344,42.70378],[26.33501,42.70298],[26.33565,42.70174],[26.33674,42.7016],[26.33695,42.7022],[26.33744,42.7022],[26.3365,42.70327],[26.33699,42.70406],[26.33761,42.70354],[26.33726,42.70309],[26.33755,42.70212],[26.33833,42.70212],[26.33907,42.70325],[26.33966,42.70325],[26.33926,42.70316],[26.33918,42.70235],[26.3398,42.70218],[26.33931,42.70166],[26.33997,42.70096],[26.34057,42.70118],[26.33998,42.70266],[26.341,42.70366],[26.34215,42.70367],[26.34135,42.70317],[26.34187,42.70209],[26.34347,42.70244],[26.3448,42.70164],[26.34566,42.69939],[26.34707,42.69817],[26.34796,42.69853],[26.34718,42.69928],[26.34915,42.69922],[26.34869,42.6997],[26.34964,42.69976],[26.34952,42.7001],[26.35149,42.69881],[26.35103,42.69811],[26.35035,42.69823],[26.35116,42.69783],[26.35197,42.69891],[26.35405,42.69882],[26.35498,42.69947],[26.35794,42.69888],[26.35878,42.69816],[26.3591,42.6985],[26.3605,42.69834],[26.36073,42.6991],[26.36374,42.69878],[26.36479,42.6995],[26.36647,42.69809],[26.36711,42.69885],[26.36808,42.69784],[26.3717,42.69946],[26.37255,42.69768],[26.37448,42.69746],[26.37466,42.69605],[26.37541,42.69592],[26.37624,42.6965],[26.37592,42.69531],[26.37659,42.69537],[26.37771,42.69666],[26.38252,42.69909],[26.38391,42.70063],[26.38369,42.70127],[26.38417,42.7009],[26.38487,42.70228],[26.38568,42.70228],[26.38568,42.70319],[26.38677,42.70284],[26.38697,42.70218],[26.38724,42.70263],[26.39095,42.70313],[26.3926,42.70843],[26.39349,42.70857],[26.39593,42.70762],[26.39615,42.70834],[26.39495,42.70969],[26.39686,42.71047],[26.39836,42.71029],[26.40018,42.70903],[26.40027,42.70976],[26.39851,42.71246],[26.40019,42.71369],[26.40019,42.71497],[26.40229,42.71338],[26.40367,42.71081],[26.40555,42.70928],[26.40626,42.70901],[26.4063,42.71027],[26.40691,42.71038],[26.40762,42.70761],[26.40885,42.70643],[26.40993,42.70617],[26.41154,42.70674],[26.41437,42.71127],[26.417,42.71289],[26.41585,42.71181],[26.4159,42.71015],[26.41679,42.7085],[26.41798,42.70773],[26.42095,42.70712],[26.4216,42.70633],[26.41929,42.70497],[26.41592,42.70165],[26.4149,42.70047],[26.41505,42.69972],[26.42153,42.69865],[26.43308,42.70006],[26.43835,42.69982],[26.439,42.69917],[26.43896,42.69678],[26.43813,42.6958],[26.43864,42.69543],[26.43859,42.69432],[26.43986,42.69351],[26.44054,42.69003],[26.44112,42.68967],[26.44201,42.69001],[26.44049,42.69259],[26.44072,42.69328],[26.44168,42.69308],[26.4409,42.69391],[26.4433,42.69364],[26.44351,42.6931],[26.4448,42.69382],[26.44549,42.69331],[26.44514,42.69464],[26.4464,42.69317],[26.44629,42.69249],[26.44756,42.69285],[26.44842,42.69253],[26.44824,42.68976],[26.44709,42.68888],[26.44791,42.68874],[26.4484,42.68795],[26.44867,42.68868],[26.44942,42.68845],[26.44959,42.6864],[26.45002,42.68733],[26.45138,42.68624],[26.44892,42.69015],[26.44927,42.69227],[26.45041,42.69231],[26.44995,42.69149],[26.45038,42.69083],[26.45191,42.69136],[26.45222,42.69024],[26.45461,42.68983],[26.45545,42.68904],[26.45577,42.68923],[26.45504,42.69021],[26.45545,42.69104],[26.46051,42.6929],[26.46107,42.69022],[26.46255,42.68783],[26.46201,42.68624],[26.46216,42.68469],[26.46152,42.68407],[26.46482,42.68229],[26.46564,42.68156],[26.46566,42.6808],[26.46847,42.68099],[26.4692,42.68176],[26.46925,42.68292],[26.4699,42.68259],[26.46991,42.68323],[26.47156,42.68401],[26.47167,42.68472],[26.47321,42.68447],[26.47327,42.68549],[26.47215,42.68646],[26.47354,42.68784],[26.4732,42.68902],[26.47507,42.68762],[26.47494,42.68811],[26.47724,42.68703],[26.47994,42.68441],[26.48023,42.68533],[26.4813,42.68624],[26.48259,42.68923],[26.48201,42.69039],[26.48252,42.69365],[26.48674,42.69271],[26.49093,42.6933],[26.49303,42.69469],[26.49441,42.69689],[26.49468,42.70061],[26.50517,42.6967],[26.50905,42.69568],[26.51317,42.6956],[26.51518,42.69465],[26.51709,42.69272],[26.52113,42.69252],[26.51789,42.6949],[26.51711,42.69624],[26.51701,42.69769],[26.51243,42.7038],[26.51118,42.70644],[26.51281,42.70793],[26.51362,42.70968],[26.5116,42.7097],[26.50965,42.71051],[26.51117,42.71201],[26.5116,42.71456],[26.51177,42.71617],[26.51082,42.71847],[26.50785,42.72245],[26.50783,42.72359],[26.50468,42.72637],[26.50056,42.73179],[26.50075,42.73301],[26.49995,42.73513],[26.50037,42.73642],[26.49939,42.73899],[26.50032,42.74016],[26.5011,42.74314],[26.49879,42.74395],[26.49454,42.74446],[26.49049,42.74231],[26.49043,42.74302],[26.49135,42.74431],[26.48753,42.74583],[26.48703,42.74521],[26.48574,42.74569],[26.48319,42.74556],[26.4803,42.74392],[26.47808,42.74378],[26.4765,42.74585],[26.47364,42.74754],[26.47232,42.74683],[26.47245,42.74485],[26.47192,42.74466],[26.46491,42.74387],[26.46064,42.74262],[26.45402,42.74159],[26.45333,42.7419],[26.45256,42.74341],[26.45093,42.74439],[26.4412,42.74622],[26.43875,42.74516],[26.43552,42.74508],[26.4357,42.74465],[26.4347,42.74409],[26.4366,42.74167],[26.43544,42.73899],[26.43542,42.73785],[26.4298,42.73878],[26.42845,42.73696],[26.42463,42.7368],[26.42412,42.73599],[26.42448,42.73519],[26.42366,42.73475],[26.42371,42.73342],[26.42143,42.73343],[26.42081,42.73395],[26.42094,42.7348],[26.42044,42.73465],[26.42058,42.73374],[26.4213,42.73303],[26.42318,42.73257],[26.4245,42.73291],[26.42498,42.73205],[26.42153,42.73215],[26.41895,42.73304],[26.41852,42.73435],[26.41716,42.73409],[26.41525,42.73498],[26.41534,42.73565],[26.41676,42.7364],[26.4152,42.73721],[26.41545,42.73833],[26.41236,42.73696],[26.40943,42.73779],[26.40883,42.73754],[26.40824,42.7382],[26.40656,42.73838],[26.40581,42.73941],[26.40285,42.74079],[26.40036,42.74291],[26.39659,42.74735],[26.39539,42.74956],[26.39794,42.75086],[26.39824,42.75211],[26.39887,42.75265],[26.39846,42.75343],[26.396,42.75362],[26.39292,42.75203],[26.38828,42.75079],[26.38797,42.75015],[26.38899,42.75058],[26.38827,42.74986],[26.38799,42.7462],[26.38714,42.74491],[26.38459,42.74555],[26.38232,42.74457],[26.37539,42.74558],[26.37312,42.74667],[26.374,42.74788],[26.37312,42.74876],[26.37613,42.75041],[26.37274,42.75134],[26.37124,42.75132],[26.373,42.75558],[26.37076,42.75539],[26.36546,42.75355],[26.36548,42.75724],[26.36333,42.76011],[26.36205,42.75933],[26.3601,42.75573],[26.35879,42.75445],[26.3568,42.75757],[26.35332,42.75674],[26.35354,42.75864],[26.35289,42.75955],[26.35296,42.76056],[26.35191,42.76098],[26.3514,42.76215],[26.34892,42.76252],[26.34794,42.76081],[26.34774,42.75915],[26.34622,42.75903],[26.34544,42.75831],[26.34525,42.75624],[26.34258,42.76008],[26.34181,42.7601],[26.34042,42.76165],[26.33845,42.7608],[26.33868,42.7574],[26.335,42.76053],[26.33454,42.75906],[26.33373,42.75997],[26.33286,42.75955],[26.33308,42.76138],[26.33107,42.76247],[26.33183,42.76288],[26.33207,42.76421],[26.33076,42.76601],[26.32948,42.76613]]]},"properties":{"SiteCode":"BG0000164","SiteNameBG":"Сините камъни","SiteType":"SCI","SiteArea":12288.909,"naturaClass":"habitats"}},{"type":"Feature","geometry":{"type":"MultiPolygon","coordinates":[[[[26.77499,42.86431],[26.77507,42.86486],[26.77479,42.86352],[26.77365,42.86372],[26.77672,42.86059],[26.77589,42.86042],[26.77561,42.85902],[26.77418,42.85681],[26.77064,42.85715],[26.76867,42.85909],[26.76779,42.85824],[26.76977,42.85676],[26.76861,42.85725],[26.7686,42.85681],[26.77064,42.85569],[26.7687,42.85573],[26.76725,42.85508],[26.76495,42.85738],[26.76348,42.86007],[26.76258,42.86057],[26.76424,42.85737],[26.76365,42.85615],[26.76299,42.85548],[26.76213,42.85546],[26.75868,42.85697],[26.75739,42.85577],[26.75767,42.85477],[26.75564,42.85454],[26.75586,42.85349],[26.75727,42.85305],[26.75743,42.85228],[26.75462,42.8501],[26.75301,42.85073],[26.75246,42.85344],[26.75159,42.85471],[26.74797,42.85621],[26.74335,42.8561],[26.74201,42.85552],[26.74028,42.85338],[26.74038,42.85009],[26.74141,42.84931],[26.7377,42.85065],[26.7357,42.85201],[26.73445,42.8522],[26.73849,42.8498],[26.7404,42.84954],[26.73995,42.84871],[26.73526,42.8487],[26.73181,42.84756],[26.73009,42.84892],[26.73019,42.84926],[26.72954,42.84915],[26.72922,42.85106],[26.72965,42.85179],[26.72915,42.85182],[26.72937,42.85268],[26.72885,42.85293],[26.7286,42.8509],[26.72683,42.85158],[26.72577,42.85132],[26.72744,42.8509],[26.72876,42.84982],[26.72524,42.84986],[26.72525,42.85044],[26.72287,42.85046],[26.72163,42.85109],[26.72112,42.85109],[26.72121,42.85061],[26.71827,42.85054],[26.71794,42.85148],[26.7174,42.85168],[26.71769,42.8505],[26.71524,42.85081],[26.713,42.85013],[26.71242,42.85037],[26.71168,42.84941],[26.71075,42.84923],[26.70997,42.84997],[26.70987,42.84938],[26.70902,42.84911],[26.70459,42.84899],[26.70325,42.84805],[26.70195,42.84918],[26.70131,42.8489],[26.70275,42.84764],[26.70365,42.84567],[26.70478,42.84592],[26.70481,42.8456],[26.70368,42.84539],[26.70416,42.8443],[26.70359,42.84433],[26.70327,42.84536],[26.70291,42.84513],[26.70341,42.8443],[26.70248,42.84361],[26.70085,42.84502],[26.6992,42.84546],[26.69862,42.8434],[26.69714,42.84215],[26.69712,42.84167],[26.6949,42.84106],[26.69373,42.84149],[26.69338,42.8428],[26.68995,42.84588],[26.68806,42.84811],[26.68791,42.84942],[26.68747,42.84943],[26.6863,42.84883],[26.68489,42.8438],[26.68544,42.84392],[26.68554,42.84477],[26.68711,42.84478],[26.68744,42.84413],[26.68836,42.84441],[26.68895,42.84241],[26.68647,42.84167],[26.68664,42.84006],[26.68497,42.83867],[26.68376,42.83877],[26.6825,42.83994],[26.68063,42.8435],[26.67825,42.84351],[26.67833,42.84549],[26.67769,42.84545],[26.67761,42.84447],[26.67624,42.84438],[26.67616,42.84496],[26.67464,42.84485],[26.67452,42.84582],[26.67316,42.84572],[26.67306,42.84649],[26.67115,42.84636],[26.67027,42.84748],[26.66737,42.8473],[26.66708,42.84676],[26.66866,42.84624],[26.66759,42.84584],[26.66761,42.84529],[26.66877,42.84565],[26.67031,42.84513],[26.6727,42.8434],[26.67733,42.84188],[26.68281,42.83783],[26.68191,42.8365],[26.68227,42.83637],[26.68109,42.83526],[26.68147,42.8339],[26.67916,42.83388],[26.6784,42.83436],[26.67981,42.83268],[26.67709,42.83341],[26.6767,42.83301],[26.67829,42.83223],[26.67628,42.83224],[26.67563,42.83169],[26.67979,42.83186],[26.67937,42.83088],[26.68,42.83073],[26.67971,42.83032],[26.68254,42.82803],[26.68685,42.82914],[26.68929,42.82818],[26.69287,42.82982],[26.69709,42.82861],[26.69613,42.8272],[26.69504,42.82665],[26.68803,42.82653],[26.68824,42.82558],[26.6899,42.82562],[26.68946,42.82495],[26.68837,42.82484],[26.68608,42.82265],[26.68437,42.82191],[26.68241,42.82198],[26.68157,42.8209],[26.6721,42.82443],[26.67151,42.82496],[26.67183,42.82537],[26.67108,42.8256],[26.67035,42.82533],[26.66307,42.8264],[26.6615,42.82502],[26.66206,42.82314],[26.65748,42.82408],[26.65463,42.82341],[26.65192,42.82038],[26.65102,42.82079],[26.64532,42.82102],[26.64481,42.82023],[26.64598,42.8187],[26.64589,42.81818],[26.64272,42.81963],[26.64043,42.81943],[26.63688,42.81736],[26.63654,42.81595],[26.63569,42.8158],[26.63545,42.81403],[26.63334,42.81302],[26.63194,42.81355],[26.63257,42.81462],[26.63425,42.81583],[26.6344,42.81921],[26.6336,42.81989],[26.63258,42.81948],[26.63071,42.82044],[26.63006,42.81984],[26.62522,42.82154],[26.62523,42.8205],[26.62588,42.81998],[26.6256,42.81943],[26.62595,42.81822],[26.62531,42.81741],[26.62473,42.81833],[26.62401,42.8179],[26.62453,42.81593],[26.62415,42.81585],[26.62303,42.81724],[26.61965,42.81857],[26.61744,42.82026],[26.62193,42.81809],[26.62268,42.81861],[26.62322,42.81834],[26.62386,42.81909],[26.62393,42.81957],[26.61929,42.82459],[26.61667,42.82308],[26.61558,42.82155],[26.61511,42.82175],[26.61579,42.82241],[26.61501,42.82283],[26.61534,42.82516],[26.61462,42.82578],[26.61396,42.8255],[26.6137,42.82636],[26.61241,42.82724],[26.61113,42.82661],[26.6067,42.82837],[26.60655,42.8278],[26.6056,42.82828],[26.60315,42.82809],[26.60306,42.82767],[26.604,42.82754],[26.60195,42.82543],[26.60217,42.82372],[26.60111,42.82119],[26.60221,42.82037],[26.60229,42.81947],[26.60341,42.81935],[26.60491,42.82242],[26.60574,42.82238],[26.61131,42.81935],[26.61595,42.81832],[26.61663,42.81659],[26.62043,42.81536],[26.62131,42.81411],[26.62397,42.81505],[26.62429,42.81469],[26.62394,42.81457],[26.62622,42.81289],[26.62607,42.81262],[26.62319,42.81353],[26.62115,42.81361],[26.61997,42.81479],[26.61806,42.81281],[26.61677,42.81215],[26.61541,42.81257],[26.61548,42.81222],[26.61739,42.80944],[26.61887,42.8091],[26.6188,42.80874],[26.62036,42.80817],[26.62088,42.80751],[26.62407,42.80678],[26.62579,42.80772],[26.62601,42.80941],[26.62646,42.80961],[26.62613,42.81023],[26.62734,42.811],[26.62695,42.81188],[26.62776,42.81236],[26.6291,42.81178],[26.63083,42.80869],[26.63308,42.80702],[26.63413,42.8048],[26.63269,42.8042],[26.63479,42.7984],[26.63284,42.79802],[26.63257,42.79729],[26.63314,42.79635],[26.63258,42.79587],[26.63302,42.79332],[26.63233,42.7927],[26.62942,42.79217],[26.62618,42.79315],[26.61965,42.7923],[26.61708,42.78972],[26.61574,42.78653],[26.61569,42.78608],[26.61673,42.78568],[26.61557,42.7821],[26.61225,42.77962],[26.61057,42.77901],[26.60917,42.77947],[26.60937,42.77973],[26.60817,42.77961],[26.60929,42.78386],[26.60886,42.78503],[26.60663,42.78745],[26.60648,42.78984],[26.6046,42.79214],[26.60268,42.79288],[26.60053,42.79189],[26.6003,42.79258],[26.59828,42.79189],[26.59668,42.79013],[26.58456,42.78651],[26.58212,42.78754],[26.57908,42.78758],[26.57998,42.78858],[26.5805,42.79051],[26.57958,42.79063],[26.5774,42.79361],[26.57523,42.79449],[26.57201,42.79445],[26.56965,42.79348],[26.56752,42.7917],[26.56726,42.79084],[26.56385,42.78951],[26.56362,42.78901],[26.55698,42.78841],[26.55721,42.78817],[26.55613,42.78886],[26.5563,42.79116],[26.56029,42.79183],[26.56279,42.79307],[26.5639,42.79427],[26.56359,42.79647],[26.55916,42.79907],[26.5593,42.79966],[26.55762,42.79944],[26.55753,42.79905],[26.55742,42.79953],[26.55621,42.80001],[26.55291,42.80012],[26.54775,42.8017],[26.54561,42.80182],[26.54807,42.80122],[26.54695,42.80068],[26.54749,42.79991],[26.54689,42.79969],[26.54746,42.79814],[26.54534,42.79636],[26.54627,42.79611],[26.54727,42.79666],[26.54868,42.79845],[26.54904,42.79986],[26.55207,42.79945],[26.55952,42.79638],[26.56025,42.79486],[26.55986,42.79392],[26.55619,42.792],[26.55538,42.79066],[26.55548,42.78835],[26.55654,42.78724],[26.55726,42.78762],[26.56053,42.78703],[26.56156,42.78725],[26.56148,42.78763],[26.56182,42.78734],[26.56671,42.78858],[26.56948,42.79152],[26.57046,42.79172],[26.56921,42.79236],[26.57128,42.79351],[26.57529,42.79384],[26.57787,42.79262],[26.57886,42.79068],[26.57885,42.79012],[26.57734,42.79012],[26.57717,42.78849],[26.57618,42.78778],[26.57635,42.78706],[26.57857,42.78591],[26.58185,42.786],[26.58324,42.78665],[26.58487,42.78444],[26.58699,42.78469],[26.59005,42.78693],[26.59629,42.78775],[26.59858,42.78928],[26.60128,42.79196],[26.60243,42.79252],[26.60338,42.7923],[26.60458,42.79179],[26.60584,42.79023],[26.60613,42.78881],[26.60499,42.79021],[26.60372,42.79085],[26.60359,42.79032],[26.60546,42.78911],[26.60599,42.78746],[26.60767,42.78542],[26.60795,42.78446],[26.60749,42.7844],[26.60803,42.78417],[26.60831,42.78254],[26.60765,42.78124],[26.6077,42.7792],[26.60913,42.77834],[26.61159,42.7784],[26.61359,42.77914],[26.61511,42.7804],[26.61635,42.78232],[26.6171,42.78564],[26.61857,42.78586],[26.61895,42.78659],[26.62034,42.78661],[26.61929,42.78701],[26.61987,42.78771],[26.62062,42.78727],[26.62184,42.78836],[26.62501,42.78947],[26.62629,42.78967],[26.62589,42.7892],[26.62649,42.78925],[26.62702,42.79016],[26.63155,42.78948],[26.63359,42.78975],[26.63805,42.79355],[26.63835,42.79506],[26.63778,42.79626],[26.63752,42.80302],[26.63412,42.80805],[26.63185,42.80924],[26.63377,42.80899],[26.63596,42.80981],[26.63616,42.80905],[26.64022,42.80823],[26.63806,42.80922],[26.63818,42.81017],[26.63688,42.81026],[26.63868,42.81027],[26.63845,42.81099],[26.6367,42.81197],[26.63815,42.813],[26.63926,42.81524],[26.63982,42.8149],[26.63873,42.81252],[26.63959,42.81172],[26.64161,42.81285],[26.64427,42.81309],[26.64439,42.81365],[26.6439,42.81388],[26.6445,42.81414],[26.64314,42.81496],[26.64354,42.81528],[26.6473,42.81494],[26.65128,42.81604],[26.65271,42.81708],[26.65362,42.8189],[26.65473,42.81957],[26.65539,42.82068],[26.65858,42.82271],[26.6605,42.82163],[26.66044,42.82123],[26.66189,42.82005],[26.66174,42.81943],[26.66241,42.82026],[26.66572,42.81911],[26.66544,42.8184],[26.66266,42.81866],[26.66329,42.81831],[26.66612,42.81808],[26.66626,42.81762],[26.66656,42.81781],[26.66606,42.81895],[26.66767,42.81866],[26.67279,42.819],[26.67971,42.81665],[26.68376,42.816],[26.68361,42.81532],[26.67863,42.81212],[26.67433,42.81248],[26.67662,42.81142],[26.6764,42.81106],[26.67735,42.81101],[26.67688,42.81055],[26.67814,42.81004],[26.67511,42.80791],[26.67355,42.80812],[26.67416,42.80716],[26.67335,42.80591],[26.67276,42.80576],[26.67293,42.80503],[26.67213,42.80377],[26.67124,42.80332],[26.67222,42.80317],[26.67415,42.80514],[26.6755,42.80493],[26.67475,42.80541],[26.67518,42.80621],[26.67731,42.80683],[26.67879,42.80801],[26.67958,42.80751],[26.6834,42.80773],[26.68294,42.80863],[26.68173,42.80878],[26.68013,42.81031],[26.68113,42.81266],[26.68336,42.81478],[26.68494,42.8151],[26.68663,42.81669],[26.68703,42.81674],[26.68643,42.81624],[26.6876,42.81554],[26.68925,42.81542],[26.69033,42.81614],[26.6942,42.81671],[26.6948,42.81731],[26.69414,42.81783],[26.69415,42.81851],[26.69351,42.8186],[26.69367,42.81933],[26.69506,42.81853],[26.69556,42.81756],[26.69685,42.81768],[26.69523,42.82003],[26.69465,42.81985],[26.69242,42.82177],[26.69231,42.82366],[26.69282,42.825],[26.6981,42.82686],[26.69895,42.82772],[26.69879,42.8285],[26.69278,42.83126],[26.69312,42.83187],[26.69268,42.8321],[26.6924,42.83144],[26.68763,42.8308],[26.68714,42.83015],[26.68627,42.83007],[26.68693,42.82946],[26.68434,42.82879],[26.68239,42.82891],[26.68105,42.83024],[26.68117,42.83128],[26.68348,42.83287],[26.68382,42.83361],[26.68515,42.83366],[26.68781,42.83269],[26.68495,42.83429],[26.68591,42.83457],[26.68646,42.83577],[26.68777,42.83591],[26.68802,42.83691],[26.69474,42.83576],[26.69502,42.83532],[26.69273,42.83556],[26.69251,42.83501],[26.69305,42.83413],[26.69471,42.83393],[26.69501,42.83348],[26.70162,42.83342],[26.703,42.83257],[26.70934,42.83171],[26.71465,42.82994],[26.71704,42.8303],[26.71865,42.83181],[26.72631,42.83328],[26.72595,42.83503],[26.72686,42.83636],[26.72468,42.83662],[26.72406,42.83717],[26.7186,42.83559],[26.712,42.83663],[26.71149,42.83873],[26.70989,42.8395],[26.71016,42.84018],[26.70933,42.84023],[26.70827,42.84185],[26.70631,42.84356],[26.70663,42.84341],[26.70728,42.84514],[26.70629,42.84542],[26.70682,42.84629],[26.70595,42.84764],[26.70675,42.84721],[26.70798,42.84803],[26.70895,42.84787],[26.70858,42.84848],[26.71462,42.84887],[26.71547,42.84945],[26.71898,42.84978],[26.72334,42.84846],[26.72207,42.84786],[26.7244,42.84851],[26.72547,42.84782],[26.7282,42.84805],[26.73083,42.84673],[26.7313,42.84727],[26.73269,42.84602],[26.73609,42.84726],[26.73739,42.84666],[26.73725,42.84719],[26.73823,42.84719],[26.73823,42.84763],[26.74053,42.84665],[26.74208,42.84754],[26.74174,42.85041],[26.74323,42.85258],[26.74622,42.85323],[26.74747,42.85269],[26.74895,42.85009],[26.75108,42.85031],[26.75141,42.84857],[26.75204,42.84873],[26.75329,42.84809],[26.76343,42.8517],[26.76512,42.85278],[26.76854,42.85216],[26.77298,42.84931],[26.77354,42.84977],[26.77671,42.84982],[26.77782,42.85028],[26.77889,42.85171],[26.77858,42.85284],[26.77973,42.85294],[26.78065,42.85515],[26.7835,42.85706],[26.78686,42.85767],[26.786,42.85735],[26.79191,42.85664],[26.79122,42.85752],[26.79325,42.85696],[26.78506,42.86038],[26.78348,42.85969],[26.78191,42.85966],[26.77929,42.85834],[26.77535,42.86271],[26.77499,42.86431]]],[[[26.3406,42.79597],[26.33731,42.79561],[26.33694,42.79478],[26.33816,42.79529],[26.33832,42.79471],[26.33911,42.79451],[26.33016,42.79269],[26.33418,42.7929],[26.33946,42.79417],[26.34177,42.79422],[26.34249,42.79271],[26.34431,42.79197],[26.34804,42.79207],[26.34975,42.79321],[26.35003,42.79231],[26.34878,42.79101],[26.34933,42.79048],[26.3541,42.79072],[26.35369,42.79049],[26.35513,42.79028],[26.35538,42.79065],[26.3548,42.79096],[26.35528,42.79097],[26.35707,42.78943],[26.35926,42.79113],[26.35909,42.79177],[26.35736,42.79291],[26.35995,42.79429],[26.36292,42.79317],[26.36464,42.79381],[26.36689,42.79222],[26.36818,42.79242],[26.36892,42.79365],[26.3695,42.79373],[26.37186,42.79179],[26.3768,42.79118],[26.37764,42.79069],[26.37803,42.78933],[26.3774,42.78927],[26.37685,42.78705],[26.37674,42.78485],[26.37721,42.78398],[26.37934,42.78362],[26.37982,42.78426],[26.38124,42.7827],[26.38165,42.78276],[26.38129,42.78348],[26.38454,42.78206],[26.38518,42.78116],[26.38484,42.77913],[26.38547,42.77797],[26.38617,42.77735],[26.38994,42.77625],[26.38967,42.77581],[26.39093,42.77481],[26.39013,42.77401],[26.39142,42.77418],[26.39264,42.77281],[26.39309,42.7733],[26.39456,42.77229],[26.39691,42.77287],[26.39735,42.7724],[26.39537,42.77084],[26.39539,42.76996],[26.39575,42.77022],[26.39907,42.76846],[26.39881,42.76965],[26.40081,42.76934],[26.40142,42.7697],[26.40191,42.76909],[26.40453,42.769],[26.40239,42.76864],[26.40146,42.76929],[26.40062,42.76858],[26.39996,42.76877],[26.40087,42.76789],[26.40148,42.76822],[26.40355,42.76744],[26.4033,42.76652],[26.40223,42.7665],[26.40379,42.76604],[26.40412,42.76689],[26.40519,42.76762],[26.40536,42.76652],[26.40601,42.76634],[26.40643,42.76526],[26.40804,42.76626],[26.40972,42.76498],[26.40957,42.76393],[26.41013,42.76477],[26.40792,42.75871],[26.41,42.75905],[26.41064,42.76288],[26.412,42.76402],[26.41686,42.76129],[26.41841,42.76114],[26.41911,42.76039],[26.41967,42.76089],[26.42146,42.76038],[26.41984,42.76177],[26.42335,42.76084],[26.42268,42.76059],[26.42441,42.76053],[26.4259,42.75973],[26.42915,42.75912],[26.43242,42.75962],[26.43601,42.75931],[26.43794,42.76037],[26.44159,42.76017],[26.44467,42.76163],[26.44576,42.76001],[26.44661,42.75958],[26.44663,42.76006],[26.44523,42.7611],[26.44545,42.76186],[26.44629,42.76246],[26.4515,42.76358],[26.45397,42.76576],[26.45899,42.76793],[26.458,42.76837],[26.46889,42.77021],[26.47471,42.76906],[26.48064,42.77036],[26.48173,42.77125],[26.4825,42.77283],[26.48292,42.77697],[26.48265,42.77839],[26.48324,42.77876],[26.48707,42.77777],[26.49006,42.77837],[26.49069,42.77813],[26.49082,42.77752],[26.4899,42.77705],[26.48917,42.77762],[26.48821,42.77699],[26.48422,42.77722],[26.48428,42.7755],[26.48656,42.77449],[26.48429,42.77407],[26.48965,42.7704],[26.49168,42.76968],[26.49255,42.76838],[26.49361,42.76979],[26.49202,42.77149],[26.49345,42.77211],[26.49282,42.77261],[26.49403,42.77347],[26.49362,42.77426],[26.4943,42.77496],[26.49354,42.77556],[26.49494,42.77561],[26.49538,42.77755],[26.49849,42.77769],[26.50368,42.77957],[26.50434,42.77911],[26.50544,42.77937],[26.50679,42.78026],[26.50832,42.77829],[26.51174,42.77798],[26.51296,42.77662],[26.51402,42.78158],[26.51662,42.78378],[26.51814,42.78312],[26.51694,42.78098],[26.51934,42.78063],[26.52047,42.78145],[26.5211,42.78311],[26.52368,42.78356],[26.52468,42.785],[26.5284,42.78404],[26.52852,42.78447],[26.52792,42.78469],[26.52959,42.78574],[26.52989,42.78552],[26.52908,42.78541],[26.53233,42.78422],[26.53238,42.78353],[26.53353,42.78317],[26.53467,42.78208],[26.54159,42.78027],[26.54085,42.78111],[26.54027,42.78093],[26.53788,42.78221],[26.5382,42.78265],[26.53951,42.78253],[26.53892,42.78377],[26.54002,42.78327],[26.54011,42.78363],[26.53987,42.7861],[26.53848,42.78827],[26.53564,42.7879],[26.53602,42.7865],[26.53275,42.78617],[26.53217,42.78854],[26.53303,42.78895],[26.5344,42.78798],[26.53417,42.78889],[26.53596,42.78919],[26.53437,42.79039],[26.5319,42.78908],[26.53146,42.78794],[26.53247,42.78612],[26.5317,42.78546],[26.53023,42.78615],[26.52855,42.78595],[26.52756,42.7865],[26.52571,42.78566],[26.52391,42.78593],[26.52392,42.78529],[26.52438,42.78529],[26.52378,42.78371],[26.52078,42.78357],[26.5203,42.78195],[26.51953,42.7814],[26.51793,42.78184],[26.51889,42.78284],[26.51836,42.78375],[26.51652,42.7841],[26.51293,42.78267],[26.51007,42.78357],[26.50745,42.78347],[26.50632,42.78294],[26.50551,42.78145],[26.50415,42.78092],[26.50287,42.78126],[26.50184,42.78081],[26.50143,42.78129],[26.50049,42.78067],[26.49966,42.7816],[26.49958,42.78095],[26.49824,42.7807],[26.49817,42.78116],[26.49717,42.78143],[26.4968,42.77948],[26.49237,42.78015],[26.49022,42.77972],[26.48913,42.78027],[26.48897,42.78137],[26.48626,42.78184],[26.48568,42.7815],[26.48427,42.78174],[26.48436,42.78139],[26.48324,42.7808],[26.48252,42.78146],[26.4822,42.78065],[26.48107,42.78105],[26.4823,42.77954],[26.48166,42.77969],[26.48169,42.77867],[26.47983,42.77901],[26.47923,42.77867],[26.47859,42.77755],[26.47823,42.77763],[26.47882,42.77708],[26.47741,42.77559],[26.47578,42.77494],[26.47492,42.77508],[26.47392,42.77672],[26.47363,42.77597],[26.47419,42.77482],[26.47179,42.77457],[26.46999,42.77654],[26.46844,42.77265],[26.47149,42.77251],[26.46966,42.77203],[26.47119,42.77167],[26.47043,42.77103],[26.46858,42.7718],[26.46631,42.77168],[26.46598,42.77221],[26.46483,42.77176],[26.46424,42.77211],[26.46493,42.77262],[26.46393,42.77341],[26.462,42.77375],[26.46174,42.773],[26.46066,42.77251],[26.45838,42.77332],[26.45851,42.77197],[26.45682,42.77385],[26.45759,42.77446],[26.45667,42.77482],[26.45685,42.77635],[26.45646,42.7768],[26.45726,42.77749],[26.45655,42.77727],[26.45655,42.77772],[26.45619,42.77743],[26.45574,42.77783],[26.45602,42.77665],[26.45524,42.77728],[26.45421,42.77646],[26.45573,42.77571],[26.45575,42.77527],[26.45531,42.77522],[26.45562,42.77469],[26.45489,42.77431],[26.45559,42.77299],[26.45501,42.77224],[26.45572,42.77198],[26.45518,42.77147],[26.45588,42.77098],[26.45662,42.76901],[26.4562,42.76865],[26.45712,42.76846],[26.45536,42.76764],[26.45184,42.76398],[26.45019,42.76315],[26.44647,42.76347],[26.44665,42.76472],[26.44743,42.76523],[26.44718,42.76602],[26.44755,42.76675],[26.4498,42.76727],[26.44914,42.76783],[26.44997,42.76847],[26.45144,42.76748],[26.45501,42.76832],[26.45566,42.76858],[26.45503,42.76919],[26.45564,42.76965],[26.45505,42.77],[26.45475,42.76959],[26.45297,42.77156],[26.45036,42.77207],[26.45035,42.77334],[26.45156,42.77391],[26.44954,42.77579],[26.44962,42.7767],[26.44847,42.77799],[26.4474,42.77826],[26.44842,42.77692],[26.44847,42.77557],[26.44769,42.77414],[26.44875,42.77395],[26.44825,42.77355],[26.4491,42.77278],[26.44931,42.77068],[26.44801,42.77002],[26.44721,42.77079],[26.44606,42.77092],[26.44713,42.77148],[26.44687,42.77198],[26.44571,42.77206],[26.44582,42.77093],[26.44633,42.77064],[26.44559,42.77022],[26.44279,42.7715],[26.44336,42.77011],[26.44199,42.76977],[26.44309,42.76895],[26.44139,42.76891],[26.43936,42.76988],[26.44032,42.76851],[26.43791,42.76703],[26.43577,42.76494],[26.42967,42.76459],[26.42839,42.76383],[26.42897,42.76339],[26.42986,42.76414],[26.42944,42.76199],[26.42889,42.76136],[26.41708,42.76412],[26.41121,42.76731],[26.40821,42.76831],[26.40681,42.76947],[26.40379,42.7705],[26.40274,42.77141],[26.40331,42.77173],[26.40284,42.77241],[26.40143,42.77187],[26.40035,42.77286],[26.40026,42.77364],[26.40129,42.77469],[26.40033,42.77492],[26.39968,42.77581],[26.39762,42.77642],[26.39862,42.77687],[26.40009,42.77556],[26.39914,42.77687],[26.397,42.777],[26.39578,42.77627],[26.39406,42.77674],[26.39862,42.77871],[26.39887,42.77966],[26.39544,42.78076],[26.38885,42.78182],[26.38502,42.78192],[26.38473,42.78237],[26.3851,42.78255],[26.38259,42.78397],[26.37772,42.78532],[26.3777,42.78718],[26.38022,42.78917],[26.38009,42.79012],[26.37855,42.79114],[26.37782,42.79092],[26.37483,42.79182],[26.37367,42.79281],[26.37167,42.79303],[26.36957,42.79479],[26.36874,42.79506],[26.36902,42.79397],[26.36825,42.79264],[26.36709,42.79249],[26.36672,42.79334],[26.36665,42.79286],[26.36625,42.79345],[26.36466,42.79405],[26.36254,42.79348],[26.35952,42.7945],[26.3571,42.79304],[26.359,42.79129],[26.35886,42.79067],[26.35701,42.78971],[26.35534,42.79145],[26.35382,42.79154],[26.3543,42.79179],[26.35222,42.79143],[26.35177,42.79221],[26.34917,42.7911],[26.3509,42.79181],[26.35086,42.79446],[26.34801,42.79444],[26.34815,42.79382],[26.34671,42.79392],[26.34637,42.7934],[26.34383,42.79359],[26.34211,42.79464],[26.34237,42.79512],[26.34058,42.79517],[26.3406,42.79597]]],[[[26.31341,42.7995],[26.31128,42.79917],[26.31375,42.79891],[26.31532,42.79719],[26.32661,42.79678],[26.32937,42.79486],[26.33015,42.79358],[26.32997,42.79274],[26.33047,42.79363],[26.32976,42.79469],[26.33056,42.79514],[26.32854,42.79633],[26.32863,42.79745],[26.32802,42.79764],[26.32806,42.79806],[26.31684,42.79809],[26.31469,42.79942],[26.31341,42.7995]]]]},"properties":{"SiteCode":"BG0000136","SiteNameBG":"Река Горна Луда Камчия","SiteType":"SCI","SiteArea":2276.9270000000001,"naturaClass":"habitats"}},{"type":"Feature","geometry":{"type":"Polygon","coordinates":[[[24.04417,43.7233],[24.03516,43.72608],[24.02353,43.72838],[24.01094,43.73166],[23.99993,43.73548],[23.99829,43.73167],[24.00332,43.73109],[24.01222,43.72743],[24.01574,43.72492],[24.0174,43.72256],[24.01647,43.72122],[24.01975,43.7175],[24.02075,43.71748],[24.02229,43.71602],[24.02439,43.71576],[24.02648,43.71434],[24.02932,43.71344],[24.03219,43.7113],[24.04383,43.70591],[24.03615,43.70099],[24.03279,43.69966],[24.03198,43.6987],[24.03162,43.69714],[24.02992,43.69621],[24.02875,43.69377],[24.02009,43.69484],[24.02145,43.68893],[24.0252,43.68829],[24.02823,43.68578],[24.03418,43.68459],[24.03539,43.685],[24.03222,43.68661],[24.03197,43.68816],[24.0328,43.68874],[24.03726,43.68841],[24.03518,43.69198],[24.03489,43.6941],[24.03712,43.69422],[24.03935,43.69355],[24.04087,43.69072],[24.04833,43.69047],[24.06237,43.67829],[24.06441,43.67524],[24.06144,43.67452],[24.06027,43.67474],[24.05986,43.67624],[24.05858,43.6763],[24.05896,43.67521],[24.05832,43.6743],[24.0567,43.67333],[24.05441,43.67294],[24.05385,43.67225],[24.05515,43.67164],[24.05406,43.66943],[24.0565,43.66823],[24.05652,43.66775],[24.05202,43.66624],[24.05525,43.66451],[24.06506,43.66145],[24.06575,43.6578],[24.06793,43.65732],[24.06793,43.65646],[24.06887,43.65621],[24.07267,43.65688],[24.07391,43.65398],[24.07253,43.65245],[24.078,43.65073],[24.07858,43.64893],[24.08115,43.64907],[24.08244,43.6497],[24.08448,43.65279],[24.08583,43.65371],[24.08658,43.65273],[24.09402,43.65086],[24.09656,43.6513],[24.10016,43.65025],[24.10262,43.65012],[24.10348,43.64951],[24.10414,43.6505],[24.10122,43.65195],[24.09883,43.65279],[24.09338,43.65352],[24.09174,43.65526],[24.09092,43.65692],[24.08992,43.65724],[24.0904,43.65857],[24.09102,43.65891],[24.0905,43.66017],[24.08983,43.66017],[24.08839,43.65906],[24.08737,43.65895],[24.08722,43.65955],[24.08913,43.6616],[24.09764,43.66273],[24.10186,43.66408],[24.1065,43.66575],[24.11024,43.66815],[24.11227,43.66796],[24.11855,43.67217],[24.12183,43.67296],[24.12103,43.67485],[24.11833,43.67629],[24.12117,43.67741],[24.12078,43.67703],[24.12306,43.6743],[24.12348,43.67484],[24.1245,43.67455],[24.13024,43.67769],[24.1294,43.67908],[24.13742,43.68124],[24.14059,43.68292],[24.14154,43.68675],[24.14213,43.68652],[24.1454,43.69092],[24.14161,43.69266],[24.14105,43.69205],[24.13329,43.69478],[24.11379,43.69936],[24.10463,43.70052],[24.09553,43.70086],[24.08678,43.70209],[24.08695,43.70237],[24.07993,43.70555],[24.07209,43.71176],[24.07301,43.71303],[24.07044,43.71453],[24.05865,43.71962],[24.04417,43.7233]]]},"properties":{"SiteCode":"BG0000334","SiteNameBG":"Остров","SiteType":"SCI","SiteArea":3916.4036387299998,"naturaClass":"habitats"}},{"type":"Feature","geometry":{"type":"Polygon","coordinates":[[[22.90762,42.94511],[22.90974,42.94493],[22.91105,42.94626],[22.91263,42.94586],[22.91256,42.9449],[22.9093,42.94338],[22.91016,42.94223],[22.91302,42.94391],[22.91586,42.94392],[22.91659,42.94338],[22.91778,42.94422],[22.91854,42.94392],[22.91822,42.9427],[22.91991,42.94241],[22.92041,42.94339],[22.9202,42.94574],[22.92142,42.94735],[22.92429,42.94641],[22.92413,42.94542],[22.92663,42.94551],[22.92828,42.94501],[22.92946,42.94332],[22.93159,42.94346],[22.93231,42.94196],[22.94096,42.94106],[22.9404,42.93988],[22.93765,42.93946],[22.9403,42.93804],[22.94171,42.93784],[22.94246,42.93709],[22.9429,42.93582],[22.94232,42.934],[22.94219,42.93065],[22.94037,42.93162],[22.93828,42.93154],[22.9366,42.93045],[22.93338,42.93034],[22.93347,42.92985],[22.93543,42.93003],[22.93553,42.92855],[22.93664,42.92737],[22.94001,42.92625],[22.94427,42.92299],[22.94992,42.92101],[22.95079,42.92],[22.95136,42.91795],[22.95298,42.91694],[22.95259,42.91632],[22.94783,42.91557],[22.94717,42.91496],[22.94857,42.91375],[22.94816,42.91316],[22.94998,42.9128],[22.9489,42.91105],[22.95195,42.90958],[22.95247,42.90905],[22.9523,42.90817],[22.94602,42.90948],[22.94532,42.90901],[22.94493,42.90725],[22.9442,42.90704],[22.95144,42.9019],[22.95405,42.90079],[22.95577,42.90063],[22.95577,42.90172],[22.95743,42.90215],[22.95669,42.90312],[22.95885,42.90382],[22.96249,42.90246],[22.96488,42.89955],[22.96868,42.89844],[22.97291,42.89834],[22.9745,42.8974],[22.97564,42.89807],[22.97505,42.89929],[22.97845,42.90054],[22.98601,42.90005],[22.98808,42.89938],[22.98849,42.89566],[22.98617,42.89234],[22.98638,42.88645],[22.99086,42.88376],[23.00023,42.88122],[23.0081,42.88183],[23.00797,42.88763],[23.0089,42.8889],[23.01122,42.88973],[23.01148,42.89086],[23.0136,42.89206],[23.01731,42.89231],[23.01838,42.89148],[23.01762,42.89008],[23.0186,42.888],[23.01781,42.88187],[23.01635,42.87993],[23.02102,42.86954],[23.03589,42.86002],[23.03982,42.8607],[23.04162,42.86279],[23.0461,42.86068],[23.04538,42.85916],[23.04567,42.85895],[23.05077,42.8581],[23.05167,42.85749],[23.05517,42.85723],[23.05663,42.85625],[23.06301,42.85443],[23.07245,42.85373],[23.0744,42.85315],[23.07782,42.85101],[23.08684,42.85087],[23.09727,42.85616],[23.10065,42.85636],[23.10566,42.85818],[23.10858,42.85758],[23.11165,42.85557],[23.11202,42.85484],[23.11163,42.85326],[23.10997,42.85257],[23.10977,42.85173],[23.1135,42.85106],[23.11547,42.85144],[23.12082,42.85114],[23.1243,42.85016],[23.13444,42.84989],[23.13803,42.84815],[23.13903,42.84906],[23.13826,42.84988],[23.13437,42.85115],[23.12791,42.85252],[23.12348,42.85279],[23.10955,42.86315],[23.10845,42.863],[23.10903,42.86167],[23.10772,42.86108],[23.10289,42.86139],[23.10211,42.8616],[23.10213,42.86252],[23.09841,42.86298],[23.09695,42.86451],[23.09478,42.86486],[23.0941,42.86421],[23.09312,42.86457],[23.09164,42.86531],[23.09212,42.86669],[23.08787,42.86711],[23.08507,42.86844],[23.07901,42.86857],[23.07973,42.86747],[23.07898,42.86601],[23.07623,42.86653],[23.07503,42.86607],[23.07055,42.86741],[23.06529,42.86731],[23.05916,42.8659],[23.0512,42.86489],[23.04634,42.86661],[23.04347,42.86834],[23.04106,42.87151],[23.04045,42.87677],[23.04098,42.87815],[23.04427,42.88016],[23.04507,42.88116],[23.04636,42.88152],[23.04841,42.8838],[23.04958,42.88385],[23.0501,42.88333],[23.04895,42.88179],[23.04941,42.88075],[23.05838,42.87899],[23.06172,42.87872],[23.06357,42.87911],[23.07062,42.87827],[23.07165,42.87676],[23.07534,42.87663],[23.08605,42.87137],[23.08666,42.87227],[23.08773,42.87224],[23.09569,42.86908],[23.09677,42.87],[23.10025,42.86859],[23.10218,42.86843],[23.10215,42.86728],[23.10347,42.86658],[23.10672,42.86713],[23.1079,42.86844],[23.10721,42.87061],[23.10923,42.87125],[23.10951,42.87311],[23.10875,42.87348],[23.10853,42.87499],[23.10867,42.87732],[23.10941,42.87856],[23.10861,42.88087],[23.10623,42.88103],[23.1063,42.88148],[23.10766,42.88185],[23.10957,42.88362],[23.11145,42.8837],[23.1139,42.8823],[23.11568,42.88282],[23.11857,42.88126],[23.12727,42.88119],[23.13086,42.88059],[23.13307,42.88184],[23.13449,42.88183],[23.13418,42.88312],[23.1349,42.88373],[23.13935,42.88496],[23.13956,42.8855],[23.1381,42.88595],[23.13448,42.88548],[23.13406,42.88588],[23.1422,42.88727],[23.14671,42.88713],[23.14857,42.88919],[23.15023,42.88968],[23.1614,42.88963],[23.16201,42.88999],[23.16317,42.88957],[23.16402,42.88985],[23.16436,42.89051],[23.16968,42.89207],[23.16807,42.88968],[23.16704,42.88956],[23.16685,42.88903],[23.16774,42.88742],[23.16961,42.88639],[23.16872,42.88228],[23.17198,42.88002],[23.17153,42.87903],[23.17322,42.87609],[23.1752,42.87465],[23.18211,42.87276],[23.18673,42.86992],[23.18997,42.86951],[23.19114,42.87005],[23.19305,42.86994],[23.19486,42.87325],[23.19591,42.87718],[23.19719,42.87895],[23.19836,42.87897],[23.19893,42.88066],[23.19773,42.88071],[23.19766,42.88106],[23.19706,42.88058],[23.19111,42.88021],[23.19147,42.88129],[23.19426,42.88254],[23.19445,42.88292],[23.19381,42.88366],[23.19738,42.88644],[23.20191,42.88878],[23.20212,42.88954],[23.20166,42.89081],[23.20253,42.89155],[23.20237,42.89262],[23.20541,42.89245],[23.20848,42.89381],[23.2112,42.89404],[23.21173,42.89252],[23.21027,42.89011],[23.21057,42.88945],[23.21179,42.88937],[23.21337,42.89063],[23.21547,42.89077],[23.21762,42.89177],[23.21802,42.89303],[23.21756,42.89444],[23.21471,42.89496],[23.21615,42.89712],[23.21715,42.89767],[23.21838,42.89767],[23.21758,42.89657],[23.21782,42.8958],[23.21951,42.89557],[23.22036,42.89378],[23.22207,42.89425],[23.22347,42.89407],[23.22394,42.8955],[23.22535,42.89619],[23.22675,42.89772],[23.22743,42.89629],[23.22802,42.89623],[23.22851,42.8968],[23.22859,42.8999],[23.22537,42.89858],[23.22167,42.89839],[23.22152,42.89897],[23.22753,42.90044],[23.22823,42.90152],[23.22599,42.90168],[23.22591,42.90206],[23.22958,42.90282],[23.22932,42.90376],[23.22662,42.90651],[23.22635,42.90803],[23.22555,42.90916],[23.22439,42.90994],[23.22403,42.91164],[23.22282,42.91197],[23.21979,42.91136],[23.21983,42.91226],[23.22065,42.91307],[23.2184,42.91503],[23.21498,42.91386],[23.21543,42.91329],[23.21769,42.913],[23.21775,42.91248],[23.21694,42.91201],[23.21515,42.91203],[23.2131,42.91322],[23.21239,42.91286],[23.21184,42.91033],[23.21105,42.91057],[23.21013,42.91197],[23.20822,42.90987],[23.2075,42.90994],[23.20705,42.91241],[23.20856,42.91533],[23.20998,42.91578],[23.21106,42.91723],[23.21231,42.9172],[23.21343,42.91796],[23.21544,42.91774],[23.21534,42.91829],[23.21364,42.91869],[23.21412,42.91945],[23.21366,42.92079],[23.21441,42.92146],[23.21392,42.92201],[23.21192,42.92091],[23.21033,42.92083],[23.21031,42.92],[23.20963,42.91958],[23.20935,42.91863],[23.2083,42.91843],[23.20787,42.91927],[23.2093,42.9206],[23.20934,42.9213],[23.20833,42.92135],[23.20676,42.91987],[23.20588,42.91985],[23.20611,42.92102],[23.20363,42.92125],[23.20257,42.92264],[23.20156,42.9224],[23.19561,42.92322],[23.19334,42.92439],[23.19263,42.92527],[23.19185,42.92509],[23.1924,42.92362],[23.19092,42.9232],[23.19008,42.92523],[23.19047,42.92673],[23.18711,42.92904],[23.18461,42.92939],[23.18426,42.92861],[23.18305,42.92824],[23.17905,42.92935],[23.17404,42.92878],[23.17258,42.92814],[23.16966,42.92956],[23.16891,42.93042],[23.16719,42.92926],[23.16383,42.92958],[23.16207,42.93081],[23.16077,42.93046],[23.15602,42.93326],[23.1559,42.93511],[23.15678,42.93679],[23.15868,42.93778],[23.15637,42.94337],[23.15525,42.9523],[23.1526,42.95665],[23.15145,42.95666],[23.15086,42.95725],[23.15019,42.95926],[23.15069,42.96009],[23.14833,42.96244],[23.14934,42.9639],[23.14361,42.96716],[23.14023,42.96806],[23.13647,42.97078],[23.13232,42.9751],[23.13062,42.97586],[23.12788,42.97536],[23.12783,42.97585],[23.12743,42.97561],[23.12482,42.97642],[23.1232,42.97611],[23.11925,42.97656],[23.11918,42.97744],[23.11815,42.97691],[23.11608,42.97687],[23.11587,42.97762],[23.11471,42.9777],[23.11472,42.97816],[23.11369,42.97873],[23.11336,42.98004],[23.1115,42.98112],[23.11013,42.98092],[23.11162,42.97958],[23.11114,42.97829],[23.10793,42.97864],[23.10744,42.97914],[23.1053,42.97899],[23.10355,42.9802],[23.10354,42.98127],[23.10305,42.98177],[23.10399,42.98562],[23.10149,42.9863],[23.09956,42.98607],[23.09861,42.98653],[23.0954,42.98442],[23.09573,42.9821],[23.09454,42.98172],[23.0933,42.98209],[23.09287,42.98155],[23.09114,42.98228],[23.08904,42.98188],[23.08871,42.98089],[23.08992,42.97916],[23.08901,42.97856],[23.08604,42.9795],[23.08484,42.97882],[23.08356,42.97934],[23.07807,42.97928],[23.07646,42.98151],[23.07426,42.9815],[23.07351,42.98094],[23.0735,42.97952],[23.07405,42.97871],[23.07289,42.97861],[23.07147,42.97753],[23.06963,42.97811],[23.06948,42.97702],[23.06889,42.9765],[23.06971,42.97546],[23.06711,42.97429],[23.06774,42.97325],[23.0698,42.97263],[23.06873,42.97131],[23.06778,42.97144],[23.06484,42.97334],[23.06277,42.97341],[23.06102,42.97283],[23.05771,42.97375],[23.05683,42.97403],[23.05623,42.97533],[23.05279,42.97529],[23.0497,42.97454],[23.04777,42.97534],[23.04509,42.97497],[23.04497,42.97536],[23.04639,42.97699],[23.04579,42.97933],[23.04508,42.97941],[23.04379,42.97748],[23.04273,42.97651],[23.04211,42.97653],[23.04086,42.97476],[23.04061,42.97437],[23.04125,42.97376],[23.04024,42.97215],[23.03535,42.97424],[23.03536,42.97253],[23.03643,42.97218],[23.03646,42.9718],[23.03231,42.97098],[23.03068,42.96996],[23.02862,42.96527],[23.02679,42.9652],[23.02464,42.9659],[23.0238,42.96683],[23.02464,42.96792],[23.02471,42.96889],[23.02597,42.9698],[23.02594,42.97028],[23.02527,42.97247],[23.02304,42.97451],[23.02297,42.97557],[23.02143,42.97805],[23.01813,42.97785],[23.01648,42.97854],[23.01396,42.97822],[23.01253,42.97675],[23.00973,42.97603],[23.00818,42.97742],[23.00529,42.97693],[23.00443,42.9779],[23.00436,42.97911],[23.00247,42.9807],[23.00233,42.98149],[23.00031,42.98189],[23.00003,42.98081],[23.00192,42.97874],[23.00225,42.97707],[23.00183,42.97616],[23.00034,42.97568],[22.99995,42.97597],[22.99974,42.97832],[22.99683,42.97905],[22.9961,42.98008],[22.99447,42.98087],[22.99202,42.97945],[22.98873,42.97869],[22.98804,42.97901],[22.98793,42.9781],[22.98608,42.9763],[22.98721,42.97499],[22.98741,42.97394],[22.98665,42.97353],[22.98671,42.97257],[22.98465,42.97201],[22.98471,42.97105],[22.98092,42.97092],[22.97907,42.97316],[22.97732,42.97387],[22.97686,42.97492],[22.97884,42.97672],[22.97757,42.97802],[22.9714,42.97948],[22.96639,42.97879],[22.96552,42.98042],[22.96639,42.9809],[22.96858,42.98095],[22.96876,42.98186],[22.96808,42.98265],[22.96524,42.98225],[22.96265,42.98292],[22.96022,42.98162],[22.95833,42.98209],[22.95705,42.9797],[22.95476,42.97977],[22.95348,42.97898],[22.95342,42.97801],[22.95425,42.97659],[22.95282,42.97604],[22.95287,42.97499],[22.94304,42.9724],[22.94403,42.97],[22.94357,42.96856],[22.94228,42.96709],[22.94232,42.96649],[22.9457,42.96559],[22.94616,42.96276],[22.9456,42.96199],[22.94429,42.9617],[22.94418,42.95929],[22.9434,42.95823],[22.94038,42.95855],[22.93987,42.95774],[22.93804,42.95696],[22.93372,42.95684],[22.93213,42.95754],[22.93091,42.95697],[22.92956,42.95532],[22.9281,42.95615],[22.92652,42.95585],[22.92701,42.95494],[22.92566,42.95425],[22.92652,42.95393],[22.92602,42.95372],[22.92613,42.9521],[22.92696,42.95101],[22.92714,42.94929],[22.92776,42.9483],[22.92713,42.94752],[22.92649,42.94777],[22.92661,42.9483],[22.92591,42.94912],[22.92407,42.95032],[22.92217,42.95013],[22.91882,42.95075],[22.91544,42.95263],[22.90993,42.95172],[22.90951,42.95073],[22.91189,42.95046],[22.90986,42.94828],[22.90744,42.94793],[22.90762,42.94511]],[[23.09866,42.87797],[23.09842,42.87938],[23.10296,42.88022],[23.10694,42.87786],[23.10636,42.87298],[23.10519,42.87233],[23.10594,42.8718],[23.10517,42.87081],[23.10601,42.87022],[23.10554,42.86889],[23.10604,42.86855],[23.10588,42.86802],[23.10351,42.86862],[23.10191,42.86988],[23.09841,42.87116],[23.09661,42.87479],[23.09862,42.87617],[23.09866,42.87797]],[[22.96987,42.91384],[22.97131,42.91514],[22.97639,42.91519],[22.97812,42.91463],[22.98039,42.91085],[22.98048,42.90961],[22.97919,42.90857],[22.97926,42.90745],[22.9781,42.90716],[22.97665,42.90599],[22.97671,42.90511],[22.97544,42.90538],[22.97535,42.90769],[22.97458,42.90915],[22.97334,42.90998],[22.97287,42.91196],[22.97083,42.91213],[22.96994,42.91285],[22.96987,42.91384]]]},"properties":{"SiteCode":"BG0000322","SiteNameBG":"Драгоман","SiteType":"SCI","SiteArea":21322.357616500001,"naturaClass":"habitats"}},{"type":"Feature","geometry":{"type":"Polygon","coordinates":[[[26.81238,43.13919],[26.8119,43.13895],[26.81178,43.13942],[26.81098,43.13946],[26.80398,43.14483],[26.80059,43.14635],[26.79912,43.14593],[26.79865,43.14641],[26.79848,43.14484],[26.79698,43.14474],[26.7951,43.14331],[26.7938,43.14308],[26.79327,43.14391],[26.79412,43.14428],[26.79319,43.1443],[26.79277,43.14486],[26.79339,43.14578],[26.78935,43.14601],[26.78963,43.1486],[26.78827,43.14971],[26.78683,43.14938],[26.78534,43.14989],[26.78451,43.15047],[26.785,43.15098],[26.78378,43.15141],[26.78324,43.15086],[26.7829,43.15097],[26.78311,43.15151],[26.78259,43.15094],[26.78146,43.1515],[26.78015,43.15091],[26.77914,43.1518],[26.77767,43.15182],[26.77756,43.15226],[26.7812,43.15166],[26.78148,43.15219],[26.78231,43.15183],[26.78267,43.15218],[26.78228,43.15243],[26.77763,43.15321],[26.77541,43.15169],[26.77453,43.15218],[26.77573,43.15341],[26.7743,43.15349],[26.77469,43.15389],[26.77372,43.15374],[26.77353,43.15421],[26.76966,43.15368],[26.76912,43.15408],[26.76947,43.15517],[26.76798,43.15466],[26.7679,43.15412],[26.7673,43.15425],[26.76816,43.15507],[26.76774,43.15565],[26.76624,43.15523],[26.76287,43.15562],[26.76136,43.15525],[26.76097,43.15558],[26.76137,43.15657],[26.76059,43.15682],[26.7606,43.15722],[26.76289,43.1586],[26.76272,43.16042],[26.76124,43.16184],[26.75964,43.1606],[26.75879,43.15923],[26.75831,43.15954],[26.75927,43.15992],[26.75885,43.16029],[26.75819,43.16037],[26.75785,43.15984],[26.75671,43.16024],[26.75633,43.16096],[26.75478,43.16154],[26.75488,43.16426],[26.75308,43.16542],[26.74972,43.16309],[26.74828,43.16058],[26.74777,43.16072],[26.7453,43.15913],[26.74528,43.1585],[26.74493,43.15896],[26.7438,43.15879],[26.74488,43.15927],[26.74455,43.15944],[26.73883,43.16058],[26.73694,43.16016],[26.73629,43.15929],[26.73345,43.15913],[26.72789,43.15776],[26.72774,43.15552],[26.73107,43.15362],[26.73516,43.15383],[26.7344,43.15297],[26.73444,43.15129],[26.73349,43.14928],[26.73341,43.14709],[26.73253,43.14607],[26.73235,43.14118],[26.73055,43.13803],[26.72801,43.13704],[26.73059,43.13458],[26.73137,43.13204],[26.73119,43.12942],[26.73216,43.12921],[26.73588,43.1301],[26.73808,43.12953],[26.74752,43.12917],[26.75163,43.13001],[26.75369,43.13155],[26.75643,43.13125],[26.76003,43.13224],[26.76215,43.13163],[26.76355,43.13097],[26.76531,43.12811],[26.76714,43.12726],[26.76801,43.12564],[26.76949,43.12541],[26.77071,43.12618],[26.77126,43.12115],[26.77261,43.11718],[26.77432,43.1167],[26.77568,43.11547],[26.78354,43.11543],[26.78462,43.11463],[26.78561,43.11313],[26.78463,43.11212],[26.78234,43.11185],[26.78182,43.1114],[26.78393,43.11073],[26.79642,43.11],[26.80199,43.11071],[26.80532,43.11212],[26.8104,43.11239],[26.81398,43.11198],[26.81416,43.11293],[26.81677,43.11376],[26.81629,43.11551],[26.81748,43.11661],[26.81949,43.11686],[26.82274,43.11601],[26.82406,43.11737],[26.8253,43.11978],[26.82724,43.12121],[26.8305,43.12209],[26.83173,43.12297],[26.83281,43.12247],[26.83486,43.12292],[26.83743,43.12469],[26.83811,43.12624],[26.83656,43.12722],[26.83753,43.12985],[26.83708,43.13061],[26.83666,43.13062],[26.83645,43.12856],[26.83595,43.12824],[26.83549,43.12666],[26.83485,43.12709],[26.83453,43.1282],[26.83154,43.12969],[26.83074,43.13054],[26.83061,43.13163],[26.82998,43.13151],[26.82624,43.13318],[26.82137,43.13601],[26.81842,43.13687],[26.82123,43.13687],[26.82312,43.13801],[26.81961,43.13733],[26.81942,43.13832],[26.82107,43.1386],[26.82197,43.13819],[26.82253,43.13882],[26.81923,43.13902],[26.81859,43.13879],[26.81881,43.13797],[26.81812,43.13777],[26.81713,43.13869],[26.81238,43.13919]]]},"properties":{"SiteCode":"BG0000178","SiteNameBG":"Тича","SiteType":"SCI","SiteArea":2706.933,"naturaClass":"habitats"}},{"type":"Feature","geometry":{"type":"Polygon","coordinates":[[[24.36593,42.34914],[24.36625,42.35076],[24.36583,42.35194],[24.3636,42.35367],[24.36077,42.35392],[24.35294,42.3576],[24.35202,42.35651],[24.34862,42.35764],[24.3471,42.35685],[24.34794,42.35597],[24.34756,42.35106],[24.35101,42.33989],[24.35445,42.33196],[24.35491,42.32864],[24.35706,42.32321],[24.36004,42.32113],[24.36194,42.32165],[24.36967,42.32111],[24.36862,42.32323],[24.36955,42.32397],[24.37347,42.32239],[24.37582,42.31983],[24.384,42.3162],[24.38117,42.31471],[24.38001,42.31182],[24.38236,42.30925],[24.38466,42.30811],[24.38225,42.30425],[24.38519,42.30288],[24.39212,42.30614],[24.3947,42.30596],[24.39701,42.30435],[24.39824,42.30556],[24.39919,42.31369],[24.40389,42.31665],[24.40574,42.31836],[24.4072,42.32197],[24.40582,42.32432],[24.39204,42.33139],[24.38971,42.33349],[24.38826,42.3375],[24.3833,42.34096],[24.36958,42.34637],[24.36593,42.34914]]]},"properties":{"SiteCode":"BG0000365","SiteNameBG":"Овчи хълмове","SiteType":"SCI","SiteArea":1309.1752320200001,"naturaClass":"habitats"}},{"type":"Feature","geometry":{"type":"Polygon","coordinates":[[[23.35337,43.48988],[23.35753,43.48935],[23.35987,43.49067],[23.36175,43.49278],[23.3643,43.49726],[23.36491,43.50387],[23.367,43.50753],[23.37091,43.50991],[23.37466,43.51094],[23.37532,43.5117],[23.37503,43.51401],[23.37293,43.51812],[23.37306,43.51989],[23.37684,43.52239],[23.37832,43.52269],[23.38203,43.52226],[23.38934,43.52424],[23.39389,43.52701],[23.3951,43.52705],[23.396,43.52516],[23.39718,43.52449],[23.41158,43.51948],[23.41253,43.51868],[23.4125,43.51534],[23.41288,43.51486],[23.41383,43.51478],[23.41905,43.51632],[23.42094,43.51729],[23.42152,43.51813],[23.42357,43.51808],[23.42371,43.519],[23.42272,43.51986],[23.42328,43.52028],[23.42811,43.51906],[23.42817,43.51803],[23.42991,43.51643],[23.43189,43.51543],[23.43288,43.51535],[23.43324,43.51601],[23.43262,43.5178],[23.43339,43.51808],[23.43409,43.5181],[23.43386,43.51743],[23.43524,43.51599],[23.43618,43.51599],[23.43623,43.51717],[23.44027,43.51732],[23.44441,43.51633],[23.44863,43.51601],[23.44923,43.51283],[23.4519,43.51013],[23.45005,43.50736],[23.45093,43.50614],[23.45308,43.50555],[23.45609,43.50571],[23.45652,43.50697],[23.4586,43.50748],[23.45863,43.50865],[23.4562,43.5107],[23.45595,43.51142],[23.45808,43.5112],[23.45914,43.51035],[23.46516,43.50893],[23.46643,43.50779],[23.46793,43.50806],[23.46988,43.50762],[23.47716,43.50512],[23.47839,43.50678],[23.48417,43.50711],[23.4912,43.5054],[23.49443,43.50382],[23.49512,43.50475],[23.49609,43.50504],[23.49504,43.50761],[23.49119,43.50683],[23.48444,43.50825],[23.48012,43.50821],[23.47515,43.51063],[23.46599,43.51277],[23.4611,43.51314],[23.45634,43.51656],[23.45486,43.51897],[23.45369,43.51948],[23.44384,43.52006],[23.43804,43.52188],[23.42742,43.52404],[23.41753,43.52393],[23.41316,43.52599],[23.40117,43.52882],[23.39452,43.52829],[23.38854,43.52516],[23.38123,43.52321],[23.3774,43.52355],[23.37441,43.52231],[23.37226,43.52075],[23.37152,43.51942],[23.3717,43.51821],[23.37399,43.51295],[23.37378,43.51177],[23.37325,43.5115],[23.37019,43.51085],[23.3683,43.51109],[23.36544,43.51019],[23.36323,43.51005],[23.35935,43.51102],[23.35815,43.51084],[23.35782,43.50291],[23.35677,43.49866],[23.3536,43.49274],[23.35337,43.48988]]]},"properties":{"SiteCode":"BG0000517","SiteNameBG":"Портитовци - Владимирово","SiteType":"SCI","SiteArea":663.53078218999997,"naturaClass":"habitats"}},{"type":"Feature","geometry":{"type":"Polygon","coordinates":[[[22.58727,44.00541],[22.58879,44.00329],[22.59171,44.00193],[22.59366,44.002],[22.59567,44.00503],[22.59875,44.00424],[22.60245,44.0041],[22.6037,44.00309],[22.60585,44.00296],[22.60994,44.00425],[22.61229,44.00665],[22.61534,44.00882],[22.61828,44.00865],[22.62548,44.00991],[22.62898,44.01131],[22.62921,44.01224],[22.62848,44.01284],[22.62593,44.01183],[22.62433,44.0124],[22.6232,44.01453],[22.62351,44.01553],[22.62717,44.01609],[22.63857,44.0199],[22.64656,44.01985],[22.64768,44.02179],[22.65156,44.02201],[22.65193,44.02364],[22.64517,44.02423],[22.64443,44.02504],[22.64873,44.02486],[22.65003,44.02568],[22.64949,44.02777],[22.64496,44.02837],[22.6423,44.03009],[22.64202,44.03134],[22.64515,44.03118],[22.64597,44.03192],[22.6457,44.03289],[22.64605,44.03347],[22.65371,44.03123],[22.65394,44.03215],[22.64418,44.03641],[22.64344,44.03723],[22.64453,44.03959],[22.64369,44.04047],[22.64107,44.0403],[22.63989,44.04173],[22.63715,44.04191],[22.63478,44.04111],[22.63308,44.03894],[22.63214,44.03848],[22.63008,44.03876],[22.63185,44.04113],[22.63187,44.04218],[22.63038,44.04255],[22.62875,44.04227],[22.62786,44.03978],[22.62615,44.03915],[22.62281,44.03966],[22.62086,44.03832],[22.62082,44.03614],[22.61818,44.03365],[22.6204,44.03127],[22.62328,44.03188],[22.62423,44.03093],[22.624,44.03008],[22.61877,44.027],[22.61753,44.02674],[22.61747,44.02744],[22.61664,44.02818],[22.61548,44.02813],[22.61518,44.02686],[22.61453,44.02648],[22.61446,44.02732],[22.61282,44.02719],[22.6123,44.02633],[22.61111,44.02656],[22.60881,44.02612],[22.60783,44.02482],[22.60397,44.02446],[22.60544,44.02164],[22.60755,44.0208],[22.61288,44.02108],[22.61119,44.01898],[22.60829,44.01739],[22.60756,44.01532],[22.59527,44.01035],[22.59371,44.0091],[22.58836,44.0065],[22.58727,44.00541]]]},"properties":{"SiteCode":"BG0000339","SiteNameBG":"Раброво","SiteType":"SCI","SiteArea":908.86309402999996,"naturaClass":"habitats"}},{"type":"Feature","geometry":{"type":"Polygon","coordinates":[[[22.77481,43.90588],[22.7735,43.90651],[22.7718,43.90661],[22.76932,43.90589],[22.76792,43.90456],[22.75966,43.90184],[22.75102,43.90254],[22.74945,43.90213],[22.74712,43.90037],[22.7468,43.89937],[22.7471,43.89797],[22.74914,43.89667],[22.74847,43.89364],[22.74998,43.89164],[22.74887,43.88693],[22.74964,43.88596],[22.7534,43.88491],[22.75603,43.88347],[22.75314,43.88125],[22.75188,43.87802],[22.75073,43.87728],[22.74661,43.87618],[22.74598,43.87512],[22.74939,43.87098],[22.74851,43.86906],[22.74916,43.86601],[22.74887,43.86388],[22.74723,43.86409],[22.74703,43.86282],[22.74424,43.8625],[22.74448,43.85537],[22.7446,43.85465],[22.74756,43.85139],[22.74841,43.84896],[22.74842,43.84741],[22.74521,43.8461],[22.74367,43.84597],[22.74239,43.8448],[22.74137,43.8428],[22.73943,43.84146],[22.73845,43.83889],[22.73859,43.83686],[22.74036,43.83524],[22.74054,43.83398],[22.73709,43.8321],[22.73477,43.82787],[22.73298,43.82717],[22.72865,43.82391],[22.7254,43.82049],[22.7187,43.81504],[22.71903,43.81182],[22.72066,43.80811],[22.72037,43.80669],[22.71631,43.80373],[22.71507,43.80214],[22.71514,43.79975],[22.71206,43.79675],[22.71059,43.7929],[22.71137,43.78872],[22.71388,43.78755],[22.71834,43.78357],[22.71811,43.78265],[22.71611,43.78222],[22.71621,43.78082],[22.71779,43.77772],[22.72204,43.77247],[22.72232,43.77118],[22.72055,43.7702],[22.7075,43.76837],[22.70411,43.76937],[22.69868,43.76945],[22.69392,43.76852],[22.68493,43.76773],[22.68141,43.76816],[22.6794,43.76787],[22.67916,43.76709],[22.67129,43.76611],[22.66732,43.76601],[22.66123,43.76704],[22.65842,43.76701],[22.65531,43.76584],[22.65172,43.76584],[22.64839,43.76663],[22.6427,43.76613],[22.64236,43.76689],[22.63547,43.76691],[22.63464,43.76772],[22.63003,43.76705],[22.62062,43.76451],[22.61904,43.76494],[22.6166,43.76653],[22.61375,43.76572],[22.60826,43.76523],[22.60723,43.76463],[22.60236,43.765],[22.601,43.76642],[22.59522,43.76592],[22.59372,43.76516],[22.58458,43.76361],[22.58309,43.76405],[22.57296,43.76344],[22.57118,43.76379],[22.5693,43.76309],[22.5625,43.76451],[22.55742,43.76382],[22.55545,43.76417],[22.55483,43.7647],[22.54439,43.76556],[22.54064,43.76654],[22.53879,43.76794],[22.5351,43.76925],[22.52461,43.76971],[22.5236,43.76896],[22.52328,43.76797],[22.52416,43.7666],[22.53011,43.76613],[22.53853,43.76372],[22.53879,43.76281],[22.53735,43.76128],[22.53261,43.7625],[22.53041,43.7608],[22.52505,43.75996],[22.5234,43.75863],[22.5183,43.75815],[22.50326,43.75362],[22.49194,43.75212],[22.4915,43.75154],[22.4935,43.74937],[22.49575,43.74918],[22.50824,43.75325],[22.51283,43.75407],[22.5174,43.7539],[22.522,43.7545],[22.52428,43.75641],[22.52835,43.7565],[22.53769,43.75929],[22.54018,43.76027],[22.54243,43.7626],[22.54434,43.76303],[22.56675,43.76285],[22.56937,43.76234],[22.58435,43.76262],[22.59023,43.76179],[22.59648,43.76239],[22.60049,43.76198],[22.6085,43.76243],[22.61236,43.76405],[22.61688,43.76451],[22.61932,43.76361],[22.62466,43.76284],[22.6311,43.76321],[22.65101,43.7619],[22.66114,43.76221],[22.66312,43.76358],[22.66439,43.76362],[22.66572,43.76296],[22.66942,43.76367],[22.6763,43.76355],[22.67995,43.764],[22.68088,43.76332],[22.68706,43.76384],[22.69331,43.76322],[22.69976,43.76539],[22.72294,43.76805],[22.72651,43.77061],[22.72824,43.77539],[22.72398,43.77702],[22.7249,43.77798],[22.72453,43.77897],[22.72708,43.78057],[22.72696,43.78221],[22.72287,43.78284],[22.72282,43.78362],[22.72592,43.78431],[22.72588,43.78495],[22.72188,43.78573],[22.72182,43.78652],[22.72296,43.7872],[22.72519,43.78771],[22.72484,43.78842],[22.7196,43.78858],[22.71726,43.78956],[22.71722,43.7902],[22.71499,43.7924],[22.71599,43.79359],[22.71552,43.79457],[22.71991,43.79809],[22.72071,43.79927],[22.72105,43.80285],[22.72294,43.80406],[22.72346,43.80644],[22.72495,43.80764],[22.72483,43.80928],[22.72625,43.81155],[22.72454,43.81341],[22.72447,43.81434],[22.72697,43.81665],[22.72699,43.81779],[22.73263,43.82308],[22.73486,43.8223],[22.73596,43.82349],[22.73723,43.82368],[22.73969,43.82506],[22.74006,43.82686],[22.74159,43.82749],[22.74313,43.82998],[22.74295,43.83251],[22.7447,43.83377],[22.746,43.83606],[22.74569,43.8376],[22.74408,43.83838],[22.74349,43.83997],[22.74529,43.8432],[22.74696,43.84439],[22.75178,43.84625],[22.75243,43.84796],[22.7491,43.85518],[22.74886,43.85727],[22.74915,43.85995],[22.75186,43.86287],[22.75136,43.86439],[22.75069,43.86471],[22.74983,43.86775],[22.74976,43.86895],[22.75064,43.87088],[22.74724,43.87534],[22.75216,43.87683],[22.75299,43.87761],[22.75423,43.8808],[22.75712,43.88277],[22.75729,43.88368],[22.75349,43.88587],[22.75011,43.88708],[22.75123,43.89164],[22.74969,43.8942],[22.75051,43.89629],[22.75031,43.897],[22.74818,43.89842],[22.74861,43.90046],[22.75065,43.90158],[22.75203,43.90175],[22.76027,43.90049],[22.76179,43.90145],[22.76869,43.90381],[22.76995,43.90511],[22.77202,43.90571],[22.77374,43.90536],[22.77398,43.90291],[22.77523,43.90237],[22.78062,43.90304],[22.78078,43.90091],[22.78172,43.90019],[22.7828,43.90018],[22.78438,43.90117],[22.78862,43.90013],[22.7912,43.90113],[22.79384,43.90343],[22.79454,43.90348],[22.79867,43.90195],[22.80107,43.90209],[22.80251,43.90107],[22.80367,43.90097],[22.80581,43.90307],[22.80709,43.90322],[22.82294,43.89792],[22.83213,43.89839],[22.83906,43.89749],[22.83902,43.89782],[22.84361,43.89679],[22.84419,43.8974],[22.83289,43.89927],[22.8231,43.89881],[22.8073,43.90411],[22.80504,43.90379],[22.80322,43.90184],[22.80129,43.903],[22.79904,43.90281],[22.79586,43.9042],[22.79322,43.90424],[22.78925,43.90126],[22.78767,43.90101],[22.78463,43.90214],[22.78248,43.90106],[22.78202,43.90116],[22.78206,43.90314],[22.78095,43.90392],[22.77673,43.90326],[22.77509,43.90345],[22.77481,43.90588]]]},"properties":{"SiteCode":"BG0000498","SiteNameBG":"Видбол","SiteType":"SCI","SiteArea":1302.3157939600001,"naturaClass":"habitats"}},{"type":"Feature","geometry":{"type":"MultiPolygon","coordinates":[[[[22.67627,43.94207],[22.67473,43.94544],[22.6729,43.94693],[22.67165,43.94664],[22.67411,43.94413],[22.67226,43.9428],[22.67373,43.94124],[22.67596,43.94006],[22.67583,43.93921],[22.68063,43.93728],[22.68142,43.93577],[22.67892,43.93413],[22.67288,43.93151],[22.66539,43.93031],[22.66583,43.92822],[22.65922,43.92558],[22.65767,43.92552],[22.65664,43.92366],[22.65352,43.92241],[22.64303,43.92117],[22.63264,43.92098],[22.63261,43.92014],[22.63488,43.91966],[22.63539,43.91266],[22.63422,43.91142],[22.63479,43.91018],[22.63621,43.90939],[22.62991,43.90788],[22.62976,43.90687],[22.62715,43.9067],[22.62663,43.90577],[22.63141,43.90553],[22.63572,43.9078],[22.63736,43.90794],[22.6374,43.9073],[22.6289,43.90262],[22.62704,43.90283],[22.62669,43.90233],[22.62762,43.90159],[22.62722,43.90038],[22.61895,43.89922],[22.61911,43.89831],[22.62069,43.89809],[22.62539,43.89891],[22.62708,43.89841],[22.63053,43.89636],[22.63041,43.8953],[22.6295,43.89443],[22.63023,43.89382],[22.63177,43.89395],[22.63374,43.89627],[22.63731,43.89669],[22.63828,43.89792],[22.63621,43.89967],[22.64144,43.90254],[22.64349,43.89981],[22.64461,43.89908],[22.64986,43.9004],[22.65133,43.90025],[22.65236,43.89944],[22.65888,43.90061],[22.66191,43.90171],[22.66341,43.9012],[22.66492,43.90168],[22.66653,43.90104],[22.66926,43.9022],[22.66987,43.9018],[22.66984,43.90088],[22.6718,43.90068],[22.67197,43.8997],[22.66687,43.89761],[22.66407,43.89736],[22.66269,43.8964],[22.6632,43.89466],[22.66462,43.89387],[22.66757,43.89335],[22.66864,43.89465],[22.67116,43.89475],[22.67305,43.89545],[22.67347,43.89638],[22.67508,43.89694],[22.67835,43.89615],[22.68181,43.89656],[22.6826,43.89912],[22.6858,43.9005],[22.68583,43.90149],[22.68678,43.90174],[22.68733,43.90091],[22.68909,43.90203],[22.69129,43.90261],[22.69116,43.90436],[22.69435,43.90462],[22.69504,43.90584],[22.69911,43.90599],[22.7015,43.90517],[22.7305,43.91118],[22.73268,43.90655],[22.73328,43.90636],[22.73646,43.90845],[22.7359,43.91089],[22.73483,43.91092],[22.73296,43.91254],[22.73224,43.91455],[22.73082,43.91534],[22.72989,43.91748],[22.73096,43.91878],[22.73247,43.9194],[22.73416,43.9189],[22.73519,43.91943],[22.73568,43.92079],[22.73492,43.92181],[22.73296,43.92202],[22.7306,43.92116],[22.72869,43.91933],[22.71719,43.91567],[22.71628,43.91606],[22.7159,43.91731],[22.71632,43.9183],[22.72522,43.92159],[22.72631,43.92268],[22.73047,43.92432],[22.73002,43.92507],[22.72842,43.92571],[22.72592,43.92534],[22.72292,43.92382],[22.72163,43.9242],[22.7201,43.92252],[22.71812,43.9216],[22.71731,43.92207],[22.71872,43.92409],[22.71841,43.9271],[22.71627,43.92983],[22.71439,43.93018],[22.71159,43.92993],[22.71116,43.93188],[22.70867,43.93144],[22.70849,43.93255],[22.70737,43.93328],[22.70677,43.93481],[22.70375,43.93357],[22.70272,43.9317],[22.70049,43.93155],[22.70054,43.93085],[22.70266,43.92981],[22.70312,43.92884],[22.70191,43.92809],[22.69618,43.92935],[22.69173,43.93171],[22.69015,43.93341],[22.6901,43.93404],[22.69182,43.93453],[22.69006,43.94001],[22.69415,43.94213],[22.67959,43.93784],[22.67627,43.94207]]],[[[22.48421,43.87582],[22.48085,43.87896],[22.47941,43.8784],[22.47997,43.87718],[22.47863,43.87628],[22.47401,43.87446],[22.47189,43.87567],[22.47118,43.87474],[22.46196,43.86878],[22.4619,43.86748],[22.46055,43.86675],[22.46098,43.8662],[22.46275,43.86656],[22.46454,43.86764],[22.47261,43.86926],[22.47655,43.87077],[22.48421,43.86961],[22.48576,43.86978],[22.48593,43.8716],[22.48707,43.87418],[22.48914,43.87466],[22.49306,43.87329],[22.49837,43.87231],[22.50094,43.87332],[22.50666,43.87405],[22.52916,43.8759],[22.52638,43.87438],[22.52157,43.87295],[22.51744,43.8729],[22.51622,43.87353],[22.51257,43.87338],[22.5119,43.87285],[22.51349,43.87257],[22.51354,43.87178],[22.51052,43.8715],[22.51019,43.87069],[22.50903,43.87059],[22.50787,43.87145],[22.50746,43.87273],[22.50674,43.87304],[22.50659,43.87196],[22.50802,43.87049],[22.50341,43.86952],[22.50223,43.86976],[22.50137,43.86907],[22.49929,43.86936],[22.49281,43.86843],[22.48999,43.86747],[22.48825,43.86576],[22.48531,43.86536],[22.48527,43.86491],[22.48262,43.86385],[22.48312,43.86341],[22.48529,43.86361],[22.49167,43.86488],[22.49438,43.86414],[22.49625,43.86523],[22.50018,43.86584],[22.49984,43.86616],[22.50171,43.86706],[22.50435,43.86747],[22.50575,43.86651],[22.50716,43.86645],[22.50978,43.86689],[22.51081,43.86767],[22.51372,43.8684],[22.51442,43.86945],[22.51674,43.86976],[22.51825,43.8705],[22.52313,43.87092],[22.52618,43.8698],[22.5283,43.87067],[22.52793,43.86941],[22.52862,43.86842],[22.52805,43.86676],[22.52899,43.86562],[22.53089,43.86518],[22.53032,43.86352],[22.52878,43.86318],[22.528,43.86112],[22.52562,43.86136],[22.52736,43.85916],[22.53006,43.85866],[22.53056,43.85817],[22.5296,43.85751],[22.52979,43.85701],[22.53472,43.85686],[22.53626,43.85817],[22.5349,43.86065],[22.53967,43.86366],[22.5422,43.8632],[22.54231,43.86382],[22.54116,43.86462],[22.54094,43.86541],[22.53582,43.86718],[22.53513,43.868],[22.538,43.86924],[22.5425,43.87275],[22.54133,43.87378],[22.54244,43.87461],[22.54506,43.87505],[22.54532,43.87562],[22.54046,43.87592],[22.53701,43.87519],[22.53236,43.87269],[22.53204,43.87386],[22.53228,43.878],[22.53135,43.87886],[22.50155,43.87769],[22.50095,43.87639],[22.4921,43.8767],[22.48421,43.87582]]],[[[22.59133,43.84654],[22.59213,43.8483],[22.59174,43.84925],[22.58565,43.85004],[22.57639,43.84617],[22.57404,43.8435],[22.57427,43.84304],[22.5737,43.84144],[22.57461,43.84019],[22.57342,43.83929],[22.57326,43.83864],[22.57401,43.83838],[22.57413,43.83785],[22.57315,43.83635],[22.57851,43.83442],[22.58201,43.83248],[22.58649,43.83209],[22.5968,43.84096],[22.59485,43.84158],[22.59395,43.84398],[22.59501,43.84557],[22.59436,43.84666],[22.59255,43.846],[22.59133,43.84654]]]]},"properties":{"SiteCode":"BG0000500","SiteNameBG":"Войница","SiteType":"SCI","SiteArea":3100.3978723199998,"naturaClass":"habitats"}},{"type":"Feature","geometry":{"type":"Polygon","coordinates":[[[24.31648,43.37909],[24.31205,43.37998],[24.30556,43.37935],[24.30516,43.37917],[24.30534,43.37807],[24.31172,43.3785],[24.31287,43.37838],[24.31336,43.37778],[24.31245,43.37608],[24.29243,43.37334],[24.28076,43.36714],[24.28095,43.36279],[24.28479,43.36288],[24.28986,43.36394],[24.29125,43.36148],[24.29093,43.35898],[24.28732,43.35391],[24.28192,43.35067],[24.27865,43.34748],[24.27754,43.34572],[24.27548,43.34643],[24.27426,43.3451],[24.26625,43.3468],[24.26538,43.34441],[24.26318,43.34596],[24.25985,43.34606],[24.25367,43.34832],[24.24923,43.3491],[24.24108,43.34755],[24.23718,43.34585],[24.23167,43.34739],[24.23131,43.34802],[24.23192,43.3489],[24.22819,43.34996],[24.22735,43.34989],[24.22669,43.34836],[24.21989,43.34348],[24.21588,43.34292],[24.21335,43.34091],[24.21355,43.34002],[24.2144,43.33965],[24.21654,43.34043],[24.21916,43.34018],[24.22036,43.34099],[24.2241,43.34159],[24.22537,43.3412],[24.22566,43.34061],[24.22429,43.33853],[24.22589,43.33769],[24.2278,43.33824],[24.22744,43.3388],[24.22867,43.33962],[24.22858,43.34063],[24.23,43.34145],[24.22847,43.34355],[24.23215,43.3458],[24.23401,43.34442],[24.23427,43.34129],[24.23577,43.34015],[24.23528,43.33912],[24.23804,43.3373],[24.2381,43.33654],[24.24049,43.33527],[24.24162,43.33589],[24.24113,43.33681],[24.24211,43.34363],[24.24473,43.3452],[24.24674,43.34603],[24.25851,43.34511],[24.26062,43.34454],[24.26047,43.3433],[24.26316,43.34209],[24.2623,43.34029],[24.25328,43.3373],[24.2553,43.33354],[24.25642,43.33357],[24.2604,43.33571],[24.2705,43.33781],[24.27059,43.33577],[24.27147,43.33337],[24.27107,43.33094],[24.27012,43.32925],[24.26841,43.32772],[24.26674,43.32508],[24.26683,43.32322],[24.26087,43.31973],[24.25851,43.32116],[24.25571,43.32109],[24.25414,43.32198],[24.25261,43.32213],[24.25244,43.32027],[24.24994,43.31909],[24.24792,43.31867],[24.23899,43.31942],[24.23305,43.31837],[24.23181,43.31741],[24.2298,43.31487],[24.23194,43.31461],[24.23501,43.31281],[24.23508,43.31126],[24.23133,43.3093],[24.22767,43.30548],[24.22567,43.30263],[24.22114,43.29962],[24.22142,43.29739],[24.2223,43.29628],[24.22216,43.29418],[24.22305,43.2926],[24.22264,43.29115],[24.22377,43.29017],[24.22232,43.28892],[24.22221,43.28829],[24.22277,43.28762],[24.22427,43.28764],[24.22538,43.28861],[24.22619,43.28808],[24.22818,43.28837],[24.23007,43.28924],[24.22979,43.29014],[24.22818,43.2914],[24.22799,43.29212],[24.22693,43.29225],[24.2265,43.29317],[24.22535,43.29367],[24.2242,43.29715],[24.22455,43.29799],[24.22387,43.29882],[24.22395,43.30002],[24.23121,43.30245],[24.23871,43.30637],[24.2442,43.30743],[24.24537,43.30995],[24.24957,43.3113],[24.25258,43.31075],[24.25394,43.30891],[24.25608,43.30865],[24.26612,43.31294],[24.26804,43.31765],[24.26965,43.31987],[24.27211,43.32211],[24.27918,43.32601],[24.28214,43.32671],[24.28454,43.33019],[24.28195,43.33075],[24.28101,43.33291],[24.28437,43.33392],[24.28557,43.33582],[24.28495,43.34016],[24.28658,43.34176],[24.28991,43.3437],[24.29538,43.34539],[24.30185,43.35332],[24.30475,43.35526],[24.31029,43.35539],[24.31982,43.35219],[24.3228,43.35226],[24.32714,43.35049],[24.32721,43.34894],[24.32599,43.34766],[24.32265,43.34603],[24.32147,43.34382],[24.32535,43.34267],[24.32876,43.34275],[24.3314,43.34094],[24.33019,43.33936],[24.32685,43.33772],[24.32648,43.33647],[24.32687,43.33741],[24.32823,43.33558],[24.33253,43.33474],[24.34176,43.33807],[24.34421,43.34062],[24.34195,43.34368],[24.34228,43.34587],[24.34424,43.34965],[24.33978,43.35421],[24.33581,43.35723],[24.3389,43.36211],[24.34157,43.3632],[24.34333,43.36245],[24.34566,43.36571],[24.34729,43.36708],[24.35626,43.3713],[24.35231,43.37284],[24.34358,43.37413],[24.33772,43.37399],[24.33643,43.37434],[24.33567,43.37537],[24.33354,43.37467],[24.33258,43.37481],[24.32779,43.37675],[24.32279,43.3773],[24.31648,43.37909]]]},"properties":{"SiteCode":"BG0000611","SiteNameBG":"Язовир Горни Дъбник","SiteType":"SCI","SiteArea":2538.2882816199999,"naturaClass":"habitats"}},{"type":"Feature","geometry":{"type":"Polygon","coordinates":[[[23.82015,43.22653],[23.82351,43.22553],[23.82899,43.22621],[23.83481,43.22561],[23.83737,43.2243],[23.8374,43.22333],[23.8412,43.22265],[23.84261,43.22278],[23.84239,43.22361],[23.84905,43.22549],[23.85222,43.22527],[23.85266,43.22326],[23.85334,43.22285],[23.86078,43.22317],[23.86259,43.22231],[23.86306,43.22192],[23.86291,43.22144],[23.85665,43.21969],[23.85282,43.21792],[23.85383,43.21441],[23.85212,43.21029],[23.85112,43.20969],[23.85033,43.20994],[23.84765,43.20875],[23.84745,43.20825],[23.85218,43.20695],[23.85122,43.20436],[23.85599,43.20212],[23.85804,43.20173],[23.86056,43.20024],[23.86292,43.20102],[23.86538,43.19933],[23.86911,43.19889],[23.87328,43.19744],[23.87404,43.19677],[23.87434,43.19522],[23.87411,43.19077],[23.87306,43.19042],[23.87105,43.19151],[23.86952,43.19111],[23.86496,43.1935],[23.85934,43.19428],[23.85817,43.19528],[23.84976,43.19852],[23.84879,43.20005],[23.84718,43.19918],[23.84605,43.19921],[23.83792,43.20192],[23.83607,43.20023],[23.83611,43.19944],[23.84284,43.19754],[23.84323,43.19695],[23.84473,43.1965],[23.8481,43.19439],[23.85319,43.19243],[23.85848,43.1914],[23.86005,43.19269],[23.86141,43.19276],[23.87157,43.1894],[23.87401,43.1891],[23.87577,43.18964],[23.87769,43.18943],[23.87959,43.18836],[23.88038,43.18846],[23.88774,43.18567],[23.90002,43.18402],[23.90755,43.18114],[23.90531,43.18045],[23.90472,43.17949],[23.91127,43.17756],[23.9181,43.17473],[23.92809,43.17252],[23.93666,43.16793],[23.93654,43.16692],[23.93789,43.16724],[23.94755,43.16667],[23.94973,43.16521],[23.95283,43.16772],[23.95883,43.16912],[23.95931,43.16997],[23.95927,43.17398],[23.9587,43.17549],[23.95731,43.17574],[23.95526,43.175],[23.9505,43.17664],[23.94893,43.17568],[23.94616,43.17574],[23.94417,43.17455],[23.94232,43.1754],[23.93905,43.1806],[23.9422,43.18251],[23.94911,43.18195],[23.95532,43.18353],[23.9583,43.18551],[23.95895,43.18653],[23.96165,43.18758],[23.9637,43.19002],[23.96617,43.18797],[23.96644,43.187],[23.97081,43.1881],[23.97198,43.18926],[23.97305,43.18957],[23.9862,43.18918],[23.98668,43.19003],[23.98959,43.19005],[23.98987,43.19122],[23.99241,43.19085],[23.99338,43.19376],[23.99448,43.19358],[23.99503,43.19298],[23.99515,43.19156],[24.00526,43.19525],[24.0068,43.19394],[24.00703,43.19305],[24.00608,43.19221],[24.00391,43.19157],[24.00433,43.19118],[24.0102,43.19026],[24.01515,43.19122],[24.01677,43.18931],[24.02311,43.18769],[24.01964,43.18723],[24.01701,43.18772],[24.01395,43.18749],[24.01066,43.18583],[24.00809,43.18333],[24.00223,43.18479],[23.99848,43.18456],[23.99345,43.18241],[23.99279,43.18112],[23.99321,43.18024],[23.98623,43.17975],[23.98334,43.18007],[23.97918,43.17909],[23.97155,43.17874],[23.97005,43.1764],[23.96978,43.17446],[23.97011,43.1731],[23.9693,43.17127],[23.96675,43.16927],[23.96279,43.16814],[23.9623,43.16678],[23.96417,43.16661],[23.96427,43.16529],[23.96404,43.16448],[23.96234,43.16422],[23.96164,43.1632],[23.96183,43.16263],[23.96326,43.16214],[23.96847,43.16118],[23.97062,43.16136],[23.97031,43.16205],[23.96774,43.16287],[23.96766,43.16341],[23.96914,43.16413],[23.96787,43.16535],[23.96843,43.16652],[23.97152,43.16893],[23.97293,43.1672],[23.97314,43.1643],[23.97414,43.16207],[23.976,43.16244],[23.97598,43.16336],[23.97477,43.16456],[23.97538,43.16549],[23.97634,43.16553],[23.97853,43.16413],[23.97881,43.16267],[23.97765,43.16171],[23.97945,43.16079],[23.97962,43.15803],[23.98119,43.15778],[23.98165,43.15625],[23.98273,43.15624],[23.98365,43.15692],[23.98581,43.157],[23.98431,43.15363],[23.98436,43.15268],[23.98339,43.15198],[23.97801,43.15287],[23.97545,43.15426],[23.97451,43.15542],[23.97382,43.15514],[23.97332,43.15428],[23.97488,43.15244],[23.97906,43.15033],[23.9793,43.14922],[23.97601,43.1484],[23.97536,43.14774],[23.97496,43.14607],[23.97354,43.14484],[23.96871,43.14397],[23.96892,43.14345],[23.9765,43.14249],[23.97954,43.1402],[23.98182,43.1396],[23.98232,43.1385],[23.98307,43.13811],[23.98379,43.1396],[23.98573,43.13948],[23.98629,43.14061],[23.98703,43.14098],[23.98764,43.14046],[23.98772,43.13903],[23.9867,43.13786],[23.98788,43.13749],[23.98874,43.13632],[23.99136,43.13589],[23.99367,43.13716],[23.994,43.13802],[23.99114,43.13758],[23.9895,43.1388],[23.99167,43.13932],[23.99507,43.13883],[23.99552,43.13734],[23.99772,43.13727],[23.99864,43.13777],[23.99803,43.13952],[23.9989,43.14088],[23.99994,43.14159],[24.00344,43.14247],[24.00597,43.14221],[24.00904,43.14029],[24.01046,43.14037],[24.01272,43.13902],[24.01418,43.13885],[24.0151,43.13785],[24.01725,43.13725],[24.01901,43.13749],[24.02023,43.13884],[24.02263,43.1396],[24.02312,43.13911],[24.02253,43.13763],[24.02277,43.13555],[24.02024,43.1357],[24.01742,43.13392],[24.01823,43.13337],[24.01965,43.13332],[24.02156,43.13362],[24.02254,43.13443],[24.0235,43.13428],[24.02396,43.13357],[24.02353,43.13292],[24.02143,43.13194],[24.01907,43.13194],[24.01935,43.13107],[24.02123,43.13055],[24.02367,43.13125],[24.02427,43.13186],[24.02668,43.13189],[24.02979,43.13323],[24.02509,43.13471],[24.02485,43.13516],[24.02522,43.13566],[24.02747,43.13627],[24.02787,43.13557],[24.02854,43.13549],[24.03013,43.13613],[24.03044,43.13681],[24.02569,43.13724],[24.02511,43.13763],[24.02512,43.13822],[24.02639,43.13935],[24.02956,43.1381],[24.03024,43.13809],[24.03063,43.13895],[24.0259,43.14116],[24.02472,43.14241],[24.02758,43.14336],[24.02915,43.14148],[24.03105,43.14129],[24.03285,43.1394],[24.03357,43.13936],[24.03464,43.14056],[24.03234,43.14184],[24.03171,43.14431],[24.0368,43.14437],[24.03809,43.14338],[24.0395,43.13916],[24.03645,43.13886],[24.03482,43.13757],[24.03488,43.1371],[24.04456,43.13665],[24.04982,43.1337],[24.05303,43.13331],[24.05883,43.13099],[24.06067,43.13103],[24.06156,43.13197],[24.0565,43.13403],[24.05569,43.13497],[24.05571,43.13662],[24.06181,43.13417],[24.06524,43.1333],[24.06928,43.13348],[24.07132,43.13287],[24.07299,43.13364],[24.06898,43.13552],[24.06514,43.1345],[24.06488,43.13524],[24.06528,43.13636],[24.06954,43.13723],[24.07253,43.13609],[24.07594,43.13652],[24.08329,43.13593],[24.08371,43.13644],[24.08185,43.13745],[24.0714,43.1385],[24.07023,43.14008],[24.07314,43.14078],[24.07341,43.14189],[24.08011,43.14229],[24.08066,43.14316],[24.0834,43.14396],[24.08343,43.14579],[24.08421,43.14635],[24.08772,43.14663],[24.08944,43.14599],[24.09082,43.14667],[24.09073,43.14769],[24.08989,43.14872],[24.09077,43.14919],[24.09054,43.15067],[24.09093,43.15133],[24.0891,43.15217],[24.08765,43.15422],[24.09301,43.15419],[24.09343,43.15486],[24.09125,43.15579],[24.0904,43.15723],[24.08719,43.15887],[24.08303,43.16381],[24.08012,43.16492],[24.07917,43.16632],[24.07903,43.16764],[24.0805,43.16969],[24.0823,43.16992],[24.08396,43.16823],[24.0843,43.16671],[24.08505,43.16648],[24.08722,43.16721],[24.08627,43.16863],[24.08679,43.16971],[24.09056,43.1706],[24.09519,43.17001],[24.09764,43.16898],[24.09953,43.16902],[24.09958,43.1701],[24.09848,43.17164],[24.09838,43.17318],[24.09975,43.17504],[24.10328,43.17678],[24.10212,43.17805],[24.10071,43.17866],[24.09691,43.17945],[24.09401,43.1807],[24.09088,43.18101],[24.09075,43.18286],[24.09453,43.18408],[24.09466,43.1832],[24.09581,43.18255],[24.10852,43.17846],[24.10981,43.17788],[24.10957,43.1772],[24.11067,43.17681],[24.11363,43.17667],[24.11941,43.17438],[24.12115,43.17311],[24.12305,43.17021],[24.12035,43.17054],[24.11843,43.1718],[24.11591,43.17143],[24.11545,43.17266],[24.11376,43.17219],[24.11331,43.17306],[24.11149,43.17401],[24.11017,43.17365],[24.11081,43.17077],[24.11478,43.16927],[24.11403,43.167],[24.11683,43.16566],[24.11916,43.16544],[24.12069,43.16472],[24.11983,43.16331],[24.11761,43.16272],[24.11756,43.16186],[24.11981,43.16122],[24.12168,43.15921],[24.12425,43.159],[24.12341,43.16058],[24.12092,43.16231],[24.12116,43.16314],[24.12466,43.16444],[24.12572,43.16578],[24.12868,43.16483],[24.13333,43.16459],[24.13417,43.16386],[24.13624,43.16381],[24.13829,43.16116],[24.13732,43.16086],[24.13433,43.16129],[24.13421,43.16059],[24.13227,43.15996],[24.13275,43.15853],[24.14229,43.15885],[24.14552,43.15521],[24.14693,43.15439],[24.1463,43.15193],[24.14248,43.14974],[24.13816,43.14812],[24.13538,43.14786],[24.1331,43.1466],[24.13155,43.14661],[24.12817,43.14528],[24.12868,43.14483],[24.13006,43.14399],[24.13062,43.14454],[24.13485,43.14488],[24.14447,43.14812],[24.14525,43.14755],[24.14473,43.14662],[24.14549,43.14622],[24.147,43.14632],[24.14858,43.14765],[24.1506,43.14712],[24.15268,43.14741],[24.15274,43.14446],[24.15174,43.14195],[24.15211,43.14165],[24.15052,43.14001],[24.14825,43.13524],[24.14548,43.13371],[24.14256,43.13305],[24.14082,43.12978],[24.14054,43.12731],[24.1429,43.12437],[24.14529,43.12316],[24.14451,43.1189],[24.147,43.11271],[24.14711,43.11194],[24.14583,43.10855],[24.14652,43.10583],[24.14871,43.10354],[24.15588,43.1],[24.1582,43.09791],[24.15777,43.09506],[24.15642,43.09277],[24.15801,43.09195],[24.15851,43.09106],[24.15681,43.08882],[24.15361,43.0885],[24.15297,43.08786],[24.15454,43.08679],[24.15236,43.08636],[24.15128,43.08436],[24.15061,43.08409],[24.1516,43.0809],[24.15172,43.07831],[24.15257,43.07781],[24.15233,43.0761],[24.16063,43.07185],[24.17179,43.07497],[24.17183,43.0777],[24.17024,43.07926],[24.16931,43.0811],[24.16673,43.08214],[24.16407,43.08492],[24.1642,43.08579],[24.16333,43.08639],[24.16097,43.08633],[24.15869,43.08813],[24.16192,43.09142],[24.16273,43.09339],[24.16224,43.09354],[24.16315,43.09838],[24.16181,43.10058],[24.15928,43.1026],[24.15181,43.10651],[24.15109,43.10727],[24.15081,43.10849],[24.15206,43.11182],[24.15169,43.11382],[24.14943,43.11913],[24.15024,43.12341],[24.14893,43.1259],[24.14653,43.12683],[24.1455,43.1279],[24.14617,43.13014],[24.14986,43.13147],[24.15213,43.13297],[24.15381,43.13587],[24.15564,43.13611],[24.15686,43.1352],[24.15873,43.1359],[24.16087,43.13586],[24.15982,43.13832],[24.16084,43.13958],[24.16068,43.14062],[24.16216,43.14369],[24.16369,43.14513],[24.16518,43.14494],[24.16608,43.14406],[24.17075,43.14352],[24.17098,43.14177],[24.17233,43.14185],[24.17375,43.14261],[24.17604,43.14272],[24.18655,43.14072],[24.18777,43.1409],[24.18799,43.14188],[24.1935,43.14281],[24.19447,43.1426],[24.19696,43.13989],[24.19924,43.14034],[24.19644,43.14337],[24.19625,43.14453],[24.19953,43.14472],[24.20325,43.1456],[24.20361,43.14618],[24.20312,43.14713],[24.20401,43.14745],[24.20369,43.14829],[24.20143,43.14961],[24.19796,43.15068],[24.19183,43.15037],[24.19027,43.1516],[24.19005,43.1523],[24.18961,43.15228],[24.18903,43.1547],[24.18918,43.1569],[24.1907,43.15773],[24.19336,43.15762],[24.19589,43.15659],[24.19762,43.15564],[24.19808,43.15434],[24.20102,43.15277],[24.20399,43.15044],[24.20522,43.15095],[24.20361,43.15302],[24.20667,43.15286],[24.20783,43.15358],[24.20622,43.15484],[24.2013,43.15442],[24.20004,43.15536],[24.20052,43.15646],[24.2036,43.15777],[24.20362,43.15976],[24.19846,43.16032],[24.19705,43.16122],[24.19673,43.16223],[24.20858,43.16187],[24.21266,43.16054],[24.2152,43.16065],[24.21037,43.16256],[24.21022,43.16345],[24.19811,43.16405],[24.1952,43.16384],[24.19327,43.16251],[24.1897,43.1618],[24.1904,43.16042],[24.18941,43.15997],[24.18414,43.16134],[24.17341,43.16209],[24.16977,43.16292],[24.16931,43.16151],[24.16799,43.16078],[24.16784,43.15956],[24.17239,43.15806],[24.17284,43.15745],[24.17238,43.15548],[24.1735,43.15426],[24.17703,43.15304],[24.17791,43.1534],[24.1791,43.15508],[24.17921,43.15611],[24.18284,43.15617],[24.18532,43.15367],[24.18625,43.15349],[24.18677,43.15102],[24.1893,43.15002],[24.19015,43.14885],[24.19009,43.14837],[24.18894,43.14774],[24.18902,43.14711],[24.19219,43.14597],[24.19263,43.14533],[24.19156,43.14498],[24.18157,43.14783],[24.17983,43.14795],[24.17802,43.14705],[24.17518,43.14679],[24.17304,43.14465],[24.16674,43.14518],[24.16408,43.147],[24.16364,43.14834],[24.16224,43.14997],[24.16286,43.15157],[24.16278,43.15609],[24.16211,43.15734],[24.16243,43.15776],[24.15652,43.16187],[24.15458,43.16389],[24.15476,43.16542],[24.15714,43.16747],[24.15582,43.16823],[24.1565,43.16962],[24.15608,43.17072],[24.15486,43.17245],[24.14918,43.17223],[24.1538,43.17386],[24.16103,43.17897],[24.16096,43.18035],[24.1585,43.18169],[24.16022,43.18276],[24.1626,43.18623],[24.15673,43.18904],[24.15514,43.19272],[24.15797,43.19559],[24.15848,43.19738],[24.15735,43.20042],[24.15761,43.20099],[24.1585,43.20118],[24.15834,43.20172],[24.1542,43.2028],[24.15175,43.20732],[24.15023,43.20711],[24.14779,43.20971],[24.14353,43.21155],[24.13992,43.21415],[24.13619,43.21761],[24.13544,43.21905],[24.13543,43.2202],[24.13433,43.2206],[24.13304,43.22079],[24.13238,43.2197],[24.13153,43.21937],[24.1286,43.21936],[24.12167,43.21716],[24.12097,43.21745],[24.12023,43.21874],[24.11693,43.2197],[24.11639,43.22169],[24.11671,43.22312],[24.11462,43.2231],[24.11421,43.22248],[24.11528,43.22089],[24.11542,43.21948],[24.11869,43.21801],[24.11992,43.21705],[24.12024,43.21594],[24.11722,43.21437],[24.11612,43.21552],[24.11631,43.21715],[24.11594,43.21743],[24.11232,43.2166],[24.11011,43.21703],[24.10783,43.22015],[24.10645,43.22089],[24.10384,43.22121],[24.10462,43.2232],[24.10763,43.2254],[24.10691,43.22639],[24.10679,43.2282],[24.1059,43.2303],[24.10634,43.23094],[24.10884,43.23153],[24.10923,43.23228],[24.10657,43.23229],[24.10312,43.2302],[24.1007,43.2311],[24.09767,43.23134],[24.095,43.23103],[24.09239,43.22979],[24.09061,43.23065],[24.08823,43.23423],[24.09198,43.2365],[24.092,43.23722],[24.09132,43.23782],[24.09161,43.23852],[24.09461,43.2383],[24.09528,43.23862],[24.09382,43.2416],[24.09555,43.24149],[24.09806,43.24],[24.09882,43.23952],[24.09958,43.23806],[24.10182,43.23774],[24.10119,43.24004],[24.10627,43.24266],[24.1056,43.24328],[24.10206,43.24378],[24.10177,43.24432],[24.09976,43.24481],[24.09944,43.24526],[24.10189,43.24763],[24.10312,43.24758],[24.1065,43.24619],[24.10767,43.24745],[24.10774,43.24856],[24.10525,43.25061],[24.10406,43.25055],[24.10411,43.2492],[24.10114,43.25],[24.1003,43.25105],[24.09735,43.25023],[24.09463,43.24874],[24.09332,43.24868],[24.09164,43.2493],[24.09177,43.25101],[24.08886,43.25392],[24.0844,43.25493],[24.08261,43.25442],[24.08114,43.2551],[24.07885,43.25485],[24.07646,43.25801],[24.07648,43.25893],[24.0778,43.25939],[24.08006,43.25922],[24.08258,43.257],[24.0853,43.25609],[24.08665,43.2582],[24.08523,43.25985],[24.08259,43.26086],[24.08636,43.26397],[24.0871,43.26518],[24.08122,43.26726],[24.07882,43.26457],[24.07691,43.26487],[24.0749,43.263],[24.07598,43.26198],[24.07444,43.26039],[24.07241,43.25964],[24.06453,43.25453],[24.06208,43.25258],[24.06235,43.2518],[24.06187,43.25133],[24.06001,43.25125],[24.05829,43.2503],[24.05453,43.24723],[24.04905,43.24769],[24.04843,43.25058],[24.04726,43.25033],[24.04716,43.24933],[24.04654,43.24913],[24.04534,43.25051],[24.04532,43.25171],[24.04665,43.25328],[24.04994,43.25636],[24.05228,43.2571],[24.05438,43.2591],[24.05448,43.26044],[24.05347,43.26183],[24.04926,43.26302],[24.04849,43.26619],[24.05162,43.26736],[24.05457,43.26669],[24.0605,43.26633],[24.06757,43.26635],[24.06986,43.26714],[24.07037,43.26679],[24.07295,43.26978],[24.073,43.27311],[24.07219,43.27578],[24.06972,43.27648],[24.06964,43.27816],[24.06819,43.27877],[24.06796,43.27992],[24.06857,43.28188],[24.07073,43.28116],[24.07231,43.28222],[24.07174,43.28711],[24.07687,43.28423],[24.07845,43.28386],[24.08174,43.28444],[24.08354,43.28705],[24.0841,43.28654],[24.08621,43.28673],[24.0872,43.28455],[24.0924,43.28129],[24.0925,43.28003],[24.09587,43.28004],[24.09574,43.27933],[24.09733,43.27851],[24.09814,43.27727],[24.10071,43.27664],[24.10407,43.27687],[24.10535,43.27713],[24.10572,43.27843],[24.11316,43.27823],[24.11602,43.27766],[24.11699,43.27587],[24.11915,43.27515],[24.1187,43.27346],[24.11761,43.27302],[24.11892,43.27033],[24.11826,43.26958],[24.11646,43.26947],[24.11792,43.26775],[24.11946,43.26921],[24.1221,43.26926],[24.12961,43.26631],[24.13323,43.26587],[24.1323,43.26344],[24.13463,43.26381],[24.13633,43.26494],[24.14034,43.26298],[24.14029,43.26216],[24.13966,43.26182],[24.13659,43.26237],[24.13436,43.26172],[24.13193,43.26218],[24.12888,43.26165],[24.1287,43.26042],[24.12758,43.25897],[24.12951,43.25887],[24.13082,43.25938],[24.1333,43.25784],[24.13355,43.25672],[24.13297,43.25435],[24.13198,43.25329],[24.13268,43.25097],[24.13404,43.25061],[24.13591,43.24829],[24.12885,43.24538],[24.12956,43.24439],[24.13384,43.24445],[24.13434,43.2459],[24.13655,43.24698],[24.14291,43.24787],[24.14554,43.24756],[24.14664,43.24789],[24.14675,43.25254],[24.14534,43.25447],[24.14524,43.2554],[24.147,43.25701],[24.15522,43.25808],[24.15696,43.25927],[24.16554,43.25589],[24.17144,43.25532],[24.17421,43.25385],[24.17451,43.25323],[24.1728,43.25191],[24.17211,43.24931],[24.17319,43.24609],[24.1768,43.24335],[24.18321,43.24223],[24.1854,43.23962],[24.18885,43.23743],[24.1924,43.22994],[24.19561,43.22713],[24.19571,43.22413],[24.19363,43.22173],[24.19139,43.21776],[24.18804,43.21589],[24.18726,43.21432],[24.18628,43.21377],[24.17819,43.21141],[24.17378,43.20852],[24.17963,43.20765],[24.18853,43.21056],[24.19133,43.21209],[24.1921,43.21366],[24.19508,43.21532],[24.1968,43.21746],[24.19817,43.2203],[24.20044,43.22292],[24.20074,43.22606],[24.20018,43.22875],[24.19674,43.23169],[24.19505,43.23468],[24.19457,43.23689],[24.19255,43.23984],[24.18901,43.2421],[24.18666,43.24491],[24.18311,43.24628],[24.17915,43.24654],[24.17763,43.24775],[24.17706,43.2491],[24.17726,43.24989],[24.17874,43.25095],[24.17955,43.25335],[24.17796,43.25628],[24.17314,43.25878],[24.1672,43.2593],[24.16203,43.26123],[24.16197,43.26254],[24.16362,43.2629],[24.15926,43.26506],[24.1546,43.26581],[24.15377,43.26648],[24.15187,43.26655],[24.15186,43.26693],[24.15036,43.26706],[24.14966,43.26596],[24.14836,43.26597],[24.14456,43.26693],[24.14031,43.26726],[24.13904,43.26796],[24.14025,43.26882],[24.13881,43.2696],[24.13802,43.27169],[24.13575,43.27267],[24.13271,43.27328],[24.13083,43.27203],[24.12403,43.27272],[24.12244,43.2739],[24.12102,43.27669],[24.11917,43.27833],[24.11951,43.2789],[24.11725,43.27933],[24.11447,43.2806],[24.11033,43.28029],[24.10833,43.28185],[24.10818,43.28313],[24.10656,43.28335],[24.10572,43.28236],[24.10296,43.28279],[24.10301,43.28439],[24.09721,43.28668],[24.09686,43.28736],[24.09926,43.28914],[24.0998,43.28995],[24.09961,43.29042],[24.09803,43.29038],[24.09638,43.29133],[24.08973,43.29227],[24.08921,43.29152],[24.08552,43.28986],[24.08402,43.28867],[24.07891,43.28762],[24.07304,43.29122],[24.07377,43.2925],[24.07187,43.29527],[24.07342,43.29616],[24.07694,43.29544],[24.07784,43.29736],[24.08293,43.29701],[24.09018,43.29779],[24.09099,43.29659],[24.09301,43.29716],[24.09721,43.29689],[24.10201,43.29509],[24.10406,43.29375],[24.11831,43.29105],[24.12949,43.28814],[24.13408,43.28812],[24.13621,43.28718],[24.14283,43.28734],[24.14303,43.28638],[24.15001,43.28403],[24.15086,43.28325],[24.15096,43.28204],[24.15285,43.28213],[24.15494,43.28082],[24.15852,43.28147],[24.16204,43.28023],[24.16418,43.28003],[24.16519,43.27904],[24.16549,43.27636],[24.16674,43.2752],[24.16897,43.27531],[24.16982,43.27585],[24.17186,43.2787],[24.17176,43.27946],[24.17263,43.2802],[24.17367,43.28048],[24.1761,43.27812],[24.1773,43.27782],[24.17892,43.27834],[24.17854,43.27976],[24.17655,43.28165],[24.17634,43.28216],[24.17689,43.28279],[24.19008,43.28209],[24.19064,43.28159],[24.18993,43.27978],[24.19043,43.27899],[24.19111,43.27911],[24.19421,43.28197],[24.19574,43.28241],[24.19699,43.28228],[24.19719,43.28124],[24.1986,43.2801],[24.20107,43.27942],[24.20211,43.28208],[24.20071,43.28326],[24.19781,43.28356],[24.19746,43.28398],[24.19793,43.28524],[24.19531,43.28585],[24.19068,43.28545],[24.18748,43.28617],[24.18363,43.28514],[24.18046,43.2868],[24.1777,43.28694],[24.1753,43.28612],[24.1734,43.28452],[24.17115,43.28423],[24.16012,43.2874],[24.15724,43.28752],[24.15356,43.28836],[24.15293,43.28904],[24.154,43.28954],[24.15603,43.2895],[24.15817,43.28871],[24.16092,43.2893],[24.16252,43.29053],[24.16548,43.28993],[24.16685,43.29045],[24.16818,43.29337],[24.16715,43.29353],[24.16501,43.29247],[24.16167,43.29266],[24.16072,43.29472],[24.15949,43.29504],[24.15939,43.29583],[24.15999,43.2965],[24.16349,43.29691],[24.16563,43.29886],[24.16699,43.29697],[24.17986,43.29687],[24.18921,43.2957],[24.19115,43.29923],[24.19447,43.29835],[24.1954,43.29936],[24.19796,43.29869],[24.20717,43.2944],[24.20796,43.29479],[24.20788,43.29738],[24.20919,43.2995],[24.21099,43.30078],[24.21472,43.3021],[24.21464,43.30256],[24.2045,43.30766],[24.19947,43.30805],[24.19665,43.30701],[24.19451,43.30697],[24.19363,43.30584],[24.18438,43.30749],[24.18526,43.30661],[24.18362,43.30531],[24.1828,43.30356],[24.18161,43.30321],[24.18015,43.30357],[24.17843,43.30307],[24.1744,43.30383],[24.17277,43.30296],[24.17242,43.30129],[24.17131,43.30073],[24.17015,43.30072],[24.17053,43.30211],[24.17005,43.30244],[24.16682,43.30242],[24.16616,43.30167],[24.16435,43.30167],[24.16023,43.30337],[24.16178,43.306],[24.16206,43.30839],[24.16101,43.31326],[24.15976,43.31405],[24.15431,43.31402],[24.15292,43.31353],[24.15254,43.31285],[24.14294,43.31353],[24.13863,43.31135],[24.13099,43.31188],[24.12693,43.31154],[24.12627,43.31073],[24.12129,43.3123],[24.11758,43.31264],[24.11728,43.31421],[24.11837,43.31542],[24.11838,43.3162],[24.11288,43.31638],[24.11226,43.31625],[24.11161,43.31529],[24.11043,43.31541],[24.10183,43.31709],[24.10094,43.31807],[24.10122,43.3187],[24.10294,43.31947],[24.10873,43.31948],[24.11873,43.32033],[24.11656,43.32303],[24.11853,43.32402],[24.11986,43.32545],[24.11979,43.32682],[24.11841,43.32776],[24.11573,43.32818],[24.11341,43.32753],[24.10957,43.32787],[24.10676,43.32759],[24.10532,43.32786],[24.104,43.3295],[24.10252,43.3299],[24.09884,43.32857],[24.09139,43.32761],[24.08925,43.32689],[24.0836,43.32853],[24.07818,43.32849],[24.0665,43.32364],[24.06458,43.32194],[24.06072,43.31647],[24.05445,43.31084],[24.05447,43.30783],[24.06058,43.29974],[24.06603,43.29151],[24.06565,43.28952],[24.06632,43.27934],[24.06606,43.27559],[24.06705,43.27164],[24.06634,43.271],[24.06505,43.27079],[24.05205,43.2717],[24.05211,43.27539],[24.05175,43.27614],[24.05124,43.27645],[24.04748,43.27492],[24.04244,43.27711],[24.04311,43.27976],[24.04003,43.28101],[24.04014,43.28252],[24.03913,43.28265],[24.03803,43.28403],[24.03547,43.28415],[24.0359,43.28585],[24.03376,43.28766],[24.03369,43.28907],[24.03744,43.29094],[24.03911,43.29089],[24.04059,43.29198],[24.03757,43.29462],[24.03741,43.29563],[24.0403,43.29645],[24.03544,43.29927],[24.03636,43.30253],[24.03815,43.30433],[24.03959,43.30326],[24.04201,43.30286],[24.04248,43.30237],[24.0421,43.30146],[24.03979,43.30111],[24.03907,43.2995],[24.03923,43.29881],[24.04102,43.29803],[24.05015,43.29688],[24.05192,43.29597],[24.05214,43.29767],[24.05133,43.30352],[24.04868,43.30403],[24.04815,43.30361],[24.04807,43.30267],[24.04936,43.3018],[24.04982,43.30028],[24.04948,43.29948],[24.04436,43.30016],[24.04465,43.30126],[24.04725,43.30457],[24.04467,43.30623],[24.04484,43.30711],[24.04665,43.308],[24.0472,43.30917],[24.0468,43.31523],[24.04632,43.31616],[24.04442,43.31639],[24.04431,43.31713],[24.04479,43.31781],[24.04739,43.31848],[24.04762,43.3213],[24.05443,43.32174],[24.05524,43.32196],[24.05549,43.32309],[24.05451,43.3235],[24.05414,43.32466],[24.05182,43.32559],[24.04945,43.32566],[24.04818,43.32461],[24.04719,43.3247],[24.04503,43.32882],[24.04188,43.32781],[24.04162,43.32697],[24.03712,43.3261],[24.03626,43.32518],[24.0326,43.32487],[24.03084,43.32404],[24.02717,43.32461],[24.02261,43.32378],[24.02072,43.32475],[24.02454,43.32899],[24.02504,43.33051],[24.02799,43.33166],[24.03264,43.33046],[24.03542,43.33131],[24.0354,43.33212],[24.03018,43.33297],[24.02518,43.33314],[24.01907,43.33251],[24.01237,43.33384],[24.00407,43.33469],[24.00335,43.33398],[24.01048,43.33271],[24.02079,43.3299],[24.01992,43.328],[24.01921,43.32792],[24.00567,43.33062],[24.00011,43.33048],[23.99846,43.33086],[23.99548,43.33044],[23.99575,43.329],[23.99825,43.32801],[24.00945,43.32708],[24.01132,43.32652],[24.01113,43.32432],[24.00566,43.32451],[24.00253,43.32376],[24.00141,43.3229],[24.00192,43.32008],[24.00361,43.31771],[24.00491,43.31745],[24.00788,43.3184],[24.00926,43.31815],[24.01594,43.31586],[24.01727,43.31462],[24.01856,43.31466],[24.01832,43.31351],[24.01693,43.31298],[24.0154,43.31022],[24.01196,43.31145],[24.0133,43.30989],[24.01379,43.30839],[24.01728,43.30742],[24.0181,43.30659],[24.02197,43.30742],[24.02257,43.30914],[24.02324,43.30952],[24.02077,43.31228],[24.02047,43.31429],[24.02173,43.31603],[24.02459,43.31648],[24.02857,43.31629],[24.0288,43.31481],[24.03716,43.31506],[24.03923,43.31471],[24.04086,43.31344],[24.04187,43.31063],[24.04153,43.30943],[24.03253,43.30875],[24.03013,43.30801],[24.02839,43.30153],[24.02675,43.29783],[24.0256,43.29717],[24.02433,43.29761],[24.02251,43.29674],[24.01882,43.29903],[24.01397,43.2996],[24.01304,43.3004],[24.01065,43.30057],[24.01064,43.30185],[24.01012,43.30243],[24.00769,43.3026],[24.00588,43.30191],[23.98935,43.30273],[23.98322,43.30185],[23.97975,43.3005],[23.97502,43.29971],[23.97389,43.30045],[23.97207,43.29962],[23.9591,43.29948],[23.95825,43.2984],[23.95778,43.29575],[23.95971,43.29339],[23.96186,43.29256],[23.96279,43.29154],[23.965,43.29087],[23.96971,43.29299],[23.97082,43.29303],[23.97095,43.29034],[23.96787,43.28681],[23.96547,43.28538],[23.96514,43.28471],[23.96571,43.28378],[23.96931,43.28618],[23.96947,43.2871],[23.97058,43.28768],[23.97497,43.28811],[23.9762,43.28889],[23.97768,43.28751],[23.9784,43.28764],[23.97855,43.29065],[23.98166,43.29072],[23.98121,43.28891],[23.9817,43.28809],[23.98734,43.2839],[23.98679,43.28181],[23.98061,43.27909],[23.98055,43.27803],[23.97603,43.27673],[23.97572,43.27602],[23.97624,43.27515],[23.97565,43.27434],[23.97676,43.273],[23.97959,43.27214],[23.98197,43.27048],[23.98513,43.27132],[23.98652,43.27053],[23.98616,43.26883],[23.98677,43.26839],[23.98953,43.26877],[23.9921,43.26779],[23.99289,43.26651],[23.99361,43.26301],[23.99595,43.26164],[23.99877,43.26421],[24.00352,43.26251],[24.00438,43.26306],[24.00574,43.26274],[24.00901,43.2613],[24.00945,43.26006],[24.00681,43.2592],[24.00542,43.25773],[24.00585,43.25683],[24.00854,43.25648],[24.00876,43.25485],[24.00645,43.25361],[24.0062,43.25189],[24.00539,43.25047],[24.00276,43.24739],[24.00022,43.2463],[23.99828,43.24607],[23.98975,43.2476],[23.9795,43.25074],[23.97656,43.25121],[23.97396,43.25102],[23.97108,43.24865],[23.97001,43.24937],[23.97002,43.25036],[23.97238,43.25251],[23.97121,43.2541],[23.96907,43.25552],[23.96698,43.25531],[23.96365,43.25729],[23.96254,43.2585],[23.96178,43.25837],[23.95934,43.25607],[23.95829,43.2561],[23.95767,43.2567],[23.95728,43.25909],[23.95494,43.26129],[23.95351,43.26152],[23.95168,43.26061],[23.94981,43.26082],[23.94899,43.26045],[23.94872,43.26009],[23.94916,43.25925],[23.94811,43.25888],[23.94795,43.25811],[23.94851,43.25742],[23.95004,43.25687],[23.95196,43.25715],[23.95399,43.25513],[23.95365,43.25438],[23.95228,43.25371],[23.95025,43.25369],[23.94833,43.25254],[23.94638,43.25242],[23.94405,43.25138],[23.94119,43.2513],[23.93829,43.24951],[23.939,43.24845],[23.94135,43.2494],[23.94375,43.24889],[23.94599,43.25],[23.94865,43.25039],[23.95176,43.24761],[23.9507,43.24646],[23.95179,43.24578],[23.95437,43.24711],[23.95684,43.24916],[23.95865,43.24839],[23.96177,43.24862],[23.97097,43.24402],[23.97277,43.2453],[23.97519,43.24494],[23.97829,43.24148],[23.98265,43.23964],[23.98225,43.2384],[23.98112,43.23799],[23.97951,43.23842],[23.97761,43.24036],[23.97638,43.24093],[23.97294,43.24083],[23.96717,43.23609],[23.96521,43.23577],[23.96448,43.23514],[23.96376,43.23642],[23.96316,43.23643],[23.95887,43.23328],[23.95934,43.2328],[23.96252,43.23238],[23.9655,43.22769],[23.96412,43.22662],[23.95893,43.22987],[23.95682,43.23016],[23.95597,43.23158],[23.95351,43.23392],[23.95278,43.23604],[23.9464,43.24131],[23.94523,43.24138],[23.9441,43.2393],[23.94221,43.23993],[23.93944,43.23824],[23.93379,43.24285],[23.93291,43.24219],[23.93318,43.24102],[23.9344,43.23933],[23.93665,43.23747],[23.93782,43.23536],[23.93975,43.23421],[23.93732,43.2328],[23.93953,43.23001],[23.93951,43.22833],[23.93887,43.22724],[23.93646,43.22737],[23.93377,43.2316],[23.93121,43.23321],[23.93105,43.23506],[23.92964,43.23727],[23.92652,43.24031],[23.92344,43.24126],[23.91389,43.24208],[23.90905,43.24411],[23.90614,43.2437],[23.90225,43.24084],[23.9002,43.24066],[23.89837,43.24206],[23.9021,43.24459],[23.90036,43.24564],[23.89887,43.24423],[23.89594,43.24422],[23.89513,43.24249],[23.89086,43.24101],[23.88999,43.24013],[23.88969,43.23868],[23.88844,43.23889],[23.88752,43.23987],[23.88646,43.23973],[23.88628,43.23671],[23.88843,43.23604],[23.88859,43.2337],[23.88944,43.23287],[23.88977,43.23096],[23.88945,43.23015],[23.88761,43.23065],[23.88788,43.23107],[23.88587,43.23138],[23.88479,43.23318],[23.88391,43.23371],[23.88315,43.23381],[23.8825,43.23304],[23.88171,43.23294],[23.88153,43.23445],[23.88075,43.23457],[23.87956,43.23365],[23.87792,43.23509],[23.87618,43.2353],[23.87516,43.23917],[23.8742,43.24035],[23.87312,43.24145],[23.87106,43.24153],[23.87019,43.24075],[23.86685,43.24086],[23.86612,43.24027],[23.86596,43.23927],[23.86409,43.23856],[23.85951,43.23975],[23.85725,43.23946],[23.85811,43.23612],[23.85767,43.23388],[23.84815,43.23456],[23.8465,43.23524],[23.84031,43.23462],[23.83803,43.23507],[23.83689,43.2345],[23.83495,43.23486],[23.8342,43.2365],[23.83115,43.23651],[23.82978,43.23564],[23.83003,43.23338],[23.82738,43.22995],[23.82581,43.22866],[23.82361,43.23012],[23.82211,43.22991],[23.82146,43.22941],[23.82015,43.22653]],[[23.85729,43.21132],[23.85753,43.21258],[23.85917,43.21392],[23.8595,43.21496],[23.8614,43.21558],[23.86295,43.21537],[23.86446,43.21452],[23.87364,43.21449],[23.8765,43.21232],[23.87846,43.2127],[23.87974,43.21388],[23.8828,43.21436],[23.88485,43.21439],[23.89278,43.21289],[23.89814,43.21044],[23.89941,43.20871],[23.89939,43.2073],[23.89875,43.20638],[23.89507,43.20838],[23.89209,43.20864],[23.89089,43.20708],[23.89048,43.2041],[23.8981,43.20331],[23.89862,43.20043],[23.90752,43.20104],[23.90822,43.20043],[23.90809,43.19972],[23.9073,43.19815],[23.89855,43.19677],[23.89025,43.19892],[23.88962,43.20015],[23.88057,43.20228],[23.88016,43.20364],[23.85768,43.20999],[23.85724,43.21039],[23.85729,43.21132]],[[23.8881,43.22659],[23.88905,43.22771],[23.89265,43.22908],[23.89364,43.22851],[23.8966,43.22839],[23.8994,43.22942],[23.90445,43.23215],[23.90716,43.23466],[23.90785,43.23469],[23.9087,43.23356],[23.90878,43.23258],[23.90675,43.23133],[23.90476,43.22776],[23.90173,43.22757],[23.90207,43.22684],[23.90659,43.22374],[23.90833,43.2215],[23.91271,43.2208],[23.91146,43.21915],[23.91023,43.21846],[23.9117,43.21663],[23.91217,43.21404],[23.91363,43.21425],[23.91438,43.21486],[23.91808,43.21488],[23.92049,43.2172],[23.92354,43.21496],[23.92648,43.21444],[23.92756,43.21269],[23.92342,43.21202],[23.91899,43.2106],[23.91484,43.20642],[23.91355,43.20567],[23.91093,43.20507],[23.90422,43.20489],[23.90364,43.20532],[23.90371,43.20634],[23.90503,43.2079],[23.90466,43.20929],[23.9109,43.21124],[23.90872,43.21475],[23.90518,43.21869],[23.89852,43.22028],[23.89675,43.22129],[23.89318,43.22171],[23.88851,43.2231],[23.88609,43.22491],[23.8881,43.22659]],[[24.06351,43.31206],[24.0661,43.31434],[24.07027,43.31979],[24.07423,43.32207],[24.08072,43.32173],[24.08316,43.3202],[24.08423,43.32004],[24.08704,43.32146],[24.08731,43.32257],[24.09066,43.32069],[24.09286,43.32003],[24.09242,43.31704],[24.09421,43.31614],[24.0942,43.31456],[24.09256,43.31365],[24.0934,43.3126],[24.09257,43.31164],[24.08369,43.31074],[24.0818,43.31119],[24.08031,43.30944],[24.07927,43.30921],[24.07757,43.30932],[24.07485,43.31039],[24.07125,43.30518],[24.07023,43.30214],[24.06747,43.30246],[24.06726,43.30375],[24.06791,43.30567],[24.06695,43.31017],[24.06645,43.31114],[24.06418,43.31153],[24.06351,43.31206]],[[24.04819,43.15594],[24.04952,43.15708],[24.05256,43.15674],[24.05325,43.1574],[24.05625,43.15843],[24.06013,43.15812],[24.06336,43.15933],[24.06632,43.15981],[24.06729,43.15753],[24.06659,43.1538],[24.06734,43.15313],[24.06981,43.1531],[24.07147,43.1537],[24.07712,43.15317],[24.07873,43.15371],[24.08018,43.15303],[24.07991,43.15213],[24.08107,43.15113],[24.0796,43.14929],[24.07863,43.14683],[24.07897,43.14416],[24.07799,43.1437],[24.07685,43.14599],[24.07458,43.14734],[24.07267,43.14592],[24.07002,43.14563],[24.06701,43.14685],[24.06652,43.14766],[24.06705,43.14845],[24.0701,43.14835],[24.0707,43.14923],[24.0734,43.14896],[24.07396,43.14949],[24.0734,43.15051],[24.06726,43.15107],[24.06494,43.14888],[24.06461,43.14759],[24.06389,43.14687],[24.06059,43.147],[24.05964,43.14827],[24.05831,43.14906],[24.05826,43.15026],[24.05556,43.15102],[24.05284,43.15273],[24.05153,43.15445],[24.04919,43.15514],[24.04819,43.15594]],[[24.02497,43.24395],[24.03485,43.24408],[24.03747,43.24508],[24.03753,43.24569],[24.03529,43.24578],[24.03463,43.25491],[24.03414,43.25565],[24.03405,43.25719],[24.03228,43.25911],[24.03197,43.26011],[24.03284,43.26194],[24.03498,43.26328],[24.03587,43.26533],[24.03776,43.2674],[24.03951,43.26835],[24.04233,43.26884],[24.04138,43.26796],[24.04109,43.26636],[24.04186,43.26416],[24.04191,43.25892],[24.04323,43.25722],[24.03969,43.25401],[24.03884,43.25167],[24.03909,43.24945],[24.04113,43.24544],[24.04218,43.2401],[24.04102,43.24019],[24.04058,43.23928],[24.03784,43.23928],[24.03599,43.24004],[24.0319,43.24017],[24.0279,43.24123],[24.02534,43.2431],[24.02497,43.24395]],[[24.05228,43.16775],[24.05233,43.16836],[24.05392,43.17009],[24.05654,43.17168],[24.05867,43.17197],[24.06033,43.17173],[24.06041,43.16963],[24.06212,43.16883],[24.06297,43.16881],[24.0634,43.16984],[24.06459,43.17046],[24.06959,43.17055],[24.07486,43.16882],[24.07522,43.16657],[24.0741,43.16386],[24.07185,43.16314],[24.07076,43.1616],[24.06755,43.15997],[24.06631,43.15982],[24.06331,43.16403],[24.06144,43.16488],[24.06021,43.16432],[24.05525,43.16791],[24.05345,43.16691],[24.05228,43.16775]],[[23.99751,43.17885],[24.00015,43.18052],[24.00114,43.18055],[24.0055,43.17907],[24.01016,43.17911],[24.01267,43.18025],[24.01509,43.18272],[24.01705,43.18183],[24.01711,43.18141],[24.01464,43.17993],[24.015,43.17898],[24.01282,43.17739],[24.00609,43.17583],[24.00344,43.17576],[24.00284,43.1727],[24.00176,43.17246],[24.00175,43.17089],[24.00127,43.17013],[23.99802,43.16823],[23.99529,43.1657],[23.99278,43.16724],[23.99498,43.17176],[23.99443,43.17407],[23.9947,43.17512],[23.99683,43.17487],[23.99751,43.17566],[23.99965,43.17637],[23.99878,43.17825],[23.99751,43.17885]]]},"properties":{"SiteCode":"BG0001014","SiteNameBG":"Карлуково","SiteType":"SCI","SiteArea":28824.017189499998,"naturaClass":"habitats"}},{"type":"Feature","geometry":{"type":"Polygon","coordinates":[[[22.93806,43.8208],[22.93272,43.82205],[22.92697,43.82265],[22.92631,43.82049],[22.93117,43.81954],[22.93101,43.81871],[22.93631,43.81636],[22.93624,43.81587],[22.93509,43.81525],[22.93532,43.81451],[22.93442,43.81314],[22.93449,43.81247],[22.93927,43.81188],[22.9392,43.81127],[22.93391,43.80914],[22.93328,43.80824],[22.93383,43.80633],[22.93545,43.80574],[22.94258,43.80556],[22.94907,43.80307],[22.94972,43.80219],[22.94959,43.80116],[22.94752,43.80033],[22.94696,43.79932],[22.93857,43.79843],[22.93362,43.80226],[22.92843,43.80396],[22.92811,43.80357],[22.92536,43.80325],[22.92431,43.80229],[22.92391,43.80008],[22.92556,43.79928],[22.92686,43.79982],[22.93016,43.79736],[22.93426,43.79595],[22.94776,43.79648],[22.9494,43.79558],[22.95088,43.79238],[22.94915,43.7917],[22.94807,43.79023],[22.94819,43.78956],[22.94801,43.78983],[22.94475,43.7886],[22.94162,43.78889],[22.94388,43.78717],[22.94643,43.78287],[22.94905,43.78162],[22.9496,43.78024],[22.9493,43.78034],[22.95049,43.77962],[22.95358,43.7785],[22.95784,43.77852],[22.96535,43.78203],[22.96742,43.78347],[22.96915,43.78557],[22.9688,43.78868],[22.96756,43.79093],[22.96602,43.79295],[22.96392,43.79373],[22.96271,43.79488],[22.95946,43.79959],[22.95999,43.80036],[22.96251,43.80071],[22.96244,43.80159],[22.96169,43.80209],[22.96517,43.80265],[22.97103,43.802],[22.97694,43.80013],[22.98175,43.79974],[22.98674,43.79861],[22.98807,43.80183],[22.97644,43.80373],[22.97255,43.80536],[22.96325,43.8082],[22.95472,43.81061],[22.954,43.8107],[22.95392,43.81033],[22.93806,43.8208]]]},"properties":{"SiteCode":"BG0000497","SiteNameBG":"Арчар","SiteType":"SCI","SiteArea":807.20724247999999,"naturaClass":"habitats"}},{"type":"Feature","geometry":{"type":"MultiPolygon","coordinates":[[[[25.37828,43.22005],[25.37866,43.22111],[25.37826,43.22167],[25.37793,43.21992],[25.37555,43.22055],[25.37281,43.22058],[25.37307,43.22024],[25.37244,43.21976],[25.3679,43.21889],[25.36619,43.21786],[25.36285,43.21793],[25.3638,43.21669],[25.36259,43.21731],[25.3637,43.21616],[25.36814,43.21573],[25.36866,43.21699],[25.37219,43.21589],[25.3735,43.21495],[25.38169,43.21328],[25.38345,43.21379],[25.38645,43.21751],[25.38695,43.21759],[25.39169,43.21659],[25.39134,43.21434],[25.40052,43.21124],[25.40387,43.21158],[25.4073,43.21117],[25.40455,43.21168],[25.40458,43.21202],[25.40775,43.21339],[25.40882,43.21331],[25.40767,43.21145],[25.41229,43.21073],[25.41324,43.21233],[25.41481,43.21234],[25.41512,43.21184],[25.41533,43.21252],[25.41684,43.21],[25.41587,43.21012],[25.41559,43.2096],[25.42303,43.2075],[25.42778,43.20787],[25.42779,43.20852],[25.43001,43.20868],[25.43003,43.20901],[25.43212,43.20881],[25.4349,43.2093],[25.43818,43.20878],[25.44263,43.20714],[25.45038,43.20572],[25.45136,43.20908],[25.45379,43.20792],[25.45368,43.20616],[25.45679,43.20541],[25.45858,43.20623],[25.46002,43.20861],[25.4627,43.20849],[25.4643,43.20962],[25.47145,43.20868],[25.47647,43.20897],[25.47986,43.20824],[25.48367,43.20814],[25.48591,43.20767],[25.48637,43.2063],[25.48636,43.2057],[25.48427,43.20388],[25.48448,43.20277],[25.48938,43.20031],[25.49144,43.20144],[25.49211,43.20409],[25.49334,43.2046],[25.49354,43.20598],[25.49588,43.20533],[25.49634,43.20564],[25.49608,43.20596],[25.4979,43.20479],[25.49863,43.20503],[25.4988,43.20584],[25.49678,43.20719],[25.49672,43.20791],[25.4975,43.20816],[25.50088,43.20711],[25.50051,43.20643],[25.50187,43.20565],[25.50554,43.205],[25.509,43.20574],[25.51523,43.20502],[25.51567,43.20266],[25.51625,43.20186],[25.51914,43.20123],[25.52147,43.20399],[25.52245,43.20414],[25.52356,43.20517],[25.52366,43.20692],[25.5249,43.2082],[25.52378,43.21017],[25.52848,43.2109],[25.52923,43.21009],[25.53245,43.20866],[25.53515,43.20525],[25.5354,43.20423],[25.53924,43.2035],[25.54057,43.20431],[25.54124,43.20544],[25.54098,43.21024],[25.54207,43.21103],[25.54542,43.21177],[25.54817,43.21144],[25.55231,43.20859],[25.55591,43.2083],[25.55949,43.20731],[25.56179,43.20545],[25.56366,43.20509],[25.56334,43.20458],[25.56757,43.20502],[25.56756,43.20758],[25.57091,43.20843],[25.57479,43.20789],[25.58357,43.20776],[25.58433,43.20522],[25.58725,43.20526],[25.58793,43.20636],[25.58974,43.20643],[25.59176,43.20531],[25.59563,43.20551],[25.59714,43.2066],[25.59794,43.20842],[25.59765,43.20988],[25.5967,43.21101],[25.59682,43.21246],[25.59752,43.21301],[25.60091,43.2132],[25.60312,43.2145],[25.60677,43.21344],[25.60664,43.21194],[25.60765,43.21177],[25.60863,43.21269],[25.609,43.21249],[25.60977,43.21051],[25.60842,43.20779],[25.61057,43.20589],[25.61406,43.20705],[25.61533,43.20797],[25.61559,43.2083],[25.61478,43.20987],[25.61571,43.20929],[25.61785,43.20999],[25.619,43.2085],[25.62009,43.20797],[25.62275,43.20828],[25.6243,43.21068],[25.62392,43.21263],[25.62432,43.21318],[25.62582,43.21317],[25.62642,43.21373],[25.62658,43.21481],[25.62626,43.21578],[25.62433,43.21757],[25.62314,43.21753],[25.62271,43.21541],[25.62153,43.21474],[25.62259,43.21395],[25.62189,43.21253],[25.6221,43.21148],[25.61935,43.21066],[25.6166,43.21158],[25.61318,43.2114],[25.60551,43.21521],[25.60124,43.21583],[25.59976,43.21553],[25.59808,43.2144],[25.59369,43.21424],[25.59455,43.21424],[25.59393,43.20739],[25.59112,43.20624],[25.5904,43.20732],[25.59155,43.21021],[25.59116,43.21169],[25.59024,43.2126],[25.58732,43.2136],[25.5845,43.21367],[25.57952,43.21171],[25.57909,43.21189],[25.57898,43.21016],[25.5766,43.20967],[25.5726,43.20995],[25.56304,43.20941],[25.56201,43.20995],[25.56152,43.20964],[25.56013,43.21002],[25.559,43.20954],[25.55553,43.21008],[25.55542,43.21069],[25.55482,43.20947],[25.5513,43.21044],[25.55139,43.21074],[25.5502,43.21096],[25.54723,43.21275],[25.54556,43.21292],[25.54129,43.21197],[25.53754,43.20956],[25.53734,43.21051],[25.53708,43.20964],[25.53553,43.2088],[25.53282,43.2106],[25.53418,43.21096],[25.53372,43.2117],[25.53294,43.21119],[25.52804,43.21229],[25.52544,43.2122],[25.5229,43.21057],[25.52293,43.20823],[25.52232,43.20767],[25.52267,43.2076],[25.52037,43.20476],[25.5198,43.20257],[25.51911,43.20252],[25.51746,43.20291],[25.51786,43.2039],[25.51671,43.20416],[25.51694,43.20656],[25.51566,43.20751],[25.512,43.20793],[25.51005,43.20753],[25.50776,43.2062],[25.5052,43.20585],[25.5008,43.2078],[25.49627,43.20864],[25.49598,43.20924],[25.49565,43.20883],[25.49031,43.2077],[25.49048,43.2058],[25.48977,43.20481],[25.48975,43.20376],[25.48849,43.20378],[25.48686,43.20445],[25.48852,43.20714],[25.48748,43.20931],[25.48584,43.20997],[25.48173,43.20986],[25.48129,43.21169],[25.47121,43.2132],[25.46766,43.21347],[25.46772,43.213],[25.46129,43.21186],[25.46063,43.21287],[25.45968,43.21328],[25.45515,43.21392],[25.45219,43.21334],[25.44981,43.21487],[25.44757,43.21524],[25.44352,43.2149],[25.43914,43.21379],[25.43206,43.21457],[25.43051,43.21429],[25.43041,43.21332],[25.42834,43.21204],[25.42272,43.21123],[25.4214,43.21456],[25.41958,43.2153],[25.41715,43.21786],[25.41148,43.21847],[25.41134,43.21942],[25.40885,43.21911],[25.40793,43.21959],[25.40374,43.21705],[25.39699,43.2163],[25.39426,43.21657],[25.39411,43.21747],[25.39273,43.21903],[25.38942,43.22061],[25.38679,43.22104],[25.38408,43.22068],[25.38345,43.21811],[25.38233,43.21661],[25.38177,43.2165],[25.37956,43.21668],[25.37961,43.21886],[25.37931,43.21953],[25.37828,43.22005]]],[[[25.35583,43.22066],[25.3505,43.21885],[25.35109,43.2186],[25.35032,43.21809],[25.35069,43.21657],[25.3518,43.21622],[25.35225,43.21523],[25.35158,43.21394],[25.35017,43.21377],[25.34869,43.21453],[25.34755,43.21677],[25.34751,43.21784],[25.34686,43.21841],[25.34396,43.21718],[25.33967,43.21445],[25.33603,43.21003],[25.33271,43.20748],[25.32924,43.20575],[25.32763,43.20584],[25.32598,43.20532],[25.32519,43.20226],[25.32574,43.20128],[25.325,43.20038],[25.32361,43.19986],[25.31993,43.2013],[25.31834,43.20147],[25.31603,43.20085],[25.31546,43.19859],[25.31443,43.19712],[25.3145,43.19581],[25.31319,43.19439],[25.31347,43.19387],[25.31312,43.193],[25.30982,43.19187],[25.30705,43.19223],[25.3055,43.19322],[25.3045,43.19637],[25.30377,43.19717],[25.3017,43.19799],[25.29688,43.19755],[25.29366,43.19473],[25.28313,43.19204],[25.28219,43.19227],[25.28146,43.19327],[25.28135,43.19434],[25.28178,43.19467],[25.28146,43.19598],[25.28079,43.19656],[25.27763,43.1967],[25.27498,43.19507],[25.27234,43.19481],[25.26949,43.19555],[25.26804,43.19673],[25.26463,43.19747],[25.26352,43.1945],[25.26131,43.19182],[25.24967,43.1899],[25.24729,43.18898],[25.24513,43.18681],[25.24627,43.18375],[25.24495,43.18242],[25.23936,43.18344],[25.23449,43.18361],[25.23368,43.18411],[25.23358,43.18619],[25.2323,43.18766],[25.23026,43.18829],[25.22843,43.18825],[25.22425,43.18629],[25.21979,43.1819],[25.21872,43.18137],[25.2171,43.17843],[25.21682,43.1769],[25.21568,43.17572],[25.21434,43.17591],[25.21237,43.17838],[25.21075,43.17922],[25.20755,43.17908],[25.20651,43.17851],[25.20619,43.17715],[25.20605,43.17519],[25.20708,43.17316],[25.20662,43.1686],[25.20554,43.16625],[25.20277,43.16335],[25.20072,43.16274],[25.1949,43.16245],[25.1919,43.16113],[25.18818,43.15812],[25.18476,43.15644],[25.18375,43.15423],[25.18455,43.15186],[25.18389,43.15154],[25.1837,43.14972],[25.18207,43.1486],[25.18125,43.1465],[25.17969,43.14547],[25.17536,43.14552],[25.17265,43.14419],[25.17212,43.1444],[25.17108,43.14332],[25.16993,43.14308],[25.16893,43.14177],[25.16744,43.14117],[25.16878,43.14048],[25.17161,43.14204],[25.1726,43.14011],[25.17257,43.13894],[25.17034,43.13268],[25.17086,43.12966],[25.17257,43.12638],[25.17164,43.12486],[25.17263,43.12523],[25.17308,43.1263],[25.17266,43.1283],[25.17296,43.12999],[25.17221,43.13052],[25.17157,43.13458],[25.17344,43.13881],[25.17268,43.14248],[25.1735,43.14425],[25.17566,43.14499],[25.17968,43.14475],[25.18371,43.14744],[25.18345,43.14803],[25.1844,43.14924],[25.18394,43.14935],[25.185,43.15145],[25.18556,43.15152],[25.18529,43.15391],[25.18681,43.15615],[25.19001,43.156],[25.1901,43.15635],[25.18897,43.15672],[25.19437,43.15732],[25.19488,43.15644],[25.196,43.15717],[25.19578,43.15785],[25.19803,43.15826],[25.1976,43.15894],[25.19837,43.15856],[25.1997,43.1608],[25.20131,43.1603],[25.20181,43.16065],[25.20212,43.16007],[25.20367,43.16017],[25.2041,43.16038],[25.20317,43.16227],[25.20397,43.16257],[25.20427,43.16147],[25.20647,43.16378],[25.20759,43.1628],[25.20877,43.16347],[25.20783,43.16452],[25.21226,43.16527],[25.21189,43.16657],[25.21156,43.16663],[25.21204,43.16595],[25.21035,43.16559],[25.20976,43.16689],[25.20633,43.16582],[25.20751,43.16854],[25.20812,43.1682],[25.20887,43.16883],[25.20958,43.16843],[25.20888,43.16888],[25.2081,43.16838],[25.20758,43.16869],[25.20804,43.16927],[25.20765,43.16919],[25.20801,43.17144],[25.20733,43.17521],[25.20782,43.17652],[25.20688,43.17655],[25.20688,43.17768],[25.20825,43.17755],[25.20896,43.17911],[25.21047,43.1789],[25.20982,43.17746],[25.21052,43.17735],[25.21147,43.17839],[25.21089,43.17752],[25.21158,43.178],[25.21292,43.17662],[25.2121,43.17627],[25.21336,43.17602],[25.21319,43.17565],[25.21417,43.1753],[25.21568,43.17533],[25.21686,43.17609],[25.21768,43.17828],[25.21955,43.1806],[25.21918,43.18141],[25.22348,43.18495],[25.22849,43.18617],[25.23147,43.18448],[25.23137,43.18401],[25.23296,43.1834],[25.2361,43.18285],[25.23991,43.18294],[25.24362,43.18189],[25.24644,43.18194],[25.24853,43.18318],[25.24704,43.18573],[25.24911,43.18625],[25.24921,43.18711],[25.25216,43.18894],[25.25522,43.18925],[25.25665,43.18887],[25.25813,43.18549],[25.25856,43.18576],[25.25764,43.18842],[25.2625,43.19037],[25.26439,43.18973],[25.2627,43.1905],[25.26536,43.19447],[25.26819,43.19568],[25.27262,43.19428],[25.2768,43.19506],[25.27871,43.1942],[25.28056,43.19409],[25.2803,43.19218],[25.27932,43.19149],[25.28428,43.18972],[25.28661,43.18938],[25.28674,43.18973],[25.28839,43.1895],[25.28775,43.19003],[25.28856,43.19017],[25.289,43.18924],[25.29022,43.18909],[25.28941,43.19046],[25.2851,43.19146],[25.28312,43.19115],[25.29292,43.19363],[25.29625,43.1953],[25.29691,43.19476],[25.29107,43.19285],[25.29683,43.19464],[25.29808,43.19408],[25.29872,43.19466],[25.29794,43.19522],[25.30236,43.19253],[25.30366,43.19099],[25.3107,43.18984],[25.31057,43.19012],[25.31418,43.1912],[25.31488,43.19432],[25.3161,43.19467],[25.3173,43.19421],[25.31627,43.1952],[25.31824,43.19431],[25.31938,43.19236],[25.31826,43.19566],[25.31759,43.19644],[25.32238,43.19867],[25.32515,43.19902],[25.32679,43.20106],[25.32687,43.20238],[25.33043,43.20403],[25.33072,43.20591],[25.3323,43.20711],[25.33545,43.20686],[25.33675,43.20575],[25.33676,43.20434],[25.33813,43.20395],[25.34057,43.20394],[25.34461,43.20642],[25.34634,43.20947],[25.34594,43.21029],[25.3422,43.21286],[25.34121,43.21251],[25.34159,43.21322],[25.34356,43.21235],[25.34307,43.21398],[25.34162,43.21463],[25.34404,43.2166],[25.34735,43.21575],[25.34808,43.21417],[25.34788,43.21372],[25.34955,43.21298],[25.34894,43.21249],[25.34939,43.21167],[25.35049,43.21339],[25.35256,43.21408],[25.35272,43.21564],[25.35409,43.21688],[25.35275,43.21731],[25.35317,43.21774],[25.3548,43.21714],[25.35477,43.21766],[25.35577,43.21832],[25.35945,43.21765],[25.36195,43.21789],[25.36177,43.2184],[25.35919,43.21918],[25.35774,43.22051],[25.35583,43.22066]]]]},"properties":{"SiteCode":"BG0000609","SiteNameBG":"Река Росица","SiteType":"SCI","SiteArea":1441.46937372,"naturaClass":"habitats"}},{"type":"Feature","geometry":{"type":"Polygon","coordinates":[[[25.82671,41.79443],[25.82495,41.79545],[25.82234,41.79595],[25.82079,41.79502],[25.82052,41.79125],[25.8168,41.78575],[25.81942,41.78474],[25.82166,41.7858],[25.82443,41.78609],[25.82446,41.78466],[25.82517,41.7835],[25.82449,41.78258],[25.82192,41.78113],[25.82159,41.77982],[25.82299,41.77945],[25.82183,41.77632],[25.81911,41.77304],[25.82102,41.77293],[25.82279,41.77113],[25.82578,41.76947],[25.82584,41.76583],[25.82688,41.76584],[25.82692,41.76376],[25.82453,41.76179],[25.82262,41.76138],[25.82177,41.76072],[25.82053,41.76188],[25.82034,41.76278],[25.81799,41.7586],[25.81805,41.75548],[25.81756,41.75379],[25.81829,41.75158],[25.81816,41.7495],[25.81615,41.74545],[25.81494,41.74505],[25.81358,41.74374],[25.80986,41.7368],[25.80603,41.73299],[25.80304,41.73296],[25.80235,41.73387],[25.80069,41.73393],[25.79923,41.73466],[25.79826,41.73366],[25.7983,41.73108],[25.7998,41.72836],[25.7987,41.72785],[25.79603,41.72807],[25.79404,41.72755],[25.79263,41.7262],[25.78892,41.72608],[25.78672,41.72498],[25.78382,41.7257],[25.78128,41.72517],[25.77949,41.72607],[25.77839,41.72547],[25.7766,41.72637],[25.77373,41.72576],[25.77026,41.7273],[25.7655,41.72683],[25.7646,41.72748],[25.7625,41.72721],[25.76163,41.72646],[25.75009,41.72691],[25.74319,41.73107],[25.74193,41.7328],[25.74151,41.73737],[25.74016,41.7386],[25.73654,41.73615],[25.73254,41.73661],[25.73042,41.73758],[25.72809,41.73772],[25.7261,41.73695],[25.72596,41.73288],[25.72693,41.72865],[25.72896,41.72701],[25.73152,41.72671],[25.73632,41.72518],[25.73927,41.72139],[25.73829,41.7208],[25.73932,41.7189],[25.73911,41.71815],[25.73995,41.71501],[25.74461,41.71506],[25.74462,41.71456],[25.74893,41.71527],[25.75318,41.71398],[25.75447,41.7123],[25.75342,41.71233],[25.7531,41.71174],[25.75513,41.71145],[25.75602,41.70978],[25.75853,41.70703],[25.76458,41.70506],[25.76793,41.70307],[25.76884,41.70185],[25.76952,41.69952],[25.7704,41.69953],[25.77042,41.69895],[25.77229,41.69886],[25.77496,41.69728],[25.77501,41.6948],[25.77958,41.6917],[25.77968,41.68629],[25.78512,41.68476],[25.79083,41.68505],[25.79239,41.68236],[25.7942,41.68193],[25.79301,41.68101],[25.78943,41.67985],[25.78795,41.67848],[25.78918,41.67714],[25.79089,41.6762],[25.78986,41.67505],[25.78669,41.67446],[25.78697,41.67282],[25.78651,41.67117],[25.78492,41.67266],[25.78199,41.67277],[25.77773,41.67425],[25.77624,41.67391],[25.77348,41.67448],[25.77199,41.67407],[25.76862,41.67084],[25.76943,41.66766],[25.77088,41.66591],[25.76823,41.66525],[25.76773,41.66423],[25.76058,41.66582],[25.75963,41.66569],[25.75916,41.66492],[25.75854,41.66568],[25.75762,41.66576],[25.75631,41.66483],[25.75067,41.66437],[25.75072,41.66235],[25.75189,41.66098],[25.75162,41.66073],[25.74956,41.65985],[25.74785,41.66096],[25.74223,41.65897],[25.73958,41.65849],[25.73823,41.65721],[25.73858,41.65675],[25.73693,41.65486],[25.73528,41.65496],[25.73449,41.65587],[25.72686,41.65424],[25.72374,41.65444],[25.72263,41.65422],[25.72336,41.65312],[25.7216,41.65308],[25.71993,41.65221],[25.7173,41.65276],[25.71699,41.65233],[25.7149,41.6524],[25.71083,41.65119],[25.70796,41.65144],[25.70636,41.65278],[25.70204,41.65498],[25.70023,41.65648],[25.70021,41.65774],[25.69947,41.65677],[25.69839,41.65706],[25.69574,41.65992],[25.69399,41.66322],[25.69319,41.6638],[25.6928,41.66305],[25.68945,41.66182],[25.68845,41.66098],[25.68776,41.66143],[25.68152,41.66193],[25.68141,41.66082],[25.68027,41.66022],[25.68033,41.65894],[25.67899,41.65444],[25.68049,41.65153],[25.68037,41.64737],[25.68141,41.64675],[25.68339,41.647],[25.68718,41.64485],[25.69163,41.64464],[25.69125,41.64282],[25.68939,41.64251],[25.68983,41.63889],[25.68959,41.63847],[25.68884,41.63855],[25.68863,41.63942],[25.68523,41.63901],[25.68359,41.64001],[25.68385,41.64144],[25.68294,41.64143],[25.67888,41.639],[25.67545,41.63767],[25.67455,41.63671],[25.67452,41.63501],[25.67386,41.63409],[25.67307,41.63435],[25.67272,41.6336],[25.67282,41.63164],[25.67386,41.63108],[25.67271,41.63024],[25.67139,41.63142],[25.6704,41.63166],[25.66903,41.62785],[25.6602,41.62289],[25.65884,41.62424],[25.65852,41.62671],[25.65563,41.62701],[25.65552,41.6293],[25.65729,41.62982],[25.65724,41.63048],[25.65562,41.63225],[25.65567,41.63463],[25.65498,41.63555],[25.65501,41.63704],[25.65424,41.63774],[25.64822,41.63497],[25.64494,41.63631],[25.64359,41.63614],[25.63742,41.63768],[25.63605,41.63682],[25.63648,41.63603],[25.63453,41.63547],[25.63188,41.63318],[25.62799,41.63414],[25.62626,41.63549],[25.62594,41.63706],[25.62789,41.63947],[25.62806,41.64067],[25.62901,41.64173],[25.62848,41.64281],[25.62902,41.64356],[25.62844,41.64374],[25.62892,41.64431],[25.62624,41.6442],[25.62605,41.64521],[25.62526,41.64602],[25.6243,41.64585],[25.62446,41.64687],[25.62374,41.6472],[25.62515,41.64992],[25.62429,41.65168],[25.62588,41.652],[25.6265,41.65262],[25.62756,41.65258],[25.62717,41.65447],[25.62522,41.65667],[25.62951,41.65794],[25.62941,41.65864],[25.62881,41.65863],[25.62877,41.65945],[25.63035,41.66059],[25.62863,41.66069],[25.62802,41.66186],[25.62551,41.66265],[25.62043,41.66237],[25.62007,41.66223],[25.62034,41.65982],[25.61805,41.65965],[25.61683,41.65846],[25.61623,41.65853],[25.61543,41.65951],[25.61462,41.65953],[25.61411,41.65921],[25.61422,41.6579],[25.61338,41.65797],[25.61222,41.65922],[25.61053,41.65928],[25.61076,41.66014],[25.60947,41.66026],[25.60935,41.6622],[25.60755,41.66212],[25.6056,41.66421],[25.60227,41.66565],[25.60372,41.66754],[25.60569,41.66908],[25.60561,41.67014],[25.60501,41.67055],[25.60341,41.67053],[25.60298,41.67116],[25.60091,41.67099],[25.59897,41.67199],[25.59866,41.67276],[25.59809,41.67246],[25.59733,41.6734],[25.59167,41.67314],[25.58997,41.67437],[25.59014,41.67507],[25.58872,41.67549],[25.58749,41.67505],[25.58421,41.67503],[25.58094,41.67638],[25.58054,41.67534],[25.57822,41.6751],[25.57405,41.67669],[25.57225,41.67578],[25.56687,41.67745],[25.5615,41.67655],[25.56057,41.67601],[25.56086,41.67456],[25.56318,41.67199],[25.56288,41.67013],[25.55855,41.66931],[25.56256,41.66456],[25.5625,41.6641],[25.56112,41.66387],[25.56219,41.66286],[25.56232,41.66214],[25.55872,41.66313],[25.55667,41.6658],[25.55388,41.66546],[25.55261,41.66324],[25.55156,41.66308],[25.55011,41.66568],[25.54918,41.66568],[25.54881,41.66619],[25.54859,41.66703],[25.54926,41.66857],[25.5485,41.66935],[25.54548,41.66763],[25.54489,41.66795],[25.54718,41.67095],[25.54751,41.67534],[25.5489,41.67696],[25.54929,41.679],[25.54565,41.68205],[25.54409,41.68171],[25.54263,41.68319],[25.54275,41.68426],[25.53968,41.68743],[25.53951,41.6886],[25.53606,41.68984],[25.52477,41.69087],[25.52064,41.6905],[25.51533,41.69214],[25.51161,41.69241],[25.50224,41.69047],[25.50201,41.68844],[25.505,41.68848],[25.51054,41.68962],[25.51382,41.68956],[25.52013,41.68793],[25.52426,41.6883],[25.52956,41.6873],[25.5354,41.68748],[25.54037,41.6822],[25.54574,41.67799],[25.54394,41.67583],[25.54375,41.67134],[25.5432,41.67058],[25.53932,41.66986],[25.53732,41.67276],[25.53708,41.67245],[25.53671,41.67301],[25.53193,41.67518],[25.52933,41.6755],[25.52718,41.67673],[25.52598,41.67645],[25.5233,41.67458],[25.51971,41.67477],[25.51461,41.67363],[25.51261,41.67005],[25.51165,41.66979],[25.5111,41.66864],[25.51278,41.66684],[25.51062,41.66649],[25.50862,41.66471],[25.50443,41.66321],[25.50393,41.66238],[25.50254,41.66277],[25.50143,41.66242],[25.50081,41.66375],[25.49613,41.66471],[25.495,41.66641],[25.49268,41.66628],[25.48945,41.66459],[25.48967,41.66197],[25.48914,41.6612],[25.49178,41.65957],[25.49139,41.65733],[25.49353,41.65539],[25.49406,41.65354],[25.49181,41.65352],[25.49132,41.6521],[25.49021,41.6515],[25.48952,41.64928],[25.49046,41.64871],[25.49014,41.64791],[25.4915,41.64738],[25.49079,41.64652],[25.48777,41.64525],[25.4868,41.64369],[25.48719,41.64356],[25.48731,41.64187],[25.48611,41.64161],[25.4742,41.64519],[25.4712,41.64489],[25.4692,41.64395],[25.46757,41.64227],[25.46787,41.63796],[25.46945,41.63877],[25.47144,41.63883],[25.47159,41.63849],[25.47085,41.63754],[25.4693,41.63687],[25.46825,41.63695],[25.46884,41.63205],[25.46714,41.63116],[25.46561,41.63269],[25.465,41.63233],[25.46444,41.63315],[25.464,41.63489],[25.46432,41.63638],[25.46348,41.63787],[25.46401,41.63905],[25.46159,41.64022],[25.45961,41.6402],[25.45331,41.6431],[25.44458,41.6416],[25.44387,41.64069],[25.44261,41.64218],[25.44201,41.64473],[25.44079,41.64606],[25.43773,41.64784],[25.43578,41.64813],[25.43508,41.64731],[25.43329,41.6469],[25.42703,41.64783],[25.42561,41.64737],[25.42284,41.6477],[25.42179,41.64893],[25.42057,41.64868],[25.41905,41.64756],[25.41755,41.6447],[25.41761,41.64319],[25.41676,41.64233],[25.41685,41.64147],[25.41541,41.63941],[25.41473,41.63908],[25.41283,41.63942],[25.41081,41.64058],[25.4092,41.64025],[25.40859,41.63796],[25.41008,41.63681],[25.40977,41.63563],[25.4134,41.63509],[25.41583,41.63538],[25.4165,41.63612],[25.41806,41.63508],[25.41931,41.6349],[25.42009,41.63558],[25.42418,41.63548],[25.42554,41.63506],[25.42611,41.63539],[25.42716,41.63462],[25.42802,41.63479],[25.42882,41.63625],[25.42992,41.63508],[25.4311,41.63511],[25.43216,41.63345],[25.43517,41.63202],[25.43588,41.63032],[25.43894,41.63187],[25.44067,41.63222],[25.441,41.63179],[25.44246,41.63193],[25.44146,41.63062],[25.4424,41.63074],[25.44371,41.62948],[25.44448,41.62945],[25.44486,41.62839],[25.4462,41.62786],[25.44625,41.62728],[25.44589,41.62698],[25.44031,41.62846],[25.42591,41.62852],[25.42519,41.62781],[25.42254,41.62864],[25.41761,41.62866],[25.40921,41.62535],[25.40349,41.62405],[25.39802,41.62559],[25.39591,41.62524],[25.38543,41.62747],[25.38146,41.62752],[25.38019,41.62839],[25.37829,41.62822],[25.37834,41.62498],[25.38359,41.62332],[25.38728,41.62323],[25.38928,41.62271],[25.39139,41.62019],[25.40019,41.61691],[25.40047,41.61463],[25.40396,41.61487],[25.40811,41.61744],[25.40941,41.61712],[25.41014,41.61749],[25.41812,41.6171],[25.41833,41.61622],[25.42044,41.61636],[25.42086,41.61557],[25.42371,41.61556],[25.42388,41.61511],[25.42844,41.61441],[25.42823,41.6105],[25.42149,41.61184],[25.41876,41.61072],[25.41748,41.60934],[25.41389,41.60864],[25.4121,41.60699],[25.40567,41.60411],[25.40401,41.60379],[25.40153,41.60465],[25.4011,41.60389],[25.39735,41.60267],[25.39708,41.60169],[25.39797,41.60113],[25.408,41.6017],[25.40889,41.60126],[25.41095,41.60149],[25.41141,41.60076],[25.40726,41.59942],[25.40466,41.59733],[25.40205,41.59631],[25.4023,41.59567],[25.39719,41.59113],[25.39675,41.58848],[25.39789,41.58816],[25.40513,41.5878],[25.40591,41.5872],[25.40733,41.58706],[25.40885,41.58564],[25.40875,41.58698],[25.41397,41.58936],[25.41629,41.59142],[25.41718,41.59134],[25.41825,41.59004],[25.41946,41.59044],[25.41996,41.58926],[25.41953,41.58847],[25.42054,41.58805],[25.42198,41.58928],[25.42404,41.58957],[25.42528,41.59068],[25.42701,41.59127],[25.42807,41.59085],[25.43075,41.59181],[25.43216,41.59105],[25.43404,41.59204],[25.43467,41.59293],[25.4364,41.59291],[25.43641,41.5923],[25.4356,41.59217],[25.43571,41.59173],[25.43895,41.59175],[25.4418,41.59251],[25.44416,41.58989],[25.44784,41.58911],[25.448,41.59011],[25.44864,41.59045],[25.44793,41.59295],[25.44719,41.5939],[25.44752,41.59413],[25.45352,41.59279],[25.45528,41.59281],[25.46778,41.59492],[25.47055,41.59628],[25.4684,41.59346],[25.46658,41.59192],[25.46663,41.59092],[25.4674,41.59036],[25.46716,41.58924],[25.47067,41.58798],[25.47739,41.58754],[25.47864,41.5846],[25.47945,41.58551],[25.47996,41.58789],[25.48095,41.58886],[25.48147,41.5882],[25.48317,41.58766],[25.48787,41.58761],[25.48817,41.58892],[25.48914,41.58908],[25.49687,41.58865],[25.49895,41.5877],[25.49909,41.58958],[25.49992,41.59056],[25.50299,41.59124],[25.50129,41.59215],[25.50266,41.59233],[25.51099,41.5963],[25.51467,41.59508],[25.51415,41.59273],[25.51247,41.59142],[25.51961,41.59066],[25.5213,41.59111],[25.52276,41.58963],[25.52142,41.58598],[25.51833,41.58423],[25.51867,41.58189],[25.51759,41.57909],[25.51366,41.57691],[25.5106,41.57366],[25.51402,41.57349],[25.51577,41.5718],[25.51584,41.56881],[25.50854,41.56808],[25.51145,41.56328],[25.50527,41.56176],[25.49126,41.54721],[25.49108,41.54519],[25.49475,41.54546],[25.49564,41.54397],[25.49824,41.54208],[25.49916,41.53932],[25.49954,41.53499],[25.49632,41.5331],[25.49672,41.53146],[25.48297,41.52495],[25.47567,41.52431],[25.46914,41.52202],[25.4629,41.52304],[25.46295,41.52056],[25.45897,41.51886],[25.45491,41.52046],[25.44951,41.51681],[25.44696,41.51623],[25.44294,41.51617],[25.44152,41.5145],[25.44156,41.51285],[25.44085,41.51202],[25.4372,41.5117],[25.44318,41.50628],[25.44323,41.50408],[25.44107,41.50295],[25.43882,41.50512],[25.43558,41.50315],[25.43418,41.50038],[25.43204,41.49816],[25.43386,41.49684],[25.43354,41.49675],[25.43365,41.49208],[25.43154,41.48875],[25.43229,41.48766],[25.43967,41.48501],[25.44407,41.48452],[25.45179,41.4827],[25.45516,41.47917],[25.45744,41.47535],[25.46298,41.47295],[25.46672,41.46943],[25.47296,41.46841],[25.47961,41.46548],[25.48603,41.45649],[25.4879,41.45459],[25.49597,41.45332],[25.49883,41.45583],[25.50688,41.45566],[25.5102,41.45406],[25.52628,41.45399],[25.53175,41.45461],[25.53716,41.45743],[25.53935,41.45773],[25.54049,41.45555],[25.54274,41.4531],[25.54858,41.45345],[25.54854,41.4551],[25.55365,41.45544],[25.55434,41.45737],[25.55284,41.459],[25.54952,41.46061],[25.55203,41.46284],[25.5557,41.46179],[25.56018,41.45772],[25.56606,41.45614],[25.5683,41.45397],[25.56838,41.45012],[25.57179,41.44467],[25.569,41.4414],[25.56569,41.43956],[25.55334,41.43666],[25.54827,41.43467],[25.54828,41.43403],[25.54513,41.43224],[25.53919,41.43284],[25.53589,41.43458],[25.52878,41.43427],[25.53361,41.43053],[25.5366,41.42946],[25.53754,41.42702],[25.54227,41.4273],[25.54263,41.42463],[25.53944,41.42169],[25.53301,41.41759],[25.53746,41.4172],[25.54195,41.41525],[25.5378,41.4152],[25.53579,41.41272],[25.53291,41.41183],[25.53019,41.41283],[25.52564,41.41571],[25.52382,41.41792],[25.52081,41.41989],[25.51571,41.42227],[25.51396,41.42114],[25.51337,41.41902],[25.51074,41.41953],[25.50682,41.42238],[25.505,41.42414],[25.50498,41.42504],[25.50169,41.42633],[25.50165,41.42812],[25.50249,41.43013],[25.49684,41.43095],[25.49026,41.43377],[25.48764,41.43172],[25.4842,41.42677],[25.48255,41.42117],[25.48265,41.41694],[25.48091,41.41535],[25.48217,41.4118],[25.4875,41.41209],[25.49107,41.41169],[25.48937,41.4081],[25.48463,41.40804],[25.48111,41.40643],[25.47757,41.40594],[25.47703,41.40348],[25.48033,41.40196],[25.48126,41.39996],[25.48693,41.39825],[25.49161,41.40077],[25.49845,41.39997],[25.49762,41.3975],[25.49766,41.39572],[25.50565,41.39582],[25.50392,41.39402],[25.49983,41.39151],[25.50397,41.39156],[25.504,41.39045],[25.50607,41.39047],[25.50668,41.38959],[25.50437,41.38711],[25.50296,41.38419],[25.50448,41.3822],[25.50714,41.38268],[25.50737,41.38536],[25.50972,41.38651],[25.51238,41.38654],[25.51569,41.38413],[25.51576,41.38123],[25.51695,41.3808],[25.51818,41.37903],[25.51938,41.37838],[25.52202,41.37953],[25.52311,41.38356],[25.521,41.38531],[25.5245,41.38759],[25.52569,41.3876],[25.52828,41.39076],[25.52823,41.39299],[25.52995,41.39547],[25.53489,41.39977],[25.53515,41.40133],[25.53728,41.39913],[25.53882,41.39625],[25.53941,41.40063],[25.54229,41.40031],[25.5444,41.39923],[25.54507,41.39745],[25.54696,41.39517],[25.54698,41.39612],[25.5503,41.39609],[25.55104,41.39688],[25.55106,41.40037],[25.55685,41.40066],[25.55708,41.39959],[25.55934,41.39632],[25.55901,41.39494],[25.56449,41.39474],[25.56581,41.39269],[25.56736,41.38859],[25.56443,41.3891],[25.56294,41.39046],[25.5603,41.39062],[25.55671,41.38833],[25.55329,41.38699],[25.54681,41.38756],[25.54729,41.38513],[25.55039,41.38176],[25.5646,41.38242],[25.56638,41.38001],[25.56776,41.3758],[25.56406,41.37344],[25.56178,41.37541],[25.5608,41.37438],[25.55913,41.37411],[25.55443,41.37456],[25.54911,41.37298],[25.5565,41.37181],[25.56333,41.3716],[25.56335,41.37071],[25.5608,41.3689],[25.55976,41.36726],[25.55938,41.36482],[25.55987,41.36223],[25.56077,41.36078],[25.55693,41.35894],[25.55589,41.35731],[25.55591,41.35617],[25.55721,41.35586],[25.55746,41.3544],[25.5532,41.35224],[25.55521,41.34869],[25.55504,41.34674],[25.54948,41.34505],[25.54876,41.34796],[25.54593,41.34938],[25.54185,41.34868],[25.54006,41.35158],[25.53434,41.35687],[25.52179,41.35915],[25.52124,41.35492],[25.52797,41.35273],[25.53065,41.34838],[25.53148,41.34597],[25.529,41.3469],[25.52195,41.34681],[25.51722,41.34312],[25.51242,41.34452],[25.50618,41.34428],[25.50453,41.34117],[25.51779,41.33615],[25.51611,41.33402],[25.51441,41.33302],[25.51056,41.33183],[25.50838,41.33294],[25.49459,41.33292],[25.49198,41.33403],[25.4918,41.33256],[25.49399,41.33113],[25.49103,41.32833],[25.49149,41.32736],[25.49346,41.32593],[25.492,41.32363],[25.489,41.32295],[25.48993,41.32036],[25.49128,41.31762],[25.49261,41.31617],[25.49435,41.31538],[25.50103,41.31515],[25.50129,41.3132],[25.50076,41.308],[25.50322,41.30413],[25.49456,41.29899],[25.49437,41.29997],[25.4934,41.3004],[25.4879,41.29779],[25.48539,41.29513],[25.48275,41.29445],[25.48229,41.29471],[25.48226,41.29599],[25.48322,41.29674],[25.48582,41.29702],[25.48601,41.29892],[25.4827,41.29977],[25.4827,41.30057],[25.48186,41.30112],[25.48183,41.30217],[25.48102,41.3035],[25.4812,41.30403],[25.48194,41.30466],[25.48416,41.30522],[25.48517,41.30641],[25.48969,41.30599],[25.4937,41.30711],[25.49423,41.30776],[25.49333,41.30856],[25.49194,41.30797],[25.48876,41.30776],[25.48785,41.30818],[25.48852,41.30957],[25.48808,41.3105],[25.48689,41.30883],[25.48586,41.3084],[25.48532,41.30896],[25.48552,41.3106],[25.48427,41.31151],[25.48292,41.31178],[25.4801,41.31135],[25.47533,41.3142],[25.47455,41.31406],[25.47334,41.31292],[25.473,41.31331],[25.47324,41.31462],[25.47268,41.31475],[25.47016,41.31347],[25.46913,41.31445],[25.46772,41.31449],[25.46601,41.31286],[25.4636,41.31155],[25.45903,41.31098],[25.45885,41.30879],[25.45702,41.30725],[25.45711,41.30597],[25.45466,41.30665],[25.45131,41.30631],[25.44882,41.30456],[25.44446,41.30362],[25.44191,41.30197],[25.43851,41.30425],[25.44088,41.30611],[25.44544,41.30781],[25.44634,41.31074],[25.44606,41.31238],[25.44508,41.31274],[25.44481,41.31419],[25.44572,41.3164],[25.44562,41.32078],[25.43438,41.32501],[25.4305,41.32495],[25.42536,41.32744],[25.41771,41.33336],[25.41743,41.33482],[25.42174,41.3367],[25.42754,41.33733],[25.42825,41.33825],[25.43017,41.33901],[25.43134,41.34067],[25.42986,41.34174],[25.42718,41.34225],[25.42088,41.34217],[25.41865,41.34451],[25.41946,41.34589],[25.41484,41.34656],[25.41003,41.34539],[25.4086,41.34428],[25.40767,41.34281],[25.40826,41.33825],[25.40683,41.33713],[25.40761,41.33514],[25.40521,41.33437],[25.40452,41.3329],[25.40461,41.32907],[25.40635,41.32709],[25.4083,41.32675],[25.4089,41.32183],[25.4123,41.32151],[25.41669,41.32011],[25.41898,41.31576],[25.41706,41.31518],[25.41439,41.31515],[25.41387,41.31678],[25.41314,41.31677],[25.41098,41.3162],[25.41174,41.31456],[25.40862,41.31361],[25.40014,41.31367],[25.39479,41.31451],[25.39119,41.31336],[25.38694,41.30874],[25.38651,41.30691],[25.38534,41.30507],[25.38316,41.30504],[25.38037,41.30043],[25.37627,41.30001],[25.37358,41.3007],[25.37239,41.29995],[25.37267,41.289],[25.3745,41.28812],[25.37104,41.28843],[25.37048,41.28888],[25.36886,41.29068],[25.36998,41.29245],[25.36956,41.29421],[25.36811,41.29422],[25.36188,41.29317],[25.35674,41.29124],[25.35597,41.29266],[25.35404,41.29304],[25.35293,41.29115],[25.35379,41.29052],[25.35355,41.29015],[25.35092,41.29103],[25.34828,41.28912],[25.34765,41.29025],[25.34149,41.28872],[25.33814,41.28877],[25.33206,41.28687],[25.3319,41.28835],[25.33056,41.29121],[25.32912,41.29121],[25.32603,41.29312],[25.32316,41.29382],[25.32113,41.28985],[25.32125,41.28872],[25.32259,41.28724],[25.32026,41.28606],[25.31906,41.28697],[25.31839,41.28855],[25.31377,41.28832],[25.31309,41.28927],[25.31015,41.28983],[25.30968,41.29229],[25.30875,41.29265],[25.30699,41.29126],[25.30795,41.29034],[25.30788,41.28963],[25.30637,41.29024],[25.30542,41.28999],[25.30426,41.28885],[25.30377,41.2869],[25.30219,41.28806],[25.29916,41.28742],[25.29767,41.2895],[25.29556,41.28965],[25.2936,41.28928],[25.29241,41.28839],[25.28804,41.28683],[25.28645,41.28708],[25.28247,41.28571],[25.28106,41.28478],[25.28005,41.28317],[25.27878,41.28316],[25.27874,41.28594],[25.28064,41.28784],[25.27958,41.28795],[25.27578,41.28657],[25.27533,41.28572],[25.27582,41.28289],[25.27446,41.28166],[25.27331,41.28317],[25.27114,41.28374],[25.26608,41.28205],[25.26603,41.28407],[25.26278,41.28504],[25.26247,41.28645],[25.26025,41.28925],[25.26019,41.29168],[25.25291,41.29259],[25.2505,41.29214],[25.24878,41.29056],[25.24731,41.29108],[25.24572,41.29076],[25.23726,41.29558],[25.22808,41.3028],[25.22492,41.30275],[25.21632,41.30418],[25.21544,41.30701],[25.21619,41.30925],[25.20596,41.30969],[25.20186,41.31226],[25.20182,41.31389],[25.2047,41.31656],[25.20464,41.31879],[25.1986,41.32336],[25.19801,41.32537],[25.19791,41.32882],[25.1968,41.33022],[25.19352,41.33199],[25.19346,41.33422],[25.19017,41.3366],[25.18477,41.33732],[25.18482,41.3355],[25.18918,41.33354],[25.18489,41.33307],[25.18283,41.3298],[25.18239,41.32634],[25.18108,41.32511],[25.17628,41.32548],[25.17612,41.32446],[25.17243,41.3265],[25.17301,41.3257],[25.17237,41.32449],[25.17279,41.32331],[25.17567,41.32124],[25.17915,41.32106],[25.18036,41.31891],[25.17912,41.3155],[25.17784,41.31431],[25.17958,41.31201],[25.17934,41.31],[25.1807,41.30916],[25.18161,41.3079],[25.18063,41.30484],[25.17882,41.30249],[25.18257,41.29991],[25.18335,41.2985],[25.18893,41.29582],[25.19035,41.29458],[25.19124,41.29472],[25.19281,41.29605],[25.19727,41.29609],[25.19792,41.29407],[25.20017,41.29219],[25.2017,41.29176],[25.20304,41.29233],[25.2065,41.2915],[25.2091,41.29178],[25.20988,41.28956],[25.21236,41.28701],[25.21274,41.28491],[25.21477,41.28309],[25.21795,41.28323],[25.22172,41.28059],[25.22369,41.27743],[25.22453,41.27228],[25.22588,41.26914],[25.22396,41.26647],[25.2233,41.26476],[25.22577,41.26449],[25.22636,41.26341],[25.22877,41.26168],[25.22896,41.26044],[25.23035,41.25915],[25.23069,41.25686],[25.23209,41.25695],[25.23258,41.25626],[25.23217,41.25572],[25.23334,41.25472],[25.23154,41.24895],[25.23147,41.24796],[25.23221,41.24738],[25.23517,41.247],[25.23911,41.24525],[25.2428,41.24673],[25.24591,41.246],[25.25048,41.24598],[25.25607,41.24476],[25.25959,41.24502],[25.26139,41.24486],[25.26399,41.24385],[25.26644,41.24397],[25.26945,41.24248],[25.27348,41.24127],[25.27976,41.23767],[25.2809,41.23598],[25.28805,41.23537],[25.28843,41.23565],[25.28847,41.23772],[25.2917,41.24282],[25.29595,41.24497],[25.3013,41.24399],[25.30811,41.24442],[25.31272,41.24318],[25.31596,41.24416],[25.32221,41.24233],[25.3244,41.24036],[25.32675,41.24053],[25.33072,41.24269],[25.33166,41.2426],[25.33238,41.24176],[25.33351,41.24223],[25.33483,41.24074],[25.33685,41.24072],[25.33644,41.24254],[25.34156,41.24786],[25.34965,41.24802],[25.35115,41.24883],[25.35229,41.25071],[25.35443,41.25023],[25.35599,41.25048],[25.35924,41.25319],[25.35925,41.25565],[25.3654,41.25777],[25.36673,41.25995],[25.36752,41.26012],[25.37057,41.2603],[25.3724,41.25897],[25.37725,41.2583],[25.37932,41.25716],[25.38143,41.25726],[25.38592,41.25613],[25.38814,41.25724],[25.38872,41.25826],[25.39501,41.25793],[25.39732,41.26008],[25.40087,41.26089],[25.40356,41.2627],[25.40616,41.26154],[25.4085,41.2623],[25.40903,41.2618],[25.41065,41.26187],[25.41096,41.26427],[25.41228,41.26534],[25.41549,41.26576],[25.41641,41.26653],[25.42107,41.26557],[25.42297,41.26414],[25.42551,41.26488],[25.42689,41.26445],[25.4292,41.2646],[25.43031,41.26717],[25.42968,41.27006],[25.4314,41.27503],[25.43549,41.27639],[25.44254,41.2758],[25.44502,41.27762],[25.44906,41.27934],[25.45027,41.28084],[25.45606,41.28061],[25.45864,41.28104],[25.45987,41.28161],[25.46093,41.28347],[25.46463,41.28263],[25.46987,41.28261],[25.47187,41.28484],[25.47249,41.28766],[25.4749,41.28852],[25.48225,41.28686],[25.48429,41.2868],[25.48571,41.28688],[25.48829,41.28844],[25.49496,41.28578],[25.50086,41.28681],[25.50302,41.2857],[25.50545,41.28524],[25.50727,41.28557],[25.51257,41.28374],[25.51824,41.28284],[25.51933,41.28154],[25.51982,41.27997],[25.52256,41.27765],[25.5255,41.2763],[25.53151,41.27763],[25.53248,41.28192],[25.53353,41.28335],[25.53357,41.28468],[25.534,41.28465],[25.53353,41.28666],[25.53548,41.28936],[25.53451,41.29118],[25.53853,41.29498],[25.53852,41.29725],[25.54042,41.29938],[25.54094,41.30067],[25.54357,41.30186],[25.5441,41.30344],[25.54363,41.30528],[25.54489,41.30817],[25.54491,41.31013],[25.54955,41.31122],[25.55015,41.31271],[25.55502,41.31558],[25.55755,41.31563],[25.55965,41.31722],[25.56028,41.31884],[25.56823,41.31693],[25.57425,41.31842],[25.57908,41.31478],[25.58406,41.31455],[25.58576,41.31353],[25.58486,41.31061],[25.58662,41.30959],[25.59137,41.30796],[25.59904,41.30814],[25.60115,41.30635],[25.60484,41.30601],[25.60858,41.30413],[25.61253,41.30446],[25.61479,41.30398],[25.61773,41.30448],[25.61993,41.30443],[25.62206,41.30366],[25.62402,41.30386],[25.62735,41.3055],[25.62866,41.30711],[25.63097,41.30825],[25.6327,41.30833],[25.6371,41.31102],[25.64083,41.31157],[25.64287,41.31102],[25.64597,41.31239],[25.64761,41.31418],[25.64837,41.3142],[25.65054,41.31278],[25.6537,41.31281],[25.65821,41.31456],[25.6601,41.31337],[25.66095,41.31119],[25.66317,41.30992],[25.66426,41.30872],[25.67816,41.30617],[25.6835,41.30684],[25.68527,41.30457],[25.68882,41.30361],[25.69218,41.30181],[25.69466,41.30137],[25.69632,41.29599],[25.69768,41.29584],[25.70218,41.29233],[25.71159,41.29103],[25.71427,41.29297],[25.71278,41.2957],[25.71333,41.29745],[25.71237,41.29802],[25.71179,41.30181],[25.71444,41.3043],[25.7156,41.30709],[25.71696,41.30866],[25.71674,41.3116],[25.71696,41.31243],[25.71794,41.31291],[25.71779,41.31558],[25.71857,41.31669],[25.7236,41.31888],[25.72541,41.3171],[25.72945,41.31803],[25.73077,41.31905],[25.73203,41.31778],[25.73399,41.31767],[25.73603,41.31843],[25.73982,41.31867],[25.74167,41.3173],[25.74382,41.317],[25.74377,41.31542],[25.74468,41.31505],[25.74655,41.31626],[25.74794,41.31622],[25.74901,41.31846],[25.75166,41.31946],[25.75379,41.31914],[25.75559,41.31825],[25.75729,41.3187],[25.76106,41.32387],[25.7636,41.3244],[25.76946,41.31937],[25.77096,41.32003],[25.77175,41.32105],[25.77474,41.32153],[25.77568,41.32044],[25.77703,41.32004],[25.77847,41.32102],[25.78123,41.32081],[25.78142,41.32408],[25.78209,41.32479],[25.78312,41.32499],[25.78401,41.32623],[25.7838,41.32761],[25.78446,41.32906],[25.78706,41.32946],[25.78936,41.33258],[25.79129,41.33249],[25.79319,41.3337],[25.79665,41.33399],[25.79868,41.33364],[25.79948,41.33271],[25.80028,41.33257],[25.80195,41.33324],[25.80213,41.33492],[25.80669,41.33725],[25.80908,41.33729],[25.80987,41.33778],[25.8119,41.33722],[25.81387,41.33594],[25.81712,41.33724],[25.81961,41.33972],[25.81997,41.34302],[25.8213,41.34576],[25.82109,41.34702],[25.82133,41.34765],[25.82232,41.34807],[25.82823,41.34549],[25.83314,41.34429],[25.83284,41.34293],[25.83324,41.34198],[25.83565,41.34013],[25.83988,41.33868],[25.84262,41.3389],[25.84359,41.3381],[25.84594,41.3373],[25.84827,41.33482],[25.85088,41.33303],[25.85056,41.33207],[25.8519,41.3291],[25.85387,41.32749],[25.85661,41.32769],[25.85777,41.32694],[25.85968,41.32677],[25.86293,41.32934],[25.86898,41.32928],[25.87217,41.32827],[25.87274,41.32734],[25.87189,41.31903],[25.86856,41.31277],[25.87095,41.31158],[25.87378,41.3112],[25.87543,41.30971],[25.87798,41.30834],[25.87931,41.30658],[25.88414,41.30426],[25.88732,41.30529],[25.8905,41.30531],[25.89363,41.30745],[25.89782,41.30561],[25.90307,41.30638],[25.90648,41.30772],[25.91157,41.30873],[25.91798,41.31326],[25.92048,41.31402],[25.9243,41.31352],[25.92979,41.3149],[25.93042,41.31559],[25.93076,41.31736],[25.93425,41.31939],[25.93504,41.32077],[25.94651,41.31953],[25.95032,41.32101],[25.95494,41.32094],[25.95641,41.32049],[25.95912,41.32062],[25.96335,41.31854],[25.96554,41.31804],[25.97672,41.3185],[25.97946,41.32073],[25.98425,41.32363],[25.98572,41.32381],[25.9908,41.3265],[25.99733,41.32584],[25.99952,41.32671],[26.00006,41.32936],[26.00188,41.33098],[26.00243,41.33263],[26.00322,41.3333],[26.00297,41.33552],[26.00355,41.33849],[26.0064,41.3403],[26.00782,41.34264],[26.0096,41.34418],[26.01637,41.34474],[26.01995,41.34614],[26.03037,41.34659],[26.03164,41.3489],[26.03843,41.35072],[26.04099,41.35007],[26.04366,41.35002],[26.04849,41.34773],[26.05263,41.34738],[26.05935,41.34803],[26.06346,41.34765],[26.06679,41.35036],[26.06739,41.35036],[26.07034,41.34914],[26.07286,41.34702],[26.07772,41.34658],[26.08031,41.34545],[26.08799,41.34652],[26.09006,41.34598],[26.09293,41.34686],[26.09304,41.34776],[26.0916,41.34944],[26.09219,41.35082],[26.09786,41.35609],[26.10009,41.35714],[26.10096,41.35657],[26.09942,41.3539],[26.10046,41.35315],[26.10313,41.35391],[26.10522,41.35679],[26.10789,41.35752],[26.10937,41.35683],[26.11121,41.3539],[26.11293,41.35294],[26.12064,41.35659],[26.12419,41.35483],[26.12698,41.35469],[26.12789,41.35409],[26.12798,41.35313],[26.13168,41.35407],[26.13211,41.35446],[26.13238,41.35677],[26.13409,41.35806],[26.13381,41.35953],[26.1342,41.3607],[26.13662,41.36329],[26.13606,41.36479],[26.13709,41.36545],[26.13696,41.36806],[26.13576,41.36932],[26.13766,41.37193],[26.13774,41.37301],[26.13602,41.37496],[26.13852,41.37632],[26.13932,41.37632],[26.14179,41.37488],[26.14506,41.37561],[26.14736,41.37736],[26.14994,41.38048],[26.15057,41.38231],[26.15039,41.38624],[26.1513,41.38745],[26.15222,41.38811],[26.15795,41.38986],[26.15898,41.39145],[26.15913,41.39406],[26.15749,41.39625],[26.1574,41.39739],[26.15835,41.39922],[26.16292,41.40382],[26.1647,41.40866],[26.16325,41.41343],[26.15944,41.41825],[26.15896,41.41951],[26.15907,41.42116],[26.16453,41.42342],[26.16839,41.42421],[26.17049,41.42748],[26.1706,41.43003],[26.17119,41.43168],[26.17207,41.43253],[26.17509,41.43385],[26.18271,41.43405],[26.18856,41.43871],[26.18967,41.43871],[26.19787,41.43582],[26.20013,41.4366],[26.20096,41.43814],[26.19994,41.43923],[26.198,41.43948],[26.19752,41.44121],[26.19639,41.44096],[26.19405,41.4442],[26.19135,41.4432],[26.19128,41.44263],[26.18847,41.44012],[26.18617,41.44072],[26.18588,41.44198],[26.1862,41.44317],[26.18543,41.44396],[26.18167,41.44382],[26.17762,41.4448],[26.17214,41.44539],[26.16896,41.44648],[26.16671,41.44787],[26.1644,41.45266],[26.16478,41.45325],[26.16435,41.4565],[26.14866,41.45638],[26.13999,41.45956],[26.13483,41.46366],[26.13325,41.46423],[26.12897,41.46214],[26.12854,41.46508],[26.12969,41.46686],[26.12694,41.46684],[26.1234,41.4677],[26.12262,41.4674],[26.12344,41.46446],[26.12033,41.46237],[26.11523,41.46292],[26.11408,41.46084],[26.11209,41.4626],[26.11126,41.46584],[26.11202,41.4682],[26.11433,41.47147],[26.1139,41.47353],[26.1123,41.47588],[26.10679,41.47702],[26.10321,41.48112],[26.10006,41.48169],[26.10042,41.48375],[26.10356,41.48407],[26.10476,41.48231],[26.10674,41.48085],[26.1087,41.48087],[26.10946,41.48323],[26.11141,41.48384],[26.11136,41.48738],[26.11213,41.48886],[26.11448,41.48918],[26.11521,41.49331],[26.11676,41.4945],[26.12109,41.49336],[26.12347,41.49131],[26.12273,41.48835],[26.12277,41.4854],[26.12317,41.48452],[26.12711,41.48366],[26.12907,41.48368],[26.1322,41.48459],[26.14319,41.48467],[26.14944,41.48678],[26.15254,41.48946],[26.15331,41.49094],[26.15329,41.49242],[26.15954,41.49423],[26.16069,41.4969],[26.16342,41.4981],[26.17321,41.49919],[26.1736,41.50142],[26.16534,41.50136],[26.14421,41.49619],[26.12969,41.49608],[26.12379,41.49721],[26.11829,41.49717],[26.11513,41.49892],[26.11231,41.50421],[26.11384,41.50688],[26.11108,41.50774],[26.10789,41.51185],[26.10747,41.51361],[26.10938,41.51747],[26.10815,41.521],[26.10306,41.52037],[26.09828,41.52476],[26.09826,41.52653],[26.09666,41.52858],[26.09741,41.53095],[26.09385,41.53328],[26.09422,41.53446],[26.09733,41.53685],[26.09892,41.53538],[26.10301,41.53365],[26.1043,41.53256],[26.10984,41.5328],[26.1098,41.53185],[26.11177,41.53294],[26.11447,41.53168],[26.11775,41.53129],[26.1189,41.53303],[26.12245,41.5346],[26.12323,41.53453],[26.12251,41.53225],[26.12506,41.53421],[26.12737,41.53356],[26.13098,41.53447],[26.13204,41.53498],[26.13178,41.53552],[26.13348,41.53787],[26.13651,41.5393],[26.15075,41.54081],[26.15143,41.54222],[26.15124,41.54387],[26.15243,41.54426],[26.15199,41.54603],[26.15464,41.54629],[26.15536,41.54546],[26.16162,41.54591],[26.16053,41.54315],[26.16116,41.54171],[26.16694,41.54114],[26.16973,41.54274],[26.17126,41.54535],[26.17439,41.54712],[26.1792,41.54891],[26.17856,41.55238],[26.17663,41.55455],[26.15741,41.55281],[26.14752,41.5546],[26.14757,41.56629],[26.14978,41.59463],[26.15115,41.60151],[26.15385,41.60311],[26.15389,41.60575],[26.15147,41.60734],[26.1481,41.60672],[26.1451,41.60874],[26.14325,41.61275],[26.13838,41.61346],[26.13701,41.61639],[26.1384,41.61853],[26.13869,41.62041],[26.13693,41.62483],[26.13808,41.62852],[26.13745,41.62931],[26.13859,41.63174],[26.13801,41.63243],[26.13579,41.63289],[26.13116,41.63202],[26.12871,41.63013],[26.12625,41.63019],[26.12306,41.63138],[26.12196,41.62975],[26.12164,41.62624],[26.12034,41.62435],[26.11909,41.62395],[26.11392,41.62553],[26.10958,41.6252],[26.10856,41.6266],[26.1075,41.62722],[26.10475,41.62754],[26.09964,41.62665],[26.09525,41.62679],[26.09151,41.63177],[26.09347,41.63532],[26.09322,41.6367],[26.09104,41.6401],[26.09054,41.64223],[26.08986,41.64306],[26.08615,41.64334],[26.08172,41.6417],[26.08046,41.64217],[26.07673,41.64549],[26.07334,41.6475],[26.06931,41.6518],[26.06974,41.65292],[26.07095,41.65347],[26.07012,41.65564],[26.06812,41.65864],[26.06419,41.66239],[26.06465,41.66713],[26.06858,41.67239],[26.06746,41.67583],[26.06537,41.67698],[26.06568,41.68357],[26.06054,41.68761],[26.06063,41.68898],[26.06321,41.6938],[26.06211,41.69461],[26.06131,41.69905],[26.06377,41.70009],[26.0646,41.69936],[26.06843,41.699],[26.06951,41.70019],[26.06859,41.70145],[26.06862,41.70458],[26.06783,41.70634],[26.07703,41.71138],[26.07888,41.71395],[26.08226,41.71596],[26.08641,41.71656],[26.09097,41.71489],[26.10537,41.71274],[26.11028,41.71363],[26.11288,41.71677],[26.11355,41.71885],[26.10913,41.72291],[26.10275,41.72669],[26.10005,41.72622],[26.09643,41.72664],[26.0933,41.72809],[26.09325,41.73127],[26.08906,41.73345],[26.08693,41.73668],[26.08553,41.73732],[26.08329,41.73665],[26.08155,41.73677],[26.08289,41.74003],[26.08253,41.74068],[26.07887,41.74208],[26.07748,41.7422],[26.07698,41.74089],[26.07737,41.73752],[26.07704,41.73673],[26.07966,41.73532],[26.07864,41.73389],[26.07867,41.73168],[26.07764,41.73076],[26.07682,41.72776],[26.07447,41.7233],[26.06862,41.7229],[26.06665,41.72331],[26.0657,41.72897],[26.06584,41.73131],[26.06182,41.7331],[26.06354,41.73428],[26.06473,41.73585],[26.06418,41.73806],[26.06393,41.74339],[26.06046,41.7431],[26.05979,41.7414],[26.05858,41.74126],[26.0573,41.74528],[26.0552,41.74669],[26.05691,41.74853],[26.05481,41.74968],[26.05342,41.74967],[26.05078,41.75212],[26.05074,41.75485],[26.0521,41.75694],[26.05417,41.75786],[26.05485,41.75878],[26.05189,41.75966],[26.05082,41.76134],[26.05148,41.76343],[26.05355,41.76462],[26.05371,41.76566],[26.05213,41.76629],[26.05164,41.76473],[26.04727,41.76625],[26.04251,41.75959],[26.04255,41.75673],[26.04137,41.75438],[26.04399,41.75336],[26.04281,41.75101],[26.04268,41.74841],[26.0386,41.74253],[26.03721,41.74264],[26.03593,41.74679],[26.03573,41.749],[26.03393,41.75302],[26.03065,41.75195],[26.0302,41.74688],[26.02622,41.74632],[26.02466,41.74631],[26.02584,41.7484],[26.02565,41.74944],[26.02251,41.75071],[26.02043,41.75043],[26.02041,41.75173],[26.01868,41.75146],[26.01767,41.7495],[26.01475,41.74739],[26.01408,41.74609],[26.01824,41.74586],[26.01796,41.74183],[26.01625,41.74013],[26.01416,41.74076],[26.0131,41.74179],[26.01173,41.74087],[26.00982,41.74085],[26.00984,41.73955],[26.00866,41.73733],[26.00504,41.73548],[26.00471,41.73431],[26.00317,41.733],[26.00142,41.73402],[26.00069,41.73635],[26.0017,41.73844],[26.00377,41.73937],[26.00547,41.7412],[26.00493,41.74237],[26.00302,41.74248],[26.00248,41.74391],[25.99864,41.74569],[25.99273,41.74603],[25.99132,41.74745],[25.99065,41.74575],[25.99191,41.74317],[25.99124,41.74147],[25.98344,41.74049],[25.98239,41.74113],[25.9811,41.7458],[25.98351,41.74764],[25.98366,41.74907],[25.98259,41.75049],[25.98258,41.75114],[25.98395,41.75232],[25.98321,41.75557],[25.98146,41.75607],[25.9801,41.75437],[25.98012,41.75333],[25.97669,41.75041],[25.97714,41.75486],[25.97362,41.75821],[25.97258,41.75794],[25.97277,41.75677],[25.97042,41.75872],[25.9683,41.7596],[25.96378,41.75979],[25.96166,41.76067],[25.95894,41.76087],[25.9592,41.76336],[25.95587,41.76445],[25.95075,41.76441],[25.94951,41.76665],[25.9471,41.76708],[25.94411,41.76525],[25.93386,41.76628],[25.93057,41.76467],[25.92871,41.76029],[25.92619,41.76038],[25.92478,41.76153],[25.92459,41.76296],[25.92285,41.76295],[25.92221,41.75969],[25.91964,41.75772],[25.90994,41.75659],[25.90982,41.75307],[25.90827,41.7528],[25.90581,41.74724],[25.90281,41.74729],[25.89911,41.7505],[25.89875,41.75128],[25.89943,41.75207],[25.89938,41.75479],[25.899,41.75687],[25.9007,41.75858],[25.90068,41.75975],[25.89878,41.75921],[25.89667,41.76114],[25.89529,41.76021],[25.89532,41.75891],[25.89411,41.75825],[25.89328,41.75643],[25.88371,41.75737],[25.87886,41.7572],[25.87696,41.75666],[25.86966,41.75685],[25.86496,41.75758],[25.86393,41.75679],[25.85787,41.75634],[25.85387,41.75669],[25.84915,41.7582],[25.8484,41.76131],[25.846,41.75986],[25.84408,41.76023],[25.84184,41.75982],[25.83976,41.75941],[25.83926,41.75849],[25.83588,41.758],[25.83586,41.75878],[25.83892,41.76284],[25.84029,41.7639],[25.83716,41.76399],[25.83746,41.76686],[25.8388,41.76934],[25.84616,41.77526],[25.84722,41.77436],[25.84724,41.77319],[25.84862,41.77347],[25.84874,41.77633],[25.8504,41.78077],[25.84814,41.78113],[25.84202,41.78341],[25.8408,41.7834],[25.84012,41.78274],[25.83967,41.77871],[25.8381,41.77895],[25.83547,41.78048],[25.83373,41.78073],[25.82939,41.78068],[25.82994,41.77926],[25.82781,41.78145],[25.8286,41.78574],[25.82768,41.78872],[25.82888,41.78952],[25.8315,41.78902],[25.83175,41.79448],[25.82864,41.79328],[25.82671,41.79443]],[[25.77796,41.56604],[25.77974,41.56696],[25.7825,41.56744],[25.78145,41.5634],[25.78014,41.56229],[25.78042,41.56124],[25.78307,41.5609],[25.78374,41.55997],[25.78506,41.55992],[25.78502,41.55959],[25.78659,41.55911],[25.79017,41.5588],[25.79079,41.55913],[25.7918,41.55867],[25.79228,41.55773],[25.79442,41.55754],[25.7948,41.55854],[25.79829,41.55964],[25.79847,41.56107],[25.79984,41.56064],[25.80255,41.56205],[25.80555,41.56243],[25.80808,41.55885],[25.80966,41.55905],[25.81048,41.55862],[25.81096,41.55883],[25.81133,41.56011],[25.81254,41.56063],[25.81563,41.55979],[25.81941,41.56065],[25.82221,41.56062],[25.82407,41.5614],[25.82512,41.56251],[25.82594,41.56257],[25.82681,41.56212],[25.82789,41.56048],[25.83013,41.56003],[25.83009,41.55927],[25.83153,41.5601],[25.83226,41.56146],[25.83132,41.56373],[25.8315,41.56663],[25.83513,41.56597],[25.83651,41.56427],[25.83789,41.5637],[25.83737,41.56217],[25.83586,41.5613],[25.83554,41.55843],[25.83632,41.55701],[25.84276,41.55879],[25.84316,41.55794],[25.84013,41.55705],[25.8375,41.55502],[25.83486,41.55385],[25.83343,41.5484],[25.83046,41.54437],[25.8267,41.54176],[25.82223,41.53656],[25.8227,41.53142],[25.81739,41.53022],[25.8148,41.52619],[25.81445,41.52476],[25.81678,41.52221],[25.81642,41.52077],[25.81342,41.51874],[25.81039,41.51757],[25.8105,41.51724],[25.81017,41.51765],[25.8081,41.51676],[25.80697,41.51573],[25.80912,41.51277],[25.81282,41.50983],[25.82627,41.50432],[25.83022,41.49925],[25.83025,41.49698],[25.82927,41.4952],[25.81901,41.48728],[25.81301,41.4852],[25.81287,41.48197],[25.81105,41.48182],[25.80645,41.48378],[25.80638,41.4875],[25.80369,41.4889],[25.79492,41.48995],[25.79727,41.48626],[25.79346,41.48679],[25.78725,41.49359],[25.78232,41.49268],[25.78125,41.48895],[25.78433,41.48669],[25.78438,41.48441],[25.78859,41.48302],[25.78862,41.4813],[25.78334,41.47867],[25.78336,41.47753],[25.78793,41.47758],[25.79322,41.47906],[25.79554,41.47737],[25.79865,41.47369],[25.80171,41.47258],[25.804,41.47231],[25.80214,41.46972],[25.79989,41.46827],[25.80028,41.46741],[25.79686,41.46738],[25.79348,41.46505],[25.79082,41.46503],[25.79006,41.4653],[25.79003,41.46673],[25.78736,41.46699],[25.78014,41.4672],[25.7775,41.46574],[25.77488,41.46343],[25.77343,41.45969],[25.77396,41.45169],[25.77249,41.4491],[25.77197,41.44583],[25.77041,41.44486],[25.77002,41.44372],[25.76863,41.44318],[25.76866,41.4439],[25.7668,41.44389],[25.76711,41.44574],[25.76821,41.44789],[25.76837,41.44961],[25.76798,41.45032],[25.76869,41.4529],[25.76732,41.4546],[25.76505,41.45429],[25.76452,41.45214],[25.76206,41.45169],[25.76266,41.45041],[25.76418,41.45014],[25.7642,41.44899],[25.76312,41.4457],[25.762,41.44497],[25.75819,41.44536],[25.75651,41.44405],[25.7548,41.44375],[25.75426,41.44231],[25.75198,41.44257],[25.75176,41.44386],[25.75777,41.44764],[25.75906,41.4498],[25.75922,41.45123],[25.75713,41.4512],[25.74589,41.44294],[25.74401,41.44206],[25.73776,41.44128],[25.73304,41.43965],[25.72798,41.43617],[25.73002,41.42904],[25.73047,41.42533],[25.72974,41.42375],[25.72674,41.42186],[25.72295,41.42182],[25.72088,41.42051],[25.71941,41.41835],[25.72207,41.41795],[25.7251,41.41827],[25.72494,41.41698],[25.72363,41.41597],[25.72136,41.41551],[25.7214,41.41351],[25.72066,41.4125],[25.71421,41.41229],[25.71329,41.41071],[25.71179,41.41012],[25.71012,41.40781],[25.71264,41.40527],[25.71324,41.4037],[25.71533,41.40344],[25.71562,41.39881],[25.71334,41.39893],[25.71089,41.39776],[25.70958,41.39703],[25.70735,41.39429],[25.70582,41.39485],[25.70363,41.39053],[25.70366,41.38925],[25.7063,41.38985],[25.70796,41.39244],[25.71167,41.38691],[25.71378,41.38593],[25.71566,41.38681],[25.71945,41.387],[25.72208,41.3886],[25.72335,41.39161],[25.72711,41.39323],[25.73695,41.39505],[25.73946,41.3925],[25.74103,41.38995],[25.74392,41.38769],[25.74712,41.38596],[25.74088,41.38362],[25.74143,41.38283],[25.74065,41.38182],[25.74133,41.38083],[25.7425,41.38174],[25.74556,41.38128],[25.74586,41.37929],[25.74469,41.37838],[25.74432,41.37708],[25.74525,41.37689],[25.74641,41.3782],[25.748,41.37832],[25.74738,41.37612],[25.74542,41.3746],[25.74649,41.37411],[25.74663,41.37352],[25.74915,41.37354],[25.74956,41.37295],[25.74785,41.37233],[25.74774,41.37113],[25.74855,41.37035],[25.75039,41.37077],[25.75133,41.37028],[25.7516,41.36968],[25.75043,41.36867],[25.75045,41.36748],[25.75126,41.36709],[25.75297,41.3676],[25.75262,41.36511],[25.74934,41.36338],[25.74845,41.36177],[25.74672,41.36195],[25.74617,41.36344],[25.74246,41.3634],[25.74048,41.36318],[25.73998,41.36178],[25.73787,41.36136],[25.73241,41.36339],[25.73742,41.36394],[25.73898,41.36566],[25.74042,41.36617],[25.74014,41.36716],[25.73612,41.36981],[25.73479,41.3701],[25.73609,41.37151],[25.73473,41.37339],[25.73339,41.37417],[25.73209,41.37306],[25.73211,41.37186],[25.73079,41.37185],[25.72998,41.37254],[25.72995,41.37413],[25.72742,41.3746],[25.72559,41.37378],[25.72464,41.37467],[25.72226,41.37494],[25.72177,41.37284],[25.72112,41.37214],[25.71914,41.37162],[25.71969,41.37073],[25.72,41.36834],[25.71817,41.36732],[25.71749,41.36153],[25.71886,41.35905],[25.7202,41.35837],[25.72065,41.35696],[25.71789,41.35603],[25.71429,41.35685],[25.71269,41.35651],[25.71135,41.35375],[25.70767,41.35283],[25.7072,41.35135],[25.70891,41.34895],[25.70975,41.34906],[25.70999,41.34792],[25.70923,41.34768],[25.70933,41.34728],[25.71115,41.34693],[25.71095,41.34505],[25.71267,41.34597],[25.71411,41.34403],[25.7144,41.3425],[25.71639,41.34247],[25.7168,41.34157],[25.71769,41.34134],[25.71913,41.33971],[25.71914,41.33851],[25.72101,41.33819],[25.72277,41.33562],[25.7249,41.3353],[25.72549,41.3348],[25.72674,41.33327],[25.72574,41.33227],[25.71544,41.33602],[25.71088,41.33661],[25.70829,41.33851],[25.7074,41.34042],[25.70204,41.33822],[25.69548,41.33943],[25.69432,41.34049],[25.69119,41.34088],[25.68013,41.33947],[25.67536,41.33685],[25.67567,41.33514],[25.67256,41.33467],[25.67172,41.33381],[25.67431,41.33255],[25.67177,41.33145],[25.66814,41.32841],[25.66745,41.32449],[25.66294,41.3286],[25.65365,41.33049],[25.64925,41.3301],[25.6461,41.33306],[25.6417,41.33267],[25.63732,41.33162],[25.63475,41.32794],[25.63526,41.32462],[25.63177,41.32292],[25.62815,41.32266],[25.62555,41.32705],[25.62552,41.32812],[25.6247,41.32683],[25.62473,41.32511],[25.62049,41.32421],[25.61479,41.325],[25.61197,41.3241],[25.61132,41.32142],[25.60863,41.32123],[25.60288,41.32378],[25.60001,41.32387],[25.60017,41.32588],[25.59903,41.32601],[25.59803,41.32814],[25.59991,41.32902],[25.6014,41.33047],[25.60074,41.33103],[25.60242,41.33234],[25.61088,41.33523],[25.61338,41.33783],[25.61613,41.34215],[25.6167,41.34473],[25.61759,41.34482],[25.61898,41.3459],[25.62507,41.34439],[25.63309,41.34524],[25.63712,41.34453],[25.63218,41.34069],[25.63017,41.34067],[25.62787,41.33887],[25.63091,41.33739],[25.63456,41.3392],[25.6366,41.33746],[25.64196,41.33753],[25.64322,41.34107],[25.64346,41.34562],[25.6424,41.34813],[25.63835,41.3501],[25.63498,41.35081],[25.6322,41.35583],[25.62897,41.35538],[25.62984,41.3574],[25.63384,41.35687],[25.63619,41.35742],[25.63687,41.35992],[25.63306,41.36669],[25.63362,41.37076],[25.63595,41.37273],[25.64089,41.37377],[25.64215,41.37557],[25.64201,41.38297],[25.64558,41.38499],[25.64285,41.38641],[25.64242,41.38816],[25.65206,41.38943],[25.65398,41.39033],[25.65326,41.38741],[25.6656,41.3893],[25.66514,41.39279],[25.66664,41.39514],[25.66725,41.40144],[25.67003,41.402],[25.66669,41.40471],[25.66738,41.40664],[25.66844,41.4083],[25.67204,41.41082],[25.6723,41.41605],[25.67704,41.4161],[25.67811,41.41749],[25.67394,41.42514],[25.67342,41.43255],[25.66696,41.43356],[25.66866,41.43479],[25.67033,41.43696],[25.66725,41.43892],[25.66723,41.43978],[25.66549,41.44133],[25.66416,41.44146],[25.66365,41.43874],[25.66273,41.4373],[25.66089,41.43516],[25.65985,41.43514],[25.65947,41.43624],[25.65935,41.44174],[25.66075,41.44505],[25.66067,41.4489],[25.65844,41.4508],[25.65479,41.45048],[25.65273,41.44923],[25.6525,41.45419],[25.65017,41.45644],[25.6471,41.45798],[25.64484,41.45738],[25.64186,41.45449],[25.64038,41.45233],[25.63777,41.4503],[25.63226,41.45023],[25.63107,41.45265],[25.62708,41.45274],[25.62168,41.45132],[25.62151,41.45198],[25.61639,41.45192],[25.61544,41.45412],[25.61616,41.45428],[25.62293,41.46261],[25.62325,41.46454],[25.6287,41.46598],[25.6294,41.46736],[25.62863,41.46955],[25.6257,41.46952],[25.62279,41.46921],[25.61881,41.46723],[25.61445,41.46608],[25.61728,41.47024],[25.6147,41.47158],[25.61723,41.47271],[25.61242,41.47568],[25.61238,41.47733],[25.61321,41.47908],[25.61419,41.47902],[25.61448,41.48011],[25.61704,41.48151],[25.61509,41.48288],[25.61706,41.48472],[25.62128,41.48161],[25.62462,41.48047],[25.62713,41.47899],[25.62851,41.47627],[25.63024,41.4764],[25.63036,41.47524],[25.63111,41.47446],[25.63468,41.47572],[25.6346,41.47388],[25.63672,41.47161],[25.64097,41.47404],[25.64254,41.47573],[25.64341,41.47757],[25.64296,41.47768],[25.64265,41.47887],[25.64353,41.48045],[25.64238,41.48119],[25.62257,41.48573],[25.62092,41.48685],[25.62114,41.48894],[25.62229,41.49166],[25.62591,41.49204],[25.62782,41.4908],[25.63058,41.49059],[25.63482,41.49104],[25.63557,41.48974],[25.64215,41.4888],[25.64975,41.48526],[25.65677,41.48143],[25.6611,41.47699],[25.66409,41.47252],[25.66717,41.47271],[25.671,41.47406],[25.6765,41.47847],[25.67673,41.47644],[25.67772,41.47529],[25.68124,41.47515],[25.67866,41.47198],[25.67895,41.46975],[25.68162,41.46893],[25.68271,41.4669],[25.68373,41.46735],[25.6855,41.46623],[25.68503,41.46548],[25.68615,41.46523],[25.69238,41.4653],[25.69608,41.46455],[25.70485,41.46796],[25.70682,41.46817],[25.70955,41.46618],[25.71566,41.46509],[25.71802,41.4651],[25.72145,41.4656],[25.72129,41.46816],[25.72417,41.4682],[25.72583,41.46938],[25.72828,41.46933],[25.72943,41.46992],[25.73171,41.46986],[25.73214,41.46945],[25.73394,41.46972],[25.7349,41.46859],[25.73525,41.46909],[25.73687,41.46729],[25.73711,41.46486],[25.73829,41.46302],[25.73834,41.46045],[25.73971,41.45818],[25.73792,41.45244],[25.73789,41.44415],[25.74147,41.44562],[25.74178,41.44962],[25.74495,41.45237],[25.74608,41.45281],[25.74694,41.4574],[25.74824,41.45927],[25.74819,41.4617],[25.74873,41.46313],[25.75044,41.46315],[25.75205,41.45888],[25.75229,41.45617],[25.75328,41.45418],[25.75405,41.45362],[25.75517,41.45463],[25.75486,41.46063],[25.7552,41.46263],[25.75703,41.46651],[25.75693,41.4718],[25.75747,41.47309],[25.75879,41.47382],[25.75761,41.47566],[25.75874,41.47667],[25.75908,41.47868],[25.76188,41.48114],[25.76604,41.48233],[25.76659,41.4831],[25.76429,41.48422],[25.76409,41.48494],[25.76482,41.48623],[25.76462,41.48708],[25.76253,41.48706],[25.75985,41.48789],[25.75754,41.4893],[25.75417,41.49039],[25.75848,41.49267],[25.75728,41.49334],[25.75648,41.49543],[25.7551,41.49594],[25.75454,41.49668],[25.7547,41.49749],[25.75682,41.49917],[25.76001,41.50014],[25.76114,41.50225],[25.76141,41.50437],[25.76619,41.50758],[25.7691,41.5082],[25.77622,41.51267],[25.77781,41.51428],[25.77969,41.51497],[25.78065,41.51657],[25.78426,41.51867],[25.7871,41.51959],[25.78861,41.52113],[25.78988,41.52123],[25.79049,41.52366],[25.79207,41.52386],[25.78973,41.52417],[25.78794,41.52586],[25.78959,41.52744],[25.78837,41.52778],[25.78775,41.52858],[25.78766,41.53041],[25.78877,41.53367],[25.78818,41.53513],[25.7872,41.53469],[25.78601,41.53589],[25.78461,41.53934],[25.78304,41.53959],[25.78239,41.54061],[25.77984,41.54063],[25.77845,41.54223],[25.77693,41.54223],[25.77771,41.5442],[25.77626,41.54497],[25.77583,41.54594],[25.77304,41.54758],[25.7711,41.55074],[25.76988,41.55099],[25.76991,41.55245],[25.76656,41.55217],[25.76413,41.554],[25.76679,41.56281],[25.76676,41.56408],[25.76739,41.56432],[25.76675,41.56494],[25.76673,41.56589],[25.76921,41.56588],[25.77008,41.56363],[25.76947,41.56234],[25.77344,41.56225],[25.77523,41.56267],[25.77796,41.56604]],[[25.92307,41.71793],[25.92425,41.71823],[25.92383,41.71511],[25.92838,41.71457],[25.92863,41.71282],[25.92788,41.71141],[25.92792,41.70925],[25.93391,41.70872],[25.9366,41.70733],[25.93869,41.70793],[25.94011,41.70953],[25.94484,41.70892],[25.94747,41.70711],[25.95141,41.707],[25.95445,41.70553],[25.95473,41.70492],[25.95501,41.70536],[25.95714,41.70472],[25.95843,41.70522],[25.96092,41.70415],[25.96548,41.70353],[25.96724,41.70446],[25.97013,41.70373],[25.97259,41.70243],[25.97318,41.70036],[25.97529,41.70004],[25.97798,41.69832],[25.98006,41.70008],[25.98003,41.7015],[25.98132,41.70425],[25.98307,41.70584],[25.98461,41.70627],[25.98574,41.70545],[25.98763,41.70505],[25.99243,41.70504],[25.99519,41.69978],[25.99755,41.68989],[26.00009,41.68386],[26.0018,41.68406],[26.00178,41.68534],[26.00325,41.68535],[26.00343,41.68939],[26.00537,41.69051],[26.00463,41.69142],[26.00436,41.69289],[26.00483,41.69399],[26.00605,41.69455],[26.00627,41.69602],[26.00796,41.69714],[26.00648,41.69804],[26.00647,41.69859],[26.00964,41.69954],[26.00888,41.70118],[26.00912,41.70192],[26.01303,41.70195],[26.01355,41.70031],[26.01236,41.69773],[26.01313,41.69553],[26.01533,41.69555],[26.02052,41.69284],[26.02688,41.69308],[26.02837,41.69144],[26.03059,41.69073],[26.03399,41.69222],[26.03596,41.69151],[26.03623,41.68967],[26.03993,41.68787],[26.04065,41.68898],[26.0431,41.68863],[26.04265,41.68642],[26.04311,41.68178],[26.04196,41.67966],[26.04197,41.67812],[26.0389,41.67556],[26.03908,41.67354],[26.0379,41.67131],[26.03693,41.67114],[26.03563,41.67211],[26.03428,41.67097],[26.03201,41.67117],[26.03143,41.66934],[26.02847,41.66812],[26.02815,41.66714],[26.02356,41.6662],[26.0206,41.66449],[26.01782,41.66063],[26.01711,41.66132],[26.01371,41.66106],[26.01291,41.65932],[26.012,41.65855],[26.00849,41.65821],[26.0072,41.65651],[26.00348,41.65714],[26.0032,41.65864],[25.99956,41.66191],[25.99632,41.66145],[25.99635,41.66497],[25.99445,41.66687],[25.99337,41.66654],[25.99261,41.66711],[25.99148,41.66658],[25.99104,41.66848],[25.9898,41.66876],[25.98694,41.66846],[25.98575,41.66761],[25.98166,41.66642],[25.97857,41.66698],[25.97329,41.66647],[25.97323,41.66598],[25.97103,41.66448],[25.97082,41.66338],[25.97028,41.66379],[25.9697,41.66192],[25.96797,41.66111],[25.96743,41.66163],[25.96689,41.66138],[25.96533,41.66041],[25.96399,41.65882],[25.96345,41.65882],[25.96424,41.66279],[25.96116,41.66347],[25.96068,41.66173],[25.95982,41.6616],[25.95911,41.66249],[25.95435,41.66437],[25.95158,41.66506],[25.94915,41.66471],[25.94874,41.66544],[25.94906,41.6665],[25.94804,41.66668],[25.94771,41.66759],[25.94625,41.66856],[25.93228,41.66273],[25.92857,41.65983],[25.92842,41.65831],[25.92935,41.6582],[25.92969,41.65644],[25.92889,41.65534],[25.92794,41.65233],[25.92615,41.65269],[25.92652,41.65314],[25.92578,41.65384],[25.92371,41.65498],[25.92302,41.65489],[25.922,41.6558],[25.92031,41.65503],[25.92092,41.65427],[25.9225,41.65425],[25.92287,41.6534],[25.92181,41.65361],[25.92174,41.65309],[25.92421,41.65216],[25.92467,41.65101],[25.9245,41.65059],[25.91924,41.65012],[25.91678,41.65239],[25.91562,41.65468],[25.91504,41.65812],[25.91581,41.65817],[25.91595,41.65961],[25.91445,41.66269],[25.9159,41.66262],[25.90921,41.66676],[25.90037,41.66383],[25.90005,41.66496],[25.90346,41.66591],[25.90394,41.66665],[25.90191,41.67048],[25.90056,41.67165],[25.89939,41.67367],[25.89958,41.67434],[25.89893,41.67446],[25.8964,41.67814],[25.89391,41.68032],[25.8917,41.68103],[25.88558,41.68134],[25.88602,41.6831],[25.88888,41.68412],[25.88764,41.68552],[25.88795,41.68677],[25.89035,41.6892],[25.88776,41.69171],[25.88859,41.69454],[25.88713,41.69586],[25.88711,41.69719],[25.88845,41.70293],[25.89018,41.70552],[25.88963,41.70592],[25.89074,41.70838],[25.89312,41.70953],[25.89436,41.70751],[25.89798,41.7071],[25.90073,41.70464],[25.90076,41.70306],[25.90557,41.70334],[25.90487,41.70919],[25.90966,41.71036],[25.91142,41.71286],[25.91589,41.71538],[25.9204,41.71565],[25.92307,41.71793]],[[25.52713,41.59781],[25.53215,41.59869],[25.53324,41.59754],[25.53356,41.5941],[25.53444,41.59357],[25.53577,41.59424],[25.53893,41.59182],[25.54065,41.59165],[25.54149,41.59039],[25.54306,41.58574],[25.54496,41.58274],[25.54975,41.58115],[25.55341,41.5812],[25.55704,41.58262],[25.5592,41.58429],[25.56323,41.58407],[25.56585,41.58163],[25.56815,41.57698],[25.56748,41.57423],[25.57297,41.57429],[25.57629,41.57296],[25.57876,41.57739],[25.58393,41.57525],[25.58587,41.57006],[25.5837,41.56893],[25.57796,41.56364],[25.57468,41.56305],[25.57581,41.56168],[25.57954,41.55843],[25.5836,41.55683],[25.58834,41.55772],[25.59493,41.55752],[25.59607,41.55534],[25.59974,41.55483],[25.60418,41.55269],[25.60424,41.54994],[25.60535,41.5494],[25.60211,41.54689],[25.5981,41.54629],[25.59703,41.54518],[25.59858,41.5408],[25.59862,41.53915],[25.60011,41.53787],[25.59982,41.53435],[25.59728,41.5335],[25.59585,41.53183],[25.58899,41.52762],[25.58759,41.52458],[25.58807,41.51964],[25.58517,41.5185],[25.58266,41.516],[25.57863,41.5165],[25.57784,41.51896],[25.57525,41.52031],[25.57111,41.52575],[25.56675,41.52432],[25.56863,41.52187],[25.56361,41.51741],[25.56329,41.51548],[25.56552,41.51386],[25.56559,41.51057],[25.55941,41.50911],[25.55317,41.50986],[25.55705,41.51623],[25.55521,41.51676],[25.54682,41.5161],[25.54346,41.51881],[25.54193,41.52209],[25.53759,41.52475],[25.54435,41.52815],[25.54204,41.52961],[25.5423,41.53068],[25.54545,41.52987],[25.55026,41.531],[25.55396,41.53104],[25.55827,41.52875],[25.55849,41.53174],[25.55645,41.53407],[25.55526,41.5364],[25.55267,41.53787],[25.55264,41.53894],[25.55483,41.54281],[25.55623,41.5439],[25.55718,41.53942],[25.56263,41.53735],[25.56512,41.5408],[25.56448,41.544],[25.56466,41.5487],[25.56181,41.54909],[25.55975,41.55185],[25.55936,41.55654],[25.55723,41.56314],[25.55143,41.56798],[25.54938,41.57031],[25.54682,41.57049],[25.54455,41.57003],[25.54079,41.57255],[25.54185,41.57641],[25.54036,41.57917],[25.53714,41.58298],[25.53426,41.58444],[25.53561,41.58787],[25.53526,41.59086],[25.53208,41.59274],[25.52639,41.59267],[25.52713,41.59781]],[[25.81436,41.71748],[25.81617,41.71525],[25.81867,41.71503],[25.82042,41.71048],[25.82115,41.7065],[25.82309,41.70344],[25.82518,41.70446],[25.82807,41.70424],[25.83264,41.70271],[25.83306,41.70388],[25.83202,41.70619],[25.83319,41.70895],[25.8345,41.71045],[25.83305,41.71052],[25.83152,41.70943],[25.82997,41.70933],[25.82584,41.7112],[25.82448,41.71243],[25.82446,41.71351],[25.82522,41.71476],[25.82832,41.71471],[25.83178,41.71375],[25.83554,41.71379],[25.84041,41.71442],[25.84061,41.71542],[25.84403,41.71678],[25.84658,41.71681],[25.84769,41.71632],[25.84817,41.71425],[25.84654,41.7124],[25.84826,41.70935],[25.84728,41.70851],[25.84811,41.70552],[25.84652,41.70119],[25.85134,41.69841],[25.85263,41.69436],[25.85042,41.68752],[25.83569,41.68721],[25.83393,41.68669],[25.83244,41.68302],[25.82876,41.68456],[25.82709,41.68479],[25.8289,41.68298],[25.82891,41.68199],[25.82805,41.68106],[25.82843,41.67833],[25.82732,41.67848],[25.82563,41.68004],[25.82395,41.68069],[25.82128,41.68149],[25.82095,41.68149],[25.82121,41.68068],[25.81854,41.68109],[25.81506,41.68281],[25.81035,41.68415],[25.80705,41.68635],[25.80673,41.68747],[25.80759,41.68973],[25.80753,41.69289],[25.80478,41.69534],[25.80117,41.6953],[25.80114,41.69688],[25.79842,41.69753],[25.7972,41.69864],[25.79748,41.69955],[25.80075,41.70184],[25.79472,41.70245],[25.78835,41.70532],[25.78547,41.7055],[25.78324,41.70926],[25.78214,41.71506],[25.7851,41.71667],[25.78765,41.71695],[25.78789,41.7157],[25.79322,41.7151],[25.79612,41.7143],[25.79745,41.71431],[25.79799,41.71523],[25.8012,41.71518],[25.8031,41.71437],[25.80448,41.71197],[25.80408,41.70956],[25.80186,41.70962],[25.79926,41.70644],[25.79874,41.70469],[25.7991,41.70336],[25.80121,41.70313],[25.80338,41.70557],[25.80833,41.70736],[25.80696,41.70951],[25.80716,41.71067],[25.80803,41.7116],[25.81345,41.71223],[25.81399,41.71324],[25.81382,41.71631],[25.81436,41.71748]]]},"properties":{"SiteCode":"BG0001032","SiteNameBG":"Родопи - Източни","SiteType":"SCI","SiteArea":217624.89721699999,"naturaClass":"habitats"}},{"type":"Feature","geometry":{"type":"Polygon","coordinates":[[[23.00902,42.53704],[23.01476,42.53145],[23.02018,42.53091],[23.02303,42.53228],[23.02776,42.531],[23.02575,42.52785],[23.03024,42.52656],[23.03217,42.52699],[23.03466,42.52635],[23.03504,42.52419],[23.03705,42.52336],[23.04001,42.52292],[23.04084,42.52132],[23.04067,42.52023],[23.04368,42.51906],[23.04436,42.51601],[23.04347,42.51453],[23.04501,42.5135],[23.04421,42.51058],[23.0461,42.50775],[23.04892,42.50567],[23.05642,42.50702],[23.06382,42.50601],[23.06724,42.50612],[23.06913,42.50329],[23.07084,42.50317],[23.07297,42.50053],[23.07536,42.50134],[23.07966,42.50691],[23.08288,42.5101],[23.08577,42.51092],[23.08801,42.51027],[23.08987,42.51179],[23.08977,42.51341],[23.0963,42.51454],[23.10248,42.51348],[23.10033,42.51269],[23.09965,42.51176],[23.09973,42.51049],[23.09607,42.50639],[23.09476,42.50399],[23.09486,42.50237],[23.1009,42.50348],[23.10338,42.50302],[23.10541,42.50173],[23.10935,42.50132],[23.11147,42.50266],[23.11156,42.49724],[23.10912,42.49715],[23.10679,42.49526],[23.10618,42.49325],[23.11128,42.49379],[23.10947,42.49156],[23.11239,42.49166],[23.11797,42.48841],[23.1209,42.48851],[23.12135,42.49304],[23.12011,42.49734],[23.1164,42.50192],[23.11411,42.50727],[23.11027,42.51402],[23.1057,42.51676],[23.1013,42.52059],[23.10358,42.52338],[23.11055,42.52525],[23.11094,42.52689],[23.11461,42.52683],[23.11624,42.52815],[23.11629,42.53141],[23.11714,42.53343],[23.11657,42.53468],[23.11068,42.53502],[23.11058,42.53665],[23.11323,42.53728],[23.11311,42.53926],[23.11169,42.54233],[23.1075,42.54291],[23.10518,42.54569],[23.10919,42.54722],[23.10939,42.54795],[23.11125,42.54946],[23.11167,42.55056],[23.10931,42.55319],[23.10521,42.55613],[23.10335,42.55444],[23.09915,42.55526],[23.09885,42.556],[23.09203,42.55559],[23.08974,42.55696],[23.08619,42.55503],[23.08276,42.55509],[23.07954,42.55951],[23.0769,42.55869],[23.06815,42.56165],[23.06729,42.56361],[23.06591,42.56229],[23.06529,42.56046],[23.06198,42.55854],[23.05835,42.55787],[23.05623,42.56051],[23.06202,42.56456],[23.06133,42.56517],[23.05831,42.56551],[23.05022,42.56968],[23.0456,42.57152],[23.03878,42.56995],[23.03711,42.56789],[23.0284,42.56759],[23.02507,42.56828],[23.01612,42.56694],[23.01322,42.56995],[23.00816,42.56911],[23.01444,42.56488],[23.01608,42.56271],[23.01985,42.55084],[23.01683,42.54509],[23.02241,42.54203],[23.02299,42.5406],[23.01435,42.54175],[23.01194,42.54112],[23.00965,42.53869],[23.00902,42.53704]]]},"properties":{"SiteCode":"BG0001375","SiteNameBG":"Острица","SiteType":"SCI","SiteArea":4421.6639390500004,"naturaClass":"habitats"}},{"type":"Feature","geometry":{"type":"Polygon","coordinates":[[[24.81169,42.94591],[24.81236,42.94331],[24.81674,42.94075],[24.81684,42.93921],[24.81391,42.93328],[24.81435,42.93143],[24.81584,42.92993],[24.82084,42.92737],[24.82805,42.91981],[24.82859,42.91803],[24.82825,42.91405],[24.83023,42.90761],[24.82981,42.90514],[24.82871,42.90281],[24.82914,42.90058],[24.82835,42.89921],[24.82867,42.89584],[24.83204,42.89212],[24.83502,42.89001],[24.84028,42.88862],[24.84545,42.88793],[24.85849,42.88769],[24.86203,42.88527],[24.86428,42.8843],[24.86583,42.88196],[24.86567,42.87811],[24.86741,42.87511],[24.86654,42.87197],[24.86766,42.8686],[24.8661,42.86143],[24.86678,42.85933],[24.86804,42.85703],[24.87063,42.85536],[24.87773,42.8527],[24.87914,42.85256],[24.88098,42.85358],[24.8812,42.8545],[24.88076,42.85537],[24.87211,42.85914],[24.87104,42.86148],[24.87261,42.86861],[24.87151,42.87205],[24.87234,42.87523],[24.87189,42.877],[24.87056,42.87882],[24.87065,42.88285],[24.86815,42.88663],[24.86023,42.89114],[24.84593,42.89152],[24.83741,42.8932],[24.83327,42.89724],[24.83324,42.89858],[24.83415,42.90021],[24.83367,42.90245],[24.83459,42.90428],[24.83516,42.90775],[24.83313,42.9145],[24.83353,42.91815],[24.83272,42.92097],[24.82453,42.92978],[24.81889,42.93289],[24.82169,42.93851],[24.82159,42.9414],[24.82032,42.94362],[24.81674,42.94535],[24.82762,42.95319],[24.83216,42.95316],[24.83594,42.95422],[24.83816,42.95421],[24.84009,42.95499],[24.84344,42.95758],[24.85345,42.95904],[24.85447,42.96032],[24.85372,42.96503],[24.854,42.96703],[24.85482,42.96812],[24.85579,42.9657],[24.85709,42.96461],[24.86093,42.96419],[24.86394,42.96621],[24.86423,42.96778],[24.86343,42.97048],[24.86707,42.96823],[24.86913,42.96785],[24.87183,42.96875],[24.87373,42.97132],[24.88402,42.97249],[24.8882,42.96998],[24.89056,42.96988],[24.89222,42.9707],[24.89381,42.97424],[24.89454,42.97471],[24.89562,42.9744],[24.89742,42.97202],[24.89906,42.97129],[24.9019,42.97155],[24.9033,42.97264],[24.9061,42.96793],[24.90883,42.96655],[24.911,42.96675],[24.91401,42.96897],[24.91576,42.96907],[24.91712,42.96901],[24.91775,42.96727],[24.91938,42.96608],[24.92754,42.96587],[24.9354,42.96834],[24.94395,42.96919],[24.95157,42.96833],[24.95706,42.96563],[24.95931,42.964],[24.962,42.96367],[24.96808,42.96487],[24.97099,42.96612],[24.97272,42.9677],[24.9757,42.96253],[24.97834,42.96087],[24.98097,42.96093],[24.98446,42.96301],[24.98695,42.96385],[24.99067,42.96241],[24.99728,42.96162],[25.00152,42.9592],[25.00393,42.9587],[25.00691,42.95984],[25.00927,42.96184],[25.01437,42.96327],[25.01639,42.96485],[25.01704,42.96649],[25.02095,42.96483],[25.02347,42.96454],[25.03233,42.96516],[25.03788,42.96606],[25.04141,42.96776],[25.04331,42.96926],[25.04388,42.96931],[25.04676,42.96602],[25.0523,42.96444],[25.05618,42.96495],[25.05957,42.96689],[25.06307,42.96561],[25.06609,42.9658],[25.07057,42.96978],[25.07418,42.97023],[25.07841,42.9702],[25.08334,42.96798],[25.08774,42.96703],[25.08996,42.96807],[25.09336,42.97344],[25.09409,42.97867],[25.09495,42.98116],[25.09849,42.98348],[25.10188,42.98238],[25.10503,42.98246],[25.10626,42.98319],[25.10661,42.98443],[25.10522,42.98579],[25.10245,42.98599],[25.09904,42.98723],[25.09708,42.98711],[25.09542,42.98639],[25.09062,42.98291],[25.08925,42.97924],[25.08867,42.97456],[25.08639,42.97094],[25.08017,42.97358],[25.07576,42.97394],[25.06844,42.97306],[25.06704,42.97234],[25.06399,42.96925],[25.06072,42.97043],[25.05845,42.97044],[25.05352,42.96809],[25.05014,42.96876],[25.04735,42.97191],[25.04489,42.97289],[25.04127,42.9726],[25.03591,42.96937],[25.02535,42.96813],[25.02253,42.96826],[25.01838,42.9701],[25.01588,42.9703],[25.01319,42.96937],[25.01229,42.9682],[25.01209,42.96663],[25.01133,42.9661],[25.0069,42.96504],[25.0037,42.96259],[24.99927,42.96492],[24.99677,42.96555],[24.99242,42.96579],[24.98998,42.96697],[24.98736,42.96746],[24.98382,42.96697],[24.97976,42.96481],[24.97852,42.96747],[24.97618,42.97047],[24.97257,42.97187],[24.96996,42.97134],[24.96784,42.96892],[24.96189,42.96727],[24.95364,42.97161],[24.94438,42.97282],[24.93397,42.97179],[24.92682,42.96947],[24.9222,42.96953],[24.92049,42.97174],[24.9181,42.97258],[24.91206,42.97234],[24.90961,42.97078],[24.90741,42.97493],[24.90563,42.97638],[24.90287,42.97674],[24.90024,42.97574],[24.89755,42.97788],[24.89386,42.97828],[24.89085,42.9773],[24.88868,42.97449],[24.8859,42.97592],[24.88329,42.97612],[24.88054,42.97545],[24.87262,42.97487],[24.87059,42.97415],[24.86854,42.97202],[24.86512,42.97398],[24.86274,42.97412],[24.85975,42.97317],[24.85871,42.97191],[24.85853,42.97066],[24.85731,42.97162],[24.85544,42.97207],[24.85284,42.97165],[24.85053,42.97002],[24.84922,42.96793],[24.8488,42.96495],[24.84936,42.96194],[24.84113,42.96082],[24.83693,42.95778],[24.8346,42.9578],[24.83167,42.95676],[24.82825,42.95696],[24.82567,42.95656],[24.81484,42.94914],[24.81301,42.94773],[24.81169,42.94591]]]},"properties":{"SiteCode":"BG0000618","SiteNameBG":"Видима","SiteType":"SCI","SiteArea":1823.3426494800001,"naturaClass":"habitats"}},{"type":"Feature","geometry":{"type":"Polygon","coordinates":[[[25.85021,41.94732],[25.83058,41.94535],[25.83032,41.94461],[25.82378,41.94391],[25.81921,41.94251],[25.80106,41.94443],[25.79634,41.9418],[25.79195,41.93489],[25.79355,41.9307],[25.79147,41.92795],[25.79346,41.92822],[25.79479,41.9276],[25.79703,41.92823],[25.79958,41.92781],[25.8031,41.9265],[25.80299,41.92437],[25.79871,41.92238],[25.797,41.92216],[25.79645,41.92225],[25.79597,41.92348],[25.79237,41.92495],[25.79106,41.92421],[25.78882,41.92487],[25.78689,41.92476],[25.78525,41.92355],[25.78341,41.91936],[25.77989,41.91792],[25.778,41.9185],[25.77639,41.92044],[25.77237,41.92135],[25.76072,41.92746],[25.75862,41.92809],[25.75185,41.92792],[25.75083,41.92705],[25.74596,41.9197],[25.74566,41.91984],[25.74431,41.91788],[25.74123,41.91584],[25.73729,41.91621],[25.73311,41.91805],[25.7302,41.9181],[25.731,41.92017],[25.73105,41.9218],[25.73234,41.92294],[25.73254,41.9238],[25.73227,41.92298],[25.73126,41.92222],[25.73088,41.92274],[25.73011,41.92176],[25.73067,41.92008],[25.7294,41.91786],[25.71952,41.91675],[25.71513,41.91472],[25.71499,41.91265],[25.71447,41.91268],[25.71348,41.9146],[25.71458,41.91184],[25.71422,41.90997],[25.71263,41.90851],[25.7135,41.90843],[25.71371,41.90337],[25.71043,41.89765],[25.7057,41.89629],[25.70304,41.8946],[25.70177,41.89007],[25.70019,41.88892],[25.69367,41.89066],[25.69389,41.89114],[25.69548,41.89078],[25.69564,41.89131],[25.69642,41.89118],[25.69685,41.89192],[25.69524,41.89464],[25.69322,41.89405],[25.69303,41.89277],[25.69148,41.89211],[25.69112,41.89117],[25.6896,41.89121],[25.68665,41.8893],[25.68458,41.89042],[25.68339,41.89312],[25.68203,41.89446],[25.68163,41.89427],[25.67966,41.8954],[25.68214,41.89372],[25.68149,41.89391],[25.68254,41.89298],[25.68374,41.89023],[25.68556,41.88969],[25.68631,41.88872],[25.68383,41.8875],[25.68149,41.88896],[25.68109,41.88983],[25.68099,41.8895],[25.67946,41.88989],[25.67558,41.88904],[25.67685,41.88961],[25.67339,41.88965],[25.67257,41.89025],[25.67368,41.89153],[25.67073,41.89458],[25.67222,41.89121],[25.66908,41.89188],[25.66915,41.89352],[25.66814,41.89243],[25.6657,41.89355],[25.66545,41.89389],[25.66623,41.89498],[25.6651,41.89403],[25.66328,41.89503],[25.66407,41.89566],[25.66302,41.89636],[25.66474,41.89807],[25.66396,41.89904],[25.66037,41.90043],[25.65981,41.90034],[25.65986,41.89998],[25.66173,41.89722],[25.66205,41.89558],[25.65522,41.89732],[25.65739,41.89617],[25.65595,41.89477],[25.65491,41.8946],[25.65494,41.89392],[25.65433,41.89337],[25.65166,41.89502],[25.65115,41.89593],[25.65033,41.89519],[25.65069,41.89478],[25.64965,41.89394],[25.64815,41.89445],[25.64496,41.89682],[25.64549,41.89576],[25.64518,41.89576],[25.64489,41.89677],[25.64424,41.89676],[25.64448,41.89608],[25.64409,41.89621],[25.64378,41.89568],[25.64657,41.89348],[25.646,41.89277],[25.64678,41.89172],[25.6474,41.89162],[25.64662,41.891],[25.64863,41.89114],[25.64873,41.89158],[25.64806,41.89133],[25.6484,41.89167],[25.64799,41.89232],[25.64907,41.8923],[25.64919,41.89114],[25.65006,41.89077],[25.64956,41.89028],[25.65016,41.89001],[25.65024,41.89144],[25.65045,41.89096],[25.65128,41.89139],[25.65181,41.89101],[25.65202,41.89214],[25.65356,41.89223],[25.65266,41.89308],[25.65324,41.89357],[25.65454,41.89224],[25.6544,41.89156],[25.65533,41.89207],[25.65624,41.89114],[25.65545,41.89144],[25.6548,41.89093],[25.65619,41.89085],[25.65673,41.89035],[25.65513,41.8903],[25.65537,41.88958],[25.65486,41.88943],[25.65138,41.88973],[25.65318,41.88947],[25.65422,41.88883],[25.65392,41.8886],[25.64818,41.88954],[25.64435,41.88896],[25.64388,41.88946],[25.64041,41.8897],[25.63961,41.88903],[25.63594,41.88822],[25.63484,41.88866],[25.63419,41.88804],[25.6331,41.88857],[25.63172,41.88817],[25.63123,41.88854],[25.63094,41.88816],[25.62888,41.88877],[25.62913,41.88823],[25.62629,41.88487],[25.62959,41.88443],[25.63111,41.88362],[25.63174,41.88455],[25.63544,41.88315],[25.63379,41.88232],[25.63397,41.87946],[25.63497,41.87885],[25.6345,41.87867],[25.63528,41.87797],[25.63828,41.87786],[25.64167,41.87983],[25.64504,41.87824],[25.65084,41.8745],[25.65257,41.87537],[25.65709,41.87175],[25.65614,41.87092],[25.6593,41.87017],[25.65906,41.86958],[25.65665,41.86887],[25.65945,41.86919],[25.66052,41.87068],[25.66203,41.86906],[25.6621,41.86797],[25.6605,41.86711],[25.65886,41.86689],[25.65492,41.86729],[25.65501,41.86609],[25.65307,41.864],[25.65365,41.86287],[25.65282,41.86204],[25.65138,41.86193],[25.65103,41.86266],[25.64972,41.86275],[25.64814,41.86373],[25.64886,41.86463],[25.6474,41.86422],[25.64483,41.86632],[25.64441,41.86616],[25.64742,41.86382],[25.64825,41.86227],[25.64779,41.86202],[25.64502,41.86297],[25.64192,41.86544],[25.63894,41.86544],[25.64291,41.8638],[25.64392,41.86221],[25.64487,41.86182],[25.64848,41.86176],[25.64955,41.86106],[25.65063,41.86118],[25.6527,41.86033],[25.65014,41.85939],[25.64833,41.85798],[25.64631,41.85544],[25.64443,41.85457],[25.6392,41.85397],[25.6349,41.8557],[25.63328,41.85452],[25.63238,41.85441],[25.632,41.85371],[25.62847,41.85333],[25.62822,41.85392],[25.62833,41.85329],[25.62584,41.8527],[25.62517,41.85317],[25.62509,41.85412],[25.62526,41.85251],[25.62245,41.8516],[25.6195,41.85395],[25.61926,41.85509],[25.61846,41.85448],[25.6215,41.85146],[25.61833,41.85099],[25.61504,41.84957],[25.61471,41.85077],[25.61294,41.85112],[25.61446,41.84971],[25.6117,41.84953],[25.61604,41.84944],[25.61279,41.84813],[25.61061,41.84783],[25.606,41.8481],[25.60616,41.85086],[25.60361,41.85145],[25.60459,41.84988],[25.60566,41.84997],[25.60556,41.84813],[25.59483,41.84846],[25.59514,41.84787],[25.5936,41.84841],[25.59399,41.84805],[25.59278,41.84784],[25.58971,41.84612],[25.58769,41.8458],[25.58656,41.84321],[25.58383,41.84166],[25.58262,41.84156],[25.58268,41.84242],[25.58133,41.84327],[25.57856,41.84326],[25.57375,41.84539],[25.57113,41.84586],[25.56909,41.84704],[25.56257,41.84752],[25.55921,41.84871],[25.55776,41.84869],[25.55692,41.85064],[25.55437,41.85132],[25.54985,41.85138],[25.54754,41.85052],[25.5466,41.85174],[25.54598,41.85175],[25.54582,41.84962],[25.54291,41.85043],[25.54407,41.85371],[25.53888,41.85438],[25.53844,41.85283],[25.53747,41.85296],[25.53699,41.85378],[25.53316,41.85535],[25.53182,41.8582],[25.52876,41.85911],[25.52821,41.8605],[25.52711,41.85909],[25.53124,41.85797],[25.5321,41.85716],[25.53281,41.85538],[25.53701,41.85351],[25.53681,41.85246],[25.53725,41.8523],[25.5334,41.85327],[25.53369,41.85282],[25.53329,41.85269],[25.5321,41.8531],[25.53208,41.85386],[25.53265,41.85372],[25.53168,41.85433],[25.53177,41.85308],[25.53089,41.85346],[25.52976,41.85258],[25.52607,41.85175],[25.52487,41.85225],[25.52538,41.85418],[25.5245,41.85548],[25.52159,41.85634],[25.52212,41.85802],[25.5216,41.85711],[25.52013,41.85771],[25.51958,41.85678],[25.51763,41.8576],[25.5141,41.85737],[25.51231,41.85772],[25.50795,41.86012],[25.5067,41.86154],[25.50671,41.86036],[25.50095,41.86031],[25.49717,41.8612],[25.49519,41.86086],[25.49461,41.8615],[25.49014,41.8615],[25.48338,41.86278],[25.4806,41.86218],[25.47786,41.86226],[25.47528,41.86311],[25.47195,41.86285],[25.46694,41.86343],[25.46699,41.86385],[25.46444,41.86448],[25.46475,41.8654],[25.46443,41.86545],[25.46428,41.86496],[25.45621,41.86519],[25.45312,41.86661],[25.45133,41.86614],[25.44766,41.86612],[25.44498,41.86517],[25.44371,41.8653],[25.44121,41.86658],[25.43563,41.86547],[25.43726,41.8636],[25.4386,41.86405],[25.43828,41.86514],[25.44187,41.86368],[25.44386,41.86411],[25.44721,41.8634],[25.44387,41.86234],[25.44132,41.86033],[25.4396,41.85871],[25.43989,41.85679],[25.44076,41.85695],[25.44099,41.85754],[25.4421,41.85759],[25.44318,41.85703],[25.4452,41.85714],[25.44621,41.85807],[25.4465,41.85759],[25.44704,41.85903],[25.44816,41.86009],[25.44825,41.86116],[25.44768,41.86194],[25.44611,41.86267],[25.4479,41.86287],[25.44865,41.86362],[25.44841,41.86385],[25.45119,41.86336],[25.45311,41.86479],[25.45603,41.86394],[25.45701,41.86212],[25.46178,41.86151],[25.46208,41.86088],[25.4609,41.86052],[25.45466,41.86204],[25.4554,41.86033],[25.45462,41.8595],[25.45394,41.86058],[25.45051,41.86005],[25.44987,41.86065],[25.44874,41.86074],[25.4484,41.85886],[25.44914,41.85842],[25.44904,41.85892],[25.4509,41.85895],[25.45011,41.85858],[25.45066,41.85831],[25.45062,41.85751],[25.45187,41.85764],[25.45215,41.8585],[25.45187,41.85808],[25.45171,41.8586],[25.45263,41.85953],[25.45296,41.85925],[25.45241,41.85802],[25.45086,41.85657],[25.45248,41.8569],[25.45218,41.85614],[25.45266,41.85499],[25.45357,41.85593],[25.45374,41.85535],[25.4548,41.85651],[25.45494,41.854],[25.45638,41.85198],[25.45886,41.85347],[25.46068,41.85389],[25.46281,41.86002],[25.46334,41.86016],[25.46308,41.86129],[25.46553,41.86167],[25.46951,41.8604],[25.47316,41.86026],[25.47857,41.85872],[25.47888,41.85877],[25.47837,41.85913],[25.47902,41.85964],[25.48469,41.86011],[25.48409,41.85766],[25.48332,41.85698],[25.48297,41.85719],[25.48212,41.85609],[25.48204,41.85417],[25.47977,41.85211],[25.48012,41.85138],[25.47984,41.85016],[25.48035,41.8492],[25.48225,41.84845],[25.48506,41.84528],[25.48614,41.84541],[25.48675,41.84611],[25.4863,41.84656],[25.48687,41.84682],[25.48659,41.84808],[25.48709,41.84797],[25.48797,41.84931],[25.48894,41.84928],[25.48963,41.85041],[25.48857,41.8508],[25.48911,41.8526],[25.49103,41.85408],[25.49289,41.85445],[25.49313,41.85534],[25.48885,41.85681],[25.48438,41.85721],[25.48466,41.85954],[25.4862,41.86027],[25.48947,41.85987],[25.49098,41.85881],[25.4942,41.85919],[25.49926,41.85783],[25.50498,41.85891],[25.5078,41.8587],[25.51369,41.85518],[25.5167,41.85449],[25.52003,41.85478],[25.52186,41.8543],[25.52254,41.85059],[25.5231,41.85037],[25.52227,41.84948],[25.52092,41.85088],[25.51804,41.85183],[25.51479,41.85171],[25.51053,41.85279],[25.50449,41.84938],[25.50328,41.84728],[25.50416,41.84858],[25.50242,41.84723],[25.50098,41.84715],[25.49889,41.84587],[25.49828,41.84453],[25.50126,41.84101],[25.49859,41.84161],[25.50251,41.83992],[25.50551,41.83998],[25.5103,41.84086],[25.51253,41.84251],[25.51646,41.84384],[25.51531,41.84443],[25.51755,41.84568],[25.51695,41.8463],[25.51814,41.84667],[25.52076,41.8461],[25.52264,41.8481],[25.52327,41.84751],[25.52188,41.84625],[25.52411,41.84613],[25.5249,41.84699],[25.52513,41.84638],[25.52629,41.84592],[25.52668,41.84628],[25.52825,41.84599],[25.52779,41.84638],[25.52813,41.84677],[25.52985,41.84637],[25.53079,41.84535],[25.53117,41.84726],[25.53018,41.84697],[25.52994,41.84803],[25.52947,41.84766],[25.52713,41.84785],[25.52714,41.84909],[25.52757,41.84951],[25.52616,41.84946],[25.52564,41.84799],[25.5247,41.8494],[25.5236,41.84875],[25.52295,41.84904],[25.52482,41.8503],[25.52621,41.84975],[25.53791,41.85041],[25.54246,41.85005],[25.54242,41.84675],[25.54166,41.84574],[25.53962,41.84501],[25.53633,41.84504],[25.53624,41.84465],[25.53551,41.84491],[25.53399,41.84419],[25.52741,41.84323],[25.52263,41.84324],[25.52347,41.84001],[25.52574,41.84047],[25.53339,41.84043],[25.53786,41.84169],[25.54003,41.84144],[25.5418,41.84075],[25.54091,41.83506],[25.54574,41.83551],[25.54622,41.83599],[25.54532,41.83886],[25.54564,41.8416],[25.54502,41.84303],[25.54783,41.84298],[25.54781,41.84357],[25.54581,41.84385],[25.54284,41.84336],[25.54267,41.84834],[25.54308,41.84867],[25.54266,41.8489],[25.54714,41.84797],[25.54825,41.84801],[25.54833,41.84896],[25.55174,41.84899],[25.55635,41.84841],[25.55756,41.84703],[25.55898,41.84719],[25.55909,41.84766],[25.5691,41.8465],[25.5704,41.84561],[25.5737,41.8446],[25.57385,41.84307],[25.57333,41.84177],[25.56277,41.8435],[25.56223,41.84298],[25.55571,41.84332],[25.55587,41.84275],[25.55511,41.84234],[25.55566,41.84185],[25.55625,41.84237],[25.55725,41.84174],[25.557,41.84149],[25.55908,41.84148],[25.55902,41.84105],[25.56863,41.83938],[25.56666,41.83896],[25.56805,41.83655],[25.57034,41.83626],[25.56996,41.83737],[25.57138,41.83772],[25.5726,41.83931],[25.57268,41.84026],[25.57353,41.84053],[25.57578,41.84018],[25.57827,41.84059],[25.57911,41.84018],[25.57969,41.8406],[25.5843,41.83942],[25.58752,41.84006],[25.59508,41.83911],[25.59495,41.83981],[25.59387,41.83959],[25.5929,41.84021],[25.58665,41.84097],[25.58693,41.84238],[25.58996,41.84513],[25.59375,41.84723],[25.59539,41.84713],[25.59652,41.84579],[25.59672,41.84641],[25.5994,41.84446],[25.60061,41.8448],[25.59857,41.84627],[25.5986,41.84753],[25.61242,41.84729],[25.62103,41.85057],[25.62405,41.85069],[25.6242,41.85027],[25.62587,41.85061],[25.62509,41.85077],[25.62723,41.85216],[25.62907,41.85273],[25.6307,41.85249],[25.63066,41.85312],[25.64247,41.85369],[25.64609,41.85461],[25.64731,41.85543],[25.65004,41.85864],[25.65561,41.86119],[25.6562,41.86535],[25.66144,41.86634],[25.66259,41.8675],[25.66251,41.86881],[25.66514,41.86793],[25.66528,41.87252],[25.66791,41.87262],[25.6687,41.87314],[25.66505,41.87482],[25.66878,41.87711],[25.66937,41.87575],[25.66973,41.87595],[25.66944,41.87687],[25.67121,41.87789],[25.67093,41.87841],[25.6737,41.87867],[25.67545,41.87636],[25.67691,41.87539],[25.67536,41.87681],[25.67505,41.87773],[25.67695,41.87654],[25.67759,41.87722],[25.67687,41.87668],[25.67615,41.87707],[25.67669,41.87762],[25.67839,41.87704],[25.67833,41.87958],[25.67682,41.88354],[25.67682,41.88447],[25.6787,41.88742],[25.67809,41.88812],[25.67944,41.88845],[25.68025,41.88743],[25.6794,41.88598],[25.67906,41.88425],[25.67951,41.88339],[25.67896,41.88165],[25.68098,41.8803],[25.68239,41.87834],[25.68174,41.87742],[25.67979,41.87673],[25.67964,41.87626],[25.68082,41.87466],[25.68101,41.8728],[25.6828,41.87249],[25.68344,41.87165],[25.68352,41.87048],[25.68487,41.87096],[25.685,41.87151],[25.68449,41.87184],[25.68516,41.87239],[25.68714,41.87234],[25.6871,41.87175],[25.70103,41.8767],[25.70469,41.87698],[25.70435,41.87815],[25.7016,41.87931],[25.69821,41.88028],[25.69302,41.88096],[25.69345,41.882],[25.68938,41.88301],[25.68921,41.88255],[25.68806,41.88338],[25.68761,41.88464],[25.68582,41.88486],[25.68614,41.88546],[25.68531,41.88611],[25.68474,41.88753],[25.68849,41.88954],[25.68845,41.88998],[25.69041,41.89049],[25.69429,41.89013],[25.69981,41.88796],[25.70126,41.88848],[25.70098,41.88877],[25.70214,41.8899],[25.70388,41.89381],[25.70482,41.89488],[25.70722,41.89602],[25.71037,41.89634],[25.71098,41.89736],[25.71204,41.89744],[25.71191,41.89863],[25.71246,41.90014],[25.71469,41.90389],[25.71428,41.90647],[25.71618,41.90483],[25.71492,41.90142],[25.71567,41.90105],[25.71489,41.9008],[25.71589,41.90074],[25.71515,41.90062],[25.71698,41.89976],[25.71774,41.90009],[25.71745,41.89955],[25.7181,41.89926],[25.71906,41.89949],[25.71887,41.8988],[25.72124,41.89987],[25.72094,41.8991],[25.72639,41.89968],[25.72816,41.90086],[25.72793,41.90354],[25.72971,41.90364],[25.72966,41.90413],[25.73077,41.90429],[25.73272,41.90582],[25.73481,41.90344],[25.73228,41.90237],[25.73097,41.90265],[25.73271,41.90124],[25.73336,41.90185],[25.73264,41.90231],[25.73635,41.90269],[25.73737,41.90234],[25.73805,41.90269],[25.73896,41.90229],[25.74019,41.90359],[25.74305,41.90506],[25.74786,41.90488],[25.74576,41.90326],[25.74998,41.90386],[25.75171,41.90297],[25.74886,41.90297],[25.75021,41.89963],[25.75185,41.89749],[25.74771,41.89649],[25.74733,41.89936],[25.74633,41.90127],[25.74414,41.89837],[25.74484,41.8955],[25.74775,41.8941],[25.74971,41.8922],[25.75261,41.89175],[25.75783,41.88678],[25.76205,41.88419],[25.76889,41.87828],[25.76895,41.8754],[25.76835,41.87348],[25.76868,41.86989],[25.76121,41.86119],[25.76095,41.85831],[25.76167,41.85425],[25.76425,41.85308],[25.7729,41.85317],[25.77993,41.85421],[25.78309,41.85639],[25.78452,41.85665],[25.78445,41.85577],[25.78571,41.85578],[25.78918,41.85372],[25.80063,41.85233],[25.8135,41.85674],[25.81756,41.85513],[25.81789,41.85447],[25.82572,41.85363],[25.829,41.85428],[25.82944,41.85244],[25.82869,41.84843],[25.832,41.84755],[25.83439,41.85187],[25.83516,41.85465],[25.84255,41.85534],[25.84257,41.85591],[25.84333,41.85116],[25.83827,41.84314],[25.84094,41.83983],[25.84227,41.83897],[25.84222,41.83738],[25.84436,41.83672],[25.84767,41.8377],[25.84745,41.84012],[25.84725,41.84062],[25.84241,41.84268],[25.85039,41.84201],[25.85068,41.8427],[25.85196,41.84328],[25.86434,41.84728],[25.8572,41.85284],[25.85626,41.85445],[25.85092,41.85715],[25.8561,41.85846],[25.86002,41.857],[25.8608,41.85857],[25.86812,41.85951],[25.87145,41.86073],[25.8764,41.86167],[25.87871,41.86044],[25.88007,41.86253],[25.88629,41.86309],[25.89164,41.86228],[25.89026,41.86089],[25.89277,41.86022],[25.8929,41.8583],[25.89597,41.85866],[25.89684,41.8536],[25.89578,41.85183],[25.91603,41.84893],[25.92067,41.85116],[25.92294,41.85533],[25.92825,41.85975],[25.92823,41.85773],[25.92898,41.85667],[25.92899,41.85575],[25.93143,41.85478],[25.93187,41.85358],[25.93442,41.85264],[25.93654,41.85262],[25.93699,41.8519],[25.93849,41.8525],[25.93935,41.85182],[25.9391,41.8462],[25.9404,41.84344],[25.94065,41.8402],[25.94248,41.83811],[25.94242,41.83947],[25.94336,41.83995],[25.94259,41.84107],[25.94396,41.84735],[25.94221,41.84941],[25.94235,41.85118],[25.94142,41.85244],[25.94571,41.85457],[25.93966,41.85437],[25.93914,41.85532],[25.94516,41.85789],[25.95049,41.85863],[25.95357,41.86045],[25.95399,41.86045],[25.95494,41.85901],[25.95553,41.8572],[25.94604,41.85488],[25.94661,41.85236],[25.94953,41.85096],[25.95115,41.84961],[25.95139,41.84829],[25.95036,41.84754],[25.95021,41.84665],[25.9508,41.84399],[25.95202,41.84283],[25.95356,41.8424],[25.95571,41.84081],[25.95828,41.8408],[25.95925,41.83946],[25.96332,41.83836],[25.96641,41.83822],[25.97225,41.83897],[25.97563,41.84003],[25.97829,41.83952],[25.98242,41.84091],[25.9832,41.84073],[25.98338,41.8395],[25.99255,41.83983],[25.99245,41.84034],[25.99335,41.84099],[25.99382,41.84329],[25.99256,41.84735],[26.00061,41.84753],[26.00133,41.84835],[26.00285,41.84854],[26.00281,41.851],[26.00402,41.85255],[26.00853,41.85382],[26.03156,41.85371],[26.03528,41.85251],[26.03489,41.85127],[26.03541,41.85014],[26.02956,41.85022],[26.03125,41.84715],[26.03004,41.84561],[26.03498,41.84534],[26.03908,41.84568],[26.0405,41.84906],[26.04311,41.85134],[26.04303,41.85688],[26.03809,41.85684],[26.04052,41.85932],[26.04625,41.86152],[26.05653,41.8616],[26.06679,41.86292],[26.06389,41.86474],[26.05732,41.86407],[26.0495,41.864],[26.0339,41.86234],[26.02566,41.86319],[26.01905,41.86498],[26.01494,41.86494],[26.00958,41.86582],[26.00748,41.86826],[26.00376,41.86977],[26.0005,41.86758],[26.00054,41.86513],[26.00424,41.86516],[26.00964,41.86182],[26.01418,41.86032],[26.01746,41.86158],[26.02326,41.85856],[26.02822,41.85706],[26.02246,41.85701],[26.01754,41.85605],[25.9879,41.85794],[25.98757,41.85575],[25.9777,41.85464],[25.97799,41.85608],[25.9763,41.85682],[25.98113,41.85965],[25.98077,41.86312],[25.97332,41.86738],[25.95605,41.87423],[25.95532,41.87557],[25.95311,41.87734],[25.95117,41.87645],[25.95131,41.87611],[25.9411,41.88024],[25.93385,41.87615],[25.93121,41.87604],[25.92649,41.87722],[25.92343,41.8784],[25.92322,41.87933],[25.9214,41.87949],[25.92098,41.87836],[25.92001,41.87942],[25.92057,41.88128],[25.9258,41.8864],[25.92275,41.89046],[25.92151,41.89067],[25.91918,41.89328],[25.91506,41.8944],[25.91348,41.8984],[25.90923,41.90062],[25.90741,41.90432],[25.90312,41.90324],[25.90273,41.90243],[25.90176,41.90274],[25.89784,41.90208],[25.89727,41.9027],[25.89836,41.90432],[25.89779,41.90508],[25.89852,41.90579],[25.89642,41.90863],[25.89528,41.90953],[25.89407,41.90917],[25.89284,41.91013],[25.89022,41.91011],[25.88892,41.91059],[25.88906,41.91179],[25.89114,41.91252],[25.89312,41.91227],[25.89377,41.91296],[25.89034,41.91786],[25.8897,41.92144],[25.88892,41.92266],[25.88782,41.92334],[25.88753,41.92806],[25.88852,41.9279],[25.88811,41.92725],[25.88891,41.92783],[25.88794,41.93002],[25.8901,41.92942],[25.88844,41.92993],[25.88816,41.93053],[25.88886,41.93195],[25.89287,41.93307],[25.90091,41.93371],[25.91248,41.93386],[25.91533,41.93429],[25.91503,41.93514],[25.9097,41.93472],[25.90759,41.93511],[25.89833,41.93421],[25.89683,41.93528],[25.89964,41.93527],[25.89567,41.9408],[25.89427,41.9398],[25.89323,41.94043],[25.89313,41.93976],[25.89229,41.93933],[25.89027,41.94014],[25.88996,41.9399],[25.88879,41.94074],[25.88826,41.94005],[25.88927,41.93906],[25.88882,41.93881],[25.88582,41.93864],[25.88576,41.93931],[25.88672,41.93939],[25.88671,41.93979],[25.88353,41.93962],[25.88345,41.93803],[25.88095,41.93878],[25.87939,41.9384],[25.87873,41.93991],[25.87773,41.93854],[25.87683,41.93894],[25.87609,41.94011],[25.87874,41.9412],[25.8803,41.94109],[25.88039,41.94185],[25.88194,41.94211],[25.87512,41.94238],[25.87484,41.94304],[25.87394,41.94318],[25.86987,41.94227],[25.8685,41.94275],[25.8673,41.94259],[25.86631,41.94138],[25.86448,41.9411],[25.86201,41.94244],[25.86305,41.94397],[25.86043,41.94527],[25.8596,41.94489],[25.85698,41.94656],[25.85021,41.94732]],[[25.78913,41.92418],[25.79569,41.92163],[25.79039,41.9179],[25.78808,41.91507],[25.78914,41.91358],[25.78887,41.91288],[25.78946,41.91098],[25.78901,41.91013],[25.78995,41.90841],[25.78943,41.9078],[25.7897,41.90722],[25.78857,41.90715],[25.78424,41.90843],[25.77662,41.9078],[25.77583,41.91129],[25.77321,41.91564],[25.76608,41.91594],[25.76471,41.91518],[25.76183,41.91687],[25.7578,41.91572],[25.75299,41.91704],[25.75149,41.9184],[25.7507,41.92115],[25.74836,41.92152],[25.74776,41.92111],[25.75118,41.9266],[25.75203,41.92727],[25.75858,41.92741],[25.76511,41.9245],[25.77174,41.92086],[25.77568,41.9199],[25.77773,41.91784],[25.77965,41.91735],[25.78409,41.91895],[25.78564,41.92293],[25.78729,41.92409],[25.78913,41.92418]],[[25.71656,41.91352],[25.71604,41.91311],[25.7161,41.9148],[25.72167,41.91649],[25.73221,41.91768],[25.73735,41.91541],[25.74042,41.91516],[25.74244,41.91569],[25.74373,41.91682],[25.74299,41.91556],[25.74121,41.91516],[25.74166,41.91499],[25.741,41.91432],[25.73825,41.91541],[25.73686,41.91529],[25.73659,41.91472],[25.73648,41.91531],[25.7342,41.91579],[25.7336,41.9164],[25.7324,41.91638],[25.73239,41.91705],[25.73221,41.9166],[25.73069,41.91626],[25.72968,41.91662],[25.7292,41.9162],[25.72577,41.91642],[25.72371,41.91577],[25.72257,41.91482],[25.72018,41.91464],[25.71656,41.91352]]]},"properties":{"SiteCode":"BG0001034","SiteNameBG":"Остър камък","SiteType":"SCI","SiteArea":16004.8088341,"naturaClass":"habitats"}},{"type":"Feature","geometry":{"type":"Polygon","coordinates":[[[24.29544,43.16477],[24.29428,43.16628],[24.29162,43.16748],[24.28771,43.16279],[24.28702,43.16082],[24.28718,43.15764],[24.28501,43.15332],[24.28481,43.15017],[24.28255,43.14623],[24.28241,43.14461],[24.28364,43.14224],[24.28758,43.1397],[24.29082,43.13829],[24.2922,43.13459],[24.28844,43.13196],[24.2874,43.13083],[24.28703,43.12949],[24.28766,43.12642],[24.28877,43.12442],[24.28728,43.12027],[24.28774,43.11523],[24.28728,43.10858],[24.28234,43.10566],[24.28095,43.10427],[24.28022,43.10226],[24.28127,43.09858],[24.28313,43.09715],[24.27814,43.09485],[24.27682,43.09298],[24.27713,43.08873],[24.27962,43.08602],[24.2784,43.0843],[24.27613,43.0827],[24.26787,43.08107],[24.263,43.07862],[24.26162,43.07642],[24.26155,43.07439],[24.25711,43.07121],[24.25493,43.06866],[24.25465,43.06419],[24.25036,43.06214],[24.24976,43.06132],[24.24986,43.06028],[24.25114,43.05927],[24.25308,43.05925],[24.25348,43.05781],[24.2564,43.05603],[24.26114,43.05537],[24.26094,43.05407],[24.25908,43.05271],[24.25781,43.05059],[24.25842,43.04788],[24.26291,43.04557],[24.26136,43.04339],[24.26204,43.04093],[24.26564,43.03975],[24.27339,43.03831],[24.27585,43.0369],[24.27828,43.03621],[24.28587,43.03656],[24.28917,43.03485],[24.29599,43.03503],[24.3022,43.03246],[24.3114,43.0328],[24.31762,43.03176],[24.32121,43.03245],[24.32258,43.03099],[24.32402,43.03051],[24.32686,43.03053],[24.33045,43.03227],[24.33229,43.03251],[24.33851,43.03134],[24.35905,43.03142],[24.35899,43.03035],[24.36547,43.03015],[24.36867,43.03101],[24.3672,43.03152],[24.36396,43.03134],[24.36396,43.03264],[24.3633,43.03367],[24.36118,43.03492],[24.35359,43.03498],[24.35554,43.0363],[24.35528,43.04222],[24.35359,43.04415],[24.34716,43.04321],[24.34146,43.04427],[24.34006,43.04562],[24.34323,43.04707],[24.34669,43.04794],[24.34655,43.0511],[24.29683,43.05487],[24.29137,43.05652],[24.28416,43.06129],[24.28033,43.06258],[24.27899,43.06255],[24.27477,43.06047],[24.27288,43.06043],[24.27363,43.06183],[24.2704,43.06175],[24.2699,43.06095],[24.26694,43.06088],[24.26591,43.05987],[24.26029,43.0617],[24.26082,43.06372],[24.26069,43.06676],[24.26123,43.06804],[24.26906,43.0745],[24.27187,43.07594],[24.27505,43.07641],[24.27948,43.07866],[24.28375,43.0823],[24.2855,43.08553],[24.28497,43.09132],[24.28894,43.0955],[24.28954,43.0991],[24.2926,43.1038],[24.29323,43.10594],[24.29387,43.11455],[24.29343,43.11903],[24.29589,43.12706],[24.29532,43.13026],[24.29811,43.13298],[24.29841,43.13491],[24.29704,43.13774],[24.29671,43.13981],[24.29587,43.14089],[24.2888,43.14449],[24.28875,43.14535],[24.29053,43.14863],[24.29094,43.15212],[24.29277,43.15554],[24.29328,43.16097],[24.29734,43.16554],[24.29647,43.16575],[24.29544,43.16477]]]},"properties":{"SiteCode":"BG0001036","SiteNameBG":"Български извор","SiteType":"SCI","SiteArea":2618.05141572,"naturaClass":"habitats"}},{"type":"Feature","geometry":{"type":"MultiPolygon","coordinates":[[[[24.97753,43.25037],[24.97845,43.25118],[24.97748,43.25168],[24.97171,43.25062],[24.97187,43.25021],[24.97076,43.25047],[24.96888,43.24968],[24.96871,43.25013],[24.96762,43.25009],[24.96703,43.24999],[24.96694,43.24946],[24.96179,43.24905],[24.96034,43.24825],[24.95854,43.24848],[24.95637,43.24762],[24.95483,43.24797],[24.95352,43.24777],[24.95303,43.2472],[24.95044,43.24792],[24.94912,43.24773],[24.95148,43.24713],[24.95125,43.24592],[24.95323,43.24546],[24.95296,43.24404],[24.9534,43.2433],[24.95206,43.24299],[24.95222,43.24217],[24.9503,43.24146],[24.95028,43.2409],[24.95127,43.24098],[24.9513,43.24003],[24.95085,43.23985],[24.94973,43.24011],[24.94968,43.24099],[24.94844,43.24052],[24.94871,43.24104],[24.94805,43.24098],[24.94773,43.24048],[24.94562,43.24083],[24.94559,43.24121],[24.94392,43.24181],[24.94415,43.24329],[24.93941,43.24187],[24.93867,43.24219],[24.93901,43.24152],[24.93729,43.24074],[24.93484,43.24114],[24.93463,43.24223],[24.93406,43.2422],[24.93317,43.24139],[24.93009,43.24031],[24.92992,43.23929],[24.92915,43.23877],[24.92924,43.23974],[24.9289,43.23871],[24.92879,43.23998],[24.92786,43.23971],[24.92794,43.24047],[24.92742,43.23883],[24.92461,43.2382],[24.92152,43.23846],[24.92066,43.23896],[24.92055,43.23928],[24.92353,43.24044],[24.92311,43.24142],[24.92247,43.24156],[24.92288,43.24222],[24.92436,43.24256],[24.92242,43.24344],[24.92272,43.24437],[24.92491,43.24437],[24.92284,43.24482],[24.92254,43.24679],[24.92139,43.24682],[24.92162,43.24838],[24.92078,43.24817],[24.9209,43.24858],[24.91825,43.24736],[24.91768,43.24545],[24.91588,43.24443],[24.91301,43.2447],[24.91318,43.24557],[24.91393,43.2455],[24.91365,43.24651],[24.91209,43.24513],[24.90549,43.24208],[24.89963,43.2402],[24.89694,43.24042],[24.89684,43.24002],[24.89505,43.23993],[24.891,43.23774],[24.88558,43.23631],[24.88444,43.23744],[24.88286,43.23786],[24.88011,43.23647],[24.88182,43.23435],[24.88131,43.23392],[24.8816,43.23325],[24.87505,43.23191],[24.87152,43.23054],[24.8682,43.22843],[24.86691,43.22837],[24.86685,43.22766],[24.8623,43.22582],[24.86164,43.22671],[24.86168,43.2289],[24.86116,43.22983],[24.85674,43.23094],[24.85373,43.23012],[24.85339,43.22956],[24.85637,43.22384],[24.85354,43.22383],[24.85304,43.22223],[24.85256,43.22254],[24.84908,43.22022],[24.84765,43.22122],[24.84613,43.22],[24.84495,43.22078],[24.84417,43.22014],[24.84329,43.22073],[24.8413,43.2191],[24.84061,43.21929],[24.84028,43.21902],[24.841,43.21855],[24.83932,43.21717],[24.84002,43.21671],[24.84029,43.21581],[24.83753,43.21382],[24.83791,43.2134],[24.83768,43.21285],[24.83832,43.21227],[24.83784,43.21198],[24.8387,43.2107],[24.83741,43.20953],[24.83466,43.21083],[24.82986,43.21037],[24.82869,43.20917],[24.82957,43.20922],[24.82993,43.20815],[24.82864,43.20604],[24.83315,43.205],[24.82721,43.19953],[24.82423,43.19857],[24.81655,43.19882],[24.81159,43.19805],[24.80475,43.19398],[24.80253,43.19412],[24.797,43.19101],[24.79618,43.18962],[24.79371,43.18939],[24.79257,43.18875],[24.79051,43.18913],[24.78648,43.18784],[24.78503,43.1867],[24.77579,43.18508],[24.77149,43.1826],[24.76672,43.1778],[24.76226,43.17571],[24.76028,43.17524],[24.75711,43.17579],[24.74926,43.17462],[24.74425,43.17181],[24.74233,43.16981],[24.74148,43.16767],[24.74122,43.1644],[24.73756,43.16269],[24.73705,43.16114],[24.73776,43.16023],[24.73904,43.15977],[24.74261,43.16048],[24.74457,43.16156],[24.74564,43.16279],[24.74633,43.16465],[24.74636,43.16714],[24.74771,43.1692],[24.75174,43.17146],[24.75349,43.17182],[24.75754,43.1722],[24.76042,43.17161],[24.76447,43.17248],[24.77007,43.17514],[24.77621,43.18098],[24.78083,43.18291],[24.78506,43.18359],[24.79014,43.18532],[24.79423,43.18576],[24.79911,43.18859],[24.80022,43.18837],[24.80281,43.18629],[24.80456,43.18644],[24.80417,43.18549],[24.80524,43.18529],[24.80433,43.1872],[24.80481,43.18891],[24.8035,43.1884],[24.803,43.18869],[24.80435,43.18978],[24.80399,43.19027],[24.80254,43.19036],[24.80378,43.1911],[24.80332,43.19165],[24.80505,43.19191],[24.80508,43.19226],[24.80741,43.19222],[24.80753,43.19119],[24.81016,43.19087],[24.81114,43.18982],[24.81149,43.19018],[24.81459,43.18856],[24.81664,43.18834],[24.81561,43.18868],[24.81573,43.18911],[24.82005,43.18767],[24.81979,43.18721],[24.82382,43.18457],[24.82552,43.18567],[24.82722,43.18581],[24.82762,43.18547],[24.82856,43.186],[24.83173,43.18456],[24.83334,43.18432],[24.83435,43.18493],[24.83613,43.18439],[24.83667,43.18326],[24.83861,43.18203],[24.8377,43.18205],[24.83768,43.18148],[24.83638,43.18151],[24.83636,43.18109],[24.83567,43.18096],[24.83681,43.17925],[24.83937,43.17928],[24.83829,43.17838],[24.83884,43.177],[24.84039,43.1773],[24.84061,43.17645],[24.84174,43.17617],[24.842,43.17438],[24.84157,43.17435],[24.84204,43.17396],[24.84389,43.17412],[24.84499,43.17326],[24.84737,43.17302],[24.85018,43.17334],[24.8502,43.1713],[24.85143,43.17127],[24.85145,43.16914],[24.85249,43.16942],[24.85272,43.17002],[24.85512,43.16964],[24.85593,43.17037],[24.85587,43.17218],[24.85442,43.17447],[24.85453,43.17535],[24.85555,43.17541],[24.85438,43.17557],[24.85343,43.17652],[24.85434,43.17745],[24.85512,43.17778],[24.85604,43.17707],[24.85666,43.17715],[24.85715,43.17655],[24.85646,43.176],[24.85922,43.17597],[24.86028,43.17536],[24.86287,43.17514],[24.86176,43.17378],[24.86196,43.17335],[24.86091,43.17128],[24.86246,43.17077],[24.86355,43.16875],[24.86188,43.16993],[24.8628,43.1689],[24.86256,43.16849],[24.86194,43.16868],[24.8613,43.1675],[24.86033,43.16733],[24.85707,43.16893],[24.85659,43.1677],[24.85558,43.16695],[24.85507,43.16715],[24.85609,43.1662],[24.85845,43.16667],[24.85815,43.16651],[24.86281,43.1663],[24.86083,43.16177],[24.85975,43.16135],[24.8622,43.15983],[24.8634,43.15967],[24.86268,43.15935],[24.86264,43.15849],[24.86385,43.15875],[24.86386,43.1591],[24.8653,43.1586],[24.86987,43.16019],[24.87031,43.15837],[24.86984,43.15832],[24.86966,43.15883],[24.86801,43.15853],[24.86853,43.15687],[24.86677,43.156],[24.87007,43.1558],[24.87005,43.15453],[24.86831,43.15424],[24.86924,43.15337],[24.86862,43.15276],[24.87,43.15291],[24.87162,43.1526],[24.87162,43.15225],[24.8705,43.15226],[24.86878,43.14972],[24.86786,43.15061],[24.86662,43.14955],[24.86478,43.14963],[24.86474,43.15013],[24.86647,43.15083],[24.8669,43.15125],[24.86658,43.15144],[24.86496,43.15044],[24.8644,43.15056],[24.86402,43.14967],[24.86288,43.14967],[24.86372,43.14948],[24.86267,43.149],[24.86348,43.14902],[24.86285,43.14857],[24.86386,43.14866],[24.86375,43.14735],[24.86425,43.14673],[24.8616,43.14651],[24.86267,43.14744],[24.86404,43.14711],[24.86267,43.14749],[24.86139,43.14643],[24.8632,43.14302],[24.85873,43.14208],[24.85881,43.14168],[24.85757,43.14141],[24.85958,43.13959],[24.86027,43.13817],[24.85796,43.1379],[24.85769,43.13925],[24.85652,43.13911],[24.85644,43.13943],[24.85763,43.13957],[24.85758,43.13989],[24.85304,43.13956],[24.8526,43.13814],[24.85361,43.13839],[24.85377,43.1377],[24.85325,43.13769],[24.85334,43.13737],[24.8563,43.13626],[24.85772,43.1351],[24.86178,43.13435],[24.86421,43.13443],[24.86422,43.13532],[24.86608,43.13531],[24.86607,43.13436],[24.8747,43.13504],[24.87874,43.13465],[24.87897,43.13406],[24.8804,43.13399],[24.89244,43.13846],[24.89284,43.13866],[24.89232,43.13899],[24.89255,43.13949],[24.89316,43.1393],[24.89291,43.13873],[24.89718,43.13781],[24.89714,43.13825],[24.8988,43.13832],[24.89913,43.13781],[24.89963,43.13831],[24.9011,43.13765],[24.9012,43.13838],[24.90712,43.13783],[24.90522,43.13745],[24.90718,43.13768],[24.90781,43.13827],[24.9107,43.13768],[24.91438,43.13846],[24.91126,43.1396],[24.91532,43.14037],[24.91653,43.13999],[24.91725,43.14027],[24.91867,43.13961],[24.93375,43.14003],[24.94881,43.14225],[24.95533,43.14273],[24.95541,43.14216],[24.95925,43.14271],[24.95843,43.14316],[24.95841,43.14346],[24.95911,43.14293],[24.95874,43.14365],[24.95762,43.1441],[24.95896,43.14468],[24.95864,43.14482],[24.95916,43.14526],[24.95816,43.14595],[24.95898,43.14629],[24.95684,43.14796],[24.95791,43.14832],[24.95594,43.14857],[24.9541,43.14473],[24.95269,43.14502],[24.95205,43.14579],[24.94928,43.14439],[24.9428,43.14364],[24.93952,43.14451],[24.93909,43.1452],[24.93706,43.14543],[24.93655,43.14459],[24.93518,43.14476],[24.93372,43.14223],[24.93267,43.14158],[24.92984,43.14388],[24.92889,43.14572],[24.92833,43.1457],[24.92881,43.1466],[24.92801,43.1482],[24.92521,43.14864],[24.92544,43.14944],[24.92602,43.14935],[24.92566,43.14989],[24.92164,43.15079],[24.91751,43.15223],[24.91752,43.15263],[24.91333,43.1527],[24.91079,43.15398],[24.91263,43.15524],[24.91428,43.15428],[24.91439,43.15466],[24.91556,43.15464],[24.91556,43.15414],[24.91808,43.1541],[24.91809,43.15353],[24.92065,43.15352],[24.9232,43.15313],[24.9232,43.15281],[24.92508,43.15317],[24.92466,43.15349],[24.92464,43.15516],[24.92249,43.15501],[24.92094,43.15557],[24.9193,43.15669],[24.91885,43.15873],[24.91725,43.15887],[24.91397,43.16048],[24.91353,43.1603],[24.9156,43.16074],[24.91562,43.16136],[24.91677,43.16134],[24.91678,43.16177],[24.91893,43.1615],[24.91891,43.16081],[24.93594,43.16083],[24.93675,43.16129],[24.93683,43.15821],[24.93096,43.15725],[24.93123,43.15235],[24.93178,43.15019],[24.93281,43.15026],[24.93207,43.15609],[24.93708,43.15746],[24.93784,43.15853],[24.93713,43.15859],[24.93793,43.15858],[24.93855,43.15978],[24.9406,43.15914],[24.94082,43.15852],[24.94604,43.15842],[24.94257,43.15885],[24.93812,43.16012],[24.93795,43.16169],[24.93923,43.16241],[24.93968,43.16206],[24.93909,43.16373],[24.94058,43.16548],[24.94426,43.16504],[24.94387,43.16454],[24.94689,43.16385],[24.9483,43.16382],[24.94839,43.16451],[24.94158,43.16631],[24.94039,43.16728],[24.9385,43.16764],[24.93809,43.16876],[24.93918,43.16961],[24.93884,43.17001],[24.93928,43.16963],[24.93836,43.17027],[24.93433,43.17044],[24.93349,43.17154],[24.93357,43.17234],[24.93482,43.17316],[24.93439,43.17451],[24.93525,43.17477],[24.93488,43.17708],[24.93593,43.17703],[24.9362,43.17581],[24.9389,43.17622],[24.93884,43.17467],[24.93946,43.17302],[24.94244,43.17257],[24.94212,43.1702],[24.9431,43.17024],[24.94311,43.16933],[24.94405,43.16836],[24.94847,43.16735],[24.94882,43.16823],[24.95315,43.16832],[24.95371,43.16741],[24.9535,43.16689],[24.95933,43.16656],[24.95921,43.16607],[24.962,43.16551],[24.96065,43.1651],[24.95977,43.16366],[24.9582,43.16397],[24.95745,43.16196],[24.9533,43.16187],[24.9532,43.15963],[24.95432,43.15883],[24.95255,43.15797],[24.95261,43.15694],[24.95113,43.1569],[24.95112,43.15625],[24.95283,43.15621],[24.95344,43.15515],[24.95453,43.15501],[24.9538,43.15667],[24.95396,43.15746],[24.95743,43.15887],[24.96707,43.15879],[24.9678,43.15832],[24.96774,43.15787],[24.96706,43.15787],[24.96708,43.15697],[24.96869,43.15645],[24.96883,43.15834],[24.96884,43.15646],[24.9696,43.15642],[24.96978,43.15681],[24.97019,43.15589],[24.97249,43.1556],[24.97013,43.15708],[24.9712,43.15922],[24.97007,43.16018],[24.97097,43.16091],[24.97339,43.16012],[24.97397,43.15895],[24.97689,43.15811],[24.97835,43.15642],[24.98237,43.15628],[24.98258,43.1557],[24.98045,43.15516],[24.98001,43.15295],[24.98138,43.15185],[24.98118,43.15085],[24.98408,43.15046],[24.98449,43.14934],[24.9841,43.14824],[24.9824,43.14774],[24.9819,43.14595],[24.97902,43.14613],[24.97861,43.14688],[24.97451,43.14934],[24.97194,43.14998],[24.97071,43.1498],[24.97073,43.14902],[24.96824,43.14869],[24.96824,43.1477],[24.96319,43.14906],[24.96352,43.14817],[24.96542,43.14813],[24.96578,43.14725],[24.96217,43.14591],[24.96608,43.14371],[24.96225,43.14132],[24.96325,43.14174],[24.96777,43.13969],[24.97038,43.13922],[24.97274,43.13923],[24.97324,43.14023],[24.97312,43.13961],[24.98606,43.14001],[24.98976,43.13891],[24.98991,43.13833],[24.99023,43.13861],[24.99193,43.13803],[24.99267,43.13836],[24.99345,43.13713],[24.99244,43.1367],[24.9924,43.13625],[24.9928,43.13634],[24.99467,43.13769],[24.99439,43.13798],[24.99479,43.13819],[24.99482,43.13936],[24.99537,43.13939],[24.99529,43.14011],[24.99619,43.14052],[24.99541,43.1418],[24.99463,43.14183],[24.99427,43.14239],[24.99393,43.14415],[24.99585,43.14604],[24.99571,43.14638],[24.99702,43.14671],[24.99633,43.14768],[24.99491,43.14735],[24.99441,43.14806],[24.99478,43.14866],[24.99394,43.14888],[24.99406,43.14927],[24.99522,43.14887],[24.99529,43.14925],[24.99474,43.14943],[24.99552,43.15013],[25.00725,43.14841],[25.0081,43.14835],[25.00825,43.14883],[24.9993,43.15081],[24.9997,43.15178],[24.99579,43.15352],[24.99528,43.15308],[24.99474,43.15345],[24.99478,43.15395],[24.99541,43.15381],[24.99621,43.15483],[24.99539,43.15485],[24.99573,43.15568],[24.9984,43.15519],[24.99938,43.15562],[25.00014,43.15538],[25.00405,43.15707],[24.9991,43.15831],[25.00029,43.16008],[24.99817,43.16041],[24.99837,43.16159],[25.00044,43.1613],[25.00098,43.16161],[25.00031,43.16234],[25.00096,43.1636],[24.99941,43.1653],[24.9999,43.16712],[24.99965,43.16761],[25.00072,43.16727],[25.00362,43.16773],[25.00354,43.1674],[25.00412,43.16738],[25.00674,43.16994],[25.00882,43.16981],[25.00895,43.17032],[25.01006,43.17087],[25.00972,43.17119],[25.01053,43.17125],[25.01076,43.17207],[25.01317,43.17227],[25.01292,43.17372],[25.01564,43.1734],[25.0162,43.17572],[25.0158,43.17604],[25.01625,43.17603],[25.01586,43.17693],[25.01631,43.17758],[25.01577,43.17939],[25.0178,43.17936],[25.01782,43.17986],[25.01682,43.17987],[25.01683,43.1802],[25.02254,43.18044],[25.02297,43.17848],[25.02163,43.17807],[25.02155,43.17701],[25.02226,43.17657],[25.0232,43.17785],[25.02357,43.17656],[25.02415,43.17659],[25.02348,43.17754],[25.02293,43.18122],[25.02145,43.18125],[25.02207,43.18282],[25.021,43.18279],[25.02094,43.18348],[25.02245,43.18348],[25.02336,43.18432],[25.02333,43.18561],[25.02155,43.187],[25.02166,43.18743],[25.02245,43.18745],[25.02214,43.18838],[25.02313,43.18831],[25.02225,43.18875],[25.02341,43.18863],[25.02354,43.18904],[25.02298,43.18905],[25.02352,43.1893],[25.02295,43.18969],[25.02303,43.19161],[25.02427,43.19155],[25.0287,43.19403],[25.02927,43.19483],[25.02942,43.1969],[25.02883,43.19713],[25.02947,43.19924],[25.02887,43.20002],[25.02902,43.20114],[25.02839,43.20116],[25.02827,43.20159],[25.02924,43.20206],[25.02926,43.20497],[25.03045,43.20486],[25.02987,43.21064],[25.02922,43.21194],[25.02406,43.21202],[25.02399,43.21308],[25.0235,43.21297],[25.02348,43.21351],[25.02259,43.21335],[25.02258,43.21251],[25.02211,43.21242],[25.02137,43.21411],[25.02074,43.21393],[25.0213,43.21297],[25.01625,43.21331],[25.01662,43.21305],[25.01644,43.21216],[25.01357,43.21166],[25.01338,43.21059],[25.01069,43.21052],[25.00941,43.21146],[25.00774,43.21059],[25.00726,43.2089],[25.00765,43.20819],[25.00714,43.20429],[25.00597,43.20482],[25.00636,43.20548],[25.00564,43.2056],[25.00308,43.2048],[25.00278,43.2065],[25.00238,43.2063],[25.00139,43.20799],[25.00086,43.20782],[25.00103,43.20859],[25.00024,43.20915],[25.00071,43.20941],[25.00081,43.21122],[24.99905,43.21656],[24.99897,43.21834],[24.99765,43.21772],[24.99832,43.21617],[24.9971,43.21661],[24.99497,43.21622],[24.99434,43.21674],[24.99098,43.21532],[24.99486,43.21535],[24.99552,43.21484],[24.99566,43.2133],[24.99339,43.2131],[24.99264,43.21348],[24.99203,43.2126],[24.99232,43.21345],[24.99004,43.21351],[24.99022,43.21423],[24.98982,43.21457],[24.98974,43.21385],[24.98891,43.21444],[24.98785,43.21414],[24.98816,43.2144],[24.9875,43.21482],[24.98663,43.21428],[24.98732,43.21485],[24.98653,43.21499],[24.9872,43.21514],[24.9869,43.21582],[24.98891,43.21629],[24.98807,43.2176],[24.9915,43.21785],[24.99133,43.21825],[24.99334,43.21873],[24.99293,43.21966],[24.99502,43.22033],[24.99176,43.2221],[24.99054,43.22334],[24.99064,43.22452],[24.98831,43.22606],[24.98916,43.22652],[24.98892,43.22683],[24.988,43.22633],[24.98734,43.22694],[24.98747,43.22756],[24.9864,43.22727],[24.98619,43.22758],[24.98674,43.22814],[24.98609,43.22828],[24.98645,43.22908],[24.98601,43.22957],[24.98708,43.22928],[24.98671,43.22956],[24.98695,43.22993],[24.98851,43.23067],[24.98904,43.22992],[24.98988,43.23065],[24.98908,43.23031],[24.98878,43.23069],[24.99249,43.23208],[24.98834,43.23075],[24.98491,43.23057],[24.98349,43.23095],[24.98353,43.23194],[24.98003,43.23255],[24.97106,43.23654],[25.00164,43.23537],[25.00317,43.23475],[25.00363,43.23525],[25.00568,43.23431],[25.00625,43.23535],[25.00705,43.2354],[25.00716,43.23486],[25.00716,43.2354],[25.01177,43.23544],[25.01259,43.23425],[25.01574,43.23411],[25.0141,43.23292],[25.01566,43.23351],[25.01521,43.23253],[25.01354,43.23155],[25.0144,43.2318],[25.01392,43.23148],[25.01446,43.23104],[25.01386,43.22952],[25.01425,43.22966],[25.01399,43.22735],[25.01576,43.2291],[25.0174,43.22985],[25.01793,43.22976],[25.01756,43.22922],[25.0183,43.22826],[25.01967,43.22773],[25.01951,43.22714],[25.02183,43.22741],[25.02161,43.22779],[25.02325,43.22841],[25.02485,43.2276],[25.0274,43.22758],[25.0251,43.22814],[25.02465,43.22952],[25.02512,43.22987],[25.02748,43.22979],[25.02906,43.22885],[25.03073,43.22885],[25.02923,43.22808],[25.02906,43.2288],[25.02886,43.22774],[25.03088,43.22828],[25.03133,43.22882],[25.03728,43.22999],[25.03876,43.2305],[25.04045,43.23352],[25.04135,43.23363],[25.04127,43.23305],[25.04225,43.23359],[25.04227,43.23262],[25.04244,43.23369],[25.04422,43.23375],[25.04444,43.23218],[25.0463,43.23174],[25.04788,43.22971],[25.04786,43.22918],[25.04651,43.22922],[25.04555,43.22766],[25.04467,43.22764],[25.04483,43.22648],[25.04406,43.22605],[25.04832,43.22349],[25.04735,43.22283],[25.04656,43.2231],[25.04718,43.22233],[25.0469,43.22173],[25.04782,43.2228],[25.05256,43.2213],[25.0534,43.21936],[25.05419,43.21872],[25.0592,43.2166],[25.05961,43.21751],[25.0583,43.21811],[25.05977,43.21819],[25.05978,43.21888],[25.05786,43.21908],[25.0576,43.21967],[25.05621,43.22014],[25.055,43.2203],[25.05488,43.21936],[25.05373,43.21973],[25.05306,43.22061],[25.05327,43.2214],[25.05613,43.22078],[25.05621,43.22137],[25.05313,43.22191],[25.05179,43.22329],[25.05236,43.22412],[25.05118,43.22502],[25.05159,43.22569],[25.05303,43.22583],[25.05407,43.22543],[25.05464,43.22457],[25.05592,43.22518],[25.0589,43.22537],[25.05637,43.22703],[25.05618,43.22841],[25.05959,43.2285],[25.05984,43.23032],[25.06077,43.2303],[25.06041,43.23131],[25.06074,43.23271],[25.05873,43.23283],[25.05934,43.23593],[25.05862,43.23576],[25.05745,43.23385],[25.05685,43.23447],[25.05702,43.2351],[25.05638,43.23552],[25.05697,43.2362],[25.05793,43.23624],[25.05789,43.23755],[25.06092,43.23743],[25.06179,43.23865],[25.06347,43.23784],[25.06254,43.23859],[25.06196,43.23991],[25.06186,43.24083],[25.06247,43.24107],[25.06166,43.24276],[25.06237,43.24273],[25.06238,43.24332],[25.06111,43.24298],[25.06186,43.24373],[25.06277,43.24376],[25.06271,43.2448],[25.06173,43.24489],[25.06168,43.24605],[25.05976,43.24534],[25.05811,43.24615],[25.05635,43.2458],[25.05533,43.24617],[25.0548,43.24597],[25.05503,43.24408],[25.05266,43.24661],[25.05184,43.24687],[25.05166,43.24656],[25.05267,43.24608],[25.05167,43.24578],[25.0493,43.24594],[25.04842,43.24627],[25.04845,43.24711],[25.04761,43.2471],[25.04731,43.24756],[25.04407,43.24775],[25.04559,43.24836],[25.04374,43.24754],[25.04364,43.24809],[25.04427,43.24863],[25.04157,43.24862],[25.04154,43.24919],[25.04098,43.24927],[25.03933,43.2472],[25.03883,43.24802],[25.0376,43.24793],[25.0362,43.24063],[25.03391,43.24057],[25.03124,43.24551],[25.03329,43.24931],[25.03265,43.24923],[25.03276,43.24972],[25.03176,43.24994],[25.02701,43.24795],[25.02007,43.2474],[25.02005,43.24699],[25.01551,43.24843],[25.01546,43.24802],[25.01229,43.24818],[25.01245,43.2469],[25.01404,43.24588],[25.01408,43.2453],[25.01329,43.2456],[25.01299,43.2451],[25.01192,43.2458],[25.0114,43.24336],[25.01088,43.24316],[25.01176,43.24287],[25.01267,43.24375],[25.01276,43.24216],[25.01124,43.24211],[25.00988,43.2427],[25.00867,43.24246],[25.00536,43.24391],[25.0045,43.24565],[25.00272,43.24577],[25.00212,43.24645],[25.00286,43.24841],[25.00132,43.24865],[25.00115,43.24807],[24.99981,43.24869],[24.9997,43.24819],[24.99921,43.24826],[24.9993,43.24887],[24.99777,43.24899],[24.99741,43.25012],[24.99656,43.24943],[24.99656,43.24873],[24.99505,43.24874],[24.99505,43.24914],[24.99288,43.24811],[24.99195,43.24888],[24.99075,43.24887],[24.99081,43.24622],[24.9947,43.24378],[24.99446,43.24329],[24.99359,43.24333],[24.99358,43.24372],[24.99046,43.24326],[24.98984,43.24335],[24.98985,43.24375],[24.98529,43.24364],[24.98446,43.24358],[24.98442,43.24279],[24.98175,43.2429],[24.97929,43.24232],[24.97934,43.24323],[24.97744,43.24308],[24.97741,43.24475],[24.97793,43.24479],[24.97753,43.24496],[24.97742,43.24637],[24.97802,43.24643],[24.97816,43.24757],[24.97734,43.2476],[24.97737,43.24811],[24.98048,43.24761],[24.98052,43.24858],[24.9819,43.2496],[24.97738,43.24913],[24.97753,43.25037]],[[24.87184,43.15298],[24.87214,43.1534],[24.87107,43.15427],[24.87454,43.15519],[24.87434,43.15384],[24.87376,43.15321],[24.87388,43.15239],[24.8717,43.15245],[24.87184,43.15298]],[[24.93986,43.17944],[24.94036,43.17991],[24.94211,43.17975],[24.94208,43.17894],[24.94411,43.17862],[24.94408,43.17787],[24.94484,43.17776],[24.94548,43.17694],[24.94523,43.17669],[24.94692,43.17691],[24.94694,43.17639],[24.94824,43.17623],[24.94834,43.17537],[24.95042,43.1751],[24.95048,43.17599],[24.95263,43.1748],[24.95143,43.17472],[24.95084,43.17243],[24.94857,43.17266],[24.94872,43.17313],[24.94722,43.17332],[24.9458,43.17277],[24.94574,43.17202],[24.94487,43.17201],[24.94361,43.17252],[24.94366,43.17297],[24.94447,43.17291],[24.94458,43.17251],[24.94457,43.17312],[24.9453,43.17357],[24.94457,43.17366],[24.94471,43.17424],[24.94388,43.17469],[24.94444,43.17587],[24.93932,43.1763],[24.94036,43.17763],[24.94027,43.17839],[24.9388,43.17844],[24.93986,43.17944]],[[24.8315,43.20196],[24.83442,43.20467],[24.83784,43.20346],[24.83907,43.20169],[24.83857,43.20052],[24.83948,43.20038],[24.83903,43.19925],[24.83914,43.19729],[24.83793,43.19562],[24.83854,43.19496],[24.83793,43.19393],[24.83804,43.19293],[24.83882,43.1923],[24.8376,43.19205],[24.83704,43.19245],[24.83698,43.19096],[24.83551,43.19056],[24.8349,43.19093],[24.8321,43.1909],[24.83073,43.18994],[24.82947,43.19024],[24.82843,43.19159],[24.82757,43.19135],[24.82732,43.19225],[24.82629,43.19172],[24.82572,43.19207],[24.82667,43.19254],[24.82518,43.19283],[24.82606,43.19385],[24.82963,43.19405],[24.82956,43.19483],[24.82024,43.19447],[24.81726,43.1938],[24.81681,43.1954],[24.81962,43.19587],[24.81966,43.19658],[24.82034,43.19689],[24.82278,43.19587],[24.82887,43.19643],[24.82984,43.19772],[24.83166,43.1982],[24.83193,43.19932],[24.83392,43.20084],[24.83294,43.20138],[24.83371,43.20181],[24.8329,43.20192],[24.8322,43.20126],[24.8315,43.20196]]],[[[25.02886,43.22771],[25.02899,43.22703],[25.03,43.22605],[25.02886,43.22771]]],[[[25.02886,43.22774],[25.02885,43.22774],[25.02886,43.22771],[25.02886,43.22774]]]]},"properties":{"SiteCode":"BG0000615","SiteNameBG":"Деветашко плато","SiteType":"SCI","SiteArea":14998.7745868,"naturaClass":"habitats"}},{"type":"Feature","geometry":{"type":"Polygon","coordinates":[[[23.65939,42.42383],[23.66264,42.42133],[23.6697,42.42038],[23.67408,42.41877],[23.67772,42.41628],[23.68201,42.41611],[23.68716,42.41453],[23.69375,42.4153],[23.69191,42.41322],[23.69363,42.4101],[23.69745,42.41165],[23.71731,42.41193],[23.72621,42.40555],[23.73217,42.40341],[23.73901,42.39927],[23.74954,42.39899],[23.75249,42.40225],[23.75978,42.39697],[23.76916,42.39637],[23.77223,42.39732],[23.76865,42.39867],[23.76846,42.40683],[23.76633,42.40804],[23.76657,42.41006],[23.7656,42.40493],[23.76363,42.40545],[23.7609,42.40538],[23.75851,42.40646],[23.74644,42.40612],[23.73974,42.40766],[23.73507,42.40753],[23.73334,42.41095],[23.73272,42.41526],[23.72809,42.41752],[23.72606,42.41773],[23.72594,42.41824],[23.72187,42.42159],[23.71877,42.42122],[23.71911,42.42007],[23.71025,42.42011],[23.70862,42.4215],[23.70635,42.42028],[23.7001,42.42039],[23.69727,42.42233],[23.68868,42.42266],[23.68878,42.42815],[23.68456,42.42687],[23.68398,42.4231],[23.6797,42.42298],[23.67886,42.42411],[23.67446,42.42629],[23.6666,42.42751],[23.66236,42.42652],[23.65939,42.42383]]]},"properties":{"SiteCode":"BG0000301","SiteNameBG":"Черни рид","SiteType":"SCI","SiteArea":857.58851007999999,"naturaClass":"habitats"}},{"type":"Feature","geometry":{"type":"Polygon","coordinates":[[[23.27673,43.41291],[23.27506,43.41111],[23.27735,43.41039],[23.28072,43.40775],[23.28024,43.40677],[23.27893,43.40658],[23.27978,43.40499],[23.27984,43.40326],[23.28331,43.40231],[23.28225,43.40116],[23.28225,43.40047],[23.28412,43.39989],[23.28309,43.39676],[23.28494,43.39624],[23.28931,43.39692],[23.28932,43.39735],[23.29137,43.39705],[23.29189,43.39568],[23.2932,43.39565],[23.29559,43.3937],[23.2982,43.39368],[23.2986,43.39256],[23.29956,43.39242],[23.30216,43.39344],[23.30448,43.39338],[23.30921,43.39538],[23.3093,43.39722],[23.30578,43.39883],[23.30264,43.39852],[23.30209,43.39887],[23.30235,43.40015],[23.30401,43.40147],[23.30544,43.40434],[23.30638,43.40423],[23.30685,43.40263],[23.30925,43.40039],[23.31018,43.40095],[23.31115,43.40298],[23.31472,43.40439],[23.31556,43.40554],[23.31562,43.40808],[23.31622,43.40869],[23.31868,43.40787],[23.32269,43.40886],[23.32624,43.40894],[23.32686,43.40867],[23.32698,43.40784],[23.32648,43.40685],[23.32553,43.40634],[23.32568,43.4051],[23.32675,43.40415],[23.32805,43.40417],[23.33132,43.4058],[23.33627,43.40665],[23.33708,43.40805],[23.33872,43.40939],[23.33687,43.41057],[23.33784,43.41157],[23.33989,43.41163],[23.34083,43.41036],[23.34396,43.40986],[23.34564,43.41016],[23.34594,43.4105],[23.34482,43.41092],[23.34482,43.41135],[23.34819,43.41262],[23.34852,43.41336],[23.35039,43.41472],[23.35304,43.41431],[23.35613,43.41224],[23.35987,43.41136],[23.36391,43.41282],[23.3661,43.41282],[23.36616,43.41336],[23.36714,43.41374],[23.36846,43.41348],[23.37077,43.41583],[23.3707,43.41644],[23.36789,43.41673],[23.3671,43.41876],[23.36816,43.41939],[23.36962,43.422],[23.37073,43.42271],[23.37221,43.42261],[23.37187,43.41995],[23.37229,43.4186],[23.37313,43.41762],[23.3744,43.41743],[23.38002,43.41847],[23.38151,43.41944],[23.38173,43.42122],[23.3835,43.42145],[23.38392,43.42103],[23.38985,43.42088],[23.39052,43.42008],[23.39027,43.41891],[23.3869,43.41837],[23.38658,43.41764],[23.38838,43.41676],[23.39212,43.41651],[23.39569,43.41815],[23.39551,43.41896],[23.39662,43.42034],[23.39597,43.4218],[23.39617,43.42312],[23.39491,43.4246],[23.39491,43.4254],[23.39217,43.42843],[23.39047,43.43242],[23.38901,43.43316],[23.39038,43.43435],[23.39005,43.43496],[23.38827,43.43599],[23.38228,43.43718],[23.37919,43.44021],[23.37514,43.44147],[23.37335,43.44302],[23.36944,43.44396],[23.36829,43.44376],[23.36719,43.44142],[23.36748,43.4393],[23.36801,43.43897],[23.36641,43.43811],[23.36632,43.43668],[23.36331,43.43686],[23.35873,43.43581],[23.35229,43.43594],[23.35073,43.43472],[23.3506,43.43676],[23.34949,43.43874],[23.3514,43.44064],[23.35147,43.44382],[23.35247,43.44445],[23.35031,43.44591],[23.35182,43.44698],[23.35175,43.44817],[23.35493,43.44936],[23.35579,43.4507],[23.35749,43.45123],[23.35682,43.45201],[23.35269,43.45137],[23.34906,43.45003],[23.34724,43.45052],[23.35428,43.45329],[23.35465,43.45404],[23.35355,43.45475],[23.35089,43.45425],[23.34489,43.45449],[23.34393,43.45382],[23.34561,43.45281],[23.34558,43.45243],[23.34475,43.45196],[23.34188,43.45178],[23.34256,43.45101],[23.34055,43.45146],[23.3328,43.45132],[23.32571,43.44947],[23.32264,43.4477],[23.31911,43.44762],[23.3165,43.44659],[23.31508,43.44687],[23.31484,43.4478],[23.31667,43.44901],[23.31489,43.4495],[23.31169,43.45242],[23.3096,43.45278],[23.30846,43.45357],[23.30694,43.45309],[23.30735,43.452],[23.3047,43.44857],[23.3049,43.44785],[23.30452,43.44771],[23.30257,43.44899],[23.30186,43.45045],[23.30035,43.45143],[23.29989,43.45267],[23.29348,43.45235],[23.29439,43.45195],[23.29432,43.45083],[23.29299,43.45047],[23.29272,43.44906],[23.29496,43.45021],[23.2964,43.45025],[23.2967,43.45161],[23.29837,43.45118],[23.29921,43.44977],[23.30112,43.44849],[23.30008,43.44771],[23.30139,43.44654],[23.2957,43.44518],[23.29282,43.44626],[23.28993,43.44593],[23.28869,43.44499],[23.29029,43.44238],[23.29141,43.44249],[23.2921,43.44162],[23.29038,43.44105],[23.29144,43.43915],[23.29038,43.43816],[23.2865,43.43704],[23.28489,43.43533],[23.28473,43.43435],[23.286,43.43162],[23.28944,43.42894],[23.28956,43.42802],[23.29279,43.42646],[23.2922,43.42608],[23.29362,43.42432],[23.29567,43.42322],[23.29211,43.41879],[23.29163,43.4185],[23.29013,43.41885],[23.29037,43.41752],[23.28655,43.41872],[23.28438,43.41686],[23.28157,43.41664],[23.28049,43.41423],[23.28054,43.41259],[23.2801,43.41231],[23.27673,43.41291]]]},"properties":{"SiteCode":"BG0001037","SiteNameBG":"Пъстрина","SiteType":"SCI","SiteArea":3546.6555641700002,"naturaClass":"habitats"}},{"type":"Feature","geometry":{"type":"MultiPolygon","coordinates":[[[[25.94331,43.81024],[25.9433,43.81118],[25.93993,43.81525],[25.93846,43.81783],[25.93545,43.81929],[25.93352,43.81899],[25.9374,43.81619],[25.93994,43.81273],[25.9413,43.81161],[25.94138,43.81066],[25.941,43.81034],[25.93103,43.80918],[25.93079,43.81044],[25.93132,43.81168],[25.93298,43.81243],[25.93438,43.81376],[25.93251,43.81536],[25.93253,43.81732],[25.93164,43.81708],[25.92784,43.8135],[25.9262,43.81328],[25.92461,43.81372],[25.92339,43.81338],[25.92023,43.81141],[25.92071,43.80919],[25.92254,43.80783],[25.92087,43.80562],[25.91943,43.80546],[25.9191,43.80477],[25.92064,43.80368],[25.92036,43.80208],[25.92001,43.80148],[25.91916,43.80139],[25.91872,43.80207],[25.9191,43.80325],[25.91797,43.80347],[25.91668,43.80153],[25.91552,43.80126],[25.91328,43.79399],[25.91179,43.79366],[25.91036,43.79072],[25.91392,43.78964],[25.91693,43.79636],[25.91907,43.79573],[25.91921,43.79465],[25.91978,43.79475],[25.92314,43.79759],[25.92537,43.8013],[25.92762,43.80056],[25.93019,43.8012],[25.93038,43.80073],[25.93282,43.80259],[25.93458,43.80264],[25.93575,43.80213],[25.93687,43.80004],[25.93573,43.79707],[25.93283,43.79393],[25.92986,43.79315],[25.92786,43.79375],[25.92788,43.79316],[25.92666,43.79284],[25.92661,43.79233],[25.92448,43.79058],[25.92468,43.79021],[25.92262,43.78867],[25.92436,43.78795],[25.92433,43.78689],[25.92239,43.78662],[25.92254,43.78601],[25.92297,43.78504],[25.92521,43.78538],[25.92594,43.78368],[25.92942,43.78169],[25.92798,43.78213],[25.92768,43.78181],[25.9284,43.78119],[25.92762,43.77996],[25.92796,43.77945],[25.92986,43.77876],[25.93169,43.77952],[25.93139,43.7777],[25.9305,43.7778],[25.93137,43.77763],[25.93132,43.7773],[25.93009,43.77632],[25.93099,43.77494],[25.93343,43.77609],[25.93512,43.77626],[25.93632,43.77199],[25.93807,43.77069],[25.93751,43.76968],[25.9389,43.76971],[25.94025,43.76633],[25.94782,43.76761],[25.94809,43.7663],[25.946,43.7645],[25.94598,43.76402],[25.94205,43.76218],[25.94258,43.76098],[25.94671,43.76107],[25.94659,43.75735],[25.94553,43.75242],[25.9424,43.74616],[25.93777,43.74301],[25.93709,43.74192],[25.93818,43.733],[25.93787,43.73034],[25.93991,43.72712],[25.94015,43.72509],[25.93823,43.72506],[25.9368,43.72445],[25.9365,43.72214],[25.93459,43.71925],[25.9352,43.71741],[25.93495,43.71447],[25.93661,43.71231],[25.9385,43.71084],[25.93809,43.70923],[25.93851,43.70935],[25.93917,43.70847],[25.9393,43.70722],[25.93882,43.70472],[25.93959,43.70541],[25.93924,43.70642],[25.94015,43.7068],[25.94094,43.71013],[25.93953,43.71245],[25.93725,43.71429],[25.93807,43.71473],[25.94031,43.71309],[25.94235,43.71363],[25.94921,43.71345],[25.94988,43.71375],[25.94894,43.71415],[25.95043,43.7156],[25.95058,43.71696],[25.95153,43.7168],[25.95221,43.71731],[25.95118,43.71733],[25.95032,43.71804],[25.95011,43.71964],[25.95292,43.72072],[25.9589,43.72143],[25.96009,43.72074],[25.96013,43.71908],[25.95949,43.71722],[25.95801,43.71694],[25.95767,43.7158],[25.958,43.71532],[25.95711,43.71465],[25.95752,43.71383],[25.95711,43.71358],[25.95792,43.71275],[25.95669,43.71197],[25.95858,43.70983],[25.96005,43.70893],[25.96074,43.70663],[25.95893,43.70579],[25.96142,43.70612],[25.96138,43.70469],[25.9638,43.70508],[25.9642,43.70472],[25.95906,43.70045],[25.96101,43.69906],[25.95927,43.69835],[25.9614,43.6954],[25.96941,43.69583],[25.96978,43.6945],[25.96846,43.69423],[25.96926,43.69012],[25.97204,43.69104],[25.97303,43.69233],[25.97299,43.69348],[25.97492,43.69421],[25.98598,43.69255],[25.98696,43.69143],[25.98778,43.69127],[25.98966,43.6911],[25.99314,43.69174],[25.99383,43.68979],[25.99378,43.68743],[25.99552,43.68624],[25.9959,43.68496],[25.99301,43.68341],[25.99225,43.68145],[25.99197,43.67872],[25.99068,43.67849],[25.9906,43.67991],[25.98892,43.68135],[25.98714,43.68194],[25.98751,43.68006],[25.98622,43.68076],[25.98571,43.67962],[25.98659,43.67707],[25.98156,43.67556],[25.9779,43.66772],[25.98026,43.66698],[25.98466,43.66418],[25.98445,43.66346],[25.98338,43.66297],[25.9839,43.66169],[25.98306,43.6612],[25.98224,43.65933],[25.98294,43.65776],[25.98026,43.65712],[25.98063,43.65672],[25.98005,43.65645],[25.99253,43.65696],[25.99095,43.65817],[25.98915,43.65768],[25.98533,43.65767],[25.98559,43.65788],[25.98516,43.6582],[25.98315,43.65775],[25.98351,43.65907],[25.98556,43.66127],[25.99158,43.66005],[25.99047,43.661],[25.98817,43.66133],[25.98745,43.66193],[25.98787,43.66232],[25.99135,43.66198],[25.99146,43.66248],[25.99163,43.66204],[25.99257,43.66186],[25.99342,43.66229],[25.99466,43.66168],[25.99535,43.6623],[25.99614,43.66227],[25.99785,43.66113],[25.99747,43.66098],[25.99919,43.65845],[25.99901,43.65793],[26.00018,43.65543],[25.99975,43.65533],[25.99915,43.65379],[25.99934,43.65471],[25.99874,43.65471],[25.99796,43.65623],[25.99805,43.65583],[25.99439,43.65507],[25.99191,43.65338],[25.98515,43.65247],[25.98052,43.65243],[25.98054,43.65161],[25.97816,43.65115],[25.97781,43.64995],[25.97213,43.64756],[25.97247,43.64621],[25.97072,43.64418],[25.96854,43.64319],[25.96913,43.64235],[25.96891,43.63942],[25.96944,43.63966],[25.97006,43.64199],[25.97186,43.6424],[25.97411,43.63829],[25.97421,43.63725],[25.97495,43.63723],[25.97459,43.6425],[25.97338,43.64401],[25.97569,43.64784],[25.97699,43.64851],[25.97744,43.64721],[25.97915,43.64714],[25.97885,43.64964],[25.98585,43.65058],[25.98163,43.64327],[25.98095,43.64076],[25.98108,43.64044],[25.98258,43.64068],[25.98288,43.63854],[25.98408,43.63849],[25.98291,43.63861],[25.98412,43.63861],[25.98423,43.64284],[25.9857,43.64285],[25.98661,43.64344],[25.98603,43.6446],[25.98602,43.64624],[25.98918,43.64977],[25.99105,43.6507],[25.99266,43.65005],[25.99277,43.64924],[25.99401,43.64843],[25.99598,43.6485],[26.00127,43.6468],[25.99521,43.64276],[25.99323,43.64195],[25.99504,43.63932],[25.99563,43.63961],[25.9945,43.64172],[25.99841,43.64412],[25.99986,43.64417],[25.99529,43.64173],[25.99611,43.63983],[25.99663,43.64008],[25.99574,43.64142],[25.99597,43.64186],[26.00006,43.64428],[26.00178,43.6447],[26.0027,43.64363],[26.00534,43.6431],[26.00569,43.64331],[26.00487,43.6453],[26.00712,43.64542],[26.00763,43.64612],[26.0084,43.64619],[26.00936,43.64511],[26.01255,43.64354],[26.0118,43.64299],[26.00785,43.64251],[26.00426,43.6407],[26.00548,43.6404],[26.00668,43.638],[26.01128,43.63801],[26.01081,43.64052],[26.01385,43.64056],[26.01828,43.63674],[26.02057,43.63616],[26.01452,43.62988],[26.01483,43.62971],[26.00982,43.6252],[26.01005,43.62493],[26.00853,43.62465],[26.00678,43.62539],[26.00622,43.62488],[26.006,43.62385],[26.00649,43.62308],[26.00559,43.62166],[26.00796,43.62086],[26.00982,43.61915],[26.00868,43.61783],[26.01091,43.61604],[26.00815,43.61395],[25.9977,43.61886],[25.99526,43.61793],[25.99305,43.62001],[25.99061,43.62369],[25.9897,43.62347],[25.98627,43.63001],[25.98576,43.62925],[25.98266,43.62879],[25.98308,43.62921],[25.9824,43.62971],[25.98238,43.63048],[25.98478,43.63462],[25.98221,43.63418],[25.97999,43.63201],[25.98045,43.62989],[25.98179,43.62818],[25.98068,43.62763],[25.98047,43.62808],[25.97807,43.62699],[25.97768,43.62841],[25.97811,43.62931],[25.97563,43.62895],[25.97598,43.62733],[25.97495,43.62528],[25.97386,43.62456],[25.97161,43.62475],[25.97151,43.62996],[25.97033,43.62997],[25.97015,43.62924],[25.96934,43.62914],[25.96954,43.62824],[25.96817,43.62627],[25.968,43.62443],[25.96676,43.6257],[25.96445,43.62663],[25.96478,43.62537],[25.96383,43.62385],[25.96389,43.62226],[25.96016,43.62148],[25.96201,43.62086],[25.96362,43.62127],[25.96485,43.62015],[25.96406,43.61978],[25.96382,43.61855],[25.96006,43.61638],[25.96153,43.61554],[25.96381,43.61583],[25.96357,43.61485],[25.95724,43.61056],[25.95991,43.60731],[25.95926,43.60656],[25.95841,43.60612],[25.957,43.60676],[25.9549,43.60887],[25.95431,43.61057],[25.95154,43.61119],[25.95262,43.61665],[25.9519,43.61703],[25.94934,43.61657],[25.94555,43.61459],[25.94715,43.61224],[25.9446,43.61284],[25.94268,43.61097],[25.93952,43.61196],[25.93468,43.60729],[25.93653,43.60617],[25.9382,43.60727],[25.93983,43.60653],[25.94063,43.60714],[25.94204,43.60603],[25.9438,43.60721],[25.94446,43.60652],[25.94589,43.60725],[25.94537,43.60779],[25.94822,43.60995],[25.95012,43.60815],[25.94925,43.60731],[25.95096,43.60622],[25.95228,43.60635],[25.95331,43.60588],[25.95007,43.60369],[25.94943,43.60223],[25.95181,43.60374],[25.95246,43.60369],[25.94896,43.60139],[25.95241,43.60221],[25.95385,43.60334],[25.95662,43.60269],[25.95648,43.59974],[25.95486,43.59803],[25.95488,43.59677],[25.95733,43.59649],[25.95756,43.59739],[25.95939,43.5984],[25.96012,43.60093],[25.96182,43.60022],[25.96304,43.60069],[25.96496,43.60007],[25.96528,43.59988],[25.96479,43.59922],[25.96832,43.59877],[25.96884,43.59827],[25.96866,43.59782],[25.96399,43.59677],[25.96246,43.59504],[25.96086,43.59431],[25.95888,43.5944],[25.95867,43.59503],[25.95644,43.59449],[25.95618,43.59405],[25.95788,43.59339],[25.95693,43.59242],[25.95645,43.59269],[25.9559,43.59224],[25.95409,43.59313],[25.95317,43.59209],[25.95291,43.59067],[25.95411,43.58885],[25.95192,43.58772],[25.95112,43.58824],[25.94939,43.59217],[25.94852,43.59276],[25.94875,43.59409],[25.94461,43.59372],[25.94278,43.59299],[25.94105,43.59335],[25.94186,43.59689],[25.94124,43.59726],[25.93842,43.59605],[25.93447,43.59234],[25.93363,43.59013],[25.93692,43.59058],[25.93832,43.58946],[25.93741,43.58885],[25.93791,43.58848],[25.93755,43.58786],[25.93394,43.58503],[25.93372,43.58572],[25.93355,43.58519],[25.93238,43.58531],[25.93175,43.58624],[25.93096,43.5863],[25.93099,43.58673],[25.92952,43.58678],[25.92996,43.58927],[25.92841,43.58878],[25.92731,43.591],[25.92837,43.59153],[25.92765,43.59195],[25.92518,43.58896],[25.92401,43.5897],[25.92454,43.58791],[25.9232,43.58689],[25.91793,43.5847],[25.92073,43.5855],[25.91963,43.5846],[25.91967,43.58407],[25.92054,43.58354],[25.92088,43.58364],[25.92049,43.58426],[25.92084,43.58466],[25.9231,43.5843],[25.92657,43.58535],[25.92471,43.58411],[25.92529,43.58366],[25.92456,43.58346],[25.92403,43.58235],[25.92397,43.58053],[25.92482,43.58113],[25.92513,43.58206],[25.92718,43.58289],[25.92702,43.58337],[25.92838,43.58345],[25.92937,43.58292],[25.93018,43.58179],[25.93017,43.58002],[25.93134,43.57984],[25.93327,43.5781],[25.93117,43.57678],[25.93082,43.57582],[25.93289,43.57433],[25.93683,43.57411],[25.93582,43.57235],[25.94119,43.57011],[25.94039,43.56864],[25.94338,43.56694],[25.94399,43.56565],[25.94271,43.56369],[25.93768,43.56646],[25.93752,43.56752],[25.93646,43.56801],[25.93578,43.56694],[25.93326,43.56718],[25.93222,43.56554],[25.93073,43.56551],[25.93668,43.56409],[25.93484,43.5635],[25.93956,43.56132],[25.94334,43.5607],[25.94275,43.55736],[25.9451,43.55677],[25.94728,43.55776],[25.94758,43.55744],[25.94553,43.55322],[25.94011,43.55048],[25.9388,43.54902],[25.93913,43.54693],[25.94192,43.54457],[25.93703,43.54407],[25.93629,43.54423],[25.93587,43.54539],[25.93066,43.5419],[25.93322,43.54191],[25.93767,43.54362],[25.94248,43.54394],[25.94373,43.54489],[25.94444,43.54415],[25.94377,43.54272],[25.93592,43.53866],[25.93626,43.53844],[25.9356,43.53775],[25.93604,43.53762],[25.9364,43.53636],[25.93557,43.53551],[25.93701,43.53543],[25.93613,43.53426],[25.93102,43.53196],[25.93006,43.53108],[25.93051,43.53068],[25.93022,43.52749],[25.93144,43.52384],[25.93069,43.52128],[25.92968,43.52001],[25.9298,43.51967],[25.93169,43.51964],[25.93029,43.518],[25.93003,43.51655],[25.92897,43.51679],[25.93095,43.51533],[25.93503,43.51614],[25.94158,43.51598],[25.9409,43.517],[25.93703,43.51674],[25.93555,43.51858],[25.93283,43.51716],[25.93266,43.51781],[25.93494,43.51934],[25.93385,43.51991],[25.93476,43.52053],[25.93421,43.52101],[25.93285,43.52036],[25.93256,43.5206],[25.93294,43.52135],[25.93613,43.52239],[25.93579,43.52389],[25.93701,43.52462],[25.94377,43.52507],[25.94388,43.52441],[25.9455,43.52457],[25.94601,43.52379],[25.94691,43.52447],[25.94766,43.52427],[25.94719,43.52345],[25.94781,43.52183],[25.94748,43.5197],[25.94638,43.51948],[25.94729,43.51714],[25.94707,43.51642],[25.94795,43.51284],[25.9476,43.50814],[25.94912,43.50772],[25.95079,43.50834],[25.95441,43.50824],[25.95794,43.50422],[25.95823,43.50538],[25.95684,43.50971],[25.95535,43.51142],[25.95469,43.51318],[25.95332,43.51373],[25.95302,43.51945],[25.95316,43.52003],[25.9542,43.52052],[25.95428,43.52125],[25.95187,43.52127],[25.95237,43.52642],[25.95224,43.52734],[25.95149,43.52779],[25.95276,43.52987],[25.95245,43.53014],[25.95062,43.52769],[25.95056,43.52805],[25.95195,43.53034],[25.95373,43.53164],[25.96134,43.533],[25.96177,43.53202],[25.96513,43.53388],[25.96626,43.5338],[25.96544,43.53452],[25.96619,43.53512],[25.96357,43.53441],[25.9619,43.53478],[25.96169,43.53579],[25.9599,43.53508],[25.95889,43.53743],[25.95911,43.53617],[25.95873,43.53606],[25.95869,43.53659],[25.95598,43.53609],[25.95718,43.53585],[25.9565,43.53365],[25.9537,43.53398],[25.95259,43.53449],[25.95312,43.535],[25.95221,43.5354],[25.95281,43.53652],[25.95385,43.536],[25.95556,43.53601],[25.95401,43.53763],[25.95371,43.53936],[25.95584,43.53986],[25.95693,43.53902],[25.95998,43.53872],[25.95995,43.5378],[25.96008,43.53855],[25.96061,43.53801],[25.9645,43.53925],[25.9637,43.53944],[25.96202,43.53864],[25.96168,43.53937],[25.96146,43.53882],[25.96088,43.53931],[25.96138,43.53954],[25.9669,43.54042],[25.96955,43.5388],[25.9677,43.53827],[25.9674,43.53726],[25.96831,43.53778],[25.96941,43.53684],[25.96982,43.53731],[25.97027,43.53691],[25.97123,43.53785],[25.97089,43.53821],[25.96856,43.54009],[25.96643,43.54082],[25.96922,43.54074],[25.97222,43.53916],[25.97367,43.53751],[25.97802,43.53416],[25.97642,43.53541],[25.97705,43.53586],[25.97806,43.53525],[25.97885,43.53437],[25.97832,43.53402],[25.97981,43.53357],[25.98176,43.53189],[25.98268,43.52993],[25.98134,43.52747],[25.98175,43.52664],[25.98299,43.52762],[25.98251,43.52833],[25.98661,43.53073],[25.98411,43.53206],[25.98233,43.53383],[25.98044,43.53492],[25.98213,43.53579],[25.98207,43.53617],[25.98082,43.53621],[25.97866,43.53528],[25.97669,43.53634],[25.97881,43.53673],[25.97924,43.53741],[25.97898,43.53785],[25.97659,43.53705],[25.97462,43.53767],[25.97603,43.53828],[25.97426,43.53827],[25.97576,43.54121],[25.97418,43.54077],[25.97429,43.54159],[25.97515,43.54233],[25.97603,43.54241],[25.97977,43.54602],[25.97769,43.5453],[25.96672,43.54442],[25.96939,43.54603],[25.96776,43.54623],[25.96479,43.54536],[25.96264,43.5463],[25.96048,43.54497],[25.95838,43.54533],[25.95877,43.54615],[25.96028,43.54686],[25.95947,43.54907],[25.96061,43.54996],[25.96055,43.55076],[25.96811,43.55447],[25.96973,43.55569],[25.96204,43.55433],[25.96178,43.55508],[25.96222,43.55531],[25.96039,43.55514],[25.9619,43.55609],[25.95656,43.55588],[25.95619,43.5561],[25.95628,43.55705],[25.95282,43.55783],[25.95587,43.56118],[25.95819,43.56564],[25.96056,43.56553],[25.95997,43.56386],[25.96007,43.56205],[25.96144,43.56036],[25.96455,43.56022],[25.9695,43.56085],[25.9682,43.56544],[25.96821,43.5659],[25.96905,43.56612],[25.97078,43.56622],[25.97275,43.56539],[25.97384,43.56356],[25.974,43.56174],[25.97443,43.56319],[25.97369,43.56493],[25.9718,43.56681],[25.97172,43.56759],[25.967,43.56867],[25.96194,43.56916],[25.96315,43.57268],[25.96148,43.57459],[25.96043,43.57427],[25.96052,43.5751],[25.95999,43.57587],[25.96175,43.57634],[25.96233,43.5775],[25.96378,43.57869],[25.9638,43.57955],[25.96429,43.57984],[25.9661,43.5789],[25.96804,43.57885],[25.96978,43.5761],[25.97247,43.57692],[25.97235,43.57793],[25.97575,43.57793],[25.97637,43.57691],[25.9773,43.57683],[25.97591,43.57494],[25.97892,43.57425],[25.97936,43.57261],[25.97868,43.57134],[25.9789,43.5706],[25.98153,43.56999],[25.98412,43.57102],[25.98427,43.56764],[25.9835,43.56705],[25.98614,43.56606],[25.98704,43.56497],[25.98863,43.56528],[25.99727,43.56275],[26.00595,43.56608],[26.01001,43.56131],[26.00391,43.56071],[26.00754,43.56057],[26.00833,43.55969],[26.00961,43.55962],[26.00996,43.55752],[26.01154,43.55545],[26.00881,43.55368],[26.00924,43.55271],[26.00462,43.55073],[26.00364,43.54939],[26.00392,43.54882],[26.01618,43.55478],[26.01411,43.5556],[26.01313,43.55669],[26.01497,43.55809],[26.01344,43.55911],[26.01402,43.56057],[26.01749,43.56211],[26.02176,43.56154],[26.02257,43.56233],[26.02082,43.56385],[26.02744,43.56552],[26.02704,43.56599],[26.02217,43.56472],[26.02173,43.56494],[26.02762,43.56641],[26.02666,43.56672],[26.02434,43.56593],[26.01559,43.56463],[26.01516,43.5659],[26.01556,43.56732],[26.01524,43.56816],[26.01297,43.56792],[26.0094,43.5711],[26.01403,43.57422],[26.01379,43.57633],[26.01449,43.58011],[26.0138,43.58051],[26.0119,43.57845],[26.01181,43.57589],[26.0084,43.57359],[26.00426,43.57323],[26.00823,43.57115],[26.00706,43.57168],[26.00352,43.57152],[26.00144,43.57113],[25.99937,43.57006],[25.99706,43.5719],[25.99397,43.57132],[25.99091,43.57219],[25.99323,43.57291],[25.99614,43.57469],[25.99697,43.57396],[25.99794,43.57423],[26.00112,43.57328],[26.00259,43.57496],[26.0024,43.57583],[26.00348,43.57841],[26.00328,43.57913],[26.0001,43.57923],[25.99901,43.58046],[25.99629,43.57886],[25.99242,43.57862],[25.99058,43.57663],[25.98909,43.576],[25.98831,43.57625],[25.98856,43.57738],[25.9918,43.58185],[25.99154,43.58232],[25.99047,43.5825],[25.99065,43.58364],[25.98868,43.58321],[25.98573,43.58104],[25.98426,43.58073],[25.98342,43.58084],[25.98284,43.58155],[25.97352,43.58213],[25.97572,43.58322],[25.98279,43.58408],[25.98881,43.58557],[25.98889,43.58615],[25.98758,43.58734],[25.98593,43.58833],[25.98358,43.58882],[25.98335,43.58975],[25.98795,43.59004],[25.98832,43.59047],[25.9954,43.58973],[25.99563,43.5888],[25.99488,43.58813],[25.99351,43.58514],[25.99566,43.58317],[25.99818,43.58287],[25.99961,43.58318],[25.99965,43.58725],[26.00414,43.58724],[26.00326,43.58451],[26.01242,43.58433],[26.01215,43.59438],[26.01278,43.59535],[26.01824,43.59538],[26.01831,43.58674],[26.01743,43.58466],[26.01631,43.58426],[26.01666,43.58308],[26.01726,43.58289],[26.0189,43.58326],[26.02458,43.58603],[26.02298,43.58799],[26.02419,43.58978],[26.02383,43.59245],[26.02415,43.59301],[26.02754,43.5915],[26.0271,43.59031],[26.02752,43.58888],[26.03018,43.58594],[26.03089,43.58587],[26.03103,43.58624],[26.02917,43.58936],[26.02948,43.59064],[26.03888,43.58908],[26.03672,43.58698],[26.03719,43.58605],[26.03909,43.58618],[26.0403,43.58833],[26.04479,43.58675],[26.04463,43.58725],[26.04343,43.58771],[26.04405,43.58816],[26.04211,43.58956],[26.04135,43.58919],[26.04214,43.59002],[26.03927,43.59088],[26.03753,43.59282],[26.03661,43.59427],[26.0375,43.5949],[26.0372,43.59546],[26.03532,43.59483],[26.03506,43.5943],[26.03254,43.59368],[26.02888,43.59428],[26.02766,43.59555],[26.03073,43.59925],[26.03074,43.60016],[26.02327,43.59672],[26.02209,43.598],[26.02165,43.59787],[26.02276,43.59987],[26.0223,43.60371],[26.02577,43.60565],[26.02772,43.60615],[26.02755,43.60672],[26.02835,43.60753],[26.02424,43.60541],[26.01793,43.60553],[26.01752,43.60644],[26.01642,43.6071],[26.01839,43.60843],[26.02074,43.61101],[26.02531,43.61244],[26.02668,43.61341],[26.02694,43.61468],[26.02614,43.61562],[26.02212,43.61677],[26.0209,43.61807],[26.02038,43.61807],[26.02593,43.62104],[26.02608,43.62048],[26.02479,43.61914],[26.02501,43.61768],[26.02792,43.61474],[26.02834,43.61504],[26.02921,43.61421],[26.02886,43.61387],[26.02966,43.61264],[26.03001,43.6094],[26.03105,43.60941],[26.03163,43.60843],[26.03114,43.60746],[26.03176,43.60734],[26.03244,43.60869],[26.03317,43.60782],[26.03389,43.60782],[26.03368,43.60877],[26.03411,43.60878],[26.03464,43.60785],[26.0354,43.60788],[26.03652,43.60624],[26.04165,43.60543],[26.0434,43.60586],[26.04455,43.60457],[26.04374,43.60265],[26.04546,43.60303],[26.04704,43.6024],[26.04736,43.60554],[26.04711,43.60612],[26.04586,43.6062],[26.04527,43.60708],[26.04487,43.60777],[26.04511,43.6091],[26.04137,43.60842],[26.04028,43.60943],[26.03896,43.60961],[26.03768,43.61078],[26.03324,43.61165],[26.03414,43.6141],[26.0367,43.61368],[26.04114,43.61423],[26.04075,43.61572],[26.03977,43.61589],[26.03978,43.61657],[26.03324,43.61755],[26.03249,43.62367],[26.03339,43.62438],[26.03295,43.62581],[26.04018,43.62673],[26.0385,43.62724],[26.03972,43.62835],[26.04099,43.63308],[26.04185,43.63467],[26.04104,43.63402],[26.04024,43.63222],[26.03944,43.6287],[26.0375,43.62987],[26.03421,43.62935],[26.03312,43.63015],[26.03343,43.63169],[26.03267,43.63079],[26.03107,43.63141],[26.02935,43.63121],[26.02844,43.63225],[26.02849,43.63287],[26.03185,43.63642],[26.03134,43.63721],[26.03109,43.64022],[26.02599,43.644],[26.02236,43.64364],[26.02039,43.64527],[26.02588,43.6475],[26.02699,43.64685],[26.02783,43.64711],[26.02753,43.6478],[26.02603,43.64841],[26.02877,43.6508],[26.02684,43.65125],[26.02581,43.6492],[26.02541,43.64948],[26.02454,43.64859],[26.0231,43.64846],[26.0226,43.64942],[26.02212,43.64945],[26.02144,43.64805],[26.01993,43.64763],[26.01729,43.64731],[26.01502,43.64801],[26.01518,43.65007],[26.0141,43.65088],[26.01417,43.65209],[26.01526,43.65305],[26.0168,43.65333],[26.01655,43.65524],[26.01304,43.65518],[26.01565,43.65582],[26.01334,43.65585],[26.01409,43.65827],[26.01495,43.65822],[26.01494,43.65879],[26.01295,43.65901],[26.01198,43.65824],[26.01052,43.65831],[26.0084,43.65934],[26.00692,43.66071],[26.00841,43.66347],[26.0109,43.66258],[26.0189,43.66247],[26.02099,43.66035],[26.02601,43.66006],[26.02784,43.65936],[26.03289,43.65928],[26.03298,43.65685],[26.03377,43.65688],[26.03426,43.65758],[26.03532,43.66053],[26.03724,43.65817],[26.04197,43.65637],[26.04328,43.65629],[26.04255,43.65492],[26.0398,43.65486],[26.04247,43.65023],[26.04342,43.64949],[26.05038,43.65125],[26.05428,43.64635],[26.04566,43.63848],[26.04707,43.63654],[26.04748,43.63436],[26.04924,43.63529],[26.04999,43.63692],[26.05016,43.63882],[26.0514,43.63937],[26.05402,43.63806],[26.05482,43.63686],[26.05728,43.63643],[26.05722,43.63543],[26.05797,43.63575],[26.05865,43.63545],[26.05253,43.63187],[26.05494,43.62996],[26.05122,43.62644],[26.04905,43.62534],[26.0487,43.62335],[26.04991,43.62264],[26.0511,43.62461],[26.05584,43.6257],[26.05671,43.6248],[26.05691,43.62318],[26.05552,43.62287],[26.05544,43.62201],[26.05446,43.62164],[26.05463,43.61817],[26.05695,43.61834],[26.05737,43.62105],[26.05989,43.62157],[26.06115,43.62148],[26.06081,43.61987],[26.06112,43.61772],[26.06234,43.61677],[26.06283,43.61553],[26.06819,43.61823],[26.06762,43.61648],[26.06519,43.61516],[26.06489,43.61405],[26.06324,43.61394],[26.06304,43.61165],[26.06683,43.61186],[26.06723,43.60918],[26.06935,43.60882],[26.07112,43.60753],[26.06889,43.60644],[26.0674,43.60654],[26.0669,43.60598],[26.06716,43.60538],[26.0652,43.60463],[26.06506,43.60362],[26.06541,43.60352],[26.06888,43.60368],[26.06931,43.60163],[26.06504,43.59881],[26.06386,43.59914],[26.06287,43.5986],[26.06311,43.5973],[26.06189,43.59643],[26.06057,43.5964],[26.0604,43.59469],[26.06227,43.59423],[26.06605,43.59429],[26.06656,43.59513],[26.06607,43.59615],[26.06736,43.5976],[26.06919,43.59701],[26.07016,43.59816],[26.07218,43.5976],[26.07103,43.59559],[26.06014,43.58497],[26.05683,43.58013],[26.05743,43.57759],[26.05894,43.57749],[26.06031,43.57905],[26.06148,43.57843],[26.06077,43.57802],[26.06138,43.57813],[26.06604,43.58076],[26.08293,43.58234],[26.08772,43.58137],[26.0904,43.57807],[26.09428,43.58242],[26.09234,43.5836],[26.09654,43.58466],[26.09994,43.58348],[26.10344,43.58333],[26.11069,43.58179],[26.11188,43.58078],[26.11077,43.57751],[26.11046,43.57766],[26.11164,43.57686],[26.1112,43.57644],[26.11004,43.57719],[26.10943,43.57611],[26.11151,43.57494],[26.11219,43.57527],[26.11188,43.57566],[26.11273,43.57563],[26.11227,43.57597],[26.1126,43.57618],[26.11561,43.57403],[26.11424,43.57307],[26.11459,43.57283],[26.11643,43.5734],[26.11739,43.57254],[26.11955,43.57189],[26.124,43.57329],[26.12571,43.57428],[26.12662,43.57549],[26.12804,43.576],[26.12876,43.57718],[26.12817,43.5786],[26.12965,43.5797],[26.13635,43.57739],[26.1364,43.57689],[26.13355,43.57632],[26.13034,43.57335],[26.12811,43.5726],[26.12918,43.57232],[26.12695,43.56977],[26.12958,43.56629],[26.13478,43.5633],[26.1367,43.5596],[26.13696,43.55777],[26.1341,43.54913],[26.13285,43.54912],[26.13023,43.54128],[26.12612,43.53941],[26.12643,43.5365],[26.12727,43.53479],[26.12558,43.5345],[26.12204,43.53905],[26.11574,43.54101],[26.11521,43.54516],[26.11466,43.54547],[26.11333,43.54561],[26.11201,43.5451],[26.09284,43.54577],[26.0939,43.54616],[26.09402,43.54675],[26.09074,43.54693],[26.08849,43.54758],[26.08786,43.54902],[26.08808,43.54991],[26.08766,43.55003],[26.08489,43.54925],[26.08046,43.5488],[26.07958,43.54913],[26.08011,43.55033],[26.07922,43.55005],[26.07842,43.54891],[26.07883,43.54621],[26.08006,43.54595],[26.07862,43.54512],[26.07847,43.54359],[26.07887,43.5432],[26.08294,43.54219],[26.08641,43.54229],[26.08349,43.54278],[26.08475,43.54425],[26.08972,43.5446],[26.08999,43.54516],[26.09232,43.54526],[26.09453,43.54438],[26.09409,43.54205],[26.09464,43.54082],[26.09016,43.53923],[26.09044,43.53875],[26.08991,43.53859],[26.09008,43.53831],[26.09103,43.5386],[26.09122,43.53829],[26.08797,43.53729],[26.08812,43.5366],[26.0868,43.536],[26.08755,43.53416],[26.08718,43.53343],[26.08813,43.53241],[26.08862,43.53054],[26.08434,43.53041],[26.08454,43.53203],[26.08382,43.53207],[26.08324,43.53071],[26.07865,43.52986],[26.07674,43.52898],[26.08316,43.52898],[26.09124,43.52999],[26.09315,43.52976],[26.09656,43.5288],[26.0981,43.52747],[26.10522,43.52624],[26.10662,43.52656],[26.11106,43.5232],[26.10933,43.52504],[26.11113,43.52575],[26.11807,43.52043],[26.11644,43.52002],[26.11355,43.52028],[26.11271,43.51961],[26.11285,43.51824],[26.11201,43.51758],[26.10899,43.51686],[26.10904,43.51636],[26.1103,43.51613],[26.10931,43.51571],[26.10893,43.51417],[26.11306,43.51514],[26.11532,43.51486],[26.11648,43.51446],[26.11819,43.51171],[26.12025,43.51343],[26.11883,43.51071],[26.11941,43.5084],[26.12024,43.50874],[26.11996,43.50833],[26.1207,43.50899],[26.12024,43.50997],[26.12101,43.51236],[26.1266,43.51565],[26.13062,43.51927],[26.13251,43.51928],[26.13243,43.51716],[26.13335,43.51443],[26.13117,43.51373],[26.13439,43.5141],[26.1333,43.51569],[26.13431,43.51632],[26.13594,43.51596],[26.13678,43.5153],[26.13741,43.51208],[26.1391,43.51322],[26.1388,43.51413],[26.14001,43.51261],[26.14038,43.51265],[26.14024,43.51451],[26.14117,43.51334],[26.14291,43.51315],[26.14331,43.51413],[26.14451,43.5151],[26.14728,43.51656],[26.1487,43.52004],[26.14671,43.51668],[26.14578,43.51624],[26.14648,43.51697],[26.14619,43.5178],[26.14791,43.51978],[26.14672,43.519],[26.14588,43.51756],[26.14227,43.52349],[26.13947,43.5229],[26.14017,43.5252],[26.13988,43.52718],[26.14054,43.52683],[26.14692,43.53124],[26.14764,43.53118],[26.14799,43.53022],[26.14946,43.5303],[26.14933,43.53142],[26.14884,43.53119],[26.14746,43.53231],[26.14604,43.53211],[26.14646,43.53289],[26.14721,43.53283],[26.14709,43.5345],[26.14791,43.5355],[26.1501,43.53632],[26.14842,43.53643],[26.1472,43.53719],[26.14736,43.53799],[26.14826,43.53868],[26.14999,43.53889],[26.14965,43.5395],[26.14708,43.53909],[26.14701,43.53971],[26.14797,43.54005],[26.14812,43.54062],[26.14759,43.54091],[26.14848,43.54264],[26.15081,43.54231],[26.15501,43.5432],[26.155,43.54389],[26.14729,43.54514],[26.14774,43.54712],[26.14728,43.5503],[26.15045,43.54815],[26.15352,43.54703],[26.15442,43.54714],[26.15486,43.54815],[26.1537,43.54868],[26.15045,43.55403],[26.1474,43.55487],[26.14806,43.55588],[26.15083,43.55749],[26.15335,43.55825],[26.15486,43.55742],[26.15654,43.55443],[26.15855,43.55509],[26.15829,43.56039],[26.15417,43.56192],[26.15411,43.56237],[26.1565,43.5622],[26.15854,43.56145],[26.16107,43.5591],[26.166,43.55937],[26.16426,43.55152],[26.1647,43.55136],[26.16367,43.55007],[26.16552,43.54901],[26.16647,43.54945],[26.16733,43.54882],[26.16795,43.54916],[26.16735,43.5496],[26.16785,43.55055],[26.16961,43.55153],[26.16881,43.55198],[26.16861,43.553],[26.16982,43.55551],[26.17241,43.55732],[26.17601,43.55901],[26.17604,43.56003],[26.17858,43.56122],[26.17948,43.56214],[26.1782,43.56325],[26.17872,43.56347],[26.17751,43.5637],[26.17749,43.56405],[26.17464,43.56366],[26.16242,43.5642],[26.16436,43.57174],[26.16077,43.57124],[26.1604,43.57229],[26.1646,43.57419],[26.16519,43.57536],[26.15748,43.57299],[26.14716,43.57529],[26.14996,43.57467],[26.15046,43.57566],[26.15869,43.57504],[26.16151,43.57611],[26.16448,43.57613],[26.16526,43.57539],[26.17005,43.57473],[26.17352,43.57692],[26.1752,43.57595],[26.17561,43.57629],[26.17729,43.57436],[26.17894,43.57375],[26.18321,43.5751],[26.18352,43.57485],[26.18442,43.57529],[26.1842,43.57591],[26.18728,43.5761],[26.18755,43.57657],[26.19143,43.57666],[26.19086,43.57583],[26.19149,43.57609],[26.19218,43.57552],[26.19348,43.57546],[26.19397,43.57528],[26.19382,43.57449],[26.19499,43.57451],[26.19689,43.57566],[26.19845,43.57578],[26.20047,43.57726],[26.19934,43.57824],[26.1971,43.57826],[26.19627,43.57888],[26.19387,43.57847],[26.18771,43.57901],[26.17947,43.57703],[26.1784,43.57826],[26.17871,43.57906],[26.17789,43.58079],[26.1794,43.58179],[26.17889,43.58225],[26.17937,43.58266],[26.18238,43.58356],[26.18288,43.58416],[26.18254,43.58498],[26.17894,43.5853],[26.17514,43.58319],[26.17296,43.58031],[26.17089,43.57922],[26.1669,43.57944],[26.15969,43.579],[26.15861,43.58133],[26.16058,43.58467],[26.15882,43.58489],[26.15862,43.58386],[26.15295,43.58377],[26.15226,43.58582],[26.15237,43.58714],[26.15127,43.58727],[26.1528,43.58869],[26.15452,43.58924],[26.15467,43.5899],[26.15655,43.5912],[26.15883,43.59156],[26.16009,43.59356],[26.16003,43.59437],[26.15118,43.58776],[26.14984,43.58733],[26.14892,43.58796],[26.14533,43.58733],[26.14505,43.58805],[26.14601,43.58848],[26.14519,43.58854],[26.14636,43.58926],[26.14413,43.5882],[26.14246,43.59009],[26.14049,43.59082],[26.13308,43.59057],[26.13066,43.59367],[26.13169,43.59611],[26.13073,43.59765],[26.13294,43.59905],[26.13291,43.60007],[26.13106,43.60086],[26.1305,43.60157],[26.13279,43.60314],[26.13334,43.60496],[26.13207,43.60769],[26.13168,43.61053],[26.13104,43.61178],[26.12639,43.61511],[26.11569,43.60751],[26.11401,43.60943],[26.10385,43.617],[26.10394,43.62386],[26.09334,43.6235],[26.08562,43.61937],[26.0795,43.62027],[26.07907,43.62214],[26.07837,43.62196],[26.07817,43.62267],[26.07643,43.6232],[26.0813,43.62601],[26.08319,43.62543],[26.0837,43.6263],[26.08448,43.62596],[26.08349,43.62919],[26.08575,43.63342],[26.08739,43.63511],[26.08816,43.63328],[26.08969,43.63162],[26.08911,43.63047],[26.09091,43.62991],[26.09227,43.63057],[26.09573,43.63073],[26.09833,43.62534],[26.09955,43.62591],[26.09913,43.62865],[26.10046,43.63024],[26.10058,43.62851],[26.10238,43.62538],[26.10414,43.62562],[26.10207,43.62901],[26.10591,43.62974],[26.10818,43.62947],[26.1084,43.62639],[26.10802,43.62632],[26.10867,43.62519],[26.11133,43.6247],[26.1083,43.62268],[26.11429,43.6206],[26.11584,43.62191],[26.11401,43.6227],[26.1142,43.62351],[26.11317,43.62593],[26.11111,43.62707],[26.1112,43.62923],[26.11291,43.62947],[26.11434,43.62837],[26.11629,43.62994],[26.1211,43.63012],[26.12271,43.62927],[26.12367,43.62793],[26.12296,43.62738],[26.12414,43.62671],[26.12284,43.62514],[26.12538,43.62714],[26.12764,43.62573],[26.12855,43.62357],[26.12656,43.62173],[26.12442,43.61864],[26.12639,43.61769],[26.12868,43.61973],[26.12949,43.62151],[26.13041,43.62236],[26.13102,43.62229],[26.13111,43.62114],[26.13204,43.62057],[26.13304,43.62232],[26.13742,43.62204],[26.13706,43.62139],[26.13829,43.621],[26.13795,43.61806],[26.13523,43.61446],[26.13831,43.61291],[26.13872,43.61078],[26.14001,43.60957],[26.1391,43.61132],[26.13865,43.61439],[26.13889,43.61556],[26.13975,43.61641],[26.13994,43.61777],[26.14081,43.61808],[26.14092,43.61856],[26.13848,43.62175],[26.14241,43.62147],[26.13898,43.62214],[26.13787,43.62314],[26.13101,43.62327],[26.13054,43.6266],[26.13088,43.62756],[26.12964,43.62581],[26.12906,43.62581],[26.127,43.62771],[26.12536,43.62778],[26.12344,43.62976],[26.12164,43.63073],[26.11616,43.6306],[26.11946,43.63122],[26.12183,43.63092],[26.12224,43.63161],[26.11914,43.63204],[26.11272,43.6318],[26.11319,43.63474],[26.11124,43.63424],[26.11045,43.63332],[26.1112,43.63179],[26.11181,43.63196],[26.11257,43.63012],[26.11061,43.63051],[26.10918,43.6327],[26.10703,43.63241],[26.10765,43.63345],[26.10462,43.63337],[26.10412,43.63429],[26.10568,43.6379],[26.10575,43.63979],[26.10166,43.63669],[26.10188,43.63226],[26.09763,43.63221],[26.09693,43.63122],[26.10139,43.63091],[26.10148,43.63059],[26.0997,43.63059],[26.09855,43.62942],[26.09723,43.62987],[26.09636,43.6311],[26.09307,43.63147],[26.0922,43.63247],[26.08997,43.63297],[26.08829,43.6354],[26.08605,43.63669],[26.09036,43.6382],[26.08545,43.63767],[26.0858,43.63831],[26.08509,43.63946],[26.08431,43.63965],[26.08541,43.64027],[26.08472,43.64046],[26.08649,43.64144],[26.08635,43.64228],[26.08476,43.6414],[26.08442,43.64304],[26.086,43.64391],[26.0852,43.64685],[26.08621,43.64926],[26.08917,43.64877],[26.08965,43.64828],[26.0911,43.64894],[26.0928,43.64712],[26.09132,43.6464],[26.09289,43.64477],[26.09787,43.6442],[26.10186,43.64886],[26.10033,43.64913],[26.10102,43.64931],[26.09967,43.65628],[26.09909,43.65647],[26.10077,43.6577],[26.10353,43.65676],[26.10638,43.65349],[26.10855,43.64958],[26.10833,43.64806],[26.10452,43.64318],[26.10764,43.64195],[26.10853,43.64109],[26.10975,43.64145],[26.10849,43.64417],[26.11137,43.64676],[26.11302,43.64547],[26.11179,43.64446],[26.11742,43.64459],[26.11812,43.64395],[26.1179,43.6432],[26.11469,43.64057],[26.11899,43.63957],[26.12338,43.64014],[26.12492,43.63942],[26.13089,43.6385],[26.1342,43.63558],[26.13859,43.63442],[26.13982,43.63274],[26.14313,43.63216],[26.15106,43.63221],[26.15514,43.63363],[26.15878,43.63333],[26.15802,43.63173],[26.15585,43.62991],[26.15495,43.62777],[26.15577,43.62756],[26.15768,43.62919],[26.15935,43.62867],[26.16043,43.63052],[26.16178,43.63036],[26.16185,43.62968],[26.16274,43.62931],[26.16278,43.62807],[26.162,43.62753],[26.16142,43.62264],[26.163,43.62245],[26.16308,43.62348],[26.16473,43.6223],[26.16698,43.62393],[26.17061,43.6213],[26.16826,43.61959],[26.16907,43.619],[26.16851,43.61859],[26.17073,43.61697],[26.16817,43.61509],[26.17016,43.61365],[26.1727,43.6155],[26.17401,43.61461],[26.17162,43.61282],[26.1736,43.61138],[26.16995,43.60873],[26.17125,43.60782],[26.16902,43.60629],[26.17158,43.60444],[26.17629,43.60786],[26.17521,43.60861],[26.17545,43.60883],[26.17615,43.60839],[26.1784,43.61002],[26.17708,43.61097],[26.17835,43.61208],[26.17589,43.61386],[26.17672,43.61494],[26.17419,43.61713],[26.17293,43.61981],[26.17243,43.62158],[26.17322,43.62168],[26.17324,43.62111],[26.17363,43.62157],[26.17379,43.62336],[26.17292,43.62778],[26.17205,43.62889],[26.16958,43.63016],[26.16462,43.63117],[26.16436,43.63177],[26.16482,43.63303],[26.16438,43.6338],[26.16186,43.63369],[26.16277,43.63435],[26.16315,43.63579],[26.16432,43.63578],[26.16604,43.6394],[26.16592,43.63995],[26.16773,43.6422],[26.16885,43.64064],[26.16994,43.6407],[26.17278,43.6397],[26.17363,43.64007],[26.16967,43.64236],[26.16882,43.64341],[26.17046,43.64605],[26.17347,43.64609],[26.17319,43.64832],[26.17546,43.64941],[26.18097,43.65009],[26.1826,43.64908],[26.19033,43.64069],[26.1942,43.63823],[26.19696,43.64073],[26.20043,43.63958],[26.20625,43.63525],[26.20573,43.63296],[26.20515,43.63326],[26.20394,43.63162],[26.2042,43.63109],[26.20528,43.63087],[26.20676,43.63183],[26.21081,43.63008],[26.20826,43.62916],[26.20856,43.62865],[26.21,43.62845],[26.21271,43.62897],[26.21527,43.62786],[26.21585,43.62636],[26.21542,43.6252],[26.21326,43.62349],[26.21288,43.62386],[26.21341,43.62596],[26.21165,43.62169],[26.21231,43.6192],[26.21328,43.61946],[26.21437,43.6185],[26.21288,43.61804],[26.21416,43.61656],[26.21513,43.61714],[26.21565,43.61669],[26.21616,43.61717],[26.23036,43.61296],[26.22707,43.61434],[26.21813,43.61674],[26.2242,43.61607],[26.22426,43.61676],[26.22602,43.61676],[26.22594,43.61601],[26.22632,43.61601],[26.22881,43.61673],[26.2245,43.61736],[26.22409,43.61736],[26.22409,43.61687],[26.22148,43.61674],[26.21838,43.61739],[26.21737,43.61775],[26.21396,43.62127],[26.21832,43.62218],[26.21925,43.62077],[26.21853,43.62051],[26.21897,43.61984],[26.21811,43.61933],[26.21808,43.61888],[26.21868,43.61874],[26.21848,43.61816],[26.22121,43.61763],[26.22099,43.61921],[26.22274,43.61926],[26.2206,43.61937],[26.22063,43.61973],[26.22285,43.61961],[26.22261,43.62082],[26.22345,43.62151],[26.22094,43.62308],[26.21917,43.62869],[26.22492,43.6304],[26.2281,43.63295],[26.2388,43.63762],[26.25219,43.63234],[26.24988,43.63011],[26.24918,43.62874],[26.25406,43.63157],[26.25846,43.63035],[26.2691,43.63028],[26.27069,43.62926],[26.27108,43.62812],[26.27224,43.62815],[26.27338,43.62719],[26.27747,43.62558],[26.27793,43.624],[26.27599,43.62104],[26.27544,43.61888],[26.28169,43.61728],[26.28246,43.61591],[26.28239,43.61481],[26.28346,43.61528],[26.28395,43.61677],[26.28328,43.61872],[26.28109,43.6191],[26.28001,43.62074],[26.27983,43.6218],[26.28074,43.6238],[26.28054,43.62498],[26.28429,43.62414],[26.28429,43.62567],[26.2831,43.62789],[26.28306,43.62959],[26.28309,43.63153],[26.28446,43.63433],[26.28935,43.63367],[26.28946,43.6282],[26.291,43.62819],[26.29065,43.62587],[26.29099,43.62448],[26.2975,43.62588],[26.2992,43.62321],[26.29817,43.6222],[26.29788,43.62012],[26.29898,43.61819],[26.29917,43.61537],[26.30031,43.61416],[26.29972,43.61286],[26.30082,43.61102],[26.30249,43.60974],[26.30255,43.60789],[26.29917,43.6075],[26.29731,43.60653],[26.29741,43.60615],[26.2878,43.5993],[26.28503,43.59864],[26.2841,43.59898],[26.28617,43.60025],[26.28629,43.60097],[26.2886,43.60287],[26.28589,43.60307],[26.28339,43.59981],[26.27926,43.59992],[26.27926,43.60049],[26.27662,43.60071],[26.27682,43.60122],[26.27616,43.60135],[26.27493,43.60035],[26.26813,43.59912],[26.26931,43.60127],[26.26763,43.6013],[26.26771,43.60067],[26.25397,43.59772],[26.25066,43.59889],[26.24977,43.59803],[26.25122,43.59787],[26.25159,43.59706],[26.253,43.59653],[26.25484,43.59622],[26.26562,43.59845],[26.27164,43.5985],[26.27611,43.59931],[26.27908,43.59881],[26.28227,43.5971],[26.27866,43.5973],[26.28097,43.5966],[26.28254,43.59408],[26.28311,43.59568],[26.2846,43.59488],[26.28614,43.59495],[26.28664,43.59548],[26.28876,43.59593],[26.2905,43.59583],[26.29299,43.59458],[26.2942,43.59492],[26.29597,43.59412],[26.29605,43.5953],[26.29694,43.59531],[26.29783,43.59419],[26.30111,43.59286],[26.30251,43.59051],[26.30277,43.58891],[26.30687,43.58515],[26.31534,43.58919],[26.31748,43.58642],[26.31847,43.58328],[26.31806,43.58588],[26.31939,43.58703],[26.32133,43.58583],[26.32234,43.5867],[26.31963,43.58891],[26.31612,43.59031],[26.31497,43.59163],[26.31545,43.59368],[26.31461,43.59282],[26.31538,43.59389],[26.31572,43.5966],[26.31614,43.59698],[26.32111,43.59759],[26.32578,43.60057],[26.32657,43.59902],[26.32893,43.59723],[26.33432,43.59439],[26.33712,43.59347],[26.33841,43.59169],[26.3387,43.59189],[26.33711,43.59366],[26.33439,43.59454],[26.32919,43.59783],[26.32871,43.59913],[26.3371,43.60815],[26.33486,43.61343],[26.33292,43.61177],[26.33109,43.6193],[26.33011,43.61907],[26.32824,43.62051],[26.32672,43.62303],[26.34601,43.63251],[26.34382,43.63138],[26.34599,43.63245],[26.35053,43.63204],[26.35063,43.6313],[26.35272,43.63098],[26.35482,43.62961],[26.35369,43.62773],[26.35446,43.62746],[26.35245,43.62665],[26.35276,43.6271],[26.35226,43.62743],[26.35047,43.6242],[26.35278,43.62238],[26.34812,43.6196],[26.3484,43.61935],[26.3477,43.61893],[26.34847,43.61765],[26.35167,43.61831],[26.35226,43.61734],[26.35427,43.61797],[26.3551,43.61631],[26.35808,43.61627],[26.36301,43.61529],[26.36391,43.61502],[26.36546,43.61354],[26.36473,43.61362],[26.36433,43.61293],[26.36118,43.61213],[26.36079,43.61135],[26.35632,43.61113],[26.34583,43.60532],[26.35095,43.60055],[26.3588,43.59655],[26.35949,43.5956],[26.35924,43.59519],[26.3526,43.5949],[26.35244,43.59357],[26.35293,43.59317],[26.35389,43.59265],[26.35666,43.59309],[26.35704,43.59245],[26.35727,43.59306],[26.35902,43.59402],[26.36117,43.59444],[26.366,43.59657],[26.36909,43.59607],[26.36948,43.59697],[26.37145,43.59689],[26.36897,43.59753],[26.36889,43.59869],[26.36615,43.59843],[26.36348,43.59725],[26.36588,43.60026],[26.36758,43.60116],[26.36967,43.60132],[26.37204,43.59988],[26.37006,43.60188],[26.37044,43.60226],[26.37136,43.60167],[26.37237,43.60191],[26.37241,43.60255],[26.37288,43.60258],[26.37305,43.60188],[26.37308,43.60239],[26.37384,43.60253],[26.37508,43.60198],[26.37493,43.60229],[26.37846,43.60286],[26.37804,43.60383],[26.37944,43.60399],[26.38057,43.60299],[26.38264,43.60308],[26.38425,43.6013],[26.38299,43.60043],[26.38349,43.60024],[26.38307,43.59949],[26.38236,43.59967],[26.38301,43.59938],[26.38181,43.59797],[26.38323,43.59814],[26.38379,43.59497],[26.38771,43.59491],[26.38716,43.59409],[26.38921,43.59342],[26.39013,43.59417],[26.39007,43.59485],[26.39105,43.59491],[26.39099,43.59541],[26.39242,43.59509],[26.39256,43.59438],[26.3914,43.59404],[26.39258,43.59435],[26.3927,43.59315],[26.39651,43.59395],[26.39723,43.59234],[26.39896,43.59264],[26.3998,43.59038],[26.3993,43.5903],[26.39964,43.58929],[26.40068,43.58947],[26.40104,43.58841],[26.40412,43.58896],[26.40331,43.59131],[26.40516,43.59222],[26.40592,43.5901],[26.40862,43.5878],[26.41025,43.58689],[26.41245,43.58698],[26.41819,43.58256],[26.41769,43.5818],[26.41997,43.58069],[26.4209,43.57899],[26.42153,43.57626],[26.42111,43.57483],[26.42547,43.57357],[26.42889,43.57593],[26.42721,43.57637],[26.43313,43.57974],[26.43131,43.57954],[26.41903,43.58567],[26.41853,43.58715],[26.41981,43.58882],[26.42229,43.58881],[26.42186,43.59051],[26.41277,43.58979],[26.41091,43.59011],[26.41161,43.5895],[26.41074,43.58941],[26.40835,43.59137],[26.41079,43.59235],[26.4112,43.59319],[26.40983,43.59316],[26.40831,43.59385],[26.40795,43.59459],[26.40571,43.59499],[26.40559,43.59548],[26.40603,43.5957],[26.40546,43.59616],[26.40326,43.59638],[26.40201,43.59778],[26.40329,43.59899],[26.40256,43.59916],[26.3977,43.59786],[26.39537,43.59821],[26.39826,43.59985],[26.39534,43.60197],[26.39218,43.60008],[26.39003,43.60175],[26.39625,43.60665],[26.39869,43.60502],[26.40191,43.60371],[26.41778,43.60443],[26.41651,43.60382],[26.41677,43.60166],[26.41842,43.60188],[26.4211,43.59315],[26.42636,43.59416],[26.42782,43.58988],[26.44458,43.59036],[26.44562,43.59032],[26.44617,43.58956],[26.44859,43.58958],[26.45176,43.59142],[26.4517,43.59472],[26.44617,43.60243],[26.44546,43.60269],[26.43847,43.60156],[26.43501,43.60725],[26.43595,43.60845],[26.43749,43.60825],[26.43853,43.6087],[26.43786,43.61201],[26.43877,43.61403],[26.44055,43.61528],[26.44016,43.6162],[26.44235,43.6168],[26.44346,43.61459],[26.44645,43.612],[26.44665,43.61389],[26.44723,43.61382],[26.44801,43.61152],[26.44936,43.6137],[26.44834,43.61452],[26.44887,43.61483],[26.44992,43.61447],[26.45041,43.61517],[26.44999,43.61501],[26.44836,43.61601],[26.44892,43.61637],[26.44745,43.61718],[26.44513,43.6175],[26.4448,43.61837],[26.44218,43.61874],[26.43937,43.61989],[26.43804,43.62278],[26.43797,43.62413],[26.43635,43.62641],[26.43578,43.62927],[26.44163,43.62899],[26.44528,43.62936],[26.44591,43.62754],[26.44711,43.62707],[26.4467,43.62931],[26.44722,43.63029],[26.44894,43.63064],[26.45428,43.62896],[26.45666,43.63031],[26.45656,43.6284],[26.45703,43.62694],[26.45649,43.62443],[26.4578,43.625],[26.46413,43.6236],[26.46333,43.62812],[26.46361,43.6313],[26.47275,43.6312],[26.47153,43.63214],[26.47119,43.6334],[26.46699,43.63344],[26.46668,43.63463],[26.4672,43.63527],[26.46603,43.63514],[26.46536,43.63345],[26.46455,43.6331],[26.46098,43.63437],[26.4619,43.64011],[26.46514,43.64273],[26.46728,43.64577],[26.46791,43.64829],[26.46419,43.65065],[26.46669,43.64825],[26.46676,43.64674],[26.46596,43.64557],[26.46437,43.64461],[26.46418,43.64286],[26.45917,43.63999],[26.45929,43.63769],[26.46002,43.63626],[26.45971,43.6338],[26.45627,43.63278],[26.45689,43.63139],[26.45312,43.6307],[26.45211,43.63126],[26.45113,43.63037],[26.45041,43.63324],[26.45251,43.6382],[26.45159,43.63845],[26.45057,43.63507],[26.4499,43.63432],[26.44996,43.63275],[26.44709,43.63188],[26.44607,43.63209],[26.44583,43.63264],[26.43958,43.63184],[26.43923,43.63251],[26.43756,43.63253],[26.43726,43.63377],[26.43817,43.63476],[26.43656,43.63487],[26.4375,43.63817],[26.44085,43.64124],[26.44072,43.6427],[26.44373,43.64307],[26.44194,43.64338],[26.4407,43.6445],[26.44038,43.64639],[26.43935,43.64642],[26.44152,43.64819],[26.44344,43.64829],[26.44366,43.65219],[26.44133,43.65145],[26.43997,43.64952],[26.43808,43.64869],[26.43729,43.65019],[26.43785,43.65277],[26.43373,43.65145],[26.43084,43.64394],[26.42828,43.64101],[26.4169,43.6374],[26.41547,43.6392],[26.40929,43.63836],[26.40447,43.63418],[26.40235,43.63345],[26.39892,43.63347],[26.397,43.63298],[26.39391,43.63373],[26.392,43.63553],[26.39161,43.63715],[26.38943,43.63875],[26.39114,43.6411],[26.38962,43.64209],[26.38869,43.64186],[26.38872,43.64132],[26.38689,43.64176],[26.38674,43.64249],[26.3858,43.63939],[26.38507,43.63877],[26.3842,43.63883],[26.38346,43.6412],[26.38387,43.6422],[26.38329,43.64336],[26.3787,43.64491],[26.38006,43.64296],[26.38064,43.64343],[26.38241,43.64309],[26.38277,43.63944],[26.38198,43.63696],[26.3827,43.63562],[26.38531,43.63493],[26.3892,43.63481],[26.38792,43.63441],[26.3899,43.63429],[26.3869,43.63299],[26.38974,43.634],[26.39124,43.63088],[26.39219,43.63031],[26.38958,43.62585],[26.38597,43.62447],[26.38808,43.62509],[26.38898,43.62481],[26.3902,43.62543],[26.39149,43.62782],[26.39454,43.63068],[26.39841,43.63072],[26.39852,43.63022],[26.39578,43.62581],[26.3968,43.6255],[26.39522,43.6224],[26.38979,43.62289],[26.38105,43.62129],[26.37483,43.62073],[26.37481,43.62041],[26.37376,43.62038],[26.37307,43.61893],[26.37046,43.61942],[26.37137,43.62309],[26.37015,43.62296],[26.37001,43.62359],[26.37355,43.62399],[26.37503,43.62483],[26.37414,43.62584],[26.37439,43.62625],[26.37853,43.62894],[26.37718,43.62938],[26.37747,43.62964],[26.37711,43.63002],[26.3747,43.63146],[26.37355,43.6338],[26.3702,43.63436],[26.36922,43.6354],[26.37001,43.63627],[26.36981,43.63683],[26.36725,43.63711],[26.36648,43.63787],[26.36658,43.63956],[26.36531,43.6401],[26.36393,43.64246],[26.36696,43.64273],[26.3654,43.64384],[26.36685,43.64416],[26.36647,43.64537],[26.36373,43.64485],[26.36338,43.64508],[26.36364,43.64574],[26.36017,43.64536],[26.35939,43.6462],[26.36016,43.646],[26.35968,43.64635],[26.35986,43.64674],[26.36082,43.64725],[26.35797,43.64754],[26.35578,43.6483],[26.35245,43.64835],[26.35254,43.64898],[26.35117,43.64913],[26.34984,43.64878],[26.34845,43.64705],[26.34676,43.64747],[26.34547,43.64863],[26.3443,43.65281],[26.34327,43.65302],[26.34399,43.65265],[26.34436,43.65105],[26.34349,43.65107],[26.34351,43.65196],[26.33929,43.65167],[26.33979,43.6525],[26.34114,43.6531],[26.34089,43.65375],[26.34004,43.65363],[26.33543,43.64894],[26.32966,43.64817],[26.3314,43.64764],[26.33196,43.64608],[26.33126,43.64553],[26.3329,43.64402],[26.33117,43.64455],[26.33055,43.64428],[26.32905,43.64596],[26.32571,43.6462],[26.32459,43.64708],[26.32487,43.64818],[26.32596,43.64856],[26.32931,43.64824],[26.32957,43.64879],[26.32527,43.64884],[26.32669,43.65077],[26.32795,43.6516],[26.32776,43.65185],[26.32426,43.6493],[26.32298,43.65042],[26.32389,43.65113],[26.32335,43.65151],[26.32414,43.65247],[26.32419,43.65369],[26.32547,43.65375],[26.32445,43.65678],[26.32191,43.65834],[26.3259,43.66153],[26.32544,43.66229],[26.32409,43.66247],[26.32432,43.66155],[26.32113,43.66097],[26.32073,43.66258],[26.32345,43.66287],[26.32497,43.66236],[26.32431,43.66275],[26.32068,43.66955],[26.31764,43.67157],[26.31601,43.67181],[26.31371,43.67382],[26.31323,43.68224],[26.3119,43.68722],[26.31287,43.69009],[26.30093,43.68654],[26.29712,43.68463],[26.29208,43.69412],[26.29688,43.69562],[26.29676,43.69769],[26.28608,43.69961],[26.2862,43.6981],[26.28729,43.69836],[26.28755,43.698],[26.2864,43.69727],[26.28275,43.69788],[26.27973,43.69588],[26.27919,43.69626],[26.2776,43.69484],[26.27572,43.69117],[26.27274,43.69008],[26.27495,43.69007],[26.27586,43.68907],[26.27411,43.68778],[26.27538,43.68426],[26.27081,43.68499],[26.27009,43.68409],[26.2686,43.68464],[26.26849,43.68382],[26.26417,43.68334],[26.26317,43.68231],[26.26171,43.68235],[26.25043,43.67587],[26.24045,43.68266],[26.23984,43.68252],[26.24167,43.68309],[26.24286,43.68441],[26.24179,43.68624],[26.24019,43.68726],[26.24199,43.68508],[26.24156,43.68398],[26.23762,43.68272],[26.23643,43.68158],[26.23467,43.68263],[26.23772,43.68493],[26.23879,43.68677],[26.23669,43.68598],[26.23772,43.6858],[26.23575,43.68397],[26.23187,43.68302],[26.23154,43.6796],[26.22745,43.68031],[26.22776,43.67896],[26.22904,43.67729],[26.22847,43.67571],[26.2291,43.67359],[26.22853,43.67264],[26.22873,43.67131],[26.22657,43.67098],[26.22877,43.67038],[26.23057,43.66908],[26.22901,43.66689],[26.22504,43.66535],[26.22665,43.66819],[26.22569,43.66883],[26.22581,43.66937],[26.22527,43.66938],[26.22522,43.66869],[26.22429,43.66818],[26.22447,43.6677],[26.22258,43.66811],[26.22342,43.6653],[26.2233,43.66363],[26.22413,43.6627],[26.22318,43.66227],[26.21906,43.66286],[26.21968,43.66826],[26.21821,43.66716],[26.21356,43.66526],[26.21318,43.66457],[26.20912,43.67362],[26.20817,43.67465],[26.20804,43.67611],[26.20546,43.67739],[26.20573,43.67775],[26.20515,43.67865],[26.20457,43.67845],[26.20379,43.67938],[26.2044,43.67996],[26.20313,43.68052],[26.20163,43.68198],[26.20379,43.68312],[26.20314,43.68307],[26.20307,43.68354],[26.19663,43.68259],[26.19644,43.68145],[26.19743,43.68088],[26.1984,43.67907],[26.19361,43.67904],[26.19272,43.67854],[26.19096,43.67847],[26.19024,43.67809],[26.19007,43.67585],[26.18455,43.67678],[26.18403,43.67499],[26.18528,43.67453],[26.18475,43.67434],[26.18548,43.67287],[26.18378,43.67229],[26.18234,43.67061],[26.18152,43.6716],[26.18216,43.67228],[26.17877,43.67158],[26.17892,43.67106],[26.18104,43.67131],[26.18028,43.66952],[26.17926,43.66872],[26.18018,43.66708],[26.18066,43.66724],[26.18075,43.66687],[26.17963,43.6664],[26.17516,43.66688],[26.17175,43.66638],[26.17247,43.66578],[26.17246,43.66435],[26.17256,43.66526],[26.17286,43.66447],[26.17357,43.66422],[26.17286,43.66407],[26.17353,43.66266],[26.17189,43.6627],[26.17115,43.66154],[26.16928,43.66296],[26.17076,43.66433],[26.17041,43.66485],[26.16852,43.66385],[26.16954,43.66438],[26.16962,43.66578],[26.17023,43.66626],[26.16952,43.66702],[26.16463,43.66836],[26.16508,43.66913],[26.16376,43.66957],[26.16361,43.66916],[26.16419,43.66886],[26.16351,43.66889],[26.16303,43.66817],[26.16081,43.6689],[26.16045,43.66833],[26.15946,43.66861],[26.15967,43.6692],[26.15861,43.66952],[26.15887,43.66995],[26.15735,43.66845],[26.15452,43.67036],[26.15285,43.67298],[26.14981,43.67423],[26.1477,43.67467],[26.14705,43.67283],[26.14594,43.67256],[26.13677,43.67202],[26.1345,43.67459],[26.13417,43.67444],[26.13455,43.67532],[26.13205,43.67554],[26.13148,43.67712],[26.13184,43.68075],[26.13064,43.68099],[26.13074,43.6827],[26.1289,43.67203],[26.12828,43.67182],[26.12833,43.67274],[26.12588,43.67356],[26.12602,43.67326],[26.1241,43.67326],[26.12326,43.67157],[26.12166,43.67157],[26.12166,43.67103],[26.11942,43.67102],[26.11938,43.67016],[26.11828,43.67077],[26.11824,43.67313],[26.11733,43.67349],[26.11637,43.67325],[26.11585,43.67245],[26.11651,43.66955],[26.11793,43.66811],[26.1157,43.6677],[26.11317,43.66641],[26.11032,43.66689],[26.10927,43.66586],[26.11014,43.66396],[26.10903,43.66349],[26.1088,43.66232],[26.1066,43.66174],[26.10257,43.66188],[26.10221,43.66311],[26.10113,43.66353],[26.10119,43.66417],[26.10027,43.66502],[26.10273,43.66758],[26.10532,43.66903],[26.1058,43.66974],[26.10679,43.66983],[26.1075,43.67118],[26.10732,43.67406],[26.10576,43.67412],[26.10409,43.67556],[26.10108,43.67603],[26.10094,43.67872],[26.10164,43.67978],[26.10051,43.68118],[26.0993,43.68104],[26.09804,43.67962],[26.09869,43.67656],[26.09589,43.67657],[26.09591,43.67918],[26.09176,43.67712],[26.08628,43.67526],[26.09005,43.67307],[26.08725,43.67012],[26.08778,43.66903],[26.08691,43.66735],[26.08461,43.66661],[26.08376,43.66903],[26.08168,43.67107],[26.07972,43.67427],[26.07286,43.67178],[26.07214,43.67296],[26.07706,43.67512],[26.07282,43.67579],[26.0656,43.67443],[26.0637,43.67342],[26.06476,43.67266],[26.0622,43.67228],[26.05723,43.67386],[26.04999,43.67531],[26.04868,43.67374],[26.04188,43.67444],[26.04148,43.67492],[26.04305,43.67634],[26.03834,43.67549],[26.03976,43.67675],[26.03978,43.6773],[26.0367,43.67605],[26.03295,43.67547],[26.0321,43.67593],[26.03004,43.67871],[26.02585,43.67844],[26.02486,43.68075],[26.02838,43.68239],[26.0281,43.68284],[26.02411,43.68255],[26.02335,43.68317],[26.0262,43.68513],[26.02662,43.68673],[26.02246,43.68488],[26.02135,43.6853],[26.02094,43.68794],[26.02119,43.68904],[26.02558,43.68879],[26.02647,43.68948],[26.02399,43.69062],[26.02557,43.69384],[26.02399,43.69323],[26.02171,43.69116],[26.01973,43.69039],[26.01779,43.68791],[26.01331,43.68694],[26.01178,43.68704],[26.0112,43.68729],[26.01277,43.68885],[26.0124,43.6894],[26.00866,43.68801],[26.00569,43.68843],[26.00411,43.68978],[26.00515,43.6915],[26.00343,43.69273],[26.00332,43.69464],[26.00157,43.69663],[25.99816,43.69862],[25.99757,43.69948],[25.99778,43.70001],[25.99941,43.70077],[25.99657,43.70303],[25.99302,43.70477],[25.99267,43.7068],[25.99191,43.70752],[25.99503,43.70979],[25.99826,43.71373],[26.00361,43.71756],[26.00341,43.71821],[26.004,43.71828],[26.00413,43.72033],[26.00529,43.72081],[26.00382,43.72475],[26.00175,43.7253],[26.00141,43.72596],[26.01035,43.72635],[26.0099,43.72532],[26.01016,43.72471],[26.01459,43.72351],[26.01333,43.72314],[26.01393,43.72257],[26.01285,43.7221],[26.01281,43.72148],[26.01131,43.72153],[26.01016,43.71968],[26.00877,43.7186],[26.00885,43.71733],[26.00975,43.71668],[26.00738,43.71236],[26.00788,43.71143],[26.01221,43.70839],[26.01201,43.70772],[26.01005,43.70612],[26.01073,43.70452],[26.01003,43.70243],[26.01021,43.70132],[26.01165,43.70152],[26.01476,43.70359],[26.01421,43.70416],[26.01277,43.70441],[26.0134,43.70652],[26.01569,43.70681],[26.01587,43.7088],[26.01272,43.70994],[26.01052,43.71174],[26.01156,43.71255],[26.01543,43.71117],[26.01595,43.71164],[26.01617,43.71285],[26.01365,43.71425],[26.01314,43.71722],[26.01385,43.71868],[26.01609,43.71923],[26.02089,43.71714],[26.02326,43.71529],[26.0257,43.71515],[26.02634,43.71289],[26.02615,43.70652],[26.02664,43.70413],[26.03462,43.69712],[26.03629,43.69398],[26.03677,43.68883],[26.0376,43.68713],[26.03966,43.68505],[26.05125,43.68276],[26.04948,43.68435],[26.05118,43.68652],[26.0504,43.68723],[26.05301,43.68793],[26.05434,43.68941],[26.05506,43.68958],[26.05652,43.68722],[26.05523,43.68641],[26.0578,43.68539],[26.05892,43.68439],[26.06017,43.68439],[26.05791,43.69084],[26.05498,43.69513],[26.05339,43.69438],[26.05263,43.69581],[26.05158,43.69637],[26.04759,43.69559],[26.04875,43.69252],[26.04143,43.68795],[26.04158,43.68722],[26.04009,43.6871],[26.03927,43.68769],[26.03934,43.69081],[26.04045,43.69279],[26.04046,43.69515],[26.04142,43.69559],[26.04254,43.69702],[26.04054,43.69764],[26.03958,43.69889],[26.03814,43.6991],[26.03803,43.70128],[26.03992,43.70262],[26.0395,43.70438],[26.0382,43.70465],[26.0378,43.70572],[26.03483,43.70607],[26.03418,43.70823],[26.03306,43.70919],[26.03597,43.71047],[26.03886,43.70993],[26.04023,43.71051],[26.03668,43.7129],[26.0344,43.7131],[26.03348,43.71498],[26.03148,43.71636],[26.03185,43.717],[26.03347,43.71747],[26.03304,43.71859],[26.03269,43.71891],[26.03043,43.71871],[26.0297,43.71992],[26.0308,43.72036],[26.03042,43.72121],[26.03216,43.72167],[26.0437,43.72115],[26.04398,43.72249],[26.03647,43.7232],[26.03644,43.72434],[26.03743,43.7256],[26.03718,43.72605],[26.03605,43.72641],[26.03391,43.72592],[26.03382,43.72693],[26.03123,43.72693],[26.02979,43.72803],[26.03104,43.72852],[26.02891,43.73404],[26.02258,43.73336],[26.02165,43.73499],[26.02562,43.73606],[26.02557,43.7364],[26.01846,43.73998],[26.01786,43.74077],[26.01415,43.73976],[26.01407,43.74068],[26.01481,43.74106],[26.01947,43.74242],[26.01957,43.74273],[26.01844,43.74309],[26.01705,43.74258],[26.01521,43.74286],[26.01247,43.74119],[26.01163,43.73836],[26.01297,43.73834],[26.016,43.73553],[26.01987,43.7341],[26.02241,43.73037],[26.02783,43.72652],[26.02953,43.72635],[26.02975,43.72544],[26.01711,43.72112],[26.01581,43.72116],[26.01576,43.72167],[26.01306,43.72148],[26.0136,43.72208],[26.01678,43.72258],[26.01765,43.72428],[26.01647,43.7253],[26.01556,43.72494],[26.01601,43.72621],[26.01434,43.72537],[26.0133,43.72571],[26.01394,43.72623],[26.01316,43.7268],[26.01258,43.72633],[26.01361,43.72743],[26.01306,43.72803],[26.01325,43.72844],[26.012,43.72799],[26.00983,43.72911],[26.00996,43.7299],[26.01098,43.73071],[26.00981,43.73277],[26.01051,43.73322],[26.0068,43.73093],[26.00867,43.73101],[26.0085,43.72951],[26.00909,43.7295],[26.00896,43.72877],[26.00421,43.72831],[26.00369,43.72889],[26.00002,43.72803],[25.99778,43.72868],[25.99813,43.73165],[25.99966,43.73345],[26.00029,43.73553],[26.00775,43.73619],[26.0082,43.73831],[26.01043,43.73873],[26.01044,43.73938],[26.00679,43.73951],[26.00726,43.743],[26.0066,43.74342],[26.0056,43.74313],[26.00509,43.74195],[26.00423,43.74167],[26.00549,43.74059],[26.00552,43.73969],[26.00467,43.73958],[26.0048,43.73911],[26.00027,43.73872],[25.99951,43.73826],[25.99962,43.73871],[25.99675,43.74051],[25.99558,43.74304],[25.99537,43.74087],[25.99579,43.73883],[25.99463,43.74344],[25.99306,43.74276],[25.99403,43.74383],[25.99218,43.74267],[25.99031,43.74578],[25.98955,43.74596],[25.98856,43.74521],[25.98794,43.7436],[25.98801,43.74219],[25.98886,43.74168],[25.98803,43.74135],[25.98803,43.73889],[25.98407,43.73832],[25.98254,43.73891],[25.9817,43.73864],[25.98325,43.73572],[25.98255,43.7343],[25.98116,43.73347],[25.97858,43.73286],[25.97528,43.7342],[25.97875,43.73467],[25.97484,43.73586],[25.97468,43.73649],[25.97537,43.73732],[25.97753,43.73817],[25.98015,43.73822],[25.97997,43.73887],[25.97386,43.73935],[25.97274,43.74026],[25.97399,43.74469],[25.9764,43.74438],[25.97778,43.74338],[25.98295,43.74332],[25.98388,43.74446],[25.9798,43.74426],[25.97937,43.74597],[25.98069,43.7461],[25.9813,43.74725],[25.98078,43.74755],[25.98216,43.74858],[25.9824,43.75138],[25.98436,43.75465],[25.98093,43.75374],[25.98018,43.75522],[25.98078,43.75532],[25.98034,43.75649],[25.97856,43.75598],[25.97798,43.75876],[25.97754,43.75866],[25.97627,43.76146],[25.97359,43.76086],[25.97287,43.76255],[25.97164,43.76228],[25.97129,43.76311],[25.97053,43.76294],[25.97053,43.76347],[25.96854,43.7633],[25.96818,43.76475],[25.96766,43.76512],[25.96754,43.76302],[25.96643,43.76198],[25.96305,43.76074],[25.96083,43.76097],[25.96097,43.7613],[25.95915,43.76281],[25.95979,43.7629],[25.95978,43.76493],[25.9614,43.76549],[25.96115,43.76586],[25.96208,43.7665],[25.95997,43.76786],[25.95899,43.7678],[25.9564,43.76878],[25.9574,43.76834],[25.95645,43.76687],[25.9522,43.76504],[25.95138,43.76649],[25.9493,43.7677],[25.94875,43.77199],[25.94556,43.77051],[25.94494,43.7724],[25.94584,43.77266],[25.94561,43.77308],[25.94616,43.77369],[25.94351,43.77401],[25.94171,43.77356],[25.94226,43.77559],[25.94116,43.77571],[25.93994,43.77734],[25.94118,43.77788],[25.93767,43.78196],[25.93687,43.78153],[25.93744,43.78214],[25.9357,43.78263],[25.93525,43.78337],[25.93377,43.78295],[25.93056,43.78496],[25.9304,43.78582],[25.93095,43.78595],[25.93005,43.78703],[25.93142,43.79142],[25.93196,43.79195],[25.93137,43.79239],[25.93203,43.79285],[25.93171,43.79311],[25.93306,43.79371],[25.93443,43.79352],[25.93678,43.79656],[25.93899,43.79574],[25.93703,43.79769],[25.93746,43.79972],[25.93694,43.80142],[25.93491,43.80305],[25.93252,43.80283],[25.92851,43.80073],[25.92565,43.80134],[25.92692,43.80114],[25.92742,43.8022],[25.92699,43.80282],[25.92708,43.80395],[25.9296,43.80623],[25.936,43.80773],[25.94043,43.80651],[25.94187,43.80718],[25.9428,43.80836],[25.94331,43.81024]]],[[[26.21066,43.57483],[26.20942,43.57563],[26.20763,43.57593],[26.20323,43.57431],[26.20202,43.57432],[26.1999,43.57532],[26.19727,43.57525],[26.19893,43.57321],[26.20123,43.5732],[26.202,43.57272],[26.20193,43.57015],[26.20325,43.56873],[26.20271,43.56565],[26.2031,43.56591],[26.2037,43.56544],[26.20815,43.56674],[26.21028,43.56427],[26.21009,43.56243],[26.21594,43.55625],[26.21743,43.55683],[26.21846,43.55575],[26.21823,43.55491],[26.21757,43.55459],[26.22061,43.55168],[26.21833,43.54931],[26.21881,43.54836],[26.22488,43.54675],[26.22511,43.54633],[26.2244,43.54578],[26.22512,43.54513],[26.23038,43.54458],[26.23174,43.54347],[26.23365,43.5446],[26.23616,43.54374],[26.23846,43.54109],[26.24052,43.54016],[26.23907,43.53782],[26.23948,43.53684],[26.24369,43.53554],[26.24499,43.53379],[26.24455,43.53198],[26.25007,43.52963],[26.25207,43.52777],[26.25293,43.52766],[26.25908,43.53179],[26.25907,43.53273],[26.25661,43.53487],[26.25581,43.53478],[26.25481,43.53369],[26.25351,43.53387],[26.25151,43.53642],[26.24896,43.53705],[26.25023,43.53856],[26.24857,43.53934],[26.24845,43.54005],[26.24619,43.54154],[26.24347,43.5423],[26.24585,43.54362],[26.24719,43.5453],[26.24683,43.54564],[26.24211,43.54413],[26.24099,43.54448],[26.23779,43.54796],[26.23734,43.549],[26.23438,43.55016],[26.2337,43.54991],[26.22923,43.552],[26.2282,43.55433],[26.22637,43.55567],[26.22308,43.55947],[26.21976,43.56253],[26.2143,43.56653],[26.21272,43.56856],[26.21378,43.56927],[26.21215,43.57008],[26.21123,43.56958],[26.21112,43.5685],[26.20888,43.56854],[26.20725,43.571],[26.2085,43.57259],[26.21123,43.57267],[26.21192,43.57325],[26.21158,43.57433],[26.21066,43.57483]]],[[[26.06739,43.54514],[26.0669,43.54715],[26.05971,43.55233],[26.05861,43.55247],[26.05672,43.55131],[26.06074,43.54827],[26.06005,43.54769],[26.05651,43.54731],[26.05591,43.54504],[26.05894,43.54394],[26.05995,43.54468],[26.06104,43.5448],[26.06159,43.54451],[26.06123,43.54245],[26.0652,43.54219],[26.06846,43.53892],[26.07317,43.53675],[26.07264,43.53482],[26.0738,43.53336],[26.07155,43.53243],[26.06977,43.53417],[26.06873,43.53372],[26.06843,43.5319],[26.06799,43.5316],[26.06386,43.53239],[26.06327,43.53214],[26.06269,43.53046],[26.06344,43.52969],[26.06839,43.52984],[26.06874,43.5295],[26.06806,43.528],[26.0661,43.52791],[26.06498,43.5266],[26.0698,43.52553],[26.07282,43.52398],[26.076,43.52602],[26.08039,43.52682],[26.07764,43.52769],[26.07614,43.52996],[26.07865,43.53083],[26.07793,43.5335],[26.07889,43.53422],[26.0816,43.53424],[26.08243,43.53491],[26.08116,43.53632],[26.07994,43.53675],[26.07991,43.53725],[26.08126,43.53807],[26.08108,43.53936],[26.07767,43.54015],[26.07923,43.54179],[26.0774,43.54356],[26.07686,43.55126],[26.07596,43.55071],[26.07393,43.54777],[26.07231,43.54385],[26.07103,43.54239],[26.0672,43.54397],[26.06739,43.54514]]],[[[26.16895,43.68046],[26.16966,43.68175],[26.16833,43.68259],[26.16924,43.68425],[26.16847,43.6854],[26.1669,43.68432],[26.16657,43.68259],[26.16497,43.67944],[26.16408,43.67901],[26.16247,43.67633],[26.16101,43.67519],[26.16204,43.67361],[26.16344,43.67334],[26.16408,43.6747],[26.16607,43.67431],[26.16549,43.67184],[26.16572,43.67136],[26.16741,43.67084],[26.16905,43.67076],[26.17142,43.6725],[26.17079,43.67392],[26.17392,43.67672],[26.17631,43.6763],[26.18206,43.67751],[26.18408,43.67581],[26.18441,43.67701],[26.18541,43.677],[26.18585,43.67879],[26.17714,43.68044],[26.1735,43.67958],[26.17022,43.67947],[26.16895,43.68046]]],[[[26.15017,43.54062],[26.14823,43.54062],[26.14802,43.54005],[26.15017,43.54062]]],[[[26.22531,43.66546],[26.2258,43.66567],[26.22546,43.66583],[26.22531,43.66546]]],[[[26.27617,43.69261],[26.27616,43.69271],[26.27609,43.69266],[26.27617,43.69261]]]]},"properties":{"SiteCode":"BG0000608","SiteNameBG":"Ломовете","SiteType":"SCI","SiteArea":32511.032709200001,"naturaClass":"habitats"}},{"type":"Feature","geometry":{"type":"Polygon","coordinates":[[[24.72933,43.1297],[24.72749,43.13066],[24.72491,43.13112],[24.72139,43.13067],[24.71843,43.12942],[24.71862,43.12975],[24.71355,43.13028],[24.7121,43.12721],[24.71289,43.12533],[24.71404,43.1246],[24.71634,43.12438],[24.7243,43.12746],[24.72293,43.12526],[24.71889,43.12447],[24.71631,43.12329],[24.71567,43.12225],[24.716,43.12083],[24.7218,43.11761],[24.72427,43.11357],[24.73089,43.10816],[24.73279,43.10473],[24.73448,43.1029],[24.74238,43.09965],[24.73952,43.09404],[24.73952,43.0918],[24.74027,43.09045],[24.7424,43.08964],[24.74659,43.08991],[24.74566,43.08828],[24.74283,43.0863],[24.7363,43.08448],[24.7312,43.08203],[24.72874,43.07984],[24.7272,43.07761],[24.72701,43.07329],[24.7282,43.07089],[24.73043,43.06892],[24.73474,43.06735],[24.73165,43.06334],[24.73093,43.05785],[24.73022,43.05695],[24.72926,43.05599],[24.72195,43.05215],[24.71976,43.05024],[24.71889,43.04881],[24.7186,43.04621],[24.72068,43.0411],[24.72109,43.03867],[24.71911,43.03248],[24.71553,43.02834],[24.71461,43.02836],[24.7143,43.02785],[24.71289,43.02985],[24.71111,43.02959],[24.71022,43.03094],[24.708,43.03134],[24.70726,43.03219],[24.70726,43.03298],[24.70659,43.03253],[24.70676,43.03201],[24.7062,43.03199],[24.70348,43.03363],[24.703,43.03309],[24.70202,43.03321],[24.69917,43.03445],[24.69881,43.0342],[24.7006,43.03356],[24.70025,43.03281],[24.69514,43.03397],[24.69535,43.0344],[24.69397,43.03434],[24.69356,43.03487],[24.69303,43.03412],[24.69223,43.03456],[24.69212,43.03383],[24.69197,43.0344],[24.6909,43.03457],[24.69087,43.03513],[24.68967,43.03475],[24.68976,43.03534],[24.68806,43.03401],[24.68631,43.03431],[24.688,43.03546],[24.68769,43.03592],[24.68686,43.03509],[24.68506,43.0345],[24.68569,43.03431],[24.68307,43.03442],[24.68196,43.03492],[24.67981,43.03439],[24.68057,43.03568],[24.68354,43.03758],[24.68608,43.03997],[24.68657,43.04256],[24.68466,43.04322],[24.68334,43.04255],[24.68301,43.04342],[24.68047,43.04247],[24.67895,43.0433],[24.67642,43.04246],[24.67439,43.04322],[24.67143,43.04296],[24.66992,43.04391],[24.6698,43.04535],[24.66941,43.04547],[24.66806,43.04488],[24.66712,43.04383],[24.66372,43.04338],[24.66282,43.04357],[24.66218,43.04447],[24.66083,43.04382],[24.66068,43.04446],[24.65856,43.04446],[24.65753,43.04392],[24.656,43.04412],[24.6528,43.04566],[24.65107,43.04573],[24.65137,43.046],[24.65083,43.04618],[24.64991,43.04558],[24.64875,43.04571],[24.64864,43.04477],[24.64662,43.04371],[24.64565,43.04235],[24.63945,43.04327],[24.63659,43.04277],[24.63469,43.04351],[24.62432,43.04456],[24.62318,43.04583],[24.61526,43.04561],[24.60945,43.0462],[24.59641,43.04243],[24.5933,43.04199],[24.59224,43.04105],[24.59211,43.04136],[24.58968,43.04112],[24.58956,43.0417],[24.5877,43.04152],[24.58799,43.04128],[24.58758,43.0405],[24.58648,43.04024],[24.5858,43.04095],[24.58483,43.04093],[24.58502,43.04043],[24.5845,43.0406],[24.58434,43.04023],[24.5842,43.041],[24.55674,43.04465],[24.55262,43.04401],[24.54554,43.04406],[24.54446,43.04298],[24.53622,43.04051],[24.5389,43.03713],[24.53896,43.03508],[24.53699,43.03532],[24.5364,43.03403],[24.53165,43.03253],[24.52934,43.03344],[24.52717,43.03281],[24.52564,43.03145],[24.52853,43.02762],[24.52768,43.0276],[24.52517,43.02899],[24.52279,43.02744],[24.52181,43.02775],[24.52119,43.02743],[24.52013,43.02456],[24.51841,43.02397],[24.51798,43.02159],[24.51612,43.0215],[24.5156,43.02078],[24.51173,43.02128],[24.50297,43.02141],[24.50107,43.02076],[24.49961,43.02136],[24.49816,43.02025],[24.49688,43.02044],[24.49558,43.01939],[24.49212,43.02163],[24.48665,43.0219],[24.48554,43.02274],[24.47922,43.02254],[24.47835,43.02327],[24.47562,43.02339],[24.47118,43.02287],[24.47069,43.02264],[24.47125,43.02219],[24.46954,43.02165],[24.4701,43.0212],[24.47027,43.01996],[24.47119,43.0196],[24.47184,43.01832],[24.46912,43.01498],[24.47026,43.0139],[24.47059,43.01228],[24.46793,43.0119],[24.46702,43.01255],[24.46389,43.01283],[24.46375,43.01209],[24.46217,43.01169],[24.46273,43.0113],[24.46263,43.01083],[24.46182,43.01025],[24.46276,43.00956],[24.46325,43.00947],[24.46404,43.01073],[24.4644,43.01016],[24.46335,43.00637],[24.46603,43.00536],[24.46897,43.0058],[24.46892,43.00686],[24.47001,43.00735],[24.47067,43.00625],[24.47216,43.00653],[24.47243,43.00797],[24.47397,43.00826],[24.47362,43.00905],[24.47391,43.00949],[24.47546,43.00992],[24.47544,43.00912],[24.47708,43.00896],[24.47658,43.00805],[24.47536,43.00774],[24.47656,43.00684],[24.47557,43.0062],[24.47629,43.00595],[24.47825,43.00667],[24.47899,43.00581],[24.48038,43.00703],[24.48013,43.0062],[24.48113,43.00632],[24.48189,43.00778],[24.48269,43.00804],[24.48367,43.00681],[24.48329,43.00578],[24.48355,43.00463],[24.484,43.00486],[24.48429,43.00719],[24.48599,43.00803],[24.48593,43.00528],[24.48638,43.00504],[24.48667,43.00607],[24.4872,43.0063],[24.48828,43.00552],[24.48863,43.00505],[24.48808,43.00343],[24.48982,43.004],[24.49043,43.00609],[24.49216,43.0054],[24.49389,43.00695],[24.49567,43.00634],[24.49466,43.00495],[24.4952,43.00396],[24.49666,43.0063],[24.49748,43.00604],[24.49614,43.00414],[24.49653,43.00402],[24.49775,43.00547],[24.49812,43.00485],[24.49894,43.00514],[24.49878,43.00441],[24.5032,43.00425],[24.50711,43.00326],[24.50809,43.00414],[24.5111,43.00373],[24.51233,43.0022],[24.51439,43.00171],[24.52253,43.00076],[24.52549,43.00147],[24.52769,42.99948],[24.53111,42.99961],[24.54143,42.99694],[24.54525,42.99804],[24.55467,42.99832],[24.56151,42.99634],[24.5635,42.99649],[24.56373,42.99842],[24.56099,42.99843],[24.56257,42.99945],[24.56089,42.99998],[24.56249,43.00098],[24.56808,42.99959],[24.5678,43.00041],[24.57081,43.00003],[24.57154,43.00086],[24.57499,42.99975],[24.57863,43.00023],[24.57896,42.99873],[24.58,42.9977],[24.58146,42.99761],[24.58278,42.99816],[24.58638,42.99849],[24.58828,42.99953],[24.5939,42.99806],[24.59744,42.99885],[24.60013,42.99795],[24.6042,42.99743],[24.60741,42.99903],[24.61203,42.99896],[24.61589,42.99825],[24.62156,42.99897],[24.62458,43.00028],[24.62617,42.99991],[24.62712,42.99917],[24.62754,42.99793],[24.62868,42.99771],[24.63285,42.99505],[24.63304,42.99557],[24.63649,42.99419],[24.6397,42.99452],[24.64228,42.99396],[24.6446,42.99412],[24.64498,42.99497],[24.64664,42.99483],[24.65539,42.99252],[24.65952,42.99428],[24.66334,42.99374],[24.66674,42.99523],[24.6677,42.99372],[24.66944,42.99345],[24.67999,42.99818],[24.6798,43.00025],[24.68115,43.00085],[24.68273,43.00396],[24.68515,43.00352],[24.6883,43.00615],[24.68882,43.01018],[24.68769,43.0126],[24.68876,43.01373],[24.69216,43.0133],[24.69227,43.01299],[24.6913,43.01273],[24.69108,43.01317],[24.69063,43.01301],[24.69215,43.01204],[24.69218,43.01141],[24.69682,43.01097],[24.69886,43.0101],[24.70016,43.0104],[24.70025,43.00958],[24.70357,43.00917],[24.6992,43.00473],[24.69638,43.0003],[24.69571,42.99812],[24.69385,42.9962],[24.67639,42.99409],[24.67401,42.993],[24.67234,42.99099],[24.67205,42.98996],[24.6727,42.988],[24.6741,42.98598],[24.68081,42.98064],[24.68256,42.98015],[24.68448,42.98089],[24.68479,42.98257],[24.67813,42.98805],[24.67712,42.98986],[24.67761,42.99048],[24.69547,42.99273],[24.69667,42.99321],[24.70212,42.99241],[24.71205,42.99342],[24.71485,42.99202],[24.71601,42.99233],[24.71685,42.99196],[24.71759,42.9904],[24.7195,42.98894],[24.72055,42.98654],[24.72237,42.9846],[24.7226,42.98206],[24.72316,42.98183],[24.72551,42.98265],[24.72655,42.98447],[24.7288,42.98542],[24.73026,42.98518],[24.73668,42.98689],[24.74421,42.98662],[24.74386,42.98705],[24.74422,42.98729],[24.74359,42.98752],[24.74746,42.98787],[24.75258,42.98909],[24.75928,42.98897],[24.76495,42.99169],[24.76953,42.99318],[24.77264,42.99295],[24.77224,42.99453],[24.77533,42.99359],[24.77766,42.99371],[24.77994,42.99562],[24.78178,42.99436],[24.78209,42.99367],[24.78366,42.99353],[24.78504,42.99248],[24.78186,42.99311],[24.78163,42.99275],[24.78307,42.99192],[24.78008,42.99018],[24.77995,42.98958],[24.78253,42.99025],[24.78475,42.98978],[24.78785,42.99056],[24.79063,42.99054],[24.79619,42.99182],[24.79642,42.99143],[24.80289,42.99437],[24.80355,42.99511],[24.80502,42.99487],[24.80904,42.99564],[24.81143,42.99747],[24.81277,42.9978],[24.81255,42.99804],[24.81561,42.99828],[24.8162,42.99886],[24.82103,42.99905],[24.82373,43.00246],[24.82591,43.00175],[24.82652,43.00095],[24.82695,43.00244],[24.82795,43.00305],[24.82549,43.00339],[24.82466,43.0045],[24.82618,43.00536],[24.82404,43.00562],[24.82339,43.00618],[24.82583,43.00696],[24.82695,43.00678],[24.82652,43.00735],[24.82748,43.00776],[24.8294,43.00977],[24.82857,43.01037],[24.83055,43.01159],[24.8314,43.01367],[24.82975,43.01602],[24.82568,43.01785],[24.82589,43.01833],[24.82371,43.01871],[24.82321,43.01963],[24.82343,43.0202],[24.82549,43.02023],[24.82532,43.01992],[24.82667,43.0198],[24.82635,43.01924],[24.82696,43.01895],[24.82864,43.02131],[24.82969,43.0218],[24.8341,43.02064],[24.83669,43.01826],[24.837,43.01771],[24.83518,43.01851],[24.83072,43.01904],[24.83444,43.01821],[24.83416,43.01789],[24.83483,43.01756],[24.83476,43.01814],[24.8357,43.01789],[24.8374,43.0156],[24.837,43.01476],[24.83805,43.01476],[24.83699,43.01459],[24.83675,43.01409],[24.83768,43.01424],[24.83833,43.01372],[24.83876,43.01316],[24.83846,43.01281],[24.83911,43.01264],[24.83893,43.01224],[24.83977,43.01115],[24.83923,43.00993],[24.84027,43.01005],[24.84041,43.0097],[24.84288,43.01001],[24.84213,43.01171],[24.83908,43.01462],[24.83963,43.01473],[24.84089,43.01338],[24.83973,43.01591],[24.84343,43.01674],[24.843,43.01757],[24.84365,43.01637],[24.84403,43.01694],[24.84375,43.01654],[24.84551,43.01579],[24.84539,43.01362],[24.84909,43.01091],[24.84983,43.01117],[24.84947,43.01074],[24.84981,43.01061],[24.85029,43.01131],[24.85168,43.01077],[24.85136,43.00967],[24.85384,43.0095],[24.85456,43.00972],[24.85459,43.0102],[24.85825,43.01039],[24.85827,43.00973],[24.85886,43.00981],[24.85844,43.00935],[24.85867,43.00786],[24.85899,43.00851],[24.86451,43.00746],[24.86853,43.00772],[24.86982,43.00581],[24.87022,43.00731],[24.87103,43.00813],[24.8728,43.00698],[24.87499,43.00638],[24.87657,43.00628],[24.87663,43.0068],[24.87882,43.00707],[24.8792,43.00755],[24.87623,43.01005],[24.87643,43.01117],[24.87782,43.01226],[24.87872,43.01132],[24.88422,43.01146],[24.88661,43.01079],[24.88751,43.01003],[24.88691,43.00962],[24.88483,43.01004],[24.88194,43.00869],[24.88136,43.00806],[24.88133,43.00685],[24.88275,43.00608],[24.88238,43.00582],[24.88488,43.00592],[24.8854,43.0055],[24.88821,43.00623],[24.88972,43.00589],[24.89142,43.00645],[24.89221,43.00738],[24.8927,43.00634],[24.89224,43.00572],[24.89378,43.00508],[24.89439,43.00577],[24.89689,43.00587],[24.89599,43.00544],[24.89731,43.00543],[24.89804,43.00638],[24.89744,43.00312],[24.89808,43.002],[24.89846,43.00248],[24.89793,43.00317],[24.89834,43.00527],[24.89898,43.00626],[24.89872,43.0066],[24.89931,43.00686],[24.9017,43.00593],[24.90191,43.00629],[24.90215,43.00554],[24.90726,43.00531],[24.90768,43.0083],[24.90886,43.00811],[24.90882,43.0094],[24.90984,43.01057],[24.90897,43.01092],[24.90961,43.01161],[24.90943,43.012],[24.91004,43.01143],[24.91007,43.01209],[24.9105,43.01218],[24.91059,43.0112],[24.91275,43.01099],[24.91146,43.00963],[24.90957,43.00981],[24.90906,43.00903],[24.90948,43.00779],[24.91068,43.00713],[24.91236,43.00816],[24.91353,43.00652],[24.9149,43.00678],[24.91466,43.00847],[24.9169,43.01112],[24.91682,43.01399],[24.91605,43.01394],[24.91588,43.01443],[24.91393,43.01381],[24.91336,43.01411],[24.91402,43.01436],[24.91185,43.01587],[24.91202,43.01676],[24.91031,43.01811],[24.91039,43.01917],[24.91135,43.0202],[24.91017,43.02107],[24.91008,43.0215],[24.91077,43.02154],[24.91063,43.02219],[24.90999,43.02299],[24.90952,43.0229],[24.90922,43.02378],[24.91006,43.02379],[24.91027,43.02305],[24.91071,43.02323],[24.90995,43.02584],[24.91224,43.02765],[24.91187,43.02817],[24.91358,43.02835],[24.91318,43.02852],[24.91406,43.03087],[24.91455,43.03113],[24.91328,43.03109],[24.91324,43.03171],[24.91452,43.03169],[24.91477,43.03115],[24.91496,43.03169],[24.91407,43.03226],[24.91176,43.032],[24.91016,43.03294],[24.90869,43.03238],[24.907,43.03366],[24.90538,43.03348],[24.90422,43.03456],[24.90301,43.03444],[24.9025,43.03504],[24.90148,43.03452],[24.89934,43.03521],[24.89898,43.03473],[24.89565,43.03575],[24.89297,43.03575],[24.89273,43.03514],[24.88987,43.03589],[24.88726,43.03535],[24.88693,43.03586],[24.88541,43.03543],[24.88478,43.03445],[24.8827,43.03447],[24.88253,43.03374],[24.88134,43.03382],[24.88155,43.03299],[24.88007,43.03287],[24.87887,43.03174],[24.87592,43.03083],[24.87316,43.03131],[24.87091,43.03008],[24.8657,43.03036],[24.86553,43.02962],[24.86155,43.02883],[24.86036,43.02913],[24.86149,43.03038],[24.85973,43.02933],[24.85793,43.03071],[24.85526,43.03127],[24.85389,43.03236],[24.85,43.03318],[24.85396,43.03217],[24.855,43.0313],[24.85474,43.03073],[24.85683,43.03039],[24.85891,43.0293],[24.85431,43.02831],[24.85205,43.02731],[24.85132,43.02686],[24.8511,43.02553],[24.84882,43.02544],[24.84897,43.02419],[24.84854,43.02409],[24.84815,43.02468],[24.84678,43.02407],[24.84635,43.02472],[24.84509,43.02347],[24.8455,43.02333],[24.84376,43.02257],[24.84075,43.02352],[24.84149,43.02241],[24.84363,43.02163],[24.84021,43.01977],[24.83879,43.01973],[24.83938,43.02007],[24.83834,43.02002],[24.8385,43.02042],[24.83689,43.02002],[24.83624,43.0207],[24.83594,43.02208],[24.83743,43.02331],[24.8355,43.02205],[24.83414,43.02207],[24.83422,43.02377],[24.83367,43.02222],[24.8319,43.02221],[24.83294,43.02511],[24.83467,43.02616],[24.83381,43.02607],[24.83357,43.02665],[24.83326,43.02565],[24.8329,43.02566],[24.83247,43.02667],[24.83273,43.02553],[24.83233,43.02541],[24.83203,43.02598],[24.83177,43.02531],[24.83236,43.02506],[24.83211,43.02407],[24.83103,43.02393],[24.83145,43.02239],[24.82913,43.02261],[24.82715,43.02131],[24.8262,43.02204],[24.82595,43.02332],[24.82695,43.02354],[24.8279,43.02447],[24.82548,43.02402],[24.82547,43.02441],[24.8221,43.02628],[24.82317,43.02537],[24.82277,43.02519],[24.82322,43.02472],[24.82311,43.02375],[24.82146,43.02434],[24.81967,43.02397],[24.81914,43.0237],[24.81924,43.02271],[24.81588,43.02165],[24.81651,43.02125],[24.81789,43.02145],[24.81789,43.02043],[24.8166,43.0185],[24.81666,43.01733],[24.81527,43.01742],[24.81329,43.01872],[24.81131,43.01907],[24.8103,43.02026],[24.8014,43.02008],[24.80065,43.02058],[24.80123,43.02076],[24.80061,43.0206],[24.80046,43.02096],[24.80181,43.02416],[24.80181,43.02509],[24.80089,43.02663],[24.80178,43.02775],[24.80175,43.02939],[24.80375,43.02999],[24.80604,43.02945],[24.80819,43.02961],[24.81199,43.0285],[24.81391,43.02904],[24.81358,43.02734],[24.81496,43.02688],[24.81598,43.02935],[24.81734,43.02972],[24.81292,43.0314],[24.81269,43.03238],[24.81503,43.03518],[24.81872,43.03645],[24.82075,43.03813],[24.82233,43.04181],[24.81935,43.04435],[24.81716,43.04525],[24.81627,43.0451],[24.81646,43.04544],[24.8155,43.04586],[24.81431,43.04546],[24.81488,43.04632],[24.81347,43.04985],[24.81191,43.05052],[24.80263,43.05048],[24.79638,43.05187],[24.79286,43.05085],[24.79174,43.0497],[24.79321,43.04933],[24.79326,43.04891],[24.79091,43.04783],[24.78529,43.04722],[24.77754,43.04727],[24.77769,43.04668],[24.77895,43.04678],[24.7797,43.04614],[24.77441,43.04534],[24.77508,43.04345],[24.77603,43.04289],[24.77438,43.04258],[24.77477,43.04104],[24.77425,43.04134],[24.77328,43.04087],[24.77392,43.03975],[24.77339,43.03976],[24.77218,43.04103],[24.77185,43.04042],[24.77114,43.04052],[24.77129,43.04018],[24.76993,43.0405],[24.7705,43.03986],[24.76974,43.0399],[24.76767,43.04125],[24.76809,43.04032],[24.76862,43.04039],[24.76747,43.03979],[24.76792,43.03873],[24.76333,43.03878],[24.76085,43.03972],[24.76053,43.04032],[24.76107,43.04029],[24.76086,43.04081],[24.7598,43.04206],[24.75936,43.04077],[24.75913,43.04134],[24.7586,43.04107],[24.75975,43.0421],[24.75899,43.0427],[24.75927,43.04288],[24.75816,43.04294],[24.75691,43.04234],[24.75677,43.04172],[24.75502,43.04175],[24.75557,43.0414],[24.75512,43.04123],[24.75525,43.04072],[24.75459,43.04122],[24.7539,43.04107],[24.75099,43.03937],[24.7492,43.03919],[24.74874,43.0398],[24.74898,43.03895],[24.74804,43.04056],[24.74893,43.03736],[24.74582,43.03697],[24.74647,43.03655],[24.74621,43.03634],[24.74036,43.03854],[24.74009,43.03816],[24.74087,43.03765],[24.74,43.03785],[24.7402,43.0373],[24.73967,43.03662],[24.74018,43.03646],[24.7396,43.03578],[24.73763,43.03633],[24.73746,43.03488],[24.73377,43.03536],[24.73379,43.03487],[24.73331,43.03481],[24.73495,43.03404],[24.73268,43.03348],[24.73247,43.03271],[24.72974,43.03329],[24.72972,43.0329],[24.73173,43.03239],[24.73086,43.03196],[24.72955,43.03262],[24.72932,43.03227],[24.72979,43.03173],[24.72904,43.03193],[24.72808,43.0308],[24.72716,43.03074],[24.72649,43.02998],[24.72472,43.02978],[24.7231,43.03023],[24.72387,43.03147],[24.72604,43.03852],[24.72548,43.04198],[24.72383,43.04531],[24.72364,43.04775],[24.72535,43.0495],[24.73255,43.05326],[24.73439,43.055],[24.73573,43.0569],[24.73644,43.06236],[24.73982,43.0669],[24.73971,43.06839],[24.73852,43.06976],[24.73344,43.07185],[24.73254,43.07267],[24.73191,43.07388],[24.73193,43.07647],[24.73452,43.07933],[24.73624,43.08028],[24.74522,43.08313],[24.74796,43.08462],[24.75079,43.08767],[24.75163,43.08984],[24.75122,43.09144],[24.74978,43.09278],[24.74732,43.09359],[24.74454,43.09355],[24.74714,43.09862],[24.7474,43.09982],[24.74695,43.10146],[24.74542,43.10256],[24.73801,43.10551],[24.73493,43.11027],[24.72839,43.11558],[24.72603,43.11951],[24.72325,43.12161],[24.7257,43.1222],[24.72734,43.12352],[24.72984,43.12779],[24.72933,43.1297]],[[24.89044,43.03582],[24.88987,43.03563],[24.88987,43.03587],[24.89044,43.03582]]]},"properties":{"SiteCode":"BG0000616","SiteNameBG":"Микре","SiteType":"SCI","SiteArea":15446.7075515,"naturaClass":"habitats"}},{"type":"Feature","geometry":{"type":"MultiPolygon","coordinates":[[[[25.11553,43.05411],[25.11476,43.05545],[25.11163,43.05479],[25.11159,43.05566],[25.11327,43.05587],[25.10951,43.0563],[25.10626,43.05868],[25.10485,43.06112],[25.10635,43.06132],[25.10877,43.06078],[25.10898,43.06039],[25.10825,43.0604],[25.10843,43.05894],[25.11074,43.05898],[25.11281,43.05724],[25.11394,43.05714],[25.11316,43.05765],[25.1134,43.05792],[25.1159,43.05737],[25.11906,43.05888],[25.12064,43.05704],[25.11918,43.0565],[25.12288,43.05688],[25.12286,43.05638],[25.12785,43.05649],[25.12834,43.05673],[25.12301,43.05791],[25.12443,43.05844],[25.12731,43.05813],[25.12973,43.05854],[25.13014,43.05807],[25.1299,43.05741],[25.13235,43.05805],[25.13408,43.05793],[25.13401,43.05867],[25.13673,43.05897],[25.13689,43.05765],[25.1377,43.05763],[25.13775,43.05714],[25.13712,43.05679],[25.13798,43.05665],[25.13728,43.05567],[25.13613,43.05532],[25.13915,43.05542],[25.13967,43.05593],[25.14035,43.0559],[25.14018,43.05519],[25.1418,43.05538],[25.14331,43.057],[25.14108,43.0587],[25.14019,43.05887],[25.13978,43.05925],[25.1402,43.05952],[25.1395,43.06023],[25.14091,43.05981],[25.14241,43.06023],[25.14301,43.05949],[25.14451,43.06025],[25.1446,43.06108],[25.14522,43.06015],[25.14597,43.06114],[25.14683,43.0611],[25.14716,43.06014],[25.14657,43.06148],[25.14723,43.06162],[25.14622,43.06192],[25.14599,43.06266],[25.147,43.06321],[25.14577,43.06423],[25.14592,43.06589],[25.14515,43.06615],[25.14524,43.06698],[25.14763,43.06791],[25.14914,43.06966],[25.15001,43.07212],[25.15067,43.07255],[25.1492,43.07293],[25.14959,43.07413],[25.15154,43.07395],[25.15182,43.07336],[25.15345,43.0735],[25.15341,43.07216],[25.15163,43.07249],[25.1546,43.07137],[25.15497,43.07234],[25.15465,43.07256],[25.15613,43.07317],[25.15591,43.07425],[25.15542,43.07444],[25.15633,43.07525],[25.15527,43.07547],[25.1557,43.07596],[25.1551,43.07627],[25.1552,43.07828],[25.15828,43.07882],[25.15898,43.08008],[25.16236,43.07783],[25.16285,43.07643],[25.16494,43.07687],[25.16537,43.07632],[25.16524,43.07724],[25.16426,43.07723],[25.16464,43.07768],[25.16425,43.07786],[25.16475,43.07805],[25.16701,43.07652],[25.16457,43.07852],[25.16428,43.07817],[25.16392,43.0799],[25.16444,43.08051],[25.16433,43.08113],[25.16688,43.0815],[25.16704,43.08084],[25.16938,43.08093],[25.16897,43.08059],[25.17037,43.08055],[25.17195,43.07899],[25.17185,43.07833],[25.17332,43.07797],[25.17589,43.07582],[25.17596,43.0762],[25.17736,43.07428],[25.1764,43.07324],[25.17677,43.07305],[25.17758,43.07365],[25.17847,43.07355],[25.17837,43.07309],[25.18019,43.07306],[25.17936,43.07155],[25.18085,43.07059],[25.1806,43.0698],[25.18159,43.06997],[25.18061,43.07144],[25.18051,43.07248],[25.18115,43.07223],[25.18121,43.07121],[25.18195,43.0713],[25.18153,43.07217],[25.18266,43.07233],[25.18219,43.07262],[25.1831,43.07289],[25.1833,43.07251],[25.18456,43.0725],[25.18498,43.07377],[25.18583,43.0743],[25.18429,43.07462],[25.18193,43.07435],[25.17951,43.07529],[25.17958,43.07657],[25.18019,43.07643],[25.18081,43.07702],[25.17998,43.07846],[25.18237,43.07844],[25.18235,43.07876],[25.17892,43.07936],[25.17799,43.08004],[25.17547,43.08061],[25.17627,43.08131],[25.17486,43.08186],[25.17407,43.08151],[25.17373,43.08271],[25.1746,43.08302],[25.17361,43.08402],[25.17212,43.083],[25.17201,43.08334],[25.16823,43.08325],[25.17197,43.08342],[25.17237,43.08363],[25.16922,43.08378],[25.17547,43.08523],[25.1771,43.08623],[25.16919,43.08394],[25.16619,43.08417],[25.16573,43.08491],[25.17037,43.0861],[25.1717,43.08709],[25.17336,43.08753],[25.17314,43.08796],[25.17478,43.0885],[25.17813,43.08906],[25.18243,43.08905],[25.18251,43.09101],[25.18363,43.09139],[25.18305,43.09327],[25.18381,43.09378],[25.18242,43.09461],[25.18238,43.09355],[25.1798,43.09346],[25.18041,43.09076],[25.17742,43.09142],[25.16964,43.09041],[25.16815,43.09061],[25.16783,43.09141],[25.16842,43.09155],[25.16204,43.09159],[25.16245,43.09366],[25.16783,43.09428],[25.16391,43.09541],[25.16401,43.09602],[25.16515,43.09671],[25.16397,43.09698],[25.16325,43.09811],[25.16418,43.0978],[25.16581,43.09822],[25.16666,43.09679],[25.17104,43.09656],[25.17087,43.09571],[25.17128,43.0956],[25.17417,43.09559],[25.17387,43.09604],[25.17538,43.09547],[25.17676,43.0956],[25.17577,43.09571],[25.17639,43.09592],[25.17805,43.09526],[25.17702,43.09595],[25.18169,43.09605],[25.18278,43.09679],[25.18783,43.09691],[25.19408,43.09802],[25.19287,43.09702],[25.19401,43.09734],[25.19387,43.09515],[25.20256,43.09513],[25.20258,43.09408],[25.2046,43.09475],[25.2136,43.09517],[25.21358,43.09599],[25.21421,43.09631],[25.21281,43.09635],[25.21282,43.0967],[25.21423,43.09666],[25.21426,43.09715],[25.21345,43.09735],[25.21442,43.09768],[25.21438,43.09815],[25.21501,43.09813],[25.21452,43.09907],[25.21544,43.09902],[25.2153,43.09844],[25.21599,43.09842],[25.2161,43.09888],[25.21755,43.0984],[25.21767,43.09888],[25.21826,43.09877],[25.21845,43.09784],[25.2211,43.0977],[25.221,43.09719],[25.22197,43.09722],[25.22257,43.09629],[25.22522,43.09817],[25.2263,43.09831],[25.22671,43.09791],[25.22965,43.09835],[25.2298,43.09749],[25.23343,43.09842],[25.23409,43.0982],[25.23422,43.09753],[25.23784,43.09845],[25.23783,43.09746],[25.23912,43.09737],[25.23913,43.09856],[25.24118,43.09851],[25.241,43.09979],[25.24143,43.09972],[25.24037,43.10014],[25.24068,43.09988],[25.24014,43.09958],[25.23945,43.1001],[25.23548,43.09893],[25.23561,43.09955],[25.23472,43.10076],[25.23171,43.10014],[25.23156,43.10084],[25.22821,43.10032],[25.22827,43.10071],[25.22674,43.10083],[25.22666,43.10035],[25.2265,43.10085],[25.22495,43.10097],[25.22515,43.1022],[25.22193,43.10303],[25.22245,43.10362],[25.22632,43.10286],[25.2245,43.10371],[25.22592,43.10355],[25.22699,43.10403],[25.22848,43.10361],[25.22824,43.10304],[25.23645,43.10231],[25.23806,43.10318],[25.24204,43.1038],[25.24102,43.1038],[25.24143,43.10405],[25.24574,43.10432],[25.23854,43.10405],[25.23782,43.10395],[25.23763,43.10329],[25.23561,43.10313],[25.23071,43.1033],[25.22904,43.10443],[25.22874,43.10571],[25.22774,43.10688],[25.22807,43.10851],[25.22707,43.10891],[25.22678,43.10963],[25.22212,43.10841],[25.22158,43.10798],[25.2212,43.10638],[25.21989,43.10659],[25.21869,43.10555],[25.21801,43.10601],[25.21975,43.1122],[25.21918,43.11025],[25.21868,43.11063],[25.21801,43.10924],[25.21803,43.10822],[25.2171,43.10786],[25.21773,43.1063],[25.21635,43.10729],[25.21607,43.10676],[25.21304,43.107],[25.21118,43.10769],[25.20888,43.10693],[25.20676,43.10689],[25.2058,43.10769],[25.20604,43.10805],[25.20668,43.10783],[25.20583,43.10909],[25.20556,43.10856],[25.2036,43.10901],[25.20068,43.10891],[25.19991,43.10988],[25.20036,43.11011],[25.19959,43.11072],[25.2006,43.11087],[25.20038,43.11173],[25.1997,43.11145],[25.19891,43.1122],[25.19808,43.11146],[25.19618,43.11147],[25.19752,43.11267],[25.19658,43.11278],[25.19592,43.11464],[25.19902,43.11528],[25.20527,43.11539],[25.20548,43.11651],[25.20405,43.11649],[25.2035,43.117],[25.20745,43.11709],[25.20776,43.11733],[25.20537,43.11752],[25.21248,43.11824],[25.20155,43.11864],[25.20149,43.11968],[25.19517,43.11935],[25.19516,43.12031],[25.19174,43.12007],[25.19129,43.1209],[25.1896,43.1206],[25.1881,43.12096],[25.18819,43.12049],[25.18612,43.12126],[25.18587,43.1203],[25.18278,43.12128],[25.18199,43.12097],[25.18604,43.11925],[25.17819,43.12212],[25.17463,43.12275],[25.17409,43.1238],[25.17351,43.12313],[25.17311,43.12347],[25.17278,43.12246],[25.17598,43.12161],[25.17886,43.12013],[25.18053,43.11789],[25.18107,43.11606],[25.18308,43.11518],[25.18115,43.11511],[25.17952,43.11414],[25.17837,43.11151],[25.17857,43.10919],[25.17964,43.10801],[25.18,43.1065],[25.18463,43.10529],[25.17919,43.10516],[25.17654,43.10421],[25.1763,43.10469],[25.17449,43.10446],[25.17293,43.10586],[25.17081,43.10552],[25.17113,43.10663],[25.16873,43.10761],[25.16044,43.10916],[25.1563,43.10915],[25.15192,43.10812],[25.14936,43.10608],[25.14709,43.10585],[25.14336,43.10386],[25.14053,43.10327],[25.14007,43.10259],[25.13435,43.10219],[25.13354,43.10111],[25.13381,43.1007],[25.13227,43.0992],[25.12815,43.0962],[25.12464,43.09583],[25.12201,43.09436],[25.12099,43.09283],[25.12095,43.09131],[25.12209,43.09032],[25.12498,43.08951],[25.12854,43.0894],[25.12935,43.08785],[25.13202,43.08627],[25.13231,43.08536],[25.1344,43.08481],[25.13165,43.08471],[25.13218,43.08321],[25.13035,43.0859],[25.12634,43.08576],[25.12357,43.08196],[25.12182,43.0808],[25.12061,43.08069],[25.11966,43.07967],[25.11912,43.08075],[25.11691,43.08225],[25.11359,43.08351],[25.10779,43.08323],[25.10677,43.08136],[25.10659,43.08317],[25.10414,43.08348],[25.10257,43.08402],[25.10223,43.08462],[25.10145,43.0844],[25.10079,43.08519],[25.09905,43.08556],[25.09643,43.08556],[25.09563,43.08499],[25.09,43.08418],[25.09002,43.08463],[25.08856,43.08484],[25.08774,43.08462],[25.08737,43.08391],[25.08717,43.08476],[25.08454,43.08495],[25.08142,43.08585],[25.07707,43.08612],[25.07183,43.08832],[25.06295,43.08868],[25.06008,43.08715],[25.06013,43.0845],[25.06207,43.08381],[25.06245,43.08175],[25.06157,43.07899],[25.05956,43.07667],[25.05932,43.07573],[25.0555,43.07258],[25.05774,43.06985],[25.05943,43.06981],[25.05821,43.06938],[25.05488,43.06449],[25.05687,43.05932],[25.05695,43.05532],[25.05803,43.05406],[25.06061,43.0533],[25.0612,43.05191],[25.06191,43.05147],[25.0616,43.05073],[25.06278,43.0495],[25.06242,43.04889],[25.06318,43.04779],[25.06201,43.04676],[25.06187,43.04775],[25.06137,43.04779],[25.06102,43.04631],[25.06352,43.04629],[25.06694,43.04729],[25.07071,43.04774],[25.0707,43.04732],[25.06584,43.04651],[25.06426,43.04574],[25.0649,43.04461],[25.06381,43.04342],[25.06352,43.04213],[25.06058,43.04132],[25.06435,43.04052],[25.06411,43.03965],[25.06332,43.03933],[25.06473,43.03925],[25.06543,43.04027],[25.06503,43.0407],[25.06578,43.04111],[25.06697,43.04032],[25.06808,43.04015],[25.06805,43.04059],[25.07003,43.03996],[25.07231,43.03985],[25.07325,43.04049],[25.07283,43.03976],[25.07165,43.03926],[25.07439,43.03824],[25.07464,43.03865],[25.07761,43.03825],[25.07818,43.03733],[25.08549,43.03645],[25.08455,43.03731],[25.0854,43.03777],[25.08367,43.04044],[25.08369,43.04136],[25.08992,43.04039],[25.09013,43.04111],[25.09079,43.04103],[25.09119,43.04019],[25.09318,43.03997],[25.09413,43.03923],[25.09893,43.03863],[25.09893,43.0401],[25.09747,43.04073],[25.09362,43.04077],[25.09371,43.04118],[25.09309,43.04156],[25.09335,43.04183],[25.09025,43.04315],[25.08866,43.04341],[25.08609,43.04274],[25.08347,43.04277],[25.08336,43.04395],[25.08162,43.04333],[25.081,43.04395],[25.08179,43.0449],[25.08036,43.04618],[25.07888,43.04678],[25.07801,43.04551],[25.07694,43.04645],[25.07671,43.04776],[25.07872,43.04717],[25.07945,43.04799],[25.07663,43.049],[25.07534,43.04855],[25.07511,43.04941],[25.07354,43.04948],[25.07383,43.05125],[25.07464,43.05141],[25.07374,43.05158],[25.07385,43.05197],[25.07779,43.05142],[25.07672,43.05215],[25.0797,43.05146],[25.07991,43.05194],[25.08153,43.05148],[25.08178,43.05197],[25.08271,43.05125],[25.08601,43.0516],[25.08702,43.05245],[25.08791,43.05174],[25.08895,43.05179],[25.08916,43.0522],[25.09039,43.05145],[25.09083,43.05204],[25.09021,43.05225],[25.09051,43.05318],[25.09358,43.05339],[25.09437,43.05319],[25.09419,43.05254],[25.09492,43.0519],[25.0945,43.05167],[25.09528,43.05133],[25.09338,43.05096],[25.09411,43.05136],[25.09226,43.05228],[25.09152,43.0509],[25.09265,43.05043],[25.09266,43.04992],[25.09328,43.05014],[25.09466,43.04945],[25.09672,43.05038],[25.09702,43.05172],[25.09922,43.0519],[25.09899,43.05229],[25.098,43.05218],[25.09798,43.05281],[25.10091,43.05184],[25.10157,43.05196],[25.10141,43.05256],[25.10276,43.05303],[25.10544,43.05275],[25.10567,43.05354],[25.10704,43.05395],[25.10696,43.05429],[25.10957,43.05335],[25.10963,43.05376],[25.1112,43.05396],[25.11103,43.05429],[25.11146,43.05393],[25.1128,43.0541],[25.11326,43.05374],[25.11301,43.05292],[25.11629,43.05158],[25.11707,43.05173],[25.11657,43.0518],[25.11715,43.05251],[25.11814,43.05177],[25.12111,43.05146],[25.12082,43.05211],[25.12261,43.05271],[25.12322,43.0517],[25.12416,43.05138],[25.12297,43.05077],[25.12292,43.05001],[25.12232,43.05007],[25.12213,43.04889],[25.12273,43.04875],[25.12269,43.04831],[25.12528,43.04806],[25.12605,43.04738],[25.1261,43.04847],[25.12666,43.04806],[25.12613,43.04755],[25.1276,43.04683],[25.12824,43.04699],[25.12832,43.04584],[25.13196,43.04587],[25.13304,43.04657],[25.133,43.04605],[25.13403,43.04602],[25.13415,43.04491],[25.13514,43.04463],[25.13615,43.04468],[25.13593,43.04646],[25.14226,43.04576],[25.14277,43.0469],[25.14318,43.04693],[25.14244,43.04549],[25.14519,43.04549],[25.14539,43.04592],[25.14653,43.04498],[25.14663,43.04544],[25.148,43.04551],[25.14797,43.04598],[25.1493,43.04607],[25.14879,43.04738],[25.14952,43.04911],[25.14918,43.05049],[25.14966,43.05076],[25.15278,43.04996],[25.15991,43.04932],[25.16151,43.04958],[25.15445,43.05205],[25.15092,43.05266],[25.1489,43.05283],[25.14677,43.05192],[25.14313,43.05136],[25.13575,43.05093],[25.13698,43.05146],[25.13245,43.05118],[25.12929,43.0522],[25.12734,43.05224],[25.12268,43.05452],[25.11806,43.05389],[25.11553,43.05411]]],[[[25.10114,43.13654],[25.09868,43.13717],[25.10081,43.13652],[25.0982,43.13617],[25.09825,43.13521],[25.1021,43.13439],[25.10163,43.13294],[25.09925,43.13319],[25.09564,43.13267],[25.09562,43.13194],[25.09473,43.13195],[25.09471,43.13098],[25.09358,43.13107],[25.09402,43.13062],[25.09378,43.13016],[25.0913,43.1308],[25.09157,43.13045],[25.09006,43.13065],[25.09031,43.13013],[25.08754,43.13091],[25.08693,43.1287],[25.08491,43.12874],[25.08578,43.12759],[25.08451,43.12732],[25.08436,43.12617],[25.08354,43.12613],[25.08366,43.12707],[25.08282,43.12629],[25.08291,43.12693],[25.07773,43.12727],[25.07439,43.128],[25.06965,43.12759],[25.07016,43.12656],[25.06624,43.12696],[25.06798,43.12524],[25.06577,43.12483],[25.06622,43.12339],[25.07013,43.12403],[25.07179,43.12253],[25.06979,43.12268],[25.07021,43.12134],[25.06991,43.12075],[25.07784,43.12026],[25.0778,43.11977],[25.07705,43.11995],[25.07851,43.11839],[25.07571,43.11812],[25.07502,43.11884],[25.06902,43.11792],[25.06988,43.11914],[25.0688,43.11926],[25.06812,43.12001],[25.06625,43.12006],[25.06307,43.12125],[25.06481,43.12153],[25.06698,43.12119],[25.06553,43.12179],[25.06306,43.12185],[25.06282,43.1226],[25.06188,43.12285],[25.06136,43.12434],[25.06146,43.12632],[25.06555,43.12729],[25.06535,43.12791],[25.06706,43.12852],[25.068,43.13006],[25.06219,43.13137],[25.05589,43.13082],[25.05507,43.1311],[25.05334,43.13065],[25.05335,43.13105],[25.05196,43.13124],[25.0522,43.13184],[25.05127,43.13111],[25.05114,43.13039],[25.05036,43.13022],[25.05039,43.12948],[25.04924,43.12913],[25.049,43.12949],[25.04733,43.12914],[25.04303,43.13042],[25.04423,43.12993],[25.04477,43.12848],[25.04281,43.12835],[25.04289,43.12742],[25.04169,43.12763],[25.04109,43.12563],[25.04044,43.12558],[25.04053,43.1246],[25.04103,43.12468],[25.0413,43.12374],[25.04261,43.12394],[25.04288,43.12299],[25.04505,43.12333],[25.04552,43.12168],[25.04679,43.12188],[25.04733,43.12128],[25.04662,43.12076],[25.04669,43.11864],[25.04608,43.11848],[25.04641,43.11731],[25.04687,43.11745],[25.04706,43.11671],[25.04655,43.11632],[25.04716,43.11554],[25.04986,43.11467],[25.05227,43.11238],[25.05774,43.1123],[25.05842,43.11187],[25.05049,43.11003],[25.04872,43.11012],[25.04932,43.11056],[25.0479,43.11005],[25.04619,43.11045],[25.04302,43.10995],[25.03946,43.11009],[25.03972,43.10881],[25.04463,43.10804],[25.04593,43.10807],[25.04595,43.10875],[25.04698,43.10885],[25.04893,43.1077],[25.05468,43.10749],[25.05466,43.10627],[25.05649,43.1066],[25.05569,43.10559],[25.05641,43.1055],[25.05632,43.10511],[25.05596,43.10422],[25.05449,43.10392],[25.05366,43.10278],[25.05908,43.10156],[25.05921,43.10257],[25.06188,43.10185],[25.06168,43.10113],[25.06126,43.1011],[25.06129,43.10005],[25.06266,43.10031],[25.06228,43.09842],[25.06062,43.09787],[25.06136,43.09941],[25.06092,43.09868],[25.06078,43.09909],[25.05983,43.0986],[25.0598,43.09951],[25.05903,43.0995],[25.0584,43.1012],[25.05535,43.10178],[25.05441,43.09842],[25.05536,43.09813],[25.05525,43.09675],[25.05465,43.09669],[25.05493,43.09619],[25.05375,43.09664],[25.05318,43.09472],[25.04976,43.09461],[25.04884,43.09582],[25.04795,43.09554],[25.04812,43.09667],[25.04769,43.09675],[25.04763,43.0959],[25.04638,43.09719],[25.04761,43.09574],[25.04736,43.09483],[25.04814,43.0936],[25.04801,43.09235],[25.04644,43.09229],[25.04541,43.09239],[25.04412,43.09521],[25.0431,43.09614],[25.04178,43.09634],[25.04163,43.0968],[25.03925,43.09684],[25.03866,43.09726],[25.03867,43.09809],[25.03867,43.09705],[25.03797,43.0968],[25.03444,43.09833],[25.03403,43.09763],[25.03341,43.09845],[25.03354,43.09773],[25.0311,43.09732],[25.03111,43.09785],[25.02864,43.09785],[25.02701,43.09856],[25.02708,43.09808],[25.03002,43.09634],[25.02931,43.09566],[25.02853,43.09564],[25.02853,43.09489],[25.03054,43.09394],[25.0302,43.09356],[25.03399,43.09193],[25.03549,43.09308],[25.03733,43.09238],[25.03727,43.09186],[25.03858,43.09202],[25.04308,43.08958],[25.04483,43.08805],[25.04491,43.08766],[25.04154,43.08784],[25.0323,43.08657],[25.03326,43.08628],[25.03335,43.0859],[25.03272,43.08571],[25.03307,43.08518],[25.03761,43.08514],[25.03792,43.0838],[25.03614,43.08326],[25.03504,43.08371],[25.03464,43.08301],[25.03336,43.08342],[25.03298,43.08279],[25.02657,43.08389],[25.02657,43.08455],[25.02527,43.08461],[25.02648,43.08589],[25.02729,43.0855],[25.02806,43.08638],[25.02657,43.08708],[25.02557,43.08716],[25.02446,43.08649],[25.02389,43.0869],[25.02415,43.08725],[25.02332,43.08708],[25.02372,43.08763],[25.02546,43.08772],[25.02339,43.08761],[25.02303,43.08945],[25.02236,43.08824],[25.0226,43.08736],[25.01933,43.08721],[25.01776,43.08826],[25.01702,43.09077],[25.01466,43.09025],[25.01243,43.09127],[25.01417,43.09337],[25.01172,43.09132],[25.01217,43.09017],[25.01135,43.08961],[25.0118,43.08847],[25.01153,43.08795],[25.01081,43.08795],[25.0113,43.08618],[25.01005,43.08525],[25.00758,43.08711],[25.00877,43.08531],[25.00899,43.08435],[25.00859,43.08328],[25.00512,43.08291],[25.00503,43.08363],[25.00561,43.08416],[25.00249,43.08522],[24.99874,43.08508],[24.99832,43.08481],[25.00039,43.08379],[25.00155,43.08441],[25.00336,43.08393],[25.00434,43.08327],[25.00483,43.08219],[25.01123,43.08261],[25.01006,43.08198],[25.008,43.08184],[25.00732,43.08],[25.00792,43.07939],[25.01227,43.08146],[25.01301,43.08027],[25.01588,43.07932],[25.0158,43.07659],[25.0145,43.0759],[25.01241,43.07561],[25.00876,43.07354],[25.01157,43.07424],[25.0119,43.07369],[25.00765,43.07267],[25.00845,43.07289],[25.00874,43.07264],[25.00815,43.07245],[25.00878,43.07239],[25.00875,43.07196],[25.01148,43.072],[25.01172,43.07055],[25.01236,43.07063],[25.01261,43.06982],[25.01331,43.07002],[25.01393,43.06916],[25.01446,43.06945],[25.01712,43.06888],[25.01691,43.06744],[25.01294,43.06798],[25.01176,43.06881],[25.01112,43.06859],[25.01048,43.06808],[25.01297,43.06651],[25.01252,43.06584],[25.01316,43.06547],[25.00944,43.06436],[25.01249,43.0646],[25.01532,43.06401],[25.01576,43.06384],[25.01567,43.06326],[25.01508,43.06295],[25.02028,43.06214],[25.02022,43.06129],[25.02382,43.06079],[25.02904,43.06148],[25.02932,43.06096],[25.03019,43.06093],[25.03197,43.06128],[25.03286,43.06218],[25.03429,43.06184],[25.04005,43.06284],[25.0402,43.06069],[25.03898,43.06062],[25.03912,43.05942],[25.04579,43.0608],[25.04903,43.06331],[25.0487,43.0623],[25.04888,43.05609],[25.05617,43.04428],[25.05563,43.04303],[25.05599,43.04255],[25.05484,43.0418],[25.05599,43.0412],[25.05651,43.04177],[25.05661,43.04126],[25.05823,43.0412],[25.05912,43.04218],[25.05839,43.0449],[25.0567,43.04705],[25.0546,43.05105],[25.05324,43.05233],[25.05121,43.05288],[25.04913,43.05861],[25.04992,43.06159],[25.04974,43.06354],[25.05102,43.06511],[25.05568,43.06836],[25.05564,43.06926],[25.05428,43.07144],[25.05434,43.07325],[25.0576,43.0764],[25.05924,43.07972],[25.06169,43.08215],[25.06138,43.08324],[25.05949,43.08408],[25.05862,43.08766],[25.06028,43.08939],[25.06362,43.08993],[25.06503,43.08931],[25.07236,43.0891],[25.07578,43.08751],[25.07704,43.0884],[25.07656,43.08718],[25.07749,43.08689],[25.08417,43.08732],[25.08671,43.08667],[25.09355,43.08634],[25.09596,43.0871],[25.09641,43.08772],[25.09654,43.08706],[25.09839,43.0874],[25.10034,43.08663],[25.1009,43.08684],[25.10424,43.08491],[25.1141,43.08525],[25.11654,43.08482],[25.11972,43.08349],[25.1216,43.08366],[25.12231,43.08508],[25.12216,43.08619],[25.12262,43.0873],[25.12444,43.08811],[25.11962,43.09021],[25.1154,43.09375],[25.1149,43.09454],[25.11553,43.09531],[25.11495,43.09605],[25.11503,43.09753],[25.11358,43.10022],[25.11465,43.10274],[25.11448,43.10433],[25.11564,43.10592],[25.1162,43.10895],[25.11704,43.10982],[25.11737,43.11231],[25.1185,43.11409],[25.11661,43.11493],[25.11484,43.11676],[25.11339,43.11643],[25.11167,43.1168],[25.10993,43.11895],[25.1125,43.11773],[25.115,43.11795],[25.11704,43.11727],[25.12026,43.11698],[25.12285,43.11734],[25.12442,43.11859],[25.13009,43.1192],[25.13255,43.11859],[25.13576,43.11657],[25.14155,43.11486],[25.14544,43.11465],[25.15102,43.1124],[25.15883,43.11308],[25.16188,43.11214],[25.16582,43.11337],[25.16743,43.11196],[25.17174,43.11106],[25.17333,43.11155],[25.17443,43.11304],[25.17471,43.11455],[25.17415,43.11556],[25.1677,43.11575],[25.1662,43.11694],[25.16615,43.11835],[25.16557,43.11914],[25.1658,43.12001],[25.16485,43.12123],[25.16655,43.12197],[25.17239,43.12685],[25.17205,43.12725],[25.17091,43.12609],[25.17,43.12582],[25.16679,43.1279],[25.16651,43.12742],[25.16594,43.12753],[25.16613,43.12814],[25.16554,43.12826],[25.1654,43.12885],[25.163,43.12906],[25.16305,43.12976],[25.16425,43.12976],[25.16355,43.13035],[25.1674,43.13155],[25.16642,43.13169],[25.16647,43.13423],[25.1653,43.13422],[25.16578,43.13361],[25.16379,43.13314],[25.16403,43.13281],[25.16276,43.13359],[25.16284,43.13283],[25.16168,43.1327],[25.1628,43.13227],[25.16001,43.13253],[25.16038,43.13238],[25.15926,43.13135],[25.15879,43.13169],[25.15761,43.13146],[25.15565,43.13253],[25.15224,43.13323],[25.15049,43.13456],[25.1493,43.13484],[25.14911,43.1356],[25.14831,43.13376],[25.14992,43.13361],[25.14992,43.13318],[25.14794,43.13339],[25.14773,43.13216],[25.14635,43.13274],[25.14307,43.13256],[25.13981,43.1337],[25.1395,43.13319],[25.13824,43.13285],[25.13469,43.13316],[25.13486,43.13389],[25.1323,43.13535],[25.13351,43.13568],[25.13337,43.13625],[25.13153,43.13589],[25.13231,43.13478],[25.13416,43.13405],[25.1342,43.1336],[25.13139,43.133],[25.13025,43.13337],[25.12969,43.13298],[25.12665,43.13316],[25.12682,43.13373],[25.12588,43.13434],[25.12424,43.1343],[25.11872,43.13549],[25.10893,43.13632],[25.10886,43.13597],[25.1075,43.13612],[25.10763,43.13646],[25.10554,43.13655],[25.10548,43.13613],[25.1041,43.13658],[25.10114,43.13654]]]]},"properties":{"SiteCode":"BG0000275","SiteNameBG":"Язовир Стамболийски","SiteType":"SCI","SiteArea":9355.5479144199999,"naturaClass":"habitats"}},{"type":"Feature","geometry":{"type":"Polygon","coordinates":[[[26.63611,42.80681],[26.63532,42.8071],[26.63482,42.80845],[26.63399,42.80834],[26.63752,42.80302],[26.63778,42.79626],[26.63835,42.79506],[26.63805,42.79355],[26.63359,42.78975],[26.63155,42.78948],[26.62702,42.79016],[26.62675,42.78944],[26.62442,42.78831],[26.62425,42.78778],[26.62336,42.78788],[26.62227,42.78702],[26.62105,42.78718],[26.62005,42.7864],[26.61895,42.78659],[26.61857,42.78586],[26.61762,42.78595],[26.6168,42.78518],[26.61635,42.78232],[26.61511,42.7804],[26.61359,42.77914],[26.61025,42.77824],[26.60913,42.77834],[26.6077,42.7792],[26.60765,42.78124],[26.60831,42.78254],[26.60803,42.78417],[26.60749,42.7844],[26.60795,42.78446],[26.60767,42.78542],[26.60599,42.78746],[26.60546,42.78911],[26.60359,42.79032],[26.60372,42.79085],[26.60499,42.79021],[26.60613,42.78881],[26.60584,42.79023],[26.60458,42.79179],[26.60338,42.7923],[26.60243,42.79252],[26.60128,42.79196],[26.59858,42.78928],[26.59629,42.78775],[26.59005,42.78693],[26.58634,42.78441],[26.58471,42.78447],[26.58324,42.78665],[26.58185,42.786],[26.57857,42.78591],[26.57635,42.78706],[26.57618,42.78778],[26.57717,42.78849],[26.57734,42.79012],[26.57885,42.79012],[26.57886,42.79068],[26.57787,42.79262],[26.57526,42.79384],[26.57128,42.79351],[26.56921,42.79236],[26.57046,42.79172],[26.56948,42.79152],[26.56671,42.78858],[26.56182,42.78734],[26.56148,42.78763],[26.56156,42.78725],[26.56053,42.78703],[26.55726,42.78762],[26.55654,42.78724],[26.55548,42.78835],[26.55538,42.79066],[26.55619,42.792],[26.55986,42.79392],[26.56025,42.79486],[26.55995,42.79593],[26.55903,42.79669],[26.55271,42.79923],[26.54904,42.79986],[26.54868,42.79845],[26.5491,42.79855],[26.54904,42.79765],[26.54781,42.79516],[26.54913,42.79495],[26.55109,42.79388],[26.55101,42.79314],[26.55306,42.79255],[26.55262,42.79242],[26.55202,42.79068],[26.55242,42.79019],[26.55154,42.79025],[26.55254,42.78986],[26.55035,42.79005],[26.54987,42.78962],[26.55076,42.78896],[26.55053,42.78763],[26.54837,42.78683],[26.54586,42.78719],[26.54527,42.78777],[26.54582,42.78827],[26.54454,42.78851],[26.54508,42.78868],[26.54489,42.7896],[26.54614,42.78963],[26.54379,42.79113],[26.54452,42.7902],[26.54409,42.79014],[26.54445,42.7889],[26.54258,42.78909],[26.54235,42.78961],[26.54111,42.78976],[26.53985,42.79096],[26.53989,42.79041],[26.53901,42.78968],[26.53614,42.78856],[26.53646,42.78791],[26.53848,42.78827],[26.53987,42.7861],[26.54002,42.78327],[26.53892,42.78377],[26.53951,42.78253],[26.5382,42.78265],[26.53797,42.782],[26.54027,42.78093],[26.54085,42.78111],[26.54159,42.78027],[26.53467,42.78208],[26.53353,42.78317],[26.53238,42.78353],[26.53233,42.78422],[26.52932,42.7852],[26.52916,42.78548],[26.52989,42.78552],[26.52941,42.78573],[26.52792,42.78469],[26.52852,42.78447],[26.5284,42.78404],[26.52468,42.785],[26.52368,42.78356],[26.5211,42.78311],[26.52047,42.78145],[26.51934,42.78063],[26.51694,42.78098],[26.51814,42.78312],[26.51712,42.78381],[26.51607,42.78354],[26.51402,42.78158],[26.51296,42.77662],[26.51174,42.77798],[26.50832,42.77829],[26.5106,42.77462],[26.51434,42.76682],[26.51511,42.76362],[26.51458,42.76081],[26.51477,42.75863],[26.51582,42.75695],[26.51676,42.75654],[26.51675,42.75005],[26.52418,42.75344],[26.52591,42.75357],[26.53013,42.75245],[26.5301,42.75335],[26.5338,42.75503],[26.5375,42.75489],[26.54244,42.7524],[26.54977,42.75013],[26.55304,42.7479],[26.55668,42.74704],[26.55696,42.74688],[26.55542,42.74548],[26.55623,42.74502],[26.55625,42.74449],[26.55505,42.74382],[26.55739,42.73127],[26.55845,42.73143],[26.56031,42.73002],[26.55904,42.73205],[26.56026,42.7323],[26.56269,42.73386],[26.56929,42.7344],[26.5711,42.73552],[26.57835,42.73686],[26.57698,42.73748],[26.57733,42.73812],[26.57686,42.73814],[26.5766,42.73884],[26.57796,42.73939],[26.57797,42.73883],[26.57853,42.73883],[26.57878,42.73975],[26.5809,42.73993],[26.58271,42.73937],[26.58327,42.73819],[26.58266,42.73753],[26.57906,42.73713],[26.58095,42.73658],[26.58303,42.73679],[26.58388,42.73629],[26.58464,42.73672],[26.58366,42.7367],[26.58467,42.73727],[26.57906,42.74784],[26.58766,42.74917],[26.58695,42.7495],[26.58602,42.75166],[26.58867,42.75228],[26.58969,42.75171],[26.58821,42.75107],[26.59201,42.75106],[26.59296,42.75026],[26.59527,42.75011],[26.59722,42.75008],[26.59906,42.75081],[26.59375,42.75313],[26.59194,42.75242],[26.57869,42.75231],[26.57644,42.75193],[26.57881,42.75253],[26.57918,42.75375],[26.58244,42.75411],[26.58286,42.7546],[26.58303,42.75536],[26.58048,42.75678],[26.5831,42.75883],[26.58114,42.75889],[26.58193,42.75962],[26.58389,42.76003],[26.58384,42.75956],[26.58739,42.76055],[26.5872,42.76013],[26.58766,42.76005],[26.58798,42.76053],[26.5891,42.75995],[26.58843,42.7596],[26.58819,42.75997],[26.58674,42.75857],[26.5878,42.75811],[26.58906,42.75948],[26.59058,42.75935],[26.59152,42.75982],[26.58547,42.76198],[26.58645,42.76287],[26.58685,42.76228],[26.58923,42.76189],[26.59032,42.76052],[26.59325,42.76013],[26.59614,42.76053],[26.59562,42.76121],[26.59594,42.76147],[26.59527,42.76187],[26.59702,42.76195],[26.59706,42.76375],[26.59796,42.76386],[26.59756,42.76411],[26.59785,42.76442],[26.59885,42.7637],[26.59981,42.76367],[26.60091,42.76464],[26.60195,42.76399],[26.60129,42.76339],[26.6021,42.76295],[26.60587,42.76292],[26.60497,42.76344],[26.60527,42.76349],[26.60712,42.76281],[26.61104,42.76244],[26.61771,42.76484],[26.61961,42.76082],[26.62062,42.7609],[26.62173,42.75858],[26.62377,42.75803],[26.62695,42.75843],[26.62773,42.75759],[26.62911,42.75712],[26.6302,42.75501],[26.62858,42.75166],[26.6316,42.75245],[26.6299,42.7502],[26.63514,42.75107],[26.63518,42.74992],[26.63428,42.74904],[26.63438,42.74827],[26.63294,42.74717],[26.63457,42.74723],[26.63318,42.74647],[26.6355,42.74629],[26.63549,42.74567],[26.63318,42.74425],[26.63751,42.74471],[26.63685,42.74386],[26.63478,42.74298],[26.63493,42.74267],[26.63537,42.74308],[26.63961,42.74352],[26.64004,42.74417],[26.64016,42.74356],[26.64241,42.74393],[26.64181,42.74484],[26.64214,42.74443],[26.64331,42.74505],[26.64401,42.74488],[26.64352,42.74555],[26.64523,42.74642],[26.64511,42.74674],[26.64561,42.7468],[26.64586,42.74578],[26.65131,42.74611],[26.65033,42.74722],[26.65033,42.74792],[26.65251,42.74689],[26.65417,42.74734],[26.65466,42.74677],[26.65488,42.74751],[26.65642,42.74764],[26.65648,42.74727],[26.65539,42.74699],[26.65578,42.74642],[26.66091,42.74774],[26.66202,42.74889],[26.66416,42.74953],[26.66822,42.74981],[26.67204,42.75082],[26.67246,42.7497],[26.67265,42.75069],[26.67549,42.75141],[26.67623,42.75058],[26.67594,42.75195],[26.67911,42.753],[26.67841,42.75443],[26.67917,42.75488],[26.67795,42.75578],[26.67971,42.75649],[26.68037,42.75561],[26.68312,42.75648],[26.68452,42.7581],[26.68371,42.75805],[26.68425,42.75836],[26.68381,42.75889],[26.68828,42.76178],[26.68927,42.76181],[26.68855,42.76335],[26.69211,42.76261],[26.69362,42.76164],[26.69658,42.76128],[26.69771,42.76136],[26.69771,42.7617],[26.69833,42.76124],[26.70561,42.76206],[26.70608,42.76247],[26.70673,42.76183],[26.70653,42.76235],[26.71075,42.76336],[26.71045,42.76412],[26.70677,42.76668],[26.70531,42.76901],[26.70306,42.76916],[26.70256,42.76881],[26.70288,42.76759],[26.70212,42.76725],[26.70076,42.76781],[26.70025,42.76649],[26.69867,42.76684],[26.7002,42.76857],[26.69822,42.76743],[26.69722,42.76754],[26.69425,42.76555],[26.69243,42.76544],[26.69253,42.76361],[26.69145,42.76534],[26.68656,42.76464],[26.68555,42.76617],[26.68398,42.7652],[26.68302,42.76698],[26.68179,42.76706],[26.68311,42.76741],[26.68283,42.76798],[26.68173,42.76788],[26.68122,42.76961],[26.67909,42.7689],[26.67855,42.76927],[26.67822,42.76902],[26.67851,42.76841],[26.67755,42.76807],[26.67753,42.76766],[26.67658,42.76777],[26.67615,42.76841],[26.67688,42.76895],[26.67554,42.7691],[26.67486,42.76839],[26.67415,42.76838],[26.67507,42.76924],[26.67367,42.76896],[26.67262,42.76929],[26.67335,42.76993],[26.67096,42.76894],[26.67063,42.76921],[26.67633,42.7727],[26.67669,42.77215],[26.67779,42.77214],[26.67779,42.77281],[26.68087,42.7726],[26.67937,42.77284],[26.68318,42.77381],[26.68235,42.77414],[26.67986,42.77319],[26.67974,42.77358],[26.67891,42.77334],[26.67834,42.77405],[26.67878,42.77487],[26.68066,42.77586],[26.67904,42.77895],[26.67792,42.77997],[26.67613,42.77949],[26.67631,42.78045],[26.67725,42.7814],[26.67797,42.78116],[26.67735,42.78063],[26.67871,42.78101],[26.6794,42.77924],[26.6795,42.78058],[26.67875,42.78166],[26.67923,42.78203],[26.67897,42.78244],[26.67995,42.78285],[26.6784,42.78222],[26.67729,42.78696],[26.6721,42.79117],[26.67287,42.79204],[26.67263,42.79328],[26.67071,42.79365],[26.67165,42.79421],[26.67341,42.79399],[26.67444,42.79544],[26.67156,42.79631],[26.66963,42.79747],[26.67075,42.79955],[26.66909,42.79856],[26.66916,42.79755],[26.66811,42.79649],[26.66563,42.79761],[26.66123,42.79821],[26.66175,42.80305],[26.65912,42.8032],[26.65872,42.80153],[26.65724,42.80019],[26.65659,42.80062],[26.65676,42.80137],[26.65203,42.80277],[26.65042,42.80091],[26.64972,42.80094],[26.64628,42.80162],[26.6442,42.80273],[26.64325,42.80382],[26.64394,42.80418],[26.64116,42.80633],[26.64025,42.80593],[26.63611,42.80681]]]},"properties":{"SiteCode":"BG0000139","SiteNameBG":"Луда Камчия","SiteType":"SCI","SiteArea":6111.0550630500002,"naturaClass":"habitats"}},{"type":"Feature","geometry":{"type":"Polygon","coordinates":[[[23.724,43.01124],[23.72548,43.00853],[23.72628,43.00897],[23.72664,43.00706],[23.72726,43.00678],[23.72788,43.00705],[23.72913,43.00951],[23.73298,43.00932],[23.73421,43.00859],[23.7337,43.00567],[23.73407,43.00431],[23.73579,43.00212],[23.74,43.00001],[23.74198,42.99964],[23.7442,42.99818],[23.74582,42.99836],[23.74941,42.99983],[23.75193,42.99899],[23.75221,42.99845],[23.74937,42.99582],[23.74798,42.99169],[23.74784,42.98968],[23.74814,42.9886],[23.75058,42.98712],[23.75268,42.98321],[23.75457,42.98209],[23.75482,42.97956],[23.75592,42.97844],[23.75876,42.97799],[23.75983,42.97849],[23.76045,42.97941],[23.76105,42.97833],[23.76316,42.97827],[23.76752,42.97594],[23.76784,42.97724],[23.77042,42.97892],[23.77247,42.98129],[23.77773,42.98268],[23.78302,42.98336],[23.78509,42.98095],[23.79781,42.97482],[23.80487,42.97247],[23.80733,42.96681],[23.81004,42.96465],[23.81715,42.96135],[23.83412,42.95991],[23.83932,42.96005],[23.84491,42.96085],[23.84635,42.96662],[23.84835,42.96985],[23.85172,42.97186],[23.8565,42.97995],[23.85663,42.986],[23.85595,42.98708],[23.85868,42.98828],[23.86819,42.98886],[23.88024,42.99202],[23.88272,42.98958],[23.8854,42.98852],[23.88827,42.98849],[23.88998,42.98917],[23.89317,42.98795],[23.89787,42.98803],[23.90365,42.98737],[23.90662,42.98802],[23.90809,42.98894],[23.90887,42.99022],[23.90897,42.99259],[23.91278,42.99285],[23.91444,42.99365],[23.91691,42.99582],[23.92032,42.99507],[23.92296,42.99515],[23.92521,42.99578],[23.928,42.9973],[23.93049,42.99594],[23.93359,42.99593],[23.93639,42.99706],[23.93882,42.9993],[23.94851,42.99849],[23.95005,42.99906],[23.95068,43.0],[23.95042,43.00114],[23.94881,43.00204],[23.93964,43.00296],[23.93606,43.00231],[23.93297,42.99967],[23.93209,42.99941],[23.93144,43.00076],[23.93034,43.00163],[23.92788,43.002],[23.92201,42.9987],[23.91738,42.99949],[23.91497,42.99925],[23.91069,42.99613],[23.908,42.99778],[23.90542,42.99755],[23.90456,42.99687],[23.90418,42.99573],[23.90402,42.99113],[23.89404,42.99154],[23.89083,42.99282],[23.88678,42.99201],[23.8845,42.99382],[23.88375,42.99622],[23.8805,43.00184],[23.87957,43.00697],[23.8764,43.01042],[23.87634,43.01076],[23.87946,43.01037],[23.88151,43.01085],[23.88287,43.01223],[23.88256,43.0143],[23.88078,43.01563],[23.87606,43.01633],[23.87418,43.0171],[23.87268,43.02017],[23.86908,43.02319],[23.8725,43.02473],[23.87628,43.02347],[23.87834,43.02333],[23.88037,43.02412],[23.88141,43.02525],[23.88209,43.02761],[23.87923,43.03378],[23.8797,43.03549],[23.88417,43.04216],[23.88957,43.04564],[23.89075,43.04704],[23.89134,43.0486],[23.89151,43.05438],[23.89575,43.05617],[23.8975,43.05762],[23.89918,43.06269],[23.90118,43.06549],[23.90186,43.07039],[23.90504,43.07437],[23.90507,43.07989],[23.90633,43.08169],[23.90641,43.08273],[23.90486,43.08467],[23.90175,43.08598],[23.90416,43.08765],[23.90457,43.08876],[23.9044,43.09009],[23.90276,43.09289],[23.89591,43.09978],[23.89569,43.10092],[23.89731,43.10133],[23.89878,43.10111],[23.90126,43.10016],[23.90508,43.09754],[23.9081,43.09724],[23.91956,43.10377],[23.91947,43.10557],[23.91746,43.10641],[23.9128,43.10468],[23.90718,43.10098],[23.90381,43.10326],[23.90052,43.10451],[23.89764,43.10496],[23.8938,43.10431],[23.89115,43.10245],[23.89077,43.10003],[23.89144,43.09824],[23.89857,43.091],[23.89958,43.0893],[23.89661,43.08884],[23.89357,43.0876],[23.89204,43.08592],[23.89205,43.08422],[23.89435,43.08241],[23.90111,43.08228],[23.90017,43.08018],[23.90021,43.07533],[23.89709,43.07131],[23.89642,43.06645],[23.89457,43.06396],[23.89314,43.05937],[23.88865,43.05731],[23.88693,43.05584],[23.88624,43.04849],[23.88028,43.04439],[23.87507,43.03671],[23.87433,43.03331],[23.87718,43.02723],[23.87264,43.02834],[23.86906,43.02759],[23.86609,43.03019],[23.86386,43.0314],[23.8572,43.0344],[23.8538,43.03447],[23.85356,43.03332],[23.8524,43.03269],[23.85157,43.02904],[23.85041,43.02883],[23.85008,43.02789],[23.85372,43.02712],[23.85421,43.02655],[23.85404,43.02592],[23.85194,43.02611],[23.85023,43.02518],[23.85027,43.02647],[23.84879,43.02651],[23.84814,43.02545],[23.84735,43.02568],[23.84709,43.02674],[23.84558,43.02639],[23.84511,43.02594],[23.84537,43.02351],[23.84322,43.02414],[23.84219,43.02316],[23.84101,43.02142],[23.84249,43.01976],[23.83887,43.01701],[23.83539,43.0155],[23.83438,43.01671],[23.82875,43.01497],[23.81707,43.01386],[23.81399,43.01469],[23.8144,43.0137],[23.81538,43.01369],[23.81616,43.01182],[23.81941,43.01275],[23.82065,43.01125],[23.81693,43.01197],[23.81401,43.01063],[23.81179,43.01059],[23.8083,43.01138],[23.80649,43.01116],[23.80684,43.01206],[23.80993,43.01328],[23.81044,43.01257],[23.81119,43.01242],[23.81198,43.01372],[23.81012,43.01973],[23.80365,43.02],[23.79885,43.01879],[23.79696,43.01988],[23.79746,43.02108],[23.79883,43.02155],[23.8037,43.02113],[23.80451,43.02152],[23.80486,43.02269],[23.80452,43.02305],[23.8057,43.0239],[23.80459,43.02478],[23.80402,43.02779],[23.80295,43.02844],[23.80046,43.02875],[23.80068,43.02766],[23.79968,43.02746],[23.7978,43.02781],[23.79748,43.02863],[23.79575,43.02884],[23.79546,43.02926],[23.78626,43.02873],[23.78639,43.02911],[23.78007,43.02901],[23.77515,43.02786],[23.7738,43.02838],[23.76825,43.02652],[23.76636,43.0254],[23.7664,43.02482],[23.76581,43.0244],[23.76621,43.02201],[23.76575,43.02159],[23.76692,43.02014],[23.7663,43.02056],[23.76345,43.01978],[23.76204,43.02058],[23.75917,43.02087],[23.75815,43.01855],[23.75602,43.01909],[23.75323,43.01851],[23.75226,43.01925],[23.75243,43.02063],[23.74569,43.01791],[23.74487,43.01894],[23.74359,43.01872],[23.73902,43.01556],[23.73853,43.01548],[23.73802,43.01644],[23.734,43.01596],[23.73003,43.01515],[23.7268,43.01361],[23.72503,43.01367],[23.724,43.01124]]]},"properties":{"SiteCode":"BG0000374","SiteNameBG":"Бебреш","SiteType":"SCI","SiteArea":6817.0643270099999,"naturaClass":"habitats"}}]}
